순위,등록번호,상호,시공능력평가액(천원),
"1","110116","에스케이티엔에스(주)"," 289,006,000"
"2","110311","지에스네오텍(주)"," 219,332,600"
"3","110234","한전케이디엔(주)"," 135,626,700"
"4","111557","명신정보통신(주)"," 126,389,100"
"5","110983","엘케이테크넷(주)"," 123,757,700"
"6","201348","삼성물산 주식회사"," 111,367,000"
"7","310610","한국정보기술(주)"," 110,725,300"
"8","200162","(주)글로벌텔레콤"," 106,965,100"
"9","110570","진우에이티에스 주식회사"," 102,475,700"
"10","203178","주식회사 유플러스홈서비스(Uplus Home Service Corp.)"," 100,487,900"
"11","170023","부민통신(주)","  92,313,300"
"12","110019","대보정보통신(주)","  88,873,700"
"13","110325","(주)엘지씨엔에스","  88,516,700"
"14","110506","주식회사 와이어블 (Wiable Corp.)","  82,017,700"
"15","110418","오티씨 주식회사","  81,703,300"
"16","160210","렉스젠(주)","  79,807,400"
"17","110105","(주)나우스넷","  75,985,200"
"18","110510","(주)에스원","  74,473,400"
"19","111027","에프투텔레콤(주)","  74,252,700"
"20","120287","대아티아이(주)","  73,855,200"
"21","610332","제일건설 주식회사","  70,998,400"
"22","140002","(주)전통","  69,608,100"
"23","110107","현대건설(주)","  69,413,000"
"24","112856","(주)싸인텔레콤","  68,667,100"
"25","110459","아이파크현대산업개발 주식회사","  67,266,600"
"26","200058","(주)뉴젠스","  66,748,100"
"27","112042","(주)윈미디텍","  66,437,600"
"28","110078","신흥정보통신(주)","  64,034,500"
"29","110553","삼성에스디에스(주)","  63,856,700"
"30","140370","(주)세오","  63,390,500"
"31","110085","우일정보기술(주)","  62,832,500"
"32","110481","지에스건설(주)","  62,268,900"
"33","140007","주식회사 남양에스티엔","  62,000,600"
"34","200760","에스케이텔레콤(주)","  61,334,500"
"35","111933","현대엔지니어링(주)","  61,160,400"
"36","110278","주식회사 덕산","  58,209,100"
"37","113292","(주)지엔텔","  57,133,200"
"38","113134","에스피케이인크 주식회사 (SPK Inc.)","  56,576,600"
"39","110458","주식회사 케이티엔지니어링(kt engineering Co.,Ltd.)","  56,494,600"
"40","110885","오리엔트 주식회사","  54,582,000"
"41","110079","(주)지앤에스기술","  54,434,500"
"42","200350","(주)벨에어테크","  51,622,900"
"43","111115","중앙하이텔(주)","  51,476,000"
"44","110001","(주)우주텔레콤","  51,330,800"
"45","120234","반도산전(주)","  50,953,100"
"46","111433","(주)하나비젼씨스템즈","  50,520,300"
"47","310849","(주)인텔리안테크놀로지스","  49,875,300"
"48","110238","송암시스콤(주)","  49,615,400"
"49","202919","주식회사 한화","  48,671,500"
"50","200854","(주)한은씨앤씨","  48,220,200"
"51","113009","(주)스마트비전","  48,129,700"
"52","310387","에스케이네트웍스서비스(주)","  47,360,800"
"53","111341","주식회사 트루본","  47,356,700"
"54","200214","쿠도커뮤니케이션(주)","  47,211,900"
"55","110249","(주)토페스","  47,058,100"
"56","110338","(주)대우건설","  45,369,700"
"57","110065","영남스퀘어 주식회사(YOUNGNAM SQUARE Co., Ltd) ","  44,681,600"
"58","310220","(주)디라직","  43,638,000"
"59","110830","에스넷시스템(주)","  42,739,300"
"60","120044","성일통신(주)","  42,639,000"
"61","110263","(주)투윈스컴","  41,850,000"
"62","203320","아이클라우드 주식회사","  41,720,200"
"63","200564","유지텔레컴(주)","  41,461,800"
"64","111592","현대에이치디에스(주)","  40,960,600"
"65","111353","(주)두원전자통신","  40,816,500"
"66","110268","(주)신광티앤이","  40,671,700"
"67","311054","(주)에스카","  40,382,600"
"68","113305","현대오토에버(주)","  40,366,200"
"69","110828","에이치디씨랩스 주식회사(HDC LABS Co., Ltd.)","  39,992,000"
"70","110060","(주)태영건설","  39,917,500"
"71","202530","(주)티원엘에스","  39,899,200"
"72","111979","유니넷텍(주)","  39,840,000"
"73","201896","요다정보기술(주)","  39,382,400"
"74","202640","(주)포딕스시스템","  39,238,200"
"75","150653","한화시스템(주)","  38,978,400"
"76","112006","자이에스앤디 주식회사(Xi S&D, Inc.)","  38,244,100"
"77","320242","(주)비알인포텍","  38,122,400"
"78","110622","주식회사 캐스트윈(CASTWIN CO.,Ltd)","  38,085,300"
"79","110898","(주)유앤테크","  37,874,800"
"80","310014","(주)파워텔레콤","  37,626,200"
"81","200090","에스엠티정보기술(주)","  37,487,800"
"82","110477","한진정보통신(주)","  37,008,600"
"83","112985","주식회사 케이티엠오에스북부","  36,911,100"
"84","110526","주식회사 대림 (DAELIM CO., LTD.)","  36,855,500"
"85","311765","주식회사 웨이브엔텍","  36,252,200"
"86","110511","(주)엘지유플러스","  36,061,600"
"87","110443","코오롱글로벌(주)","  35,274,500"
"88","310085","(주)서희건설","  35,245,400"
"89","120248","고려정보통신(주)","  35,229,200"
"90","311143","주식회사 트리즈엔 (TrizN Inc.)","  34,920,300"
"91","630034","주식회사 홍석","  34,695,400"
"92","310401","(주)우리넷","  34,685,800"
"93","110173","디엘이앤씨 주식회사(DL E&C CO., LTD.)","  34,388,700"
"94","200583","(주)화진티엔아이","  34,102,200"
"95","420098","주식회사 케이티서비스남부","  34,079,700"
"96","120020","(주)우성통신","  34,058,200"
"97","310140","주식회사 유엔에이엔지니어링","  33,986,000"
"98","200399","(주)태광네트웍정보","  33,929,100"
"99","170038","(주)화성","  33,426,200"
"100","110357","(주)영전","  33,339,200"
"101","130033","(주)국제광엔지니어링","  33,182,800"
"102","130473","(주)아이디스","  32,970,700"
"103","550021","(주)굿링크","  32,934,100"
"104","201114","(주)사이버텔브릿지","  32,847,900"
"105","310632","디알씨티에스(주)","  32,762,600"
"106","201177","유피이엔씨(주)","  32,331,000"
"107","110056","(주)이화텔레콤","  32,261,900"
"108","200778","디에스지엔(주)","  32,230,500"
"109","201504","주식회사 벡트(VECT)","  31,686,400"
"110","130183","대신네트웍스(주)","  31,208,500"
"111","112106","건아정보기술(주)","  31,150,700"
"112","110929","현대에이치티 주식회사 (HYUNDAI HT CO,LTD.)","  31,083,300"
"113","120086","엘에스마린솔루션 주식회사 (LS Marine Solution Co., Ltd.)","  30,996,000"
"114","350120","(주)아이엠피","  30,906,500"
"115","110213","(주)데스코(DESCO Co,.Ltd.)","  30,886,300"
"116","111212","이앤비정보통신(주)","  30,672,900"
"117","111753","(주)우호텔레콤","  30,575,100"
"118","410108","주식회사 넷워크인","  30,562,500"
"119","120497","주식회사 지씨(GC Co., Ltd.)","  30,284,200"
"120","530184","주식회사 태왕이앤씨","  30,262,500"
"121","110273","메타넷디지털 주식회사","  30,155,500"
"122","610162","중흥토건(주)","  30,100,900"
"123","510018","앤시정보기술(주)","  29,761,400"
"124","110587","대신통신기술(주)","  29,533,000"
"125","120230","(주)케이투","  29,436,400"
"126","550181","주식회사 아이웍스","  29,394,200"
"127","310875","에스트래픽(주)","  28,989,800"
"128","110103","(주)명신시스템","  28,977,500"
"129","310685","주식회사 윈스테크넷 (WINS Technet Co., Ltd.)","  28,839,200"
"130","110211","대신네트웍스(주)","  28,830,300"
"131","310084","(주)컴피아","  28,825,300"
"132","170031","(주)유선통신","  28,815,800"
"133","510244","(주)씨넷","  28,788,800"
"134","111759","삼언전공(주)","  28,777,800"
"135","113110","아마노코리아(주)","  28,754,900"
"136","112785","(주)시큐인포","  28,716,200"
"137","202379","티엔에스아이(주)","  28,705,900"
"138","200881","(주)어빌리티시스템즈","  28,677,100"
"139","110760","(주)아이엔지시스템","  28,671,000"
"140","110285","(주)탑엔지니어링","  28,632,200"
"141","112793","드림네트웍스(주)","  28,604,300"
"142","110500","(주)아이엔아이","  28,591,400"
"143","640007","포원정보통신(주)","  28,405,400"
"144","200151","(주)넥스파시스템","  28,361,700"
"145","120148","(주)제일정보통신","  28,259,500"
"146","203800","주식회사 가온데이터","  28,092,000"
"147","201056","(주)경림이앤지","  27,893,600"
"148","150278","에스정보통신(주)","  27,785,800"
"149","200811","(주)케이티서비스북부","  27,675,100"
"150","120303","대신네트웍스(주)","  27,674,300"
"151","110096","(주)대인정보통신","  27,591,200"
"152","160136","(유)미주계전","  27,489,900"
"153","111053","주식회사 케이원","  27,255,000"
"154","112949","주식회사 인콘(INCON Co., Ltd.)","  27,187,900"
"155","112156","영현정보통신(주)","  26,978,900"
"156","140136","중흥건설(주)","  26,783,400"
"157","112356","대성네트웍(주)","  26,629,700"
"158","112270","(주)경우이앤씨","  26,506,800"
"159","203712","주식회사 팬택씨앤아이엔지니어링(Pentech C&I Engineering CO.,LTD.)","  26,446,400"
"160","150143","(주)창원기전","  26,410,200"
"161","110300","롯데건설(주)","  26,384,300"
"162","110423","주식회사 아이티센씨티에스 (ITCENCTS CO.,LTD.)","  26,238,600"
"163","110849","코오롱베니트(주)","  26,231,600"
"164","310566","(주)서호이앤씨","  25,989,700"
"165","320162","(주)유라이프솔루션즈","  25,824,300"
"166","311329","(주)위드아이에스","  25,479,800"
"167","110489","주식회사 디티(DT INC.)","  25,472,100"
"168","130292","(주)원테크","  25,277,900"
"169","201567","이노뎁(주)","  25,132,900"
"170","111022","에이치엘디앤아이한라 주식회사 (HL D&I HALLA CORPORATION)","  25,086,900"
"171","113042","제이케이앤티텔레콤(주)","  25,062,100"
"172","111589","(주)케이티","  25,023,300"
"173","113123","코위버(주)","  24,922,500"
"174","110055","주식회사 한영씨앤이","  24,884,200"
"175","200820","(주)컴버스테크","  24,835,800"
"176","200105","(주)부현전기","  24,718,300"
"177","111590","(주)한일에스티엠","  24,642,200"
"178","110097","대신정보기술(주)","  24,549,200"
"179","110315","주식회사 에이치제이중공업","  24,425,100"
"180","200345","주식회사 라피치(RAPEECH Co.,Ltd)","  24,277,000"
"181","140010","금호건설 주식회사","  24,133,300"
"182","130091","계룡건설산업(주)","  24,128,200"
"183","310512","(주)이에스통신","  24,098,000"
"184","110997","콤시스 주식회사(Comsys Co., Ltd)","  24,043,400"
"185","150264","(주)한샘정보통신","  23,961,300"
"186","110432","주식회사 한라인프라코어","  23,917,500"
"187","111085","교보디티에스 주식회사","  23,897,900"
"188","150106","동서통신(주)","  23,877,300"
"189","310565","(주)싸이몬","  23,625,000"
"190","130303","(주)우정넷","  23,623,400"
"191","120361","(주)코넥","  23,454,000"
"192","540489","주식회사 코디아이앤씨","  23,450,900"
"193","201548","이노테크놀로지(주)","  23,417,700"
"194","110400","(주)인성정보","  23,341,200"
"195","140343","유한책임회사 엔에이치네트웍스","  23,334,300"
"196","420018","주식회사 케이티엠오에스남부 (kt MOS Nambu Corporation)","  23,272,800"
"197","150588","주식회사 와이엔티솔루션","  23,239,100"
"198","530023","(주)한아아이티","  23,238,600"
"199","350122","(주)그린아이티코리아","  23,219,800"
"200","201238","(주)에스피엔이","  23,195,500"
"201","150628","(합자)태성산업사","  23,163,600"
"202","202517","주식회사 인텔리빅스","  23,152,800"
"203","202463","(주)클라우드네트웍스","  23,139,400"
"204","200246","(주)서경엔씨에스","  23,120,900"
"205","530111","양산정보통신(주)","  23,114,100"
"206","130129","(주)광진통신","  23,053,300"
"207","111811","대일전기통신(주)","  23,011,300"
"208","110795","두산건설(주)","  22,997,800"
"209","550149","(주)송우인포텍","  22,997,400"
"210","120072","삼영이엔씨(주)","  22,989,900"
"211","110538","(주)코맥스","  22,940,600"
"212","112736","(주)오버넷","  22,908,000"
"213","310242","주식회사 진인프라(Jininfra Co.,Ltd.)","  22,880,000"
"214","420025","(주)신화통신","  22,847,100"
"215","200640","에스케이브로드밴드(주)","  22,739,700"
"216","110730","(주)신보","  22,709,800"
"217","140158","대신정보통신(주)","  22,709,800"
"218","202701","(주)퍼니포커스","  22,695,300"
"219","111275","주식회사 비에프랩스 (BFLABS Co.,LTD.)","  22,669,100"
"220","310463","(주)세한이엔씨","  22,668,800"
"221","202097","주식회사 세종아이티엘 (SEJONGITL Ltd.)","  22,650,600"
"222","201342","주식회사 오파스넷(OPASNET co., Ltd)","  22,506,500"
"223","140145","한주통신(주)","  22,502,500"
"224","320025","서부네트웍스(주)","  22,498,400"
"225","112279","(주)케이디정보기술","  22,451,300"
"226","150275","(주)진명아이앤씨","  22,427,200"
"227","310389","(주)지성정보통신","  22,318,600"
"228","310499","주식회사 에스노바시스템즈(Snova Systems Co.,Ltd.)","  22,317,000"
"229","110316","(주)엠비씨씨앤아이","  22,283,000"
"230","160178","(주)이레유비크","  22,244,400"
"231","530224","(주)유비텍","  22,223,500"
"232","420022","(주)이노솔루텍","  22,197,400"
"233","310469","(주)테크빌","  22,159,000"
"234","150021","해솔정보통신 주식회사","  22,129,700"
"235","111646","(주)시스원","  22,129,400"
"236","120513","주식회사 알파시스템","  22,090,600"
"237","111912","주식회사 에스비넷","  22,043,400"
"238","350398","주식회사 디아이엔아이","  21,990,200"
"239","120394","(주)한스콤정보통신","  21,937,500"
"240","170070","(합자)동양아이텍","  21,823,100"
"241","200200","(주)프라임엔시스템","  21,805,500"
"242","130047","한일통신(주)","  21,803,500"
"243","311524","주식회사 디에이테크 (DATECH.CO.,Ltd)","  21,781,100"
"244","120747","주식회사 대흥디씨티","  21,427,200"
"245","112730","(주)메트로컴넷","  21,420,500"
"246","112194","(주)에스디시스템","  21,417,400"
"247","140059","아주통신(주)","  21,411,300"
"248","110519","경남기업(주)(Keangnam Enterprises,Ltd)","  21,397,600"
"249","120068","금강통신(주)","  21,395,000"
"250","200950","에스케이쉴더스 주식회사 (SK shieldus Co.,Ltd)","  21,386,200"
"251","530207","(주)서율","  21,097,200"
"252","310265","(주)시열정보통신","  21,043,400"
"253","311301","에솜(주)","  21,029,400"
"254","110061","주식회사 비에스한양(BS Hanyang Inc.)","  20,968,900"
"255","140016","주식회사 국민","  20,942,800"
"256","310854","(주)케이피에스보안시스템","  20,937,600"
"257","200391","엘지전자(주)","  20,875,700"
"258","201104","(주)에즈웰플러스","  20,858,500"
"259","620147","주식회사 파로스","  20,793,000"
"260","430290","주식회사 엠케이솔루션","  20,789,900"
"261","140134","(주)광주텔레콤","  20,749,700"
"262","201015","지음이엔아이(주)","  20,712,000"
"263","112244","(합)동화","  20,662,900"
"264","311939","주식회사 비포시스템","  20,639,800"
"265","201208","에이스건설(주)","  20,634,000"
"266","110823","(주)라사정보통신","  20,623,500"
"267","202992","(주)반도건설","  20,436,300"
"268","110190","동부건설(주)","  20,414,500"
"269","630079","(유)구이앤금우통신","  20,391,400"
"270","310954","주식회사 네오비젼","  20,370,400"
"271","112594","(주)이든정보기술","  20,297,100"
"272","130071","태양정보통신(주)","  20,185,300"
"273","112322","(주)인트로통신기술","  20,180,800"
"274","201335","에스케이오앤에스 주식회사","  20,163,500"
"275","201237","벽산파워(주)","  20,129,100"
"276","110032","블루엔이(주)","  20,076,800"
"277","202848","에이블이엔씨 주식회사","  20,043,600"
"278","120609","(주)한울정보통신","  20,024,500"
"279","203261","주식회사 동곡기정","  20,010,600"
"280","110295","(주)웨이브컴","  20,007,300"
"281","110583","케이씨씨정보통신(주)","  19,984,200"
"282","420206","(주)케이엠넷","  19,959,100"
"283","610084","우미건설(주)","  19,903,200"
"284","111889","(주)씨브이네트","  19,893,200"
"285","203536","주식회사 제니스클라우드 (Zenith Cloud Co., Ltd.)","  19,891,300"
"286","202073","주식회사 신화씨엔에스","  19,840,600"
"287","112685","주식회사 엔투원시스템","  19,784,400"
"288","170022","아림통신건설","  19,777,600"
"289","311124","아이씨티웨이(주)","  19,732,200"
"290","112965","(주)삼도텔레콤","  19,636,200"
"291","111142","수호정보통신(주)","  19,508,400"
"292","320292","지티정보통신(주)","  19,485,800"
"293","111278","(주)카티스","  19,483,300"
"294","201764","주식회사 아이티트레인","  19,468,600"
"295","310971","(주)코어인프라","  19,402,900"
"296","630231","주식회사 에코시스텍","  19,401,100"
"297","170048","설악이앤씨(주)","  19,360,900"
"298","111292","(주)세호영상","  19,247,300"
"299","111405","오상자이엘(주)","  19,244,200"
"300","200687","(주)주신에이브이티","  19,224,800"
"301","201346","주식회사 지앤씨씨(G&CC)","  19,212,900"
"302","110140","(주)신안정보통신","  19,197,100"
"303","200565","케이티텔레캅(주)","  19,187,800"
"304","203388","케이지아이씨티 주식회사(KG ICT CO., LTD.)","  19,130,100"
"305","203040","세리정보기술 주식회사","  19,097,500"
"306","202106","(주)이테크시스템","  19,001,900"
"307","113324","뉴코리아전자통신(주)","  18,931,200"
"308","200989","(주)그린텍아이엔씨","  18,921,200"
"309","150266","배영텔레콤(주)","  18,835,700"
"310","203601","주식회사 엠토스솔루션스","  18,831,100"
"311","202869","주식회사 프레이","  18,748,200"
"312","111305","(주)애플파워","  18,731,000"
"313","202792","주식회사 아이티로그인","  18,662,000"
"314","112684","(주)에스에이티","  18,597,400"
"315","111438","(주)온리정보통신","  18,441,900"
"316","111242","(주)유셀네트웍스","  18,410,100"
"317","140423","(주)영대정보통신","  18,334,700"
"318","200719","주식회사 에이치씨코퍼레이션 (HC Corporation Co., Ltd.)","  18,246,700"
"319","510202","(주)엘앤비기술","  18,233,600"
"320","520106","주식회사 벨로크(Bellock Inc.)","  18,185,600"
"321","200763","(주)에스포스텔레콤","  18,149,000"
"322","111677","주식회사 성호넷","  18,119,000"
"323","110094","한애전자(주)","  18,025,500"
"324","330060","에스엔티(주)","  17,896,500"
"325","540216","(주)케이엔정보기술","  17,858,600"
"326","120359","(주)셀콤","  17,851,600"
"327","110578","(주)두레정보통신","  17,826,100"
"328","140082","대한정보통신(주)","  17,817,000"
"329","111829","(주)두손씨에스티","  17,742,600"
"330","150101","(주)빅스타건설","  17,730,100"
"331","170034","정화통신(주)","  17,694,300"
"332","140062","(주)대양정보통신","  17,690,900"
"333","111071","경우전기(주)","  17,555,000"
"334","310163","(주)트라콤","  17,504,900"
"335","350033","(주)서광시스템","  17,501,100"
"336","150514","진흥씨앤씨(주)","  17,475,800"
"337","200953","(주)투데이게이트","  17,469,900"
"338","311113","(주)아프로시스템즈","  17,453,300"
"339","120062","주식회사 서전텔콤","  17,446,900"
"340","120049","(합)조광","  17,419,700"
"341","420172","주식회사 솔버아이티","  17,413,800"
"342","201652","(주)미소아이티","  17,383,900"
"343","112347","(주)포어링크","  17,341,800"
"344","350126","(주)기산이앤씨","  17,331,500"
"345","110236","(주)세하통신","  17,293,700"
"346","111386","일성건설(주)","  17,274,700"
"347","113500","(주)미소건영","  17,182,500"
"348","110244","(주)삼지엔지니어링","  17,141,000"
"349","112379","주식회사 컴포스","  17,126,900"
"350","120619","(주)한우","  17,124,900"
"351","120060","주식회사 대하정보기술","  17,111,400"
"352","200764","(주)포소드","  17,078,900"
"353","113167","(주)콤위즈","  17,073,500"
"354","110062","태성전기통신(주)","  17,051,500"
"355","110517","계림통신건설(주)","  16,977,200"
"356","202351","(주)알티솔루션","  16,952,800"
"357","112141","주식회사 유진인프라코어","  16,920,800"
"358","140012","(주)제이엔테크","  16,859,000"
"359","130049","주식회사 명광","  16,851,500"
"360","320090","(주)레오테크","  16,845,100"
"361","320330","주식회사 카네비모빌리티(Kanavi Mobility Co.,Ltd.)","  16,816,000"
"362","200046","(주)한결아이앤씨","  16,760,600"
"363","120089","(주)글로벌엔씨","  16,748,300"
"364","200122","(주)유비라인","  16,684,100"
"365","510341","주식회사 한국크레아","  16,668,800"
"366","130434","에스오에스미디어(주)","  16,649,200"
"367","111336","(주)대경바스컴","  16,631,500"
"368","110410","(주)메가텔","  16,619,700"
"369","130374","창조통신(주)","  16,594,100"
"370","202567","(주)메이머스트","  16,553,200"
"371","130109","(주)명광","  16,552,000"
"372","110594","가락전자(주)","  16,521,600"
"373","111815","(주)네오티스","  16,473,000"
"374","200698","주식회사 아하 (AHA Co.,Ltd)","  16,460,500"
"375","620232","(주)유앤아이씨","  16,439,000"
"376","112151","(주)엠케이씨티","  16,425,400"
"377","310481","(주)신평통신","  16,402,600"
"378","150207","(주)예성전기통신","  16,397,900"
"379","110009","한소리이앤씨(주)","  16,369,900"
"380","540241","(주)유알정보기술","  16,345,900"
"381","420141","세림티에스지(주)","  16,344,200"
"382","201172","신세계건설(주)","  16,329,600"
"383","110336","성우정보통신(주)","  16,304,900"
"384","111013","하모니씨앤씨(주)","  16,267,700"
"385","150508","청우통신(주)","  16,226,500"
"386","110066","주식회사 남두","  16,202,100"
"387","140482","싸이버테크(주)","  16,189,900"
"388","110028","동해정보통신(주)","  16,178,000"
"389","201165","모바일파킹 유한회사","  16,105,700"
"390","110549","(주)코콤","  16,093,200"
"391","310952","주식회사 아이엘","  16,088,400"
"392","111201","(주)링네트","  16,077,000"
"393","120069","한신전자(주)","  16,072,000"
"394","150366","동보정보통신(주)","  16,059,400"
"395","202522","(주)서경산업","  16,055,600"
"396","350279","주식회사 에이치케이시스템","  15,989,200"
"397","113026","주식회사 엠젠솔루션(MGEN SOLUTION CO., LTD.)","  15,974,900"
"398","110296","금강산업(주)","  15,952,300"
"399","310076","(주)용화전기통신","  15,913,300"
"400","180024","청암기업(주)","  15,864,900"
"401","201174","(주)에스오에이텔레콤","  15,854,400"
"402","201924","씨엠티정보통신(주)","  15,800,600"
"403","530019","주식회사 성일","  15,788,500"
"404","201474","(주)티제이원","  15,763,300"
"405","150137","동진통신(주)","  15,758,200"
"406","113278","원일정보통신(주)","  15,745,300"
"407","111287","합자회사 화인에스앤컴퍼니","  15,743,200"
"408","120471","(주)베가통신","  15,734,300"
"409","140390","(주)디테코","  15,720,300"
"410","201585","(주)조은정보","  15,707,300"
"411","120100","주식회사 금양통신","  15,699,000"
"412","150079","동일통신(주)","  15,693,300"
"413","310799","(주)아이트로닉스","  15,686,900"
"414","201436","(주)원캐스트 ","  15,680,000"
"415","110305","에쓰이씨 주식회사 (SEC Co., Ltd.)","  15,669,900"
"416","201067","(주)케이비에스비즈니스","  15,662,100"
"417","350199","대방건설(주)","  15,644,300"
"418","150215","참조은정보통신(주)","  15,637,700"
"419","112703","굿어스(주)","  15,625,500"
"420","110039","더원네트웍스(주)","  15,615,400"
"421","120258","(주)인포스텍","  15,609,900"
"422","310765","(주)서인디지탈","  15,572,300"
"423","110732","(주)삼진일렉스","  15,556,800"
"424","310641","(주)이제이텍","  15,555,500"
"425","130023","중앙통신(주)","  15,554,000"
"426","112815","(주)하이넷네트웍스","  15,536,000"
"427","111441","한아름정보통신(주)","  15,535,900"
"428","311492","(주)위넷시스템","  15,520,800"
"429","120061","(주)한성아이넷","  15,489,100"
"430","113025","(주)필라테크","  15,483,200"
"431","350289","(주)신화전공","  15,472,900"
"432","202373","주식회사 아이닛 (iNIT Co., Ltd.)","  15,458,000"
"433","150180","주식회사 오션","  15,413,300"
"434","200209","(주)아파트피아","  15,401,400"
"435","170155","한국텔레콤(주)","  15,388,400"
"436","610017","피닉스엔지니어링(주)","  15,355,600"
"437","202538","(사)해오름장애인협회","  15,351,600"
"438","311401","(주)에스티엔인포텍","  15,334,500"
"439","150492","(주)한영정보통신","  15,332,500"
"440","113063","주식회사 인테크","  15,309,600"
"441","201495","(주)삼성티엔지","  15,295,600"
"442","110507","종합전기(주)","  15,294,600"
"443","150303","(주)세광통신","  15,288,300"
"444","200851","(주)유엔네트웍스","  15,285,500"
"445","320082","(주)유리네트웍스","  15,266,900"
"446","130325","주식회사 이스젠","  15,252,200"
"447","112546","주식회사 대영아이오티","  15,203,600"
"448","204224","주식회사 씨아이테크(CITECH CO.,LTD.)","  15,126,400"
"449","520097","다운이엔씨(주)","  15,094,700"
"450","130440","주식회사 새암정보기술","  15,090,400"
"451","310228","주식회사 현명","  15,090,300"
"452","201916","(주)지오통신","  15,088,300"
"453","111239","정광(주)","  15,076,000"
"454","111203","(주)케빅","  15,050,600"
"455","510440","이호기술단(주)","  15,046,600"
"456","150033","대신네트웍스(주)","  15,023,500"
"457","113355","우민전기 주식회사","  15,015,600"
"458","112712","나이스인프라 주식회사(NICE Infra Co., Ltd)","  15,006,800"
"459","130398","(주)센텍","  14,992,500"
"460","200966","(주)건명테크윈","  14,969,600"
"461","112011","주식회사 에프엔지네트웍스 (FNG NETWORKS Co. Ltd.)","  14,943,200"
"462","111340","주식회사 온품(OnPoom Corporation)","  14,928,200"
"463","510403","주식회사 제니스네트웍","  14,928,100"
"464","110416","서울데이타통신(주)","  14,924,200"
"465","150096","(주)한일통신","  14,918,800"
"466","310768","(주)지인테크","  14,868,400"
"467","110228","삼형전자(주)","  14,865,300"
"468","111449","(주)케이씨씨건설","  14,849,600"
"469","200007","(주)케이웍스","  14,836,800"
"470","150250","(주)한텔","  14,804,400"
"471","200974","(주)유영정보통신","  14,801,400"
"472","113119","키엔컴(주)","  14,793,200"
"473","113117","에이치디에스(주)","  14,785,000"
"474","550102","(주)세종정보통신","  14,737,900"
"475","113462","(주)베스트디지탈","  14,736,900"
"476","140024","(주)정강통신","  14,733,200"
"477","201153","(주)일신전업","  14,733,200"
"478","430194","(주)대원","  14,729,900"
"479","112937","(주)성진정보통신","  14,729,600"
"480","310449","(주)서왕이노베이션","  14,727,800"
"481","202005","주식회사 새움","  14,691,900"
"482","150075","야베스정보통신(주)","  14,679,700"
"483","201503","(주)라인테크놀로지","  14,664,500"
"484","130189","마이크로닉시스템(주)","  14,621,200"
"485","120165","갑을통신(주)","  14,602,400"
"486","311623","주식회사 이건전기통신","  14,595,200"
"487","140008","(주)광영이엠씨","  14,547,700"
"488","610464","주식회사 디엑스다온","  14,543,300"
"489","112153","주식회사 폴라리스에이아이 (Polaris AI Corp.)","  14,514,900"
"490","320182","(주)엠에스시스템","  14,496,900"
"491","113097","엘에스사우타(주)","  14,445,800"
"492","630140","(주)시스젠","  14,440,800"
"493","111065","(주)한일디엔에스","  14,428,600"
"494","310251","(주)선인프라","  14,412,400"
"495","201252","주식회사 이앤엠테크","  14,381,900"
"496","110100","(주)세웅정보통신","  14,377,700"
"497","410077","지에이치정보통신(주)","  14,375,900"
"498","200451","(주)제이피파워정보통신","  14,354,100"
"499","112085","이앤씨텔레콤(주)","  14,352,800"
"500","113109","(주)서울영상테크","  14,302,500"
"501","203540","주식회사 엠키스코어(MKIS CORE Co., Ltd.)","  14,274,900"
"502","111478","(주)삼영기업","  14,229,200"
"503","510401","태인텔레콤 주식회사","  14,228,300"
"504","150116","(합자)삼우전자통신","  14,200,000"
"505","113197","아시아나아이디티(주)","  14,190,200"
"506","150241","(주)유니온테크","  14,186,800"
"507","150326","주식회사 아이티센글로벌 (ITCENGLOBAL CO.,LTD.)","  14,162,900"
"508","110601","(주)모빌텍","  14,148,600"
"509","201296","주식회사 유니와이드","  14,116,600"
"510","120070","(주)경남개발","  14,103,300"
"511","112646","아산정보통신(주)","  14,100,100"
"512","111029","(주)넥스챌","  14,091,800"
"513","130092","통우통신","  14,083,200"
"514","110505","대신엔에스(주)","  14,054,800"
"515","311648","(주)경동나비엔","  14,053,700"
"516","330066","(주)한솔텔레콤","  14,036,100"
"517","150157","(주)건호정보통신","  14,035,900"
"518","202270","주식회사 엠폴","  14,030,200"
"519","310727","(주)동인시스템","  14,009,900"
"520","110886","빛샘전자(주)","  13,985,300"
"521","201819","(주)신화시스템","  13,971,400"
"522","110020","주식회사 광문정보통신","  13,967,100"
"523","510354","(주)제이솔루션","  13,937,200"
"524","200356","(주)제이에프텍","  13,934,400"
"525","120047","(주)하나로정보통신","  13,928,200"
"526","200670","(주)사운드솔루션","  13,914,000"
"527","202193","(주)에이치앤아이씨","  13,909,300"
"528","630022","유한회사 동방이노베이션","  13,897,000"
"529","630096","주식회사 나노정보통신","  13,887,200"
"530","201751","(주)어니언소프트웨어","  13,848,300"
"531","540391","주식회사 서원이앤지","  13,823,900"
"532","203220","주식회사 투비콤","  13,817,400"
"533","150304","(주)다온네트웍스","  13,817,100"
"534","120199","보고이앤티 주식회사","  13,802,500"
"535","110145","(주)동양네트워크","  13,800,400"
"536","110753","주식회사 디에스이앤티","  13,767,300"
"537","202897","주식회사 애즈원","  13,764,900"
"538","110697","(주)삼흥정보통신","  13,742,900"
"539","203086","주식회사 알엔알(RNR Inc.)","  13,741,300"
"540","310831","(주)희원정보통신","  13,714,000"
"541","420365","글로벌넷","  13,706,300"
"542","510678","주식회사 휴먼아이","  13,697,400"
"543","130172","(주)미래정보","  13,685,500"
"544","310560","(주)패스넷","  13,662,900"
"545","310303","세종텔레콤 주식회사(SejongTelecom,Inc.)","  13,649,600"
"546","201317","(주)동해종합기술공사","  13,623,400"
"547","150028","(주)코리아통신공사","  13,623,300"
"548","111992","선테크 주식회사","  13,614,900"
"549","120753","대형웍스(주)","  13,611,100"
"550","320190","(주)엔에스테크","  13,585,800"
"551","130063","우진산업개발(주)","  13,556,600"
"552","200852","주식회사 에이디엠","  13,527,300"
"553","311794","비젼아이티에스 주식회사","  13,517,300"
"554","111586","두로산전(주)","  13,498,200"
"555","110312","엘에스전선(주)","  13,468,600"
"556","111918","(주)알파인테크","  13,467,200"
"557","111721","(주)다래파크텍","  13,467,100"
"558","620122","(주)한기술","  13,458,700"
"559","140312","미르텍(주)","  13,426,900"
"560","202498","(주)메카넷","  13,422,200"
"561","510610","(주)한성원테크","  13,400,000"
"562","140058","(주)한빛네트웍스","  13,394,900"
"563","112767","(주)테크윈시스템","  13,359,900"
"564","120311","(주)동아티엔씨","  13,337,600"
"565","170100","대신네트웍스(주)","  13,332,100"
"566","202508","(주)세화이티에프","  13,316,200"
"567","150669","서전기술 주식회사","  13,307,900"
"568","120180","(주)동양아이텔","  13,303,500"
"569","113265","주식회사 한빛티엔에스","  13,297,800"
"570","200128","(주)주인정보시스템","  13,296,800"
"571","110476","(주)인성이엔씨","  13,283,300"
"572","310338","하나이앤지(주)","  13,263,800"
"573","203132","주식회사 정이엔지","  13,262,800"
"574","150142","한창텔콤(주)","  13,260,400"
"575","201919","주식회사 아이에스엔솔루션","  13,260,200"
"576","200344","(주)오티에스씨","  13,258,700"
"577","310390","(주)제나드시스템","  13,254,700"
"578","130217","(주)캔텔","  13,252,500"
"579","110899","(주)일광기업","  13,252,200"
"580","113321","(주)비아이넷","  13,248,700"
"581","110757","(주)미동이엔씨","  13,221,700"
"582","311219","(주)제노시스","  13,218,600"
"583","170024","지에스네트웍스(주)","  13,194,700"
"584","510363","미래정보시스템(주)","  13,191,400"
"585","201191","주식회사 명성이앤티","  13,189,700"
"586","630269","비티에스 주식회사","  13,172,700"
"587","111687","주식회사 에스아이테크","  13,167,700"
"588","110939","주식회사 상상인","  13,156,100"
"589","200562","주식회사 큐브정보통신","  13,108,800"
"590","202431","프리스타일테크놀로지 유한회사","  13,106,100"
"591","110068","서교정보통신(주)","  13,089,600"
"592","201545","(주)유니포인트","  13,083,400"
"593","201768","(주)융창","  13,083,000"
"594","112202","주식회사 인남","  13,042,600"
"595","310990","(주)이엔티파워","  13,038,900"
"596","310190","(주)인포인네트웍스","  13,019,600"
"597","110122","(주)부림","  13,013,600"
"598","112437","(주)에스엠텔","  13,009,500"
"599","320499","주식회사 대덕전력","  12,998,100"
"600","140094","주식회사 로그인서광","  12,979,500"
"601","113176","(주)하이텍네트웍스","  12,975,000"
"602","111776","(주)산들네트웍스","  12,958,300"
"603","200096","롯데이노베이트 주식회사(LOTTE INNOVATE Co., Ltd.)","  12,957,900"
"604","202803","주식회사 시선에이아이 (SECERN AI Co., Ltd.)","  12,948,800"
"605","111872","(주)동명이엔씨","  12,935,300"
"606","112032","아이크래프트(주)","  12,930,900"
"607","120123","동남티앤씨 주식회사","  12,928,300"
"608","200144","(주)우신아이앤씨","  12,915,100"
"609","112917","(주)에스텍시스템","  12,912,800"
"610","130041","(주)광운정보","  12,858,800"
"611","310490","(주)엘케이시스템","  12,839,500"
"612","160033","유한회사 경보통신","  12,829,400"
"614","110337","주식회사 신산전력","  12,823,100"
"613","310891","주식회사 블랙홀","  12,823,100"
"615","200728","승아전기(주)","  12,819,000"
"616","111709","해피콤 주식회사 (Happy Com Co., Ltd.)","  12,795,300"
"617","140373","(주)호반건설","  12,792,800"
"618","110746","(주)건우통신","  12,786,000"
"619","180065","(주)이노네트웍스","  12,772,400"
"620","310054","오름정보통신(주)","  12,769,400"
"621","110531","휴먼테크(주)","  12,758,500"
"622","420040","(주)델타시스템","  12,754,300"
"623","200809","유에프엠시스템즈(주)","  12,748,200"
"624","200504","(주)젤루텍","  12,740,000"
"625","110577","(주)신성하이텍","  12,722,700"
"626","110722","스크린정보통신(주)","  12,720,700"
"627","510130","거산텔레콤(주)","  12,713,400"
"628","311918","큐비콤 주식회사","  12,701,100"
"629","201110","(주)티볼리씨앤씨","  12,699,900"
"630","350172","(주)혜림산업","  12,689,700"
"631","630082","도가테크","  12,678,800"
"632","112529","유엔넷 주식회사","  12,677,000"
"633","610068","누리씨앤아이(주)","  12,644,500"
"634","130010","(주)광전자통신","  12,622,900"
"635","510246","(주)힘콤","  12,618,900"
"636","540187","주식회사 진미","  12,594,500"
"637","310080","(주)다누시스","  12,588,500"
"638","111141","(주)광신전설","  12,580,200"
"639","150100","(주)태림","  12,577,200"
"640","110495","우영정보통신(주)","  12,572,500"
"641","150039","동신통신(주)","  12,560,900"
"642","111128","(주)홀리랜드테크놀러지","  12,549,800"
"643","110121","대정통신(주)","  12,540,400"
"644","111917","(주)동방데이타테크놀러지","  12,530,700"
"645","110445","득진통신(주)","  12,508,900"
"646","110330","(주)삼도통신","  12,499,700"
"647","430033","(주)아이티넷","  12,492,400"
"648","201690","주식회사 엠아이솔텍","  12,442,800"
"649","201874","에이취휴먼테크(주)","  12,438,900"
"650","120111","주식회사 웅진통신","  12,397,900"
"651","310470","주식회사 우리솔루션 (Woori Solutions)","  12,387,500"
"652","150058","한국정보네트웍스(주)","  12,367,700"
"653","510084","하나정보통신(주)","  12,360,600"
"654","150060","유신통신(주)","  12,359,800"
"655","201729","(주)에이치씨인포","  12,323,000"
"656","120244","하이눈정보통신","  12,301,000"
"657","330138","(주)하나씨엔에스","  12,280,200"
"658","111634","주식회사 유진네트웍스","  12,266,200"
"659","550112","(주)인피니티네트웍스","  12,264,200"
"660","111608","주식회사 우리엔아이에스","  12,256,100"
"661","111362","제아정보통신(주)","  12,215,000"
"662","202653","(주)피엔에이링크","  12,213,700"
"663","310397","(주)에스엠에이","  12,212,700"
"664","111551","주식회사 경도","  12,196,800"
"665","170039","동남전기통신(주)","  12,195,400"
"666","510591","(주)태정이엔지","  12,172,200"
"667","310905","케이씨전기(주)","  12,167,200"
"668","610287","주식회사 이노트릭스","  12,163,900"
"669","111647","(주)아이티에스컨버젼스","  12,146,100"
"670","320030","(주)오비스커뮤니케이션스","  12,129,900"
"671","311866","주식회사 비엔에스테크","  12,124,100"
"672","200371","(주)위쥬테크","  12,121,500"
"673","200204","(주)원비즈시스템","  12,115,800"
"674","310946","(주)케이엘디","  12,099,600"
"675","150346","(주)삼주전자","  12,077,300"
"676","312082","주식회사 파워텔","  12,054,100"
"677","111559","지에스앤티(주)","  12,050,500"
"678","150649","(주)한맥아이피에스","  12,038,000"
"679","311577","(주)엔제로","  12,036,700"
"680","200183","(주)지준시스템","  12,034,900"
"681","200703","(주)비엘에스","  12,008,800"
"682","110110","이화티티씨(주)","  11,997,900"
"683","120155","(주)명신하이넷","  11,976,600"
"684","111793","대선아이넷(주)","  11,972,600"
"685","430109","(주)유비콤","  11,963,000"
"686","410100","(주)유어스시스템","  11,954,900"
"687","350445","주식회사 미르통신","  11,940,100"
"688","110467","태화정보통신(주)","  11,932,800"
"689","350034","주식회사 더서울테크 (The Seoultech Co.,Ltd.)","  11,930,700"
"690","150568","(주)광덕전력","  11,922,900"
"691","160107","(유)황우엔지니어링","  11,915,000"
"692","110147","(주)경성텔레콤","  11,909,000"
"693","310780","(주)벨루션네트웍스","  11,908,600"
"694","200449","탑정보통신(주)","  11,883,200"
"695","640107","동일전력 주식회사","  11,875,200"
"696","130037","지영정보통신(주)","  11,857,400"
"697","320099","(주)파워이엔씨","  11,828,500"
"698","550023","주식회사 율경","  11,812,000"
"699","113375","장한전산(주)","  11,807,900"
"700","610192","주식회사 제이한테크","  11,794,200"
"701","530286","주식회사 인성정보남부지사","  11,793,400"
"702","510592","(주)헬로네트워크","  11,791,300"
"703","202761","(주)에스비정보기술","  11,788,100"
"704","112415","국제텔레시스(주)","  11,780,200"
"705","440039","주식회사 금성백조건설","  11,778,100"
"706","520012","파란정보통신(주)","  11,758,000"
"707","630031","(유)창우","  11,749,200"
"708","110634","(주)엔엠엑스이엔씨","  11,748,300"
"709","110670","(주)세양텔레콤","  11,735,400"
"710","510291","씨오션전자(주)","  11,731,000"
"711","201914","(주)파코코리아인더스","  11,723,600"
"712","112803","(주)디투에스","  11,717,100"
"713","310219","(주)청조정보통신","  11,708,700"
"714","630365","주식회사 일리","  11,696,600"
"715","310062","(주)에스오넷","  11,677,000"
"716","120190","네오콤(주)","  11,672,300"
"717","200348","주식회사 더나은산업","  11,664,300"
"718","170021","문창통신(주)","  11,641,800"
"719","110154","(주)성산정보시스템","  11,621,200"
"720","201733","효성아이티엑스(주)","  11,616,000"
"721","130016","대원전기(주)","  11,613,800"
"722","112674","나성산업(주)","  11,610,700"
"723","201305","(주)참슬테크","  11,600,900"
"724","110541","아이에스(주)","  11,594,000"
"725","201604","(주)이루온아이앤에스","  11,585,400"
"726","110212","디엘건설 주식회사(DL Construction Co., Ltd.)","  11,569,100"
"727","111253","세안이엔씨(주)","  11,564,800"
"728","112609","원강정보통신(주)","  11,559,700"
"729","111237","동광전자(주)","  11,558,900"
"730","310270","주식회사 시스윈로보틱스","  11,526,600"
"731","150431","(주)선택","  11,526,300"
"732","120154","유창통신(주)","  11,518,400"
"733","530030","(주)얼라이드시스템","  11,503,100"
"734","330026","(주)케이탑솔루션","  11,501,600"
"735","530142","대경정보통신(주)","  11,501,000"
"736","111186","대오이앤씨(주)","  11,496,700"
"737","140051","(주)케이아이앤티티","  11,494,000"
"738","420077","(주)하나월드정보통신","  11,489,300"
"739","530419","우림통신 주식회사","  11,476,600"
"740","311254","(주)디오건설","  11,470,800"
"741","311166","(주)올인원코리아","  11,463,500"
"742","200309","마인드원 주식회사","  11,449,500"
"743","311791","주식회사 한양건설","  11,427,800"
"744","202482","(주)크리에이티브넷","  11,411,100"
"745","111826","금상첨화 주식회사","  11,409,300"
"746","110740","부기테크(주)","  11,402,700"
"747","320289","(주)청화테크","  11,395,900"
"748","140080","(주)엔탑엔지니어링","  11,387,500"
"749","130117","주식회사 건양건설","  11,348,600"
"750","201744","정보와기술(주)","  11,315,800"
"751","310115","주식회사 메가이앤씨 (Mega E&C)","  11,310,700"
"752","112939","한선씨앤씨(주)","  11,306,700"
"753","111547","미래정보통신(주)","  11,305,600"
"754","111198","(주)대경인트라넷","  11,283,400"
"755","110018","(주)파워텔레콤","  11,265,700"
"756","420337","주식회사 블루오션정보통신","  11,262,700"
"757","320117","(주)월드넷코리아","  11,261,500"
"758","310108","링크맥스(주)","  11,260,200"
"759","120682","신아시스템(주)","  11,258,100"
"760","140265","(주)오성정보통신","  11,248,600"
"761","113353","(주)와이엘테크","  11,229,100"
"762","150093","(주)동성통신","  11,226,700"
"763","200352","세환엠에스(주)","  11,222,300"
"764","200460","(주)희망에어텍","  11,217,200"
"765","310611","(주)삼경엠에스","  11,173,900"
"766","530021","(주)프론텍","  11,165,900"
"767","110272","청음통신(주)","  11,165,600"
"768","311496","(주)핀텔","  11,164,900"
"769","112504","(주)하이브시스템","  11,160,700"
"770","110157","한신공영(주)","  11,157,000"
"771","110014","(주)신우텔렉시스","  11,153,200"
"772","170040","(합자)경민통신","  11,146,800"
"773","430047","(주)아름","  11,145,700"
"774","310648","디아이디시스템(주)","  11,142,300"
"775","111690","(주)안나시스템","  11,134,100"
"776","111312","서울텔엔지니어링(주)","  11,131,000"
"777","310633","(주)엔서브","  11,125,100"
"778","310796","(주)지우네트웍스","  11,124,500"
"779","200516","(주)지아이테크놀러지","  11,100,900"
"780","150201","(주)고운정보통신","  11,095,000"
"781","200684","(주)엠제이케이","  11,093,700"
"782","201777","에스엔에스이서비스(주)","  11,093,300"
"783","160041","(주)진웅텔레콤","  11,092,400"
"784","112986","(주)우리아이티","  11,084,200"
"785","311499","(주)슈프리마","  11,079,200"
"786","110151","진흥정보통신(주)","  11,072,400"
"787","420327","주식회사 두웰","  11,070,000"
"788","201261","(주)아이딘컴","  11,058,700"
"789","620094","(주)지에프티","  11,057,000"
"790","112587","우정정보통신(주)","  11,055,900"
"791","110479","삼익전자공업(주)","  11,047,100"
"792","550229","(주)진주네트워크","  11,045,300"
"793","120011","(주)예원이엔씨","  11,033,700"
"794","140168","주식회사 그린이엔에스","  11,031,400"
"795","110709","(주)남양이앤씨","  11,030,100"
"796","110187","신양통신(주)","  11,021,600"
"797","201094","(주)청심아이티","  10,978,800"
"798","520041","주식회사 에이치앤티","  10,968,200"
"799","440016","기룡이엔씨 주식회사","  10,966,800"
"800","110258","(주)머큐리","  10,943,100"
"801","111624","(주)우정정보통신","  10,942,000"
"802","140014","유한회사 광명이엔시","  10,922,900"
"803","320328","주식회사 라임에스엔씨(LIMESNC Co.,Ltd.)","  10,914,400"
"804","150370","동양전기통신(주)","  10,906,900"
"805","550186","주식회사 이에스(ES Co., Ltd.)","  10,906,900"
"806","150228","주식회사 포스코이앤씨","  10,905,100"
"807","420264","주식회사 지디엘시스템","  10,901,400"
"808","112702","(주)보다컴","  10,894,300"
"809","110335","평송정보통신(주)","  10,890,500"
"810","203702","주식회사 성동아이앤티","  10,889,300"
"811","200544","대일전기산업(주)","  10,877,600"
"812","200110","코레일테크(주)","  10,872,600"
"813","120105","(주)명진정보통신","  10,864,200"
"814","430178","(주)스마일","  10,858,500"
"815","203004","호진산업기연 주식회사","  10,844,100"
"816","410033","(주)봄내이엔씨","  10,841,300"
"817","201786","(주)성보인프라넷","  10,830,100"
"818","120381","대진전자통신(주)","  10,826,300"
"819","110645","주식회사 일신이디아이 (ILSHIN EDI Co.,Ltd.)","  10,826,000"
"820","113299","(주)서원이엔씨","  10,814,300"
"821","140115","대신네트웍스(주)","  10,810,000"
"822","200622","주식회사 다온티엔지(DAON T&G CO.,LTD)","  10,797,200"
"823","530135","(주)범일정보","  10,790,300"
"824","320311","니브스코리아 주식회사","  10,789,100"
"825","201851","(주)이든티앤에스","  10,785,600"
"826","200758","주식회사 윈피앤에스","  10,781,200"
"827","420467","주식회사 동우텍","  10,765,900"
"828","201216","(주)태산정보기술","  10,764,700"
"829","550095","(주)지아이티","  10,758,600"
"830","311367","(주)누리콘","  10,742,800"
"831","530186","주식회사 넷티스트","  10,726,500"
"832","510564","(주)시티캅","  10,723,500"
"833","311357","(주)세은테크","  10,718,200"
"834","200296","(주)마임정보기술","  10,672,700"
"835","130058","주식회사 협신","  10,669,600"
"836","110210","주식회사 하이큐넷","  10,667,100"
"837","420458","주식회사 클라우드시스템","  10,665,400"
"838","420177","(주)금성백조주택","  10,649,800"
"839","350024","(주)경기방재","  10,625,800"
"840","350323","주식회사 젠프로","  10,588,500"
"841","311836","글로벌정보통신 주식회사","  10,581,100"
"842","202997","주식회사 다인정보기술","  10,574,300"
"843","520022","월드이엔텍(주)","  10,572,500"
"844","203689","주식회사 텝섹","  10,572,300"
"845","201809","주식회사 테크데이타피에스 (Techdata Ps Co.,Ltd)","  10,564,300"
"846","110324","주식회사 엘지헬로비전(LG Hellovision Corp.)","  10,558,200"
"847","350256","(주)대선정보통신","  10,553,600"
"848","200367","(주)기가네트워크","  10,549,200"
"849","112497","주식회사 고려티에스아이","  10,540,800"
"850","203990","주식회사 이액티브","  10,529,600"
"851","140025","(유)영화통신","  10,527,000"
"852","111742","(주)반도통신기술","  10,526,600"
"853","112105","주식회사 도경","  10,508,900"
"854","130152","(주)금탑전기통신","  10,508,100"
"855","200266","티에스라인시스템(주)","  10,506,500"
"856","150558","(주)오성이앤씨","  10,489,800"
"857","203045","주식회사 태진티엔에스","  10,487,400"
"858","201469","에이에이씨케이(주)","  10,486,800"
"859","150066","(주)풍건","  10,480,500"
"860","201990","(주)제이엔디케이","  10,475,400"
"861","310436","제이디미디어(주)","  10,473,900"
"862","201213","(주)진성아이텍","  10,451,500"
"863","311627","디엘인포 주식회사","  10,448,200"
"864","201494","동문이엔티(주)","  10,445,600"
"865","320063","주식회사 고도네트웍스","  10,445,500"
"866","200878","(주)토네즈","  10,438,800"
"867","150625","(주)미디어테크","  10,435,100"
"868","110208","주식회사 시스텍이앤씨","  10,416,300"
"869","202094","주식회사 오스코","  10,413,700"
"870","110851","(주)대한전광","  10,406,100"
"871","130054","(주)덕산정보통신","  10,403,300"
"872","112659","주식회사 포브텍","  10,399,200"
"873","420380","주식회사 와이넷","  10,390,200"
"874","140090","대호전기(주)","  10,385,900"
"875","150269","주식회사 산들정보통신","  10,383,800"
"876","350345","에이케이에스정보주식회사","  10,380,200"
"877","140056","(주)에이앤비정보기술","  10,378,100"
"878","312040","원탑정보통신 주식회사","  10,376,400"
"879","201703","주식회사 디케이앤트","  10,373,400"
"880","112738","새결정보통신(주)","  10,371,400"
"881","420086","(주)아이넷테크","  10,369,500"
"882","113133","주식회사 세렉스","  10,365,600"
"883","130043","(주)경일통신","  10,363,300"
"884","140446","승진산업(주)","  10,362,400"
"885","111168","샘정보산업(주)","  10,337,000"
"886","110653","(주)성보","  10,330,100"
"887","120789","건수정보통신(주)","  10,320,700"
"888","310773","(주)리버앤씨","  10,320,400"
"889","200006","(주)케이너스","  10,300,000"
"890","130024","동서텔레콤(주)","  10,298,900"
"891","202292","혜윰이엔씨 주식회사","  10,281,400"
"892","111854","(주)부강","  10,246,900"
"893","130144","중원정보통신(주)","  10,231,500"
"894","111271","(주)디앤에스테크놀로지","  10,229,900"
"895","420401","파인건설 주식회사","  10,227,800"
"896","110205","(주)일광통신","  10,218,300"
"897","111391","성현기업(주)","  10,215,400"
"898","130502","(주)텔콤","  10,195,400"
"899","311877","주식회사 한성스틸레이져","  10,195,200"
"900","110163","(주)대경텔레콤","  10,194,700"
"901","202105","(주)이너인포","  10,190,100"
"902","310662","(주)미래로택","  10,184,200"
"903","112436","(주)굿채널시스템","  10,176,100"
"904","110309","(주)한미","  10,164,300"
"905","110307","(합)동양통신","  10,160,300"
"906","113164","(주)네오티엔씨","  10,159,500"
"907","120037","아성글로벌 주식회사","  10,158,900"
"908","202908","주식회사 랜오아시스","  10,156,800"
"909","111831","(주)다상테크","  10,139,000"
"910","130147","미래정보산업(주)","  10,136,500"
"911","620223","(주)우재이엔시","  10,122,500"
"912","530003","(주)위니텍","  10,114,500"
"913","350171","주식회사 팬웨스트 에스앤티","  10,103,700"
"914","111553","(주)삼정보안시스템","  10,092,300"
"915","200130","두복산전(주)","  10,090,900"
"916","120093","금맥정보통신 주식회사","  10,086,000"
"917","110345","군인공제회","  10,082,200"
"918","130234","(주)영하아이앤티","  10,078,100"
"919","110413","(주)소스텔","  10,061,000"
"920","530178","(주)정원","  10,060,400"
"921","610061","신한시스템즈(주)","  10,055,100"
"922","202187","(주)지니텍","  10,043,400"
"923","320281","(주)썬플라워즈","  10,039,800"
"924","130042","(주)동화통신","  10,036,400"
"925","550032","주식회사 젠탑(GENTOP)","  10,036,300"
"926","200421","(주)이예스피","  10,026,900"
"927","120792","(주)엔정보기술","  10,023,000"
"928","111274","인포스텔(주)","   9,999,700"
"929","111691","(주)거풍정보통신","   9,993,700"
"930","200255","주식회사 인스틴솔루션","   9,992,400"
"931","550381","주식회사 유성아이티엠(YOOSEONG ITM)","   9,983,000"
"932","201003","세중물산 주식회사","   9,982,200"
"933","310257","(주)성창엔지니어링","   9,979,600"
"934","530196","주식회사 스피어에이엑스 (Sphere AX Co.,Ltd.)","   9,976,800"
"935","310317","(주)제이아이티","   9,975,500"
"936","111021","씨티아이앤아이(주)","   9,970,900"
"937","140104","(주)한올통신","   9,969,100"
"938","111209","흥일정보통신(주)","   9,968,200"
"939","310056","(주)건영네트워크","   9,959,800"
"940","112857","(주)오라시스템","   9,952,600"
"941","111454","유비텔레콤(주)","   9,941,300"
"942","420435","주식회사 창조에스티","   9,941,000"
"943","110834","경방전기통신(주)","   9,929,500"
"944","350001","(주)낙원이엔지","   9,925,500"
"945","430223","에이스솔루션(주)","   9,918,100"
"946","310829","(주)철탑","   9,910,500"
"947","112599","(주)열림정보기술","   9,907,000"
"948","202412","아이파킹 주식회사 (iParking Corp.)","   9,892,000"
"949","310877","컴크로스(주)","   9,883,200"
"950","330203","대신네트웍스 주식회사","   9,872,000"
"951","310533","주식회사 유엔에이디지탈(UNA Digital lnc)","   9,864,700"
"952","530084","(주)서한","   9,863,900"
"953","201522","(주)유토닉스","   9,855,100"
"954","120265","종로전기(주)","   9,836,100"
"955","310048","원플러스이엔씨 주식회사","   9,825,800"
"956","200843","(주)용상전기통신","   9,825,600"
"957","113465","(주)엔토스정보통신","   9,822,500"
"958","311512","(주)에이블컴","   9,822,200"
"959","200548","(주)위덱스정보기술","   9,816,600"
"960","311016","탐투스(주)","   9,806,500"
"961","112861","해용정보통신(주)","   9,806,100"
"962","203941","해빛들에너지 주식회사","   9,797,600"
"963","110527","주식회사 세하","   9,792,300"
"964","110005","(주)영원정보통신","   9,776,800"
"965","130168","(주)오티에스","   9,774,000"
"966","112154","(주)코맥스시큐리티","   9,772,500"
"967","120415","화성아이티(주)","   9,768,600"
"968","112175","탑인더스트리(주)","   9,765,200"
"969","200257","(주)컴텔싸인","   9,758,900"
"970","110946","(주)이지전기통신","   9,754,600"
"971","420312","진광에스엔씨 주식회사","   9,754,500"
"972","610218","(주)대호통신","   9,744,500"
"973","130083","(주)영보정보통신","   9,742,100"
"974","112122","(주)티씨아이네트","   9,735,100"
"975","140064","(주)동국산업","   9,733,800"
"976","112596","애니콤정보통신(주)","   9,723,600"
"977","420071","(주)온더시스","   9,721,200"
"978","113218","(주)아이에스엘","   9,720,900"
"979","111579","(주)네오정보시스템","   9,704,000"
"980","130019","(주)세진통신","   9,703,000"
"981","420182","(주)유씨아이","   9,701,600"
"982","203102","주식회사 비디엔에프","   9,698,100"
"983","430090","(주)안현엔지니어링","   9,675,100"
"984","350029","청운이엔에스주식회사","   9,660,200"
"985","310908","(주)윌아이텍","   9,658,500"
"986","150414","(주)보성전자","   9,635,300"
"987","120716","삼원에프에이(주)","   9,629,800"
"988","150388","주식회사 대호","   9,627,700"
"989","320199","(주)이노텍코리아","   9,607,300"
"990","113213","(주)레디아테크놀러지","   9,607,000"
"991","420258","(주)와이엠테크","   9,603,600"
"992","420166","에이치아이네트웍스(주)","   9,595,700"
"993","420248","라온시스템즈(주)","   9,595,300"
"994","420270","주식회사 맥스정보통신","   9,587,100"
"995","201488","(주)메가시스템","   9,585,700"
"996","120088","(주)진명텔레콤","   9,573,500"
"997","120720","현대로템(주)","   9,570,800"
"998","110721","(주)벧엘정보통신","   9,562,500"
"999","420296","주식회사 쓰리피인비전","   9,542,700"
"1000","160238","(유)시원","   9,540,700"
"1001","202528","(주)아이티에이스","   9,540,000"
"1002","202011","(주)에이에스티글로벌","   9,536,300"
"1003","112097","엠에스텔레콤(주)","   9,531,700"
"1004","530073","주식회사 동진","   9,521,200"
"1005","510425","엘토스커뮤니케이션(주)","   9,500,200"
"1006","310215","(주)에스엠네트웍스","   9,497,400"
"1007","111956","(주)에쎈텍네트웍스","   9,494,500"
"1008","550222","(주)케이씨에스","   9,491,700"
"1009","110199","신한종합네트웍스(주)","   9,469,600"
"1010","202939","주식회사 솔루파인","   9,464,500"
"1011","540339","주식회사 디피에스글로벌","   9,463,100"
"1012","310604","(주)셋콤링크","   9,458,700"
"1013","120797","평화텔레콤(주)","   9,450,600"
"1014","310100","(주)디알네트웍스","   9,446,100"
"1016","201257","옥산전기통신(주)","   9,445,800"
"1015","120344","(주)씨티테크","   9,445,800"
"1017","113124","이솔정보통신(주)","   9,442,800"
"1018","550147","(주)유니시큐","   9,440,800"
"1019","110358","대신네트웍스(주)","   9,438,100"
"1020","311698","주식회사 서진정보통신","   9,434,900"
"1021","200722","(주)아이센트","   9,432,400"
"1022","110201","(주)우리별","   9,429,400"
"1023","130291","(주)알파아이엔씨","   9,425,900"
"1024","140175","(주)광정보통신","   9,419,100"
"1025","310557","주식회사 지에스티","   9,415,600"
"1026","312240","주식회사 삼일아이티","   9,407,300"
"1027","110853","(주)이씨에스텔레콤","   9,387,700"
"1028","540173","(주)샘터정보기술","   9,387,600"
"1029","201379","주식회사 파로스시스템","   9,382,400"
"1030","530275","골든시스(주)","   9,375,500"
"1031","311709","주식회사 아이피에스","   9,371,300"
"1032","201030","(주)지에스아이티엠","   9,361,100"
"1033","610225","주식회사 대한네트웍","   9,361,000"
"1034","130099","(합)대우전기통신공사","   9,358,900"
"1035","110475","서광종합개발(주)","   9,358,600"
"1036","130400","(주)나래정보통신","   9,356,700"
"1037","510327","(주)미래엔솔루션","   9,339,100"
"1038","200739","주식회사 세종(Sejong Corp.)","   9,331,900"
"1039","201378","(주)엠지브이보안시스템","   9,315,600"
"1040","130059","(합)미래통신공사","   9,314,800"
"1041","430141","(주)삼미무선정보시스템","   9,313,300"
"1042","120023","(주)중앙전자통신","   9,310,800"
"1043","320470","주식회사 태율정보통신","   9,305,500"
"1044","112201","동은엔지니어링(주)","   9,299,200"
"1045","130080","(합)일육","   9,298,500"
"1046","311123","(주)지텔글로벌","   9,297,000"
"1047","620295","(주)우미개발","   9,294,800"
"1048","202378","(사)장애인인권센터","   9,289,200"
"1049","310202","(주)스타네트웍스","   9,285,600"
"1050","202338","빅썬시스템즈(주)","   9,273,100"
"1051","550058","(주)이콘","   9,237,300"
"1052","201655","에코아이넷(주)","   9,231,600"
"1053","110599","주식회사 동영엠텍","   9,229,900"
"1054","140093","주식회사 정인이엔시","   9,224,400"
"1055","310320","(주)원테크놀로지","   9,223,000"
"1056","113144","(주)우형정보통신","   9,213,600"
"1057","630181","주식회사 애니스마트","   9,211,300"
"1058","110144","주식회사 비츠로시스","   9,208,300"
"1059","202440","주식회사 에이치엘시스템","   9,208,200"
"1060","111321","대선이엔씨(주)","   9,204,400"
"1061","110077","(주)한국전자정보시스템","   9,201,600"
"1062","311099","(주)도연시스템즈","   9,191,700"
"1063","550055","주식회사 서경엔지니어링","   9,188,500"
"1064","330166","(주)재성정보통신","   9,183,000"
"1065","200366","(주)제이에스인컴","   9,180,800"
"1066","111381","두원이에프씨(주)","   9,178,900"
"1067","202265","주식회사 필립이엔씨 (PillipENC Co.,Ltd.)","   9,153,600"
"1068","330112","(주)에스에이텍","   9,150,400"
"1069","203861","주식회사 이룩 (elook Co., Ltd.)","   9,149,100"
"1070","201552","(주)라온비주얼시스템","   9,128,100"
"1071","113002","주식회사 세원","   9,123,900"
"1072","110361","(주)동산텔레콤","   9,114,300"
"1073","310457","(주)서경정보기술","   9,111,500"
"1074","201020","(주)오픈웍스","   9,107,900"
"1075","130174","(주)비디씨","   9,105,300"
"1076","110371","벨코리아(주)","   9,093,700"
"1077","320153","주식회사 시트론","   9,087,900"
"1078","160226","(주)지엔콤","   9,083,000"
"1079","310743","(주)솔루윈","   9,077,600"
"1080","200405","(주)주니파워네트웍스","   9,074,800"
"1081","311388","(주)수빈정보기술","   9,071,800"
"1082","202061","주식회사 루테크","   9,064,700"
"1083","420041","에스텍아이앤씨(주)","   9,042,000"
"1084","113239","(주)스카이뱅크","   9,035,600"
"1085","110486","주식회사 우경하이텍","   9,032,400"
"1086","112552","상승종합통신(주)","   9,030,800"
"1087","202700","(주)동신정보통신","   9,027,400"
"1088","202269","라온이엔씨 주식회사","   9,027,300"
"1089","310446","(주)씨아이시스템","   9,024,700"
"1090","540071","주식회사 우리기술","   9,014,000"
"1091","410158","주식회사 아이티에스비","   9,013,500"
"1092","150282","누리콤(주)","   9,012,000"
"1093","120771","세광정보통신(주)","   9,010,500"
"1094","200227","(주)아이커머","   9,004,300"
"1095","201969","(주)에스엠인포메이션","   9,003,500"
"1096","120247","주식회사 정호링크","   8,995,000"
"1097","510236","(주)동양시스컴","   8,993,700"
"1098","350613","주식회사 화영이엔씨","   8,987,100"
"1099","310082","주식회사 한울소재과학 (HanWool Materials Science, Inc.)","   8,986,600"
"1100","310785","계영정보통신(주)","   8,984,900"
"1101","310546","(주)비전정보통신","   8,972,000"
"1102","610019","(주)퓨처아이스","   8,971,700"
"1103","310983","(주)이피에스이앤이","   8,971,500"
"1104","420044","동양네트웍스(주)","   8,969,800"
"1105","111149","주식회사 디비아이엔씨(DB Inc.)","   8,959,200"
"1106","311875","(주)에피테크","   8,956,100"
"1107","160026","(유)제이케이건설","   8,955,100"
"1108","620070","(주)가온이엠씨","   8,953,900"
"1109","540067","주영정보통신(주)","   8,949,700"
"1110","140214","명인정보통신(주)","   8,947,700"
"1111","530319","주식회사 아이티센코어(ITCENCORE CO.,LTD.)","   8,944,800"
"1112","320071","(주)엑스파워정보통신","   8,940,400"
"1113","310569","(주)시스템앤솔루션","   8,935,100"
"1114","110738","(주)동서전기통신","   8,924,200"
"1115","120450","노블테크(주)","   8,924,000"
"1116","111609","회명정보통신(주)","   8,914,900"
"1117","312094","주식회사 원츠넷 (Wantsnet Co., Ltd.)","   8,912,900"
"1118","112297","(주)케이더블유엠산업기술","   8,905,000"
"1119","610165","(주)엠에스아이티","   8,904,400"
"1120","110378","(주)신성전자통신","   8,903,600"
"1121","202489","세연아이넷(주)","   8,900,900"
"1122","202926","사단법인 한국장애인미래정책포럼 (Korea Disabled Future Policy Forum)","   8,895,700"
"1123","530199","예은시스템(주)","   8,891,400"
"1124","130456","삼성디지컴(주)","   8,891,100"
"1125","311242","대상건설 주식회사","   8,888,100"
"1126","311319","대경정보통신(주)","   8,886,200"
"1127","320185","주식회사 광안이앤씨","   8,883,500"
"1128","510706","해진건설 주식회사","   8,881,800"
"1129","150070","(주)명성씨앤에스","   8,878,700"
"1130","311464","이에스텍이엔지(주)","   8,872,400"
"1131","112916","(주)창흥텔레콤","   8,871,200"
"1132","203295","동부엔텍 주식회사(DongbunTECH CO.,LTD)","   8,869,900"
"1133","110633","육일정보통신(주)","   8,868,800"
"1134","540274","(주)에스엘테크","   8,868,700"
"1135","120136","(주)유엔텍","   8,843,600"
"1136","510391","(주)휴메인텍","   8,837,500"
"1137","311216","(주)비츠에스앤지","   8,834,700"
"1138","111729","(주)해오름이엔씨","   8,830,700"
"1139","320068","(주)나은엔지니어링","   8,821,300"
"1140","110189","(주)넥슨정보통신","   8,820,000"
"1141","311764","주식회사 티피지테크","   8,809,000"
"1142","203348","주식회사 가이드삼정","   8,807,100"
"1143","150386","주식회사 대창이엔씨","   8,792,300"
"1144","110962","(주)다남정보통신","   8,789,100"
"1145","540244","주식회사 테라아이앤씨","   8,787,700"
"1146","200111","비케이앤파워컴 주식회사(B.K & Powercomm)","   8,768,100"
"1147","130020","충청통신(자)","   8,763,300"
"1148","630162","주식회사 우진이엔에스","   8,761,000"
"1149","110686","(주)타코스텔레콤","   8,756,100"
"1150","420395","주식회사 아이티유","   8,751,700"
"1151","510247","(주)케이씨엠솔루션","   8,747,000"
"1152","201358","도안파비스(주)","   8,744,000"
"1153","110496","주식회사 이노펌프","   8,732,900"
"1154","620229","(주)두리씨앤에스(Doori C&S Co., Ltd.)","   8,732,200"
"1155","350444","에프에스티코리아 주식회사","   8,725,400"
"1156","610128","(주)드림코","   8,725,200"
"1157","550016","주식회사 세창전기","   8,722,700"
"1158","420354","주식회사 글로벌시스템스","   8,720,400"
"1159","530039","주식회사 서경","   8,719,000"
"1160","130212","(주)세광","   8,712,700"
"1161","350298","주식회사 금원","   8,701,100"
"1162","202095","(주)소프트센","   8,699,300"
"1163","420454","(주)와이엠솔루션","   8,699,100"
"1164","420012","(주)중부보안","   8,697,300"
"1165","110117","주식회사 아이티센엔텍 (ITCENENTEC CO.,LTD.)","   8,696,000"
"1166","311857","주식회사 에이아이네트웍","   8,687,200"
"1167","610194","(주)에스디정보통신","   8,683,800"
"1168","410068","선원건설 주식회사","   8,681,900"
"1169","111489","지에스(주)","   8,678,100"
"1170","203310","주식회사 글로벌정보통신","   8,675,000"
"1171","201791","주식회사 메타넷글로벌(Metanet Global Co., Ltd.)","   8,658,400"
"1172","420020","(주)멀티정보통신","   8,658,300"
"1173","200827","(주)누리온정보통신","   8,637,600"
"1174","320192","유니아이엔씨(주)","   8,636,500"
"1175","310802","(주)에스시큐리티","   8,635,300"
"1176","120593","주식회사 선문","   8,625,500"
"1177","200304","엔텍월드(주)","   8,615,900"
"1178","540318","(주)피플데이타","   8,609,500"
"1179","140215","(주)대진정보기술","   8,608,100"
"1180","350146","(주)동일이엔지","   8,606,400"
"1181","200750","아이디비넷(주)","   8,606,300"
"1182","202222","(주)네트웍리더","   8,603,700"
"1183","520127","(주)좋은정보시스템","   8,599,600"
"1184","120170","한화비전 주식회사","   8,593,000"
"1185","200114","(주)지엠티","   8,584,100"
"1186","110204","태현정보통신(주)","   8,583,100"
"1187","320156","주식회사 세원테크넷","   8,580,200"
"1188","120730","(주)윌네트","   8,579,800"
"1189","113295","소성정보기술(주)","   8,575,500"
"1190","310279","주식회사 대륙이엔지 (DAERYUK ENG CO.,LTD.)","   8,571,500"
"1191","201937","(주)한맥아이티","   8,556,200"
"1192","520084","가온아이티에스(주)","   8,555,800"
"1193","311195","태경정보통신(주)","   8,552,200"
"1194","530120","주식회사 더여일","   8,551,700"
"1195","120206","성창통신(주)","   8,548,700"
"1196","320211","주식회사 우리기술","   8,541,100"
"1197","620273","사단법인 더불어사는 장애인복지회","   8,537,900"
"1198","130025","일광전설(주)","   8,537,100"
"1199","111303","(주)청음미디어","   8,532,100"
"1200","111560","삼일씨티에스(주)","   8,531,600"
"1201","170053","두진통신산업(주)","   8,526,200"
"1202","112382","대보건설(주)","   8,514,700"
"1204","203083","주식회사 아이티룩스","   8,510,300"
"1203","200341","(주)엠앤에이치","   8,510,300"
"1205","130052","(주)현대통신공사","   8,509,600"
"1206","150336","(주)우주씨앤티","   8,508,200"
"1207","310706","(주)에쓰엔씨정보기술","   8,501,300"
"1208","311173","(주)비엔티플러스","   8,499,300"
"1209","202582","(주)피앤지텍","   8,495,100"
"1210","140138","아이티텍(유) (IT Tech Co. ,Ltd.)","   8,492,300"
"1211","201209","주식회사 엠스톤유넷","   8,488,300"
"1212","510073","주식회사 에스엠씨","   8,467,100"
"1213","203061","주식회사 본정보","   8,450,200"
"1214","311262","(주)파도시스템","   8,446,200"
"1215","202143","(주)진성시스템","   8,446,200"
"1216","311257","(주)두온네트웍스","   8,441,200"
"1217","200403","(주)앤앤에스피","   8,439,700"
"1218","550100","비케이시스템즈(주)","   8,431,400"
"1219","160043","(유)오성통신","   8,428,200"
"1220","320492","주식회사 비앤에스컴퍼니","   8,426,800"
"1221","540151","(주)지성이엔지","   8,398,000"
"1222","510085","(주)유케이","   8,397,200"
"1223","530336","영라인 주식회사","   8,387,500"
"1224","202012","키노톤 주식회사","   8,385,100"
"1225","310588","(주)더존시스템","   8,383,900"
"1226","111994","주식회사 더웨이브","   8,383,400"
"1227","200189","(주)우리젠","   8,382,300"
"1228","120079","주식회사 엠알씨(MRC Inc.)","   8,380,100"
"1229","620081","(주)우리텍","   8,376,200"
"1230","110522","주식회사 포스코디엑스 (POSCO DX COMPANY LTD.)","   8,375,700"
"1231","201612","(주)완일이씨에스","   8,372,600"
"1232","202349","샘솔정보(주)","   8,372,300"
"1233","170026","첨단정보통신(주)","   8,368,500"
"1234","610333","주식회사 디나텍","   8,348,300"
"1235","312007","주식회사 삼우(SAMWOO INC)","   8,343,600"
"1236","430165","(주)규담오티에스","   8,342,400"
"1237","510094","한일미디어텍","   8,341,700"
"1238","320134","길샘정보통신","   8,329,800"
"1239","110407","(주)현신정보통신","   8,329,300"
"1240","203020","주식회사 큐엘씨파워정보통신","   8,325,000"
"1241","120583","(주)금호태크","   8,322,200"
"1242","420059","(주)에스티씨","   8,312,000"
"1243","610253","청명(주)","   8,311,800"
"1244","110617","(주)한길통신","   8,310,500"
"1245","110651","(주)한일전자시스템","   8,299,800"
"1246","310007","(주)경인씨엔에스","   8,299,500"
"1247","120205","주식회사 광진티앤씨","   8,298,500"
"1248","202697","(주)에스엠시스템즈","   8,296,900"
"1249","311251","(주)에스하이웨이","   8,292,000"
"1250","130125","(주)파란텔","   8,290,100"
"1251","430048","주식회사 일경네트워크","   8,288,200"
"1252","202596","포스나인미디어(주)","   8,285,600"
"1253","430072","(주)나우테크","   8,275,400"
"1254","130315","누리정보통신(주)","   8,272,200"
"1255","311116","주식회사 대유미디어시스템즈","   8,272,000"
"1256","510230","주식회사 늘푸른정보기술","   8,271,500"
"1257","111982","주식회사 라인정보통신","   8,267,000"
"1258","201835","(주)자유전설","   8,266,300"
"1259","110248","제일아이앤에스(주)","   8,260,500"
"1260","410185","두원이엔지 주식회사","   8,259,400"
"1261","350030","(주)아이티엔에스","   8,256,900"
"1262","203042","주식회사 몽블","   8,256,400"
"1263","201273","(주)에이치엠솔루션","   8,255,600"
"1264","112657","(주)세인씨앤씨","   8,253,700"
"1265","201543","명신씨엔에스(주)","   8,250,000"
"1267","350074","씨엠정보통신(주)","   8,247,700"
"1266","420014","(주)대전텔레콤","   8,247,700"
"1268","320086","(주)아현정보기술","   8,245,900"
"1269","510121","주식회사 디아이앤씨","   8,239,100"
"1270","530238","이디에스 주식회사","   8,236,800"
"1271","160010","(주)백광전기통신","   8,234,300"
"1272","530016","(주)인포셋","   8,233,500"
"1273","201484","주식회사 인프라이엔씨","   8,231,100"
"1274","130387","제이에스통신건설(주)","   8,229,500"
"1275","202529","(주)이담에스티","   8,229,400"
"1277","203280","주식회사 펜타게이트(PentaGate Co.,Ltd)","   8,227,100"
"1276","201773","(주)파크엘즈","   8,227,100"
"1278","320373","주식회사 씨엔엔정보기술","   8,220,900"
"1279","111659","(주)명현정보통신","   8,219,600"
"1280","120439","(주)세안정보통신전기","   8,216,400"
"1281","113381","주식회사 비트플래닛(BITPLANET Co.,Ltd.)","   8,209,400"
"1282","200291","(주)케이엘넷","   8,204,500"
"1283","120251","(주)광시스템","   8,199,700"
"1284","130115","(주)우진엔지니어링","   8,198,000"
"1285","140099","(주)하나통신","   8,194,100"
"1286","350012","주식회사 남동기술(NamDong-gisul)","   8,186,200"
"1287","202645","(주)만사시스템","   8,184,200"
"1288","310037","크리스탈이엔이(주)","   8,179,200"
"1289","201906","(주)락플레이스","   8,177,700"
"1290","310141","(주)지성하이텍","   8,174,500"
"1291","130014","(주)청림텔레콤","   8,160,900"
"1292","311919","주식회사 성창이엔씨","   8,148,800"
"1293","201664","(주)은혜정보통신","   8,148,700"
"1294","202928","주식회사 제이원아이티(JwonIT Co., Ltd.)","   8,143,100"
"1295","120282","(주)비넷츠","   8,137,700"
"1296","530093","(주)한국아이티에스","   8,136,900"
"1297","110965","(주)청남통신","   8,122,500"
"1298","200651","(주)청명씨앤아이","   8,120,500"
"1299","202100","(주)모피언스","   8,104,900"
"1300","311985","주식회사 비앤지","   8,090,900"
"1301","202740","(주)넥솔위즈빌","   8,090,700"
"1302","312095","주식회사 엔티에스","   8,079,800"
"1303","112681","(주)제이제이","   8,076,100"
"1304","130263","대신네트웍스(주)","   8,074,400"
"1305","200303","(주)월드멀티넷","   8,071,400"
"1306","530373","주식회사 줌네트웍스","   8,059,900"
"1307","120804","아시아통신(주)","   8,059,100"
"1308","320250","주식회사 이든솔","   8,058,500"
"1309","330279","주식회사 에이치큐엘씨","   8,045,000"
"1310","311201","(주)아이에스피테크","   8,036,600"
"1311","311817","디알시스 주식회사","   8,026,500"
"1312","112539","극동정보기술 주식회사","   8,024,300"
"1313","150062","주식회사 은새이앤티","   8,021,800"
"1314","180005","광명디앤씨 주식회사","   8,011,700"
"1315","111501","한국이엠에스(주)","   7,996,300"
"1316","202934","주식회사 피앤에스네트웍솔루션","   7,993,800"
"1317","201544","씨스존(주)","   7,980,500"
"1318","510279","(주)현대엔지니어링","   7,978,300"
"1319","311395","주식회사 힌트 (HINT.CO.,Ltd.)","   7,977,700"
"1320","200723","대신브이씨에스(주)","   7,974,600"
"1321","112645","(주)우성텔레콤","   7,974,500"
"1322","112186","주식회사 다예테크넷","   7,970,900"
"1323","112765","네오넷피아(주)","   7,969,700"
"1324","180021","(주)흥도통신","   7,969,300"
"1325","410233","주식회사 디엠정보기술","   7,966,000"
"1326","310719","동인이엔씨(주)","   7,962,900"
"1327","350418","주식회사 신아솔루션","   7,962,700"
"1328","350360","주식회사 플랜비","   7,954,700"
"1329","111610","링크정보통신(주)","   7,954,000"
"1330","200668","주식회사 다윈산업","   7,953,700"
"1331","310484","(주)GES","   7,952,600"
"1332","112716","(주)위드텍","   7,949,100"
"1333","510186","주식회사 씨에스엔아이","   7,948,700"
"1334","310847","씨엔씨엔지니어링(주)","   7,945,400"
"1335","140505","주식회사 조인테크","   7,932,300"
"1336","320096","주식회사 정도산업","   7,930,800"
"1337","530329","주식회사 지아이솔루션즈","   7,930,400"
"1338","311280","(주)맥시오","   7,930,000"
"1339","112056","테크노빌리지(주)","   7,928,100"
"1340","420099","주식회사 케이에스","   7,926,800"
"1341","200307","(주)뉴넷정보기술","   7,926,400"
"1342","201549","(주)나우시스템","   7,922,700"
"1343","202894","주식회사 클라모스(Clamos Co.,Ltd.)","   7,920,000"
"1344","202311","(주)에이앤티플러스","   7,919,200"
"1345","202784","주식회사 케이티아이에스 (ktis Corporation)","   7,913,800"
"1346","610342","주식회사 굿퍼스트정보기술","   7,909,600"
"1347","112545","(주)씨월드정보기술","   7,900,000"
"1348","311037","(주)리드앤","   7,892,700"
"1349","310955","주식회사 에이치더블유","   7,892,000"
"1350","201572","(주)하나전기","   7,889,600"
"1351","200359","(주)세리엔지니어링","   7,887,200"
"1352","640127","주식회사 해피넷","   7,880,200"
"1353","130471","(주)엘엔씨","   7,877,800"
"1354","320047","(주)에스유테크","   7,872,900"
"1355","202769","주식회사 진중아이티","   7,870,200"
"1356","520025","신성아이시티(주)","   7,868,500"
"1357","310297","주식회사 피씨엔","   7,867,600"
"1358","310823","(주)한성전자산업","   7,864,900"
"1359","410148","주식회사 에이치에스이노텍","   7,864,400"
"1360","201946","(주)티케이","   7,856,200"
"1361","203328","주식회사 공유테크(Gong You Tech., Ltd.)","   7,837,100"
"1362","203229","주식회사 그렉터","   7,836,000"
"1363","180044","(주)섬엔지니어링","   7,832,500"
"1364","201907","(주)범우정보기술","   7,831,900"
"1365","410028","주식회사 한백시스템","   7,830,900"
"1366","111145","(주)대경기전","   7,827,000"
"1367","112581","(주)에스티씨네트웍스","   7,825,000"
"1368","110843","(주)조은시스템","   7,822,300"
"1369","140027","주식회사 앙츠 (Antz. Co., Ltd)","   7,821,400"
"1370","410211","(주)나웅테크","   7,814,900"
"1371","550067","(주)신화유디텍","   7,808,800"
"1372","201196","(주)누리제어시스템","   7,804,200"
"1373","530315","다올정보통신 주식회사","   7,804,100"
"1374","202481","(주)스마트웍스","   7,792,700"
"1375","430045","첨단제어시스템(주)","   7,789,800"
"1376","111689","(주)퓨젼아이앤씨","   7,789,400"
"1377","420057","(주)원모어정보시스템","   7,788,400"
"1378","203207","더함비즈 주식회사","   7,785,000"
"1379","540149","(주)유에이썬","   7,773,600"
"1380","111338","공간미디어(주)","   7,769,400"
"1381","201538","브이투씨(주)","   7,763,400"
"1382","202203","주식회사 케이네트웍스","   7,762,300"
"1383","510698","주식회사 에코솔루션이앤지 (ECO SOLUTION ENG CO., Ltd)","   7,757,400"
"1384","110270","새서울정보통신(주)","   7,755,700"
"1385","350041","주식회사 디앤비엔지니어링","   7,753,500"
"1386","320040","(주)오라엔지니어링","   7,750,400"
"1387","111082","주식회사 금강뉴이앤씨","   7,749,300"
"1388","320295","주식회사 동우지씨에스","   7,746,200"
"1389","310083","주식회사 부강정보통신","   7,735,100"
"1390","530306","주식회사 케이스마트피아(K-SmartPia CO., LTD)","   7,729,600"
"1391","520132","(주)엔투스","   7,713,900"
"1392","320381","주식회사 일신앤아이에스","   7,713,900"
"1393","113021","주식회사 도부네트웍스","   7,712,700"
"1394","110255","(주)화성정보통신","   7,712,600"
"1395","310538","(주)삼신씨엔에스","   7,712,000"
"1396","420499","에이원인포텍 주식회사","   7,709,500"
"1397","111281","주식회사 스마일테크넷","   7,708,500"
"1398","150445","(주)성우이엔티","   7,707,300"
"1399","111196","(주)지엔티","   7,704,700"
"1400","550080","아이에스동서(주)","   7,702,800"
"1401","202754","(주)엔시스템즈","   7,687,400"
"1402","202204","보은전자방송통신(주)","   7,686,400"
"1403","120138","(주)창성통신","   7,682,000"
"1404","311489","주식회사 포스정보통신","   7,676,900"
"1405","640125","주식회사 진우엔에스","   7,673,900"
"1406","111045","주식회사 이노앤쏘","   7,672,300"
"1407","113493","주식회사 정암정보통신","   7,671,700"
"1408","311107","이터널(주)","   7,671,100"
"1409","120101","(주)금호이.티.시","   7,670,100"
"1410","111486","(주)대호아이티에스","   7,667,100"
"1411","130064","성창 주식회사","   7,665,100"
"1412","510558","(주)시스로그","   7,663,500"
"1413","630300","유한회사 태산","   7,661,000"
"1414","550156","(주)시아이티","   7,640,700"
"1415","120214","(주)웨이제닉테크","   7,640,100"
"1416","410044","주원통신(주)","   7,638,900"
"1417","530353","국동이엔티(주)","   7,631,800"
"1418","160029","(유)삼일통신","   7,627,900"
"1419","320411","주식회사 위트콘","   7,624,200"
"1420","350258","주식회사 사람과통신","   7,623,900"
"1421","311847","주식회사 아주엔지니어링","   7,612,900"
"1422","410179","드림솔루션 주식회사","   7,611,900"
"1423","110411","(주)인터엠","   7,609,600"
"1424","111692","(주)비전정보통신","   7,604,400"
"1425","140498","(주)코리아넷","   7,603,400"
"1426","310281","(주)핍스","   7,592,100"
"1427","311869","(주)이한엔에스","   7,589,600"
"1428","540207","주식회사진영이앤티","   7,589,500"
"1429","140105","주식회사 영풍","   7,588,100"
"1430","110447","진흥기업(주)","   7,585,400"
"1431","110388","(주)정우통신","   7,579,300"
"1432","202025","(주)윈투스시스템","   7,575,300"
"1433","540086","대신네트웍스(주)","   7,563,000"
"1434","201197","하이텍앤솔 주식회사","   7,559,800"
"1435","420100","새빛기술(주)","   7,554,500"
"1436","320048","유티모스트아이엔에스(주)","   7,550,800"
"1437","510119","케이제이무선(주)","   7,543,200"
"1438","111877","(주)에스앤티에스","   7,542,000"
"1439","202830","주식회사 시스메이트","   7,541,700"
"1440","610256","주식회사 그리드텍","   7,540,900"
"1441","320112","대신네트웍스(주)","   7,536,600"
"1442","201150","이유솔루션(주)","   7,513,100"
"1443","202778","주식회사 시온네트워크","   7,511,400"
"1444","420208","사이테크놀로지스 주식회사","   7,508,600"
"1445","410359","주식회사 제이앤에이텔레콤","   7,504,100"
"1446","200064","주식회사 노하우전기통신","   7,503,400"
"1447","202245","(주)다임즈","   7,494,300"
"1448","530070","(주)에이치에스","   7,492,700"
"1449","311188","(주)썬즈","   7,490,700"
"1450","202069","시큐어밸리(주)","   7,490,600"
"1451","160119","대신네트웍스(주)","   7,488,200"
"1452","200724","(주)시큐뱅크","   7,487,200"
"1453","203525","주식회사 이제이정보시스템","   7,481,200"
"1454","201490","(주)제이에스넷시스템","   7,475,800"
"1455","310300","호산이앤씨 주식회사","   7,474,600"
"1456","540184","아이엔씨에스","   7,469,600"
"1457","200717","주식회사 서울음향","   7,467,900"
"1458","202936","주식회사 코콤텍","   7,467,200"
"1459","620184","(주)성산씨엔에스","   7,465,600"
"1460","320351","대림통신 주식회사","   7,462,800"
"1461","111383","이수건설(주)","   7,462,200"
"1462","202260","(주)케이비정보통신","   7,462,100"
"1463","310370","(주)디지탈라인","   7,461,000"
"1464","202659","(주)서우건설산업","   7,457,300"
"1465","350021","옴니시스템(주)","   7,452,300"
"1466","420416","주식회사 가드온다이내믹스","   7,450,100"
"1467","310291","일메테크(주)","   7,441,100"
"1468","540039","엘제이테크(주)","   7,433,300"
"1469","130396","(주)연무기술","   7,432,400"
"1470","200171","(주)하나이엔디","   7,431,100"
"1471","202232","(주)아미넷","   7,430,600"
"1472","310010","가온정보통신 주식회사","   7,425,700"
"1473","430168","(주)코아아이티","   7,421,500"
"1474","203482","티에스인싸이트 유한회사 (TSINSIGHT LLC.)","   7,420,400"
"1475","120259","(주)루트앤루트","   7,419,200"
"1476","510294","(주)아이에스엠","   7,417,100"
"1477","112639","주식회사 아이앤씨파트너스(INC PARTNERS Co.,Ltd.)","   7,413,800"
"1478","430063","(주)무한정보","   7,407,600"
"1479","420211","주식회사 조은기술","   7,406,000"
"1480","630126","(유)세일","   7,396,000"
"1481","202436","(주)소나텍","   7,390,300"
"1482","311557","(주)티제이네트워크","   7,387,600"
"1483","111297","케이전기통신 주식회사","   7,387,500"
"1484","201614","(주)엘림넷","   7,379,900"
"1485","320091","주식회사 중진","   7,376,400"
"1486","510692","주식회사 지엘네트워크","   7,374,000"
"1487","310939","(주)한국아이오티기술원(K-IOTT. INC)","   7,372,800"
"1488","110793","(주)제이앤씨컴","   7,361,700"
"1489","202667","(주)아이아이에스티","   7,358,300"
"1490","200082","주식회사 해그린","   7,355,400"
"1491","120014","(주)용진통신","   7,353,200"
"1492","200596","(주)온파워아이앤티","   7,353,000"
"1493","112287","신우정보통신(주)","   7,349,700"
"1494","520086","주식회사 비전아이티","   7,346,800"
"1495","203674","대방산업개발 주식회사","   7,345,900"
"1496","110397","(주)동방텔레콤","   7,344,400"
"1497","120498","대신네트웍스(주)","   7,344,200"
"1498","620178","(사)한올장애인자립복지회","   7,340,200"
"1499","140364","(주)성원이앤지","   7,337,500"
"1500","410175","(주)에스마루","   7,335,600"
"1501","200754","(주)911무인경비시스템","   7,334,900"
"1502","550204","태현네트웍스(주)","   7,333,000"
"1503","420073","(주)동승전기","   7,328,200"
"1504","200932","(주)데이타렉스","   7,326,900"
"1505","150065","(주)대림통신","   7,326,300"
"1506","620249","주식회사 대광건영","   7,325,300"
"1507","203776","주식회사 이레아이디에스","   7,324,800"
"1508","320201","코콤정보통신 주식회사","   7,313,900"
"1509","610176","알앤비시스템(주)","   7,313,600"
"1510","150247","(주)위츠","   7,311,700"
"1511","110098","보성통신기술(주)","   7,309,900"
"1512","510135","주식회사 광일정보시스템","   7,305,700"
"1513","530263","유타스(주)","   7,305,500"
"1514","311795","信元綜合開發 株式會社","   7,303,700"
"1515","112195","주식회사 아이티센클로잇 (ITCENCLOIT CO.,LTD.)","   7,299,900"
"1516","111781","태우산전","   7,298,200"
"1517","510222","(주)서진아이티에스","   7,297,200"
"1518","203640","주식회사 알트온(Alt-On Co,Ltd.)","   7,296,800"
"1519","510161","(주)와이즈박스","   7,293,300"
"1520","630127","(유)드림테크","   7,286,300"
"1521","112761","(주)아이티언","   7,278,700"
"1522","150209","주식회사 가영테크","   7,278,200"
"1523","310090","대성아이넷(주)","   7,278,000"
"1524","550020","(주)경남네트워크","   7,276,800"
"1525","120515","(주)경동텔레콤","   7,272,400"
"1526","610274","한결정보기술 주식회사","   7,271,200"
"1527","311011","주식회사 키코 (KIKO Co.,Ltd.)","   7,269,200"
"1528","200789","(주)네시비스","   7,266,000"
"1529","111934","(주)티지오","   7,265,000"
"1530","540045","쎄인탑(주)(SEINTOP Co.,Ltd.)","   7,258,700"
"1531","610124","(주)대한엔지니어링","   7,258,600"
"1532","180007","태광통신(주)","   7,256,400"
"1533","201977","(주)네비웍스","   7,255,700"
"1534","640016","(주)유비즈정보기술","   7,251,200"
"1535","140225","(주)유풍정보기술","   7,248,400"
"1536","160110","완전정보통신(주)","   7,247,500"
"1537","111834","동서이엔씨(주)","   7,239,300"
"1538","113043","케이에스아이(주)","   7,237,700"
"1539","110708","(주)창성에이스산업","   7,232,900"
"1540","140072","(유)지원통신","   7,228,400"
"1541","420464","(주)글로벌넷","   7,226,400"
"1542","200489","(주)대주전력","   7,221,700"
"1543","311425","주식회사 은하","   7,220,800"
"1544","350094","주식회사 케이케이투","   7,220,600"
"1545","310913","비티컨설턴트(주)","   7,217,600"
"1546","120184","(주)아신정보기술","   7,215,000"
"1547","311263","(주)지브이코리아","   7,210,200"
"1548","203022","주식회사 엠스텍(MSTECH Inc.)","   7,206,300"
"1549","550371","주식회사 비에스정보통신","   7,206,200"
"1550","110405","삼성전자(주)","   7,205,900"
"1551","111413","인천전기통신(주)","   7,198,300"
"1552","630029","(주)썬더테크놀로지","   7,193,300"
"1553","630182","유한회사 대성정보기술","   7,187,500"
"1554","110139","대한전선(주)","   7,185,400"
"1555","510466","(주)이노메트릭스","   7,181,100"
"1556","610032","케이엠티시스템 주식회사","   7,180,900"
"1557","311641","주식회사 원테크시스템","   7,180,500"
"1558","311052","주식회사 서보","   7,180,300"
"1559","200402","(주)신성글로벌네트워크","   7,179,700"
"1560","150510","(주)드림넷코리아","   7,173,600"
"1561","420418","영아이티 주식회사","   7,172,400"
"1562","203760","주식회사 노바디엑스","   7,170,100"
"1563","550042","(주)경남통신기술","   7,166,000"
"1564","310177","주식회사 한산피엔씨","   7,165,600"
"1565","310813","주식회사 에스티씨안산","   7,165,100"
"1566","320191","(주)도빈","   7,163,200"
"1567","150199","(주)와이즈드림","   7,161,800"
"1568","201301","코리아데이타코퍼레이션(주)","   7,161,600"
"1569","310545","(주)대성엔이씨","   7,158,600"
"1570","110533","(주)하이테크","   7,157,300"
"1571","640019","(주)월드씨앤에스","   7,150,500"
"1572","330125","(주)미래정보기술","   7,144,900"
"1573","112471","(주)동화이엔씨","   7,140,100"
"1574","510334","(주)온누리텔레콤","   7,136,900"
"1575","120269","제일정보통신(주)","   7,132,500"
"1576","200125","주식회사 웨이버스(WAVUS Co,Ltd)","   7,129,500"
"1577","420078","피씨랜정보(주)","   7,122,800"
"1578","110676","신동아건설(주)","   7,122,700"
"1579","150246","한세정보통신(주)","   7,121,100"
"1580","540114","(주)제이넷통신","   7,119,000"
"1581","311420","(주)창일정보통신","   7,105,600"
"1582","113399","(주)비컴","   7,103,600"
"1583","170159","(주)솔더","   7,101,200"
"1584","310902","(주)영은시스템","   7,088,700"
"1585","320018","인아이티 주식회사","   7,087,200"
"1586","310715","(주)프라임테크넷","   7,086,500"
"1587","540196","(주)케이씨에스","   7,084,300"
"1588","111860","다손테크(주)","   7,078,400"
"1589","410188","주식회사 대한전기통신","   7,076,100"
"1590","630074","(주)에스엠케이정보통신","   7,072,600"
"1591","310309","한국디지탈콘트롤(주)","   7,072,500"
"1592","120408","(주)황주","   7,067,400"
"1593","320268","원창이앤씨 주식회사","   7,067,300"
"1594","420234","(주)유아이에스","   7,063,600"
"1595","530242","(주)에스씨정보통신","   7,057,200"
"1596","203697","주식회사 씨앤아이테크","   7,057,100"
"1597","111708","(주)이지텔레콤","   7,057,000"
"1598","320360","에스제이파워(주)","   7,055,000"
"1599","201527","(주)컴스정보기술","   7,053,500"
"1600","120778","주식회사 우리아이티","   7,053,200"
"1601","640014","(주)시스넷정보기술","   7,053,000"
"1602","510035","금영전기통신 주식회사","   7,052,700"
"1603","540356","삼화전력 주식회사","   7,052,600"
"1604","410090","(주)후엔지니어링","   7,052,000"
"1605","530231","(주)유명이앤씨","   7,048,000"
"1606","150406","제일정보통신(주)","   7,042,500"
"1607","112077","코리아이지텔(주)","   7,041,000"
"1608","150192","주식회사 태온","   7,039,000"
"1609","203472","지성정보 주식회사","   7,035,700"
"1610","350067","하나정보기술(주)","   7,034,600"
"1611","311311","(주)이피씨","   7,029,800"
"1612","200729","(주)포스트엠비","   7,023,800"
"1613","201081","선진인포텍(주)","   7,022,800"
"1614","320303","주식회사 유이에스인프라","   7,020,900"
"1615","620001","(주)버티스","   7,018,700"
"1616","200858","유텔레콤(주)","   7,014,700"
"1617","330116","주식회사 케이탑시스템","   7,013,700"
"1618","530092","(주)뉴피에스","   7,012,800"
"1619","550159","에스네트웍스(주)","   7,012,200"
"1620","520087","(주)진네트웍스","   7,011,400"
"1621","320108","주식회사 석원정보통신","   7,007,100"
"1622","310176","삼일데이타시스템(주)","   7,006,400"
"1623","311417","(주)엑스리치네트웍스","   7,005,900"
"1624","430023","주식회사 엔베스트","   7,005,200"
"1625","430138","주식회사 차세대정보통신","   7,005,200"
"1626","202985","주식회사 자이온","   6,998,300"
"1627","630083","(주)올포랜드","   6,995,400"
"1628","110807","(주)지오","   6,988,700"
"1629","410107","주식회사 제이씨큐","   6,986,400"
"1630","201267","엠에스온(주)","   6,985,900"
"1631","203558","주식회사 다가올아이앤씨","   6,981,600"
"1632","350406","(주)에스오정보통신","   6,981,200"
"1633","112319","주식회사 나라이엔씨","   6,977,800"
"1634","111685","신신이앤씨 주식회사","   6,976,900"
"1635","120727","(주)홍익무선","   6,974,900"
"1636","440025","이도에코원 주식회사 (YIDO EcoOne Inc.)","   6,969,700"
"1637","140183","온누리(주)","   6,955,700"
"1638","200927","(주)유신테크","   6,954,100"
"1639","510561","(주)제이앤","   6,950,200"
"1640","111426","하비넷정보통신(주)","   6,938,400"
"1641","311504","(주)아이티씨테크","   6,934,200"
"1642","620037","에스앤지텔레콤(주)","   6,933,200"
"1643","160234","주식회사 마루이앤씨","   6,932,300"
"1644","310116","(주)파이브텍","   6,928,900"
"1645","130287","주식회사 아워스","   6,927,900"
"1646","350370","주식회사 파브미디어","   6,919,600"
"1647","310173","(주)씨앤티콘트롤스","   6,918,200"
"1648","202180","(주)에이치엔엠","   6,915,800"
"1649","320469","주식회사 지나컴퍼니","   6,911,800"
"1650","630167","주식회사 새눈","   6,910,200"
"1651","201917","(주)태건씨앤씨","   6,909,500"
"1652","330119","주식회사 웹게이트","   6,909,000"
"1653","113363","(주)윌테크","   6,900,300"
"1654","130133","다우정보(주)","   6,895,300"
"1655","160144","유한회사 에이치와이테크","   6,895,000"
"1656","610171","세광정보통신(주)","   6,894,900"
"1657","530413","주식회사 애니텍","   6,893,500"
"1658","150636","(주)오투에이브이","   6,890,600"
"1659","150632","(주)태영정보","   6,888,500"
"1660","110728","(주)와이씨스템","   6,882,900"
"1661","150457","한진영상정보(주)","   6,881,100"
"1662","202268","(주)아이비리더스","   6,879,500"
"1663","510076","화성티이씨(주)","   6,872,400"
"1664","201418","고현건설(주)","   6,866,500"
"1665","430016","(주)에스엔케이미디어","   6,857,900"
"1666","200563","(주)이수","   6,853,100"
"1667","112754","(주)주은정보시스템","   6,853,000"
"1668","111705","씨아이즈(주)","   6,848,800"
"1669","201411","주식회사 코아맥스테크놀로지(COREMAX TECHNOLOGY CO.,LTD.)","   6,845,900"
"1670","203128","주식회사 엔지스웨이","   6,843,000"
"1671","640088","청수개발 주식회사","   6,840,500"
"1672","110949","에이치유앤티(주)","   6,837,200"
"1673","610329","신우엔지니어링 주식회사","   6,833,100"
"1674","311758","주식회사 롤텍","   6,828,200"
"1675","350149","(주)아이에스텍","   6,827,400"
"1676","312474","주식회사 바이오네트웍스(Vio Networks Inc.)","   6,815,800"
"1677","330305","주식회사 휴먼시스템즈","   6,808,400"
"1678","111137","(주)일능","   6,808,300"
"1679","130405","청맥산업(주)","   6,807,600"
"1680","200693","주식회사 매그넷","   6,804,400"
"1681","140283","(주)비아이씨스템","   6,803,500"
"1682","320254","주식회사 에이블아이앤씨","   6,803,100"
"1683","530126","(주)신라이앤씨","   6,802,300"
"1684","640082","(주)대은계전","   6,801,600"
"1685","410078","서호정보통신(주)","   6,800,100"
"1686","610036","(주)알파이앤시","   6,799,100"
"1687","200472","(주)장수커뮤니케이션즈","   6,796,800"
"1688","201843","(주)제이엔테크놀러지","   6,791,900"
"1689","311064","주식회사 에이샛(ASAT.Co.,Ltd)","   6,790,100"
"1690","130006","(주)우주전기통신","   6,787,300"
"1691","311940","(주)다비전","   6,787,200"
"1692","311398","(주)와치캠","   6,785,600"
"1693","140209","(주)인터엠AV전자통신","   6,784,700"
"1694","113153","(주)효승","   6,783,400"
"1695","420085","(주)스피드데이타정보통신","   6,782,500"
"1696","203467","주식회사 더씬 (The SYN Co.,Ltd.)","   6,777,200"
"1697","120116","(주)삼우건설","   6,777,100"
"1698","111443","(주)나우아이앤씨","   6,776,700"
"1699","140379","(유)쎈스","   6,775,800"
"1700","111895","(주)세연텔레콤","   6,775,000"
"1701","510631","성보계전(주)","   6,767,500"
"1702","410011","(주)영우정보기술","   6,765,300"
"1703","170181","비콤시스템(주)","   6,759,100"
"1704","110188","에스유앤텔레콤 주식회사","   6,758,500"
"1705","110090","(주)광성통신","   6,756,800"
"1706","350112","(주)한올정보통신","   6,755,800"
"1707","410204","(주)유니원시스템","   6,755,300"
"1708","310657","리더정보통신(주)","   6,754,600"
"1709","610226","주식회사 제이에스투","   6,750,100"
"1710","320466","주식회사 아인스기술","   6,749,200"
"1711","202414","(주)브레인네트웍스","   6,746,600"
"1712","112301","(주)성우음향정보통신","   6,739,900"
"1713","113286","(주)유코리아","   6,739,400"
"1714","330148","(주)엔클라우드","   6,735,800"
"1715","203966","주식회사 비트릭스 (VITRIX Co.,Ltd.)","   6,731,600"
"1716","311503","주식회사 신우에코넷 (SWeconet Co., Ltd.)","   6,729,300"
"1717","112603","(주)이젠정보통신","   6,724,900"
"1718","111069","대영유비텍(주)","   6,719,300"
"1719","112289","(주)재원텔레콤","   6,718,400"
"1720","410252","(주) 비전","   6,717,200"
"1721","510489","오오씨아이(주)","   6,715,600"
"1722","540427","주식회사 클립이엔지","   6,713,100"
"1723","630192","주식회사 에스에이치비젼","   6,711,200"
"1724","111299","코스믹전기통신(주)","   6,710,900"
"1725","312228","주식회사 가람전력","   6,703,300"
"1726","610046","(주)동천기공","   6,702,200"
"1727","113410","주식회사 에드원","   6,701,800"
"1728","320372","주식회사 큐네스","   6,700,100"
"1729","410056","(주)성지정보통신","   6,698,400"
"1730","330153","주식회사 에스씨엔지니어스","   6,697,700"
"1731","510022","주식회사 피플앤미래정보기술","   6,696,300"
"1732","350294","주식회사 에스피정보기술","   6,695,800"
"1733","203708","반델란드로지스틱스지엠비에이치 (Vanderlande Logistics GmbH)(영업소)","   6,692,700"
"1734","610243","(주)부경정보통신","   6,692,300"
"1735","620323","디에스종합건설(주)","   6,691,800"
"1736","530305","(주)태인시스템","   6,690,200"
"1737","113029","(주)텔레트론","   6,690,000"
"1738","530040","대아정보통신(주)","   6,689,800"
"1739","201871","(주)케이티샛 ","   6,689,000"
"1740","310602","(주)한소리","   6,685,400"
"1741","610159","주식회사 서광아이엔씨","   6,685,200"
"1742","120266","대명전력(주)","   6,682,900"
"1743","310528","우주정보통신(주)","   6,681,900"
"1744","350207","주식회사 아이에스앤로드테크","   6,679,400"
"1745","310383","한솔정보통신(주)","   6,677,000"
"1746","420017","(주)케이닷컴","   6,671,500"
"1747","350050","(주)테라이앤씨","   6,669,200"
"1748","310580","(주)유에스시큐리티","   6,666,900"
"1749","202067","(주)대경미디어텍","   6,664,700"
"1750","610152","미래정보통신","   6,651,800"
"1751","201732","지티에스솔루션즈(주)","   6,651,200"
"1752","630118","(주)링스텔레콤","   6,648,000"
"1753","520094","주식회사 노아엘이디","   6,643,900"
"1754","120029","남일통신(주)","   6,642,000"
"1755","113424","(주)현대네트웍기술","   6,640,800"
"1756","430007","대신네트웍스(주)","   6,637,900"
"1757","310832","일렉큐브(주)","   6,636,100"
"1758","200333","보람정보통신서비스(주)","   6,634,800"
"1759","120643","(주)동주통신","   6,631,200"
"1760","320130","(주)세븐전자코리아","   6,629,000"
"1761","311843","(주)누리나루","   6,627,000"
"1762","320235","(주)유원아이씨티","   6,617,700"
"1763","350393","주식회사 동일이엔티","   6,617,200"
"1764","150593","(주)스피드이엔지","   6,615,000"
"1765","113212","(주)아이티에스뱅크","   6,613,200"
"1766","410114","주식회사 오피에이","   6,612,100"
"1767","311281","중원(주)","   6,611,600"
"1768","430215","주식회사 이에스넷","   6,609,000"
"1769","420299","주식회사 신우씨앤에스","   6,608,200"
"1770","311750","(주)콘웰","   6,606,100"
"1771","540249","주식회사 케이디씨정보기술","   6,602,300"
"1772","550243","(주)그린아이티","   6,598,000"
"1773","111123","동보전기통신(주)","   6,597,500"
"1774","550199","주식회사 디콘","   6,591,700"
"1775","110158","주식회사 중앙첨단소재(JOONGANG ADVANCED MATERIALS Co., Ltd)","   6,587,400"
"1776","200384","우광기전(주)","   6,583,900"
"1777","311449","서림엔지니어링 주식회사","   6,583,500"
"1778","202039","(주)아이페이지온","   6,581,700"
"1779","440020","(주)드림정보","   6,573,400"
"1780","620047","빛가람정보(주)","   6,572,200"
"1781","630256","주식회사 엑시냅스(XSYNAPSE CO.,LTD.)","   6,566,900"
"1782","350276","(주)코리아싸인","   6,565,000"
"1783","170114","(주)용두애브컴","   6,559,600"
"1784","311053","씨제이대한통운 주식회사","   6,558,000"
"1785","540332","주식회사 건원정보통신","   6,556,900"
"1786","410311","주식회사 새로","   6,553,500"
"1787","200202","(주)대명텔레콤","   6,553,200"
"1788","112836","(주)케이써비스","   6,549,600"
"1789","202234","(주)제이넷시스템즈","   6,540,100"
"1790","350302","(주)엔이아이씨","   6,537,600"
"1791","112720","애드넷정보통신(주)","   6,537,200"
"1792","200338","폴그린테크주식회사","   6,536,200"
"1793","510375","주식회사 미르정보기술","   6,533,500"
"1794","201994","(주)유인프라","   6,531,400"
"1795","112732","중앙아이.엔.티.(주)","   6,529,300"
"1796","201099","주식회사 레인보우","   6,527,700"
"1797","200178","(주)로드반","   6,525,600"
"1798","420132","주식회사 스맥","   6,522,100"
"1799","113382","한국씨텍(주)","   6,515,600"
"1800","200221","주식회사 태영네트웍스","   6,512,200"
"1801","201008","(주)지엠에스인터내셔날","   6,507,300"
"1802","201224","(주)비에스아이시스템","   6,504,300"
"1803","310175","에스케이하이스텍(주)","   6,503,200"
"1804","330065","(주)티앤씨","   6,502,900"
"1805","110702","주식회사 카스하이퍼씨앤씨(KAS Hyper Connectivity & Convergence Corp.)","   6,499,100"
"1806","111076","주식회사 로아","   6,498,900"
"1807","112400","(주)한맥정보기술","   6,492,100"
"1808","110053","제일정보건설(주)","   6,490,600"
"1809","311770","(주)케이폴","   6,486,100"
"1810","200024","(주)휴넷시스템","   6,486,000"
"1811","610220","(주)위너스엔지니어링","   6,484,700"
"1812","202629","하나씨앤아이(주)","   6,483,000"
"1813","112723","드림테크정보통신(주)","   6,482,900"
"1814","311787","주식회사 누리콘트롤","   6,481,900"
"1815","113360","(주)인컴에스엔","   6,481,500"
"1816","111119","하나정보기술(주)","   6,480,100"
"1817","160001","금성정보기술(주)","   6,479,400"
"1818","202033","(주)두루스코","   6,475,300"
"1819","111016","대신아이씨티 주식회사","   6,471,400"
"1820","311269","(주)애드텍","   6,470,500"
"1821","160032","(유)제일통신건설","   6,468,800"
"1822","510371","(주)가넷정보기술","   6,468,600"
"1823","112499","케이씨티정보통신(주)","   6,466,600"
"1824","640065","(주)에이엔시","   6,460,900"
"1825","440044","베스트 주식회사","   6,456,200"
"1826","201697","(주)이씨오","   6,455,800"
"1827","530276","에널텍티엠에스(주)","   6,454,700"
"1828","140481","(주)에프에이이","   6,453,200"
"1829","630010","주식회사 예원엔지니어링","   6,450,700"
"1830","130391","주식회사 대경이앤에스","   6,450,600"
"1831","112605","아이티에스엔지니어링(주)","   6,450,400"
"1832","112034","(주)서울정보시스템","   6,449,500"
"1833","120330","(주)바이콤","   6,449,000"
"1834","202991","주식회사 하이라인","   6,444,700"
"1835","170097","딥아이 주식회사","   6,443,000"
"1836","420357","주식회사 아이티플랜","   6,442,700"
"1837","130302","(주)엠지티","   6,440,400"
"1838","110986","광명정보통신(주)","   6,436,800"
"1839","310254","주식회사 진도아이비에스","   6,434,700"
"1840","320123","다한정보통신","   6,434,400"
"1841","112208","주식회사 북동","   6,429,100"
"1842","150644","(주)한국알파시스템","   6,426,000"
"1843","530259","(주)이원시스템","   6,425,800"
"1844","202486","(주)인트루바인","   6,422,400"
"1845","203345","주식회사 앤샵","   6,421,900"
"1846","320310","아라정보기술 주식회사","   6,421,800"
"1847","330102","(주)드림테크","   6,416,300"
"1848","200934","(주)비엔인더스트리","   6,414,300"
"1849","550014","우리정보기술(주)","   6,408,700"
"1850","420001","주식회사 한국제일","   6,408,000"
"1851","330137","(주)비엔씨테크","   6,407,600"
"1852","430053","주식회사 다몬시스템","   6,404,100"
"1853","110891","(주)다음정보기술","   6,402,100"
"1854","111463","(주)코스콤","   6,400,100"
"1855","530270","(주)네트로","   6,394,500"
"1856","330083","(주)그랜드","   6,393,000"
"1857","550158","대연정보통신(주)","   6,390,200"
"1858","113499","(주)대웅아이피에스","   6,390,000"
"1859","150216","대신네트웍스(주)","   6,386,500"
"1860","201173","수미디어통신(주)","   6,383,200"
"1861","530102","(주)씨앤텍","   6,376,900"
"1862","310514","(주)아이원시스템","   6,368,900"
"1863","112829","태광텔레콤(주)","   6,367,500"
"1864","203408","주식회사 클라우데이타","   6,366,000"
"1865","120836","룩스전기통신","   6,362,800"
"1866","150645","(주)대영통신","   6,359,700"
"1867","350180","(주)디지팍스","   6,356,900"
"1868","111005","(주)다함정보통신","   6,356,700"
"1869","620335","주식회사 등화기전","   6,355,300"
"1870","112341","(주)대성정보통신기술","   6,354,300"
"1871","430041","(주)대선텔레콤","   6,354,300"
"1872","202495","(주)이준시스템","   6,354,000"
"1873","311637","주식회사 우리시스템","   6,347,900"
"1874","202611","(주)스카이코어","   6,346,300"
"1875","530334","주식회사 엠제이비전테크(MJVisionTech Co.,Ltd.)","   6,345,000"
"1876","630154","주식회사 세기이엔지","   6,343,500"
"1877","203940","주식회사 테이아인포","   6,341,000"
"1878","120307","(주)부경네티존","   6,340,000"
"1879","311529","(주)퍼스트넷","   6,339,900"
"1880","530160","주식회사 엠제이솔루션","   6,337,800"
"1881","540235","주식회사 벨류데이터","   6,336,500"
"1882","310868","(주)두고테크","   6,334,800"
"1883","320358","(주)영진전자통신","   6,334,000"
"1884","201739","(주)대성아이엔티","   6,329,900"
"1885","630161","(주)에스에스티(SST Co., Ltd.)","   6,327,300"
"1886","540438","주식회사 지오엘","   6,326,500"
"1887","311027","(주)유주컴퍼니","   6,319,900"
"1888","110770","(주)진명파워택","   6,318,600"
"1889","350019","(주)티웍스","   6,317,000"
"1890","510621","(주)플러스씨엔씨","   6,316,900"
"1891","200975","아임스통신(주)","   6,316,000"
"1892","203196","주식회사 매사","   6,315,600"
"1893","130060","(주)대광정보통신","   6,313,700"
"1894","330291","신성통신건설 주식회사","   6,309,700"
"1895","202609","주식회사 등대씨엔씨","   6,306,300"
"1896","510190","최신정보통신","   6,296,300"
"1897","620157","(주)지티엔지","   6,293,900"
"1898","311396","(주)아이앤비","   6,293,600"
"1899","160236","(유)시원이엔지","   6,290,200"
"1900","320243","(주)아이시에스솔루션스","   6,287,900"
"1901","540408","플러스테라 주식회사 ","   6,283,000"
"1902","203264","주식회사 천익","   6,279,800"
"1903","350270","(주)큐브정보기술","   6,278,800"
"1904","200623","(주)경원정보통신","   6,273,300"
"1905","510250","주식회사 에스이지","   6,272,600"
"1906","150353","주식회사 나래테크","   6,271,800"
"1907","530197","(주)창조시스템","   6,271,700"
"1908","120676","(주)해인아이엔티","   6,268,500"
"1909","510110","블루센 주식회사 (Bluesen Co.,Ltd.)","   6,268,400"
"1910","150532","수성정보(주)","   6,267,400"
"1911","140084","동광텔레콤(주)","   6,266,400"
"1912","430185","(주)열린정보통신","   6,259,800"
"1913","202527","(주)제이앤지시스템","   6,256,700"
"1914","420284","주식회사 쎄임코리아","   6,254,900"
"1915","540387","주식회사 에스티알","   6,251,000"
"1916","202733","디에스인포시스 주식회사(DS Infosys Co.,Ltd.)","   6,250,800"
"1917","630099","(주)헤드아이티","   6,248,900"
"1918","510206","(주)티원아이티","   6,248,500"
"1919","311991","주식회사 유니원(UNIONE Co.,Ltd.)","   6,246,400"
"1920","150327","(주)성문정보통신","   6,240,400"
"1921","203093","주식회사 엠플러스통신","   6,238,700"
"1922","150607","(주)넷코디","   6,238,300"
"1923","110677","(주)에스비에스에이앤티","   6,236,500"
"1924","311106","(주)넷","   6,234,300"
"1925","202635","(주)크루스텍","   6,234,100"
"1926","201326","(주)비젼엔텍","   6,220,100"
"1927","530324","이로시스템 주식회사","   6,216,400"
"1928","630005","주식회사 은환이엔씨","   6,214,900"
"1929","620381","케이아이에코시스템 주식회사","   6,212,300"
"1930","310709","(주)대민방송네트워크","   6,210,600"
"1931","110754","(주)와이드넷엔지니어링","   6,207,100"
"1932","440042","(주)피플인소프트","   6,206,500"
"1933","202971","주식회사 케이투시스템즈","   6,195,600"
"1934","312276","와이티파트너스 주식회사","   6,192,300"
"1935","540150","(주)이코우","   6,190,400"
"1936","510481","(주)씨텍","   6,183,700"
"1937","203364","주식회사 애니파이브","   6,174,200"
"1938","110872","(주)송화전기통신","   6,173,300"
"1939","180027","(주)범영테크","   6,172,600"
"1940","202360","(주)에프에스네트웍스","   6,171,900"
"1941","112117","지앤티테크(주)","   6,171,600"
"1942","111373","(주)영국전자","   6,171,300"
"1943","320432","주식회사 글로벌브릿지","   6,170,300"
"1944","510521","(주)컴윌","   6,170,000"
"1945","110181","(주)세영통신","   6,165,000"
"1946","311163","주식회사 더기가(TheGiGACo.,Ltd.)","   6,162,100"
"1947","510468","(주)시큐어월","   6,160,300"
"1948","200656","(주)이베이테크","   6,157,300"
"1949","311351","(주)이지트래픽","   6,156,400"
"1950","200874","(사회복지법인)한국청각장애인복지회","   6,155,900"
"1951","200054","주식회사 에이맥스","   6,154,200"
"1952","420238","에스넷아이씨티(주)","   6,152,000"
"1953","203705","주식회사 이음유앤아이","   6,150,200"
"1954","201011","(주)열림데이타시스템","   6,150,100"
"1955","310681","(주)에이원정보통신","   6,149,400"
"1956","630148","주식회사 제이케이데이터시스템즈","   6,148,700"
"1957","200148","(주)유엔콘트롤","   6,147,600"
"1958","610099","(주)명인","   6,147,300"
"1960","160027","(유)유성통신건설","   6,146,100"
"1959","350338","주식회사 유한테크","   6,146,100"
"1961","200834","주식회사 에이스뷰","   6,143,000"
"1962","112844","주식회사 에이치케이(HK Co., Ltd.)","   6,141,500"
"1963","420351","주식회사 채움기술","   6,141,000"
"1964","203143","주식회사 에이블그리드","   6,137,300"
"1965","310752","(주)정상일렉콤","   6,137,100"
"1966","202742","(주)대흥정보","   6,136,600"
"1967","200928","화인정보기술(주)","   6,133,900"
"1968","440050","주식회사 엑스코어시스템 (XCore System co., Ltd.)","   6,131,600"
"1969","330179","(주)새올정보기술","   6,129,700"
"1970","312251","주식회사 에임드 (AIMED Co., Ltd.)","   6,129,300"
"1971","201194","한국아이디정보(주)","   6,129,200"
"1972","111762","(주)에스씨네트","   6,128,100"
"1973","200306","(주)디엠아이씨","   6,127,700"
"1974","201817","(주)솔루텍시스템","   6,127,500"
"1975","550170","(주)삼보아이씨티","   6,125,800"
"1976","202426","(주)나래젠","   6,125,200"
"1977","540044","(주)정우비앤에스","   6,122,100"
"1978","113425","주식회사 미르종합건설","   6,118,600"
"1979","202441","(주)아이알디통신","   6,116,800"
"1980","120162","(주)일화통신","   6,115,300"
"1981","530200","(주)이튜","   6,114,000"
"1982","310478","(주)예강텔레콤","   6,110,100"
"1983","202912","주식회사 엔씨씨디지탈","   6,105,800"
"1984","111180","현대파워텍(주)","   6,098,800"
"1985","310787","(주)리드텍","   6,093,900"
"1986","311117","(주)선진일렉텍","   6,090,900"
"1987","201691","(주)이투워크솔루션","   6,090,000"
"1988","203853","주식회사 맥스아이티","   6,087,800"
"1989","311181","(주)엘앤씨글로벌","   6,085,300"
"1990","150231","(주)경신텔레콤","   6,078,600"
"1991","312114","주식회사 에스피비","   6,078,100"
"1992","350249","주식회사 파로스","   6,077,100"
"1993","201981","(주)지제이전기통신","   6,075,600"
"1994","311031","주식회사 부강(扶江)","   6,071,500"
"1995","112196","(주)디피엔","   6,071,100"
"1996","140457","(주)아이티벨리","   6,070,600"
"1997","310651","온새미정보통신(주)","   6,066,300"
"1998","330106","(주)대영통신건설","   6,065,800"
"1999","320083","(주)임산업","   6,063,000"
"2000","510502","주식회사 민국정보통신","   6,058,400"
"2001","202408","주식회사 명진에스앤씨","   6,057,900"
"2002","312398","브이픽셀 주식회사","   6,056,900"
"2003","110973","엘림네트웍스(주)","   6,047,200"
"2004","140095","금광기업(주)","   6,046,400"
"2005","113055","(주)윤송이엔씨","   6,046,200"
"2006","410202","한빛통신 주식회사","   6,044,800"
"2007","130482","(주)엠아이비","   6,038,100"
"2008","420224","(주)신흥정보","   6,033,200"
"2009","550060","(주)한진전력","   6,030,100"
"2010","202029","(주)지엔아이테크","   6,028,400"
"2011","201515","로버무트(주)","   6,027,800"
"2012","420281","주식회사 세이정보기술","   6,026,200"
"2013","320257","대일정보통신 주식회사","   6,024,800"
"2014","170173","(주)파워테크놀로지","   6,019,100"
"2015","160106","(유)서원정보통신","   6,018,900"
"2016","200610","(주)종성테크","   6,018,400"
"2017","120143","(주)코인텔","   6,016,400"
"2018","202271","(주)아이티에스엠","   6,015,800"
"2020","410133","디씨티준오 주식회사","   6,013,800"
"2019","320088","주식회사 티디씨","   6,013,800"
"2021","510037","(주)아이티밸리","   6,012,400"
"2022","530277","(주)네오시스","   6,012,100"
"2023","311389","(주)씨디에프","   6,012,000"
"2024","330187","주식회사 유수","   6,011,800"
"2025","111078","(주)도래정보시스템","   6,011,800"
"2026","110493","주식회사 나노테크","   6,010,300"
"2027","202922","동양정보서비스 주식회사","   6,008,500"
"2028","112941","(주)새롬정보통신","   6,004,300"
"2029","110762","(주)성삼","   6,002,600"
"2030","311297","(주)다온시스","   6,002,200"
"2031","203644","주식회사 이젬코(eGemco Co., Ltd.)","   6,001,100"
"2032","200635","(주)매트릭스미디어","   5,999,100"
"2033","530143","(주)투데이","   5,998,100"
"2034","120502","(주)화성이엔지","   5,997,500"
"2035","201283","(주)케이네트","   5,997,500"
"2036","140127","(주)하이텍아이디티","   5,994,600"
"2038","112743","(주)미디컴전자","   5,993,200"
"2037","430064","(주)나스콤","   5,993,200"
"2039","530018","(주)인더텍","   5,985,900"
"2040","410201","(주)행복아이티","   5,984,800"
"2041","110813","(주)지에스컴","   5,984,200"
"2042","320121","(주)아튼","   5,983,900"
"2043","140308","(주)하나넷","   5,980,400"
"2044","201794","(주)아이티블럭","   5,978,400"
"2045","550332","주식회사 모린정보기술","   5,978,300"
"2046","510517","다인아이티(주)","   5,978,200"
"2047","510107","(주)현진테크놀로지","   5,977,300"
"2048","330006","(주)글로벌넷","   5,976,200"
"2049","200019","(주)엠비에스엔지니어링","   5,975,700"
"2050","200482","(주)대호씨앤씨","   5,975,600"
"2052","140112","(유)효성엔지니어링","   5,974,200"
"2051","202720","(주)에이바이트","   5,974,200"
"2053","110186","주식회사 와이케이정보통신","   5,974,100"
"2054","202536","(주)미드키스","   5,973,400"
"2055","120216","아라정보통신(주)","   5,972,200"
"2056","113386","모던웨이브(주)","   5,965,600"
"2057","202177","(주)누리인프라","   5,965,000"
"2058","111732","주식회사 대명통신","   5,962,700"
"2059","310033","씨에스텔레콤(주)","   5,962,600"
"2060","110461","주식회사 상지건설 (Sangji Construction, Inc.)","   5,955,600"
"2061","350379","제이비티정보통신(주)","   5,954,200"
"2062","430078","(주)성림케이블","   5,954,200"
"2063","311235","(주)에스앤티","   5,950,500"
"2064","202774","(주)시너젠","   5,947,700"
"2065","310850","주식회사 백년기술","   5,945,800"
"2066","110045","화인정보통신(주)","   5,944,100"
"2067","201193","주식회사 티에스아이티","   5,943,200"
"2068","113497","(주)아이쿼드","   5,941,200"
"2069","350095","아람이엔테크(주)","   5,939,900"
"2070","110232","(주)경일","   5,939,800"
"2071","310609","(주)와이엠네트웍스","   5,932,500"
"2072","203627","주식회사 지디시스","   5,928,100"
"2073","610063","대신티엔아이(주)","   5,928,000"
"2074","311302","(주)탑이앤씨코리아","   5,927,300"
"2075","140091","이리텔레콤(주)","   5,925,200"
"2076","430067","에이빗코리아(주)","   5,921,600"
"2077","201241","(주)디브이알씨앤씨","   5,919,600"
"2078","140304","(주)옵티링크","   5,918,100"
"2079","140247","(주)엔와이인포텍","   5,915,100"
"2080","203421","주식회사 에어로디제이컨설팅","   5,911,000"
"2081","410003","유토피아정보기술(주)","   5,909,500"
"2082","202840","주식회사 아이에스디앤피","   5,905,800"
"2083","203825","주식회사 헤이즐시스","   5,905,500"
"2084","311673","아이티인 주식회사","   5,905,300"
"2085","201282","(주)하이텍영상","   5,904,900"
"2086","201725","(주)그루기술","   5,904,200"
"2087","203816","주식회사 성심정보기술","   5,903,200"
"2088","310963","메카테크놀러지 주식회사","   5,901,300"
"2089","330176","(주)정원테크","   5,897,900"
"2090","310165","(주)삼은텔레콤","   5,897,700"
"2091","310581","(주)제이브이지","   5,895,800"
"2092","550264","(주)대륭시스템즈","   5,893,400"
"2093","311643","주식회사 상지이엔씨","   5,890,200"
"2094","310694","(주)국보정보통신","   5,890,100"
"2095","311678","주식회사 산호","   5,889,900"
"2096","150670","에프티(주)","   5,889,800"
"2097","110224","아이코리아(주)","   5,885,800"
"2098","620045","이정보통신(주)","   5,881,300"
"2099","200364","주식회사 코리아와이드아이티에스","   5,880,400"
"2100","540112","(주)씨엔씨테크","   5,878,700"
"2101","410194","(주)진영아이티","   5,878,300"
"2102","110057","(주)하이텔네트웍스","   5,877,800"
"2103","310541","(주)뉴인테크","   5,877,300"
"2104","202770","(주)멕서스","   5,876,700"
"2105","620332","(주)광주자동화시스템","   5,871,400"
"2106","620227","(주)수호정보통신","   5,869,500"
"2107","200270","(주)에스에이텍","   5,868,900"
"2108","150312","조아전자(주)","   5,867,400"
"2109","140460","(주)세원씨앤에스","   5,867,300"
"2110","350124","주식회사 준성","   5,864,500"
"2111","311775","(주)이레솔루션","   5,863,400"
"2112","201668","(주)비엔솔루트","   5,863,100"
"2113","530172","(주)삼성오토홈시스템","   5,861,100"
"2114","203201","주식회사 동탄이엔씨","   5,860,300"
"2115","111262","(주)키텔(Kitel Co.,Ltd)","   5,860,200"
"2116","320375","주식회사 유시스","   5,859,900"
"2117","320009","대우산업개발(주)","   5,858,800"
"2118","120339","한솔티엔씨(주)","   5,857,800"
"2119","201770","태광에스엠(주)","   5,857,100"
"2120","150050","동양통신(주)","   5,853,600"
"2121","350310","주식회사 건담이엔씨","   5,852,800"
"2122","130399","(주)에스지앤씨","   5,848,800"
"2123","610293","새롬기술 주식회사","   5,848,600"
"2124","203007","주식회사 씨에쓰정보기술","   5,846,200"
"2125","311708","(주)다산카이스","   5,843,400"
"2126","330264","주식회사 아성","   5,842,200"
"2127","610144","(주)금호전력","   5,841,400"
"2128","113051","금일정보기술 주식회사","   5,837,200"
"2129","113198","국제시스템산업(주)","   5,835,800"
"2130","312051","주식회사 상림기술","   5,835,700"
"2131","120066","(주)한성전기","   5,835,500"
"2132","202249","(주)디케이아이테크놀로지","   5,834,900"
"2133","140086","(주)제이에이치전력","   5,830,700"
"2134","311753","(주)캐스트코아","   5,828,500"
"2135","112748","보라정보통신(주)","   5,827,900"
"2136","630094","주식회사 금강네트워크","   5,827,800"
"2137","130215","주식회사 화성에어토탈","   5,825,700"
"2138","112896","(주)오경컴텍","   5,825,500"
"2139","311555","에스지컴테크(주)","   5,822,000"
"2140","330154","신화에스앤씨 주식회사","   5,819,500"
"2141","550249","대진정보통신 주식회사","   5,816,700"
"2142","420349","가보산업 주식회사","   5,814,300"
"2143","203716","주식회사 네이즈 (NAIZ Co. Inc.)","   5,811,500"
"2144","120182","대신네트웍스(주)","   5,807,600"
"2145","111424","시온정보통신(주)","   5,806,700"
"2146","311145","(주)왓치캅","   5,806,400"
"2147","201022","주식회사 스마트씨앤아이(SmartCNI Co.,Ltd)","   5,804,600"
"2148","510307","(주)가온정보통신","   5,804,300"
"2149","350243","주식회사 네오글로벌시스템","   5,802,700"
"2150","120402","(주)유명통신","   5,802,400"
"2151","112055","(주)베이스인네트웍스","   5,802,100"
"2152","202046","(주)니트로시스템","   5,796,900"
"2153","203510","주식회사 넥스트정보기술","   5,795,300"
"2154","520050","(주)온브랜딩","   5,794,500"
"2155","330177","주식회사 에스비텍","   5,789,800"
"2156","203520","프리커스 주식회사","   5,787,900"
"2157","110752","(주)넥선","   5,786,900"
"2158","620268","주식회사 정수미디어","   5,783,800"
"2159","120824","청방네트웍스(주)","   5,783,300"
"2160","202855","인강오디오 주식회사","   5,782,000"
"2161","202607","(주)아이티로그","   5,781,200"
"2162","111593","(주)남인정보통신","   5,780,100"
"2163","120275","지앤티네트웍스(주)","   5,779,400"
"2164","350299","광합성 주식회사","   5,777,500"
"2165","120560","인포텔(주)","   5,774,800"
"2166","420275","주식회사 제이엔디","   5,773,400"
"2167","203450","주식회사 산마루네트웍스","   5,773,200"
"2168","420250","(주)티노","   5,772,800"
"2169","170081","주식회사 신영통신","   5,771,700"
"2170","111004","대신네트웍스(주)","   5,769,700"
"2171","311453","(주)플러스정보기술","   5,766,900"
"2172","110909","(주)해오름넷","   5,763,400"
"2173","550128","(주)송림하이텍","   5,761,800"
"2174","200507","(주)카이져텍","   5,761,100"
"2175","140374","(주)정보통신공사","   5,760,600"
"2176","440062","세림디에스지 주식회사","   5,759,300"
"2177","201206","(주)솔모정보기술","   5,757,300"
"2178","202651","(주)가을디에스","   5,752,100"
"2179","330219","주식회사 솔루션즈온넷","   5,746,900"
"2180","150584","(주)덕성전기통신소방공사","   5,744,000"
"2181","510469","(주)라온아이엔씨","   5,740,800"
"2182","311711","주식회사 티앤디소프트","   5,740,100"
"2183","111374","조이웰네트웍스(주)","   5,736,600"
"2184","310527","(주)대우루컴즈","   5,736,500"
"2185","203696","주식회사 코맥스강북점 (COMMAX GangBuk Co.,Ltd.)","   5,735,300"
"2186","430118","(주)신성미네랄","   5,734,300"
"2187","350223","(주)콘포테크","   5,734,200"
"2188","610419","해동에너지 주식회사","   5,730,100"
"2189","200206","효성중공업 주식회사","   5,729,600"
"2190","140206","(주)수창미디어","   5,729,200"
"2191","540137","(주)리드온","   5,727,800"
"2192","310440","도원아이앤씨(주)","   5,724,500"
"2193","320080","(주)지니트","   5,724,500"
"2194","420450","주식회사 아스카넷","   5,721,100"
"2195","540203","(주)나우(NAWOO)","   5,720,900"
"2196","200501","(주)새별네트웍스","   5,718,800"
"2197","540430","주식회사 서연","   5,716,800"
"2198","530292","코마스기술(주)","   5,715,800"
"2199","160034","(주)중앙통신건설","   5,712,200"
"2200","310494","보령전력(주)","   5,710,800"
"2201","610224","현시스메틱(주)","   5,709,100"
"2202","111202","(주)남양계전","   5,708,600"
"2203","320215","주식회사 금봉기업","   5,708,500"
"2204","311739","(사)한국사회적일자리협회","   5,707,200"
"2205","430088","(주)파란정보통신","   5,706,600"
"2206","420183","오조씨엔에스(주)","   5,706,200"
"2207","130134","(주)이지정보통신","   5,706,000"
"2208","110427","주식회사 영일이엔씨","   5,704,800"
"2209","311667","(주)포네트","   5,704,600"
"2210","520007","(주)대유엔지니어링","   5,704,100"
"2211","202512","(주)맑은기술","   5,703,800"
"2212","310857","(주)제이에스네트웍","   5,703,300"
"2214","130383","(주)극동정보통신","   5,697,400"
"2213","160100","(유)비츠","   5,697,400"
"2215","550192","(주)신영티아이","   5,692,000"
"2216","312166","주식회사 디비콤","   5,691,300"
"2217","620326","어반아이티에스 주식회사","   5,689,000"
"2218","203474","주식회사 마글론이에프씨","   5,686,600"
"2219","620142","(주)대명이엔지","   5,684,200"
"2220","110317","백마텔레콤(주)","   5,683,500"
"2221","320019","(주)세원정보시스템","   5,683,400"
"2222","140170","데이타통신공사","   5,680,200"
"2223","201769","(주)에이번","   5,676,100"
"2224","120210","(주)비에스엔지니어링","   5,671,600"
"2225","203791","주식회사 우진티앤에스","   5,668,900"
"2226","202601","(주)마하사운드","   5,667,600"
"2227","311762","주식회사 진정보기술","   5,667,400"
"2228","203582","주식회사 구암하이텍(GUAM HITECH Inc.)","   5,662,200"
"2229","311174","주식회사 엔시드","   5,661,600"
"2230","550260","우리윈시스템 주식회사","   5,657,800"
"2231","140448","(주)광진","   5,657,300"
"2232","311462","(주)씨엠네트워크","   5,657,200"
"2233","203727","주식회사 인더스웰","   5,652,200"
"2234","170133","우리네트웍스(주)","   5,652,000"
"2235","200888","(주)포유네트웍스","   5,650,800"
"2236","320380","뉴인테크 주식회사","   5,648,700"
"2237","140244","(주)대보","   5,648,200"
"2238","202969","주식회사 씨투아테크놀러지","   5,646,500"
"2239","201307","(주)앤다스","   5,644,400"
"2240","320369","주식회사 지우넷","   5,644,100"
"2241","311535","(주)엘이디오션","   5,643,700"
"2242","113111","(주)애니씨앤에스","   5,642,200"
"2243","440017","(주)태영전기","   5,638,400"
"2244","510289","엘에스정보기술(주)","   5,638,000"
"2245","110860","(주)펜타콤씨엔씨","   5,637,800"
"2246","640122","주식회사 제주네트웍스","   5,637,000"
"2247","310535","주식회사 건양에스엔티","   5,630,000"
"2248","140273","중앙티디아이 주식회사","   5,624,000"
"2249","201166","(주)엔텔스","   5,623,400"
"2250","120780","링크정보시스템(주)","   5,623,100"
"2251","150317","(주)데이타콤","   5,620,400"
"2252","520016","강진통신","   5,618,300"
"2253","540361","에쓰와이이앤씨 주식회사(SY ENC., Ltd)","   5,618,000"
"2254","200232","(주)신세계전기","   5,617,600"
"2255","320033","주식회사 유환아이티","   5,615,200"
"2256","130107","(주)제이씨정보통신","   5,611,400"
"2257","201180","한국토코넷(주)","   5,611,300"
"2258","311590","(주)소나타시스템즈","   5,610,500"
"2259","111926","주식회사 제이스텍","   5,609,800"
"2260","110724","에이엠테크(주)","   5,608,100"
"2261","112755","(주)다성아이앤에스","   5,608,000"
"2262","201557","(주)포엠넷","   5,604,100"
"2263","170059","(주)메트로콤","   5,603,900"
"2264","410065","연합정밀(주)","   5,603,800"
"2265","202076","(주)엘케이시스코","   5,600,400"
"2266","540214","(주)다원코리아","   5,597,800"
"2267","350077","(주)블루나일네트웍스","   5,597,300"
"2268","350291","주식회사 마이티시스템","   5,595,600"
"2269","110172","주식회사 엔제이이앤씨(NJE&C Co.,Ltd.)","   5,594,900"
"2270","330207","주식회사 인지테크","   5,592,900"
"2271","200387","(주)온라인정보통신","   5,591,300"
"2272","201309","(주)구주네트웍","   5,591,000"
"2273","311951","재우일렉스 주식회사","   5,589,900"
"2274","150122","남영통신 주식회사","   5,589,200"
"2275","620129","서경정보통신(주)","   5,587,000"
"2276","130320","(주)광영","   5,584,100"
"2277","112664","한국마이크로닉(주)","   5,582,700"
"2278","111166","주식회사 금산","   5,579,900"
"2279","311353","(주)성혜정보통신","   5,578,000"
"2280","120289","(주)반도전기통신","   5,577,600"
"2281","620283","주식회사 으뜸정보기술","   5,575,600"
"2282","350324","(사)아름다움나눔협회","   5,573,700"
"2283","530175","(주)네트아이티","   5,571,800"
"2284","200535","현우전기 주식회사","   5,571,000"
"2285","630041","건일정보통신","   5,570,700"
"2286","620092","(주)에스티에스","   5,569,000"
"2287","130101","(주)예흥정보통신","   5,567,300"
"2288","312335","주식회사 이앤알씨","   5,566,100"
"2289","111629","오엔씨네트웍스(주)","   5,560,300"
"2290","202182","(주)엔에스정보통신","   5,559,400"
"2291","330088","동화정보통신 주식회사","   5,558,000"
"2292","200346","주식회사 레이어스","   5,551,800"
"2293","130122","(주)금성에이브이","   5,549,700"
"2294","550348","주식회사 스마트시큐리티","   5,548,600"
"2295","130433","(주)아이티아이에스","   5,544,900"
"2296","530067","(주)데이타솔루션","   5,541,300"
"2297","311416","(주)월드씨엔에스","   5,538,700"
"2298","202614","주식회사 엔트론","   5,538,600"
"2299","312143","주식회사 웨이투고 ","   5,537,700"
"2300","200480","(주)아리시스","   5,533,400"
"2301","202026","대신네트웍스 주식회사","   5,533,200"
"2302","550210","웅지전기","   5,532,400"
"2304","630055","(주)씨티정보통신","   5,530,900"
"2303","202228","트라이오넷(주)","   5,530,900"
"2305","201928","(주)엠브이씨앤에스","   5,528,400"
"2306","200904","(주)왈도시스템","   5,527,800"
"2307","510029","동영테크원(주)","   5,524,500"
"2308","410152","(주)대로정보통신","   5,524,000"
"2309","510223","(주)케이시스","   5,523,100"
"2310","120220","메타콤 주식회사","   5,516,900"
"2311","420341","주식회사 이노벤텍","   5,516,300"
"2312","530340","주식회사 삼성전기통신","   5,513,300"
"2313","530100","(주)신한이엔씨","   5,512,700"
"2314","530098","한국유체기술(주)","   5,512,300"
"2315","120613","(주)자은","   5,510,600"
"2316","140254","(주)신용아이엔씨","   5,508,600"
"2317","201440","포에스미디어(주)","   5,505,900"
"2318","110322","코스텔(주)","   5,500,900"
"2319","320491","주식회사 우리시스템","   5,500,600"
"2320","311730","(주)에이아이네트웍스","   5,499,600"
"2321","130364","(주)눈소프트","   5,498,900"
"2322","140362","주식회사 이엘","   5,497,800"
"2323","140004","주식회사 구성이엔씨","   5,492,100"
"2324","201414","(주)아이티앤씨","   5,490,700"
"2325","120038","(주)엠텍정보통신공사","   5,490,500"
"2326","530314","주식회사 갑산전기","   5,490,000"
"2327","320142","(주)진성정보통신","   5,487,800"
"2328","113400","(주)창리정보통신","   5,487,600"
"2329","120494","전원정보통신(주)","   5,485,700"
"2330","120232","(주)해양무선","   5,485,300"
"2331","201727","(주)인스젠시스템즈","   5,482,400"
"2332","150069","(주)세계로","   5,481,800"
"2333","420348","주식회사 두잇(Do it)","   5,480,500"
"2334","310063","주식회사 피코씨엔아이","   5,480,300"
"2335","160049","(주)경원통신건설","   5,479,900"
"2336","510390","(주)오성텔레콤","   5,476,400"
"2337","640010","(주)미르메이트","   5,473,200"
"2338","113191","(주)래도","   5,471,600"
"2339","111318","동화전자산업(주)","   5,470,100"
"2340","550190","주식회사 케이엔티","   5,469,100"
"2342","111073","위성이앤씨(주)","   5,467,300"
"2341","311821","주식회사 이든이앤씨","   5,467,300"
"2343","310932","(주)코럽시스템","   5,465,200"
"2344","311479","(주)엠투엠솔루션","   5,463,800"
"2345","140192","삼성정보시스템(주)","   5,459,600"
"2346","350051","(주)하나넷","   5,457,600"
"2347","112970","우현전기(주)","   5,457,300"
"2348","150004","(주)해일아이티","   5,455,600"
"2349","202449","(주)대성오토텍","   5,455,000"
"2350","112961","허브링크(주)","   5,454,000"
"2351","202593","(주)카이네트웍스","   5,453,700"
"2352","550039","(주)서전일렉스","   5,453,100"
"2353","201778","(주)텐스퀘어","   5,447,200"
"2354","112351","(주)동보안전","   5,446,700"
"2355","150666","(주)누리이엔씨","   5,446,600"
"2356","320050","(주)청화텔레콤","   5,443,500"
"2357","311078","(주)듀얼에스디","   5,443,200"
"2358","311239","(주)인씨스","   5,440,400"
"2359","201142","(주)이노테크미디어","   5,438,400"
"2360","311591","유진전기(주)","   5,438,000"
"2361","203609","주식회사 다성에스엔시","   5,437,900"
"2362","201633","(주)세나텍","   5,435,300"
"2363","311423","(주)알씨","   5,434,600"
"2364","610067","(주)엘시스","   5,434,000"
"2365","110031","주식회사 다성씨엔씨","   5,433,200"
"2367","310710","(주)해냄콘트롤스","   5,432,200"
"2366","310866","주식회사 동명시스템즈","   5,432,200"
"2368","201232","(주)에스엠플러스정보통신","   5,432,000"
"2369","610074","세종하이텍(주)","   5,431,200"
"2370","201581","(주)사운드코리아이엔지","   5,429,000"
"2371","110352","(주)조양테크","   5,428,600"
"2372","311796","주식회사 위드시스","   5,427,600"
"2373","113275","(주)한일환경테크","   5,426,800"
"2374","110502","(주)하남통신","   5,425,900"
"2375","610189","천연테크놀러지","   5,425,000"
"2376","202425","태건에스앤아이(주)","   5,424,900"
"2377","320436","주식회사 더넷","   5,422,900"
"2378","530321","티앤피 주식회사(TNP Inc.)","   5,420,800"
"2379","310616","지티비(주)","   5,418,900"
"2380","120358","(유)신아종합","   5,418,300"
"2381","202884","주식회사 아이랜스테크놀러지","   5,417,200"
"2382","120833","휴먼아이티에스(주)","   5,416,500"
"2383","310772","루컴즈씨엔에스 주식회사","   5,415,200"
"2384","420269","주식회사 케이아이티","   5,410,300"
"2385","430079","(주)아이앤이","   5,409,700"
"2386","610151","주식회사 순천오에이시스템","   5,408,200"
"2387","130281","(주)도원엔지니어링건축사사무소","   5,406,600"
"2388","120516","(주)이현정보기술","   5,406,300"
"2389","201303","(주)페타네트워크","   5,406,200"
"2390","540024","주성전기통신(주)","   5,406,100"
"2391","312305","주식회사 이노튜브","   5,402,100"
"2392","540001","(주)세움정보기술","   5,399,200"
"2393","203744","주식회사 제이디케이에이티 (JDKAT Co., Ltd.)","   5,397,200"
"2394","350420","주식회사 올댓씨큐리티","   5,396,400"
"2395","430244","주식회사 시현정보","   5,396,200"
"2396","350213","(주)케이원시스템","   5,395,900"
"2397","550018","(주)아이비즈","   5,394,100"
"2398","111235","(주)오성에스이엠","   5,392,600"
"2399","200715","(주)텔코아","   5,392,500"
"2400","202361","주식회사 케이엑스넥스지 (KX NexGo.,LTD.)","   5,390,200"
"2401","200637","(주)다솜이엔씨","   5,389,900"
"2402","120397","신원전기통신(주)","   5,388,200"
"2403","510118","(주)케이엔에스","   5,388,000"
"2404","640121","주식회사 미디어웍스","   5,382,800"
"2405","540021","세영정보통신(주)","   5,381,600"
"2406","520058","(주)동림티엔에스","   5,379,100"
"2407","201961","(주)휴버텍","   5,377,700"
"2408","310047","신명엔지니어링(주)","   5,377,400"
"2409","510060","(주)코리아텔링크","   5,377,000"
"2410","112071","새한에이브이텍(주)","   5,375,900"
"2411","310549","(주)이엠테크","   5,375,200"
"2412","120698","(주)티아이에스","   5,374,000"
"2413","430020","(주)이엔씨테크","   5,370,600"
"2414","150367","(주)경북정보통신","   5,370,200"
"2415","350125","(주)대해전기통신","   5,370,200"
"2416","420189","(주)케이엔비씨","   5,369,800"
"2417","550172","주식회사 하이정보통신","   5,368,900"
"2418","160225","(유)제이씨기술정보통신","   5,368,600"
"2419","330101","(주)희성","   5,368,400"
"2420","140401","(주)전일통신공사","   5,365,900"
"2421","170106","강호정보통신(주)","   5,364,400"
"2422","310103","(주)디지털미디어","   5,364,300"
"2423","111835","(주)한국에빅스","   5,364,200"
"2424","202891","주식회사 엠티씨엠 (MTCM Co.,Ltd)","   5,363,300"
"2425","112344","드림정보통신(주)","   5,362,800"
"2426","430233","(주)하나다","   5,362,300"
"2427","610111","남부전력 주식회사","   5,360,500"
"2428","170184","대성정보통신(주)","   5,359,200"
"2429","160140","태림전자(주)","   5,359,100"
"2430","201482","(주)오메카","   5,359,000"
"2431","350158","(주)비티컴퍼스","   5,357,600"
"2432","630001","(주)영산시스템","   5,357,300"
"2433","310707","(주)지에스아이엔티","   5,356,700"
"2434","111794","(주)아이정보기술","   5,355,500"
"2435","111784","(주)합동전자산업","   5,351,400"
"2436","520057","주식회사 가온이앤씨","   5,349,700"
"2437","420033","주식회사 에스아이씨","   5,348,600"
"2438","201698","주식회사 태일솔루션","   5,348,400"
"2439","130510","월드정보통신(주)","   5,348,300"
"2440","203811","주식회사 유큐브","   5,342,700"
"2441","430210","케이정보기술 주식회사","   5,340,300"
"2442","202418","(주)삼미미디어","   5,340,000"
"2443","540297","(주)애니아이티","   5,335,000"
"2444","110050","광통신산업(주)","   5,334,300"
"2445","310601","시너지네트워크","   5,334,300"
"2446","311103","영진기술(주)","   5,330,500"
"2447","112584","주식회사 동우이앤지","   5,328,700"
"2448","530124","주식회사 대화이엔지","   5,328,500"
"2449","630112","(유)세아정보통신공사","   5,326,100"
"2450","640021","(주)인포마인드","   5,325,100"
"2451","610282","아이티협동조합","   5,323,400"
"2452","202040","(주)티티네트웍스","   5,319,500"
"2453","201408","(주)윈더스코리아","   5,312,600"
"2454","320200","레몬솔루션 주식회사","   5,310,500"
"2455","311180","(주)코맥스씨에스","   5,309,500"
"2456","410137","대원정보통신(주)","   5,308,800"
"2457","120722","(주)인넷","   5,305,900"
"2458","203203","아이리스인포테크 주식회사(Iris Infotech Co., Ltd)","   5,305,700"
"2459","203356","크리스피드 주식회사","   5,304,900"
"2460","520112","주식회사 울산전기통신","   5,304,400"
"2461","140388","(주)나우시스템","   5,302,900"
"2462","203376","주식회사 블루인텔리전스(Blue Intelligence Inc.)","   5,301,300"
"2463","350405","주식회사 더마크","   5,300,100"
"2464","201464","(주)이루기술","   5,299,500"
"2465","610439","현진테크 주식회사","   5,299,100"
"2466","630282","유한회사 대명티앤에스","   5,298,500"
"2467","110478","주식회사 부송","   5,296,600"
"2468","130070","(주)신호","   5,295,800"
"2469","201404","(주)솔로몬기술단기술사사무소","   5,295,300"
"2470","540050","영복통신(주)","   5,294,300"
"2471","310818","(주)오앤씨테크","   5,291,700"
"2472","510192","(주)에디넷","   5,288,900"
"2473","180078","주식회사 에이스전기통신","   5,288,000"
"2474","110878","(주)거성에너지","   5,284,600"
"2475","540093","주식회사 성운이엔씨","   5,278,500"
"2476","311519","더로드아이앤씨(주)","   5,278,300"
"2477","202600","(사)장애인동반성장협회","   5,275,000"
"2478","620007","(주)유비컴","   5,274,700"
"2479","150650","엘케이시그널 주식회사","   5,273,700"
"2480","160038","(유)정안정보","   5,273,600"
"2481","111326","(주)우신지엘에스","   5,270,300"
"2482","320517","평지넷 주식회사","   5,270,100"
"2484","440027","(주)인스테크","   5,266,800"
"2483","202841","주식회사 큐디스","   5,266,800"
"2485","350138","(주)엔에스엔","   5,265,500"
"2486","160130","(주)동양이앤티","   5,263,600"
"2487","410351","(주)에스에이치정보통신","   5,262,800"
"2488","111264","주식회사 제니앤시스템즈","   5,259,500"
"2489","112620","(주)유진솔루션","   5,256,900"
"2490","202624","(주)미디어밸리렛","   5,256,300"
"2491","610268","주식회사 세강엔지니어링","   5,256,000"
"2492","111911","(주)지티일렉콘","   5,255,900"
"2493","630179","주식회사 금강정보통신","   5,254,800"
"2494","150604","(주)경동정보기술","   5,253,600"
"2495","311305","(주)우보재난시스템","   5,253,100"
"2496","310948","(주)센코","   5,251,300"
"2497","200627","(주)베스트일렉트로닉스","   5,251,200"
"2498","200290","현대무벡스 주식회사(HYUNDAI MOVEX CO., Ltd.)","   5,250,800"
"2499","150410","세기미래기술 주식회사(SEGI FUTURE TECHNOLOGY CO., LTD.)","   5,250,700"
"2500","203953","주식회사 엔시스코리아 (ENSYS KOREA Inc.)","   5,249,500"
"2501","520056","(주)뉴테크","   5,247,700"
"2502","113453","(주)알에프코리아(RF KOREA Co., Ltd.)","   5,245,100"
"2503","620096","(주)명민","   5,244,700"
"2504","140499","(주)공간","   5,243,500"
"2505","160209","(주)리퓨터","   5,241,700"
"2506","312128","주식회사 포유이엔지","   5,241,400"
"2507","201648","(주)하이브릿지정보통신","   5,239,400"
"2508","112373","(주)대운전설","   5,238,500"
"2509","420424","주식회사 요타","   5,234,300"
"2510","550292","(주)한빛인포텍","   5,232,900"
"2511","112863","(주)고려다이나믹스","   5,232,200"
"2512","540300","영진종합건설(주)","   5,232,000"
"2513","430117","주식회사 진원정보","   5,230,400"
"2514","120621","주식회사 우진이앤씨","   5,226,900"
"2515","202809","주식회사 문형이엔씨","   5,221,700"
"2516","311384","(주)제나드이엔씨","   5,219,500"
"2517","112665","(주)지구정보기술","   5,219,100"
"2518","202259","(주)이케이시스","   5,216,400"
"2520","200074","(주)디지털우민","   5,215,800"
"2519","330017","세광정보통신(주)","   5,215,800"
"2521","120255","(주)에이치엠씨","   5,214,800"
"2522","310178","(주)에디넷","   5,213,200"
"2523","120558","국제시스템(주)","   5,211,700"
"2524","510325","주식회사 성암전력","   5,211,200"
"2525","620146","(주)예성이앤씨","   5,208,800"
"2526","112873","세진미디어통신(주)","   5,207,200"
"2527","201439","주식회사 하이디앤지","   5,203,300"
"2528","330114","(유)제일이엔지","   5,202,800"
"2529","112921","주식회사 휴앤소프트","   5,202,500"
"2530","440031","(주)경훈테크","   5,202,300"
"2531","350264","주식회사 에스앤케이","   5,200,000"
"2532","111783","(주)한국에이브이","   5,199,700"
"2533","112397","주식회사 양광시스템","   5,198,000"
"2534","520038","(주)극동자동화","   5,198,000"
"2535","150230","(주)화신","   5,196,900"
"2536","113339","주식회사 창우","   5,193,500"
"2537","310287","(주)다현정보통신","   5,193,100"
"2538","120112","(주)동아전업","   5,191,700"
"2539","200795","(주)네오인아이텍","   5,189,300"
"2540","113354","아트에이브이(주)","   5,187,300"
"2541","201710","삼아씨디에스 유한회사","   5,187,100"
"2542","203620","주식회사 직방(ZIGBANG Co., Ltd.)","   5,185,700"
"2543","111972","우림정보시스템(주)","   5,184,500"
"2544","140097","(주)유비쿼터스통신","   5,183,800"
"2545","120577","주식회사 신우정보기술","   5,182,900"
"2546","130475","(합)북일정보통신","   5,182,200"
"2547","170187","남양정보통신(주)","   5,181,700"
"2548","310942","(주)리버스톤미디어","   5,177,600"
"2549","150629","(주)미래이엔씨","   5,173,500"
"2550","200234","주식회사 비티엘정보통신","   5,172,000"
"2551","111747","(주)유엔터스","   5,170,800"
"2552","620018","(주)프로텍","   5,170,200"
"2553","203281","주식회사 제이디솔루션","   5,170,000"
"2554","140378","(주)서해전설","   5,169,500"
"2555","110875","주식회사 아이엘","   5,168,800"
"2556","350061","(주)미래엔시스","   5,167,300"
"2557","120469","삼진무선","   5,166,000"
"2558","201642","케이투웹테크(주)","   5,164,200"
"2559","430196","(주)동우이앤에스","   5,164,200"
"2560","203606","주식회사 디에스앤지","   5,163,500"
"2561","150165","(주)동해정보통신","   5,162,900"
"2562","310247","주식회사로스텍","   5,162,700"
"2563","130253","(주)아이티이엔지","   5,162,600"
"2564","201799","(주)벤처씨엔씨프라자","   5,162,300"
"2565","203052","주식회사 드림아이시스템","   5,160,900"
"2566","200588","(주)바다에이앤티","   5,160,300"
"2567","310844","(주)두리넷","   5,159,400"
"2568","120606","(주)원우전자","   5,158,900"
"2569","150689","에이치씨테크(주)","   5,158,500"
"2570","140227","에이치테크(주)","   5,157,800"
"2571","530298","주식회사 비즈아이티","   5,157,300"
"2572","112832","팍스코이앤아이(주)","   5,155,700"
"2573","310966","(주)예스정보통신","   5,152,300"
"2574","320136","(주)씨노텍","   5,151,500"
"2575","610238","(유)인켈정보통신","   5,151,000"
"2576","202920","주식회사 아우라네트웍","   5,147,800"
"2577","630367","스마트솔루션 유한회사","   5,146,800"
"2578","630204","유한회사 에스티원","   5,142,100"
"2579","112340","(주)씨제이텔레콤","   5,141,400"
"2580","350438","(주)이지웍스뉴미디어","   5,140,300"
"2581","550236","(주)포스아이","   5,139,700"
"2582","200844","(주)이넷시스","   5,138,500"
"2583","530189","오픈정보기술(주)","   5,137,700"
"2584","111459","(주)오엠에스시스템","   5,137,100"
"2585","510512","주식회사 한성아이시티","   5,135,900"
"2586","203468","주식회사 버텍스아이디","   5,134,500"
"2587","311910","사회적협동조합 나라사랑","   5,131,600"
"2588","310612","선진테크1 주식회사","   5,131,200"
"2589","630006","(주)한국정보통신","   5,126,800"
"2590","112764","(주)태양이엔씨","   5,125,700"
"2591","160115","(주)삼원텔레콤","   5,125,400"
"2592","420010","주식회사 세종기술","   5,125,100"
"2593","550395","주식회사 감수","   5,123,600"
"2594","530127","동진이앤씨(주)","   5,119,600"
"2595","202016","제이아이티 주식회사","   5,119,100"
"2596","203017","주식회사 소담정보통신","   5,118,400"
"2597","140455","(주)메가정보통신","   5,115,500"
"2598","202783","주식회사 엠큐닉 (MQNIC Co., Ltd.)","   5,114,800"
"2599","311977","상림종합전설(주)","   5,112,300"
"2600","540087","(주)세일시스템","   5,111,100"
"2602","610270","주식회사 퍼스트넷","   5,110,000"
"2601","310013","(주)강산아이티","   5,110,000"
"2603","510332","(주)아이엠아이씨티","   5,107,700"
"2604","420300","HF테크","   5,105,900"
"2605","112221","(주)에프알텍","   5,105,200"
"2606","330041","(주)티아이에스","   5,103,300"
"2607","330019","새론정보통신","   5,102,700"
"2608","203918","주식회사 수운","   5,099,800"
"2609","420169","동천하이테크(주)","   5,095,400"
"2610","120238","주식회사 한국레이더시스템","   5,093,100"
"2611","312149","주식회사 신성아이티에스","   5,091,500"
"2612","111222","한국전기통신(주)","   5,090,300"
"2613","440018","(주)프라임아이씨티","   5,087,500"
"2614","130195","(주)영전정보통신","   5,084,800"
"2615","202829","씨큐리티 주식회사(CECURITI Co.,Ltd)","   5,084,700"
"2616","420340","주식회사 데이타렉스대전","   5,084,100"
"2617","203478","주식회사 온앤오프미디어","   5,081,400"
"2618","510318","(주)블루앤시스","   5,079,700"
"2619","630067","(주)대경산전","   5,079,300"
"2620","111436","주식회사 인드라텍","   5,078,100"
"2621","150494","(주)아이티아이에스","   5,076,800"
"2622","311838","주식회사 명선정보기술","   5,076,200"
"2623","140424","(주)유림","   5,076,200"
"2624","110216","(주)신정","   5,070,700"
"2625","203725","주식회사 오엔시스템즈","   5,068,900"
"2626","202843","주식회사 네트컴시스템","   5,068,100"
"2627","620124","엘글로벌 주식회사","   5,063,700"
"2628","150384","경안정보기술(주)","   5,063,500"
"2629","201693","(주)에스에이정보기술","   5,061,000"
"2630","140034","(주)조흥테크","   5,060,200"
"2631","520014","(주)두나우","   5,060,000"
"2632","111605","으뜸이앤씨(주)","   5,057,400"
"2634","520100","주식회사 진정보통신","   5,056,100"
"2633","620253","디디텔레콤 주식회사","   5,056,100"
"2635","550427","주식회사 한길정보통신","   5,055,800"
"2636","201012","(주)시에나텔레콤","   5,054,700"
"2637","113221","(주)아이티맨","   5,052,800"
"2638","112445","엔탑정보통신(주)","   5,049,900"
"2639","630024","주식회사 시온테크","   5,049,600"
"2640","410214","웨스글로벌(주)","   5,049,400"
"2641","311594","(주)윈테크","   5,048,700"
"2642","200378","(주)뉴콤","   5,044,300"
"2643","120588","(주)에스엠에이시스템","   5,043,600"
"2644","111720","(주)성우씨앤엔","   5,041,800"
"2645","140187","(주)번계전","   5,041,800"
"2646","113138","(주)동명텔레콤","   5,039,200"
"2647","150617","(주)동아텔레콤","   5,037,800"
"2648","112630","(주)한국정보기술단","   5,036,500"
"2649","420336","주식회사 동평기술","   5,036,100"
"2650","410364","주식회사 하이텍이엔지","   5,034,900"
"2651","200483","(주)비트엔","   5,033,200"
"2652","530048","(주)유정보통신","   5,032,900"
"2653","200385","엠앨캐스트(주)","   5,030,300"
"2654","130464","(주)내포정보통신공사","   5,029,600"
"2655","311574","(주)유니콤","   5,028,800"
"2656","320127","유닉디지털(주)","   5,028,500"
"2657","310625","(주)콘스탄텍","   5,028,100"
"2658","201386","(주)동명텔레콤","   5,027,600"
"2659","410247","(주)그린넷","   5,027,200"
"2661","420148","주식회사 라온통신","   5,026,000"
"2660","140130","(주)누리일렉콤","   5,026,000"
"2662","201148","(주)호디","   5,025,400"
"2663","111252","케이씨에스통신기술(주)","   5,022,800"
"2664","201952","(주)와치텍","   5,022,000"
"2665","200918","(주)아이젠시스템즈","   5,021,700"
"2666","120703","(주)금강항해통신","   5,019,700"
"2667","111582","(주)조은커뮤니케이션","   5,018,800"
"2668","200612","(주)한포넷","   5,018,100"
"2669","420231","위즈테크놀로지(주)","   5,015,700"
"2670","113315","(주)신화","   5,015,400"
"2671","550306","주식회사 시온넷","   5,014,100"
"2672","120622","(주)제일시스템","   5,012,300"
"2673","530294","(주)케이엔에스","   5,010,800"
"2674","203703","주식회사 코넨컴즈","   5,010,500"
"2675","312144","주식회사 상도아이씨티","   5,009,500"
"2676","530290","(주)정우디지털","   5,007,400"
"2677","150603","대한정보통신","   5,007,400"
"2678","620091","지엘씨티 주식회사","   5,005,500"
"2679","350443","주식회사 티알엘코리아","   5,004,400"
"2680","201560","(주)신보기전","   5,001,900"
"2681","120016","창조정보통신","   5,001,300"
"2682","203462","주식회사 넥스트테크놀로지","   5,000,700"
"2683","112424","(주)동양산전","   5,000,100"
"2684","440014","(주)와이비네트웍스","   4,998,800"
"2685","202976","굿어스데이터 주식회사","   4,995,500"
"2686","311344","(주)디지텍코리아","   4,995,000"
"2687","311051","(주)비오더블테크놀로지","   4,994,600"
"2688","310104","탑솔라 주식회사","   4,992,700"
"2689","620050","주식회사 대은기전","   4,991,000"
"2690","640047","주식회사 현우전력","   4,987,600"
"2691","110331","엘에스일렉트릭 주식회사(LS ELECTRIC Co., Ltd.)","   4,986,700"
"2692","610276","주식회사 대호이엔지","   4,986,100"
"2693","111267","문엔지니어링(주)","   4,982,700"
"2694","310830","(주)이화정보통신","   4,982,100"
"2695","111192","(주)신한개발","   4,980,900"
"2696","610005","(주)산들네트웍스","   4,978,700"
"2697","310234","대주씨앤에스(주)","   4,977,900"
"2698","620374","유한회사 스마트21","   4,977,200"
"2699","180032","(주)대성정보기술","   4,976,100"
"2700","540365","주식회사 아인이앤텍(AIN electric&technology Co. Ltd)","   4,974,700"
"2701","530384","주식회사 진아전력","   4,970,000"
"2702","311825","아룸테크 주식회사","   4,969,200"
"2703","311789","주식회사 윈코어","   4,969,200"
"2704","420373","주식회사 유성티엔에스","   4,967,500"
"2705","140044","나누리통신 주식회사","   4,964,300"
"2706","420286","주식회사 에스제이정보통신","   4,963,900"
"2707","420282","주식회사 티에스","   4,963,000"
"2708","201159","한빛인프라넷 주식회사","   4,962,500"
"2709","112576","(주)윈플러스정보기술","   4,961,600"
"2710","200606","(주)우리티엔에스","   4,959,000"
"2711","310049","(주)두원네트워크","   4,959,000"
"2712","311885","주식회사 엠에스코리아","   4,958,300"
"2713","350165","(주)덕분이엔씨","   4,958,200"
"2714","311556","(주)동양타브","   4,955,800"
"2715","200842","(주)신우퍼스텍","   4,951,800"
"2716","510256","주식회사 태온산업개발","   4,950,700"
"2717","310240","주식회사 건인티엔에스","   4,948,600"
"2718","201752","(주)다산에스알","   4,947,100"
"2719","201667","두레에스텍(주)","   4,944,900"
"2720","610320","(주)하나전력","   4,944,600"
"2721","201660","(주)지엠케이정보통신","   4,944,400"
"2722","620046","아라텔레콤(유)","   4,943,500"
"2723","140186","인터엠미디어(주)","   4,941,600"
"2724","113196","(주)에이제이월드","   4,940,800"
"2725","620025","(주)화인전자","   4,939,700"
"2726","610397","남부산전 주식회사","   4,938,800"
"2727","550178","엔아이테크(주)","   4,938,200"
"2728","113260","(주)아이젠테크","   4,937,900"
"2729","110978","삼화전기정보통신공사","   4,934,500"
"2730","203501","주식회사 스타버킷","   4,931,800"
"2731","310187","(주)제이넷","   4,931,000"
"2732","420122","(주)에즈웰","   4,930,700"
"2733","420191","대청보안(주)","   4,930,500"
"2734","201100","(주)아이비넥스트","   4,930,000"
"2735","310712","국제엔지이(주)","   4,928,700"
"2736","201269","(주)케이씨에이","   4,928,200"
"2737","112800","(주)우진정보","   4,928,000"
"2738","510383","진영텔레콤 주식회사","   4,926,900"
"2739","201031","(주)혜인에스앤에스","   4,924,200"
"2740","203431","쓰리아이퓨처 주식회사","   4,922,100"
"2741","111232","건웅정보통신(주)","   4,921,600"
"2742","550187","(주)경봉","   4,921,600"
"2743","430284","주식회사 모아기술","   4,921,400"
"2744","170050","주식회사 정오이엔씨","   4,919,900"
"2745","112179","주식회사 파노텍","   4,917,500"
"2746","420236","(주)나루테크","   4,915,500"
"2747","203752","주식회사 알파코엠앤에스","   4,915,000"
"2748","202953","주봉정보시스템 주식회사","   4,913,800"
"2749","350156","(주)다인정보기술","   4,913,100"
"2750","430181","(주)제로정보기술","   4,912,800"
"2751","430133","(주)연우정보","   4,912,500"
"2752","520101","디비밸리(주)","   4,911,800"
"2753","410119","(주)서해정보통신","   4,910,900"
"2754","202071","주식회사 휴먼아고스 (Human Agos Co., Ltd.)","   4,910,600"
"2755","150541","(주)지성전설","   4,909,500"
"2756","150221","(주)신성에스아이","   4,906,400"
"2757","610024","디유씨앤아이티(유)","   4,906,200"
"2759","620143","주식회사 영원시스템즈","   4,905,500"
"2758","610424","주식회사 아이케이에스","   4,905,500"
"2760","200401","(주)풀굿","   4,905,000"
"2761","530365","주식회사 디에스시스템","   4,904,700"
"2762","420321","주식회사 휴라","   4,904,100"
"2763","200512","(주)에스앤디비즈(S＆D Biz Co.,Ltd)","   4,899,400"
"2764","111435","수도엔지니어링(주)","   4,898,100"
"2765","140129","(주)한양이앤시","   4,892,300"
"2766","200011","에이원네트워크(주)","   4,891,800"
"2767","110579","주식회사 영진씨엔씨","   4,890,800"
"2768","630232","주식회사 이모션(e-motion Co.,Ltd.)","   4,888,900"
"2769","311600","(주)혜성테크윈","   4,885,100"
"2770","202413","에스케이에코플랜트 주식회사 (SK ecoplant Co., Ltd.)","   4,883,500"
"2771","530204","(주)하영이앤아이","   4,882,900"
"2772","200833","호근전기(주)","   4,882,500"
"2773","110565","에스케이(주)","   4,881,300"
"2774","170163","(주)승아이엔티","   4,880,900"
"2775","203315","주식회사 제이아이앤티","   4,880,400"
"2776","202370","블랙썬(주)","   4,878,000"
"2777","120523","대성텔레콤(주)","   4,877,000"
"2778","130111","(주)인석텔","   4,873,000"
"2779","120645","(주)영창시스템","   4,871,300"
"2780","112353","주식회사 화진","   4,868,800"
"2781","510074","(주)인펙비전","   4,868,200"
"2782","430140","(주)향수정보통신","   4,867,800"
"2783","310364","주식회사 태원시스템","   4,865,300"
"2784","310576","(주)프로엘코리아","   4,862,400"
"2785","110453","주식회사 홍원테크 (Hongwon tech. Co. Ltd.)","   4,860,700"
"2786","610106","주식회사 태경엔지니어링","   4,858,400"
"2787","620032","주식회사 신아산업개발","   4,856,800"
"2788","311960","주식회사 드림씨엔에스","   4,856,400"
"2789","110548","일조텔레콤(주)","   4,855,500"
"2790","620215","주식회사 성진테크","   4,854,700"
"2791","130422","(주)두일정보통신","   4,854,100"
"2792","200515","이주씨스템(주)","   4,850,400"
"2793","311584","(주)이너스시스템","   4,849,200"
"2794","350498","주식회사 제이와이 정보통신","   4,843,700"
"2795","130339","주식회사 려","   4,843,500"
"2796","111193","주식회사 양지","   4,843,400"
"2797","350147","(주)에펠","   4,842,700"
"2798","150622","그린컴퓨터시스템","   4,842,300"
"2799","203043","주식회사 아이비피","   4,841,600"
"2800","112389","봉산통신 주식회사","   4,840,800"
"2801","311111","(주)아이티아이씨앤씨","   4,839,900"
"2802","202853","주식회사 파워테크닉 (Powertechnique Co.,Ltd)","   4,839,300"
"2803","112409","(주)광운통신","   4,839,200"
"2804","510314","(주)다인정보통신","   4,836,800"
"2805","310974","(주)나래정보통신","   4,835,800"
"2806","350491","주식회사 도경","   4,834,700"
"2807","630072","주식회사 나노엔지니어링","   4,833,900"
"2808","312217","주식회사 탄탄코어(TANTAN Core Co., Ltd.)","   4,833,000"
"2809","201131","동아신호(주)","   4,832,500"
"2810","200084","(주)포트론","   4,831,700"
"2811","330043","주식회사 엔테크","   4,825,300"
"2812","312101","주식회사 이케이엠(EKM Co., Ltd.)","   4,825,000"
"2813","530223","(주)대원통신","   4,823,200"
"2814","420090","앤디피에스(주)","   4,822,100"
"2815","310489","(주)에스알티","   4,821,000"
"2816","202162","주식회사 이스온","   4,820,900"
"2817","111068","(주)융시스템","   4,820,500"
"2818","202874","주식회사 케파스","   4,819,700"
"2819","420486","주식회사 케이쓰리아이(K3I. Co., Ltd.)","   4,819,300"
"2820","202956","주식회사 에스알시스템","   4,818,500"
"2821","202231","(주)다온에스디","   4,818,500"
"2822","350010","(주)휴먼시스템","   4,815,900"
"2823","111054","(주)태주이엔지","   4,815,500"
"2824","130201","(주)에스엘티","   4,814,700"
"2825","202399","솔텍인포넷(주)","   4,813,500"
"2826","312005","주식회사 정광파워텍","   4,811,400"
"2827","310994","인텍전기전자(주)","   4,810,800"
"2828","510323","(주)유일미디어","   4,810,300"
"2829","550277","주식회사 아름","   4,807,100"
"2830","320219","가천씨앤텍(주)","   4,806,100"
"2831","201229","(주)서원티에스","   4,805,800"
"2832","160206","유한회사 한울","   4,805,700"
"2833","420414","주식회사 다인코어","   4,805,400"
"2834","203991","주식회사 엠아이에스피","   4,804,700"
"2835","312009","주식회사 에이치제이엠(HJM)","   4,803,300"
"2836","311348","주식회사 천호정보통신","   4,800,000"
"2837","201226","비젼텔링크(주)","   4,798,000"
"2838","550351","일신씨엔에스 주식회사","   4,796,300"
"2839","150310","강남정보통신 주식회사","   4,796,000"
"2840","640006","일송 주식회사","   4,795,900"
"2841","311071","(주)한승","   4,794,300"
"2842","113271","(주)파이널위즈","   4,791,600"
"2843","310150","(주)신한오엔씨","   4,785,500"
"2844","311510","(주)쓰리에스전기통신","   4,783,000"
"2845","320119","(주)대건시스템즈","   4,782,500"
"2846","550167","동양기전(주)","   4,782,200"
"2847","160152","(주)라인인포","   4,782,200"
"2848","420180","(주)케이에스솔루션","   4,778,700"
"2849","113413","현대위성네트워크(주)","   4,775,100"
"2850","203019","주식회사 아이티아이비전","   4,774,600"
"2851","311579","(주)새빛테크놀러지","   4,773,700"
"2852","311972","주식회사 엘케이에스텍(LKS TECH)","   4,773,100"
"2853","110438","협진통신(주)","   4,772,200"
"2854","150074","영남정보통신(주)","   4,769,700"
"2855","311153","(주)디투이노베이션","   4,769,400"
"2856","311705","다원컴퓨팅 주식회사","   4,768,100"
"2857","203795","주식회사 보스테크","   4,766,700"
"2858","520175","주식회사 인사이트온","   4,766,600"
"2859","120040","두산에너빌리티 주식회사(DOOSAN ENERBILITY CO., LTD.)","   4,765,600"
"2860","430085","(주)조양","   4,765,300"
"2862","140444","동원안전시스템(주)","   4,762,500"
"2861","111814","주식회사 테크윤","   4,762,500"
"2863","311848","정원산업(주)","   4,761,700"
"2864","203439","주식회사 위드테크","   4,760,200"
"2865","410183","스마트인포(주)","   4,753,800"
"2866","200043","(주)야베스케이","   4,753,700"
"2867","350265","(주)와이비테크","   4,752,500"
"2868","201083","(주)키월드정보통신","   4,751,800"
"2869","610235","주식회사 아이씨티","   4,749,900"
"2870","510158","(주)처음정보기술","   4,749,400"
"2871","112929","(주)디즈넷","   4,748,500"
"2872","120347","주식회사 해림아이티","   4,747,800"
"2873","202862","이노넷 주식회사","   4,743,700"
"2874","530309","이텍솔루션","   4,743,400"
"2875","311365","주식회사 우진이엔씨(WOOJIN ENC Co., Ltd.) ","   4,741,200"
"2876","312019","(주)루시드네트웍스","   4,740,600"
"2877","430282","주식회사 다온아이티","   4,738,300"
"2878","202192","(주)메이사운드","   4,737,600"
"2879","200334","주식회사 정안디엔씨","   4,736,900"
"2880","610117","(주)경원시스템","   4,736,500"
"2881","140223","(주)대오","   4,733,800"
"2882","610136","대신아이씨티(주)","   4,729,600"
"2883","320233","주식회사 아트원테크","   4,727,600"
"2884","510027","삼성영상보안(주)","   4,726,100"
"2885","312227","주식회사 경원이앤씨","   4,725,600"
"2886","350271","주식회사 디비전기통신","   4,725,500"
"2887","201772","(주)경진네트워크","   4,723,600"
"2888","311861","(주)온세이엔씨","   4,722,900"
"2889","510091","(주)투위즈넷","   4,722,300"
"2890","113080","(주)이화일렉콤","   4,721,900"
"2891","330015","대성정보통신(주)","   4,718,500"
"2892","311129","(주)원업솔루션","   4,716,300"
"2893","410301","한성건설(주)","   4,714,600"
"2894","112361","(주)진솔이앤지","   4,712,800"
"2895","110299","한담건설(주)","   4,712,000"
"2896","203428","주식회사 자이닉스","   4,710,600"
"2897","140224","(주)현진하이테크","   4,710,100"
"2898","113231","(주)테크미컴","   4,709,200"
"2899","620080","(주)유현정보통신","   4,709,100"
"2900","610364","주식회사 운강","   4,707,500"
"2901","610215","주식회사 에이원","   4,706,100"
"2902","610055","주식회사 쏠에너지","   4,705,100"
"2903","330045","(주)강원전산원네트웍스","   4,701,600"
"2904","203106","주식회사 다옴솔루션","   4,699,000"
"2905","202670","파나소닉코리아(주)","   4,697,500"
"2906","430002","(주)두성이앤씨","   4,697,000"
"2907","113030","(주)케이알산업","   4,696,200"
"2908","330197","주식회사 지오멕스소프트","   4,695,600"
"2909","140053","(주)협진정보","   4,694,400"
"2910","311699","주식회사 제이에스이엔씨","   4,693,900"
"2911","550109","FT MARINE","   4,693,000"
"2912","200979","주식회사 한빛정보통신","   4,691,300"
"2913","180045","(주)한울정보통신","   4,690,900"
"2915","110491","(주)명승아이티","   4,689,800"
"2914","140281","(주)우주텔레콤","   4,689,800"
"2916","320110","(주)미코정보통신","   4,688,100"
"2917","150631","코리아넷시스템(주)","   4,687,700"
"2918","113358","주식회사 다올테크","   4,687,400"
"2919","202318","(주)사운드플레이스","   4,687,000"
"2920","510404","주식회사 지온","   4,687,000"
"2921","112178","주식회사 씨에스산업","   4,686,700"
"2922","350044","주식회사 나래정보통신","   4,684,900"
"2923","120817","주식회사 대경이엔에스","   4,684,900"
"2924","420287","에이치피씨코리아 주식회사","   4,684,200"
"2925","111844","염광전기통신(주)","   4,683,000"
"2926","312266","주식회사 하이브웍스","   4,682,900"
"2927","130410","우창전력(주)","   4,681,600"
"2928","111358","(주)맥스컴텍","   4,675,300"
"2929","550234","주식회사 우정산업테크","   4,674,500"
"2930","312118","주식회사 옥타곤솔루션","   4,673,900"
"2931","330162","주식회사 강원네트웍스","   4,673,000"
"2932","320483","주식회사 알앤에이시스템","   4,673,000"
"2934","201306","(주)아트웨어","   4,670,900"
"2933","200907","주식회사 에이치에스코리아 (HS Korea Co., Ltd.)","   4,670,900"
"2935","201623","(주)스마트게이트","   4,670,000"
"2936","111654","(주)정원엔시스","   4,669,500"
"2937","410226","(주)대광전설","   4,665,300"
"2938","410029","(주)삼성테크","   4,661,900"
"2939","140141","세진네트웍스 주식회사","   4,661,600"
"2940","202321","(주)제이에스지테크","   4,660,800"
"2941","140491","(주)엔젠정보통신","   4,658,500"
"2942","610227","주식회사 우원산업","   4,658,500"
"2943","201593","에이치케이전기통신(주)","   4,655,000"
"2944","311245","(주)유신씨앤씨","   4,651,300"
"2945","311040","(주)타치온네트웍스","   4,646,000"
"2946","610240","(주)한영기전","   4,644,100"
"2947","510097","(주)다인정보","   4,642,200"
"2948","320482","주식회사 에이치포넷(H4net Co., Ltd)","   4,642,100"
"2949","311421","(주)인더스비젼","   4,641,500"
"2950","620036","한양공영(주)","   4,641,100"
"2951","170119","(주)새론에스엔씨","   4,640,800"
"2952","203943","주식회사 상상솔루션","   4,640,000"
"2953","610321","주식회사 더솔루션스","   4,640,000"
"2954","330292","주식회사 영우","   4,635,500"
"2955","430076","(주)코드원","   4,633,900"
"2956","350429","주식회사 네오미디어","   4,630,000"
"2957","330239","보령기전 주식회사","   4,629,700"
"2958","620348","주식회사 등화","   4,626,900"
"2959","201052","현대아이티에스전자(주)","   4,625,700"
"2960","110037","현대정보산업(주)","   4,621,400"
"2961","320179","주식회사 보아정보기술","   4,620,100"
"2962","130175","주식회사 계룡아이씨티","   4,619,400"
"2963","630133","(주)첫눈","   4,613,600"
"2964","510005","주식회사 테라정보통신","   4,611,800"
"2965","203327","아이피119정보통신 주식회사","   4,609,800"
"2966","160171","(주)온고을정보통신","   4,608,500"
"2967","112050","주식회사 서윤네트워크","   4,607,000"
"2968","550324","레보론","   4,606,900"
"2969","530182","(주)태성미디어","   4,606,700"
"2970","540155","(주)이지시스템","   4,605,500"
"2971","420088","(주)옴니테크","   4,605,400"
"2972","120707","성웅기술","   4,604,300"
"2973","204049","대한에프에이시스템 주식회사","   4,603,300"
"2974","510717","주식회사 케이엔엔","   4,602,900"
"2975","620284","주식회사 쌍용소프트웨어","   4,602,900"
"2976","180015","인켈전기통신 주식회사","   4,599,700"
"2977","150206","대성네트웍스(주)","   4,597,800"
"2978","312326","주식회사 코어","   4,595,900"
"2979","311810","재영전기주식회사","   4,595,600"
"2980","200045","(주)세명에스엠지","   4,595,200"
"2981","310508","(주)이에스텍","   4,595,000"
"2982","112623","(주)한양티이씨","   4,594,600"
"2983","200063","(주)정운정보통신","   4,594,000"
"2984","120131","(주)광양","   4,591,400"
"2985","200497","(주)디제이티","   4,586,700"
"2986","320390","주식회사 정도정보통신","   4,585,400"
"2987","201757","성민전기(주)","   4,584,600"
"2988","311968","주식회사그라디안","   4,584,500"
"2990","550220","명송테크 주식회사","   4,584,200"
"2989","410276","(주)엘디티","   4,584,200"
"2991","530386","주식회사 에스엔텍","   4,582,900"
"2992","201829","(주)테스콤엔지니어링","   4,582,600"
"2993","550075","(주)프로웰","   4,582,500"
"2994","150497","주식회사 에이치아이티","   4,582,300"
"2995","620363","유한회사 유피통신","   4,582,000"
"2996","520080","주식회사 수주","   4,581,200"
"2997","201661","(주)엘리시스","   4,580,700"
"2998","201450","유화전력(주)","   4,578,700"
"2999","320354","(주)이언시스템","   4,577,300"
"3000","160117","(주)대원정보시스템","   4,575,400"
"3001","420194","(주)유솔","   4,573,500"
"3002","320195","(주)알앤아이","   4,573,000"
"3003","130338","(주)아주엔지니어링","   4,572,500"
"3004","202052","(주)이미넷","   4,571,500"
"3005","420326","주식회사 테크아이","   4,571,200"
"3006","420198","제이엔텍 주식회사","   4,569,500"
"3007","202166","(주)시큐렉스","   4,568,200"
"3008","202066","(주)아이에스인텍","   4,567,200"
"3009","320396","진형정보통신 주식회사","   4,563,800"
"3010","201731","(주)사운더스","   4,562,900"
"3011","530328","(주)디에스티","   4,560,500"
"3012","311170","케이에스정보기술(주)","   4,559,900"
"3013","510219","주식회사 태강","   4,559,000"
"3014","311131","(주)스파이어테크놀로지","   4,558,000"
"3015","311631","주식회사 옵티멀","   4,556,700"
"3016","420127","케이엘정보통신(주)","   4,556,000"
"3017","540183","(주)다윈","   4,555,000"
"3018","510137","(주)나인텔레콤넷","   4,551,300"
"3019","180049","(주)KCTV제주방송","   4,549,100"
"3020","640079","쓰리에스텍(주)","   4,546,800"
"3021","110304","(주)무궁화전자","   4,546,300"
"3022","170196","(주)형우통신","   4,546,200"
"3023","540396","주식회사 삼덕테크윈","   4,545,600"
"3024","202447","주식회사 에스에스아이코리아 (SSI KOREA CO.,LTD)","   4,544,800"
"3025","203666","주식회사 신화시큐리티","   4,544,600"
"3026","520037","태진미디어통신(주)","   4,543,000"
"3027","350079","(주)서돌전자통신","   4,541,800"
"3028","202798","세인트로그 주식회사","   4,541,300"
"3029","170197","관동OA정보통신","   4,541,000"
"3030","110867","(주)원네트웍","   4,540,800"
"3031","510471","(주)태화아이티","   4,539,700"
"3032","110576","(주)부광네트워크","   4,539,600"
"3033","203448","거산테크 주식회사","   4,539,300"
"3034","311226","(주)테크인","   4,539,100"
"3035","540455","주식회사 아이엔(IN)","   4,538,200"
"3036","160114","(주)온시스템즈","   4,536,800"
"3037","430104","주식회사 진정보","   4,533,300"
"3038","311119","(주)대성인포텍","   4,533,200"
"3039","140259","(주)다온전력","   4,532,100"
"3040","510101","주식회사 스카이엔에스","   4,530,800"
"3041","160203","(유)동아미디어정보","   4,529,900"
"3042","202478","(주)성민전기통신","   4,529,600"
"3043","311438","(주)파이더스","   4,527,600"
"3044","540010","(주)필립정보통신","   4,524,700"
"3045","311366","에임시스템(주)","   4,523,500"
"3046","150543","(주)동남무선통신","   4,523,100"
"3047","311661","(주)두리안정보기술","   4,522,500"
"3048","201322","(주)아인스에스엔씨","   4,522,200"
"3049","311978","주식회사 에이치엔에스이엔씨","   4,521,700"
"3050","170124","(주)유아이","   4,521,600"
"3051","200044","(주)라인정보시스템","   4,521,400"
"3052","202302","투앤원정보통신(주)","   4,520,100"
"3054","630220","상명이엔씨 주식회사","   4,519,800"
"3053","202551","(주)지트인","   4,519,800"
"3056","111973","(주)금성전기통신공사","   4,516,500"
"3055","310845","주식회사 새롬정보기술","   4,516,500"
"3057","120071","국제미디어(주)","   4,515,800"
"3058","330244","주식회사 원진미디어","   4,515,400"
"3059","203577","주식회사 경인정보통신","   4,514,400"
"3060","540252","주식회사 네오정보통신","   4,514,200"
"3061","113104","한국통신인터넷기술(주)","   4,513,800"
"3062","510227","우성에스앤지(주)","   4,513,100"
"3063","550197","한신정보(주)","   4,511,800"
"3064","330075","삼성통신기술(주)","   4,511,400"
"3065","203724","주식회사 다구현","   4,508,300"
"3066","630215","주식회사 아이엠시티","   4,508,000"
"3067","330129","주식회사 지원방송(Gangwon No.1 Broadcasting Co.)","   4,507,200"
"3068","350369","주식회사 사파시스템","   4,507,200"
"3069","550318","주식회사 하나아이씨티","   4,506,800"
"3070","420081","(주)호경에스앤씨","   4,505,600"
"3071","202759","(주)이룸시스","   4,505,200"
"3072","310361","주식회사 쏜다 (SONDAR Co., Ltd.)","   4,505,000"
"3073","113391","보스시큐리티(주)","   4,502,300"
"3074","550311","주식회사 디에스테크놀러지","   4,502,200"
"3075","112923","도드람정보기술(주)","   4,501,500"
"3076","640150","(주)디엘에스","   4,501,300"
"3077","420058","주식회사 지티아이","   4,501,200"
"3078","430120","(주)이씨티","   4,498,700"
"3079","113478","윈스로드(주)","   4,498,300"
"3080","110364","(주)휴니드테크놀러지스","   4,498,200"
"3081","200156","노드링크(주)","   4,497,000"
"3082","320077","(주)신우테크","   4,496,400"
"3083","111833","(주)나라정보기술","   4,494,500"
"3084","311670","주식회사 해솔이에프씨","   4,491,400"
"3085","110763","(주)효원엔지니어링","   4,489,000"
"3086","550322","대형웍스지와이티(주)","   4,488,800"
"3087","110537","(주)에스앤아이","   4,488,200"
"3088","330107","(주)케이엘","   4,486,100"
"3089","150059","(주)화성통신","   4,484,600"
"3090","201247","미르네트웍(주)","   4,482,200"
"3091","200710","(주)우경이엔에스","   4,481,000"
"3092","540243","유징테크(주)","   4,480,800"
"3093","203057","주식회사 하나아이씨티","   4,480,200"
"3094","640045","(주)엠비에스","   4,478,500"
"3095","320397","주식회사 씨앤씨건영","   4,476,300"
"3096","202021","(주)데스카","   4,475,000"
"3097","202587","(주)가나이엔지","   4,474,000"
"3098","113384","(주)다우텔레콤","   4,469,800"
"3099","180040","(주)제주안전시스템","   4,467,900"
"3100","110719","하이넷텍(주)","   4,465,900"
"3101","550034","가온소프트(주)","   4,463,900"
"3102","140344","(주)에이엠피","   4,463,800"
"3103","203549","주식회사 투비","   4,463,400"
"3104","202710","(사)한국나눔복지연합회","   4,463,000"
"3105","510632","주식회사 젠투","   4,462,900"
"3106","530424","주식회사 에이아이정보기술","   4,462,100"
"3107","540333","주식회사 이디에스","   4,461,300"
"3108","350496","주식회사 쇼앤프루브","   4,461,000"
"3110","610098","홍운이엔씨(주)","   4,459,300"
"3109","120346","(주)유일정보통신","   4,459,300"
"3111","130030","세광정보통신(주)","   4,459,100"
"3112","202464","(주)동진이앤티","   4,459,100"
"3114","200906","(주)두올테크","   4,458,800"
"3113","530185","(주)하이네트웍","   4,458,800"
"3115","111907","건웅신호산전(주)","   4,457,300"
"3116","320104","(주)현이엔지","   4,456,200"
"3117","200444","(주)이디엔텍","   4,455,900"
"3118","310917","(주)엑스큐시스템","   4,455,400"
"3119","430214","(주)트윅스정보통신","   4,455,000"
"3120","130250","(주)대흥전설","   4,454,500"
"3121","311538","옵티시스(주)","   4,452,800"
"3122","202851","주식회사 우진지앤에스","   4,452,100"
"3123","200770","동해아이앤티(주)","   4,451,100"
"3124","330237","주식회사 포인정보","   4,448,700"
"3125","350189","(주)나비시스템","   4,448,200"
"3126","640074","(주)넥스트이지","   4,448,000"
"3127","420463","(주)라이크소프트","   4,446,800"
"3128","310841","(주)민현테크","   4,446,400"
"3129","311735","주식회사 경인텔레콤","   4,445,600"
"3130","530239","주식회사 아남아이티","   4,445,400"
"3131","420360","주식회사 아이티케어","   4,445,400"
"3132","350482","(주)피에스아이티","   4,445,100"
"3133","112889","주식회사 천일","   4,444,900"
"3134","311196","(주)이노테크","   4,444,300"
"3135","110250","(합자)대성전업상사","   4,441,000"
"3136","620182","광은비지니스(주)","   4,439,600"
"3137","311461","주식회사 안음","   4,438,700"
"3138","111751","다이아몬드전자(주)","   4,438,100"
"3139","202445","(주)엔티유시스템","   4,437,300"
"3140","310453","(주)코스텍시스템","   4,435,700"
"3141","180047","에스에스코리아 주식회사(SS COREA)","   4,435,200"
"3142","410217","(주)현진정보통신","   4,433,500"
"3143","202037","(주)트랜드플러스","   4,433,300"
"3144","350439","엘이디플러스 주식회사","   4,432,800"
"3145","420489","주식회사 케이웍스","   4,427,500"
"3146","420228","(주)브이텍","   4,426,000"
"3147","150674","아이엔지텍(주)","   4,425,700"
"3148","110942","주식회사 다온누리","   4,425,300"
"3149","440036","에스엠테크 주식회사","   4,425,200"
"3150","130509","(주)충청넷","   4,424,500"
"3151","530283","(주)대명이엔씨","   4,423,100"
"3152","350478","주식회사 성광이엔지","   4,422,000"
"3153","312097","주식회사 라온시스","   4,421,600"
"3154","540094","(주)엘리소프트","   4,421,400"
"3155","202820","주식회사 비앤아이테크","   4,417,800"
"3156","420338","주식회사 유엔아이티","   4,417,400"
"3157","201979","(주)링크씨앤아이","   4,416,700"
"3158","160053","(유)딕스","   4,414,700"
"3159","150341","(주)동원시스템","   4,414,500"
"3160","540122","(주)엘아이엔씨","   4,413,400"
"3161","110240","극동건설(주)","   4,413,100"
"3163","150205","(주)대광시스템","   4,409,900"
"3162","202553","주식회사 율이앤씨","   4,409,900"
"3164","550261","주식회사 신한전기통신","   4,409,600"
"3165","330314","주식회사 세우이엔씨","   4,408,300"
"3166","510641","(주)오상엠엔이티","   4,404,300"
"3167","630198","주식회사 파로스","   4,403,100"
"3168","201682","(주)태산이에이지","   4,402,600"
"3169","311929","(주)아이티센","   4,401,700"
"3170","112926","(주)동국일렉콘스","   4,401,600"
"3171","140037","(주)송림정보통신","   4,401,300"
"3172","540124","(주)파워텔레콤","   4,400,900"
"3173","130139","(주)대흥음향정보통신","   4,400,800"
"3174","203403","시스템어소시에이츠 주식회사","   4,400,500"
"3175","311831","청명전기 주식회사","   4,398,200"
"3176","350382","주식회사 한양아이앤디","   4,397,700"
"3177","610138","엔에스하이텍(주)","   4,397,100"
"3178","430123","주식회사 진영에스아이티","   4,396,500"
"3179","550135","주식회사 인하씨엔티","   4,395,400"
"3180","530157","(주)퓨전소프트","   4,393,500"
"3181","610186","(주)대웅정보통신","   4,393,000"
"3182","202256","(주)경일전공","   4,391,000"
"3184","110288","옥성정보통신(주)","   4,390,000"
"3183","110259","(주)대진정보텔레콤","   4,390,000"
"3186","202400","주식회사 칸씨앤에스","   4,386,900"
"3185","530385","주식회사 제이솔루션","   4,386,900"
"3187","430099","주식회사 영동정보통신","   4,384,900"
"3188","160196","(유)동아테크놀로지","   4,383,300"
"3189","130307","신화전자(주)","   4,380,100"
"3190","203227","주식회사 케이에이치정보통신","   4,379,700"
"3191","200661","(주)서드웨이브","   4,378,300"
"3192","112509","(주)웹센","   4,377,700"
"3193","200996","퍼스트아이앤씨(주)","   4,374,300"
"3194","203839","프로티앤에스 주식회사","   4,373,200"
"3195","630058","제일정보기술(주)","   4,372,700"
"3196","410361","주식회사 더캠","   4,372,100"
"3198","312384","주식회사 상진이노베이션","   4,371,900"
"3197","330247","주식회사 케이엠씨엔씨","   4,371,900"
"3199","140191","(주)나인콤","   4,369,800"
"3200","430298","우리씨티에스 주식회사 (WOORICTS Inc.)","   4,367,400"
"3201","530343","주식회사 엔슨소프트","   4,366,200"
"3202","430156","(주)지에스이엔지","   4,364,500"
"3203","150140","삼렬정보통신(주)","   4,363,800"
"3204","202442","(주)성원네트웍스","   4,363,200"
"3205","111765","(주)우리기업","   4,362,600"
"3206","310798","주식회사 씨엔에스전기통신","   4,362,400"
"3207","202325","주식회사 케이비티정보통신","   4,361,500"
"3208","310826","(주)지오엔지스","   4,358,800"
"3209","530154","대국테크놀로지(주)","   4,358,700"
"3210","420288","주식회사 과학기술분석센타","   4,358,700"
"3211","550148","주식회사 백운전기통신","   4,357,700"
"3212","203455","주식회사 바이다","   4,355,300"
"3213","350026","주식회사하이패스텔","   4,355,100"
"3214","120272","(주)명가씨앤씨","   4,354,800"
"3215","350297","(주)에스티엔아이","   4,354,600"
"3216","111140","대광정보시스템(주)","   4,353,400"
"3217","311990","주식회사 엘리커뮤니티","   4,352,900"
"3218","202743","(주)오엔에스","   4,349,700"
"3219","510051","(주)부일아이티","   4,349,400"
"3220","200093","주식회사 맥서브 (Maxerve Co.,Ltd.)","   4,349,200"
"3222","311634","(주)정호","   4,348,100"
"3221","430039","(주)장원","   4,348,100"
"3223","203142","주식회사 범무시스템","   4,347,400"
"3224","150630","휴먼테크(주)","   4,346,800"
"3225","420027","(주)대원정보기술","   4,344,100"
"3226","610269","주식회사 그린에코텍","   4,343,300"
"3227","540273","주영통신","   4,341,900"
"3228","203701","디씨에스아이 주식회사","   4,341,300"
"3229","200865","(주)삼구정보통신","   4,340,800"
"3230","112666","파워전기통신(주)","   4,340,300"
"3231","520092","유비네트웍스(주)","   4,340,300"
"3232","202631","(주)킴스앤","   4,339,300"
"3233","540394","주식회사 코베트","   4,338,300"
"3235","202225","동부아이시티 주식회사","   4,336,700"
"3234","113346","(주)지비엠아이엔씨","   4,336,700"
"3236","150580","(주)대륜통신","   4,336,500"
"3237","410073","(주)성우시스텍","   4,336,500"
"3238","203728","스마트네트웍스 주식회사","   4,336,000"
"3239","310800","공간정보기술(주)","   4,330,900"
"3240","420072","트롤네트웍스(주)","   4,328,800"
"3241","320180","주식회사 엠비아테크","   4,328,400"
"3242","110560","(주)부강이앤티","   4,326,600"
"3243","112074","주식회사 만성","   4,326,400"
"3244","170171","(주)에이텍","   4,325,300"
"3245","311003","(주)디에스플러스텍","   4,325,000"
"3246","410072","주식회사 예스에너텍","   4,323,800"
"3247","440071","주식회사 다움정보통신","   4,323,200"
"3248","311656","(주)씨디에이","   4,323,100"
"3249","630217","주식회사 지원정보통신","   4,321,800"
"3250","350422","주식회사 씨엔테크","   4,320,500"
"3251","310193","(주)태림네트웍스","   4,320,100"
"3252","200681","(주)신관산업","   4,318,400"
"3253","111105","진아이티(주)","   4,318,200"
"3254","180037","산기술(주)","   4,318,200"
"3255","140367","(주)나산이엔씨","   4,317,300"
"3256","112833","(주)케이티스카이라이프","   4,316,600"
"3257","410143","그린아이티","   4,315,900"
"3258","520161","주식회사 나눔오토메이션","   4,314,900"
"3259","203498","주식회사 니치테크","   4,314,700"
"3260","350317","주식회사 신한전력","   4,312,900"
"3261","620250","주식회사 지호","   4,312,500"
"3262","350105","주식회사 두레시스템","   4,312,100"
"3263","430248","주식회사 한빛통신","   4,310,200"
"3264","201294","주식회사 한싹 (Hanssak Co., LTD.)","   4,308,700"
"3265","510654","(주)정원아이티","   4,307,400"
"3266","510689","아이티 월드(IT. WORLD)","   4,306,600"
"3267","310039","주식회사 예진이엔씨","   4,303,900"
"3268","120711","(주)서경방송","   4,303,600"
"3269","420145","우경전기(주)","   4,302,200"
"3270","550081","(주)대하정보통신","   4,298,000"
"3271","202009","주식회사 광무 (Kwangmu Co.,Ltd.)","   4,297,700"
"3272","350353","(주)에스오씨코리아","   4,296,700"
"3273","311767","주식회사 지니가치","   4,296,400"
"3274","113250","네오에스티엠(주)","   4,295,800"
"3275","120704","네비콤전자(주)","   4,295,600"
"3276","311870","(주)에스씨정보통신","   4,295,400"
"3277","150120","주식회사 이엔티원우","   4,292,500"
"3278","530387","주식회사 민이엔씨","   4,291,500"
"3279","610078","(주)리드텍","   4,291,000"
"3280","320429","주식회사 휴랜","   4,290,400"
"3281","201854","(주)세종네트웍","   4,287,600"
"3282","202833","주식회사 수호이미지랩스 (Suho Image Labs Co.,Ltd)","   4,287,500"
"3283","203305","주식회사 엠에프솔루션","   4,286,400"
"3284","420155","(주)엔케이아이티","   4,284,900"
"3285","203232","주식회사 티엔에스솔루션","   4,284,500"
"3286","203594","주식회사 하이퍼월(Hiperwall korea co., Ltd)","   4,283,800"
"3287","150146","태경이엘피(주)","   4,282,900"
"3289","312047","주식회사 유건네트웍스(Ugun Networks Inc.)","   4,280,900"
"3288","312306","제이케이씨 주식회사","   4,280,900"
"3290","203669","주식회사 테크인스","   4,280,200"
"3291","520153","앤드통신서비스 주식회사","   4,276,800"
"3292","310362","(주)에이씨앤티시스템","   4,275,300"
"3293","200875","현대디지텍코어(주)","   4,274,300"
"3294","111451","주식회사 한양전자피에이","   4,274,200"
"3295","410292","(주)아톰정보통신","   4,272,200"
"3296","130044","더블유아이티 주식회사(WIT Inc.)","   4,271,400"
"3297","311632","(주)뉴콤시스","   4,269,900"
"3298","203208","주식회사 기창인포텍","   4,269,800"
"3299","202634","(주)브로드씨엔에스","   4,268,300"
"3300","540347","주식회사 서진아이앤씨(SEOJIN.INC)","   4,265,500"
"3301","550024","(주)경원통신공사","   4,265,500"
"3302","620048","(주)이노탑","   4,265,200"
"3303","510080","(주)동원개발","   4,263,300"
"3304","310562","(주)케이디티","   4,263,000"
"3305","111820","주식회사 뉴플러스","   4,263,000"
"3306","310536","(주)이룸아이앤씨","   4,262,900"
"3307","140135","주식회사 보은이엔시","   4,261,400"
"3308","510528","(주)비엔티","   4,260,300"
"3309","202786","주식회사 수민텔레콤","   4,259,600"
"3310","130084","서광전기통신공사(주)","   4,258,500"
"3311","620199","주식회사 광성시스템","   4,255,800"
"3312","203216","주식회사 디비인솔(DB Insoul Co., Ltd.)","   4,254,800"
"3313","330260","주식회사 뮤온시스템","   4,253,800"
"3314","310428","(주)주영일렉트로닉","   4,252,500"
"3315","350161","(주)티제이텔레시스","   4,250,900"
"3316","510482","(주)부영정보통신","   4,247,500"
"3317","311356","엘에스통신(주)","   4,245,200"
"3318","550336","주식회사 제일정보통신","   4,244,100"
"3319","112866","위너시스텍(주)","   4,243,700"
"3320","620013","주식회사 엔텍","   4,242,900"
"3321","320284","에이치제이정보통신 주식회사","   4,242,700"
"3322","530051","동우정보통신","   4,242,500"
"3323","510495","광림IMS","   4,242,300"
"3324","110424","올래디오 주식회사(allRadio Co., Ltd.)","   4,242,100"
"3325","510398","케이시스 주식회사","   4,238,200"
"3326","330063","(합자)광진전력","   4,236,400"
"3327","420243","(주)유엠로직스","   4,235,600"
"3328","203649","시큐어레터 주식회사(secure Letter Inc.)","   4,235,400"
"3329","550409","주식회사 스피드정보","   4,233,400"
"3330","113172","(주)고려네트웍스","   4,233,200"
"3331","110017","(주)통광","   4,232,900"
"3332","111188","주식회사 아빅스","   4,231,800"
"3333","203619","주식회사 엑센솔루션","   4,231,300"
"3334","111032","화진정보통신","   4,230,100"
"3335","202616","(주)토마토시스템","   4,229,900"
"3336","202805","주식회사 피에스콤","   4,228,400"
"3337","310551","(주)듀얼아이","   4,225,300"
"3338","203822","위더스컴퓨터 주식회사","   4,224,200"
"3339","203100","주식회사 큐엔큐","   4,223,300"
"3340","112326","(주)알엠케이","   4,222,200"
"3341","120700","(주)지와이코맥스","   4,221,500"
"3342","201512","(주)더블유에프텍","   4,220,600"
"3343","310668","(주)우진일렉트","   4,220,100"
"3344","202880","다린전력 주식회사","   4,218,700"
"3345","550312","(주)티엔에스","   4,217,900"
"3346","202684","한경정보기술(주)","   4,215,200"
"3347","130225","(주)삼원전기통신공사","   4,214,500"
"3348","203937","주식회사 큐빅테크","   4,213,900"
"3349","550310","주식회사 링크로드","   4,213,000"
"3350","510321","디엘이주식회사","   4,212,300"
"3351","510470","(주)제이큐브데이터","   4,209,300"
"3352","120325","(유)수호안전","   4,208,400"
"3353","520089","(주)좋은인프라","   4,207,800"
"3354","201714","(주)노바코스","   4,207,600"
"3355","540072","주식회사 파스칼","   4,207,400"
"3356","312264","주식회사 혜림","   4,207,000"
"3357","311768","주식회사 조인잇","   4,204,100"
"3358","312252","제이디건설산업 주식회사","   4,203,700"
"3359","312054","디피코어 주식회사","   4,201,000"
"3360","540121","(주)규림정보통신","   4,199,200"
"3361","510372","(주)탑네트웍스","   4,197,400"
"3362","311171","(주)씨티아이앤씨","   4,196,600"
"3363","610167","주식회사 화산엔지니어링","   4,195,400"
"3364","310375","(주)씨케이테크피아","   4,195,300"
"3365","203515","주식회사 신성씨앤에스","   4,194,700"
"3366","201740","(주)에이원아이티","   4,191,200"
"3367","550240","(주)우남아이씨티","   4,190,700"
"3368","111900","(주)에이플러스아이티","   4,189,700"
"3369","112710","한사랑엔지니어링(주)","   4,188,900"
"3370","420283","주식회사 라인정보","   4,188,600"
"3371","112601","(주)삼일아엔씨","   4,186,600"
"3372","420048","(주)수경테크","   4,184,500"
"3373","130438","(주)원신정보통신","   4,184,200"
"3374","420358","주식회사 삼인에이치엔티","   4,182,800"
"3375","202821","주식회사 넥서스티앤씨","   4,181,600"
"3376","202520","주식회사 엔큐씨","   4,180,400"
"3377","180071","티엔정보기술(주)","   4,178,700"
"3378","113100","민네트워크(주)","   4,178,200"
"3379","620185","주식회사 씨피에스","   4,178,100"
"3380","510355","주식회사 세인","   4,177,600"
"3381","150592","주식회사 에스","   4,177,000"
"3382","410059","주식회사 삼성이엔씨","   4,174,200"
"3383","630104","유한회사 시영","   4,173,300"
"3384","350525","주식회사 아이티나인","   4,171,700"
"3385","120132","(주)동영이엔티","   4,170,900"
"3386","420192","(주)이오정보통신","   4,167,300"
"3387","311246","(주)우리정보기술단","   4,166,600"
"3388","120201","(주)다승텔레콤","   4,166,000"
"3389","203016","주식회사 케이엔엑스정보통신","   4,165,100"
"3390","410064","주식회사 더아미","   4,164,100"
"3391","202238","(주)엔터그레인","   4,161,000"
"3392","550141","주식회사 보금","   4,160,000"
"3393","120531","(주)알이시스","   4,159,900"
"3394","540005","중원전력(주)","   4,158,400"
"3395","150063","대경아이티 주식회사","   4,158,100"
"3396","112667","웰킵스네트웍스 주식회사 (WelkeepsNetworks Co., Ltd.)","   4,156,900"
"3397","120840","부원아이티(주)","   4,156,700"
"3398","200675","주식회사 대덕에너지","   4,155,800"
"3399","630117","(유)동아테크","   4,155,600"
"3400","350187","(주)베이직테크","   4,155,200"
"3401","311018","(주)에이티맥스","   4,154,800"
"3402","420315","주식회사 지노디엠","   4,154,400"
"3403","150412","주식회사 창성이엔씨","   4,153,600"
"3404","311736","주식회사 자인인더스트리","   4,152,800"
"3405","510547","주식회사 델타텔링크","   4,150,100"
"3406","311288","주식회사 새솔정보통신","   4,150,000"
"3407","110456","주식회사 한통엔지니어링","   4,149,600"
"3408","320245","주식회사 더존일렉스","   4,148,700"
"3409","110227","(주)하이게인안테나","   4,148,000"
"3410","510185","인프리콘(주)","   4,147,400"
"3411","310899","(주)비트정보통신","   4,146,000"
"3412","120252","(주)해인정보통신","   4,145,800"
"3413","110369","삼영에이아이씨(주)","   4,145,400"
"3414","112229","(주)근영이엔씨","   4,143,600"
"3415","200600","(주)아이퀸즈","   4,141,400"
"3416","620324","사단법인 아이티 케어복지회","   4,141,100"
"3417","440046","주식회사 카프","   4,140,100"
"3418","310542","(주)해창건설","   4,139,700"
"3419","200542","(사)한국장애인이워크협회","   4,137,500"
"3420","610292","주식회사 세은정보기술","   4,137,200"
"3421","170169","선일전기산업(주)","   4,136,800"
"3422","130489","신흥통신(주)","   4,136,000"
"3423","202511","(주)에스에이치전기","   4,135,600"
"3425","150615","(주)나래","   4,135,500"
"3424","320240","주식회사 아이엠엔씨에스","   4,135,500"
"3426","311874","주식회사 더포스","   4,133,700"
"3427","203097","주식회사 뉴엣지","   4,132,900"
"3428","420168","(주)소프트아이텍","   4,132,000"
"3429","203262","주식회사 씨에이에스","   4,131,600"
"3430","202975","굿어스스마트솔루션 주식회사","   4,131,100"
"3431","530269","주식회사 비손정보통신","   4,128,700"
"3432","112121","(주)디에이치미디어테크","   4,127,500"
"3433","410363","주식회사 동광지엔티","   4,127,400"
"3434","310117","(주)시스매니아","   4,127,000"
"3435","311921","(주)나래넷츠","   4,125,600"
"3436","150599","(주)티앤씨텍","   4,123,800"
"3437","310238","주은통신기술 주식회사","   4,123,000"
"3438","510052","(주)에이에스정보통신","   4,122,900"
"3439","311046","(주)삼정에스아이","   4,122,600"
"3441","540204","에이존테크(주)","   4,121,800"
"3442","170142","(주)일성텔레콤","   4,121,800"
"3440","520081","(주)투웰텍","   4,121,800"
"3443","310982","주식회사 에이스티앤비(ACE T&B)","   4,120,100"
"3444","111182","부광이앤씨 주식회사","   4,119,300"
"3445","120065","(주)임택전기통신","   4,119,300"
"3446","200443","주식회사 에스앤아이코퍼레이션 (S&I Corp.)","   4,119,200"
"3447","510181","(주)한라씨앤씨","   4,118,700"
"3448","202072","(주)조은네트웍스","   4,118,600"
"3449","202532","쿨사인(주)","   4,117,300"
"3450","410206","해유건설 주식회사","   4,115,700"
"3451","550132","주식회사 세기","   4,114,300"
"3452","311081","오픈스택(주)","   4,113,500"
"3453","330031","(주)석미","   4,111,500"
"3454","530288","(주)태성전력","   4,111,400"
"3455","350404","주식회사 이에이정보통신","   4,109,900"
"3456","170121","화인텔레콤(주)","   4,109,300"
"3457","110257","(주)전우사","   4,108,700"
"3458","350123","(주)금호비젼","   4,107,700"
"3459","330192","(주)누리정보통신기술","   4,107,600"
"3460","311211","미래정보기술(주)","   4,106,500"
"3461","310950","거성일렉콤(주)","   4,106,200"
"3462","112634","(주)참정보통신","   4,105,400"
"3463","540271","(주)블루웨이","   4,105,200"
"3464","310231","우주통신(주)","   4,103,300"
"3465","203719","주식회사 스마트정보기술","   4,099,700"
"3466","170044","요진건설산업(주)","   4,099,600"
"3467","550319","주식회사 성진이엔씨","   4,098,600"
"3468","510210","(주)조은시스템","   4,096,300"
"3469","311470","(주)서아정보통신","   4,096,100"
"3470","310098","(주)세홍산전","   4,095,700"
"3471","410205","(주)파인정보통신","   4,095,200"
"3472","203947","주식회사 포바이포 (4by4 Inc.)","   4,094,700"
"3473","550116","주식회사 디제이아이","   4,093,800"
"3474","120599","(주)하진테크","   4,093,200"
"3475","202079","(주)펀진","   4,093,000"
"3476","110177","주식회사 지티앤","   4,092,900"
"3477","550289","주식회사 넥스에이아이티","   4,092,300"
"3478","120708","(주)대림테크","   4,091,600"
"3479","202846","주식회사 미래엘케이시스템","   4,090,800"
"3480","140036","(주)그린테크","   4,089,200"
"3481","610466","주식회사 이솔씨엔에스","   4,088,200"
"3482","312089","주식회사 에스아이티테크놀로지","   4,087,400"
"3483","530241","(주)범우","   4,087,400"
"3484","200010","(주)가디엘","   4,087,300"
"3485","550276","(주)한미르정보통신","   4,086,100"
"3486","200298","(주)액션테크","   4,086,000"
"3487","312532","세종네트웍스 주식회사","   4,085,700"
"3488","201761","주식회사 선광이엔지","   4,085,000"
"3489","201483","(주)인스웨어","   4,084,300"
"3490","312239","주식회사 지정보통신","   4,084,200"
"3491","120018","아이앤시텔레콤(주)","   4,083,900"
"3492","312617","주식회사 새결","   4,082,700"
"3493","550146","주식회사 아이티지","   4,082,500"
"3494","201670","삼미정보시스템(주)","   4,082,500"
"3495","311621","우림계기(주)","   4,081,900"
"3496","111397","(주)아트엔티이","   4,081,700"
"3497","520011","(주)삼경통신","   4,081,600"
"3498","530173","영한산업 주식회사","   4,080,800"
"3499","440072","월드코어 주식회사","   4,080,200"
"3500","130184","인터엠음향정보통신(주)","   4,080,200"
"3501","540166","(주)삼보정보통신","   4,079,800"
"3502","620079","(주)에슬론통신","   4,078,900"
"3503","311089","(주)에스엔제이정보통신","   4,077,100"
"3504","540480","주식회사 기린","   4,077,100"
"3505","610023","주식회사 케이디에스","   4,076,400"
"3506","112371","(주)나노정보기술","   4,075,000"
"3507","540062","주식회사 티에스","   4,074,700"
"3508","204047","주식회사 엠투아이티","   4,074,300"
"3509","202356","(주)큐오텍","   4,073,900"
"3510","201080","(주)위트콤","   4,073,300"
"3511","420291","덕산넵코어스 주식회사 (DUKSAN NAVCOURS CO.,LTD.)","   4,073,000"
"3512","310348","(주)에이엠알시스템","   4,072,400"
"3513","350181","(주)유아이티","   4,072,000"
"3514","130432","(주)브이아이테크","   4,070,200"
"3515","110883","(주)대경통신","   4,069,900"
"3516","630271","사단법인 행복드림복지회","   4,068,800"
"3517","630185","사단법인 꿈드래장애인협회","   4,068,400"
"3518","311080","(주)국민이엠씨","   4,068,000"
"3519","202130","(주)이지엠시스템즈","   4,066,000"
"3520","201955","광명통신안전(주)","   4,065,100"
"3521","140335","(주)동아이앤씨","   4,064,400"
"3522","550216","미래전기주식회사","   4,063,600"
"3523","440035","세진정보 주식회사","   4,063,300"
"3524","420512","주식회사 유토비즈","   4,062,800"
"3525","120432","(주)동진정보통신","   4,062,000"
"3526","630336","주식회사 지안솔루션","   4,061,700"
"3527","510733","주식회사 이지지오","   4,060,300"
"3528","330268","주식회사 강화이앤씨","   4,059,700"
"3529","620030","(주)유진시스템","   4,059,400"
"3530","130187","서원정보통신(주)","   4,058,100"
"3531","170093","(주)무궁화정보통신","   4,058,000"
"3532","113079","주식회사 두울","   4,057,000"
"3533","201222","주식회사 유니온바이오메트릭스 (UNION biometrics Co., Ltd.)","   4,056,900"
"3534","200488","(주)제일첨단테크","   4,056,000"
"3535","111308","(주)대흥데이타통신","   4,055,600"
"3536","202510","(주)아인시스아이엔씨","   4,055,500"
"3537","150654","(주)하나에스아이","   4,054,100"
"3538","310897","(주)이루온","   4,053,000"
"3539","550283","주아정보 주식회사","   4,049,500"
"3540","520020","엑사정보기술(주)","   4,049,500"
"3541","610062","(주)효주","   4,048,300"
"3542","202340","(주)콘텐츠브릿지","   4,048,200"
"3543","530156","주식회사 콘텍에스디","   4,047,800"
"3544","203362","주식회사 이텍피엔지","   4,047,600"
"3545","170073","해강정보통신(주)","   4,044,600"
"3546","111695","세기정보통신(주)","   4,044,300"
"3547","510715","주식회사 아이시큐","   4,043,800"
"3548","203400","삼동흥산 주식회사","   4,041,800"
"3549","420138","(주)이레테크","   4,041,400"
"3550","312048","주식회사 다윈정보기술","   4,039,000"
"3551","320198","(주)에스아이정보기술","   4,038,900"
"3552","201802","주식회사 에이테크정보기술","   4,038,700"
"3553","111363","알에스전기통신(주)","   4,036,500"
"3554","120369","(주)턴온전자","   4,036,500"
"3555","130226","(주)케이티엔티","   4,036,400"
"3556","120380","(주)비노기술","   4,036,000"
"3557","120329","주식회사 대경무선통신","   4,032,900"
"3558","311495","사단법인 한국사회적일자리개발원","   4,032,700"
"3559","320434","주식회사 아이온텍","   4,032,000"
"3560","140054","광주정보통신(주)","   4,031,500"
"3561","130466","(주)엘에스아이정보기술","   4,030,300"
"3562","510569","폴마켓","   4,030,100"
"3563","202704","주식회사 에이엠넷","   4,029,900"
"3564","311790","뉴테크원","   4,029,700"
"3565","430147","주식회사 제이와이티","   4,028,600"
"3566","202877","주식회사 한성기술개발","   4,028,400"
"3567","350448","주식회사 유비케이솔루션","   4,027,800"
"3568","311272","(주)하픽스","   4,027,300"
"3569","420419","주식회사 혼정보통신","   4,026,600"
"3570","312129","뉴아이텍 주식회사","   4,026,600"
"3571","550004","(주)반도통신","   4,025,600"
"3572","311569","(주)디엠파워","   4,024,300"
"3573","610231","주식회사 남악테크","   4,021,100"
"3574","201722","두레옵트로닉스(주)","   4,020,800"
"3575","630114","이노네트웍스(주)","   4,020,300"
"3576","120846","대성아이넷(주)","   4,019,500"
"3577","200514","주식회사 리드앤컴퍼니","   4,019,100"
"3578","201900","나루씨앤씨(주)","   4,018,500"
"3579","330064","(주)범산","   4,018,100"
"3581","120627","하이콤(주)","   4,017,000"
"3580","320216","(주)희수정보통신","   4,017,000"
"3582","410290","주식회사 씨에이테크","   4,015,400"
"3583","120227","주식회사 디투제이","   4,015,200"
"3584","112942","(주)화진정보통신","   4,014,700"
"3585","202032","(주)예준시스템","   4,014,400"
"3586","540371","(주)기준시스템","   4,010,500"
"3587","510394","(주)이천정보통신기술","   4,010,400"
"3589","203881","엔트로링크 주식회사","   4,010,100"
"3588","203491","주식회사 시큐어포인트(SECUREPOINT CO.,LTD.)","   4,010,100"
"3590","620236","(주)애니원(NE-ONE Co.,Ltd.)","   4,009,800"
"3591","410053","유일엔지니어링(주)","   4,009,400"
"3592","203311","주식회사 유비젠에스엔티","   4,008,200"
"3593","620340","주식회사 엘렉슨미디어테크","   4,007,300"
"3594","420104","에이스기전(주)","   4,006,400"
"3595","203900","주식회사 이노포스트","   4,006,000"
"3596","310947","주식회사 블루웍스 (Blue Works .CO.,LTD)","   4,005,900"
"3597","120710","(주)온누리컴","   4,005,600"
"3598","440023","(주)태승정보통신","   4,005,300"
"3599","530216","(주)씨엔비테크","   4,005,200"
"3600","550142","올넷피아(주)","   4,003,500"
"3601","610096","(주)신한전기","   4,002,800"
"3602","112624","(주)나이츠넷","   4,001,000"
"3603","530088","(주)청우정보시스템","   4,000,800"
"3604","630008","주식회사 엘에프엔지니어링","   4,000,100"
"3605","311813","주식회사 로뎀정보통신","   4,000,000"
"3606","540163","(주)케이텍","   3,999,900"
"3607","311331","(주)에스제이정보기술","   3,999,400"
"3608","130511","(주)웰정보통신","   3,997,700"
"3609","312073","디토닉 주식회사","   3,996,800"
"3610","310159","(주)일산이엔씨","   3,996,500"
"3611","410174","(주)조은통신","   3,994,300"
"3612","311371","(주)제이앤테크놀로지스","   3,993,300"
"3613","203611","주식회사 제이원아이엔씨(J won INC Co,.Ltd)","   3,991,500"
"3614","201627","(주)아이즈넷","   3,990,800"
"3615","312176","주식회사 개성건설","   3,990,700"
"3616","202082","(주)에스이든","   3,989,900"
"3617","530153","주식회사 우석이앤씨","   3,989,300"
"3618","140434","남양정보기술(주)","   3,989,100"
"3619","203487","주식회사 혁산정보시스템","   3,988,900"
"3620","201624","(주)씨앤피테크","   3,987,600"
"3621","112318","(주)디에스텔레콤","   3,983,800"
"3622","204057","주식회사 마이헨지","   3,982,500"
"3623","204038","주식회사 퍼스트엑씨앤씨","   3,982,200"
"3624","550258","(주)부흥전기소방공사","   3,981,500"
"3625","430139","(주)제이비파워텍","   3,978,500"
"3626","140197","(유)무궁화통신건설","   3,978,300"
"3627","150090","에이치에스화성 주식회사","   3,975,900"
"3628","410149","미호전공 주식회사","   3,973,200"
"3629","120107","톱텔레콤(주)","   3,972,400"
"3630","312084","주식회사 마이크로시스템","   3,972,100"
"3631","111744","(주)세빛전자통신","   3,971,700"
"3632","120293","영남통신","   3,971,500"
"3633","130335","대창전력(주)","   3,969,900"
"3634","202175","(주)모비젠","   3,969,300"
"3635","350483","주식회사 태양테크","   3,968,100"
"3636","201304","(주)지엠디텔레콤","   3,967,300"
"3637","202954","주식회사 지에프씨코리아(GFC KOREA Co., Ltd.)","   3,967,200"
"3638","550333","주식회사 아이피캠프(IP Camp)","   3,964,600"
"3639","410232","주식회사 새올정보기술","   3,964,400"
"3640","430055","(주)서건","   3,963,900"
"3641","330086","(주)나라네트워크","   3,963,600"
"3642","630252","유한회사 이디네트웍스","   3,963,100"
"3643","540305","(주)씨티에스","   3,963,100"
"3644","150572","(주)라산전공","   3,962,800"
"3645","120701","승리정보통신(주)","   3,962,700"
"3646","113092","(주)에스티탑","   3,962,200"
"3647","311624","삼덕이엔티 주식회사","   3,961,100"
"3648","510535","(주)명도정보통신","   3,960,500"
"3649","320176","강화정보통신(주)","   3,960,400"
"3650","110401","(주)성화","   3,959,500"
"3651","350331","주식회사 티원정보","   3,958,500"
"3652","311004","우성이엔디(주)","   3,958,100"
"3653","420487","주식회사 케이파트너","   3,958,000"
"3654","310848","(주)씨엘시스템즈","   3,957,800"
"3655","540313","(주)그린이지","   3,956,500"
"3656","203231","주식회사 벨아이앤에스","   3,955,700"
"3657","113106","(주)바른이엔씨","   3,954,900"
"3658","410069","(주)세종보안시스템","   3,953,900"
"3659","310018","(주)지성정보통신","   3,952,000"
"3660","203177","주식회사 튠미디어","   3,951,800"
"3661","520104","하이퍼미디어","   3,951,800"
"3662","312327","엑티브아이티 주식회사","   3,951,600"
"3663","311917","신광정보통신주식회사","   3,951,300"
"3664","330120","(주)스마트네트웍스","   3,950,800"
"3665","540290","금수티아이 주식회사","   3,950,300"
"3666","130294","(주)우리정보통신","   3,949,800"
"3667","200527","(주)파란아이티","   3,949,800"
"3668","311776","주식회사 티엘씨커뮤니케이션","   3,948,100"
"3669","510365","유원이엔씨 주식회사","   3,947,900"
"3670","140393","한결이엔지(주)","   3,947,700"
"3671","150105","(주)대동정보통신","   3,947,000"
"3672","620099","(주)지후","   3,945,800"
"3673","203271","주식회사 케이엔피네트웍스","   3,945,800"
"3674","310491","(주)중흥테크놀러지","   3,943,300"
"3675","550155","(주)링크로드","   3,942,400"
"3676","510676","주식회사 성화에프티","   3,942,200"
"3677","311206","(주)이츠","   3,941,600"
"3678","530243","지엔비테크 주식회사","   3,941,400"
"3679","350403","(주)라온정보통신","   3,940,300"
"3680","170165","주식회사 유동","   3,939,500"
"3681","150664","한빛기술","   3,938,200"
"3682","110936","남인천방송(주)","   3,937,100"
"3683","430116","(주)영인미디어","   3,935,300"
"3684","201636","티에스퓨처(주)","   3,934,200"
"3685","311120","(주)아즈넷","   3,933,400"
"3686","311545","제우스전기정보통신(주)","   3,933,000"
"3687","620084","(주)오케이이엔씨","   3,932,500"
"3690","310608","넷진테크(주)","   3,931,500"
"3689","410098","(주)건영정보통신","   3,931,500"
"3688","420297","주식회사 계룡전기","   3,931,500"
"3691","311689","주식회사 아이엑스비 (IXB Co.,Ltd.)","   3,931,400"
"3692","120458","(주)누리아이코리아","   3,930,800"
"3693","200566","주식회사 에스티아이넷","   3,930,400"
"3694","310152","(주)가보테크","   3,927,800"
"3695","110074","남광토건(주)","   3,927,100"
"3696","430112","(주)미래아이앤씨","   3,926,900"
"3697","420241","(주)인텍","   3,926,900"
"3699","120478","주식회사 세이브앤태원","   3,926,000"
"3698","540081","(주)심우에이앤씨","   3,926,000"
"3700","200794","이룸유비쿼터스(주)","   3,923,500"
"3701","510508","(주)유안테크","   3,923,300"
"3702","130445","티엔에스(주)","   3,922,800"
"3703","530201","주식회사 에스에이취 (SH)","   3,922,500"
"3704","420406","주식회사 한선이엔지","   3,921,900"
"3705","111002","새천년이엔씨(주)","   3,921,500"
"3706","202982","주식회사 영풍전력설비","   3,920,000"
"3707","311754","사회적협동조합 어우리","   3,919,500"
"3708","150496","(주)누비텔레콤","   3,918,700"
"3709","510461","지원건설(주)","   3,918,600"
"3710","203837","주식회사 에이아이텔레콤 (AI Telecom Co.,Ltd.)","   3,917,500"
"3711","202951","주식회사 사운드레이스","   3,917,400"
"3712","620258","주식회사 포디텍","   3,916,600"
"3713","312480","주식회사 위드네트","   3,916,500"
"3714","620167","(주)인정보기술","   3,915,600"
"3715","201239","화인씨엔이(주)","   3,915,400"
"3716","310766","(주)신흥솔루션","   3,914,700"
"3717","120395","(주)은광유비텍","   3,911,500"
"3718","140321","금산정보통신(주)","   3,911,400"
"3719","520019","세화정보통신(주)","   3,911,200"
"3720","410294","주식회사 우진정보통신","   3,909,400"
"3721","201168","주식회사 원넷시스템(One-Net System Co.,Ltd.)","   3,908,400"
"3722","510416","(주)컴솔텍","   3,906,500"
"3723","113451","대한엔지니어링(주)","   3,904,900"
"3724","312231","주식회사 이노스(innos Co.,Ltd.)","   3,904,800"
"3725","310483","코드네트웍스 주식회사","   3,904,400"
"3726","610315","주식회사 제이엠테크","   3,903,800"
"3727","410260","(주)하이테크미디어","   3,903,300"
"3728","203794","주식회사 넷엔씨큐","   3,902,300"
"3729","120241","(주)유노아이티","   3,902,200"
"3730","311306","소울테크(주)","   3,901,800"
"3731","120608","주식회사 유얼","   3,901,600"
"3732","312137","주식회사 태연","   3,901,100"
"3733","540442","주식회사 제이원아이씨티","   3,901,000"
"3734","201424","(주)트리엠","   3,900,500"
"3736","350268","주식회사 길네트웍스","   3,900,500"
"3735","520191","주식회사 지앤아이","   3,900,500"
"3737","610066","아이원정보기술(주)","   3,900,300"
"3738","150319","(주)운산이엔씨","   3,899,500"
"3739","312206","주식회사 한진테크","   3,898,400"
"3740","130153","주식회사 케이디지","   3,897,300"
"3741","110694","금강방송(주)","   3,895,600"
"3742","110142","제이시스템 주식회사","   3,895,400"
"3743","330127","주식회사 지산이앤씨","   3,894,500"
"3744","311922","대은전자 주식회사","   3,892,500"
"3745","150130","(주)혜성정보통신","   3,891,200"
"3747","203634","주식회사 에스엔에이글로벌","   3,889,500"
"3746","200980","아이디스파워텔 주식회사 (IDIS POWERTEL CO.,Ltd)","   3,889,500"
"3748","330213","주식회사 다인이엔에스","   3,889,100"
"3749","311290","(주)프로브디지털","   3,888,700"
"3750","430056","일송건설 주식회사","   3,888,200"
"3751","410062","주식회사 예인이엔지","   3,887,300"
"3752","350426","봉신이앤씨(주)","   3,887,000"
"3753","201960","주식회사 대운텔레시스(Dae Un Telesis Co., Ltd.)","   3,886,800"
"3754","113284","주식회사 극동이엔씨","   3,886,200"
"3755","350340","주식회사 위드플러스","   3,886,200"
"3756","430285","가온통신","   3,885,600"
"3757","113325","(주)지에프전력","   3,884,300"
"3758","111107","(주)코맥스정보통신","   3,883,500"
"3759","203628","주식회사 아이버스씨앤아이(AIBUS CnI)","   3,881,200"
"3760","620100","(유)제이티솔루션","   3,881,100"
"3761","510330","(주)에스티에스시스템","   3,880,400"
"3762","311243","(주)디케이엔지니어링","   3,880,300"
"3763","150582","우원정보(주)","   3,880,000"
"3764","110022","(주)진영이엔씨","   3,877,500"
"3765","311477","에코정보 주식회사","   3,876,600"
"3766","320102","매스콤시스템(주)","   3,876,500"
"3767","311727","(주)비즈메이드","   3,875,500"
"3768","201616","(주)엠씨미디어솔루션","   3,874,200"
"3769","350226","(주)성신전업","   3,871,300"
"3770","420240","주식회사 티제이비","   3,871,000"
"3771","202654","키마시스템즈(주)","   3,870,100"
"3772","311859","주식회사 미소기술공사","   3,870,100"
"3774","110166","(주)호성일렉콤","   3,869,700"
"3773","540120","(주)영도정보통신","   3,869,700"
"3775","140220","(주)청산뉴미디어","   3,868,800"
"3776","620416","주식회사 위치스","   3,867,300"
"3777","130017","(주)벽우","   3,866,400"
"3778","550267","주식회사 파로스","   3,865,400"
"3779","310243","주식회사 엘아이지아큐버 (LIG Accuver Co., Ltd.)","   3,864,100"
"3780","510519","주식회사 원넷","   3,863,900"
"3781","111572","세원전설(주)","   3,860,100"
"3782","510016","(주)진 솔루션","   3,859,500"
"3783","630180","근남정보기술 주식회사","   3,858,800"
"3784","510720","주식회사 테라비트","   3,858,300"
"3785","350106","선명전자통신(주)","   3,856,700"
"3786","120129","오경이에스티 주식회사","   3,856,100"
"3787","201063","(주)네오텔링크","   3,855,700"
"3788","150084","(주)케이씨티","   3,853,700"
"3789","130135","(주)마이크로닉","   3,853,300"
"3790","200654","주식회사 세이프원","   3,851,700"
"3791","350416","주식회사 삼양소방","   3,851,100"
"3792","203368","주식회사 노비텍","   3,850,500"
"3793","113204","(주)나오디지탈","   3,849,600"
"3794","311077","(주)맥스이엔씨","   3,847,100"
"3795","311307","(주)중앙에스엠씨","   3,846,800"
"3796","311942","엔에스게이트 주식회사","   3,844,800"
"3797","510524","투썸데이타(주)","   3,844,800"
"3798","350419","(주)엠비씨플러스","   3,844,600"
"3799","420222","(주)휴먼정보","   3,844,500"
"3800","610318","주식회사 인지솔루션","   3,844,400"
"3801","202575","(주)원정보기술원","   3,843,300"
"3802","330142","한빛통신(주)","   3,842,600"
"3803","150446","삼덕정보통신(주)","   3,842,000"
"3804","320474","주식회사 에스씨엠네트웍","   3,839,400"
"3805","310722","(주)테라테코","   3,838,700"
"3806","140114","동광건설(주)","   3,837,600"
"3807","111398","앤아이에스(주)","   3,836,200"
"3808","202989","에이케이아이에스 주식회사","   3,834,700"
"3809","140452","주식회사 은지정보통신","   3,834,600"
"3810","550304","안택건설 주식회사","   3,832,400"
"3811","350169","(주)누리정보시스템","   3,826,800"
"3812","111880","해냄기업(주)","   3,825,600"
"3813","113036","(주)씨엠유니버샬","   3,824,700"
"3814","510666","주식회사 유림인포텍","   3,824,300"
"3815","420195","(주)엘피에스","   3,823,900"
"3816","620205","주식회사 서진건설","   3,823,600"
"3817","311969","주식회사 지니테크","   3,823,100"
"3818","111530","대한민국상이군경회","   3,822,000"
"3819","202723","(주)앤커웨이브","   3,820,800"
"3820","510573","주식회사 빛가람시스템","   3,820,600"
"3821","110398","(주)선우커뮤니케이션","   3,819,600"
"3822","112458","(주)씽크테크","   3,819,200"
"3823","204082","주식회사 케이티넷코어(kt netcore Co. Ltd)","   3,816,400"
"3824","112707","주식회사 한통","   3,815,200"
"3825","202117","아이투케이코리아(주)","   3,814,700"
"3826","200603","주식회사 한국에이브이산업","   3,814,600"
"3827","203272","주식회사 주연전자서비스","   3,814,100"
"3828","203062","주식회사 아이티위너","   3,813,900"
"3829","201931","(주)델타정보통신","   3,810,100"
"3830","120630","(주)강동미디어","   3,808,900"
"3831","550115","(주)한길정보통신","   3,807,600"
"3832","320389","주식회사 건하정보통신","   3,807,200"
"3833","310169","(주)유비프라임","   3,807,100"
"3834","430001","(주)예원정보통신","   3,806,700"
"3835","120826","(주)한일미디어","   3,805,600"
"3836","203298","주식회사 다온테크놀로지","   3,805,000"
"3837","203082","주식회사 엘토브","   3,804,900"
"3838","530293","(주)레이월드","   3,804,700"
"3839","110007","주식회사 더블유엔에스","   3,804,600"
"3840","330013","(주)화창기업","   3,804,500"
"3841","420359","(주)두드림정보","   3,803,500"
"3842","112462","서우통신 주식회사","   3,803,300"
"3843","200573","(주)세인블루","   3,803,100"
"3844","111074","주식회사 애드테크","   3,802,900"
"3845","111862","지엔네텔(주)","   3,802,900"
"3847","202703","주식회사 미강전력","   3,802,000"
"3846","311908","(주)샘물정보통신","   3,802,000"
"3848","350366","주식회사 아이원코리아","   3,800,200"
"3849","150289","(주)대광정보통신","   3,800,100"
"3850","312235","주식회사 세진테크","   3,799,300"
"3851","200653","드림조이앤바투 주식회사","   3,798,100"
"3852","170188","한길텔레콤(주)","   3,795,900"
"3853","410267","(주)서정아이씨티","   3,795,700"
"3854","311093","(주)삼인정보통신","   3,794,800"
"3855","110662","주식회사 아스텍통신","   3,794,000"
"3856","202571","다원아이엔에스(주)","   3,793,800"
"3857","510430","주식회사 에이원파워텍","   3,790,300"
"3858","110118","합동전자통신(주)","   3,789,600"
"3860","203595","엠엘디티에스 주식회사","   3,789,000"
"3859","540046","기남전기통신(주)","   3,789,000"
"3861","120539","(주)순흥이엔지","   3,788,800"
"3862","200556","(주)대용와트스","   3,787,500"
"3863","202055","주식회사 에프에이일렉콤","   3,786,400"
"3864","120604","뉴마린엔지니어링(주)","   3,786,100"
"3865","610203","(주)에스에스이엔지","   3,784,600"
"3866","202967","주식회사 리안시스템","   3,783,900"
"3867","170178","(주)파워테크놀노지","   3,783,300"
"3868","311550","에스케이시큐리티(주)","   3,782,400"
"3869","111545","남광정보통신(주)","   3,781,300"
"3870","201674","(주)테크스피어","   3,780,800"
"3871","200759","다올정보기술(주)","   3,779,800"
"3872","510147","(주)유니스디","   3,779,200"
"3873","130500","주식회사 레일","   3,777,100"
"3874","201588","(주)성원통신","   3,776,600"
"3875","420335","주식회사 윤성이엔지","   3,775,100"
"3876","200117","주식회사 포인트정보","   3,774,900"
"3877","120438","(주)효성파워택","   3,774,500"
"3878","620306","주식회사 화인테크","   3,773,300"
"3879","510539","케이제이엔지니어링(주)","   3,772,800"
"3880","510595","(주)지팬스","   3,772,700"
"3881","630089","주식회사 서진아이티씨","   3,772,100"
"3882","113223","명진전력 주식회사","   3,771,200"
"3883","350267","이피정보통신주식회사","   3,770,500"
"3884","410304","주식회사 공감아이티","   3,769,200"
"3885","202416","에스큐앤티(주)","   3,769,000"
"3886","430017","금강전기산업(주)","   3,768,400"
"3887","420049","(주)지오정보통신","   3,766,700"
"3888","202988","사단법인 대한장애인복지협회","   3,766,600"
"3889","311746","주식회사 제이앤에스통신","   3,765,000"
"3890","420305","주식회사 대흥솔루션","   3,765,000"
"3891","520090","(주)대아산업","   3,764,500"
"3892","420003","(주)좋은소리","   3,764,400"
"3893","620275","주식회사 에스아이티","   3,764,200"
"3894","430003","(주)한인정보통신","   3,763,600"
"3895","202682","패트롤포콤(주)","   3,763,400"
"3896","420339","주식회사 에이원탑시큐리티","   3,763,200"
"3897","202470","(주)제이에치코리아","   3,763,200"
"3898","550233","주식회사 다컴","   3,762,900"
"3899","510264","(주)티에프오네트웍스","   3,762,500"
"3900","610288","주식회사 제온기술","   3,762,300"
"3901","510315","삼일아이앤씨(주)","   3,762,200"
"3902","540212","(주)한국시스템","   3,761,500"
"3903","312347","선문아이엔에스 주식회사","   3,760,400"
"3904","202354","(주)오트로닉스","   3,759,300"
"3905","120603","상헌엔터테크(주)","   3,758,600"
"3906","112428","윈텍시스템(주)","   3,758,300"
"3907","202448","(주)엘제이텍","   3,755,800"
"3909","113403","태진네트웍스","   3,753,900"
"3908","203808","주식회사 화인폰","   3,753,900"
"3910","203679","주식회사 아이티윈스(ITWEENS CO.,Ltd.)","   3,753,700"
"3911","201637","(주)엠텍정보시스템","   3,753,400"
"3912","312254","(주)엘렉스정보통신","   3,752,900"
"3913","200267","주원통신기술(주)","   3,751,800"
"3914","201472","주식회사 시큐어원","   3,749,100"
"3915","201646","(주)로버텍","   3,748,600"
"3916","203648","주식회사 윈스타비투비","   3,747,500"
"3917","312492","비엘프로세스 주식회사","   3,745,600"
"3918","330270","(주)에스앤씨텍","   3,744,800"
"3919","311270","(주)씨에스이엔지","   3,744,200"
"3920","201561","경인계측시스템(주)","   3,743,800"
"3921","311014","주군이앤씨(주)","   3,743,300"
"3922","350432","(주)오토게이트","   3,742,400"
"3923","310456","태창시스템(주)","   3,741,300"
"3924","630274","유한회사 에이치디정보기술","   3,741,200"
"3925","202297","(주)지컴네트웍스","   3,740,300"
"3926","520103","돈오정보통신","   3,739,300"
"3927","203471","주식회사 플러스파크","   3,739,200"
"3928","350335","주식회사 선우이엔씨","   3,739,200"
"3929","113125","(주)두성미디어","   3,737,600"
"3930","111472","(주)신광이엔씨","   3,737,500"
"3931","130218","웅진보안시스템(주)","   3,737,200"
"3932","202666","(주)엔에스티정보통신","   3,736,700"
"3933","201830","광동정보통신 주식회사","   3,735,600"
"3934","110944","원일통신(주)","   3,733,700"
"3935","140306","(주)부원정보통신","   3,733,600"
"3936","420374","주식회사 제이아이티","   3,731,200"
"3937","203867","성현시스템 주식회사","   3,731,000"
"3938","510011","남광전기(주)","   3,730,900"
"3939","330061","(주)대명건설","   3,730,400"
"3940","160142","(주)하나로","   3,728,900"
"3941","312102","주식회사 유에이아이","   3,728,800"
"3942","620073","(주)이안네트워크","   3,727,800"
"3944","620166","(주)아이콘텍","   3,727,400"
"3943","201721","(주)엠티에스정보기술","   3,727,400"
"3945","203454","켑코이에스 주식회사","   3,726,000"
"3946","640061","(주)건영","   3,725,300"
"3947","110390","대륭중공건설(주)","   3,725,100"
"3948","350142","(주)가온테크","   3,723,800"
"3949","350212","(주)두현","   3,722,600"
"3950","510373","(주)명성씨앤씨","   3,722,600"
"3951","120835","보성선박전자장비(주)","   3,720,700"
"3952","350013","두손(주)","   3,720,100"
"3953","420319","(주)재신전력","   3,718,200"
"3954","113057","(주)강인정보통신","   3,718,100"
"3955","310058","(주)해피로드","   3,717,700"
"3956","201062","에스케이텔링크(주)","   3,717,600"
"3957","202566","(주)라코스시스템","   3,717,300"
"3958","203359","주식회사 루트웰(RouteWell Co., Ltd)","   3,717,200"
"3959","203088","케이디아이앤씨 주식회사","   3,715,800"
"3960","310482","진명통신(주)","   3,715,200"
"3961","330294","주식회사 와이전력","   3,714,900"
"3962","530430","프리비전 주식회사","   3,714,600"
"3963","150313","(주)성화이아이","   3,712,400"
"3964","130098","(주)영진전기통신","   3,709,300"
"3965","200602","(주)대웅텔레콤","   3,709,000"
"3966","330110","(주)디큐","   3,708,000"
"3967","130199","(주)라인통신","   3,705,700"
"3968","111155","(주)휴먼","   3,704,500"
"3969","430195","(주)씨앤씨","   3,704,300"
"3970","550180","(주)온누리정보통신","   3,703,700"
"3971","540008","(주)이엠맵정보","   3,702,200"
"3973","420279","주식회사 세원그룹","   3,700,800"
"3972","112000","성림시스템","   3,700,800"
"3974","202048","신호시스템(주)","   3,699,600"
"3975","320055","(주)남경전력","   3,699,400"
"3976","620128","(주)화신테크","   3,699,000"
"3977","200897","(주)가드텍","   3,697,900"
"3978","620145","(주)종합시스템","   3,697,400"
"3979","310838","한텍 주식회사(HaaN Tech co.,Ltd)","   3,696,700"
"3980","112368","(주)포오스","   3,696,200"
"3981","201846","콘텐츠스퀘어(주)","   3,694,100"
"3982","203443","한국방송통신산업협동조합","   3,693,800"
"3983","420225","(주)엔에스솔루션","   3,692,000"
"3984","111492","(주)석산텔레콤","   3,691,800"
"3985","430209","주식회사 코드원에스에스 (CODEONE SS)","   3,691,100"
"3986","203663","주식회사 지유글로벌","   3,690,800"
"3987","202226","주식회사 나이스음향정보통신","   3,689,100"
"3988","420237","퍼스트정보통신(주)","   3,687,100"
"3989","201872","(주)아이티에스서비스","   3,685,900"
"3990","310792","브이에스이앤티(주)","   3,685,900"
"3991","201319","(주)셀퍼","   3,685,100"
"3992","420350","엘제이테크 주식회사","   3,684,100"
"3993","420363","주식회사 세종통신","   3,683,800"
"3994","140291","(합)자유이엔씨","   3,683,600"
"3995","311370","(주)앤솔루션","   3,683,500"
"3996","140412","주식회사 서경이엔씨","   3,683,400"
"3997","311043","피앤씨테크(주)","   3,683,100"
"3998","202283","주식회사 세이콘","   3,682,900"
"3999","200059","셔블테크놀러지(주)","   3,682,100"
"4000","202941","주식회사 엔하스","   3,680,100"
"4001","201242","(주)이레씨즈","   3,679,900"
"4002","203936","주식회사 푸름엘엔티","   3,679,600"
"4003","410047","(주)현대종합사무기","   3,678,300"
"4004","202001","주식회사 잇츠비솔루션","   3,678,100"
"4005","203268","주식회사 씨와이디정보기술","   3,677,800"
"4006","130452","아셀씨앤씨티 주식회사","   3,677,700"
"4007","630100","특수에이브이","   3,677,300"
"4008","610289","유한회사 서현기전","   3,675,600"
"4009","311567","태평양이앤씨 주식회사","   3,675,500"
"4010","110705","(주)삼보전자통신","   3,675,000"
"4011","630293","주식회사 더원티이씨","   3,675,000"
"4012","510402","(주)위너기술","   3,674,900"
"4013","510050","(주)인타운","   3,673,400"
"4014","202257","(주)제노글로벌","   3,673,400"
"4015","112461","미디어텔레콤(주)","   3,673,100"
"4016","320092","아람정보기술(주)","   3,672,400"
"4017","540284","(주)이현정보통신","   3,671,500"
"4018","550458","주식회사 대림네트","   3,670,400"
"4019","550413","주식회사 아르게스마린","   3,670,200"
"4020","201696","(주)지엘앤티","   3,669,500"
"4021","530187","(주)드림메카텍","   3,669,400"
"4022","150466","(주)유성씨엔에스","   3,669,000"
"4023","110833","주식회사 동남이앤아이","   3,668,900"
"4024","311946","주식회사 진엔지니어링","   3,667,800"
"4025","540441","휴미템","   3,667,300"
"4026","140219","(주)한백","   3,666,800"
"4027","320106","주식회사 준서전력","   3,664,400"
"4028","111737","(주)선진콘트롤엔엑세스","   3,664,000"
"4029","510441","주식회사 유원씨앤씨","   3,664,000"
"4030","140275","(주)이지정보통신","   3,661,800"
"4031","111717","주식회사 이레정보통신","   3,661,700"
"4032","170126","금부전자통신(주)","   3,660,300"
"4033","202402","(주)브레인컨설팅","   3,659,700"
"4034","640041","(주)코지라인","   3,658,700"
"4035","203659","주식회사 트러스(TRUSS Inc.)","   3,658,500"
"4036","350352","주식회사 지바오텍","   3,658,000"
"4037","520113","(주)가나엔터프라이즈","   3,657,900"
"4038","410009","케이넷(주)","   3,657,700"
"4039","540189","인켈정보통신(주)","   3,656,600"
"4040","310925","(주)아바비젼","   3,656,100"
"4041","201250","(주)아이제이일렉트론","   3,656,000"
"4042","550007","(주)탑이엔씨","   3,655,800"
"4043","610081","(주)대산이엔씨","   3,653,200"
"4044","201958","엠에스원디지털(주)","   3,651,700"
"4045","112334","(주)명성","   3,651,400"
"4046","640060","(주)글로비트","   3,651,300"
"4047","620064","(주)대덕지에스","   3,651,200"
"4048","320260","(주)두원계전","   3,647,700"
"4049","200702","(주)시원에스알아이","   3,647,200"
"4050","110473","투빅스(주)","   3,647,000"
"4051","120467","새한정보통신","   3,646,000"
"4052","130519","(주)조은정보통신","   3,644,600"
"4053","120483","주식회사 금화통신","   3,642,800"
"4055","201489","(주)엘제이이엔지","   3,642,700"
"4054","420207","현대디지탈시스템(주)","   3,642,700"
"4056","113032","일성미디어통신(주)","   3,642,200"
"4057","420251","주식회사 번성이앤씨","   3,641,300"
"4058","203331","주식회사 삼아솔루션","   3,639,500"
"4059","311501","(주)하이앤텍","   3,638,900"
"4060","440007","주식회사 서하","   3,638,500"
"4061","550218","(주)인텍비전","   3,638,000"
"4062","120053","(주)삼우통신","   3,637,000"
"4063","312317","주식회사 에스티에스비즈","   3,635,700"
"4064","310554","(주)스페이스인터","   3,635,500"
"4065","330095","태영통신","   3,635,200"
"4066","312390","주식회사 와이즈플러스 (WISE PLUS Co., Ltd.)","   3,634,400"
"4067","550331","리더시스템","   3,633,100"
"4068","202458","(주)아이피로드","   3,632,900"
"4069","350197","(주)지앤에스이엔지","   3,632,600"
"4070","203833","주식회사 한국인프라","   3,631,800"
"4071","130097","에스콘(주)","   3,631,100"
"4072","640167","주식회사 제주아이티엘","   3,629,800"
"4073","311250","주식회사 삼승이엔씨","   3,629,500"
"4074","310754","(주)하이드로넷","   3,629,300"
"4075","200510","(주)엘트정보기술","   3,627,700"
"4076","110351","(주)고광","   3,627,500"
"4077","203618","주식회사 유앤케이테크(UNKTECH Co.,Ltd)","   3,626,700"
"4078","112378","(주)동양타브","   3,626,400"
"4079","311375","(주)일우인터내셔날","   3,625,700"
"4080","201120","(주)아토스","   3,625,500"
"4081","160224","(유)건일시앤시","   3,624,700"
"4082","610112","(유)호남정보시스템","   3,624,000"
"4083","311338","한국도로전산(주)","   3,622,700"
"4084","202053","리드정보기술(주)","   3,621,500"
"4085","620027","주식회사 승주이엔씨","   3,621,500"
"4086","201901","(주)코스모티어","   3,619,400"
"4087","540259","(주)성보전력","   3,619,000"
"4088","330002","(주)월드텍","   3,618,200"
"4089","350082","(주)두주시스템","   3,618,100"
"4090","170032","보승개발(주)","   3,618,000"
"4091","320418","브니엘네이처 주식회사","   3,617,900"
"4092","202725","(주)휴톤","   3,616,200"
"4093","430152","(주)유진정보통신","   3,615,400"
"4094","113108","주식회사 창일","   3,614,800"
"4095","204030","주식회사 일하아이티","   3,612,100"
"4096","203465","주식회사 신성디아이디","   3,611,700"
"4097","430046","우신정보통신(주)","   3,611,700"
"4098","540255","지오종합건설(주)","   3,611,400"
"4099","201844","주식회사 나노넷","   3,610,200"
"4100","550185","(주)예스정보통신","   3,609,300"
"4101","610070","호준전업(주)","   3,607,900"
"4102","620320","(주)가나엔터프라이즈","   3,607,300"
"4103","520155","주식회사 유피시앤에스","   3,606,600"
"4104","620307","주식회사 대덕전산","   3,606,300"
"4105","330094","(합자)하나오에이정보통신","   3,605,800"
"4106","530221","(주)티아젠정보","   3,604,700"
"4107","113084","코스모스티이에스(주)","   3,603,600"
"4109","201019","한성정보기술(주)","   3,602,900"
"4108","112069","(주)아이엘에스씨","   3,602,900"
"4110","201930","(주)소프트넷","   3,602,800"
"4111","112236","(주)제일","   3,601,600"
"4112","201781","(주)엘에프아이티","   3,600,400"
"4113","312041","주식회사 이티엠","   3,599,200"
"4114","203179","디에이치정보 주식회사","   3,599,100"
"4115","310250","주식회사 이지비앤티","   3,598,400"
"4116","110041","주식회사 동아씨엔아이","   3,595,900"
"4117","540483","주식회사 이엔아이미디어","   3,595,700"
"4118","113121","(주)비욘드커뮤니케이션","   3,593,900"
"4119","202641","(주)엔에스미디어","   3,593,100"
"4120","201805","(주)다룸정보기술","   3,592,800"
"4121","202371","오티아이 주식회사(OTICo.Ltd)","   3,592,300"
"4122","180067","(주)영재정보통신","   3,590,900"
"4123","510518","(주)일신기전","   3,590,600"
"4124","550358","주식회사 케이엔엘이디","   3,589,200"
"4126","620244","주식회사 오정건설","   3,589,000"
"4125","310803","주식회사 디텍(D-TEG Co.,Ltd.)","   3,589,000"
"4127","350136","뉴성진파워 주식회사","   3,587,200"
"4128","110051","(주)영원텔레콤","   3,587,000"
"4129","350261","광영정보통신 주식회사","   3,586,700"
"4130","430220","(주)다나통신","   3,585,000"
"4132","202513","(주)파인스닷컴","   3,584,700"
"4131","111036","코맥스씨앤씨","   3,584,700"
"4133","530108","주식회사 코어라이트","   3,583,400"
"4134","540126","신화정보통신","   3,583,100"
"4135","203394","주식회사 정도아이넷","   3,582,700"
"4136","320231","(주)밝은정보통신","   3,582,300"
"4137","510215","(주)성진이엔씨","   3,582,100"
"4138","120059","(주)태인테크","   3,582,000"
"4139","112741","(주)사강통신","   3,580,900"
"4140","530234","주식회사 유민아이티","   3,580,800"
"4141","312344","이천정보통신 주식회사","   3,580,500"
"4142","430311","(주)케이아이티씨엔씨","   3,580,400"
"4143","311771","(주)이젠트리","   3,580,200"
"4144","112865","주식회사 동천전력","   3,579,100"
"4145","530255","주식회사 제이웰","   3,578,400"
"4146","320318","으뜸아이에스 주식회사","   3,578,300"
"4148","203568","주식회사 에이치엔와이(H&Y)","   3,577,500"
"4147","202485","비테크코리아 주식회사","   3,577,500"
"4149","610448","주식회사 에이앤티정보시스템","   3,576,600"
"4150","550226","(주)헤드","   3,576,400"
"4151","640110","주식회사 계림정보통신","   3,575,900"
"4152","112044","(주)대덕","   3,575,100"
"4153","430286","(주)본시스","   3,574,900"
"4154","550231","(주)현대전기통신","   3,574,700"
"4155","311431","(주)비젼코리아","   3,574,400"
"4156","510058","삼성지투비(주)","   3,574,300"
"4157","202557","(주)샌디아","   3,574,100"
"4158","201738","(주)서해종합건설","   3,574,100"
"4159","200818","(주)애드트로닉","   3,573,400"
"4160","620272","주식회사 엔씨엔","   3,572,300"
"4161","202937","대윤계기산업 주식회사","   3,571,900"
"4162","410176","에이트리정보통신(주)","   3,570,700"
"4163","112217","엠에스전자통신(주)","   3,569,600"
"4164","130346","(주)규원테크","   3,568,800"
"4165","112518","(주)한국에스알테크","   3,567,900"
"4166","120372","(주)누리정보기술","   3,567,600"
"4167","311264","아토리서치(주)","   3,566,400"
"4168","110582","(주)삼양통신","   3,565,500"
"4169","202241","한양전자산업(주)","   3,564,000"
"4170","311292","글로벌아이씨티(주)","   3,563,400"
"4172","620377","주식회사 에프엔에스","   3,563,200"
"4171","550334","주식회사 엔씨에스(NCS Co., Ltd)","   3,563,200"
"4173","430158","주식회사 한울정보","   3,561,100"
"4174","150377","동음전자","   3,561,100"
"4175","203056","로안테크 주식회사","   3,560,800"
"4176","111050","(주)한신기전통신","   3,560,100"
"4177","112128","에이플시스템즈(주)","   3,560,000"
"4178","112847","하이웨이브(주)","   3,559,700"
"4179","120828","(주)대민보안공사","   3,559,600"
"4180","201152","매컴정보통신(주)","   3,558,300"
"4181","110597","티에이케이정보시스템(주)(TAK INFORMATION SYSTEMS)","   3,557,700"
"4182","202163","주식회사 우솔네트웍스","   3,557,300"
"4183","111210","(주)새한정보통신","   3,556,600"
"4184","200261","앤에스씨정보시스템(주)","   3,554,800"
"4185","310149","엘림광통신(주)","   3,554,700"
"4186","201742","(주)대청시스템스","   3,554,200"
"4187","112481","(주)지오시스템","   3,554,200"
"4188","540296","(주)영남이엔지","   3,553,800"
"4189","112557","(주)싸이버로지텍","   3,551,200"
"4190","203761","주식회사 씨에이웨이브","   3,550,200"
"4191","410045","(주)보명전설","   3,549,200"
"4192","510276","(주)씨에스정보기술","   3,548,800"
"4193","330331","(주)이베스트엔지니어링","   3,548,500"
"4194","350293","(주)동남시스템즈","   3,548,400"
"4195","203567","주식회사 알앤씨미디어","   3,548,400"
"4196","540209","(주)두현아이티에스","   3,548,200"
"4197","111231","주식회사 대웅텔레콤","   3,547,500"
"4198","510545","(주)비전테크","   3,547,400"
"4199","410087","을지정보통신(주)","   3,546,900"
"4200","320439","주식회사 연홍개발","   3,545,600"
"4201","203105","주식회사 지투넥스","   3,544,700"
"4202","312130","주식회사 다온전기통신","   3,544,600"
"4203","203657","주식회사 케이티클라우드(kt cloud Co.,Ltd)","   3,544,400"
"4204","110991","(주)미래씨앤테크","   3,544,300"
"4205","350076","플라이넷(주)","   3,543,400"
"4206","203637","주식회사 부린","   3,543,400"
"4207","113439","(주)서신정보통신","   3,542,600"
"4208","610178","(주)세아정보기술","   3,542,100"
"4209","201178","(주)신영이엔티","   3,542,000"
"4210","201092","(주)백선통신","   3,541,400"
"4212","410349","주식회사 소망정보통신","   3,540,800"
"4211","610056","신명유아이(주)","   3,540,800"
"4213","150015","주식회사 유니이앤씨","   3,538,600"
"4214","202159","주식회사 글로웰시스템","   3,537,600"
"4215","420408","주식회사 예스컴","   3,537,500"
"4217","550307","케이미디어","   3,536,700"
"4216","420389","주식회사 디원","   3,536,700"
"4218","610123","(주)호경","   3,534,700"
"4219","510345","(주)씨엔마스타","   3,533,000"
"4220","312375","주식회사 포엠아이텍","   3,532,700"
"4221","140029","(주)하나정보통신","   3,532,500"
"4222","120528","거광이엔티","   3,532,400"
"4223","201639","제이엔에스텍(주)","   3,532,400"
"4224","550470","주식회사 서경아이티","   3,531,900"
"4225","430144","(주)시대정보통신","   3,531,200"
"4226","200265","(주)디노시스","   3,529,500"
"4228","111453","(주)예성시스템","   3,528,600"
"4227","410254","(주)우성시큐리티","   3,528,600"
"4230","510086","한울림네트웍(주)","   3,526,500"
"4229","201509","디케이엠텍 주식회사 (DK M-TECH Co., LTD.)","   3,526,500"
"4231","311484","(주)상아엠에스디","   3,526,200"
"4232","202013","(주)네오드림스","   3,526,100"
"4233","610004","준상정보통신(주)","   3,526,000"
"4234","110954","뉴텔정보통신(주)","   3,525,900"
"4235","150263","(주)에스디정보통신","   3,525,500"
"4237","530264","(주)대건정보통신","   3,525,000"
"4236","203847","주식회사 하이멕","   3,525,000"
"4239","350055","에이피엘모아 주식회사","   3,523,200"
"4238","203764","주식회사 앱이지","   3,523,200"
"4240","430125","일통정보(주)","   3,521,300"
"4241","203044","주식회사 엠씨에스텍","   3,520,900"
"4242","130420","주식회사 금광테크","   3,520,300"
"4243","530369","주식회사 아이티아이","   3,519,900"
"4244","410165","(주)세종아이씨티","   3,519,600"
"4245","201962","주식회사 천일","   3,518,800"
"4246","110956","(주)동양건설산업","   3,518,100"
"4247","530256","(주)평화전력","   3,517,800"
"4248","430024","(주)나로","   3,517,700"
"4249","350103","(주)라이크텍","   3,517,300"
"4250","130310","주식회사 씨엠비","   3,516,100"
"4251","540061","금강기술 주식회사","   3,514,500"
"4253","311763","(주)헤리트","   3,512,900"
"4252","120717","(주)삼산전자통신","   3,512,900"
"4254","310860","에스제이텍(주)","   3,512,600"
"4255","202018","(주)쎄븐정보기술","   3,512,400"
"4256","202913","주식회사 이노테나 (Innotena, Inc.)","   3,511,200"
"4257","510154","혜인티엔에스(주)","   3,510,700"
"4258","610385","(주)삼신정보기술","   3,510,500"
"4259","620378","(주)사랑방미디어","   3,510,500"
"4260","130190","(주)명성정보통신","   3,510,100"
"4265","202719","라온위즈 주식회사","   3,509,500"
"4264","311957","지니언스 주식회사","   3,509,500"
"4261","203434","주식회사 동한피앤에스","   3,509,500"
"4263","201225","텔코웨어(주)","   3,509,500"
"4262","203729","주식회사 지지56코리아(GG56 KOREA LIMITED)","   3,509,500"
"4266","203075","모토로라솔루션코리아 주식회사","   3,508,100"
"4267","610163","우리기술산업 주식회사","   3,505,800"
"4268","312092","(주)와이씨앤","   3,503,600"
"4269","111574","주식회사 가교오씨아이","   3,502,800"
"4270","130348","LK통신","   3,502,400"
"4271","320407","주식회사 월드싸운드","   3,502,000"
"4272","204021","주식회사 잡매니아","   3,501,600"
"4273","203499","주식회사 씨큐윈","   3,501,400"
"4274","203073","주식회사 제이더블유씨네트웍스","   3,501,000"
"4276","150610","주식회사 세경하이텍","   3,500,800"
"4275","111651","(주)성창시스템","   3,500,800"
"4277","203383","삼보과학 주식회사","   3,500,400"
"4278","510105","금호마린테크(주)","   3,498,700"
"4279","610330","주식회사 성동테크","   3,498,600"
"4280","203855","주식회사 유콘텍","   3,498,400"
"4281","350220","(주)대륙미디어","   3,498,000"
"4282","111223","네트원정보통신(주)","   3,497,900"
"4283","610010","(주)포스시스템","   3,496,000"
"4284","350108","(주)와이지글로벌","   3,495,600"
"4285","640157","주식회사 테크원시스템","   3,495,600"
"4286","311553","(주)네오아이에스","   3,495,500"
"4287","520115","(주)태영아이씨티","   3,495,100"
"4288","540169","(주)이프","   3,494,900"
"4289","201563","(주)인텔리안시스템즈","   3,492,800"
"4290","550497","이수기술단 주식회사","   3,492,200"
"4291","112588","주식회사 주광전기","   3,491,600"
"4292","203150","주식회사 가이아이앤씨","   3,491,400"
"4293","203140","주식회사 화성전력","   3,491,100"
"4294","430202","메가이엔씨","   3,488,900"
"4295","310987","으뜸정보통신","   3,487,800"
"4296","320374","주식회사 비에스티그룹","   3,486,500"
"4297","310669","(주)스타네트웍","   3,486,400"
"4298","310396","(주)콜사인테크놀러지","   3,485,900"
"4299","111350","한국씨네텍(주)","   3,485,600"
"4300","550120","아몽솔루션(주)","   3,485,500"
"4301","510193","(주)부경정보통신","   3,482,400"
"4302","350515","주식회사 씨엔컴즈","   3,482,200"
"4303","520055","주식회사 이에스아이티(ESIT Co.,Ltd.)","   3,481,100"
"4304","160228","(유)아이디씨케이","   3,479,900"
"4305","430028","(주)마루지앤에스","   3,479,400"
"4306","113214","(주)연합정보","   3,479,200"
"4307","111923","주식회사 광림전력","   3,478,600"
"4308","310448","주식회사 앤로보틱스 (NRobotics Co., Ltd.)","   3,478,000"
"4309","111567","씨아이토피아(주)","   3,478,000"
"4310","550160","(주)남해전기","   3,477,700"
"4311","203607","주식회사 위피아","   3,477,400"
"4312","630322","주식회사 나인이즈","   3,477,200"
"4313","203458","성온엘","   3,476,300"
"4314","202728","(주)씨씨티비네오텍","   3,476,000"
"4315","111913","(주)비전에스엔씨","   3,475,300"
"4316","140203","주식회사 해진정보통신","   3,474,200"
"4317","201753","주식회사 씨티","   3,474,000"
"4318","310504","(주)엑스코하이텍","   3,473,000"
"4319","540264","주식회사 한신전기","   3,472,400"
"4320","203230","주식회사 인피니티아이씨티(INFINITY ICT Co., Ltd.)","   3,472,300"
"4321","203614","주식회사 이상시스템","   3,472,100"
"4322","311267","(주)수리이엔씨","   3,471,300"
"4323","201409","(주)새한에이앤지","   3,471,200"
"4324","410329","주식회사 정림","   3,471,100"
"4325","201944","(주)에이픽스","   3,470,800"
"4326","150646","가람정보기술(주)","   3,470,300"
"4328","311355","에이디솔루션즈(주)","   3,470,100"
"4327","202578","(주)세보엠이씨","   3,470,100"
"4329","170115","동일전력(주)","   3,469,900"
"4330","311572","시설물안전연구원(주)","   3,469,600"
"4331","311583","비바아이티에스(주)","   3,469,600"
"4332","330104","에이텍(주)","   3,468,800"
"4334","312438","주식회사 케이눅","   3,467,900"
"4333","201344","(주)시큐브","   3,467,900"
"4335","170186","아인네트웍시스템(주)","   3,467,300"
"4336","310564","(주)통해","   3,465,600"
"4337","630226","주식회사 명지정보기술","   3,465,500"
"4339","202455","캐논코리아 주식회사","   3,465,400"
"4338","620224","(주)드림정보시스템","   3,465,400"
"4340","311149","(주)포스웨이브(Force Wave Co., Ltd.)","   3,465,300"
"4341","201641","(주)경동원","   3,464,500"
"4342","510309","(주)리얼허브","   3,464,100"
"4343","610222","한울통신(주)","   3,462,700"
"4344","630306","유한회사 전라보안공사","   3,462,400"
"4346","203249","주식회사 제이제이에스티","   3,462,300"
"4345","510132","(주)이지텍","   3,462,300"
"4347","420461","(주)윌코모시스템즈","   3,462,000"
"4348","201266","주식회사 모리트","   3,461,900"
"4349","350193","주식회사 명지전기통신","   3,461,400"
"4350","530287","(주)데이타렉스아이티","   3,461,300"
"4351","120779","주식회사 성민","   3,460,800"
"4352","420292","주식회사 스마트제어계측","   3,459,600"
"4354","510083","동영기업(주)","   3,457,000"
"4353","410177","(주)서울전업공사","   3,457,000"
"4355","311428","(주)온누리정보통신","   3,456,300"
"4356","111523","주식회사 삼신정보통신","   3,456,100"
"4357","430145","(주)이엔에스테크","   3,455,800"
"4358","630068","건일정보통신(주)","   3,455,100"
"4359","420436","주식회사 오케이넷","   3,454,400"
"4360","140340","유로통신","   3,453,200"
"4361","310548","(주)루민비젼","   3,452,800"
"4362","620260","주식회사 문성통신","   3,452,700"
"4363","350434","(주)다산엔지니어링","   3,452,000"
"4364","410104","엘림네트웍스","   3,451,900"
"4365","110894","천마정보통신(주)","   3,451,600"
"4366","350163","(주)지에스씨","   3,451,400"
"4367","350326","주식회사 피엠피테크","   3,450,500"
"4368","311035","(주)협성기전","   3,449,500"
"4369","540210","비엔디정보통신(주)","   3,449,400"
"4370","150012","(주)일해정보통신","   3,448,900"
"4371","202931","주식회사 아이링크시스템","   3,448,800"
"4372","203694","주식회사 싸이버텍홀딩스","   3,448,600"
"4373","510494","와이디일렉트로닉스(주)","   3,448,000"
"4374","311282","주식회사 우솔통신기술","   3,447,700"
"4376","110280","광명인터컴(주)","   3,447,300"
"4375","550227","(주)유디피시스","   3,447,300"
"4377","202606","(주)한빛에스아이","   3,446,700"
"4378","540055","새재전기통신소방","   3,445,700"
"4379","550302","주식회사 케이아이에스","   3,445,300"
"4380","312501","주식회사 라온에스","   3,444,700"
"4381","420455","주식회사 드림솔루션","   3,443,300"
"4382","350341","뉴.코리아정보통신","   3,443,100"
"4383","310883","(주)티앤에이치시스템","   3,442,600"
"4384","113310","주식회사 코알라전자시스템","   3,442,600"
"4385","311749","주식회사 채울","   3,442,500"
"4386","150574","(주)도스넷","   3,440,900"
"4388","150660","월드시스템 주식회사","   3,437,000"
"4387","430287","케이에스이씨(주)","   3,437,000"
"4389","510015","(주)한텍시스템","   3,436,000"
"4390","203074","다원이엔지 주식회사","   3,435,100"
"4391","112945","주식회사 성우일렉콤","   3,434,500"
"4392","140470","주식회사 다온이엔씨","   3,433,600"
"4393","510507","(주)온웨어","   3,433,600"
"4394","201873","(주)위버시스템즈","   3,433,200"
"4395","202781","주식회사 에스엔에이","   3,431,300"
"4397","202207","극동음향(주)","   3,428,700"
"4396","201963","(주)엑스큐어넷","   3,428,700"
"4398","620067","(주)대산네트워크","   3,427,600"
"4399","430289","주식회사 에스지앤아이 (SG&I Co., Ltd.)","   3,427,300"
"4400","203391","주식회사 아로텍(Arotec Inc.)","   3,427,300"
"4401","320021","(주)유일시스템","   3,426,800"
"4402","203765","솔트정보시스템 주식회사","   3,426,300"
"4403","312374","하나시스 주식회사","   3,426,300"
"4404","130062","주식회사 우일이앤씨","   3,425,200"
"4405","430227","(주)한창엔지니어링","   3,424,700"
"4406","140387","(주)티디씨","   3,424,100"
"4407","203170","주식회사 디에스에스지","   3,422,200"
"4408","440013","주식회사 라인산업","   3,420,500"
"4409","150081","(주)동우시스네트","   3,419,800"
"4410","330050","(주)세명엔지니어링","   3,419,700"
"4411","610306","주식회사 주원테크","   3,419,500"
"4412","530392","(주)융합기술","   3,418,600"
"4413","203682","주식회사 티앤씨넷코리아","   3,418,400"
"4414","430294","주식회사 메타통신","   3,416,400"
"4415","510175","(주)하이원넷","   3,415,700"
"4416","320498","주식회사 하이브네트웍스","   3,414,800"
"4417","110990","(주)성찬정보통신","   3,414,800"
"4418","350233","하나아이씨티","   3,414,400"
"4419","420147","(주)기술사사무소한빛기술단","   3,414,100"
"4420","111466","(주)시공테크","   3,412,600"
"4421","510649","(주)엠디케이","   3,412,400"
"4422","310121","주식회사 비젼","   3,412,200"
"4423","320087","(주)한얼미디어시스템","   3,411,500"
"4424","110218","(주)세인미디어","   3,409,900"
"4425","312238","주식회사 진메타","   3,409,500"
"4426","310628","삼남전기 주식회사","   3,408,100"
"4427","202815","유림테크 주식회사","   3,407,400"
"4428","200520","(주)보다텍","   3,407,300"
"4429","311690","(주)두일테크","   3,406,300"
"4430","312044","주식회사 에프엠이엔지(FMEnG)","   3,405,300"
"4431","140501","(주)케이티에스정보통신","   3,404,600"
"4432","203925","주식회사 버넥트 (VIRNECT CO., LTD.)","   3,404,600"
"4433","312093","주식회사 위플러스","   3,402,400"
"4434","320420","주식회사 대림시스템","   3,401,200"
"4435","630159","주식회사 휴먼이엔지","   3,400,800"
"4436","410229","(주)아이티마인드","   3,400,000"
"4437","201632","(주)솔트룩스","   3,399,000"
"4438","201210","(주)삼원홀딩스","   3,398,400"
"4439","202713","(주)다원시스","   3,398,200"
"4440","630002","(주)아진테크노피아","   3,397,500"
"4441","311582","주식회사 에스웨이엠","   3,397,400"
"4442","312225","주식회사 스토어텍","   3,396,400"
"4443","120770","(주)하이파이사운드","   3,395,100"
"4444","530077","(주)제이에스시스템","   3,395,000"
"4445","203436","미르네트웍스 주식회사","   3,393,700"
"4446","311697","주식회사 소노텍","   3,393,600"
"4447","510536","파이널위즈","   3,392,800"
"4448","200398","(주)다올씨앤씨","   3,390,400"
"4449","311784","주식회사 피닉스씨엔씨","   3,390,300"
"4450","310318","나눔아이씨티 주식회사","   3,390,300"
"4451","550388","주식회사 비에이블텍","   3,388,800"
"4452","310918","대호씨엔씨 주식회사(DAEHO C&C Co.Ltd.)","   3,388,600"
"4453","520071","주식회사 수산이앤에스(SOOSAN ENS)","   3,388,000"
"4454","201444","(주)안랩(AHNLAB, INC.)","   3,388,000"
"4455","202782","케이비드 주식회사","   3,387,500"
"4456","202098","(주)대경시스텍","   3,387,200"
"4459","202151","주식회사 싸이버원","   3,387,100"
"4457","311066","(주)티엠이앤씨","   3,387,100"
"4458","311629","시큐어트리 주식회사","   3,387,100"
"4460","311383","(주)유넷컨버전스","   3,386,800"
"4461","311321","신도정보통신(주)","   3,386,100"
"4462","311931","유티정보 주식회사","   3,385,700"
"4464","510625","(주)토탈소프트뱅크","   3,385,700"
"4463","311822","알티컴 주식회사","   3,385,700"
"4466","312262","지미디어 주식회사","   3,384,700"
"4465","203756","유니닥스 주식회사","   3,384,700"
"4467","140085","(주)홍석","   3,384,300"
"4468","320464","주식회사 더블유티씨","   3,383,500"
"4469","110092","(주)신기정보통신","   3,382,700"
"4470","202181","(주)성진텔레콤","   3,382,500"
"4471","540099","(주)수길정보통신","   3,382,100"
"4472","311220","주식회사 대경테크","   3,380,900"
"4473","120746","(주)동성씨앤티","   3,380,800"
"4475","200464","(주)나우티앤에스","   3,380,600"
"4474","311659","(주)쏠리드윈텍","   3,380,600"
"4476","110375","(주)오성전기","   3,380,400"
"4477","530001","(주)동양테크","   3,379,900"
"4478","203211","구스텍 주식회사","   3,379,700"
"4479","112282","한국네트웍엔지니어링(주)","   3,379,700"
"4480","320426","주식회사 티닉스","   3,377,900"
"4481","311973","(주)케이제이테크","   3,377,400"
"4482","201858","세움기술(주)","   3,377,300"
"4484","410324","주식회사 주성코퍼레이션","   3,376,900"
"4483","111462","주식회사 케이티에이치씨엔 (kt HCN Co., Ltd.)","   3,376,900"
"4485","200528","태양이엠씨(주)","   3,376,100"
"4486","120207","주식회사 미르","   3,375,900"
"4487","311993","주식회사 인피니티에코","   3,373,200"
"4488","510537","(주)그린시스템","   3,373,000"
"4489","111011","(주)파워일렉","   3,372,100"
"4490","640091","주식회사 엔아이네트웍스","   3,369,800"
"4491","112572","(주)한일테크닉스","   3,368,900"
"4492","150320","(주)서라벌씨앤아이","   3,368,900"
"4493","312173","화일정보산업","   3,368,700"
"4494","200340","(주)여의시스템","   3,367,500"
"4495","200813","(주)윈어텍","   3,366,600"
"4496","203516","주식회사 아이티콘","   3,366,600"
"4497","311030","(주)유윈정보통신","   3,366,100"
"4498","120318","동신전기통신공사","   3,365,800"
"4499","110059","흥화텔레콤(주)","   3,365,300"
"4500","203306","주식회사 피에이시스","   3,364,900"
"4501","203658","위츠넷 주식회사","   3,364,900"
"4502","203355","주식회사 베가프로젝트코리아","   3,364,900"
"4503","201551","진성정보기술","   3,364,000"
"4505","312314","주식회사 엘에스씨시스템즈","   3,363,900"
"4504","113058","(주)플랜티넷","   3,363,900"
"4506","330186","주식회사 바다정보통신","   3,363,400"
"4507","550043","주식회사 우리통신","   3,363,000"
"4508","311320","주식회사 우진기전 (WOOJIN MECHANICAL AND ELECTRIC CO., LTD.)","   3,361,200"
"4509","311073","주식회사 서치이앤씨 (Seochi E&C)","   3,359,700"
"4510","203442","주식회사 싸이크로스","   3,357,800"
"4511","312146","사회복지법인 성만원","   3,357,300"
"4512","111698","(주)신화정보통신","   3,357,200"
"4513","540444","주식회사 에스아이비전","   3,356,200"
"4514","610086","(주)비온시이노베이터","   3,355,900"
"4515","202773","뉴아이텍(주)","   3,354,500"
"4516","510548","(주)에스유지","   3,349,600"
"4517","550374","주식회사 대진정보네트웍","   3,349,500"
"4518","540066","(주)비엘텍","   3,348,600"
"4519","312220","주식회사 씨큐리티에비던스","   3,348,600"
"4520","203591","주식회사 제이앤제이아이티","   3,348,200"
"4521","180076","동양전자통신","   3,347,400"
"4522","201233","주식회사 유알피","   3,346,800"
"4523","113099","(주)동남전기통신","   3,346,700"
"4524","202427","케이엠이엔씨 주식회사","   3,346,500"
"4525","113113","오푸스(주)","   3,345,000"
"4526","203096","주식회사 해빛씨엔에스","   3,344,800"
"4527","350046","화진전기 주식회사","   3,344,500"
"4529","510693","주식회사 신한아이피에스","   3,344,100"
"4528","203542","주식회사 한결피아이에프","   3,344,100"
"4530","312219","(주)인포인","   3,344,100"
"4531","420002","(주)지아이정보기술","   3,343,600"
"4532","120656","(주)동광정보통신","   3,343,300"
"4533","204072","주식회사 이루인포","   3,343,100"
"4535","530451","주식회사 귀뚜라미 범양냉방","   3,343,100"
"4534","202844","케이디디아이코리아 주식회사","   3,343,100"
"4536","203432","스탠다드네트웍스 주식회사","   3,343,100"
"4537","150635","주식회사 우전정보통신","   3,342,500"
"4538","311818","한광정보통신 주식회사","   3,342,000"
"4539","550027","주식회사 명신이앤씨","   3,341,700"
"4541","610414","주식회사 오픈노트","   3,341,400"
"4540","203557","건일이엔지 주식회사","   3,341,400"
"4542","202438","(주)유런테크","   3,339,900"
"4543","410218","주식회사 스카이통신","   3,339,400"
"4544","120360","(주)에이스네트웍스","   3,338,400"
"4545","112915","컨버젼스 주식회사","   3,335,400"
"4546","311110","(주)유인프라웨이","   3,335,400"
"4547","640068","(주)바우텍","   3,334,700"
"4548","350464","주식회사 씨엠디코리아","   3,333,400"
"4549","111093","두우정보통신(주)","   3,332,400"
"4550","520068","코어네트웍스","   3,331,800"
"4551","111129","성훈정보전기","   3,329,600"
"4552","420274","주식회사 에버정보기술","   3,329,300"
"4553","330130","(주)우진","   3,329,000"
"4554","420233","(주)솔탑","   3,328,900"
"4555","311930","주식회사 티엔피컴","   3,328,500"
"4556","110202","케이비에스미디어(주)","   3,328,000"
"4557","203010","주식회사 넷츠플러스","   3,327,300"
"4558","170170","명진전기통신(주)","   3,326,700"
"4559","202852","구루멘토링 주식회사","   3,325,900"
"4560","530139","오무전력 합자회사","   3,325,500"
"4561","310487","(주)윈윈텔레콤","   3,324,700"
"4562","310450","주식회사 태영이엔지","   3,324,300"
"4565","112943","(주)피닉스정보통신","   3,323,300"
"4564","203279","주식회사 제이엠티미디어","   3,323,300"
"4563","312027","고구려엔지니어링 주식회사","   3,323,300"
"4567","330035","(주)성창","   3,322,900"
"4566","610407","주식회사 원탑정보기술","   3,322,900"
"4568","110616","주식회사 청호아이씨티(CHUNGHO ICT CO., LTD.)","   3,322,200"
"4569","203781","주식회사 크랜베리 (Cranberry Co., Ltd.)","   3,321,600"
"4570","312010","(주)유디엔에스","   3,320,100"
"4571","311354","제이와이전력 주식회사","   3,319,400"
"4572","550198","주식회사 국제미디어","   3,317,500"
"4573","530402","주식회사 디티에스","   3,317,500"
"4574","350489","주식회사 이노씨앤에스","   3,317,200"
"4575","530042","(주)아진정보통신","   3,317,100"
"4576","320273","제이케이이엔씨 주식회사","   3,316,500"
"4577","350036","(주)안","   3,316,400"
"4578","200272","(주)퓨쳐아이티","   3,316,000"
"4579","620317","대명전기 주식회사","   3,315,800"
"4581","520046","영창전설(주)","   3,315,300"
"4580","111752","제이씨현시스템(주)","   3,315,300"
"4582","311855","주식회사 동호이엔씨","   3,314,600"
"4583","202779","주식회사 이비즈테크","   3,314,200"
"4584","311955","주식회사 쏠리드네트웍스","   3,314,100"
"4585","203294","주식회사 엔피코어(NPCore, Inc.)","   3,312,300"
"4586","430057","(주)에이치넷","   3,311,700"
"4587","530132","(주)두원이엔지","   3,311,500"
"4588","203686","솔트웨어 주식회사","   3,311,100"
"4589","202000","주식회사 포니링크(PonyLink Co., Ltd.)","   3,310,800"
"4590","130450","동원이엔지 합자회사","   3,310,600"
"4591","203118","주식회사 자비스넷","   3,310,500"
"4592","620220","(주)오픈링크시스템","   3,310,400"
"4593","550152","주식회사 정한전력","   3,309,800"
"4594","350433","신호네트워크 주식회사","   3,309,700"
"4595","140255","(주)한컴네트워크","   3,309,600"
"4596","530168","(주)에스이코리아","   3,309,100"
"4597","540413","주식회사 비에이치","   3,308,200"
"4598","130423","태웅이엔에스(주)","   3,307,600"
"4599","112759","효성솔루션 주식회사","   3,306,800"
"4600","110704","(주)한진전자산업","   3,306,400"
"4601","112039","원전기통신(주)","   3,305,700"
"4602","204045","주식회사 비플","   3,305,200"
"4603","170177","(주)서진멀티미디어통신","   3,304,500"
"4604","410021","예스정보기술(주)","   3,304,000"
"4605","201893","(주)위드컴","   3,303,400"
"4606","202091","(주)다람정보","   3,301,200"
"4607","112766","(주)파인디지털","   3,301,000"
"4608","610002","구례케이블티비시스템(주)","   3,300,800"
"4609","310984","(주)연화엠텍","   3,300,600"
"4610","320376","주식회사 자몽컴퍼니","   3,300,000"
"4611","203411","주식회사 파인드텍","   3,300,000"
"4612","410357","주식회사 계림엔지니어링","   3,299,800"
"4613","610374","세경통신 주식회사","   3,299,100"
"4615","202620","리딩포인트(주)","   3,298,800"
"4614","201429","에이앤티 주식회사","   3,298,800"
"4616","202858","주식회사 다온텍","   3,298,500"
"4617","202002","주식회사 태영아이앤씨","   3,297,600"
"4618","112362","주식회사 이노파크텍","   3,296,200"
"4619","310183","(주)문아이앤시","   3,295,100"
"4620","510516","(주)주원정보통신","   3,295,000"
"4621","311467","(주)다원아이엔씨","   3,291,600"
"4622","420110","(주)동천아이엔씨","   3,291,200"
"4623","112160","(주)동부코리아통신","   3,291,100"
"4624","430173","(주)신우에스티","   3,289,100"
"4625","550040","(주)퓨전아이티","   3,289,000"
"4626","202753","마스트아이엔씨(주)","   3,288,400"
"4627","203155","주식회사 제이투시스템","   3,288,400"
"4628","110631","주식회사 광진테크","   3,287,100"
"4629","113054","(주)하나컴퓨터","   3,286,700"
"4630","202762","(주)크루메이트","   3,285,900"
"4631","410006","(주)씨.에스시스템","   3,285,000"
"4632","112817","유경제어(주)","   3,284,100"
"4633","201044","어니컴(주)","   3,281,100"
"4634","620040","(주)모든테크","   3,280,800"
"4635","203889","더파트 주식회사 (THE PART)","   3,280,600"
"4636","510128","씨링크전자(주)","   3,278,900"
"4637","202560","주식회사 바로","   3,278,400"
"4638","530138","금호이앤지 주식회사","   3,277,800"
"4639","350508","에이아이솔루션(AI Solution)","   3,277,500"
"4640","540229","다은정보통신(주)","   3,277,400"
"4641","310599","주식회사 브릭스컴퍼니","   3,277,200"
"4643","311706","(주)보고텍","   3,277,000"
"4642","620254","주식회사 제이에이디엔씨","   3,277,000"
"4644","430074","주식회사 바로테크","   3,276,700"
"4645","410261","주식회사 제이에스시스템 (JS system co., LTD.)","   3,276,600"
"4646","203870","주식회사 디메타 (D-meta, Corp.)","   3,276,400"
"4647","202457","(주)가은씨앤에스","   3,276,200"
"4648","201860","한길씨앤씨(주)","   3,276,000"
"4649","110025","주식회사 가델","   3,275,600"
"4652","203789","주식회사 엠지데이터시스템","   3,274,900"
"4650","203807","주식회사 케이에스메이트","   3,274,900"
"4651","610031","(주)진성디지털","   3,274,900"
"4653","202827","주식회사 제너시스템","   3,273,900"
"4654","120453","영동전기 주식회사","   3,273,700"
"4655","140467","동양인터엠","   3,272,600"
"4656","320302","주식회사 유티스","   3,271,800"
"4657","201825","(주)대한유비텍","   3,270,600"
"4658","150381","주식회사 비엠아이","   3,270,600"
"4659","510474","지온통신기술 주식회사","   3,270,500"
"4660","540368","주식회사 유비","   3,270,400"
"4661","430218","(주)시큐웨어","   3,269,600"
"4662","410288","비피에스테크 주식회사","   3,269,200"
"4663","630103","(주)삼성토탈정보기기","   3,268,500"
"4664","530291","(주)나래이앤씨","   3,268,300"
"4665","620355","주식회사 엔이티","   3,268,200"
"4666","320473","주식회사 송림정보통신","   3,268,100"
"4667","112810","주식회사 일동에너텍","   3,266,900"
"4668","350284","(주)다인이엔에스","   3,266,700"
"4669","311539","(주)소리통신기술","   3,263,600"
"4670","530325","시큐어텍","   3,263,300"
"4671","110688","대상정보기술(주)","   3,263,000"
"4672","311558","(주)이엔제이솔루션","   3,262,800"
"4673","330324","주식회사 지오앤(Geo& Co.,Ltd.)","   3,261,600"
"4674","420346","주식회사 이룸아이씨티","   3,261,400"
"4675","311092","주식회사 램스(LAMS Co., Ltd.)","   3,260,900"
"4677","110516","문명통신건설(주)","   3,260,000"
"4676","310880","(주)지오투정보기술","   3,260,000"
"4679","430283","(주)씨씨에스충북방송","   3,259,800"
"4678","310382","주식회사 제노코 (Genohco, Inc.)","   3,259,800"
"4680","550096","디비이앤씨(주)","   3,258,700"
"4681","201487","케이아이티밸리(주)","   3,258,500"
"4682","203071","주식회사 지란지교시큐리티","   3,258,400"
"4683","203266","라온시큐어 주식회사(RaonSecure Co., Ltd.)","   3,257,200"
"4685","203351","주식회사 인프로(INPRO Inc.)","   3,257,200"
"4684","610475","주식회사 앤솔루션","   3,257,200"
"4686","330024","(주)프로텔레콤","   3,256,600"
"4687","510380","(주)대산글로벌","   3,256,100"
"4688","111230","주식회사 오창이엔씨","   3,255,400"
"4689","310438","주식회사 풍정정보통신","   3,255,200"
"4690","430148","주식회사 한국통신공사","   3,254,700"
"4691","120286","동양전자통신","   3,254,100"
"4692","311409","퍼스트통신(주)","   3,253,600"
"4693","630178","세움종합건설 주식회사","   3,253,400"
"4694","130224","(합)나라정보통신","   3,253,400"
"4695","311451","스마트한(주)","   3,252,900"
"4696","330029","(주)링크로드씨앤씨","   3,251,300"
"4697","112579","주식회사 대영모빌리티 (DAEYOUNG Mobility Inc.)","   3,251,000"
"4698","200838","(주)포스콤에스아이","   3,249,900"
"4699","311704","금강종합건설(주)","   3,249,700"
"4700","510568","파인넷","   3,248,400"
"4701","203737","한창이웨이 주식회사","   3,248,100"
"4702","610245","(주)제이에스정보통신","   3,248,000"
"4703","201532","피에스텍(주)","   3,247,000"
"4704","180050","(주)월드전자","   3,246,000"
"4705","620297","주식회사 승호전력","   3,244,900"
"4706","630131","주식회사 더블유아이","   3,244,600"
"4707","420412","주식회사 아이옵스","   3,244,500"
"4708","410041","(주)씨유정보통신","   3,243,900"
"4709","120809","주식회사 가나","   3,243,000"
"4710","530037","한국안전기술네트(주)","   3,242,700"
"4711","610369","(유)인터테크","   3,242,700"
"4712","201997","주식회사 엠디에스모빌리티(MDS Mobility Inc.)","   3,242,400"
"4713","510296","(주)에스알씨","   3,242,300"
"4714","440009","주식회사 새온위성통신","   3,241,700"
"4715","550268","수미디어","   3,240,200"
"4716","510377","(주)유씨네트웍스","   3,239,200"
"4717","540159","(주)마스터시스템","   3,238,800"
"4718","204042","주식회사 진승정보기술","   3,236,400"
"4720","630130","(주)파이텍","   3,235,900"
"4719","311276","주식회사 에이아이커넥트","   3,235,900"
"4721","420112","(주)케이티지","   3,235,800"
"4722","311500","(주)라인시스텍","   3,235,600"
"4723","311247","(주)지비유데이터링크스","   3,232,600"
"4724","510623","(주)현진통신","   3,231,700"
"4725","510600","주식회사 블루넥스 (blunex Co., Ltd.)","   3,231,500"
"4726","550450","주식회사 라임플러스","   3,230,900"
"4727","311829","(주)코런","   3,230,500"
"4728","311989","주식회사 에스제이엔이티","   3,229,600"
"4729","510033","(주)하나전설","   3,229,300"
"4730","201017","(주)유엘네트웍스","   3,229,000"
"4731","170107","한국종합통신","   3,228,800"
"4732","310996","주식회사 두경테크","   3,227,900"
"4734","530083","대광시스템(주)","   3,225,600"
"4733","203063","주식회사 도원디에스","   3,225,600"
"4735","140218","대신네트웍스(주)","   3,224,700"
"4736","130005","(주)스완아나리티칼코리아","   3,224,200"
"4737","200119","(주)산암텍","   3,223,300"
"4738","120564","(주)제일정보통신","   3,223,000"
"4739","320286","(주)나인정보기술","   3,221,600"
"4740","420068","(주)중앙스카이","   3,221,400"
"4741","201554","낙스넷(주)","   3,221,100"
"4742","201706","인터아이코리아(주)","   3,218,600"
"4743","112514","주식회사 엑시큐어하이트론 (EXICURE HITRON INC.)","   3,218,500"
"4744","410144","주식회사 지성이앤씨","   3,218,000"
"4745","312655","두리시스템","   3,217,800"
"4746","113083","(주)유유엔","   3,216,800"
"4747","520130","주식회사엔에스오엠","   3,216,000"
"4748","110137","(주)성강통신기술사사무소","   3,215,200"
"4749","140422","삼영마린통신","   3,215,200"
"4750","610461","주식회사 정원이알텍","   3,213,000"
"4751","350408","주식회사 승현시스템","   3,212,300"
"4752","203530","주식회사 다인테크","   3,211,900"
"4753","140426","주식회사 새빛날","   3,210,800"
"4754","201010","서전엔지니어링(주)","   3,210,700"
"4755","201235","(주)경운전력","   3,210,600"
"4756","111446","퓨처웨어 주식회사","   3,210,200"
"4757","510646","(주)와이즈넷","   3,210,100"
"4758","111953","엘티정보통신 주식회사","   3,210,000"
"4759","312131","주식회사 엔버스","   3,208,700"
"4760","630106","(주)아이앤씨코리아","   3,207,200"
"4761","110571","풍림산업(주)","   3,207,000"
"4762","610129","(주)세진엔지니어링","   3,206,900"
"4763","120317","(주)다해","   3,206,300"
"4764","311983","주식회사 아이티원","   3,204,100"
"4765","110049","(주)한일종합산업","   3,203,800"
"4766","203518","주식회사 리번드","   3,202,600"
"4767","310341","삼성계기공업","   3,201,800"
"4768","200645","인콤아이에스(주)","   3,201,100"
"4769","530085","(주)제일테크","   3,200,200"
"4770","130171","하나정보통신(주)","   3,198,700"
"4771","200316","(주)서우전설","   3,198,500"
"4773","311218","(주)티스마트","   3,196,900"
"4772","311238","(주)이너비주얼","   3,196,900"
"4774","311564","(주)모드원","   3,196,400"
"4775","203985","주식회사 에스에이치엔","   3,194,700"
"4776","550207","(주)대연애드","   3,193,400"
"4777","204033","주식회사 스페이스애드(Space Add Co.,Ltd.)","   3,192,100"
"4778","410272","(주)천우아이씨티","   3,190,900"
"4779","420205","(주)에스유아이티","   3,189,400"
"4780","550153","대성정보기술(주)","   3,189,300"
"4781","202909","강남정보기술 주식회사","   3,188,700"
"4782","113219","윤전기통신공사","   3,188,000"
"4783","540213","포우기전(주)","   3,188,000"
"4784","530415","주식회사 에스씨솔루션글로벌","   3,187,100"
"4785","203410","주식회사 반디소프트","   3,185,900"
"4786","320203","(주)아이씨쥐","   3,185,500"
"4787","430193","더산테크 주식회사","   3,185,400"
"4788","311327","(주)이안씨엔티","   3,184,000"
"4789","410013","(주)씨엠","   3,182,500"
"4790","410291","주식회사 보람","   3,181,700"
"4791","200160","대성홀딩스(주)","   3,180,100"
"4792","610202","주식회사 백중","   3,180,100"
"4793","170141","(주)중앙텔레콤","   3,178,700"
"4794","310326","(주)니드테크","   3,177,900"
"4795","111967","(주)한별휴스템","   3,177,500"
"4796","520091","(주)동양엔지니어링","   3,177,100"
"4797","112021","(주)옵텔콤","   3,176,200"
"4798","540011","(주)지음이엔지","   3,176,200"
"4799","540221","(주)미도정보기술","   3,175,600"
"4800","510627","주식회사 에이티지","   3,175,300"
"4801","111352","(주)기양상사","   3,175,000"
"4802","203676","주식회사 엔에스스마트","   3,174,900"
"4803","610258","시그널테크 주식회사","   3,174,800"
"4804","203213","주식회사 사운드허브","   3,174,000"
"4805","202248","(주)비인텍","   3,173,700"
"4806","620401","주식회사 엔씨커뮤니티","   3,173,700"
"4807","111159","주식회사 현진정보통신","   3,173,200"
"4808","311322","주식회사 포커스에이아이 (FOCUS AI Co., Ltd.)","   3,171,800"
"4809","140375","(주)티엔정보기술","   3,170,600"
"4810","530017","동보텔레콤(주)","   3,170,000"
"4811","120829","(주)태건","   3,169,000"
"4812","310864","동원건설산업(주)","   3,167,500"
"4813","520169","주식회사 드림텔레콤","   3,166,900"
"4814","311426","한창기전(주)","   3,166,000"
"4815","420199","(주)지플러스","   3,165,900"
"4816","510090","(주)디지컴","   3,165,700"
"4817","610087","주식회사 줌네트웍스","   3,165,000"
"4818","640099","주식회사 신설","   3,164,900"
"4819","203843","주식회사 에오스 (EOS Co., Ltd)","   3,164,500"
"4820","330236","주식회사 하나테크","   3,163,100"
"4821","420390","주식회사 디에이치에스아이","   3,162,800"
"4822","330027","제이에스통신(주)","   3,162,600"
"4823","610436","주식회사 에스엠소프트","   3,162,400"
"4824","310920","(주)비솔","   3,162,200"
"4825","320362","주식회사 인필드정보통신","   3,161,800"
"4826","310885","경기정보통신(주)","   3,161,600"
"4827","160011","(유)대원통신건설","   3,161,400"
"4828","420314","광원테크놀로지 주식회사","   3,161,100"
"4829","330052","가아전기(주)","   3,160,900"
"4830","140221","디에스앤피플 주식회사","   3,160,600"
"4831","510388","(주)드림정보기술","   3,160,400"
"4832","201525","(주)큐앤아이티","   3,160,200"
"4833","140017","(주)백승통신","   3,160,100"
"4834","520122","(주)현진전자","   3,159,300"
"4835","201609","(주)한남이앤씨","   3,158,900"
"4836","311061","(주)더지원네트웍스","   3,157,200"
"4837","630176","주식회사 다인테크","   3,156,800"
"4838","312233","주식회사 태흥","   3,155,500"
"4839","312518","에너시스주식회사","   3,155,000"
"4840","111502","(주)쏠리드(Solid, Inc.)","   3,154,500"
"4841","510088","(주)솔루윈스","   3,154,400"
"4843","530362","주식회사 삼보컴퓨터 대구센터(TGS)","   3,154,300"
"4842","150551","가나테크윈","   3,154,300"
"4844","510714","탑 솔루션","   3,153,600"
"4846","311209","(주)스톤헨지","   3,153,400"
"4845","130312","(주)금강정보","   3,153,400"
"4847","203512","아리온통신 주식회사","   3,152,800"
"4848","311696","주식회사 정우이엔씨에스","   3,151,700"
"4849","620132","(자)서전사","   3,151,000"
"4850","620325","주식회사 비전앤컴퍼니","   3,150,500"
"4851","312555","하나텍플러스 주식회사","   3,150,000"
"4852","203202","주식회사 이리야시스템","   3,149,700"
"4853","420415","주식회사 엔에스엠","   3,149,600"
"4854","510628","일에이엔 주식회사","   3,148,600"
"4855","320391","주식회사 다인글로벌산업개발","   3,147,500"
"4856","540242","주식회사 대운정보","   3,147,100"
"4857","311883","주식회사 득성정보통신","   3,144,900"
"4858","311157","(주)씨티넷","   3,143,600"
"4859","610118","(주)옥주전력","   3,142,700"
"4860","201377","(주)다경시스템","   3,142,600"
"4861","160204","주식회사 파인테크","   3,141,500"
"4862","111622","대신네트웍스(주)","   3,139,800"
"4863","310735","(주)미래네트웍스","   3,139,700"
"4864","530252","(주)그린네트웍스","   3,138,900"
"4865","311568","(주)마루솔루션","   3,138,700"
"4866","620102","디에스인포(주)","   3,138,300"
"4867","420427","주식회사 엑소텍","   3,138,000"
"4868","420220","(주)데이터월드","   3,137,600"
"4869","620248","다음산업개발 주식회사","   3,136,800"
"4870","202277","엠에스피정보기술(주)","   3,135,500"
"4871","203424","일진씨앤에스 주식회사(ILJIN C&S Co., Ltd.)","   3,135,000"
"4872","410130","(주)믿음정보통신","   3,134,900"
"4873","204318","주식회사 뷰런테크놀로지","   3,134,500"
"4874","320287","사단법인 대한용사장애인협회","   3,134,200"
"4875","200123","(주)넷솔테크","   3,133,700"
"4876","510013","(주)컴테크텔레콤","   3,133,500"
"4877","320225","성백산업개발(주)","   3,133,200"
"4878","510153","(주)자명기술정보","   3,132,900"
"4879","201272","(주)엔비웨어","   3,132,800"
"4881","310858","(주)신한항업","   3,132,700"
"4880","510582","(주)에스씨티","   3,132,700"
"4882","201824","(주)세기전자","   3,132,400"
"4883","140071","남양건설(주)","   3,132,300"
"4884","112580","청보음향(주)","   3,132,100"
"4885","311075","에스피티씨(주)","   3,131,700"
"4886","420442","(주)대영에스텍","   3,131,100"
"4887","312441","주식회사 시더","   3,127,200"
"4890","550342","(주)와이컴","   3,127,100"
"4889","201879","(주)파인앤애플시스템즈","   3,127,100"
"4888","203378","주식회사 아이티리그","   3,127,100"
"4891","202332","(주)리빙콘트롤","   3,126,800"
"4892","200541","주식회사 에프씨","   3,126,400"
"4893","320329","(주)이너트론","   3,126,100"
"4894","610422","주식회사 시지아이","   3,125,600"
"4895","200777","(주)영전사","   3,125,200"
"4896","111652","(주)신안","   3,124,000"
"4898","320345","주식회사 세아정보통신","   3,123,900"
"4897","150309","삼성그린텔서비스","   3,123,900"
"4899","202107","(주)조아정보통신","   3,123,800"
"4900","310988","(주)트래콘건설","   3,123,400"
"4901","350057","(주)포스트큐브","   3,123,200"
"4902","510303","씨더블유정보통신(주)","   3,122,100"
"4903","620098","(주)나우씨앤아이","   3,121,900"
"4904","200079","(주)화인컴","   3,121,600"
"4905","620329","(주)가민정보시스템","   3,120,600"
"4906","320337","주식회사 로아아이앤씨","   3,118,700"
"4907","620235","주식회사 도현이앤지","   3,118,100"
"4908","430083","(주)세종아이티","   3,117,900"
"4909","310513","(주)파스컴","   3,117,400"
"4910","320085","월드네트웍스(주)","   3,117,100"
"4911","510670","주식회사 아레나","   3,116,800"
"4912","203944","주식회사 재미 (XEMI Co.,Ltd.)","   3,115,200"
"4913","201940","(주)유비스코프","   3,114,700"
"4914","130018","태양넷콤(주)","   3,114,600"
"4915","310822","(주)디지털알에프코리아","   3,114,500"
"4916","430191","주식회사 엑사엔터프라이즈","   3,113,600"
"4917","550366","주식회사 다인시스템","   3,112,000"
"4918","312103","주식회사 태화이엔씨","   3,110,100"
"4919","610133","주식회사 탑천통신","   3,109,400"
"4920","312505","주식회사 유니넷","   3,108,900"
"4921","610280","주식회사 순광전력","   3,108,600"
"4922","520198","주식회사 진성기전","   3,108,400"
"4923","530213","(주)정풍시큐리티","   3,108,000"
"4924","310677","(주)알엠텍","   3,107,600"
"4925","410024","서호전설 주식회사","   3,106,900"
"4926","430225","(주)보성정보통신","   3,106,800"
"4927","630262","유한회사 미들텍","   3,106,500"
"4928","203625","주식회사 장광","   3,105,800"
"4929","160223","(유)비엔에스테크","   3,105,200"
"4930","540309","(주)예인유엑스","   3,105,000"
"4931","202119","케이티커머스(주)","   3,103,700"
"4932","310775","(주)마루텔레콤","   3,101,100"
"4933","112776","주식회사 온산","   3,101,100"
"4934","330189","한일통신 주식회사","   3,100,300"
"4935","311686","(주)에스엔디테크","   3,099,900"
"4936","112673","(주)론스텍","   3,098,800"
"4937","610035","(주)동양에너텍","   3,098,500"
"4938","350327","주식회사 디앤샤인","   3,097,700"
"4939","120774","(주)링크","   3,097,600"
"4940","310430","신성정보통신(주)","   3,096,900"
"4941","550455","주식회사 해인기술","   3,096,400"
"4942","420185","(주)유진아이티","   3,095,800"
"4943","201277","(주)디지탈씨오에스","   3,095,600"
"4944","310525","한국전력기술(주)","   3,094,500"
"4945","200957","주식회사 씨아이에스엠텍(CISMTECH Co., Ltd)","   3,093,400"
"4946","430249","(주)우리티앤에스","   3,093,100"
"4948","620403","주식회사 에스오에스랩","   3,092,900"
"4947","312571","주식회사 포투","   3,092,900"
"4949","200792","한서전자","   3,092,600"
"4950","202791","주식회사 케이티에스테이트","   3,092,500"
"4951","310476","주식회사 새암정보통신","   3,091,700"
"4952","310959","(주)비아이씨엔에스","   3,090,900"
"4953","530301","주식회사 이아이에스","   3,089,900"
"4954","312026","주식회사 윤씨네","   3,089,100"
"4955","320433","사단법인 한국근로장애인진흥회","   3,088,900"
"4956","201121","(주)우신정보시스템","   3,088,700"
"4957","311342","(주)아텍정보시스템","   3,088,400"
"4958","203667","주식회사 브이게이트","   3,088,300"
"4959","510723","진성산전","   3,087,500"
"4960","550066","한양무선통신","   3,084,200"
"4961","203257","주식회사 웨이텍(WAYTECH CO.,LTD.)","   3,083,900"
"4962","410310","(주)엠에이치정보통신","   3,082,800"
"4963","113495","(주)제이비네트웍스","   3,082,100"
"4964","311551","(주)포콤","   3,081,000"
"4965","410314","(사)희망근로장애인협회","   3,080,400"
"4966","430167","(주)신안전력","   3,080,300"
"4967","111949","주식회사 해비치이앤티","   3,079,500"
"4968","111738","현진아이씨티 주식회사","   3,078,500"
"4969","200682","(주)누리씨아이에스","   3,077,700"
"4970","630297","유한회사 시온이엔씨","   3,077,100"
"4971","311346","(주)계명","   3,076,500"
"4972","530416","주식회사 하나테크놀러지","   3,075,300"
"4973","110801","(주)석주기업","   3,075,000"
"4974","350272","(주)이노씨앤정보통신","   3,074,700"
"4975","620330","주식회사 키스정보통신","   3,073,900"
"4976","110368","(주)세아네트웍스","   3,073,400"
"4977","120097","(주)대원정보통신","   3,073,300"
"4978","160031","(유)비제이솔루션","   3,072,900"
"4979","630158","(유)주성산업","   3,072,800"
"4980","201393","(유)실릭스","   3,072,700"
"4981","620154","동아비쥬얼테크놀로지(주)","   3,071,300"
"4982","202715","이트론(주)","   3,071,200"
"4983","311228","(주)세연아이씨티","   3,071,000"
"4984","111707","(주)코맥스디에스씨","   3,071,000"
"4985","202179","(주)웰정보기술","   3,070,400"
"4986","430037","(주)대신정보통신","   3,069,200"
"4987","111613","풍성건설(주)","   3,068,500"
"4989","112809","솔루텍(주)","   3,067,400"
"4988","111221","(주)씨엘에이에스","   3,067,400"
"4990","312529","주식회사 헬로커넥트앤","   3,066,800"
"4991","203489","드라발 주식회사","   3,066,400"
"4992","420262","(주)예원시스템","   3,064,000"
"4993","312022","제이에스네트웍스","   3,063,700"
"4994","200611","(주)에이피에스코퍼레이션","   3,062,900"
"4995","201723","(주)디엠씨정보","   3,061,800"
"4996","620392","(주)건우전기","   3,060,300"
"4997","110892","와이에이씨 주식회사 (YAC Co., Ltd.)","   3,059,900"
"4998","350467","주식회사 에스비트","   3,059,800"
"4999","110359","주식회사 미래아이앤지(MiraeING.Co.,Ltd.)","   3,059,700"
"5000","112912","태화전력(주)","   3,058,900"
"5001","140477","(주)국제정보통신","   3,058,600"
"5002","200922","주식회사 케스피온 (KESPION Co., Ltd.)","   3,056,700"
"5003","312339","주식회사 하이드로셈","   3,056,400"
"5004","201154","(주)엔키아","   3,055,500"
"5005","310756","주식회사 이룸","   3,055,300"
"5006","130220","주식회사 신한네트웍스","   3,055,100"
"5007","201375","(주)크로스젠","   3,054,600"
"5008","310716","(주)핸디소프트(HANDYSOFT,Inc.)","   3,054,600"
"5009","201401","(주)유시스","   3,054,000"
"5010","202120","주식회사 한정원","   3,053,800"
"5011","620074","(주)창흥통신","   3,053,800"
"5012","420016","(합자)보광전기","   3,053,100"
"5013","630353","동원티앤씨 주식회사","   3,052,100"
"5014","550309","주식회사 케이케이정보통신","   3,052,100"
"5015","311413","(주)태성디앤에스","   3,051,400"
"5018","204093","그로윈(주)","   3,051,300"
"5016","203339","주식회사 씨케이인포","   3,051,300"
"5017","204132","주식회사 아이코어이앤씨","   3,051,300"
"5019","120277","비호시스템(주)","   3,050,500"
"5020","311390","금화씨앤이(주)","   3,050,400"
"5021","312189","주식회사 엠투엠테크(M2M Tech Co.,Ltd.)","   3,049,700"
"5022","420466","주식회사 이안세이프","   3,049,600"
"5023","201255","(주)미디어디바이스","   3,049,100"
"5024","312323","주식회사 한종","   3,048,700"
"5025","610372","주식회사 유비코","   3,048,000"
"5027","310230","(주)성진에스에스","   3,047,100"
"5026","430226","하나시스템","   3,047,100"
"5028","312450","주식회사 굿브릿지(GOODBRIDGE INC.)","   3,046,500"
"5029","510742","주식회사 아이알컴퍼니","   3,046,300"
"5030","530044","(주)유한정보통신","   3,046,000"
"5032","204243","주식회사 이맥스시스템","   3,046,000"
"5031","201127","나날에스엠아이 주식회사(Nanal SMI)","   3,046,000"
"5033","150251","삼호통신(주)","   3,045,900"
"5034","170192","주식회사 제이케이아이엔씨","   3,045,300"
"5035","111327","(주)홍남테크","   3,044,500"
"5036","110203","흥진통신(주)","   3,044,200"
"5037","420009","(주)부성정보통신","   3,044,200"
"5038","110809","(주)스피드정보통신","   3,043,300"
"5039","311862","(주)진돗개보안","   3,043,200"
"5040","540100","(주)서울전설","   3,042,700"
"5041","510696","주식회사 리드앤텍","   3,042,500"
"5042","540179","주식회사 이넷아이씨티","   3,042,400"
"5043","610309","주식회사 담장","   3,042,200"
"5044","430219","(주)제타솔루션즈","   3,042,100"
"5045","430280","한국건설연구소 주식회사","   3,041,200"
"5046","510310","(주)이지에버텍","   3,040,800"
"5047","310751","주식회사 유비텍정보기술","   3,039,600"
"5048","130259","반도정보기술(주)","   3,039,000"
"5049","530129","(주)제윤","   3,037,500"
"5050","130363","(주)비젼아이티","   3,037,400"
"5051","120719","국제이엔지(주)","   3,036,900"
"5052","630188","유한회사 한국케이비에프","   3,036,500"
"5053","630238","주식회사 서해정보통신","   3,036,400"
"5054","610041","주식회사 세영","   3,035,900"
"5055","203976","주식회사 파크원에이피에스","   3,035,800"
"5056","110372","쌍용건설(주)","   3,035,300"
"5057","320101","(주)디케이이앤씨","   3,034,800"
"5058","320416","주식회사 엘엔에스넷","   3,034,600"
"5059","140019","아이비젼(주)","   3,033,800"
"5060","200935","(주)제오네트웍스","   3,033,600"
"5061","430204","와이즈넷(주)","   3,032,700"
"5063","113008","(주)티엠정보통신","   3,032,400"
"5062","540211","컴라인","   3,032,400"
"5064","203006","주식회사 랩241","   3,032,000"
"5065","350490","주식회사 지테크인터네셔날","   3,030,500"
"5067","202776","주식회사 비스무트","   3,030,500"
"5066","203470","주식회사 동일아이티","   3,030,500"
"5068","130393","(주)하나정보통신","   3,030,200"
"5069","150083","주식회사 진석테크윈","   3,029,500"
"5070","530421","에이스테크","   3,029,300"
"5071","201136","(주)오성에이브이시스템","   3,028,000"
"5072","110580","도남정보통신 주식회사","   3,027,800"
"5073","312035","주식회사 금상테크","   3,027,200"
"5074","311237","시앤시인스트루먼트(주)","   3,026,300"
"5075","204073","주식회사 엘마인즈(Lminds)","   3,025,200"
"5076","120827","주식회사 해성아이씨티","   3,025,100"
"5077","350247","(주)만양","   3,024,800"
"5078","200805","(주)인텍하우징","   3,024,300"
"5079","202717","(주)태마루","   3,024,000"
"5080","110350","주식회사 보군","   3,023,200"
"5081","420021","(주)유피정보통신","   3,021,800"
"5082","312322","주식회사 진원","   3,021,400"
"5083","410251","(주)티아이","   3,020,900"
"5084","312170","주식회사 티미","   3,020,700"
"5085","310945","아임에버(주)","   3,015,800"
"5086","160205","엔.퓨쳐(주)","   3,015,200"
"5087","201518","(주)효성정보통신","   3,013,900"
"5088","550093","진우전자","   3,011,700"
"5089","200253","주식회사 안영전기공사","   3,011,300"
"5090","160132","(유)금강시스템","   3,011,200"
"5091","510174","주식회사 보람정보통신","   3,011,000"
"5092","203180","주식회사 비에이인프라","   3,010,900"
"5093","200658","(주)큰날개","   3,010,900"
"5094","510429","(주)씨에이치테크","   3,010,700"
"5095","320249","주식회사테크에이엘","   3,010,600"
"5096","410036","사성정보통신(주)","   3,009,800"
"5097","540552","주식회사 플랜텍(PLANTEC Co., Ltd.)","   3,009,700"
"5098","204153","주식회사 아톤(ATON Inc.)","   3,009,700"
"5099","200153","에스에스브이","   3,009,300"
"5100","203603","주식회사 우리강산시스템","   3,008,500"
"5101","311522","(주)보명아이엔씨","   3,007,200"
"5102","510359","주식회사 삼화정보","   3,006,700"
"5103","201112","(주)에스엠엔네트워크","   3,006,400"
"5104","202618","(주)아이티앤에스","   3,005,500"
"5105","130040","(주)오아이티","   3,005,100"
"5106","110035","(주)한울네트웍","   3,004,900"
"5107","330003","(주)파즈테크","   3,003,800"
"5108","310652","(주)포스텍","   3,002,600"
"5109","203631","주식회사 에이텐시스템","   3,002,200"
"5110","410039","주식회사 새길정보통신","   3,000,500"
"5111","510165","(주)한국에스시엔","   2,999,300"
"5112","620305","주식회사 진우정보","   2,999,100"
"5113","111376","주식회사 대신네트워크","   2,999,000"
"5114","410207","우리전력(주)","   2,998,500"
"5115","311703","부광아이티 주식회사","   2,998,300"
"5116","120669","주식회사 나경","   2,996,400"
"5117","620351","주식회사 다원디엔에스","   2,994,500"
"5118","311336","주식회사 한국픽셀","   2,994,200"
"5119","630245","주식회사 반디","   2,994,100"
"5120","310726","씨티에스정보기술(주)","   2,993,700"
"5121","112731","호맘디앤씨 주식회사","   2,993,100"
"5122","200320","젠트넷정보기술(주)","   2,992,800"
"5123","312396","세원엔디이 주식회사","   2,991,900"
"5124","202842","주식회사 위우너스","   2,991,700"
"5125","610185","(주)일산","   2,990,800"
"5126","310671","(주)아이비에스코리아","   2,990,500"
"5127","640077","우남전력(주)","   2,990,100"
"5128","310552","주식회사 중앙일렉파워","   2,989,600"
"5129","540523","대경파워텍(주)","   2,988,900"
"5130","510106","(주)오경정보기술","   2,988,600"
"5132","120172","서광인포컴(주)","   2,987,900"
"5131","310679","(주)텔컴","   2,987,900"
"5133","200892","(주)한성아이티엘","   2,987,300"
"5134","320205","첨단정보통신","   2,986,000"
"5135","310068","느티나무정보통신(주)","   2,985,800"
"5136","320097","(주)인찬","   2,984,200"
"5137","310660","(주)신영씨앤디","   2,983,600"
"5138","204064","주식회사 퓨처젠커머스(Futuregen Commerce Co., Ltd.)","   2,983,500"
"5139","310426","이에스이(주)","   2,983,300"
"5140","320306","토탈이앤텍","   2,983,100"
"5141","350075","기쁜전자통신(주)","   2,983,100"
"5142","111263","대승정보통신(주)","   2,982,700"
"5143","620024","디오텍 주식회사","   2,980,700"
"5144","510541","이지정보통신","   2,979,700"
"5145","110448","주식회사 태광이알텍","   2,979,600"
"5146","420080","(주)미래정보통신","   2,979,000"
"5147","202735","(주)다윈시스템","   2,977,600"
"5148","311286","(주)일진메가텍","   2,977,600"
"5149","203691","주식회사 한강기전","   2,977,200"
"5150","120537","삼화텔콤","   2,974,500"
"5151","110344","(주)유일통신","   2,973,500"
"5152","320456","티.비.티. 주식회사","   2,973,100"
"5153","201053","(주)이지전력","   2,972,300"
"5155","130332","주식회사 우성넷콤","   2,971,500"
"5154","130345","(주)두리전기통신","   2,971,500"
"5156","550193","(주)앤네트웍스","   2,971,000"
"5157","202605","(주)넥스트코어테크놀로지","   2,970,200"
"5158","202711","(주)보문테크닉스","   2,970,100"
"5159","520040","(주)에스케이범통신","   2,969,600"
"5160","350396","주식회사 케이폴넷","   2,969,300"
"5161","111440","경일위성전자","   2,969,100"
"5162","550439","신일전산 주식회사","   2,968,300"
"5165","312601","중앙건설 주식회사","   2,968,100"
"5163","312568","주식회사 에스티에스인터내셔널","   2,968,100"
"5164","204238","주식회사 참마루건설","   2,968,100"
"5166","510735","주식회사 무스마(MUSMA Co., Ltd.)","   2,968,100"
"5167","530036","주식회사 구룡전기","   2,967,900"
"5168","350277","주식회사 대산정보통신","   2,967,400"
"5169","330316","주식회사 와이에치데어리(YH Dairy Co., Ltd.)","   2,967,000"
"5170","203654","주식회사 경동티에스","   2,966,400"
"5171","200628","세인에스앤씨(주)","   2,965,900"
"5172","203098","주식회사 크리에이티브솔루션","   2,965,900"
"5173","150038","(주)미도이앤씨","   2,964,200"
"5174","202964","주식회사 디지윌","   2,963,600"
"5175","203981","주식회사 나라지식정보","   2,962,800"
"5177","202688","(주)아이티온넷","   2,962,700"
"5176","204134","주식회사 엔이티건설","   2,962,700"
"5178","130477","온세계정보통신(주)","   2,962,500"
"5179","203379","신영에스아이 주식회사","   2,962,300"
"5180","310666","(주)피앤케이파워시스","   2,962,100"
"5181","113069","(주)올댓이엔티","   2,961,800"
"5182","350092","다산정보통신(주)","   2,961,500"
"5183","311999","주식회사 이노쓰리시스템즈","   2,960,700"
"5184","170144","주식회사 태림","   2,959,700"
"5185","540359","주식회사 교림정보통신","   2,959,300"
"5186","610071","유한회사 한주엔지니어링","   2,958,500"
"5187","420465","주식회사 넷플러스","   2,956,800"
"5188","203108","엔씨엔스페이스 주식회사","   2,955,900"
"5189","540158","명성정보통신","   2,955,500"
"5190","530444","주식회사 다올인포텍","   2,954,800"
"5191","430060","고려이엔티(주)","   2,953,900"
"5192","112867","(주)대신","   2,953,500"
"5193","350218","(주)케이티비즈컴","   2,953,300"
"5194","140473","(주)삼흥전력","   2,952,000"
"5195","203033","주식회사 코어시큐리티","   2,950,700"
"5196","202219","한독컴퓨터(주)","   2,949,600"
"5197","430228","(주)코레이트","   2,948,900"
"5198","201865","(주)부뜰정보시스템","   2,947,400"
"5199","204223","주식회사 앰진(AMGINE Inc.)","   2,947,200"
"5200","201086","에이치에스효성인포메이션시스템 주식회사","   2,946,900"
"5202","630145","(유)가온정보통신","   2,946,200"
"5201","620217","(유)혜민통신","   2,946,200"
"5203","111245","주식회사 환경전력","   2,946,100"
"5204","430101","(주)제일정보통신","   2,945,200"
"5205","140201","(주)연암이엔지","   2,944,100"
"5206","510370","(주)모두텔","   2,944,000"
"5207","110399","주식회사 제이에스일렉","   2,943,800"
"5208","120135","평산정보통신(주)","   2,942,700"
"5209","610141","주식회사 넷온","   2,942,700"
"5210","150394","(주)보우기전","   2,942,500"
"5211","160054","(주)세움테크윈","   2,941,900"
"5212","203228","주식회사 소어텍(soartech Co.,Ltd.)","   2,940,600"
"5213","311452","주식회사 에스엠메이커스(SMmakers Co.,Ltd.)","   2,940,400"
"5214","310592","주식회사 시원아이티","   2,940,300"
"5215","530274","신네트웍스(주)","   2,940,300"
"5216","630242","주식회사 동승에스아이","   2,940,200"
"5217","540175","영주인켈정보통신 주식회사","   2,939,900"
"5218","420212","(주)에이텍정보기술","   2,938,800"
"5219","111432","한국정보공학(주)","   2,936,600"
"5220","311006","(주)서인지엔티","   2,936,400"
"5221","311313","(주)이은네트웍스","   2,935,900"
"5222","330224","(주)한성정보시스템","   2,934,200"
"5223","202404","어울림영상(주)","   2,933,300"
"5224","201726","유넷시스(주)","   2,933,100"
"5225","170090","(주)가산정보통신","   2,932,900"
"5226","202637","오렌지시스 주식회사","   2,930,600"
"5227","120278","대림전기공업(주)","   2,930,000"
"5228","610191","주식회사 엠스톤솔루션","   2,929,900"
"5229","510415","주식회사 엔에이치","   2,929,700"
"5230","640106","주식회사 신승","   2,929,400"
"5231","312418","주식회사 에스디보안시스템","   2,929,300"
"5232","530115","(주)이지스","   2,929,200"
"5233","111965","주식회사 에스엘정보통신","   2,927,800"
"5235","203884","주식회사 케이티씨씨엠","   2,925,800"
"5234","530355","(주)경구정보통신","   2,925,800"
"5236","311298","(주)고전사","   2,925,300"
"5237","530226","(주)테크모아","   2,925,200"
"5238","550262","위팩트(WIFECT)","   2,925,100"
"5239","550064","텔콤","   2,924,700"
"5240","130254","(주)한길테크놀로지","   2,923,900"
"5241","330297","주식회사 세종아이티","   2,923,700"
"5242","111354","강산건설(주)","   2,923,600"
"5243","201278","(주)제이아이티","   2,922,500"
"5244","201176","(주)스마트디앤씨","   2,922,400"
"5245","550279","(주)하나로솔루션","   2,922,200"
"5246","170051","주식회사 비앤에스","   2,922,100"
"5247","610034","주식회사 로뎀씨엔씨","   2,921,500"
"5248","130196","(주)남양정보통신공사","   2,921,500"
"5250","420396","주식회사 에프비지코리아","   2,920,100"
"5249","120592","주식회사 대양미디어통신","   2,920,100"
"5251","540185","아이엔티정보통신","   2,919,800"
"5252","130386","(주)아이티인프라엔","   2,918,700"
"5253","510311","(주)지에스티","   2,918,600"
"5254","630184","유한회사 드림솔루션","   2,918,200"
"5255","430302","주식회사 토탈플랜","   2,917,300"
"5256","112484","(주)하이큐스","   2,917,200"
"5257","201246","지에스네트웍스(주)","   2,916,400"
"5258","312072","주식회사 티온시스템","   2,916,000"
"5259","311890","주식회사 모아데이타","   2,915,600"
"5260","620114","(주)인성시스템","   2,914,900"
"5261","200039","주식회사 엘티네트워크","   2,913,800"
"5262","110072","두리통신건설(주)","   2,913,200"
"5263","201276","(주)비시텍코리아","   2,913,200"
"5264","110115","(주)혁신전공사","   2,912,100"
"5265","311988","웨이즈원 주식회사","   2,911,300"
"5266","311576","(주)인프라아이씨티","   2,910,900"
"5267","320290","주식회사 선진정보통신","   2,910,700"
"5268","610319","주식회사 스카이넷","   2,910,500"
"5269","620271","진테크","   2,910,100"
"5270","120559","(주)소리통신","   2,909,100"
"5271","120768","(주)유벤어스","   2,909,000"
"5272","110621","창공정보통신(주)","   2,908,900"
"5273","550384","대경정보통신기술","   2,908,200"
"5274","550380","하나정보통신","   2,907,900"
"5275","202124","(주)스마트파워시스템","   2,906,600"
"5276","310155","(주)이컴정보기술","   2,906,400"
"5277","312406","(주)한영파트너스에프에이치","   2,906,100"
"5278","200532","풍국전기(주)","   2,905,300"
"5279","320379","주식회사 참솔테크","   2,903,300"
"5280","640144","청강아이씨티 주식회사","   2,901,900"
"5281","420164","(주)세화","   2,900,900"
"5282","550339","(주)조은엔지니어링","   2,900,800"
"5283","111304","삼양데이타시스템(주)","   2,900,300"
"5284","350458","주식회사 웨이텍이엔지","   2,898,500"
"5285","202902","주식회사 씨디엠비","   2,898,300"
"5286","350487","엘케이엠테크 주식회사","   2,898,200"
"5287","200294","(주)이서","   2,897,800"
"5288","420249","주식회사 비앤스산업","   2,895,000"
"5289","203713","주식회사 대건일렉트릭","   2,893,000"
"5290","310553","(주)넷마루","   2,892,000"
"5291","204027","주식회사 엑세스씨앤에스","   2,890,700"
"5292","112700","(주)이지넷콤","   2,889,500"
"5293","202126","주식회사 엘템","   2,889,300"
"5294","610207","주식회사 온유정보","   2,889,100"
"5295","110864","우선이엔씨(주)(Woosun ENC Co., Ltd.)","   2,888,800"
"5296","310737","(주)티엔아이정보","   2,887,700"
"5297","201600","주식회사 영호전기통신","   2,887,600"
"5298","620242","주식회사 명승미디어넷","   2,885,000"
"5299","630136","주식회사 피닉스아이티에스","   2,884,100"
"5300","630153","(주)광회정보통신","   2,883,000"
"5301","200196","(주)파워씨앤아이","   2,881,900"
"5302","311856","제이씨앤에스","   2,881,700"
"5303","201040","(주)진성전력","   2,881,600"
"5304","410147","주식회사 스마트정보기술","   2,878,900"
"5305","410257","(주)나눔정보","   2,877,300"
"5306","320140","주식회사 샤인뷰","   2,876,900"
"5307","201811","주식회사 브랜드텍","   2,876,100"
"5308","530177","주식회사 대보전자통신","   2,876,000"
"5309","120098","(주)청원통신","   2,875,300"
"5310","540106","유현아이티(주)","   2,874,500"
"5311","202135","(주)온피아","   2,874,300"
"5312","203635","시큐리타스코리아 주식회사","   2,874,100"
"5313","311639","(주)협인","   2,873,900"
"5314","540464","주식회사 중앙정보통신","   2,873,800"
"5315","111686","(주)씨텍","   2,873,500"
"5316","410110","(주)에너지코리아","   2,872,300"
"5317","111108","정암전기통신(주)","   2,872,000"
"5318","201442","주식회사 티사이언티픽","   2,871,500"
"5319","550110","(주)태영텔레콤","   2,871,400"
"5320","410326","주식회사 비케이정보통신","   2,870,800"
"5321","630137","(주)세진파워텍","   2,870,700"
"5322","550228","(주)플러스넷","   2,870,300"
"5323","350511","주식회사 에이쓰리","   2,869,900"
"5324","112940","(주)현성인포컴","   2,868,100"
"5325","510002","(주)무진산업기술","   2,867,800"
"5326","350262","(주)크레온유니티","   2,867,600"
"5328","112920","주식회사 광명전기통신","   2,865,300"
"5327","510177","화인정보기술(주)","   2,865,300"
"5329","312307","주식회사 케이엠파크","   2,864,700"
"5330","320058","(주)케이디이앤씨","   2,864,500"
"5331","311108","(주)맨컴","   2,864,400"
"5332","520054","(주)컴넷","   2,863,900"
"5333","310907","(주)다원아이티","   2,863,600"
"5335","204013","주식회사 엠비에프","   2,863,500"
"5334","130392","(주)시온","   2,863,500"
"5336","120816","한국이미지시스템(주)","   2,863,400"
"5337","510552","(주)앤츠","   2,863,100"
"5338","640169","주식회사 아이엔티정보통신","   2,862,700"
"5340","201692","(주)케이텍솔루션","   2,862,100"
"5339","420301","주식회사 명인정보통신","   2,862,100"
"5341","120721","(주)지산미디어통신","   2,861,700"
"5342","610088","남화토건(주)","   2,861,600"
"5344","203473","주식회사 티아이피","   2,861,400"
"5343","203796","에이텐코리아 주식회사","   2,861,400"
"5345","311229","(주)수인테크","   2,860,900"
"5346","530417","주식회사 한림기술","   2,860,700"
"5347","510368","(주)명문이엔지","   2,856,600"
"5348","110741","주식회사 디씨아이","   2,856,400"
"5349","310419","(주)동아넷","   2,856,100"
"5350","350375","주식회사 라온정보통신","   2,855,900"
"5351","310911","(주)유민에쓰티","   2,855,000"
"5352","510319","한빛네트워크","   2,854,100"
"5353","150153","일광정보통신","   2,854,000"
"5354","202652","(주)혜성에스앤피","   2,853,600"
"5355","410332","(주)아이티에스","   2,851,700"
"5356","110451","하프트인(주)","   2,849,700"
"5357","311309","(주)주애기술","   2,849,500"
"5358","110711","주식회사 케이에스이엔씨","   2,849,400"
"5359","201392","에스지씨이앤씨 주식회사 (SGC E&C Co., Ltd.)","   2,847,600"
"5360","550201","(주)서일","   2,845,300"
"5361","320325","진성정보시스템 주식회사","   2,845,100"
"5362","311684","탑스이앤씨 주식회사","   2,845,100"
"5363","202621","주식회사 현대아이티","   2,844,500"
"5364","430246","(주)제이디","   2,844,100"
"5365","420186","(주)쎄트렉아이","   2,843,900"
"5366","350413","주식회사 에이치투테크","   2,842,600"
"5367","111790","광운전자통신공사","   2,842,100"
"5368","320173","(주)세명인포텍","   2,840,900"
"5371","520186","주식회사 엔소프트","   2,840,600"
"5369","203742","엘비텍 주식회사","   2,840,600"
"5370","203891","주식회사 블루포트 (BluePort, Inc.)","   2,840,600"
"5372","112822","은하수정보통신(주)","   2,839,800"
"5373","120773","(주)서진정보통신","   2,839,300"
"5374","110649","(주)흥일통신","   2,839,200"
"5375","510611","(주)삼정시스템","   2,838,800"
"5376","113362","(주)예원정보통신","   2,838,400"
"5377","320043","(주)아라정보","   2,836,400"
"5378","312457","주식회사 에스텍솔루션스(S Tech solutions Co., Ltd.)","   2,835,900"
"5379","130270","(주)고려안전","   2,835,200"
"5380","430092","(주)엔씨미디어정보통신","   2,834,200"
"5381","510427","(주)연일정보통신","   2,833,900"
"5382","350470","이엔아이에스 주식회사","   2,833,600"
"5383","330136","태성텔레콤(주)","   2,832,900"
"5384","201980","(주)동훈아이텍","   2,832,700"
"5385","140261","주식회사 새한이엔텔","   2,832,200"
"5386","410140","대천통신(주)","   2,832,100"
"5388","202984","주식회사 조은코디스","   2,831,500"
"5387","310828","(주)우정하이텍","   2,831,500"
"5389","610362","주식회사 하나이엔지전력","   2,829,800"
"5390","520151","주식회사 모은정보기술","   2,829,300"
"5391","312099","아우시스템 주식회사","   2,829,000"
"5392","550006","주식회사 나이스이엔씨","   2,828,600"
"5394","640172","주식회사 우리정보통신","   2,827,900"
"5393","311048","(주)이룸아이엔씨","   2,827,900"
"5395","630339","주식회사 엠에이치텍(MH TECH Co.,Ltd.)","   2,827,600"
"5396","203830","주식회사 유니온플레이스","   2,827,100"
"5397","350251","주식회사 그레이스컴퍼니","   2,826,700"
"5398","150502","(주)에이텔정보기술","   2,826,500"
"5399","330048","(주)대신피아이씨","   2,825,600"
"5400","311653","주식회사 씨케이미디어","   2,824,800"
"5401","202506","(주)루트온플러스","   2,824,200"
"5402","550346","(주)이즈파크","   2,824,000"
"5403","203029","주식회사 디토시스","   2,824,000"
"5404","550375","(주)미래정보시스템","   2,823,400"
"5405","203163","주식회사 티아이지코리아","   2,823,100"
"5406","320467","주식회사 비엔솔루션","   2,821,800"
"5407","310603","(주)휴먼테크","   2,821,400"
"5408","420175","(주)테라네트웍스","   2,821,000"
"5409","202562","(주)서울티엔에스","   2,820,400"
"5410","110749","주식회사 엔에스","   2,820,300"
"5411","312357","주식회사 위더스넷","   2,819,900"
"5412","203872","랜드소프트 주식회사 (landsoft Co.,Ltd.)","   2,819,700"
"5413","201909","(주)액트솔루션","   2,819,500"
"5414","202209","(주)엘엔케이네트웍스","   2,819,000"
"5415","320072","주식회사 파인클라우드","   2,817,300"
"5416","420378","명진아이텍 주식회사","   2,817,100"
"5417","110707","(주)엔오에스","   2,816,000"
"5418","200631","주식회사 에스아이티컴","   2,815,600"
"5419","311274","(주)대한티피에스","   2,815,500"
"5420","203396","한성티에스 주식회사(HanSungTS)","   2,815,100"
"5421","202504","주식회사 지엔아이티","   2,814,100"
"5422","420007","위수전기 주식회사","   2,812,600"
"5423","203476","디스플레이허브 주식회사(Display Hub Ltd.)","   2,812,300"
"5424","312006","주식회사 투투","   2,812,200"
"5425","200877","디비비전(주)","   2,811,400"
"5426","310006","(주)광명전기","   2,811,200"
"5427","510531","금호이엔에스","   2,810,500"
"5428","310665","(주)토탈음향","   2,810,300"
"5429","630229","주식회사 신화이앤씨","   2,810,000"
"5430","110922","(주)다우기술","   2,809,700"
"5431","630343","유한회사 세연정보시스템","   2,808,700"
"5433","530316","주식회사 서로네트웍","   2,807,600"
"5432","310978","주식회사 푸름넷","   2,807,600"
"5434","550314","주식회사 케이시스","   2,807,100"
"5435","630195","주식회사 건하정보통신","   2,806,700"
"5436","620393","주식회사 에스디테크(SD Tech Inc.)","   2,806,600"
"5437","202586","주식회사 에스디정보통신","   2,806,500"
"5438","320335","주식회사 케이씨이","   2,805,100"
"5439","550367","에스에이치텔레콤 주식회사","   2,804,300"
"5440","160166","(유)누리미르정보통신","   2,802,800"
"5441","540033","신성통신 주식회사","   2,802,500"
"5442","330093","합자회사 유비넷","   2,800,700"
"5443","203168","피앤아이티 주식회사(P & IT CO., LTD)","   2,800,600"
"5445","311599","(주)진성이엔지","   2,800,200"
"5444","510297","주식회사 성하정보통신","   2,800,200"
"5446","610001","주식회사 거양이앤씨","   2,799,000"
"5447","203804","주식회사 모아소프트","   2,798,900"
"5448","311474","주식회사 퍼스트텍","   2,798,100"
"5449","202859","주식회사 하성씨앤아이","   2,798,000"
"5451","420087","(주)라스테크","   2,797,500"
"5450","510209","(주)대웅전기","   2,797,500"
"5452","150392","(주)대전사","   2,797,200"
"5453","202101","인프라소프트(주)","   2,796,300"
"5454","420245","(주)영민시스템","   2,795,600"
"5455","440056","(주)태성정보통신","   2,795,000"
"5456","610016","(주)동양에이브이전자통신","   2,792,900"
"5457","312043","주식회사 로드맵","   2,790,700"
"5458","540053","(주)대신통신","   2,789,700"
"5459","510263","스피드텔레콤","   2,788,600"
"5460","310675","(주)제이에스정보통신","   2,787,600"
"5461","170027","유진정보(주)","   2,787,500"
"5462","510139","(주)필텍시스템","   2,786,300"
"5463","113488","일광전기통신","   2,785,700"
"5464","510562","(주)태영아이티","   2,785,200"
"5465","120541","(주)아람정보통신","   2,785,100"
"5466","111259","세진시스콤(주)","   2,783,400"
"5467","203204","주식회사 태영엔에스","   2,782,900"
"5468","150509","부강전설(주)","   2,782,400"
"5469","312193","주식회사 뉴테크시스템","   2,782,400"
"5470","310194","오케이통신(주)","   2,782,300"
"5471","110003","디지탈정보통신(주)","   2,781,800"
"5472","430347","(주)다은전기","   2,779,300"
"5473","550121","(합)대신전기공업사","   2,779,200"
"5474","330259","주식회사 미르정보기술","   2,777,700"
"5475","202573","(주)스마컴","   2,776,500"
"5476","550223","자림솔루션(주)","   2,776,300"
"5477","410245","주식회사 백경정보기술","   2,775,700"
"5478","311839","(주)다우씨엔디테크","   2,775,200"
"5480","540177","에이스정보통신","   2,774,700"
"5479","350399","(주)알림시스템","   2,774,700"
"5481","160194","(유)글로벌네트웍스","   2,774,400"
"5482","312056","주식회사 엔에프","   2,774,200"
"5483","311227","(주)씨큐앤비","   2,773,700"
"5484","540416","주식회사 아이네트","   2,772,800"
"5485","112510","(주)에스에스통신","   2,772,500"
"5486","130078","코어네트웍스(주)","   2,772,400"
"5487","530426","주식회사 금오정보통신","   2,772,000"
"5488","201082","(주)넥타르소프트","   2,771,300"
"5489","160214","선박전자통신","   2,770,900"
"5490","203393","제노솔루션 주식회사","   2,770,300"
"5491","311734","에스비이엔디 주식회사","   2,768,700"
"5492","203154","육일전기공사 주식회사","   2,767,700"
"5493","410169","주식회사 민테크","   2,767,500"
"5494","320393","주식회사 비젼플러스","   2,767,000"
"5495","203486","헬스커넥트 주식회사","   2,766,300"
"5496","200021","대조전설(주)","   2,766,100"
"5497","112638","유림씨스템통신(주)","   2,765,800"
"5498","311402","(주)앤시스테크놀러지","   2,765,200"
"5499","312292","미르이디에스 주식회사","   2,764,600"
"5501","201577","주식회사 스마트캅스","   2,763,900"
"5500","530015","주식회사 태림이앤씨","   2,763,900"
"5502","510579","(주)원우전자통신","   2,763,700"
"5503","540358","(주)케이에스기술통신","   2,763,600"
"5504","201814","도원정보시스템(주)","   2,763,000"
"5505","112527","씨제이올리브네트웍스 주식회사","   2,761,600"
"5506","620202","(주)피데스","   2,761,500"
"5507","330243","이화정보통신 주식회사","   2,761,200"
"5508","510288","(주)오토텍","   2,760,200"
"5509","311386","(주)맥스윈","   2,759,400"
"5510","610241","(주)금하테크","   2,759,000"
"5511","610490","주식회사 은광이엔시","   2,758,500"
"5512","530265","휴먼테크","   2,757,900"
"5513","320399","에이치엠","   2,757,800"
"5514","203333","주식회사 다음정보시스템즈","   2,757,200"
"5515","330090","(합자)원진","   2,757,000"
"5516","140336","(주)신성정보통신","   2,756,800"
"5517","201569","(주)케이이에스전기공사","   2,756,500"
"5518","120340","대림통신(주)","   2,756,200"
"5519","203832","주식회사 경우시스테크","   2,754,700"
"5520","203923","우리정보","   2,754,300"
"5521","311808","주식회사 아이엘미디어","   2,753,100"
"5522","310734","(주)송원이앤씨","   2,753,100"
"5523","204034","주식회사 이제이엔넷","   2,752,300"
"5524","320002","시우넷","   2,751,900"
"5525","510290","(주)제이케이알에스티","   2,751,600"
"5526","540199","(주)금천산업개발","   2,750,600"
"5527","111540","건영네트웍스(주)","   2,750,300"
"5528","620372","주식회사 모두네트웍스","   2,749,300"
"5529","550305","(주)삼성정보통신","   2,748,600"
"5530","550090","(주)제이엠텔레콤","   2,748,300"
"5531","350004","(주)재성이엔씨","   2,747,400"
"5532","530010","(주)화성개발","   2,746,200"
"5533","200182","주식회사 이앤아이시티 (E&ICT CO.,LTD)","   2,745,200"
"5534","630213","주식회사 엔콤","   2,744,000"
"5535","430105","주식회사 건주","   2,743,900"
"5536","540019","(주)알앤유","   2,743,700"
"5537","203995","주식회사 이프정보시스템","   2,743,000"
"5538","410040","천우전기(주)","   2,742,900"
"5539","140397","(주)나노텔레콤","   2,742,400"
"5540","311573","(주)이랜드건설","   2,742,100"
"5541","202070","주식회사 덕운","   2,741,300"
"5542","120099","(주)현대종합이앤지","   2,741,200"
"5544","510059","주식회사 마테라아이티","   2,740,600"
"5543","113135","태극정보통신","   2,740,600"
"5545","113101","(주)동광이엔씨","   2,740,300"
"5546","111565","(주)태영정보통신공사","   2,739,700"
"5547","420089","(주)제이케이씨엔에스","   2,738,900"
"5548","130207","한국전설(주)","   2,738,100"
"5549","111603","한별정보통신","   2,737,700"
"5550","110386","주식회사 성원","   2,736,000"
"5551","311947","주식회사 에드원테크","   2,735,600"
"5552","410096","(주)한국전기","   2,734,500"
"5553","312394","주식회사 엘다임","   2,734,100"
"5556","312343","주식회사 삼인공간정보","   2,733,900"
"5554","203859","펜타린크 주식회사 (PentaLink Inc.)","   2,733,900"
"5555","540314","(주)썬정보통신","   2,733,900"
"5557","510530","(주)조이테크","   2,733,700"
"5558","203801","드림타워솔루션 주식회사","   2,733,400"
"5559","610409","주식회사 승은","   2,733,000"
"5560","111701","주식회사 비엠더코리아","   2,732,500"
"5561","111031","세기정보통신","   2,732,300"
"5562","200455","신화아이에스 주식회사","   2,732,100"
"5563","510284","나래시스템","   2,730,900"
"5564","180036","에이디텔레콤(주)","   2,730,400"
"5565","550323","주식회사 예섬","   2,729,500"
"5566","530363","주식회사 삼건","   2,728,400"
"5567","350348","주식회사 디오에프","   2,728,000"
"5568","620083","주식회사 루하","   2,727,700"
"5569","540145","구미이앤티(주)","   2,727,400"
"5570","113229","하누리정보기술(주)","   2,727,300"
"5571","120762","(주)연합전설","   2,726,500"
"5572","204000","창희파워 주식회사","   2,724,900"
"5573","610263","주식회사 정토건설","   2,724,400"
"5574","312181","주식회사 고업","   2,724,200"
"5575","630228","인버터기술 주식회사","   2,723,800"
"5576","350273","주식회사 에이피솔루션","   2,723,700"
"5577","200479","(주)새빛엔에스","   2,722,400"
"5578","510414","(주)협성임프","   2,721,800"
"5579","420115","(주)명품시스템","   2,720,700"
"5580","111506","삼호전자통신(주)","   2,720,600"
"5581","150559","(주)씨엔에스정보통신","   2,720,000"
"5582","510488","(주)아이소프트","   2,719,500"
"5583","620086","주식회사 대성정보","   2,719,300"
"5584","520067","주식회사 거성정보통신","   2,718,500"
"5585","320501","주식회사 진솔루션즈","   2,716,500"
"5586","350627","(주)유진엘이디","   2,716,200"
"5588","311560","(주)핌","   2,716,000"
"5587","311597","(주)어웨이프롬","   2,716,000"
"5589","203933","주식회사 메이커스테크놀로지","   2,715,000"
"5590","140179","케이탑솔루션 주식회사","   2,714,400"
"5591","202168","(주)에스에이치아이티","   2,713,900"
"5595","530260","(주)포위즈시스템","   2,713,100"
"5596","204008","주식회사 퍼스트정보","   2,713,100"
"5593","203797","주식회사 씨아이피시스템","   2,713,100"
"5592","203977","주식회사 포이시스","   2,713,100"
"5594","204061","주식회사 젠솔소프트","   2,713,100"
"5597","202835","주식회사 아이앤서브","   2,713,000"
"5598","410125","(유)다함","   2,712,900"
"5599","420503","주식회사 미디온","   2,712,800"
"5600","150240","(주)네트워크코리아","   2,711,400"
"5601","410240","뉴아이티 주식회사","   2,710,500"
"5602","630401","주식회사 엠에이치소프트 (MH Soft Co., Ltd.)","   2,710,400"
"5603","200721","(주)디지털지구안테나","   2,710,300"
"5604","410117","데이타링크시스템(주)","   2,710,300"
"5605","311655","주식회사 크리웨이브이엔지","   2,709,900"
"5606","410014","(주)카프","   2,709,500"
"5607","430142","주식회사 중앙엔지니어링","   2,709,200"
"5608","420491","에이스이엔지 주식회사","   2,708,500"
"5609","420289","주식회사 네바다정보통신","   2,705,000"
"5610","410071","(주)프리텍","   2,702,200"
"5611","640146","주식회사 올레전자","   2,701,700"
"5612","111727","(주)한얼누리","   2,701,300"
"5613","620072","(주)탑통신","   2,699,900"
"5614","201804","포스텍네트웍스(주)","   2,699,800"
"5615","312250","주식회사 디 알 에스","   2,699,600"
"5616","202389","(주)인프라엔이(INFRA&ECo.,LTD)","   2,699,000"
"5617","540288","민정보시스템","   2,697,500"
"5618","150108","(주)안동통신","   2,697,300"
"5619","201709","(주)알토","   2,696,900"
"5620","120734","(주)태원테크","   2,694,800"
"5621","430013","(주)원성","   2,694,400"
"5622","311938","주식회사 대광아이엔씨","   2,693,400"
"5624","202227","브렉셀(주)","   2,692,200"
"5623","420379","주식회사 에이엔알","   2,692,200"
"5625","550356","조아텍(주)","   2,691,600"
"5626","330071","(주)상건","   2,691,100"
"5627","203932","트리거정보기술 주식회사","   2,691,000"
"5628","540330","(주)광진기업","   2,689,600"
"5629","530148","(주)다누리전기기술공사","   2,689,200"
"5630","550417","주식회사 씨앤티정보기술","   2,689,000"
"5631","610406","주식회사 아이테크","   2,688,300"
"5632","200487","에스제이넷 주식회사","   2,686,900"
"5633","201419","주식회사 트루넷","   2,686,600"
"5634","111883","(주)미래윈정보통신","   2,686,100"
"5635","140405","가가이지텍(주)","   2,683,700"
"5636","320056","주식회사 현승","   2,682,400"
"5637","203385","주식회사 테크제이솔루션","   2,682,400"
"5638","311432","(주)엑손텍","   2,681,900"
"5639","640049","디지탈플랜","   2,681,500"
"5640","540429","주식회사 에이치에스정보기술","   2,681,500"
"5641","202999","주식회사 셀빅","   2,681,300"
"5642","310274","(주)호성정보통신","   2,681,000"
"5643","111007","동하시티개발(주)","   2,680,500"
"5644","120306","세명통신 주식회사","   2,680,200"
"5645","320008","한국요꼬가와전기(주)","   2,680,200"
"5646","620133","(주)한페이시스","   2,679,600"
"5647","540219","(주)삼성피씨정보통신","   2,678,700"
"5648","201435","(주)하나윈정보기술","   2,677,200"
"5649","311184","(주)위스텍","   2,676,500"
"5650","320333","주식회사 협주","   2,676,300"
"5651","203968","주식회사 케이티링스","   2,676,300"
"5652","550447","주식회사 명성이엔티","   2,676,000"
"5654","311802","주식회사 휴미디어","   2,675,900"
"5653","140248","(주)한텔","   2,675,900"
"5655","510565","비타민전자","   2,675,100"
"5656","200846","(주)나온웍스","   2,673,700"
"5657","330074","(주)사운드폭스코리아","   2,672,500"
"5658","410170","(주)하이테크솔루션","   2,672,300"
"5659","120077","주식회사 영데이타통신전기","   2,672,100"
"5660","320377","주식회사 오아이씨코리아","   2,671,300"
"5661","420260","(주)자이솜","   2,670,700"
"5662","202189","주식회사 영진이엔에스","   2,670,200"
"5663","201849","(주)제일보안네트","   2,670,000"
"5664","113268","제일음향정보통신(주)","   2,669,700"
"5665","510356","비원이미지 주식회사","   2,669,600"
"5666","640032","(주)남호테크","   2,668,300"
"5667","200955","(주)동일그린시스","   2,667,900"
"5668","201755","(주)동서티앤씨","   2,667,500"
"5669","180029","대신네트웍스(주)","   2,667,400"
"5670","120106","주식회사 이루시스","   2,667,100"
"5671","630107","(주)케이제이산업","   2,665,600"
"5672","320124","(주)티엔아이넷","   2,665,200"
"5673","201462","(주)비앤엠","   2,664,100"
"5674","110857","(주)서일엔지니어링","   2,661,500"
"5676","311349","주식회사 퍼스트네트워크","   2,660,900"
"5675","320238","주식회사 칸라이팅","   2,660,900"
"5677","510061","(주)대하테크","   2,660,400"
"5678","130505","주식회사 새연","   2,658,600"
"5679","320342","주식회사 비전제어시스템","   2,657,700"
"5680","120226","대립통신산업","   2,657,500"
"5681","310840","성보정보통신(주)","   2,656,200"
"5682","420159","(주)아름씨엔씨","   2,655,900"
"5683","410095","이지정보통신","   2,655,800"
"5684","311406","누리텔레콤","   2,654,500"
"5685","430036","(주)동성이앤씨","   2,653,800"
"5686","203149","주식회사 에이다루트 (AIDA Root Corp.)","   2,653,400"
"5687","510012","주식회사 대산시스템","   2,652,200"
"5689","610109","(유)엔젤시스템","   2,651,600"
"5688","410365","주식회사 신흥이앤씨","   2,651,600"
"5690","202148","대성엔에스(주)","   2,651,500"
"5691","620201","단이정보통신 주식회사","   2,651,400"
"5692","430235","주식회사 수도전기제어","   2,650,700"
"5693","510596","경동아이티 주식회사","   2,650,700"
"5694","130166","한화통신(주)","   2,648,900"
"5695","160095","(주)전라이엔콤","   2,646,300"
"5696","203709","주식회사 헤로스테크","   2,646,200"
"5697","203767","주식회사 유플렉스소프트","   2,645,500"
"5698","330072","주식회사 성봉전설","   2,645,300"
"5699","150076","대한정보통신(주)","   2,643,200"
"5700","330272","주식회사 제이에이치테크","   2,642,700"
"5701","310342","주식회사 명천전기통신","   2,642,300"
"5703","350507","스마트미터 주식회사","   2,641,800"
"5702","610169","한국경보(주)","   2,641,800"
"5704","420362","주식회사 이룸전기통신","   2,641,600"
"5705","203561","주식회사 부민더블유엔피","   2,641,200"
"5706","610137","(주)제이엠정보통신","   2,641,200"
"5707","530181","주식회사 티엠아이씨","   2,640,800"
"5708","140162","(주)동우커뮤니케이션","   2,640,200"
"5709","202903","주식회사 위드넷","   2,638,600"
"5710","510374","(주)하림아이티","   2,637,300"
"5711","202242","(주)마티아솔루션","   2,637,100"
"5712","312061","주식회사 제이엠테크","   2,635,700"
"5713","112747","주식회사 대야에스디","   2,634,900"
"5715","350153","(주)아세아항측","   2,634,700"
"5714","312333","영원아이앤에스주식회사","   2,634,700"
"5716","202081","주식회사 케이엘에스티","   2,634,400"
"5717","440051","(주)세종디지털통신","   2,634,400"
"5718","120114","(주)세인텍","   2,634,000"
"5719","202749","(주)제이비티","   2,634,000"
"5720","410224","주식회사 윤성워터텍","   2,633,800"
"5721","110916","세계정보시스템(주)","   2,632,100"
"5722","203922","주식회사 에프원시큐리티 (F1 Security Inc.)","   2,632,000"
"5723","200916","(주)디지컴아이엔씨","   2,631,500"
"5724","203552","주식회사 라인업코리아","   2,631,000"
"5725","550086","(주)유림정보통신","   2,631,000"
"5726","540092","(주)유원정보통신","   2,630,500"
"5727","112076","(주)나인","   2,630,300"
"5728","140277","(주)동부이엔씨","   2,627,900"
"5729","620315","(주)한세시큐리티","   2,627,800"
"5730","130357","합자회사 일진정보","   2,627,500"
"5731","202656","(주)에스지테크놀러지","   2,625,200"
"5732","202709","(주)실로아이앤씨","   2,624,900"
"5733","540434","인플랩 주식회사(INPLAB Inc.)","   2,624,800"
"5734","202178","주식회사 가나이엔씨","   2,624,400"
"5735","170084","(주)명승기업","   2,623,700"
"5736","320210","(주)건화티에스","   2,623,000"
"5737","111402","성원정보통신(주)","   2,622,300"
"5738","430229","두레정보통신","   2,621,700"
"5739","202949","주식회사 엠넷시스템즈","   2,621,300"
"5740","420381","주식회사 바름","   2,620,200"
"5741","120459","(주)은성정보통신","   2,619,300"
"5742","320394","주식회사 정도양행","   2,618,500"
"5743","310289","새일시스템즈(주)","   2,617,500"
"5744","350536","주식회사 티에이피","   2,617,400"
"5745","540176","창조데이타","   2,617,100"
"5746","200286","(주)씨엔피테크","   2,616,100"
"5747","520159","석우정보기술 주식회사","   2,616,000"
"5748","311482","(주)엠디에스코리아","   2,615,800"
"5749","312237","주식회사 서전기전","   2,615,500"
"5750","312124","(주)신성테크원","   2,615,400"
"5752","510304","여송전자","   2,615,300"
"5751","520062","(주)케이지에프","   2,615,300"
"5753","200905","주식회사 한국네트웍스(HANKOOK NETWORKS CO., LTD.)","   2,614,200"
"5754","201328","(주)더솔텍이엔지","   2,613,600"
"5755","420247","한결아이씨티 주식회사(Hangeul ICT Co., Ltd.)","   2,613,400"
"5756","510136","(주)범한네트웍스","   2,613,300"
"5757","110748","(주)대한전기","   2,611,300"
"5758","610410","(주)에프앤에프네트웍스","   2,610,300"
"5759","201528","유토피아정보기술(주)","   2,609,900"
"5760","410244","탑아이티 주식회사","   2,609,800"
"5761","180041","(주)삼구","   2,609,200"
"5762","620174","(주)노쓰정보기술","   2,608,400"
"5763","320472","주식회사 엑스파워네트웍스","   2,608,000"
"5764","203159","주식회사 하랑에스아이(HARANG SI Co., Ltd.)","   2,606,700"
"5765","200679","리조이스통신(주)","   2,605,300"
"5766","530169","스토리엔네트웍스(주)","   2,604,900"
"5767","350154","(주)신성엔에스텍","   2,604,300"
"5768","540028","(주)훈민아이티","   2,603,500"
"5769","320010","이앤텔(주)","   2,602,800"
"5770","620354","주식회사 지케이정보통신","   2,602,400"
"5771","640119","주식회사 인다통신기술","   2,602,100"
"5772","350473","주식회사 에스에이씨솔루션","   2,601,900"
"5773","630210","유한회사 우리전력","   2,601,800"
"5774","170194","대건정보통신","   2,600,800"
"5775","550177","(주)옥승이엔씨","   2,600,500"
"5776","311523","(주)에이투유정보통신","   2,599,600"
"5777","550065","영재정보통신(주)","   2,598,600"
"5778","203539","다인스 주식회사(Dains Co., Ltd.)","   2,598,000"
"5779","200106","주식회사 클로버플러스","   2,597,700"
"5780","310129","그린정보통신","   2,597,300"
"5781","311437","주식회사 나래","   2,596,700"
"5782","320204","주식회사 에스아이텍","   2,596,200"
"5783","510382","(주)알엠에이","   2,595,900"
"5784","520165","주식회사 위드이엔씨","   2,594,500"
"5785","430317","케이원","   2,594,300"
"5786","201856","(주)지케스","   2,593,800"
"5787","630354","주식회사 라곤이엔씨","   2,593,700"
"5788","203194","키코아이비에스 주식회사","   2,593,100"
"5789","112277","거산음향통신(주)","   2,592,300"
"5790","530080","(주)네오정보기술","   2,592,200"
"5791","610020","신아정보통신","   2,592,000"
"5792","320465","주식회사 비바","   2,591,800"
"5793","420070","주식회사 삼일정보통신","   2,591,500"
"5794","120149","(주)포스텍","   2,591,400"
"5795","203615","주식회사 코탁스","   2,591,300"
"5796","350455","주식회사 엔비시스템","   2,590,500"
"5797","201297","승림이앤씨 주식회사","   2,590,300"
"5798","310870","(주)이시컨트롤","   2,589,900"
"5799","610228","주식회사 에이시에스","   2,589,800"
"5800","420353","주식회사 지앤씨엔지니어링","   2,589,500"
"5801","203413","주식회사 성진디에스피","   2,588,800"
"5802","420345","주식회사 이아이에스","   2,588,200"
"5803","640145","주식회사 코리아정보","   2,588,100"
"5804","201214","(주)진코퍼레이션","   2,587,800"
"5805","200080","주식회사 이엠아이플랜트(EMI PLANT)","   2,587,700"
"5806","201143","금상디엔씨(주)","   2,586,700"
"5807","202058","진솔이앤에스(주)","   2,584,500"
"5808","312038","(주)대정아이씨티","   2,584,100"
"5809","550350","디지털네트워크 주식회사","   2,583,300"
"5810","540382","주식회사 세양전기","   2,583,000"
"5811","310969","(주)씨엔케이솔루션","   2,582,400"
"5812","111384","신원전자","   2,581,500"
"5813","630352","신우산업 주식회사","   2,581,200"
"5814","410275","제이엔에스 주식회사","   2,579,100"
"5815","530024","한스정보통신","   2,579,100"
"5816","530209","(주)엔아이씨","   2,578,500"
"5817","112671","주식회사 도아(到我)","   2,577,900"
"5818","120647","대원전기통신 주식회사","   2,577,800"
"5819","540236","(주)제이엠","   2,576,800"
"5820","420376","주식회사 포커스","   2,576,700"
"5821","610310","다온정보기술 주식회사","   2,576,500"
"5822","203670","비욘드데이터 주식회사","   2,576,100"
"5823","510602","(합자)기전사","   2,575,900"
"5824","630175","주식회사 인컴스","   2,575,800"
"5825","202034","하나정보통신","   2,575,000"
"5826","520052","주식회사 다올전기","   2,574,900"
"5827","430241","(주)대성무선","   2,574,800"
"5828","540225","주식회사 태원전기통신","   2,574,700"
"5829","330025","(주)이젠네트웍스","   2,574,000"
"5830","202948","주식회사 명인이노","   2,573,900"
"5831","312105","주식회사 모네에스앤씨(MONE S&C CO., LTD.)","   2,572,500"
"5832","202865","주식회사 투아이스","   2,570,500"
"5833","150476","(주)삼우아이.티","   2,570,400"
"5834","112811","(주)한양인프라넷","   2,569,600"
"5835","170109","명성이앤지","   2,569,000"
"5836","320340","주식회사 가하정보기술","   2,568,700"
"5837","610349","주식회사 시원","   2,566,700"
"5838","111856","(주)월드린시스템즈","   2,565,900"
"5839","540143","세원정보통신","   2,565,800"
"5840","203009","두전네트웍스 주식회사","   2,564,000"
"5841","311505","(주)와이즈콘","   2,563,900"
"5842","140022","(유)삼화전설","   2,563,600"
"5843","203039","주식회사 앤트라인소프트","   2,563,200"
"5844","630109","주식회사 윈테크시스템","   2,562,800"
"5845","112421","주식회사 부일이엔씨","   2,562,700"
"5846","620159","(주)미래정보","   2,562,200"
"5848","540138","(주)태성정보기술","   2,562,100"
"5847","440045","(주)아이넷시스템즈","   2,562,100"
"5849","201601","주식회사 두굿이엔지","   2,562,000"
"5850","330141","(주)삼원씨앤지","   2,560,600"
"5851","420367","주식회사 아스트론아이씨티","   2,559,600"
"5852","111423","(주)기산텔레콤","   2,557,200"
"5853","550030","주식회사 디콤","   2,555,400"
"5854","510242","삼우기전","   2,555,100"
"5855","311645","버튼솔루션 주식회사","   2,554,600"
"5856","202295","주식회사 주왕정보통신","   2,553,200"
"5857","111114","대륭이엔지","   2,553,200"
"5858","510352","(주)일주지앤에스","   2,551,800"
"5859","311411","주식회사 케이비케이","   2,551,500"
"5860","202789","광원시스템 주식회사","   2,551,100"
"5861","140411","가나안정보통신(주)","   2,550,200"
"5862","310791","이에스아이 주식회사","   2,550,000"
"5863","620339","주식회사 샤론테크","   2,549,800"
"5864","311340","주식회사 이엘피케이뉴","   2,549,400"
"5865","203035","주식회사 에스지아이코리아","   2,548,400"
"5866","112100","(주)엠쏘","   2,547,600"
"5867","550011","하늘통신","   2,547,500"
"5868","311899","(주)스마일서브","   2,547,200"
"5869","311742","주식회사 피씨로","   2,547,100"
"5870","201911","인프라닉스(주)","   2,546,200"
"5871","113323","유비아이티","   2,545,000"
"5872","130267","(주)충남정보통신","   2,544,600"
"5873","310530","(주)케이엠미디어","   2,543,300"
"5874","150055","신성통신(주)","   2,543,200"
"5875","610305","주식회사 이트랜드","   2,542,900"
"5876","203971","주식회사 코리아아이씨티","   2,542,800"
"5877","311154","(주)제트로정보통신","   2,541,700"
"5878","112441","(주)코리아라인","   2,540,800"
"5879","530149","주식회사 샤론정보통신","   2,540,700"
"5880","203386","주식회사 에이원네트웍스","   2,540,500"
"5881","311508","(주)광진테크","   2,539,400"
"5882","510650","에이원시스템","   2,538,600"
"5883","550052","주식회사 태양아이티","   2,538,300"
"5884","312260","주식회사 세이브인시스템","   2,538,200"
"5885","200420","(주)아이티벨리","   2,537,100"
"5886","610135","유한회사 삼인정보","   2,536,200"
"5887","311607","주식회사 우신","   2,535,900"
"5888","200917","(주)이스텍","   2,535,500"
"5889","610371","주식회사 엠시드","   2,535,000"
"5890","320177","(주)지투","   2,533,800"
"5891","540386","주식회사 코네트","   2,532,600"
"5892","640031","(주)오름정보기술","   2,531,300"
"5893","630045","주식회사 테마이엔씨","   2,531,100"
"5894","320312","마루이엔씨","   2,530,900"
"5895","410058","예산삼성컴퓨터","   2,530,700"
"5896","202057","(주)제이엠시스","   2,530,500"
"5897","311494","(주)한성전자에이알엠","   2,529,900"
"5898","311333","(주)에프비정보통신","   2,529,300"
"5899","110026","(주)지엔테크","   2,529,200"
"5900","201887","(주)휴먼인텍","   2,528,500"
"5901","160055","주식회사 광민","   2,527,500"
"5902","200243","신광씨앤티(주)","   2,526,300"
"5903","530345","주식회사 티앤제이","   2,525,900"
"5904","610266","유한회사 다담정보통신","   2,525,100"
"5905","330128","주식회사 도은","   2,523,700"
"5906","130326","수영개발산업 주식회사","   2,523,200"
"5907","140324","주식회사 서화통신","   2,522,600"
"5908","311442","주식회사 동일아이씨티","   2,521,500"
"5909","350252","주식회사 서현","   2,521,000"
"5910","320408","주식회사 더메이테크","   2,521,000"
"5911","550247","(주)태강","   2,520,000"
"5912","310824","삼우솔루션 주식회사","   2,520,000"
"5913","120309","삼일정보시스템(주)","   2,519,000"
"5914","430124","(주)삼한정보통신","   2,518,500"
"5915","203390","동문건설 주식회사","   2,516,400"
"5916","202103","(주)위드네트웍스","   2,516,300"
"5917","350191","주식회사 평강정보통신","   2,514,900"
"5918","620251","우호정보통신 주식회사","   2,513,900"
"5919","310759","주식회사 진광엔지니어링건축사사무소","   2,513,400"
"5920","530027","(주)대한에이브이","   2,513,100"
"5921","170096","(합자)동서정보통신","   2,512,500"
"5922","203553","주식회사 케이아이티앤씨","   2,512,100"
"5924","410362","주식회사 웨이크","   2,511,700"
"5923","330278","부광하이텍 주식회사","   2,511,700"
"5925","202963","미래네트웍스 주식회사","   2,511,600"
"5926","201737","에이원게이트 주식회사(A1 GATE,, CO.)","   2,511,300"
"5927","610415","주식회사 티이에프","   2,510,600"
"5928","201878","세원아이티(주)","   2,510,000"
"5929","203580","주식회사 비엔아이엔씨(BN I&C Co., Ltd)","   2,509,800"
"5930","311970","인성테크이엔씨 주식회사","   2,509,500"
"5931","201498","(주)네오위드넷","   2,509,500"
"5933","312379","주식회사 남경텔레콤","   2,509,300"
"5932","120211","(주)청운정보시스템","   2,509,300"
"5934","120466","(주)대흥기업","   2,508,700"
"5935","311457","주식회사 케이에스시엔시","   2,508,600"
"5936","311953","주식회사 로제에이아이코리아 (RozeAI Korea Co., Ltd.)","   2,508,200"
"5937","540054","(주)원광","   2,508,000"
"5938","111037","(주)써니텔레콤","   2,507,900"
"5939","311084","(주)포도","   2,507,200"
"5940","311387","(주)에코아이씨티","   2,506,500"
"5941","311412","주식회사 윈즈 (Winz Co., Ltd.)","   2,506,500"
"5942","312269","주식회사 엔케이시스템","   2,506,500"
"5943","312311","가이아스 주식회사","   2,506,200"
"5944","111620","주식회사 태광이엔지","   2,505,300"
"5945","130334","디지털정보통신(주)","   2,504,300"
"5946","610134","주식회사 준네트웍스","   2,504,200"
"5947","203630","주식회사 디브이네스트","   2,503,100"
"5948","320502","주식회사 베율","   2,503,000"
"5949","311530","골든엑세스(주)","   2,502,500"
"5950","530372","주식회사 삼정디지탈정보","   2,502,500"
"5951","110313","주식회사 엘텔레콤","   2,501,900"
"5952","130301","(주)피앤티정보통신","   2,499,100"
"5953","203633","대성산업 주식회사(DAESUNG INDUSTRIAL CO.,LTD)","   2,499,000"
"5954","530331","명가종합건설 주식회사","   2,498,900"
"5955","111444","(주)청효이씨이","   2,498,800"
"5957","350344","주식회사 비즈앤컴","   2,496,700"
"5956","203456","주식회사 킴스프로젝트(Kimsproject Co.,Ltd)","   2,496,700"
"5958","610502","주식회사 신호","   2,495,800"
"5959","202421","난방산업(주)","   2,495,400"
"5960","410134","엔에스정보통신(주)","   2,494,800"
"5961","130483","(주)티오피통신","   2,494,300"
"5962","120787","(주)호원정보통신","   2,493,500"
"5963","160065","(유)광명통신","   2,492,800"
"5964","201133","신우이엔지(주)","   2,492,000"
"5965","150293","우신통신(주)","   2,491,700"
"5966","550114","주식회사 두원","   2,491,300"
"5967","510032","(주)선진텔레콤","   2,491,100"
"5968","203484","뮤지엄아이 주식회사","   2,490,000"
"5970","610168","(주)무강기업","   2,489,900"
"5969","320151","(주)다인미디어시스템","   2,489,900"
"5971","201842","(주)세윤씨앤에스","   2,489,200"
"5973","200940","지안넥스(주)","   2,489,100"
"5972","201779","(주)넥스모어시스템즈","   2,489,100"
"5974","350101","(주)서광기전","   2,488,500"
"5975","320327","(주)아미티엘","   2,488,100"
"5976","350278","스피드컴프라자","   2,487,600"
"5977","201750","중앙전자통신","   2,486,200"
"5980","112828","다몬전기통신공사","   2,485,700"
"5978","202882","큐보스 주식회사","   2,485,700"
"5979","201754","(주)지에스엔시스템즈","   2,485,700"
"5981","150339","디엠아이티(주)","   2,485,400"
"5982","311782","시스텍전자 주식회사","   2,485,100"
"5983","201240","(주)포커스타임","   2,482,700"
"5984","201758","(주)씨에스콘트롤즈","   2,482,200"
"5985","130444","(주)화인시스템","   2,482,000"
"5986","630122","삼오전기(주)","   2,480,900"
"5987","311422","(주)고페르 아이티","   2,479,200"
"5988","110540","발안정보통신","   2,478,700"
"5989","420375","채움정보통신 주식회사","   2,478,600"
"5990","510313","주식회사 현대씨엠","   2,477,800"
"5991","540372","에스알 주식회사","   2,477,000"
"5992","130094","(주)무한기술","   2,475,100"
"5994","350447","주식회사 미래엔텍","   2,475,000"
"5993","201146","(주)와이드큐브","   2,475,000"
"5996","120343","동양정보통신","   2,474,600"
"5995","620344","주식회사 도원이엔씨","   2,474,600"
"5997","150167","신성정보통신","   2,474,100"
"5998","430115","메가정보기술","   2,473,800"
"5999","150114","(주)신화정보시스템","   2,473,300"
"6000","510709","주식회사 창정보통신","   2,473,000"
"6001","311923","주식회사 소명시스템","   2,472,700"
"6002","610090","아이앤피통신(주)","   2,471,800"
"6003","530427","주식회사 다우통신","   2,471,000"
"6004","620345","주식회사 대원정보기술","   2,470,900"
"6005","350522","주식회사 자유아이씨티","   2,470,400"
"6006","510601","(주)도울정보기술","   2,470,100"
"6007","350003","세계전자","   2,469,400"
"6008","550103","(주)한누리시스템","   2,469,000"
"6009","311628","(주)에이스엘이디","   2,468,500"
"6010","111355","주식회사 정음전력","   2,467,500"
"6011","350329","주식회사 광화기업","   2,467,300"
"6012","310985","(주)지오시스템리서치","   2,467,200"
"6013","201170","주식회사 지미션","   2,467,100"
"6014","510544","주식회사 산수","   2,466,200"
"6015","312057","나시스 주식회사(NaSys Inc.)","   2,466,100"
"6017","203759","주식회사 유앤피플","   2,465,600"
"6016","620196","(주)현민정보통신","   2,465,600"
"6018","430212","주식회사 홍우","   2,465,400"
"6019","430149","주식회사 광현","   2,465,400"
"6020","320149","아이정보시스템","   2,465,100"
"6021","201046","(주)유니씨엔에스","   2,465,000"
"6022","350097","(주)엘아이지시스템","   2,464,900"
"6023","170153","(주)서흥","   2,464,900"
"6024","120295","백광미디어","   2,464,200"
"6025","203014","주식회사 쓰리에스소프트","   2,464,200"
"6026","610127","한국위성시스템(주)","   2,463,600"
"6027","430113","신우아이앤에스","   2,462,900"
"6029","203427"," 주식회사 이에이엔테크놀로지","   2,462,800"
"6030","320457","주식회사 에스지옵티컬","   2,462,800"
"6028","510280","아세아전기(주)","   2,462,800"
"6031","610449","주식회사 이연통신","   2,462,500"
"6032","311959","큐릭스 주식회사","   2,462,200"
"6033","350283","에스엔지시스템","   2,460,900"
"6034","110985","샬롬엔지니어링(주)","   2,460,100"
"6035","202417","(주)승일전력산업","   2,459,600"
"6036","200569","양우건설(주)","   2,459,500"
"6037","130493","다모정보통신(주)","   2,457,200"
"6039","520119","주식회사 이에스피","   2,456,500"
"6038","610193","(주)제이앤비","   2,456,500"
"6040","430307","(주)에이엔비트","   2,455,300"
"6041","112472","(주)마이크로넷","   2,454,600"
"6042","330009","(주)강원통신","   2,453,800"
"6043","420101","주식회사 유리시스템즈","   2,453,600"
"6044","630376","유한회사 드림씨앤씨","   2,453,100"
"6045","310561","(주)호현시스템","   2,452,900"
"6046","610285","주식회사 파란시스템","   2,452,100"
"6047","610275","주식회사 창현아이티","   2,452,000"
"6048","530235","(주)씨투정보통신","   2,449,700"
"6049","201219","유테크 주식회사","   2,448,300"
"6050","630160","(주)아이티네트웍스","   2,448,200"
"6051","540132","(주)다산통신","   2,447,700"
"6052","350333","주식회사 아키브소프트","   2,447,700"
"6053","540321","(주)조은시스템","   2,446,900"
"6054","312222","주식회사 인프라원","   2,446,700"
"6055","620162","(주)포유엔터스","   2,446,600"
"6056","200147","주식회사 왕산전기","   2,446,400"
"6057","140440","(주)한누리테크","   2,445,800"
"6058","201759","(주)인텍앤컴퍼니","   2,445,200"
"6059","140493","종합무선통신","   2,445,100"
"6061","312666","주식회사 솔라테크","   2,444,700"
"6060","203883","주식회사 티앤티솔루션","   2,444,700"
"6062","550108","(주)티와이씨엔","   2,443,900"
"6063","311916","이앤엠솔루션주식회사","   2,443,800"
"6064","530134","정원전설(주)","   2,443,700"
"6065","111594","허브정보기술(주)(HUBINFOTECH Co.,Ltd.)","   2,443,600"
"6066","203479","주식회사 세인엔에스","   2,443,400"
"6067","640050","(주)신성정보통신","   2,442,900"
"6068","170055","(주)영진","   2,442,700"
"6069","120336","주식회사 중앙이엔티","   2,441,700"
"6070","150249","(주)세인전기정보통신","   2,441,600"
"6071","202808","주식회사 모션시스템즈","   2,440,800"
"6072","130221","창성이엔지 주식회사","   2,440,300"
"6073","410030","다움이앤씨(주)","   2,440,100"
"6074","113349","하나이티에프(주)","   2,440,000"
"6075","120096","(주)서진통신","   2,440,000"
"6076","410239","주식회사 하나보안","   2,439,800"
"6077","550238","주식회사 가가정보","   2,439,400"
"6078","410271","주식회사 하랑정보통신","   2,439,100"
"6079","350192","(주)미디어보성","   2,438,300"
"6080","610206","주식회사 태양소방통신","   2,437,800"
"6081","310488","바인텔레콤(주)","   2,437,700"
"6082","550127","(주)태창씨에스","   2,436,900"
"6083","620337","주식회사 아이엠알","   2,436,600"
"6084","640011","(주)한결이엔씨","   2,435,700"
"6085","530072","주식회사 아이비즈","   2,435,300"
"6086","111625","(주)세계일렉컴","   2,435,100"
"6087","350282","주식회사 경기종합통신","   2,435,000"
"6089","201899","(주)경원","   2,433,400"
"6088","311717","주식회사 코어전기통신","   2,433,400"
"6090","130356","(주)훼미리정보통신","   2,433,200"
"6091","202542","(주)하나씨엔아이","   2,432,200"
"6092","510278","(주)에이넷시스템","   2,431,200"
"6093","201587","(주)써티웨어","   2,430,700"
"6094","311757","한빛통신건설 주식회사","   2,430,300"
"6095","550308","디케이엔에스(주)","   2,430,100"
"6096","530418","주식회사 더원정보","   2,429,500"
"6098","200981","금하개발(주)","   2,429,400"
"6097","550168","(주)대호아이앤티","   2,429,400"
"6099","330121","주식회사 나루정보통신","   2,429,100"
"6100","311542","주식회사 더원정보통신","   2,429,000"
"6101","113177","(주)신우일렉스","   2,428,800"
"6102","430206","(주)삼일이엔씨","   2,428,700"
"6103","350150","(주)명동전기공사","   2,427,800"
"6104","320206","케이에프이(주)","   2,427,500"
"6105","203850","주식회사 소프트원","   2,423,900"
"6106","202060","(주)네오플러스","   2,421,300"
"6107","640067","옴니크래프트 주식회사","   2,421,000"
"6108","130053","주식회사 디씨앤아이","   2,417,800"
"6109","630009","(유)넥스정보통신","   2,416,200"
"6110","430238","(주)모아정보통신","   2,415,900"
"6111","120108","(주)팔팔전기통신소방","   2,415,600"
"6112","310139","(주)텔라이프","   2,415,500"
"6113","620322","주식회사 이즈소프트","   2,414,700"
"6114","420201","(주)인피니티시스템","   2,414,100"
"6115","350389","(주)센서웨이","   2,413,700"
"6116","440004","나로텔레콤(주)","   2,412,700"
"6117","311827","(주)엔제이정보통신","   2,411,900"
"6118","330199","티앤에스정보통신 주식회사","   2,411,800"
"6119","111891","(주)한국공항정보기술","   2,411,700"
"6120","202983","주식회사 연일전력","   2,411,100"
"6121","113107","주식회사 명성전력","   2,410,100"
"6122","550038","(주)삼한전기통신공사","   2,410,100"
"6123","201427","지심전기(주)","   2,408,600"
"6124","311466","(주)씨앤코","   2,408,500"
"6125","311394","(주)준정보통신","   2,408,000"
"6126","203496","주식회사 일광테크","   2,406,900"
"6127","630218","주식회사 베스트정보통신","   2,406,200"
"6128","410156","(주)하나기전","   2,406,000"
"6129","620176","영진이앤지 주식회사","   2,405,800"
"6130","130517","충북통신(주)","   2,404,100"
"6131","420285","샤인엔지니어링 주식회사","   2,404,100"
"6132","201291","(주)허그웰시스템","   2,403,800"
"6133","350151","(주)모아넷","   2,402,900"
"6134","550397","신비텍","   2,402,300"
"6135","312458","주식회사 카지트(CARGIT)","   2,401,500"
"6136","610166","특수AV전자통신","   2,399,800"
"6137","620246","브이산업 주식회사","   2,398,800"
"6139","430179","(주)동일전기이앤지","   2,398,500"
"6138","620296","태창미디어넷 주식회사","   2,398,500"
"6140","202128","(주)신석","   2,397,000"
"6141","140120","한국방송통신(주)","   2,396,200"
"6142","310873","(주)유디피시스","   2,395,700"
"6143","320444","서경하이텍 주식회사","   2,395,400"
"6144","330080","(주)해동전기","   2,394,800"
"6145","420517","주식회사 위즈에스","   2,394,800"
"6146","311878","주식회사 나라정보","   2,394,500"
"6147","140438","주식회사 라인건설","   2,393,800"
"6148","540533","주식회사 이웃","   2,392,900"
"6149","610405","그린씨에스주식회사","   2,392,300"
"6150","140485","(주)하이콤정보시스템","   2,391,800"
"6151","203304","주식회사 연수이앤씨","   2,391,600"
"6152","110743","(주)정우정보통신","   2,390,300"
"6153","111337","온세텔레콤(주)","   2,388,400"
"6154","420051","(주)이음정보통신","   2,388,200"
"6155","350072","(주)성운이엔지","   2,387,600"
"6156","420303","주식회사 케이앤에스아이앤씨","   2,386,700"
"6157","630088","주식회사 유성전기통신","   2,386,200"
"6158","111241","(주)가람씨앤씨","   2,385,900"
"6159","530357","주식회사 유엔이","   2,385,700"
"6160","410397","주식회사 이레아이티","   2,385,500"
"6161","350081","비제이에코텍 주식회사","   2,384,900"
"6162","610444","주식회사 아이엠","   2,384,700"
"6163","610434","주식회사 경민이엔지","   2,384,300"
"6164","350166","(주)하늘영상통신기술","   2,383,700"
"6165","640126","한국에너지종합기술 주식회사","   2,383,600"
"6166","113227","(주)중선아이티씨","   2,382,600"
"6167","201925","유니원아이앤씨(주)","   2,382,500"
"6168","202074","(주)프리네트시스템","   2,381,800"
"6169","510511","엔지엘(주)","   2,381,600"
"6171","350386","주식회사 현성","   2,381,400"
"6170","203031","주식회사 원우이엔지","   2,381,400"
"6172","530453","장원씨앤아이 주식회사","   2,380,000"
"6173","530337","(주)지브이에스","   2,379,900"
"6174","420063","(주)아이티정보통신","   2,379,900"
"6175","203269","리얼타임비쥬얼 주식회사","   2,379,700"
"6176","430093","(주)대영음향정보통신","   2,378,800"
"6177","201746","(주)키미데이타","   2,378,500"
"6178","202352","엘비휴넷(주)","   2,377,000"
"6179","203616","주식회사 하늘빛전기통신","   2,376,900"
"6180","410287","(주)디센트솔루션","   2,376,800"
"6181","111859","정정보통신(주)","   2,376,300"
"6182","530383","(주)대양전기","   2,376,100"
"6183","200704","주식회사 지큐이앤씨 (G.Q.ENC Co., Ltd)","   2,376,000"
"6184","350355","(주)서경에스지씨","   2,375,900"
"6185","630019","(유)청림씨에스","   2,375,400"
"6186","120487","(주)울산전자","   2,375,200"
"6187","510451","(주)하나정보통신","   2,375,000"
"6188","120650","(주)성보시스템","   2,374,800"
"6189","311849","주식회사 대건전설","   2,374,600"
"6190","540276","(주)윈티앤에스","   2,374,500"
"6191","112147","삼매정보통신(주)","   2,373,700"
"6192","530049","주식회사 정우이엔씨","   2,373,200"
"6193","311773","주식회사 테라시스","   2,373,100"
"6194","540088","동명아이티(주)","   2,371,900"
"6195","620158","(주)한미전력","   2,371,400"
"6196","311719","청암엔지니어링","   2,371,300"
"6197","320487","주식회사 황금휘날레","   2,371,000"
"6198","350367","와이넷 주식회사","   2,370,700"
"6199","110680","하나로넷(주)","   2,370,700"
"6200","550106","삼선전기(주)","   2,370,600"
"6201","201840","(주)케이넷","   2,370,600"
"6202","111534","(주)한국데이타통신","   2,370,400"
"6203","112399","(주)진영전기통신","   2,370,400"
"6204","610197","(주)동양화학","   2,370,100"
"6205","203699","주식회사 유니정보","   2,368,800"
"6206","630206","주식회사 에스엠테크","   2,368,000"
"6207","630230","주식회사 한울테크","   2,367,900"
"6208","350203","(주)이컴기술","   2,367,000"
"6209","110562","주식회사 대한전력","   2,366,400"
"6210","111675","동원오비텍(주)","   2,365,500"
"6211","320316","주식회사 세영","   2,365,300"
"6212","203532","청명이엔지 주식회사","   2,365,200"
"6213","203858","대원씨티에스 주식회사","   2,365,100"
"6214","410230","(주)토건","   2,363,100"
"6215","510335","(주)방주전기","   2,362,900"
"6216","520035","울산컴퓨터뱅크","   2,362,700"
"6217","520072","신현대텔레콤(주)","   2,360,000"
"6218","520145","주식회사 이레","   2,359,600"
"6220","150667","로얄무선통신","   2,359,500"
"6219","530299","주식회사 신일이앤씨","   2,359,500"
"6221","311391","(주)넥스쳐컴","   2,359,300"
"6222","510272","마린전자상사","   2,358,700"
"6223","112825","(주)스마트넷테크놀로지","   2,358,200"
"6224","112048","(주)코어넷","   2,357,600"
"6225","140121","빛고을정보통신(주)","   2,356,700"
"6226","201459","(주)타이호인스트","   2,356,100"
"6227","112342","하이파워테크(주)","   2,355,900"
"6228","200800","동아건설산업(주)","   2,355,100"
"6229","111591","신성정보통신 주식회사","   2,354,600"
"6230","202167","주식회사 하이디(HIGHD Co., Ltd)","   2,354,600"
"6231","510636","(주)아이오티솔루션","   2,352,300"
"6232","113089","(주)한걸음정보통신","   2,351,400"
"6233","430186","주식회사 서경씨엔티","   2,350,900"
"6234","530091","동양정보통신","   2,350,400"
"6235","630222","주식회사 에스와이이엔씨","   2,350,300"
"6236","320016","한국음향","   2,350,200"
"6237","310283","(주)엔이에스","   2,348,800"
"6238","140483","주식회사 삼부시스템","   2,348,100"
"6239","130318","선진통신","   2,348,000"
"6240","330216","주식회사 스카이텍","   2,347,900"
"6241","620396","주식회사 더원네트웍스","   2,347,800"
"6242","550282","주식회사 더원시스템","   2,347,600"
"6243","320431","주식회사 기가시스템","   2,347,500"
"6244","350210","(주)아이티이즈넷","   2,347,400"
"6245","110439","델타전자통신","   2,347,200"
"6246","311671","(주)제이투컴퍼니","   2,346,900"
"6247","410246","주식회사 에스에이","   2,346,800"
"6248","540160","(주)씨앤티","   2,346,100"
"6249","540316","주식회사 세진씨엔에이","   2,346,000"
"6250","130159","주식회사 아이원테크","   2,345,100"
"6251","202878","뱅크웨어글로벌 주식회사","   2,344,600"
"6252","113241","대성아이넷(주)","   2,344,500"
"6253","203125","주식회사 아임솔텍","   2,344,200"
"6254","202549","주식회사 태원아이앤씨","   2,344,000"
"6255","150389","주식회사 엠티에스이엔씨","   2,343,700"
"6256","203346","주식회사 브이티더블유(VTW Co.,Ltd)","   2,342,900"
"6257","620190","(주)성원정보통신","   2,342,700"
"6259","610094","주식회사 오투컴퍼니","   2,342,600"
"6258","420158","(주)일호정보통신","   2,342,600"
"6260","111091","우진이앤씨 주식회사","   2,342,400"
"6261","630087","딕스비전(주)","   2,340,500"
"6262","630255","주식회사 태원텍","   2,340,200"
"6263","202901","주식회사 에이쓰리시큐리티","   2,339,800"
"6264","150099","(주)성신통신","   2,339,700"
"6265","410256","주식회사 오성에이치앤비","   2,339,500"
"6266","312246","주식회사 에스엔이엔씨(SNENC Co.,Ltd.)","   2,339,200"
"6267","203548","미래일 주식회사","   2,339,100"
"6268","311193","(주)오픈네트웍시스템","   2,339,000"
"6270","550503","주식회사 이도","   2,338,100"
"6269","320299","(주)아이티코","   2,338,100"
"6271","111817","(주)선인","   2,337,400"
"6272","510731","근영테크","   2,335,600"
"6273","202890","주식회사 근우(KEUNWOO CO.,LTD.)","   2,335,500"
"6275","320188","(주)대동기전","   2,335,100"
"6274","170183","대성정보통신(주)","   2,335,100"
"6276","312180","주식회사 다인콘트롤","   2,334,200"
"6277","320406","주식회사 피케이엘앤에스","   2,334,000"
"6278","540302","주식회사 대경테크","   2,332,900"
"6279","410113","원광이앤지(주)","   2,332,600"
"6280","130149","주식회사 금화전통","   2,332,300"
"6281","120673","주식회사 선운전기통신","   2,331,500"
"6282","203171","주식회사 디지털포캐스트","   2,330,100"
"6283","312210","(주)스위트케이","   2,330,000"
"6284","430059","우리통신","   2,329,700"
"6285","350052","(주)동하통신기술","   2,329,400"
"6286","510257","동부산엘리텍(주)","   2,329,000"
"6287","150427","(주)광명정보통신","   2,328,500"
"6288","410026","예원정보통신(주)","   2,328,300"
"6289","312453","주식회사 계림","   2,327,900"
"6290","420254","기린정보통신(주)","   2,327,000"
"6291","110206","(주)우광","   2,326,500"
"6292","420446","주식회사 이음아이씨티","   2,326,300"
"6293","120253","늘푸른통신","   2,326,100"
"6294","203308","주식회사 테눅스","   2,325,800"
"6295","111664","한국전자통신","   2,325,600"
"6296","520162","은재정보통신","   2,325,100"
"6297","203546","주식회사 아이에이엠(IAM Co., Ltd.)","   2,324,700"
"6298","203979","주식회사 엠브이에스시스템즈","   2,324,600"
"6299","630307","주식회사 마루정보통신","   2,324,400"
"6301","630225","유한회사 번영","   2,324,300"
"6300","620308","주식회사 케이제이씨엔에스","   2,324,300"
"6302","330068","(주)일진이에프씨","   2,323,500"
"6303","200172","(주)팔팔이엔씨","   2,323,400"
"6304","320443","주식회사 세상","   2,322,400"
"6305","350431","세종일렉트릭 주식회사","   2,321,700"
"6306","320458","주식회사 해찬시스템","   2,320,500"
"6307","440002","동천하이테크세종(주)","   2,320,200"
"6308","201891","(주)인디넷","   2,320,100"
"6309","550328","드림에스앤아이","   2,318,600"
"6310","202315","(주)엔지엔테크(NGNTech)","   2,317,400"
"6311","630332","유한회사 새롬정보통신","   2,316,100"
"6312","420433","주식회사 제이앤밸류","   2,316,000"
"6313","630057","(주)에스이","   2,315,900"
"6314","320461","은오아이티","   2,315,500"
"6316","630273","블루텍 유한회사","   2,315,100"
"6315","130496","(주)창승전력","   2,315,100"
"6317","330155","(주)기성산업","   2,314,700"
"6318","201519","(주)씨큐넷","   2,311,800"
"6319","510435","(주)아이티포스","   2,311,400"
"6320","110829","주식회사 인티큐브 (Inticube Co., Ltd.)","   2,309,900"
"6321","510300","(주)포커스정보","   2,309,900"
"6323","201026","새론정보통신","   2,309,600"
"6322","510243","부광통신(주)","   2,309,600"
"6324","202409","(주)상지일렉스","   2,308,900"
"6326","120548","주식회사 대명정보통신","   2,307,600"
"6325","150627","(주)세종정보시스템","   2,307,600"
"6327","200662","(주)노바투스","   2,306,900"
"6328","410198","엠케이정보기술 주식회사","   2,306,700"
"6329","110861","(주)안세기술","   2,306,400"
"6330","530348","파로스 주식회사","   2,306,200"
"6331","440003","태성이엔씨 주식회사","   2,306,200"
"6332","430031","(주)엔케이정보통신","   2,305,500"
"6333","540275","주식회사 예스","   2,304,800"
"6334","530063","(주)울산통신공사","   2,304,500"
"6335","204127","주식회사 넥스트림","   2,304,400"
"6336","311266","씨앤디아이(주)","   2,303,400"
"6337","330028","주식회사 열방이엔지","   2,302,800"
"6338","320451","주식회사 대연이노텍","   2,302,400"
"6339","170003","주식회사 엘씨정보기술","   2,302,200"
"6340","320463","주식회사 트인아이엔티","   2,301,900"
"6341","410155","(주)에이티씨에스","   2,301,900"
"6342","202186","(주)에이시에스","   2,301,300"
"6343","200032","(주)선진솔루션","   2,300,400"
"6344","202134","주식회사 연훈","   2,300,200"
"6345","520018","(주)미래산업","   2,300,000"
"6346","640073","(주)푸른정보기술","   2,299,800"
"6347","550144","(주)원정보통신","   2,299,300"
"6348","202996","주식회사 아이티아이즈","   2,297,700"
"6349","620343","주식회사 금수정보테크","   2,297,600"
"6350","140144","(주)성현정보통신","   2,296,300"
"6352","320382","주식회사 대산파워텍","   2,295,500"
"6351","330150","주식회사 모든하이테크","   2,295,500"
"6353","550321","신영테크","   2,295,200"
"6354","540414","주식회사 엔스텝","   2,295,100"
"6355","201615","주영전자통신 주식회사","   2,294,200"
"6356","150430","(주)삼보통신","   2,293,500"
"6357","180066","주식회사 천우","   2,293,400"
"6358","620376","주식회사 성한이엔지","   2,292,900"
"6359","440005","(주)에스엠엔지니어링","   2,292,000"
"6360","150067","동산통신 주식회사","   2,291,700"
"6361","202610","시엔스 주식회사","   2,290,700"
"6362","610069","하늘데이타통신(주)","   2,290,300"
"6363","520147","주식회사 태성아이오티","   2,290,200"
"6364","140314","(유)삼학무선전자장비","   2,289,600"
"6366","540256","디에치피 주식회사","   2,288,100"
"6365","430094","아라온정보통신(주)","   2,288,100"
"6367","630098","(유)삼보정보통신","   2,287,500"
"6368","350598","주식회사 쓰리에스정보통신","   2,287,500"
"6369","510009","주식회사 해연정보기술","   2,286,700"
"6370","120385","주식회사 다누리이엔씨","   2,286,100"
"6371","540390","(주)성훈통신기술","   2,285,400"
"6372","320115","(주)에스엠티엔씨","   2,285,300"
"6373","350461","주식회사 더블에스아이","   2,284,300"
"6374","203678","비젼네트워크","   2,283,500"
"6375","311603","(주)소울인포테크","   2,283,400"
"6376","201929","(주)퓨처젠","   2,283,300"
"6377","202649","(주)글로비즈","   2,282,600"
"6378","140189","(유)한양테크","   2,282,400"
"6379","640080","주식회사 자람정보기술","   2,282,100"
"6380","550280","주식회사 대우네트웍스","   2,281,900"
"6381","430291","원덤정보통신(주)","   2,281,000"
"6382","420425","KS전기제어","   2,280,500"
"6383","112184","씨엔에스코리아(주)","   2,280,200"
"6384","202947","주식회사 코어시스템즈","   2,279,500"
"6385","420246","잉스정보통신(주)","   2,279,300"
"6386","320417","주식회사 세운정보기술","   2,278,000"
"6387","311722","참빛파워텍 주식회사","   2,276,400"
"6388","203641","주식회사 아이포웨이","   2,276,000"
"6389","350528","주식회사 씨큐아이티(SECUIT Co.,Ltd.)","   2,275,400"
"6390","150380","(주)동광정보통신","   2,274,600"
"6391","520111","주식회사 지니넷","   2,273,400"
"6392","420422","주식회사 핸텍","   2,272,600"
"6393","330103","세영정보통신","   2,272,400"
"6394","620231","(주)유로전력","   2,271,500"
"6395","111349","주식회사 세종정보통신","   2,271,200"
"6396","430259","(주)대건전기","   2,270,700"
"6397","610158","대한시스템 유한회사","   2,270,400"
"6398","530367","라온정보통신","   2,269,600"
"6399","111127","주식회사 세진네트워크","   2,268,100"
"6400","430297","주식회사 이수이엔아이","   2,267,800"
"6401","550479","주식회사 웨더코리아","   2,267,800"
"6402","310157","(주)벽상이앤씨","   2,267,200"
"6403","200279","주식회사 인콤","   2,267,200"
"6404","110355","삼기정보통신","   2,266,200"
"6405","120685","(주)위넥","   2,265,800"
"6406","330295","주식회사 양림테크놀러지","   2,265,500"
"6408","310308","(주)케이디파워","   2,265,300"
"6407","310418","세광건설(주)","   2,265,300"
"6409","540123","(주)은창아이티","   2,262,700"
"6410","140297","주식회사 바로씨앤에스","   2,262,200"
"6411","312328","주식회사 아이플래넷","   2,261,400"
"6412","530281","주식회사 한국","   2,260,900"
"6413","130397","주식회사 라온테크엔지니어링","   2,260,700"
"6414","550405","주식회사 나래씨앤아이","   2,259,300"
"6415","311473","주식회사 루다이엔씨","   2,258,500"
"6416","150331","(주)대상정보","   2,257,400"
"6417","202121","(주)뉴엔네트웍스","   2,257,000"
"6418","540063","주식회사 진승","   2,256,900"
"6419","550490","지.피.에스 데이타넷 주식회사","   2,256,600"
"6421","111034","(주)아이티씨","   2,256,000"
"6420","203253","주식회사 기광전기","   2,256,000"
"6422","312377","주식회사 엔플럭스","   2,255,800"
"6423","120825","(주)남일","   2,255,400"
"6424","202724","(주)코난테크놀로지","   2,255,300"
"6425","530055","유안정보통신(주)","   2,254,800"
"6426","550097","가가정보통신(주)","   2,254,500"
"6427","330285","주식회사 엘이에이치","   2,254,400"
"6428","311258","(주)에스티엔비","   2,252,800"
"6429","201767","(주)엑스파트넷","   2,251,600"
"6430","311410","케비스전자(주)","   2,250,600"
"6431","320355","(주)유비컴","   2,250,200"
"6432","180051","한솔정보통신(주)","   2,250,100"
"6433","140217","서경정보통신","   2,250,100"
"6434","120445","주식회사 이우아이엔씨","   2,249,600"
"6435","550073","(주)대한전설","   2,249,400"
"6437","311687","(주)인앤아웃이앤지","   2,248,400"
"6436","201634","트라이콤텍(주)","   2,248,400"
"6438","312078","주식회사 주원이엔씨","   2,247,100"
"6439","311039","주식회사 두레이앤씨","   2,246,600"
"6440","320341","주식회사 한울티엔씨","   2,246,500"
"6441","630313","유한회사 포머스","   2,244,900"
"6443","312361","주식회사 싱스웰","   2,244,900"
"6442","510081","(주)오토원","   2,244,900"
"6444","120363","신화통신공사","   2,244,700"
"6445","550486","주식회사 아울이앤디","   2,243,700"
"6446","510170","주식회사 수우","   2,243,100"
"6447","350242","코디텍(주)","   2,243,000"
"6448","540432","주식회사 대광","   2,242,900"
"6449","112881","(주)피치테크","   2,241,500"
"6450","311460","(주)지우정보기술","   2,241,200"
"6451","120614","(주)정우통신","   2,241,100"
"6453","130499","주식회사 인컴엔지니어링","   2,240,800"
"6452","311418","(주)아이앤씨테크놀로지","   2,240,800"
"6454","160235","대승정보통신","   2,240,500"
"6455","550179","주식회사 다온지능정보","   2,239,900"
"6456","203469","자인테크놀로지 주식회사","   2,239,900"
"6457","311766","주식회사 태영티에스","   2,239,600"
"6458","330230","케이티정보통신 주식회사","   2,239,400"
"6459","311785","(주)에스엔엘코리아","   2,238,900"
"6460","312302","소프트캠프 주식회사","   2,238,900"
"6461","312368","텔스타 주식회사","   2,238,900"
"6462","430189","인터엠미디어텍","   2,238,600"
"6463","311871","주식회사 정호","   2,238,300"
"6465","520143","주식회사 화인씨앤엠","   2,238,100"
"6464","420097","(주)코어링크","   2,238,100"
"6466","520095","(주)국제산업개발","   2,237,900"
"6467","520021","(주)길리","   2,237,500"
"6468","110941","(주)하이눈정보통신","   2,236,300"
"6470","201245","(주)동화전설","   2,235,700"
"6469","112059","대원에스엔티(주)","   2,235,700"
"6471","530295","(주)진원통신","   2,235,400"
"6472","112118","차일정보통신(주)","   2,235,200"
"6473","530395","합자회사 스타엔지니어링","   2,235,000"
"6474","202471","(주)엑사엔시스","   2,234,900"
"6475","311074","미래통신기술(주)","   2,232,500"
"6476","150485","원테크솔루션 주식회사","   2,232,400"
"6477","310827","(주)온빛텔","   2,232,000"
"6478","111333","주식회사 두전네오시스템","   2,231,700"
"6479","170167","주식회사 해주정보통신","   2,231,600"
"6480","540345","주식회사 영진전기","   2,231,400"
"6481","410216","(주)삼양전자통신","   2,230,300"
"6482","311729","주식회사 바로","   2,230,000"
"6483","311702","신화소방(주)","   2,229,600"
"6484","410181","태양정보통신(주)","   2,229,500"
"6485","140325","(주)다빈치넷","   2,228,100"
"6486","620328","(주)스페이스빌더스","   2,226,300"
"6487","430095","(주)코아콤","   2,226,100"
"6488","150417","대한통신","   2,225,500"
"6489","350468","주식회사 에스와이시스템","   2,225,000"
"6490","312367","두성이앤씨주식회사","   2,225,000"
"6491","610328","주식회사 태라","   2,224,500"
"6492","420190","(주)아레스","   2,223,700"
"6493","150217","주식회사 한림정보","   2,222,700"
"6494","110318","한려정보통신(주)","   2,222,600"
"6495","311647","주식회사 디에스아이씨","   2,222,100"
"6496","200574","주식회사 티머니(Tmoney Co., Ltd.)","   2,221,300"
"6497","150662","(주)플라넷정보통신","   2,219,500"
"6498","510604","맥큐브(주)","   2,219,200"
"6499","203550","주식회사 심플랫폼(Simplatform Co., Ltd.)","   2,219,100"
"6500","203585","주식회사 조이앤비즈","   2,219,100"
"6501","630143","(주)천하정보통신","   2,218,900"
"6502","510208","세명미디어","   2,218,600"
"6504","311695","(주)테라시스","   2,218,100"
"6503","201815","(주)용천전력","   2,218,100"
"6505","550437","주식회사 부경넷","   2,217,400"
"6506","202850","주식회사 시큐레이어","   2,217,300"
"6507","330300","(주)수호시스템","   2,216,800"
"6508","203928","주식회사 가시","   2,215,700"
"6509","310663","주식회사 이동의즐거움","   2,215,400"
"6510","330139","(주)누리넷","   2,214,600"
"6511","320039","주식회사 다온이엔씨","   2,214,200"
"6512","203092","주식회사 하이텍에이브이","   2,214,200"
"6513","120775","(주)세진정보통신","   2,213,300"
"6514","350239","케이엠디지털라인","   2,213,100"
"6515","120008","(주)태광통신","   2,212,300"
"6516","350253","주식회사하이테크비젼","   2,211,700"
"6517","510378","(주)신태양건설","   2,211,500"
"6518","350488","주식회사 상상티엔에스","   2,209,300"
"6519","520152","스피드컴 주식회사","   2,208,900"
"6520","320350","주식회사 인포센","   2,208,600"
"6521","120150","주식회사 와이제이정보기술","   2,208,100"
"6522","630061","(유)산돌","   2,207,900"
"6523","312272","시흥용사촌안흥합성 주식회사","   2,207,500"
"6524","203197","주식회사 두루안","   2,207,100"
"6525","320378","유니스타스 주식회사","   2,206,800"
"6526","120127","주식회사 혜정정보기술","   2,205,800"
"6527","530002","주식회사 가람시스템","   2,204,600"
"6528","113014","주식회사 유니텔정보기술","   2,204,200"
"6529","330170","(주)아이원","   2,201,500"
"6531","203072","기린전자 주식회사","   2,200,300"
"6530","630073","(주)스카이","   2,200,300"
"6532","330087","주식회사 가온","   2,199,800"
"6533","110054","주식회사 큐브프로퍼티서비스","   2,199,600"
"6534","201712","미래아이티 주식회사","   2,199,100"
"6535","310502","주식회사 에스디","   2,198,900"
"6536","201743","(주)대교이앤에스","   2,198,300"
"6537","203680","피나클나인 주식회사 (PINNACLE 9 Co., Ltd.) ","   2,198,200"
"6538","430008","주식회사 세왕","   2,197,900"
"6539","120224","(주)쌍용전설","   2,197,200"
"6540","330327","오성미래기술 주식회사","   2,196,400"
"6541","430198","(주)제이케이씨큐리티","   2,195,100"
"6542","330200","주식회사 케이엠콘트롤","   2,194,500"
"6543","203002","디비시스 주식회사","   2,194,100"
"6544","410281","서우이엔씨(주)","   2,193,700"
"6545","311026","에이스테크(주)","   2,193,300"
"6546","200680","(주)포스코에이앤씨건축사사무소","   2,192,900"
"6547","530401","주식회사 창조전기통신","   2,191,100"
"6548","311358","엔에이치엔인재아이엔씨 주식회사(NHN Injeinc. Corp.)","   2,191,000"
"6549","330257","주식회사 유비플러스","   2,190,600"
"6550","310619","(주)아이필넷","   2,190,500"
"6551","540170","(주)에이치씨","   2,189,500"
"6552","530118","(주)진유통신","   2,188,800"
"6553","630171","개미성전력 주식회사","   2,188,100"
"6554","200933","한전산업개발(주)","   2,187,700"
"6555","112253","주식회사 세화텔링크","   2,187,700"
"6556","620173","(주)비즈정보통신","   2,187,000"
"6557","130324","(주)삼화전기","   2,186,400"
"6558","200492","승리하이텍(주)","   2,185,900"
"6559","200070","남성기전(주)","   2,185,800"
"6560","311909","유솔정보통신 주식회사","   2,185,400"
"6561","110691","보성파워텍(주)","   2,185,200"
"6562","201834","(주)타임게이트","   2,185,100"
"6563","202262","(주)천하정보기술","   2,185,000"
"6564","630355","주식회사 신성솔루션","   2,185,000"
"6565","440021","주식회사 더원이앤씨","   2,184,400"
"6566","311325","주식회사 건인티엔에스","   2,183,600"
"6567","310408","(주)주은코퍼레이션","   2,183,400"
"6568","550092","월드정보통신","   2,182,300"
"6569","410203","주식회사 예강정보통신","   2,182,200"
"6570","350209","메가일렉(주)","   2,182,000"
"6571","410389","선광테크 주식회사","   2,181,900"
"6573","550028","주식회사 라인","   2,181,800"
"6572","530370","다스텍 주식회사","   2,181,800"
"6574","430264","주식회사 이솜","   2,181,700"
"6575","201004","태백정보통신 주식회사","   2,180,700"
"6576","320279","토탈정보통신","   2,180,400"
"6577","410300","주식회사 백석아이씨티","   2,179,700"
"6578","620031","(주)다정한넷","   2,179,600"
"6579","310825","(주)보성공업","   2,179,100"
"6580","540411","아이팜 주식회사(i-farm Co., Ltd.)","   2,179,000"
"6581","610341","주식회사 이현정보","   2,177,900"
"6582","201638","(주)호서텔넷","   2,177,600"
"6583","202006","(주)애니베스트","   2,177,500"
"6584","311283","주식회사 가나안정보통신","   2,177,400"
"6585","203547","에스케이에코엔지니어링 주식회사 (SK ecoengineering Co., Ltd.)","   2,177,000"
"6586","203167","주식회사 듀델코리아","   2,176,600"
"6587","350178","(주)국제미디어","   2,176,200"
"6588","202766","주식회사 인젠트 (Inzent Co., Ltd.)","   2,175,700"
"6589","550386","주식회사 테이크네트웍스","   2,175,400"
"6590","430300","인텍","   2,175,100"
"6591","530332","청우디지털정보통신","   2,175,000"
"6592","420431","주식회사 피엔티시스템","   2,174,900"
"6593","202423","(주)우진미디어테크","   2,174,800"
"6595","310748","(주)아세테크","   2,174,500"
"6594","630059","(주)천성정보통신","   2,174,500"
"6596","111261","(주)신한이엔아이","   2,174,400"
"6597","550422","주식회사 성천정보통신","   2,174,000"
"6598","203916","주식회사 광야","   2,173,400"
"6599","620262","휴테크엘이디 유한회사","   2,172,300"
"6600","510138","(주)씨아이앤씨","   2,171,800"
"6601","201327","(주)케이앤비시스템","   2,171,400"
"6602","200505","주식회사 온누리전기","   2,170,900"
"6603","410398","(주)세종윈","   2,170,200"
"6604","430071","(주)아주아이앤씨","   2,170,000"
"6605","202594","(주)틴들코리아","   2,169,300"
"6606","520006","(주)고려","   2,168,900"
"6607","311105","(주)선광기전","   2,168,300"
"6608","130437","(주)유현정보통신","   2,167,900"
"6609","201457","(주)월드아이","   2,166,700"
"6610","203675","주식회사 노바이앤씨","   2,166,400"
"6611","620189","(주)신화이엔씨","   2,166,300"
"6612","311691","주식회사 세경이엔지","   2,165,700"
"6613","170172","(주)광파통신","   2,165,300"
"6614","201926","(주)경원전력","   2,165,100"
"6615","430065","(주)큰별토탈","   2,165,100"
"6616","110827","태웅미디어(주)","   2,165,000"
"6617","312029","동일테크 주식회사","   2,164,700"
"6618","510126","(주)성림코리아","   2,164,500"
"6619","430010","옥천사무기","   2,164,200"
"6621","311961","트리코스 주식회사","   2,163,500"
"6620","510199","(주)명성하이텍","   2,163,500"
"6622","311234","주식회사 티제이정보통신","   2,162,600"
"6623","350129","현성교통건설 주식회사","   2,162,500"
"6624","170120","동광정보통신(주)","   2,161,800"
"6625","312066","주식회사 케이넷","   2,161,300"
"6626","110197","(주)지디시","   2,160,800"
"6627","530082","(주)비전정보통신","   2,160,700"
"6628","203287","주식회사 리산테크","   2,159,800"
"6629","530131","(주)성창전기","   2,159,600"
"6630","530271","주식회사 에버이엔씨","   2,159,100"
"6631","202303","주식회사 에코파워산업","   2,158,900"
"6632","110384","다임정보통신기술(주)","   2,157,400"
"6633","203545","주식회사 인투정보","   2,156,600"
"6635","120366","대진네트워크 주식회사","   2,153,800"
"6634","203645","대월기전 주식회사","   2,153,800"
"6636","110143","정우이앤씨","   2,153,500"
"6637","540234","에이원정보통신","   2,153,200"
"6638","540294","주식회사 선엠","   2,152,600"
"6639","311562","(주)다경테크","   2,152,400"
"6640","510629","주식회사 감마미디어정보통신","   2,152,100"
"6641","312682","주식회사 디포그","   2,150,400"
"6642","550270","오성정보통신(주)","   2,150,000"
"6643","330204","주식회사 대호","   2,149,900"
"6644","311139","도우디지텍(주)","   2,148,700"
"6645","311987","주식회사 티이엔","   2,147,600"
"6646","550253","대지정보통신(주)","   2,147,500"
"6647","320175","(주)경원씨앤에스","   2,147,300"
"6648","202344","주식회사 창성테크","   2,146,800"
"6650","540007","영주정보통신(주)","   2,146,200"
"6649","170014","(주)승경","   2,146,200"
"6651","630050","(유)옥천정보통신","   2,145,700"
"6652","111470","(주)리트코","   2,144,900"
"6653","111991","주식회사 호반산업","   2,144,700"
"6654","350016","(주)에스제이링크","   2,144,300"
"6656","520074","(주)그린정보통신","   2,144,000"
"6655","202729","네오프랜드(주)","   2,144,000"
"6657","130375","(주)성신이앤씨","   2,143,700"
"6658","610223","주식회사 코말(Komal co.,LTD)","   2,142,800"
"6659","203829","주식회사 지에스디랩(GSDlab Co., Ltd)","   2,142,400"
"6660","320322","주식회사 두루정보통신","   2,141,900"
"6661","202576","(주)오투정보통신","   2,141,600"
"6662","550432","주식회사 금해","   2,141,400"
"6663","112273","(주)승도이엔씨","   2,140,100"
"6664","410309","주식회사 디엘정보통신","   2,139,200"
"6665","112508","단암시스템즈(주)","   2,138,500"
"6666","160174","(유)하나통신","   2,137,600"
"6667","120752","씨존테크","   2,136,600"
"6668","312003","주식회사 진광텔레콤","   2,136,200"
"6669","550362","주식회사 일성정보통신","   2,135,300"
"6670","203300","주식회사 디제이파워","   2,134,600"
"6671","440048","주식회사 케이제이산업","   2,134,100"
"6674","330252","주식회사 대림정보통신","   2,133,700"
"6673","311981","주식회사 투비정보기술","   2,133,700"
"6672","550420","아이티웰 주식회사","   2,133,700"
"6675","120083","세움정보통신 주식회사","   2,132,100"
"6676","201034","(주)이엠피서비스","   2,131,600"
"6677","111902","(주)스마트테크","   2,131,400"
"6678","630132","(유)신도정보통신","   2,129,600"
"6679","310304","(주)티지에스","   2,129,500"
"6680","320449","젊은기술 주식회사","   2,129,400"
"6681","610291","주식회사 마크로텍","   2,129,000"
"6682","130316","동양통신기술 주식회사","   2,128,700"
"6683","160086","주식회사 금명이엔씨","   2,128,500"
"6684","630284","(유)이솜정보통신","   2,126,700"
"6685","430337","주식회사 예인전력","   2,125,200"
"6686","430182","(주)중앙시스템","   2,125,100"
"6687","112791","주식회사 피에스정보","   2,125,000"
"6688","550242","동우전기통신(주)","   2,124,600"
"6689","201032","(주)미르에스디아이","   2,124,400"
"6690","630043","(유)이지정보통신","   2,124,000"
"6692","312290","뉴파워 주식회사","   2,123,300"
"6691","312484","주식회사 디사이드","   2,123,300"
"6693","430153","오성네트웍스","   2,122,700"
"6694","130358","신호전자통신","   2,122,600"
"6695","320183","백상건설(주)(BAEKSANG CONSTRUCTION ","   2,122,100"
"6697","201662","주식회사 투지시스템","   2,122,000"
"6696","120493","아이에스엘정보통신(주)","   2,122,000"
"6698","430320","금강종합건설 주식회사","   2,121,700"
"6699","201890","(주)삼일기업공사","   2,121,200"
"6701","330275","주식회사 동진파워텍","   2,120,700"
"6700","440070","주식회사 아이티써미트","   2,120,700"
"6702","530448","주식회사 이노스벤 (INNOSVEN CO., LTD.)","   2,119,900"
"6703","310631","(주)상지정보시스템","   2,119,100"
"6704","311144","주식회사 신명미디어","   2,118,900"
"6705","410035","(주)새한전기통신공사","   2,118,800"
"6706","150623","고려정보통신공사","   2,118,000"
"6709","110125","삼정정보통신","   2,116,500"
"6708","420426","주식회사 나로정보통신","   2,116,500"
"6707","203366","주식회사 케이넷츠(K-NETZ Co., Ltd.)","   2,116,500"
"6710","312108","주식회사 라온미디어(Laon Media Co., Ltd.)","   2,116,300"
"6711","510183","주식회사 에이치엠아이","   2,115,600"
"6712","510722","주식회사 부일기획","   2,115,300"
"6713","120399","현금전자산업","   2,115,300"
"6714","330360","주식회사 서진아이티씨","   2,115,100"
"6715","530339","대건통신(주)","   2,114,900"
"6716","130180","태양정보통신","   2,113,400"
"6717","520131","주식회사 세기기술","   2,111,600"
"6718","110637","(주)홍진전기","   2,111,300"
"6719","312296","닛시시스템 주식회사","   2,110,600"
"6720","410192","주식회사 지앤아이","   2,110,200"
"6721","113418","(주)태양유니스","   2,110,000"
"6722","550382","주식회사 아이트래픽이엔지","   2,108,900"
"6723","312033","주식회사 네오트래픽","   2,107,900"
"6724","350543","주식회사 임팩트럼","   2,107,500"
"6725","350322","(주)행복의 날개","   2,106,900"
"6726","350320","(주)테로스정보통신","   2,106,000"
"6727","350395","유니테크 주식회사","   2,104,100"
"6728","610290","한길정보통신 주식회사","   2,103,900"
"6729","330356","(주)오성이엔씨","   2,103,800"
"6730","510567","(주)에스엠에스정보통신","   2,103,000"
"6731","140381","(유)원탑정보통신건설","   2,102,600"
"6732","410241","온(ON)","   2,102,200"
"6733","550214","재담","   2,102,100"
"6734","520032","제이씨엔울산중앙방송(주)","   2,102,000"
"6735","202598","(주)티앤아이씨티","   2,101,600"
"6736","420294","주식회사 프레이즈","   2,100,400"
"6737","630212","제이에스엔 주식회사","   2,099,400"
"6738","310166","(주)그레이스정보통신","   2,099,300"
"6739","610477","주식회사 패스테크","   2,098,800"
"6740","550171","알파","   2,098,800"
"6741","110598","한국후지쯔(주)","   2,098,400"
"6742","610368","주식회사 태광통신","   2,096,400"
"6743","120350","(주)케이넷통신기술","   2,095,600"
"6744","320438","주식회사 태승전설","   2,095,500"
"6745","540178","(주)지오씨엔아이","   2,095,100"
"6746","170071","주식회사 태영이엔지","   2,095,000"
"6747","150488","김천정보통신공사","   2,094,400"
"6748","630380","유한회사 이룸엔지니어링","   2,093,800"
"6750","550049","주식회사 아임톡","   2,093,100"
"6749","510449","세빌(주)","   2,093,100"
"6751","201827","(주)에이시스","   2,092,900"
"6752","311992","주식회사 그레이트","   2,091,100"
"6753","510100","심우계전","   2,090,600"
"6754","150224","(주)대구정보","   2,090,000"
"6755","610355","주식회사 팔마정보통신","   2,089,300"
"6758","312216","주식회사 트리즈엠에스","   2,088,900"
"6756","310316","(주)엑스컴정보통신","   2,088,900"
"6757","203677","주식회사 바오밥테크놀로지","   2,088,900"
"6759","203425","주식회사 테라텍","   2,087,900"
"6760","200568","에이브이에스텍(주)","   2,086,700"
"6761","312510","주식회사 엘루다코리아","   2,086,000"
"6762","530396","아이티솔루션주식회사","   2,083,000"
"6763","420438","주식회사 유클리드소프트","   2,082,700"
"6764","330196","주식회사 블루케이","   2,082,400"
"6765","112026","(주)신양","   2,081,700"
"6766","640083","주식회사 남도","   2,081,600"
"6767","510362","진성항해통신","   2,080,900"
"6768","330082","대진정보통신(주)","   2,080,400"
"6769","200353","주식회사 에이피텔","   2,079,800"
"6770","640174","다함테크 ","   2,079,700"
"6771","410091","(주)지원정보통신","   2,079,200"
"6772","610073","하늘기업(주)","   2,078,500"
"6773","201659","(주)한일이앤씨","   2,077,900"
"6774","540004","주식회사 동원사운드","   2,077,600"
"6775","510087","(주)코콤네트워크","   2,077,300"
"6776","550275","(주)쇼우테크","   2,076,800"
"6777","160159","유한회사 경성뱅크","   2,075,900"
"6778","140450","(주)비앤케이아이씨티","   2,075,700"
"6779","201654","지엘에스이(주)","   2,074,200"
"6780","550340","주식회사 대경정보통신 ","   2,074,200"
"6781","510024","토마토전자(주)","   2,073,300"
"6782","440008","주식회사 퀀텀커뮤니케이션","   2,072,800"
"6783","350301","(주)엔택","   2,072,500"
"6784","550145","(주)알컴서비스","   2,072,000"
"6785","420399","주식회사 엠아이티산업","   2,071,400"
"6786","180068","부원전기통신(주)","   2,070,900"
"6787","310762","(주)케이아이정보통신","   2,070,500"
"6788","311526","(주)아와소프트","   2,069,900"
"6789","202771","넥스트라인 주식회사","   2,069,600"
"6790","510658","주식회사 엘로이미디어","   2,068,500"
"6791","550404","조양정보통신","   2,068,000"
"6792","110844","금성텔레콤","   2,066,900"
"6793","620264","주식회사 브레인컨설팅 호남","   2,066,800"
"6794","201480","다온정보통신 주식회사","   2,065,500"
"6795","312385","주식회사 코위","   2,065,400"
"6796","120785","런네트시스템","   2,064,800"
"6797","420432","주식회사 성주통신","   2,063,800"
"6798","540074","한보전설(주)","   2,063,400"
"6799","410105","(주)이노셋","   2,063,200"
"6800","540133","주식회사 케이엠에스정보통신","   2,062,900"
"6801","350248","주식회사 성윤아이앤티","   2,062,800"
"6802","113473","주식회사 아이원이엔씨","   2,062,500"
"6804","530378","(주)에이원넷","   2,062,400"
"6803","350364","비전텔레콤(주)","   2,062,400"
"6805","311515","(주)태경정보통신","   2,062,200"
"6806","150046","(주)명성전력","   2,061,600"
"6807","610357","주식회사 엠케이전력","   2,061,500"
"6808","350484","주식회사 연성정보통신","   2,061,100"
"6809","410297","(주)오라테크","   2,060,000"
"6810","550125","해양전자","   2,059,800"
"6811","540095","그린통신","   2,059,800"
"6812","540341","주식회사 동양정보통신","   2,059,400"
"6813","510704","주식회사 리더캠","   2,059,300"
"6816","610154","주식회사 마루종합전기","   2,058,600"
"6815","610348","주식회사 드림씨엔씨","   2,058,600"
"6814","202501","(주)미디어플랜","   2,058,600"
"6817","201818","(주)피앤디아이앤씨","   2,058,500"
"6819","200264","후지쯔코리아테크놀러지(주)","   2,057,600"
"6818","150306","인터엠옥정","   2,057,600"
"6820","312392","주식회사 이레에스엔씨","   2,055,100"
"6821","520148","주식회사 진솔루션","   2,054,600"
"6822","410377","주식회사 선진이앤씨","   2,054,400"
"6823","420273","주식회사 미르정보기술","   2,053,400"
"6824","120503","주식회사 까뮤이앤씨","   2,053,000"
"6825","620294","사단법인 다솜복지회","   2,052,200"
"6826","150362","(주)한양전자통신","   2,052,100"
"6828","203430","드림마크원 주식회사","   2,051,200"
"6827","120262","해성전화공사","   2,051,200"
"6829","160037","(유)동양정보통신","   2,050,900"
"6830","311998","주식회사 진정보통신","   2,050,700"
"6831","120688","(주)마스타통신","   2,050,700"
"6832","350240","주식회사 신성정보통신","   2,050,200"
"6833","112209","(주)비젼텔레콤","   2,049,800"
"6834","202892","에이비넷 주식회사 (ABnet Co., Ltd.)","   2,049,700"
"6835","550456","주식회사 제일이앤에이","   2,049,300"
"6836","330317","주식회사 원주사무기","   2,047,900"
"6837","530218","가인정보시스템","   2,047,800"
"6838","430265","(주)대우에스티","   2,047,300"
"6839","140253","(유)한일통신","   2,046,900"
"6840","540364","주식회사 현희정보통신","   2,046,400"
"6841","112524","한국아이비엠(주)","   2,046,300"
"6842","311933","주식회사 피플가드","   2,046,200"
"6843","202224","셀코정보기술(주)","   2,045,100"
"6844","620241","우리네트웍스(주)","   2,044,500"
"6845","630333","주식회사 이에스테크","   2,044,100"
"6846","530308","주식회사 로그인","   2,043,400"
"6847","311965","주식회사 지누지앤아이","   2,043,300"
"6848","310618","(주)규보시스템","   2,043,000"
"6849","320258","주식회사 진승전기통신","   2,042,900"
"6850","202376","한솔코에버 주식회사","   2,042,700"
"6851","350143","거인전자시스템","   2,042,300"
"6852","530047","(주)월드정보기술","   2,042,000"
"6853","150619","대원경제","   2,041,400"
"6854","540426","주식회사 엔에스정보시스템","   2,040,800"
"6855","430326","화진정보 주식회사","   2,040,000"
"6856","410193","(주)동원정보통신","   2,039,600"
"6857","630164","(유)누리이엔지","   2,039,500"
"6858","130158","주식회사 포항이앤씨","   2,039,500"
"6859","111983","(주)구남텍","   2,038,300"
"6860","112886","이비인프라(주)","   2,038,200"
"6861","140371","(주)보선","   2,038,000"
"6862","620053","첨단산업","   2,037,400"
"6863","610326","(주)영무토건","   2,036,800"
"6864","201972","(주)젠시스","   2,036,400"
"6865","610179","(주)엘씨케이","   2,036,100"
"6866","203882","유호토건 주식회사","   2,035,800"
"6867","203952","주식회사 벨텍소프트 (Beltechsoft Co.,Ltd.)","   2,035,600"
"6868","510684","주식회사 비에이치통신","   2,034,600"
"6869","311554","(주)아너스코리아","   2,033,600"
"6870","510589","(주)한국시엠알","   2,033,300"
"6871","311197","빌리브마이크론(주)","   2,032,900"
"6872","350546","주식회사 다온통신","   2,032,900"
"6873","540402","주식회사 선양","   2,032,500"
"6874","160121","(유)건창통신","   2,031,600"
"6875","311884","주식회사 범진아이앤씨","   2,030,700"
"6876","111256","주식회사 한결테크","   2,030,600"
"6877","620218","(주)디비테크","   2,029,900"
"6878","311150","에스케이플래닛(주)","   2,029,700"
"6879","202695","주식회사 태성정보통신","   2,028,600"
"6880","312404","주식회사 제이에이치솔루션","   2,028,300"
"6882","630303","유한회사 유엔에스테크","   2,026,500"
"6881","202657","(주)마인드올","   2,026,500"
"6883","112845","제일영상이엔씨","   2,025,800"
"6884","310624","주식회사 진명전기통신","   2,025,200"
"6885","120834","베스트원(주)","   2,025,200"
"6886","201644","(주)후니드","   2,024,900"
"6887","311745","주식회사 뉴탑엔지니어링","   2,022,300"
"6888","550317","광보통신 주식회사","   2,022,200"
"6889","311517","주식회사 솔디아","   2,021,500"
"6890","430087","오뚜기전자통신주식회사","   2,020,900"
"6891","550372","주식회사 부성정보통신","   2,020,800"
"6892","203732","주식회사 페리도트테크 (PeridotTech Co., Ltd)","   2,020,000"
"6893","160137","주식회사 제이엔","   2,019,600"
"6894","510744","주식회사 에이스미디어","   2,019,500"
"6895","112583","승호시스템(주)","   2,019,300"
"6896","550085","조은정보통신","   2,018,200"
"6897","510241","(주)준영통신","   2,017,500"
"6898","510787","주식회사 장인기술단","   2,016,800"
"6899","200337","(주)울트라텔레콤","   2,016,400"
"6900","110810","대한신호(주)","   2,015,100"
"6901","312158","주식회사 알티알 씨스템","   2,014,800"
"6902","140443","(주)네트워크다온","   2,014,700"
"6903","150280","(주)구구이앤씨","   2,012,600"
"6904","510551","(주)미주정보통신","   2,012,200"
"6905","320346","(주)에이펙스이에스씨","   2,012,200"
"6906","112337","주식회사 대윤","   2,011,900"
"6907","620206","(주)에스에스시스템","   2,011,800"
"6908","112726","(주)천일정보통신","   2,011,300"
"6909","312008","일진이앤씨 주식회사","   2,011,100"
"6910","610058","주식회사 운조정보통신","   2,010,800"
"6911","310421","대한통신공사","   2,009,800"
"6912","202078","(주)케이사인","   2,009,700"
"6913","204211","에이스종합관리 주식회사","   2,009,100"
"6914","410285","3tech","   2,008,500"
"6915","140100","광양이엔씨(주)","   2,008,500"
"6916","201717","펜타시스템테크놀러지(주)","   2,007,700"
"6917","201312","주식회사 농협네트웍스","   2,007,500"
"6918","350196","주식회사 다온이엔씨","   2,006,900"
"6919","310836","성진이앤씨(주)","   2,006,800"
"6920","312350","주식회사 알체라","   2,006,100"
"6921","312329","주식회사 프로티앤씨","   2,004,700"
"6922","203898","주식회사 그립 (Grib Co.,Ltd)","   2,003,800"
"6924","530403","주식회사 유비엔","   2,003,400"
"6923","510483","청원전기(주)","   2,003,400"
"6925","320167","(주)아성넷","   2,002,900"
"6926","410115","와이에이치테크","   2,002,700"
"6927","201988","주식회사 에이디코","   2,002,300"
"6928","111272","아함전자","   2,002,300"
"6929","550164","(주)대한전력","   2,001,100"
"6930","120729","부영정보통신","   2,001,000"
"6931","203164","에이비씨네트워크 주식회사","   2,000,800"
"6932","310747","주식회사 더원","   2,000,500"
"6933","312107","주식회사 티알정보시스템","   1,999,500"
"6934","520102","주식회사 유시스","   1,999,100"
"6935","640095","조아 주식회사","   1,998,700"
"6936","430121","(주)유진테크시스템","   1,997,700"
"6937","112683","(주)아이디테크","   1,996,100"
"6938","540142","(주)제이더블유엠","   1,995,500"
"6939","310934","(주)링크텍","   1,995,200"
"6941","310658","동양정보산업(주)","   1,994,700"
"6940","520093","아이에스정보기술(주)","   1,994,700"
"6942","550033","이레정보통신","   1,994,600"
"6943","540197","(주)제이유테크","   1,994,500"
"6944","310156","주식회사 풀빛네트웍","   1,993,500"
"6945","140346","(유)지이씨","   1,993,500"
"6946","620180","주식회사 나래정보통신","   1,992,300"
"6947","630037","(유)세운","   1,991,700"
"6948","330280","제이플러스","   1,991,500"
"6949","540140","동신전기통신","   1,991,200"
"6950","310345","(주)나우테크","   1,991,100"
"6951","130260","티앤케이 주식회사","   1,990,700"
"6952","201831","소리콤(주)","   1,989,700"
"6953","550076","(주)에스앤에이치","   1,988,700"
"6954","430081","(주)인에스","   1,987,300"
"6955","112413","주식회사 삼일네트웍","   1,986,400"
"6956","310613","(주)신성네트워크","   1,986,300"
"6957","410282","주식회사 광명전력","   1,986,100"
"6958","410369","주식회사 도하미디어텍","   1,986,000"
"6959","430103","주식회사 신보산업","   1,985,700"
"6960","350295","이쎌 주식회사","   1,985,400"
"6961","350119","(주)에스제이이엔씨","   1,984,700"
"6962","420329","주식회사 정우시스템","   1,984,200"
"6963","204036","주식회사 에이치인포","   1,983,900"
"6964","110287","(주)엔디에스","   1,983,700"
"6965","410048","아산정보통신(주)","   1,982,600"
"6967","312115","주식회사 세광산업조명","   1,982,100"
"6966","111696","(주)서울정보컴","   1,982,100"
"6968","311345","(주)광명네트워크","   1,981,800"
"6969","310943","(주)인성전기통신","   1,981,500"
"6970","510661","주식회사 한민경테크","   1,981,100"
"6971","203080","주식회사 피엘시스템즈","   1,981,000"
"6973","330096","(주)케이씨엔","   1,980,600"
"6972","330223","케이디음향","   1,980,600"
"6974","311898","주식회사 우광이엔씨","   1,979,500"
"6975","311296","(주)메디전자","   1,979,400"
"6976","420342","주식회사 파란시큐어","   1,979,400"
"6977","550012","(주)가야정보시스템","   1,978,400"
"6978","330238","리미트정보가전","   1,977,500"
"6979","110595","화성전기건설(주)","   1,977,200"
"6980","203124","주식회사 실리콘브릿지(Silicon Bridge, Inc.)","   1,976,700"
"6981","140468","금안미디어텍","   1,976,500"
"6983","620414","주식회사 메타비전","   1,976,300"
"6982","200331","앱솔루트시스템(주)","   1,976,300"
"6984","311860","주식회사 우공시스템","   1,976,200"
"6985","150552","주식회사 동광전기","   1,975,200"
"6987","350475","주식회사 위드시스","   1,974,800"
"6986","620303","주식회사 한길커뮤니티","   1,974,800"
"6988","202138","(주)텍센","   1,974,700"
"6989","312199","주식회사 에스시스템즈","   1,974,500"
"6990","150237","황제전기통신","   1,974,100"
"6991","540431","주식회사 한명정보통신","   1,973,900"
"6992","330030","(유)티엠네트웍스","   1,973,600"
"6993","311619","주식회사 제이에스네트웍스","   1,973,500"
"6994","440006","세종방송통신 주식회사","   1,973,300"
"6995","420394","코스타이엔지 주식회사","   1,973,300"
"6996","311352","(주)대명이앤씨","   1,973,000"
"6997","350392","에스피엘아이에스코리아 주식회사","   1,972,900"
"6998","420144","주식회사 혜성정보통신","   1,972,900"
"6999","420304","주식회사 대연아이앤티","   1,972,800"
"7000","420392","지엔소프트 주식회사","   1,972,600"
"7001","203084","주식회사 유진에스엔티","   1,971,700"
"7002","120323","(합명)흥일통신공업사","   1,971,400"
"7003","430306","대광정보통신","   1,971,100"
"7004","350381","주식회사 성우이엔지","   1,970,800"
"7005","610489","주식회사 씨더블유에이치텍","   1,970,700"
"7006","200311","(주)태양","   1,970,000"
"7007","312504","주식회사 맥스네트워크","   1,969,900"
"7008","610236","예은아이엔시 주식회사","   1,969,800"
"7009","350288","(주)다올아이티에스","   1,969,400"
"7010","610350","강호정보통신 주식회사 ","   1,969,000"
"7011","530236","주식회사 신라시스템","   1,968,600"
"7012","311854","오피전력기술(주)","   1,968,400"
"7013","430270","이령통신","   1,967,800"
"7014","200413","양우종합건설 주식회사(Yang Woo Engineering & Construction Co., Ltd.)","   1,966,500"
"7015","620397","(주)에이티에스인","   1,966,100"
"7016","203535","자이씨앤에이 주식회사 (XI C&A Co., Ltd.)","   1,965,800"
"7018","203563","주식회사 엘엑스","   1,964,100"
"7017","440069","주식회사 씨앤","   1,964,100"
"7019","203013","주식회사 엠엔지이엔티","   1,963,800"
"7020","150222","(주)중앙전설","   1,963,700"
"7021","203224","주식회사 이노시뮬레이션(INNOSIMULATION CO., LTD.)","   1,963,100"
"7022","430271","광명전력(주)","   1,963,000"
"7023","203939","주식회사 코바다","   1,962,600"
"7024","410265","주식회사 뉴비엘","   1,962,300"
"7025","110518","(주)세명테크","   1,961,900"
"7026","320526","엠케이제어시스템","   1,960,300"
"7027","330133","(주)드림정보통신","   1,959,900"
"7028","311441","(주)제이씨정보통신","   1,959,800"
"7029","203814","주식회사 뉴엔브이","   1,959,100"
"7030","200919","(주)진우엠앤씨","   1,958,600"
"7031","111694","(주)삼일통신","   1,958,400"
"7032","113370","(주)에스티","   1,957,700"
"7033","420453","주식회사 엘에스아이","   1,957,400"
"7034","540410","주식회사 태산종합","   1,957,300"
"7035","630312","라이트온 주식회사","   1,957,200"
"7036","130481","(주)제일전력","   1,956,800"
"7038","430275","주식회사 새봄정보통신","   1,956,200"
"7037","111487","한마음통신","   1,956,200"
"7039","112968","(주)씨그테크","   1,956,100"
"7040","130242","상유정보통신","   1,955,700"
"7041","530006","(주)세종통신","   1,954,800"
"7042","330342","주식회사 지일","   1,954,200"
"7043","520031","씨에스정보기술","   1,954,200"
"7044","320497","주식회사 선경기전","   1,953,800"
"7045","550281","주식회사 케이엔","   1,952,700"
"7046","540263","신화ENC","   1,951,900"
"7047","410082","(주)신화네트웍스","   1,951,600"
"7048","112422","태지종합건설(주)","   1,951,300"
"7049","201803","(주)청아정보통신(CHUNGA CO., Ltd.)","   1,951,300"
"7050","130492","(주)극동통신","   1,951,000"
"7052","204003","주식회사 링크앤존","   1,950,100"
"7051","550250","주식회사 디엠","   1,950,100"
"7053","311490","주식회사 디포그시스템","   1,949,800"
"7054","430130","진성네트웍스주식회사","   1,949,700"
"7055","113401","세움전기(주)","   1,948,700"
"7056","150611","(주)광명전기","   1,948,200"
"7057","630134","(주)포올이앤씨","   1,948,000"
"7058","610246","유한회사 유니온","   1,946,800"
"7059","110984","청보엔지니어링 주식회사","   1,946,800"
"7060","520142","주식회사 복산종합전기","   1,946,700"
"7061","430234","주식회사 이엘정보통신","   1,946,400"
"7062","520078","마리타임레디오","   1,945,700"
"7063","310933","(주)다인시스","   1,945,200"
"7064","610339","주식회사 프롬","   1,941,700"
"7065","204146","주식회사 쓰리에이치에스","   1,941,400"
"7066","130167","(주)지엘정보통신","   1,940,900"
"7067","410075","(주)성진","   1,940,800"
"7068","630085","(유)천세","   1,940,600"
"7069","610051","이아이시텍(주)","   1,939,300"
"7070","112869","STX엔진(주)","   1,939,200"
"7071","170135","주식회사 보광","   1,938,100"
"7072","201349","주식회사 삼현정보통신 (株式會社 三玄情報通信)","   1,938,000"
"7073","311580","(주)이현","   1,937,900"
"7074","150300","왕건전기(주)","   1,937,300"
"7075","620060","(주)한솔엔지니어링","   1,937,100"
"7076","420311","주식회사 남양이. 엔. 지","   1,936,300"
"7077","311676","(주)아이티퍼플","   1,935,300"
"7078","610173","(주)나모이엔지","   1,934,400"
"7079","550330","씨에이치천해정보통신(주)","   1,933,200"
"7080","150685","(주)영신전기","   1,933,100"
"7081","201596","(주)비에스파워","   1,933,000"
"7082","520085","(주)서현텔레콤","   1,932,700"
"7083","310055","주식회사 비즈넷정보통신","   1,931,500"
"7084","540373","(주)제이원","   1,931,300"
"7085","330040","원시스템 주식회사","   1,931,300"
"7086","130418","(주)중앙탑","   1,930,800"
"7087","200604","주식회사 대웅전기","   1,930,500"
"7088","311511","씨앤씨아이티(주)","   1,930,100"
"7089","430126","유니정보통신","   1,929,700"
"7090","410145","(주)혜민이엔지","   1,929,500"
"7091","410367","이엔아이","   1,928,000"
"7092","201334","미래시스텍 주식회사","   1,927,700"
"7093","311483","주식회사 소정정보통신","   1,927,700"
"7094","130347","(주)남양전기통신","   1,927,400"
"7096","110873","덕일이앤티(주)","   1,927,100"
"7095","350190","(주)한솔전기통신","   1,927,100"
"7097","150044","경포통신","   1,927,000"
"7098","140377","제타정보기술(주)","   1,925,600"
"7099","111112","청화하이테크 주식회사","   1,924,400"
"7100","550089","유비트정보통신(주)","   1,924,000"
"7101","630223","유한회사 알파고","   1,924,000"
"7103","420079","(주)두전정보통신","   1,923,700"
"7102","203842","주식회사 클라이온 (Claion Co., Ltd.)","   1,923,700"
"7104","510020","(주)온누리넷컴","   1,923,500"
"7105","113361","주식회사 에스엘콤(SL Com. Co.,Ltd)","   1,923,200"
"7106","150296","아카데미정보통신(주)","   1,922,900"
"7107","201038","(주)대영정보통신","   1,922,600"
"7109","530393","(주)더아이엠씨","   1,922,600"
"7108","530125","경북통신","   1,922,600"
"7111","430250","(주)더블유에스네트워크","   1,922,100"
"7110","310417","주식회사 대아전력","   1,922,100"
"7112","620383","주식회사 봉명","   1,921,900"
"7113","530382","주식회사 백두안전공사","   1,921,500"
"7114","113467","(주)유티즌","   1,919,800"
"7115","410219","주식회사 강한전기통신","   1,919,500"
"7116","510434","(주)영의","   1,918,700"
"7119","310200","피벗텍시스템","   1,917,800"
"7118","430096","상인엔지니어링 주식회사","   1,917,800"
"7117","550286","(주)부경아이티씨(BugyeongITC Inc.)","   1,917,800"
"7120","530045","신원전설(주)","   1,916,700"
"7121","112155","동화피에이산업(주)","   1,916,600"
"7122","410381","주식회사 프라임이앤씨","   1,916,000"
"7123","430164","양산전설(주)","   1,914,100"
"7124","204019","레드파인웍스 주식회사","   1,913,800"
"7126","320334","주식회사 두원넷","   1,913,600"
"7125","540231","(주)케이정보","   1,913,600"
"7127","203418","주식회사 그레이프네트웍스","   1,913,400"
"7128","630016","(주)이원","   1,912,700"
"7131","640104","주식회사 제주이앤지","   1,912,000"
"7129","170201","(주)승원네트웍스","   1,912,000"
"7130","550266","(주)누리아이티","   1,912,000"
"7132","111507","우주미디어정보통신(주)","   1,911,900"
"7133","330054","(주)한국알파시스템","   1,911,900"
"7134","640131","주식회사 나인정보통신","   1,910,900"
"7135","140164","주식회사 인터엠테크","   1,910,200"
"7136","540322","(주)룩스정보","   1,910,000"
"7137","530128","(합자)근화기업","   1,909,200"
"7138","112230","주식회사 유현정보통신","   1,909,100"
"7139","202243","시큐솔루션(주)","   1,907,200"
"7140","203790","주식회사 한국에프디엑스네트웍스","   1,907,000"
"7141","111840","코리아정보통신","   1,906,900"
"7142","140074","(주)코맥스넷","   1,906,500"
"7143","540279","(주)화인엠앤에스","   1,906,500"
"7144","410007","주식회사 한국방재기술단","   1,906,400"
"7145","610312","주식회사 한우리정보통신","   1,906,200"
"7146","311712","해광전력(주)","   1,905,700"
"7147","620228","(주)금성이엔씨","   1,905,600"
"7148","111474","삼성이앤에이 주식회사(SAMSUNG E&A CO., LTD.)","   1,905,400"
"7149","202875","주식회사 한성(HANSUNG CO.,  LTD.)","   1,904,500"
"7150","420203","(주)원전사","   1,903,500"
"7151","140425","(주)동일","   1,903,400"
"7152","330198","파워텍 주식회사","   1,903,300"
"7153","420480","주식회사 바스텍","   1,902,900"
"7154","430097","화랑정보통신","   1,902,200"
"7155","120686","(주)대저건설","   1,901,000"
"7156","310110","서울전력 주식회사","   1,900,200"
"7157","610340","연우정보통신 주식회사","   1,899,900"
"7158","510226","(주)네온텍","   1,899,800"
"7159","610304","한국건설 주식회사","   1,899,300"
"7160","410335","주식회사 대산정보통신","   1,899,000"
"7162","201999","(주)올레이어","   1,898,400"
"7161","112475","아미정보통신","   1,898,400"
"7163","203617","주식회사 엘빅스(ELBIGS co.ltd)","   1,898,400"
"7164","550029","(주)장유정보통신","   1,898,200"
"7165","112544","한국씨앤텍 주식회사","   1,897,800"
"7166","540154","(주)건아정보기술","   1,897,000"
"7167","630327","주식회사 더케이(The K Co.,Ltd)","   1,896,500"
"7168","410190","(주)동천아이엔씨","   1,895,900"
"7170","202068","(주)상부사종합건설","   1,895,400"
"7169","150190","대한정보통신 주식회사","   1,895,400"
"7171","312183","주식회사 일신테크","   1,895,000"
"7172","430213","(주)월드아이티시(ITC) ","   1,894,900"
"7173","201399","위즈팩토리(주)","   1,894,800"
"7174","140421","(주)지 아이 티","   1,894,700"
"7175","330202","이노앤텍 주식회사","   1,894,100"
"7176","510457","(주)무진아이앤씨","   1,893,600"
"7177","310736","모루시스템(주)","   1,893,000"
"7178","620349","주식회사 패밀리아","   1,892,700"
"7179","410390","주식회사 청연이엔지","   1,892,400"
"7180","112177","(주)한국스카다","   1,892,300"
"7181","312106","주식회사 엠에스테크","   1,892,200"
"7182","430075","(주)다인","   1,891,700"
"7183","310021","주식회사 대명전설","   1,890,800"
"7184","310590","주식회사 시아정보통신","   1,890,600"
"7185","311520","예성","   1,890,400"
"7186","420519","주식회사 이즈넷 (ISNET Co., Ltd.)","   1,890,400"
"7187","350553","주식회사 엠포더스","   1,890,300"
"7188","311850","주식회사 마테","   1,890,200"
"7189","200938","(주)이스턴네트웍스","   1,890,000"
"7190","204026","주식회사 공신데이타","   1,889,800"
"7191","140079","주식회사 공영통신","   1,889,500"
"7192","550107","부광정보통신","   1,889,100"
"7193","540340","한빛제어","   1,888,900"
"7194","350073","(주)제닉인프라","   1,888,200"
"7195","550143","이수이 주식회사","   1,887,500"
"7196","530278","(주)건대","   1,887,100"
"7197","510255","신아정보통신","   1,887,000"
"7198","202980","제스프로 주식회사","   1,886,400"
"7199","510571","(주)신명정보","   1,885,800"
"7200","203068","주식회사 치우아이티","   1,884,000"
"7201","312434","주식회사 하이브원","   1,883,800"
"7202","202946","시큐리티앤맵 주식회사 (Security&Map Co., Ltd.)","   1,883,600"
"7203","202603","백영전자 주식회사","   1,883,100"
"7204","203330","주식회사 와이비정보시스템","   1,882,100"
"7206","203782","주식회사 지에스넷비전","   1,882,000"
"7205","203997","베스핀글로벌 주식회사 (Bespin Global Inc.)","   1,882,000"
"7207","320298","세이콘(주)","   1,881,500"
"7208","630190","주식회사 거북이정보통신","   1,881,300"
"7209","330053","(합자)우진정보통신","   1,881,200"
"7210","312378","주식회사 해토이엔지","   1,880,800"
"7211","113165","케이웨더(주)","   1,879,600"
"7212","310894","(주)유로시스템","   1,879,500"
"7213","410159","다우정보(주)","   1,879,300"
"7214","110442","태진정보통신(주)","   1,878,300"
"7215","610273","유한회사 빛나는정보통신","   1,878,200"
"7216","120766","우원정보기술(주)","   1,876,700"
"7217","610298","주식회사 멀티스퀘어 (MULTISQUARE)","   1,876,200"
"7218","620194","(주)위즈씨엔아이","   1,875,500"
"7219","110063","대건통신건설(주)","   1,875,300"
"7220","120312","(주)세화정보통신","   1,874,400"
"7221","540286","HP정보통신","   1,874,300"
"7222","203193","주식회사 비상정보통신","   1,873,700"
"7223","202834","알바이오텍 주식회사","   1,873,600"
"7224","430203","주식회사 네오정보기술","   1,873,300"
"7225","130384","(주)현대엔지니어링","   1,872,300"
"7226","311956","한일이앤씨 주식회사 (HANIL E&C CO., LTD.)","   1,870,600"
"7227","550045","지원아이앤씨 주식회사","   1,868,500"
"7228","510229","(주)예스텍","   1,867,900"
"7229","610284","주식회사 다일시스템","   1,867,800"
"7230","540049","주식회사 경산전설","   1,867,600"
"7231","540215","중앙정보통신 주식회사","   1,867,500"
"7232","311415","(주)이림엔지니어링","   1,866,500"
"7233","320208","주식회사 성진에이앤씨","   1,866,100"
"7234","202383","(주)프로에스콤","   1,866,000"
"7235","311514","주식회사 앤트정보통신","   1,865,700"
"7236","320227","킹스엔지니어링(주)","   1,865,400"
"7237","202680","(주)천명시스템","   1,864,400"
"7238","320336","미르정보기술","   1,864,300"
"7239","201339","주식회사 베이넥스","   1,863,900"
"7240","112798","다람정보통신","   1,863,800"
"7241","540301","네트로(주)","   1,863,700"
"7242","630320","주식회사 나우리","   1,863,500"
"7243","203560","성우에이치에스 주식회사","   1,862,200"
"7244","530244","주식회사 대산전기통신","   1,862,000"
"7245","312050","주식회사 에스이씨아이티","   1,861,100"
"7246","520024","(주)엘씨유니택","   1,860,200"
"7247","640117","주식회사 신광네트워크","   1,860,100"
"7248","312088","주식회사 두두","   1,859,500"
"7249","201774","드림라인(주)","   1,858,500"
"7250","140184","대성에프에이(주)","   1,857,900"
"7251","540425","주식회사 아진정보기술","   1,857,100"
"7252","203373","티비엠테크 주식회사","   1,856,800"
"7253","203930","주식회사 우영전력","   1,856,700"
"7254","540161","주식회사 신우전설","   1,856,600"
"7255","310184","승민전자통신","   1,856,100"
"7256","430263","(주)세이정보기술","   1,855,500"
"7257","203972","주식회사 에스앤브이테크 (SNVTECH CO.,LTD)","   1,855,100"
"7258","140001","(주)무등통신","   1,855,000"
"7259","111787","(주)광명텔레콤","   1,854,900"
"7260","540202","(주)우주종합상사","   1,854,400"
"7261","160112","주식회사 이케이","   1,854,400"
"7262","520001","주식회사 동부정보통신","   1,854,300"
"7263","410016","비에스건설(주)","   1,854,100"
"7264","510443","(주)나래솔루션","   1,854,000"
"7265","113248","현대통신공사","   1,853,400"
"7266","330284","주식회사 삼영이티씨산업","   1,852,700"
"7267","203866","주식회사 루트브이","   1,852,600"
"7268","120492","(주)대명통신","   1,852,000"
"7269","350502","(주)모빌리티정보통신","   1,851,900"
"7270","200578","(주)다누아이앤티","   1,851,900"
"7271","510258","우정아이앤씨","   1,851,300"
"7272","170080","대주정보통신","   1,849,600"
"7273","112075","에스케이와이아이앤씨 주식회사","   1,849,000"
"7274","110869","(주)메디오피아테크","   1,849,000"
"7275","630253","주식회사 에이치케이","   1,848,500"
"7276","111681","주식회사 월드미디어","   1,847,400"
"7277","312331","주식회사 해오름이엔에스","   1,847,200"
"7278","610322","주식회사 대승정보","   1,846,100"
"7279","330135","주식회사 제이에스정보통신","   1,845,500"
"7280","202849","주식회사 투씨에스지","   1,845,000"
"7281","120121","(주)은진텔레콤","   1,844,900"
"7282","320213","새한정보통신","   1,844,200"
"7283","630331","엘티메트릭 주식회사","   1,844,100"
"7284","350453","티에스정보통신","   1,842,800"
"7285","320481","주식회사 다원데이터","   1,842,700"
"7286","430190","(주)씨엠3","   1,842,600"
"7287","311118","(주)한국종합기술","   1,842,600"
"7288","130204","(주)태양전기통신","   1,842,100"
"7289","620321","유한회사 디에스정보통신","   1,842,000"
"7290","202545","주식회사 시공이엔씨","   1,841,800"
"7291","610146","가온통신 주식회사","   1,841,700"
"7292","311005","동양씨엔티(주)","   1,841,000"
"7293","120845","지오넷 주식회사","   1,840,000"
"7294","640033","(주)코리아파워","   1,839,800"
"7295","311570","(주)세종네트웍스","   1,839,300"
"7296","320202","엘씨 주식회사","   1,839,200"
"7297","550359","한영전기 주식회사","   1,839,100"
"7298","320161","티오티시스템(주)","   1,838,800"
"7299","510613","(주)진성정보통신","   1,838,400"
"7300","430084","(주)에스웨이","   1,838,300"
"7301","540116","주식회사 보광전기통신","   1,838,200"
"7302","520049","(주)비앤에스","   1,837,300"
"7303","120576","(주)오션컴","   1,837,200"
"7304","430091","(주)해성아이씨티","   1,837,100"
"7305","550511","이수이엔지(주)","   1,836,700"
"7306","620233","주식회사 동인지앤씨","   1,836,600"
"7307","311072","(주)위드유통신","   1,835,300"
"7308","311125","주식회사 뉴포어텍","   1,835,300"
"7309","120022","(주)한성텔레콤","   1,835,000"
"7310","430069","(주)정석정보기술","   1,834,900"
"7311","540439","주식회사 글로벌텍","   1,833,900"
"7312","430188","단양이노앤텍 주식회사","   1,833,300"
"7313","320442","킹프라이스 주식회사","   1,832,400"
"7314","111309","주식회사 명성","   1,831,300"
"7315","430192","유진미디어","   1,831,000"
"7316","120451","두성선박전자(주)","   1,830,900"
"7317","410197","주식회사 원","   1,830,800"
"7318","350442","성용테크 주식회사 ","   1,830,600"
"7319","112394","금성통신건설(주)","   1,829,900"
"7320","350309","아이넷정보통신","   1,829,800"
"7321","630200","노빅 주식회사","   1,829,700"
"7322","150595","주식회사 케이알정보통신","   1,828,900"
"7323","203453","드림디엔엠 주식회사","   1,828,400"
"7324","160131","대주정보산업(주)","   1,828,400"
"7325","630319","주식회사 다온정보기술","   1,828,200"
"7326","630214","주식회사 디딤네트웍","   1,828,000"
"7327","630150","(주)코스코","   1,827,500"
"7328","311561","이맥시스템(주)","   1,827,200"
"7329","320496","주식회사 에이제이씨앤씨","   1,827,100"
"7330","540058","대명텔레콤","   1,827,100"
"7331","410223","(주)케이에스비","   1,827,000"
"7332","330222","(주)금호시스템","   1,826,700"
"7333","610401","성원","   1,826,500"
"7334","350485","주식회사 지오케이","   1,826,400"
"7335","311109","엘에스케이전자통신(주)","   1,826,400"
"7336","330328","주식회사 에이치엘건설","   1,825,900"
"7337","530240","(주)아이링크","   1,825,600"
"7338","110508","(주)신한종합정보통신","   1,825,300"
"7339","203820","주식회사 케어비즈","   1,825,200"
"7340","610365","주식회사 뉴미디어","   1,825,100"
"7341","311578","에스에이치통신","   1,825,000"
"7342","203600","주식회사 오펜하임시스템즈","   1,824,300"
"7343","330227","주식회사 라인","   1,824,100"
"7344","350401","주식회사 가온정보통신","   1,822,500"
"7345","430239","(주)석창통신","   1,821,900"
"7346","170147","국민통신","   1,821,200"
"7347","610377","주식회사 원테크","   1,820,800"
"7349","540462","세한이엔씨 주식회사","   1,820,200"
"7348","510599","주식회사 제이투정보통신","   1,820,200"
"7350","203909","주식회사 칼라","   1,819,600"
"7351","310077","주식회사 세진인포","   1,819,200"
"7352","112338","한성씨앤엔(주)","   1,818,400"
"7353","110171","(주)뉴넷팝","   1,818,200"
"7354","440010","주식회사 스마트이엔씨","   1,818,100"
"7355","201423","(주)라인테크","   1,817,500"
"7356","204250","진진시스템 주식회사","   1,817,100"
"7357","140241","주식회사 운경","   1,816,900"
"7358","420223","(주)에세텔","   1,816,800"
"7359","200632","주식회사 천지정보통신","   1,816,300"
"7360","540383","(주)금호이엔씨","   1,816,100"
"7361","150305","(주)경일정보통신공사","   1,815,900"
"7362","330049","주식회사 한진","   1,815,900"
"7363","110988","금부통신(주)","   1,815,200"
"7364","520118","(주)대준아이씨티","   1,813,800"
"7365","630193","주식회사 지에스","   1,813,200"
"7366","510331","에스디(SD)정보통신","   1,813,200"
"7367","140458","(주)서광텔레콤","   1,813,000"
"7368","120470","삼현네트웍","   1,812,900"
"7369","410163","라온컴","   1,812,800"
"7370","320144","(주)신화전기","   1,812,400"
"7371","312400","주식회사 진성이엔지","   1,812,200"
"7372","111637","신한종합건설(주)","   1,811,700"
"7373","620131","주식회사 블루넷","   1,811,500"
"7374","530114","(주)청구통신","   1,811,200"
"7375","330118","다한지엔에스(주)","   1,811,000"
"7376","550499","주식회사 에이브이팀","   1,810,800"
"7377","202646","주식회사 엠지시스","   1,810,400"
"7378","610454","주식회사 포스코지와이솔루션","   1,809,500"
"7379","410323","주식회사 나은기술","   1,809,000"
"7380","610095","주식회사 정원이알텍","   1,807,600"
"7381","620172","대유통신(주)","   1,807,400"
"7382","540335","보문아이티통신 주식회사","   1,807,200"
"7384","200343","(주)에버비젼","   1,806,600"
"7383","180060","(주)삼양전자통신","   1,806,600"
"7385","203085","주식회사 필라넷","   1,805,300"
"7386","620208","주식회사 천산정보통신","   1,803,100"
"7387","130488","(주)충청라인","   1,802,900"
"7388","610338","주식회사 신광테크","   1,802,700"
"7389","202638","신해공영(주)","   1,802,500"
"7390","350015","주식회사 이에스테크","   1,802,200"
"7391","510754","효한전기 주식회사","   1,801,100"
"7392","620357","(주)티움인프라","   1,800,800"
"7393","550208","주식회사 이지정보기술","   1,800,400"
"7395","120671","선박전자마트","   1,800,200"
"7394","330288","주식회사 에이아이오투오","   1,800,200"
"7396","630316","주식회사 네모","   1,800,000"
"7397","440001","티앤에스(주)","   1,799,600"
"7398","330226","(주)한서","   1,799,300"
"7399","311289","(주)케이엠파워","   1,798,500"
"7400","550139","(주)비에스이엔씨","   1,798,100"
"7401","312310","태현전력 주식회사","   1,797,900"
"7402","530069","세진시스템","   1,797,400"
"7403","630243","주식회사 루트","   1,796,800"
"7404","150385","주식회사 시온정보통신","   1,796,000"
"7406","130065","주식회사 엠제이정보통신","   1,795,500"
"7405","520099","에이치엔이노밸리 주식회사(HN INNOVALLEY Co., Ltd.)","   1,795,500"
"7407","150441","(주)성보전기통신","   1,795,000"
"7408","203665","주식회사 고도기술","   1,793,500"
"7409","630080","주식회사 다온이엔지","   1,793,300"
"7410","112063","주식회사 선명정보통신","   1,793,200"
"7411","520183","다원아이티","   1,792,900"
"7412","610250","유한회사 삼환","   1,791,600"
"7413","170179","주식회사 수성정보통신","   1,791,100"
"7415","350206","(주)한울","   1,790,900"
"7414","550297","튜브솔루션(주)","   1,790,900"
"7416","150016","경원통신","   1,790,100"
"7417","530191","태성씨앤씨(주)","   1,789,900"
"7418","350316","한빛아이티솔루션","   1,787,700"
"7419","150442","(주)동우통신보안","   1,787,500"
"7420","202456","(주)코마","   1,786,800"
"7421","204005","주식회사 인터포스트","   1,786,400"
"7422","200099","주식회사 신도전설","   1,786,300"
"7423","330124","주식회사 믿음이엔지","   1,786,100"
"7424","350186","(주)태영미디어","   1,786,000"
"7425","202543","(주)디지털코리아","   1,785,900"
"7426","350031","수도전기(주)","   1,784,500"
"7427","610317","유한회사 지명정보","   1,783,900"
"7428","420278","(주)원광전기","   1,783,500"
"7429","630086","(주)정석","   1,783,500"
"7430","630281","주식회사 알투","   1,783,300"
"7431","110612","(주)태전사","   1,782,900"
"7432","111276","제우일렉스(주)","   1,782,400"
"7433","150415","(주)태호이앤씨","   1,782,300"
"7434","430245","보국이엔지 주식회사","   1,782,100"
"7435","203573","라이트비전 주식회사(LightVision Inc.)","   1,781,600"
"7436","120197","주식회사 대명기전","   1,781,000"
"7437","540247","엔티시스템 주식회사","   1,780,000"
"7438","610261","주식회사 웨이소프트","   1,779,700"
"7439","112158","(주)보룡건설","   1,779,600"
"7440","110219","(주)상상이엔티","   1,779,500"
"7441","630340","주식회사 아이티존","   1,777,400"
"7442","620078","한림정보통신","   1,776,800"
"7443","202907","주식회사 오에스테크","   1,776,200"
"7444","311893","주식회사 와이앤씨스마트앱스","   1,774,600"
"7445","312309","주식회사 포투샛컴","   1,773,500"
"7446","550368","주식회사 에스유에스","   1,773,200"
"7447","203392","주식회사 이너엔","   1,773,000"
"7448","310011","(주)포앤티","   1,772,300"
"7449","530411","주식회사 에스엠일렉트릭","   1,771,500"
"7450","550133","일성정보통신","   1,771,000"
"7451","120597","주식회사 형제사","   1,770,100"
"7452","312142","주식회사 대민이엔씨","   1,769,900"
"7453","201158","(주)알비에스테크(RBS Tech Co.,Ltd.)","   1,768,900"
"7454","203135","주식회사 진성씨지테크","   1,768,400"
"7455","430281","주식회사 저스트원","   1,768,300"
"7456","630321","주식회사 주섬","   1,767,900"
"7457","203593","주식회사 더시그넷(The Sig-Net Co,. Ltd)","   1,767,500"
"7458","620252","주식회사 지엔아이","   1,767,100"
"7459","203517","주식회사 경우테크(KYUNG WOO TECH)","   1,767,000"
"7460","202756","(주)에스비엠","   1,766,900"
"7461","140106","대한전기통신(주)","   1,766,500"
"7462","410086","제일정보통신(합)","   1,765,700"
"7463","120794","제이정보통신","   1,765,600"
"7464","620382","주식회사 제브라","   1,765,500"
"7465","610389","주식회사 한들","   1,765,100"
"7466","420178","주식회사 송림전기","   1,764,600"
"7467","312196","주식회사 에이치에스피","   1,764,400"
"7468","350281","(주)시티","   1,764,200"
"7469","530327","주식회사 유성네트웍스","   1,764,100"
"7470","550364","주식회사 케이엔에스경남보안","   1,763,800"
"7471","630211","주식회사 하이테크","   1,763,300"
"7472","312123","(주)대한이앤씨","   1,762,500"
"7473","311102","로지시스템(주)","   1,762,100"
"7474","550163","우리아이티에스(주)","   1,762,000"
"7475","420302","주식회사 커뮤","   1,761,900"
"7476","430034","주식회사 범산","   1,761,700"
"7477","203787","주식회사 소와소","   1,760,700"
"7478","311291","주식회사 신세계이앤씨","   1,760,100"
"7479","112346","영진전기통신공사","   1,759,600"
"7480","550512","동방전기 주식회사","   1,759,400"
"7481","550441","주식회사 코아넷","   1,759,100"
"7482","350462","주식회사 모리아정보통신","   1,758,600"
"7483","350215","주식회사 삼일테크닉스","   1,758,500"
"7484","140237","광일테크(주)","   1,757,500"
"7485","203407","주식회사 시큐리티허브","   1,757,200"
"7486","312021","주식회사 라인에스텍","   1,757,100"
"7487","620119","(주)에이원이엔씨","   1,756,300"
"7488","510347","씨엔엔정보통신","   1,755,800"
"7489","550069","(주)하나로네트웍스","   1,754,100"
"7490","111966","(주)씨엔씨네트","   1,753,800"
"7491","320356","주식회사 유림전기통신","   1,753,300"
"7492","110877","뉴텔레콤(주)","   1,752,700"
"7493","330109","(주)동부전력","   1,752,200"
"7495","201599","(주)안국정보통신","   1,751,300"
"7494","140232","남광건설(주)","   1,751,300"
"7496","202678","(주)새누","   1,751,200"
"7497","550464","명진아이씨티 주식회사(MyeongJinICT Corp.)","   1,750,700"
"7498","140288","(주)구일","   1,749,900"
"7499","540329","(주)삼진일렉컴","   1,749,100"
"7500","630408","주식회사 도담솔루션","   1,748,700"
"7502","312096","주식회사 디스엔지니어링","   1,748,500"
"7501","640179","주식회사 세경이엔씨","   1,748,500"
"7504","610232","주식회사 니즈","   1,747,600"
"7503","630278","주식회사 사물네트워크기술","   1,747,600"
"7506","550485","우진네트웍스","   1,747,400"
"7505","150315","케이비정보통신 주식회사","   1,747,400"
"7507","410302","주식회사 혁신아이씨티","   1,746,000"
"7508","640097","주식회사 다우이앤씨","   1,745,300"
"7509","311994","우수테크","   1,744,500"
"7510","630169","주식회사 영일전설","   1,743,600"
"7511","550191","주식회사 가나아이씨티","   1,743,100"
"7512","130508","(주)성산전기통신","   1,743,000"
"7513","610049","주식회사 통인","   1,742,900"
"7514","201889","(주)정원시큐","   1,742,300"
"7515","610335","유한회사 해주","   1,742,000"
"7516","540419","주식회사 나인","   1,741,900"
"7517","130232","주식회사 정우아이티","   1,741,800"
"7518","320196","(주)에이치엠정보기술","   1,741,400"
"7519","310185","주식회사 신화아이티","   1,740,700"
"7520","610366","주식회사 창언정보","   1,738,200"
"7521","311601","(주)알파정보통신","   1,737,800"
"7522","312218","주식회사 트리톤넷(TritonNet Co., Ltd.)","   1,737,400"
"7523","540082","(주)우송전기","   1,737,100"
"7524","550166","(주)태양전기통신","   1,736,600"
"7525","550353","주식회사 스마트에스","   1,736,500"
"7526","130435","(주)미래종합전기통신","   1,735,900"
"7527","200047","비케이전기통신(주)","   1,735,200"
"7528","350043","(주)파워네트웍","   1,735,100"
"7529","610386","주식회사 건우이엔지","   1,733,800"
"7530","640111","(유)다복","   1,733,200"
"7531","420383","(주)제이앤씨시스템 ","   1,732,100"
"7532","420032","한진전자통신(주)","   1,731,500"
"7533","610336","주식회사 원탑","   1,731,300"
"7534","330173","(주)강원브레닉스","   1,731,000"
"7535","430303","하누리광통신","   1,730,400"
"7536","540479","주식회사 테라시큐어","   1,730,300"
"7537","410052","ACRO정보통신","   1,730,100"
"7538","312197","(주)넘버원시큐리티","   1,730,000"
"7539","311361","웨이브넷 주식회사","   1,729,400"
"7540","150077","문경전기정보통신","   1,729,000"
"7541","510716","주식회사 인프라","   1,728,400"
"7542","440028","(주)대명기전","   1,728,100"
"7543","111756","양지전기(주)","   1,727,500"
"7544","320348","케일 주식회사","   1,727,500"
"7545","410308","주식회사 고려산전","   1,726,200"
"7546","510572","코드텍","   1,725,700"
"7547","120447","신정테크","   1,725,600"
"7548","110320","프라미스유 주식회사","   1,724,700"
"7549","202806","국제컨트로닉스 주식회사","   1,723,700"
"7550","550248","(주)일등정보통신","   1,723,000"
"7551","200380","(주)태영에스엔에스","   1,721,800"
"7552","111077","샛별정보통신공사","   1,721,700"
"7553","630146","(주)사삼정보통신","   1,721,600"
"7554","540239","(주)무림지앤아이","   1,721,500"
"7555","320116","노바일렉트로닉(주)","   1,721,300"
"7556","202812","주식회사 아이콘정보통신","   1,721,200"
"7557","330258","주식회사 합성","   1,720,800"
"7558","120823","(주)신원정보통신","   1,720,300"
"7559","311065","(주)글루시스","   1,720,200"
"7560","312028","주식회사 제이엔아이티","   1,720,100"
"7561","330205","주식회사 솔루션엔","   1,719,600"
"7562","320265","주식회사 이엠플러스정보기술","   1,719,400"
"7563","610417","주식회사 비케이","   1,719,200"
"7564","620300","주식회사 상상오","   1,718,100"
"7565","350330","동신정보기술 주식회사","   1,717,600"
"7566","202795","유비라커산업 주식회사","   1,717,500"
"7567","540208","주식회사 동해이엔에스","   1,717,400"
"7568","310869","주식회사 이앤엘엔지니어링","   1,716,900"
"7569","312140","가온테크 주식회사","   1,716,800"
"7570","530368","채비 주식회사","   1,716,600"
"7571","440053","(주)켐트로닉스","   1,716,600"
"7573","610323","주식회사 엑스엠인더스트리즈","   1,716,200"
"7572","350292","에스엠넷 주식회사","   1,716,200"
"7574","320214","더사운드 주식회사","   1,715,900"
"7575","110242","(주)범양이엔씨","   1,715,800"
"7576","320478","주식회사 원시스템(Won system Co.,Ltd.)","   1,715,600"
"7577","550545","광득건설 주식회사","   1,715,300"
"7578","540265","삼영전자통신","   1,714,900"
"7579","120328","남해정보통신(주)","   1,714,700"
"7580","120706","(주)동성","   1,714,600"
"7581","440064","에스시티 주식회사","   1,714,500"
"7582","110071","주식회사 이레이앤씨","   1,714,300"
"7583","430155","(주)알파네트웍스","   1,714,300"
"7584","510418","엘에스지(LSG)정보시스템","   1,714,200"
"7586","330228","(주)신범이엔씨","   1,713,900"
"7585","320357","와이즈정보기술","   1,713,900"
"7587","203256","주식회사 엠넷정보통신","   1,713,700"
"7588","311328","주식회사 제이에스전기통신","   1,713,600"
"7589","540461","주식회사 다온아앤씨","   1,713,500"
"7591","111090","우석전자통신공업","   1,713,400"
"7590","350137","(주)씨큐앤","   1,713,400"
"7592","530059","(주)무건전기통신","   1,713,100"
"7593","610345","주식회사 대성전기","   1,713,000"
"7594","200018","주식회사 문화전력","   1,712,700"
"7595","420449","씨에스테크","   1,712,100"
"7596","610260","주식회사 유이피","   1,711,900"
"7597","320331","주식회사 비스페이스","   1,710,700"
"7598","200538","주식회사 우남이엔지","   1,710,600"
"7599","203405","주식회사 미디어캔(MEDIACAN Co., Ltd.)","   1,710,500"
"7600","640036","(주)송명정보통신","   1,710,100"
"7601","420039","(주)해원이앤지","   1,709,600"
"7602","350409","현대이텔레콤 주식회사","   1,709,100"
"7603","311399","(주)엠알솔루텍","   1,708,900"
"7604","311920","(주)바른정보기술","   1,707,900"
"7605","550088","(주)다음통신기술","   1,707,700"
"7606","630345","주식회사 엘앤디테크 (L&D TECH Co.,Ltd)","   1,706,800"
"7607","202718","(주)에이치애비뉴앤컴퍼니","   1,706,700"
"7608","610255","주식회사 이노테크","   1,706,500"
"7609","160124","(유)성현정보통신","   1,706,200"
"7610","320255","주식회사 한솔정보","   1,705,600"
"7611","130140","(합)한길통신","   1,705,200"
"7612","311414","디에스아이씨티(주)","   1,704,900"
"7613","203610","주식회사 드림전자피에이","   1,704,900"
"7614","420047","상강기술(주)","   1,704,800"
"7615","530422","주식회사 토코스(TOCOS Co.,Ltd.)","   1,704,700"
"7616","540153","명진전기(주)","   1,704,000"
"7617","201592","(주)투비리더스","   1,703,600"
"7618","130048","범양건영(주)","   1,703,500"
"7621","140123","광신콘트롤(주)","   1,703,300"
"7619","310650","(주)메가이엔지","   1,703,300"
"7620","530366","주식회사 케이디미디어","   1,703,300"
"7622","620309","미디어테크","   1,702,900"
"7623","410166","(주)구구전기통신","   1,702,600"
"7624","200775","주식회사 삼현전력","   1,702,000"
"7625","311616","나무기술 주식회사","   1,701,600"
"7626","640105","(주)석광엔지니어링","   1,701,000"
"7627","200650","주식회사 에이치제이","   1,700,900"
"7629","311533","(주)오에스정보통신","   1,700,200"
"7628","112482","주식회사 극동이앤씨","   1,700,200"
"7630","520164","성광정보통신","   1,699,700"
"7631","330218","엠씨이엔지 주식회사","   1,699,600"
"7632","430030","(주)성진","   1,699,500"
"7633","630247","유한회사 평강앤알파","   1,698,500"
"7634","110509","(주)강성티이씨","   1,696,300"
"7635","550300","주식회사 경남씨앤텍","   1,694,900"
"7636","540342","(주)선일일렉콤","   1,694,000"
"7637","202110","주식회사 승호","   1,693,900"
"7638","310764","(주)수인정보통신","   1,693,700"
"7639","312157","주식회사 케이폴시큐리티","   1,693,400"
"7640","510349","주식회사 세화전설","   1,693,000"
"7641","420154","창평통신 주식회사","   1,692,600"
"7642","112749","(주)쓰리컴에스","   1,692,100"
"7643","311128","주식회사 오리온아이(Orion I Co.,Ltd.)","   1,692,000"
"7645","130077","(주)광성통신","   1,692,000"
"7644","203581","주식회사 넥스톤(NEXTONE Co., Ltd.)","   1,692,000"
"7646","350244","(유)우진이엔지","   1,691,700"
"7647","630237","(주)더썬아이에스","   1,691,600"
"7648","330178","주식회사 대원","   1,691,100"
"7649","350527","온누리이앤씨 주식회사","   1,690,400"
"7650","640053","한서정보통신(주)","   1,690,300"
"7651","310136","단일전력(주)","   1,690,200"
"7652","110070","(주)정석","   1,689,600"
"7653","203158","이노인포컴","   1,688,100"
"7654","130240","주식회사 엠아이테크","   1,687,800"
"7655","203673","주식회사 재원정보","   1,687,800"
"7656","160172","한국무선","   1,687,600"
"7657","530374","주식회사 지에스테크","   1,687,200"
"7658","312467","주식회사 목림정보통신","   1,686,500"
"7659","630110","(주)동서엔지니어링","   1,686,100"
"7660","320495","엘정보통신","   1,686,100"
"7661","203514","주식회사 서이시스템","   1,685,600"
"7662","310728","모건인프라 주식회사","   1,685,500"
"7663","330194","주식회사 에스씨엔","   1,685,000"
"7664","530101","(주)동서개발","   1,684,200"
"7665","203840","금창산업개발 주식회사","   1,683,300"
"7666","320370","옹진전력 주식회사","   1,683,200"
"7667","320232","(주)영전이엔씨","   1,683,200"
"7668","120364","주식회사 화인이앤씨","   1,682,800"
"7669","150219","성호통신","   1,682,700"
"7670","310388","대유정보통신(주)","   1,682,000"
"7671","160185","(유)주성이엔씨","   1,681,900"
"7672","430278","주식회사 두리정보","   1,681,700"
"7673","610115","주식회사 포넷","   1,681,500"
"7674","550271","주식회사 에스이엔지","   1,681,500"
"7675","311248","주식회사 위지트에너지","   1,681,200"
"7676","620127","(유)우전","   1,681,100"
"7677","530351","주식회사 원아이티","   1,680,800"
"7678","200036","대웅기전(주)","   1,679,700"
"7679","410325","주식회사 국제정보통신","   1,679,000"
"7680","540325","(주)코러싱(Chorusing Co. Ltd)","   1,678,700"
"7681","420439","주식회사 나인에코","   1,678,600"
"7682","610251","(주)승촌전기통신","   1,676,800"
"7683","510344","유림정보시스템 주식회사","   1,676,600"
"7684","510585","(주)대진정보통신","   1,676,500"
"7685","610155","(유)한빛이엔씨","   1,676,100"
"7686","110412","서현정보통신(주)","   1,675,900"
"7687","610394","(주)엔에스","   1,675,900"
"7688","430159","(주)아이피","   1,675,700"
"7689","350520","주식회사 에스넷","   1,675,600"
"7690","311480","(주)리베고","   1,674,700"
"7691","202391","주식회사 온택","   1,674,700"
"7692","630221","주식회사 나인미디아","   1,673,900"
"7693","150587","(주)대한정보","   1,673,600"
"7694","510400","주식회사 우림이앤씨","   1,673,400"
"7695","610110","(주)태형정보통신","   1,673,100"
"7696","120709","(주)엠텍통신","   1,673,100"
"7697","203812","이지씨엔티 주식회사","   1,671,700"
"7699","320414","주식회사 다올정보통신","   1,671,300"
"7698","203626","주식회사 와일리","   1,671,300"
"7700","330282","주식회사 엔엔티","   1,671,000"
"7701","203714","주식회사 에스피엔텍","   1,670,300"
"7702","510642","(주)티에프시스템","   1,670,100"
"7703","640029","앤에스정보통신","   1,669,800"
"7704","550460","하나통신","   1,669,400"
"7705","180072","한신이엔씨","   1,669,000"
"7706","410228","(주)용봉전기통신","   1,668,800"
"7707","111598","주식회사 서명","   1,668,700"
"7708","610247","유한회사 에이탑","   1,668,200"
"7709","520157","영광전설 주식회사","   1,667,900"
"7710","550217","태흥통신","   1,667,700"
"7711","320448","주식회사 닙스시스템","   1,667,600"
"7712","120260","삼원전기건설(주)","   1,667,000"
"7713","120693","(주)네스아이","   1,666,700"
"7714","200014","(주)콤텍피엔씨","   1,666,500"
"7715","130148","(주)세종파워텍","   1,666,200"
"7716","430328","(주)태진정보","   1,666,100"
"7717","550278","주식회사 폴라리스","   1,664,900"
"7718","112029","한화호텔앤드리조트 주식회사","   1,664,100"
"7719","150259","한국케이블티브이푸른방송(주)","   1,663,900"
"7720","112618","(주)다산지앤지","   1,663,000"
"7721","150675","하나네트워크(주)","   1,662,900"
"7722","200390","한국랜트로비젼(주)","   1,662,400"
"7723","140399","(주)씨엔아이텔레콤","   1,662,300"
"7724","540384","주식회사 에스제이전기","   1,662,200"
"7725","540157","주식회사 대원정보통신","   1,660,900"
"7726","203662","주식회사 스마일로그","   1,660,500"
"7727","330333","주식회사 이앤이(ENE Co.,Ltd)","   1,659,500"
"7728","112513","(주)성근테크","   1,659,400"
"7729","410150","태성네트웍스(주)","   1,658,200"
"7730","140167","주식회사 신일정보통신","   1,657,400"
"7731","610396","건영전기(주)","   1,657,300"
"7732","510673","주식회사 조흥전력공사","   1,657,000"
"7733","112574","대경씨앤에스 주식회사","   1,656,400"
"7734","620016","효진 주식회사","   1,655,900"
"7735","630375","유한회사 이노정보통신기술","   1,655,100"
"7736","111657","(주)금강엔지니어링","   1,654,400"
"7737","311400","(주)태영정보통신","   1,654,200"
"7739","120109","중앙전기통신(합)","   1,653,100"
"7738","420468","다우건설 주식회사","   1,653,100"
"7740","350521","주식회사 세인티(SAINTI Inc.)","   1,652,900"
"7742","440063","주식회사 이도아이티에스","   1,652,400"
"7741","510687","주식회사 지엠티엔지니어링","   1,652,400"
"7743","430011","(주)명원정보통신","   1,651,900"
"7744","130342","주식회사 태화전설","   1,651,800"
"7745","540481","주식회사 그린정보통신","   1,651,400"
"7746","510111","미래정보네트워크","   1,651,300"
"7747","540449","주식회사 다온이엔씨","   1,651,000"
"7748","202244","(주)엠케이시큐리티","   1,650,600"
"7749","620301","케이원","   1,650,000"
"7750","520027","(주)부신전력","   1,649,900"
"7751","350246","주식회사 디앤에스","   1,649,700"
"7752","510282","(주)세종이엔지","   1,649,600"
"7753","540134","(주)덕송통신","   1,649,200"
"7754","620042","영재전기(주)","   1,649,000"
"7755","630224","주식회사 본테크 ","   1,648,800"
"7756","111806","(주)동진일렉콤","   1,648,500"
"7758","202112","주식회사 가산이앤씨","   1,648,400"
"7757","350526","월드정보통신","   1,648,400"
"7759","510168","야베스텍(주)","   1,646,800"
"7760","420263","주식회사 대양이엔씨","   1,645,800"
"7762","330165","오륜전기통신 주식회사","   1,645,600"
"7761","310027","주식회사 엠앤제이테크","   1,645,600"
"7763","350115","미래정보통신","   1,645,400"
"7764","620261","정보시스템 주식회사","   1,644,700"
"7765","170033","주식회사 프라임이앤씨","   1,644,400"
"7766","330042","(합자)한진통신","   1,643,800"
"7767","201580","(주)제이엔비인포텍","   1,642,500"
"7768","150481","주식회사 인정이엔씨","   1,641,900"
"7769","610100","주식회사 모아","   1,641,500"
"7770","320538","주식회사 제이엘테크놀로지","   1,641,100"
"7771","540182","주식회사 쓰리디비엠","   1,641,100"
"7772","350532","제이씨와이 주식회사","   1,640,800"
"7773","620175","거산전설 주식회사","   1,640,300"
"7774","150376","중앙정보통신","   1,640,100"
"7775","630194","유한회사 스마트코리아","   1,639,800"
"7777","610160","(유)은혜전기","   1,639,000"
"7776","120246","태양정보통신","   1,639,000"
"7778","440059","주식회사 시큐어이즈","   1,639,000"
"7779","202705","주식회사 그린전기","   1,638,700"
"7780","640043","태영전자(주)","   1,638,000"
"7781","630251","한민산업 주식회사","   1,636,900"
"7782","350494","(주)에프엠","   1,636,500"
"7783","410172","(주)두원","   1,636,400"
"7784","620225","태화통신(주)","   1,636,000"
"7785","320288","(주)대평전기","   1,635,300"
"7786","620052","(주)천운정보통신","   1,635,200"
"7787","201018","(주)유니디아","   1,633,800"
"7788","350459","태호전기통신 주식회사","   1,632,600"
"7789","312303","해랑정보기술(주)","   1,632,100"
"7790","610303","주식회사 엠에스엘테크놀로지","   1,632,000"
"7791","200898","우영메카(주)","   1,631,000"
"7792","203438","주식회사 이츠유(IT's u)","   1,630,800"
"7793","150129","제일기업","   1,630,500"
"7794","150668","(주)평화","   1,630,300"
"7795","200709","(주)나사씨엔에스","   1,630,000"
"7796","520098","(주)제이비","   1,629,900"
"7797","312150","선백송전기 주식회사","   1,629,800"
"7798","202267","(주)디앤아이시스템","   1,629,700"
"7799","150357","국민정보통신","   1,629,600"
"7800","350501","주식회사 신성이에스","   1,629,600"
"7802","350347","주식회사 에스에이치정보기술","   1,629,300"
"7801","311752","주식회사 티제이솔루션","   1,629,300"
"7804","420484","주식회사 대박종합시스템","   1,628,700"
"7803","610119","(주)빛을꿈꾸는사람들","   1,628,700"
"7806","630027","(유)건양정보통신","   1,628,600"
"7805","420188","(주)시티음향통신","   1,628,600"
"7807","530354","한스미디어","   1,627,600"
"7808","320313","신광전기 주식회사","   1,627,400"
"7809","620221","주식회사 유투","   1,627,300"
"7810","311082","(주)문연전기","   1,626,700"
"7811","620352","(주)휴넷가이아","   1,626,700"
"7812","320386","주식회사 삼우에스비","   1,625,600"
"7813","120299","주식회사 디에이치","   1,623,900"
"7814","140475","(주)정담통신","   1,623,900"
"7815","202952","주식회사 나이스포유","   1,623,600"
"7816","120004","세기정보통신","   1,623,600"
"7817","550373","주식회사 씨앤시스","   1,622,500"
"7818","530170","(주)에스콤테크","   1,622,300"
"7819","330134","부성통신","   1,622,100"
"7820","201870","(주)에이케이지씨","   1,621,800"
"7821","150356","동양이앤씨","   1,621,600"
"7822","430268","주식회사 씨앤에스미디어","   1,620,500"
"7823","110298","삼부토건(주)","   1,619,700"
"7824","410063","(주)비케이정보통신","   1,619,600"
"7825","550352","주식회사 엠에스전기정보통신","   1,618,000"
"7826","112987","영우정보통신","   1,617,700"
"7827","620183","(주)청우개발","   1,617,600"
"7828","320308","주식회사 아이탑이엔지","   1,617,400"
"7829","203924","주식회사 이더넷","   1,616,700"
"7830","311642","주식회사 주빅스","   1,616,500"
"7831","640118","미성시스템 주식회사","   1,615,900"
"7832","150531","대동통신","   1,615,800"
"7833","540349","동아전자","   1,615,200"
"7834","440055","다경아이씨티 주식회사","   1,614,800"
"7835","312332","주식회사 퀀텀","   1,613,700"
"7836","630305","주식회사 디제이엔지니어링","   1,613,300"
"7838","420313","주식회사 승리정보통신","   1,613,200"
"7837","350275","주식회사 아이티엠에스","   1,613,200"
"7839","410354","주식회사 경민","   1,612,400"
"7840","430146","(주)서원정보통신","   1,612,200"
"7841","110004","한국하니웰(주)","   1,612,100"
"7842","540146","(주)신성이엔아이","   1,611,600"
"7843","640138","주식회사 지오앤에스","   1,610,500"
"7845","630108","주식회사 대한전공","   1,610,100"
"7844","330158","주식회사 천지","   1,610,100"
"7846","640023","주식회사 이투지 (E2Z Co., Ltd.)","   1,610,000"
"7847","203415","송암산업 주식회사","   1,609,900"
"7848","111673","금양산업","   1,609,700"
"7849","120273","건길통신 주식회사","   1,608,500"
"7850","120462","오성씨앤아이 주식회사","   1,608,500"
"7852","150279","금강정보통신(주)","   1,608,400"
"7851","410208","주식회사 엠케이이앤씨","   1,608,400"
"7853","550122","(주)포토비젼제일","   1,608,400"
"7854","120506","하나종합통신","   1,607,800"
"7855","430070","(주)상원테크","   1,607,500"
"7856","610324","신정일통신","   1,607,100"
"7857","202387","주식회사 아성엠","   1,606,800"
"7858","550215","정원씨앤아이","   1,606,600"
"7859","330273","(주)큐센텍","   1,606,300"
"7860","410164","주식회사 동부전기","   1,606,200"
"7861","410081","(주)그린산전","   1,605,700"
"7862","640103","주식회사 태산정보통신","   1,605,200"
"7863","550235","이성정보통신 주식회사","   1,605,100"
"7864","410264","(주)신우정보통신","   1,604,900"
"7865","202787","주식회사 대원전력","   1,604,800"
"7866","540311","대신네트웍스(주)","   1,604,700"
"7867","111169","(주)웅비정보통신","   1,603,400"
"7868","204161","주식회사 웨스컴(WESSCOM Co., Ltd.)","   1,602,800"
"7870","630249","주식회사 리더킹","   1,602,500"
"7869","510041","주식회사 영주정보통신","   1,602,500"
"7871","430251","(주)세명이앤씨","   1,602,400"
"7872","610012","대불통신","   1,602,100"
"7873","112778","현대통신기술","   1,600,800"
"7874","202086","(주)디에스티인터내셔날","   1,600,600"
"7875","620277","주식회사 시그널","   1,599,800"
"7876","410213","(주)에스엘정보통신","   1,599,600"
"7877","310410","세진텔레시스(주)","   1,599,000"
"7878","202673","주식회사 금강전설","   1,598,500"
"7879","350334","주식회사 이지테크","   1,598,400"
"7880","204273","시큐어하이텍 주식회사","   1,597,900"
"7881","640069","(주)세종기업","   1,597,700"
"7883","540278","하나정보통신","   1,597,300"
"7882","130262","주식회사 태광정보통신","   1,597,300"
"7884","610378","유한회사 엘에스시스템즈","   1,596,100"
"7885","310245","(주)플러스원정보통신","   1,594,700"
"7886","640154","주식회사 모아","   1,593,600"
"7887","203961","주식회사 티오피아이앤씨","   1,593,500"
"7888","200647","유프로시스(주)","   1,593,500"
"7890","320067","(주)인호이엔지","   1,593,400"
"7889","203905","주식회사 지티알 (GTR Inc.)","   1,593,400"
"7891","311403","주식회사 성연아이앤씨","   1,592,900"
"7892","510647","주식회사 신세계아이씨티","   1,591,700"
"7893","311864","주식회사 가온정보통신","   1,591,600"
"7894","330067","(주)보배이에스씨","   1,590,500"
"7895","202930","주식회사 대연씨앤아이","   1,590,200"
"7896","410135","(주)포인정보기술","   1,589,600"
"7897","620313","국제전자시스템 주식회사","   1,589,000"
"7898","610170","(주)태화전기","   1,589,000"
"7899","120261","기대전기통신(주)","   1,588,900"
"7900","311164","(주)한성엔지니어링","   1,588,700"
"7901","510366","한울정보시스템","   1,588,000"
"7903","311934","주식회사 키움","   1,587,400"
"7902","202800","주식회사 영도시큐리티","   1,587,400"
"7904","420181","한빛이디에스(주)","   1,587,100"
"7905","203041","주식회사 심시스글로벌","   1,587,000"
"7906","520116","주식회사 대전전기기술","   1,586,400"
"7907","320515","주식회사 다온플러스","   1,585,600"
"7908","111164","주식회사 대경통신","   1,585,200"
"7909","150262","주식회사 태림정보통신","   1,584,500"
"7910","311285","(주)아주건설","   1,584,400"
"7911","620075","태건(주)","   1,583,600"
"7912","311611","주식회사 원영아이앤씨","   1,583,300"
"7913","330323","주식회사 기가테크놀러지","   1,581,900"
"7914","130057","남양이엔씨(주)","   1,581,000"
"7915","630075","주식회사 주왕산업","   1,581,000"
"7916","120457","광진통신(주)","   1,579,500"
"7917","200426","주식회사 대현정보통신","   1,578,700"
"7918","203500","에이치티액세스 주식회사","   1,578,500"
"7919","640096","주식회사 상명엔지니어링","   1,578,100"
"7920","520185","주식회사 선명아이씨티","   1,578,100"
"7921","350350","(주)시테크코리아","   1,577,100"
"7922","350200","주식회사 대산","   1,576,900"
"7923","311761","케이디네트웍스","   1,576,700"
"7924","510525","(주)세이브텔레콤","   1,576,600"
"7925","203137","비젼텔레콤","   1,576,500"
"7927","640037","(주)엘지정보기술","   1,575,700"
"7926","311895","주식회사 다온시스템","   1,575,700"
"7928","201792","주식회사 건영정보기술","   1,575,300"
"7929","320165","(주)한국코스모","   1,574,900"
"7930","630265","유한회사 미래정보통신","   1,574,400"
"7931","310179","(주)보고넷","   1,573,300"
"7933","510748","주식회사 힘네트워크(HIM NETWORK Co., Ltd.)","   1,572,300"
"7932","204059","주식회사 해피링크","   1,572,300"
"7934","113216","주식회사 씨제이전력","   1,572,200"
"7935","530349","주식회사 수성아이텍","   1,571,600"
"7936","540232","우리정보통신(주)","   1,571,500"
"7937","410268","(주)케이피에스","   1,571,200"
"7938","130011","광정보통신","   1,571,000"
"7939","440058","디에스에스아이 주식회사","   1,570,800"
"7940","201506","(주)코리아퍼스텍","   1,570,500"
"7941","410298","주식회사 대한이엔지","   1,570,400"
"7942","510463","(주)세정테크","   1,570,100"
"7943","200963","(주)베스트케이에스","   1,568,600"
"7944","140198","(주)호남정보통신","   1,568,500"
"7945","202917","주식회사 다온앤","   1,568,500"
"7948","312224","주식회사 넥스텝(NEXTEP Co.,Ltd.)","   1,568,400"
"7946","320031","(주)인우이앤지","   1,568,400"
"7947","530388","삼익상사","   1,568,400"
"7949","540190","봉화정보통신(주)","   1,568,300"
"7951","150307","(주)태인이엔지","   1,568,200"
"7950","440026","나래아이시티 주식회사","   1,568,200"
"7952","150652","대경아이티","   1,568,100"
"7953","312297","주식회사 에프아이시스템","   1,568,000"
"7954","203974","주식회사 에스디아이씨티 (SDICT Co., Ltd.)","   1,567,900"
"7955","170108","진성정보통신 주식회사","   1,567,400"
"7956","203416","주식회사 원이앤에스","   1,567,300"
"7957","540401","주식회사 달빛테크","   1,566,900"
"7958","420369","주식회사 테크인","   1,565,500"
"7959","640101","주식회사 유영","   1,565,400"
"7960","202565","(주)성림전설","   1,565,300"
"7961","312042","에이원 주식회사","   1,564,700"
"7962","130367","대한통신(주)","   1,564,500"
"7963","530229","주식회사 래경 (來炅)","   1,564,100"
"7964","420268","주식회사 아이디","   1,563,900"
"7965","630351","주식회사 진환정보통신","   1,563,500"
"7966","350042","(주)휴먼앤드","   1,563,400"
"7967","510477","엘티삼보 주식회사","   1,563,100"
"7968","312214","주식회사 영우건설","   1,562,000"
"7969","311891","(주)담인","   1,561,600"
"7970","203186","주식회사 에버그린티앤씨","   1,561,300"
"7971","610430","주식회사 세정","   1,561,200"
"7972","410060","주식회사 가엘비젼","   1,560,700"
"7973","350505","주식회사 티엘엑스","   1,560,500"
"7975","610384","주식회사 제이넷","   1,560,400"
"7974","112051","알폰스테크(주)","   1,560,400"
"7976","203602","솔라윈시스템 주식회사","   1,560,200"
"7977","430106","(주)에스제이네트웍스","   1,560,000"
"7978","202176","바른인포테크(주)","   1,559,200"
"7980","420026","주식회사 재현산업","   1,558,700"
"7979","111040","신용전기통신(주)","   1,558,700"
"7981","350539","에스지건설전기 주식회사","   1,558,600"
"7982","311873","LG대양정보통신","   1,557,400"
"7983","110999","주식회사 그린텔","   1,557,000"
"7984","110836","영일정보통신(주)","   1,556,400"
"7986","530225","(주)광림","   1,555,800"
"7985","111041","(주)희망정보통신","   1,555,800"
"7987","110383","(주)대호엔지니어링","   1,555,600"
"7988","410012","(주)천우","   1,555,400"
"7989","202364","중앙씨앤티(주)","   1,553,700"
"7990","310022","(주)인터컴","   1,552,800"
"7991","610420","주식회사 아라","   1,552,600"
"7992","550183","세진정보통신","   1,552,200"
"7993","510324","(주)비에스","   1,551,600"
"7994","420507","대보디엑스 주식회사","   1,551,500"
"7995","530438","(주)제이피에스","   1,551,200"
"7996","630069","(주)디지털뱅크","   1,550,000"
"7997","350184","뉴테크정보통신주식회사","   1,549,900"
"7998","630076","(주)해밀","   1,548,500"
"7999","203773","주식회사 비트네이션","   1,547,900"
"8000","640177","제이아이엔시스템 주식회사","   1,547,900"
"8001","310698","(주)동방통신","   1,546,800"
"8002","120198","(주)광명일렉","   1,546,300"
"8003","140502","영신정보통신","   1,545,200"
"8004","540258","정우통신","   1,545,000"
"8005","203841","주식회사 씨엠지","   1,544,000"
"8006","310244","파스코(주)","   1,543,700"
"8007","203190","주식회사 엠엠씨정보통신","   1,543,100"
"8008","150516","대건정보통신","   1,542,800"
"8011","550265","주식회사 대신전력","   1,541,700"
"8009","120349","(주)은성정보통신","   1,541,700"
"8010","630030","그린미디어","   1,541,700"
"8013","620239","(주)지승전력","   1,540,000"
"8012","410123","(주)초아","   1,540,000"
"8014","120636","(주)환영통신","   1,539,700"
"8015","330210","주식회사 정한","   1,539,500"
"8017","620404","에스엠이엔티 주식회사","   1,539,400"
"8016","320488","주식회사 용성아이씨티","   1,539,400"
"8018","610037","(주)유닉스","   1,538,900"
"8019","540377","주식회사 조이","   1,538,500"
"8020","420476","알파네트웍스","   1,538,200"
"8021","620408","성호아이티 주식회사","   1,537,900"
"8022","420330","주식회사 아이서티","   1,537,800"
"8023","510077","(주)세종통신","   1,537,800"
"8024","312086","엘투이 주식회사","   1,537,100"
"8025","640155","굿짝(Good Jjack)정보통신","   1,537,000"
"8026","320392","주식회사 미래정보","   1,536,600"
"8027","110768","(주)세종하이테크","   1,536,100"
"8028","410221","(주)엠택","   1,535,600"
"8031","410043","주식회사 서울","   1,534,900"
"8029","312362","맹가노니시스템","   1,534,900"
"8030","200259","한경기전(주)","   1,534,900"
"8033","200648","(주)하이파킹","   1,534,700"
"8032","410277","(주)디에스씨","   1,534,700"
"8034","550345","주식회사 만성전기공사","   1,534,200"
"8035","150095","홍성기업사","   1,533,600"
"8036","540417","에스엠테크 주식회사","   1,533,400"
"8037","540315","주식회사 케이탑테크","   1,533,000"
"8038","420410","(주)엔알","   1,533,000"
"8039","311657","진훈전기정보통신","   1,532,800"
"8041","120526","용화전기(주)","   1,532,500"
"8040","540346","주식회사 일신정보통신","   1,532,500"
"8042","620265","주식회사 제이앤피정보통신","   1,532,200"
"8043","311215","주식회사 해솔피앤씨","   1,532,000"
"8044","510597","(주)정호텍코리아","   1,531,900"
"8045","540348","일신이앤지","   1,531,800"
"8046","350062","(주)이명전기","   1,531,500"
"8048","520133","진화이엔씨주식회사","   1,531,400"
"8047","540168","(주)아이티에스","   1,531,400"
"8049","540257","제이에스(JS)정보","   1,531,100"
"8050","350449","주식회사 유티넷","   1,530,500"
"8051","311945","이안아이티(주)","   1,530,300"
"8052","410412","주식회사 소룩스","   1,529,700"
"8053","170160","브라보정보통신(주)","   1,529,600"
"8054","550343","진선테크","   1,529,600"
"8055","610092","(주)보성전력","   1,529,300"
"8056","130045","(주)대명통신","   1,529,100"
"8057","203879","주식회사 알티에스정보기술","   1,528,600"
"8058","203414","주식회사 에이치티엠","   1,528,600"
"8059","410350","주식회사 혜승기술연구소","   1,527,500"
"8060","420513","주식회사 제이케이네트워크","   1,527,400"
"8061","540250","(주)북경","   1,527,300"
"8062","202434","블루넷테크놀러지(주)","   1,527,200"
"8063","540198","(주)대경이엠씨","   1,527,100"
"8064","430240","(주)스마트캠","   1,527,100"
"8065","112041","대명건설 주식회사","   1,526,800"
"8066","180081","(주)에이에스정보통신","   1,526,700"
"8067","203920","주식회사 재연이엔씨","   1,526,400"
"8068","320263","이지아이테크(주)","   1,525,700"
"8069","310600","(주)디비엔","   1,525,200"
"8070","120387","대양전자공업사","   1,524,800"
"8071","312154","주식회사 이오스원","   1,524,400"
"8072","430026","이상통신","   1,523,700"
"8073","630170","주식회사 한성정보통신","   1,523,500"
"8076","530322","주식회사 시스윌","   1,523,200"
"8074","410084","주식회사 세이소프트","   1,523,200"
"8075","430267","주식회사 브렌티","   1,523,200"
"8077","120598","데이타콤","   1,522,600"
"8078","330232","주식회사 제이투","   1,522,500"
"8079","312525","헤브런 주식회사","   1,522,500"
"8081","203873","영진정보통신","   1,522,400"
"8080","610059","주식회사 에스에이이앤씨","   1,522,400"
"8082","610064","주식회사 씨에스홀딩스","   1,522,200"
"8083","200580","주식회사 제이티이앤씨","   1,521,700"
"8084","110328","주식회사 선우이엔씨","   1,521,600"
"8085","620149","에스케이씨앤에스(주)","   1,521,500"
"8086","410083","(주)타키온","   1,521,400"
"8087","550396","주식회사 엔이앤씨","   1,521,400"
"8088","510201","(주)태산엔지니어링 건축사사무소","   1,521,300"
"8089","350086","(사회복지법인)홍애원","   1,520,700"
"8090","130313","(주)삼성정보통신","   1,520,200"
"8091","320489","주식회사 미르아이티","   1,519,700"
"8092","530350","주식회사 아리텔","   1,519,000"
"8093","410128","에스아이시(SIC)정보통신인켈피에이(PA)","   1,518,500"
"8094","312419","주식회사 제이에이치엠","   1,518,300"
"8095","150088","(주)우방","   1,518,000"
"8096","120078","(주)두레통신기술","   1,517,300"
"8097","130459","주식회사 대산전력소방","   1,517,100"
"8098","203906","주식회사 명지아이앤씨","   1,516,800"
"8099","320103","모아정보기술","   1,516,700"
"8100","420227","투윈스 주식회사","   1,516,500"
"8101","120584","엔에스시스템(주)","   1,516,100"
"8102","410215","주식회사 드림정보","   1,516,000"
"8103","200901","주식회사 아름전력","   1,515,200"
"8104","410336","주식회사 뉴아이티","   1,514,400"
"8106","120468","남해전화공사","   1,514,300"
"8105","200837","(주)신해전기건설","   1,514,300"
"8107","203576","주식회사 케이씨이이앤씨","   1,514,000"
"8108","420407","주식회사 희광통신","   1,512,700"
"8109","620373","주식회사 유씨랩","   1,512,100"
"8110","420293","주식회사 한컴인스페이스","   1,511,800"
"8111","201922","(주)그루젠","   1,511,500"
"8112","320428","주식회사 더블유제이워터솔루션","   1,511,100"
"8113","410279","(주)미래정보통신소방","   1,511,000"
"8114","530297","(주)데이타뱅크","   1,510,700"
"8115","420462","주식회사 와이정보통신","   1,510,600"
"8116","203845","주식회사 에이비씨오토매틱 (ABCautomatic Inc.)","   1,510,400"
"8117","550387","주식회사 진주정보통신","   1,510,200"
"8118","350236","(주)케이비글로벌미디어","   1,509,900"
"8119","630165","한국음향영상","   1,509,800"
"8120","203243","주식회사 피앤씨솔루션","   1,509,700"
"8122","320029","대도정보통신","   1,509,600"
"8121","350417","주식회사 디에스정보기술","   1,509,600"
"8123","311177","에스제이정보통신","   1,509,200"
"8124","111084","(주)유앤후레쉬","   1,509,100"
"8125","202777","엘에스빌드윈 주식회사","   1,507,800"
"8126","510431","오앤피","   1,507,800"
"8127","530381","메타시스 주식회사","   1,507,200"
"8129","530460","주식회사 씨엘모빌리티(Ciel Mobility Inc.)","   1,507,200"
"8128","630209","유한회사 코스타정보통신","   1,507,200"
"8130","140278","주식회사 진우전력","   1,507,100"
"8131","201529","(주)엑스오비스","   1,507,000"
"8132","311112","신광정보기술(주)","   1,506,500"
"8133","630267","주식회사 라온시스템","   1,506,400"
"8134","610361","주식회사 아이웍스","   1,505,800"
"8135","312145","키엔컴 주식회사","   1,505,800"
"8136","320323","주식회사 신영통신","   1,505,100"
"8137","203844","주식회사 티포스","   1,504,200"
"8138","430150","(주)삼우이엔씨","   1,504,000"
"8139","610120","주식회사 금광","   1,503,600"
"8140","140073","정일통신공사","   1,503,400"
"8141","310817","주식회사 코스텍정보통신","   1,503,100"
"8142","111799","주식회사 자이온티앤에스","   1,503,100"
"8143","510683","주식회사 그랜드썬기술단","   1,502,200"
"8144","520160","주식회사 앤드텍","   1,501,500"
"8145","320305","시큐리티맥","   1,500,900"
"8146","430345","주식회사 다산정보통신","   1,500,100"
"8147","140327","(주)에스디","   1,499,900"
"8148","350336","주식회사 수성이앤씨","   1,499,200"
"8150","311232","주식회사 이오테크","   1,499,100"
"8149","200736","주식회사 지에스씨앤씨","   1,499,100"
"8151","410401","주식회사 제이에스넷","   1,499,000"
"8152","630155","주식회사 삼광전력","   1,498,300"
"8153","520077","코리아넷","   1,498,200"
"8154","110607","두합정보통신","   1,497,900"
"8155","330108","(주)영동네트웍스","   1,497,800"
"8156","120784","에이스통신","   1,497,500"
"8157","550001","주식회사 세아네트워크","   1,497,100"
"8158","510286","(주)오션텍","   1,496,300"
"8159","350321","주식회사 다이노","   1,496,000"
"8160","140330","(주)흥양정보기술","   1,495,800"
"8161","180058","주식회사 삼조","   1,495,700"
"8162","203726","주식회사 미래디앤에스","   1,495,300"
"8163","160060","일우정보통신 ","   1,495,000"
"8164","510045","유비넷(주)","   1,494,000"
"8165","620286","주식회사 범호전력","   1,493,600"
"8166","320194","우리정보통신","   1,493,600"
"8167","510713","바름기술","   1,493,300"
"8169","310717","일신컴","   1,493,200"
"8168","310118","주식회사 엠아이씨인포컴","   1,493,200"
"8170","320339","케이에스씨","   1,493,000"
"8171","312511","주식회사 에이에스티홀딩스","   1,492,500"
"8172","540486","주식회사 엠케이피이앤씨(MKP E&C)","   1,492,300"
"8173","350430","청보이엔지 주식회사","   1,491,900"
"8174","150110","금오이엔시(주)","   1,491,800"
"8175","610201","(주)청림이에프씨","   1,491,400"
"8176","130330","(주)동형","   1,491,000"
"8177","200738","한국메가와트(주)","   1,490,900"
"8178","610075","(주)차임이엔지","   1,490,700"
"8179","312245","정현네트웍스","   1,490,200"
"8180","311728","주식회사 디에이치정보기술","   1,489,700"
"8181","310510","비에스앤시스템즈 주식회사","   1,489,600"
"8182","630235","주식회사 서한글로벌","   1,489,300"
"8183","610277","가람정보통신 주식회사","   1,489,200"
"8184","140268","주식회사 만년","   1,488,900"
"8185","111153","중앙이엔에프 주식회사","   1,488,300"
"8186","620318","주식회사 엠알티","   1,487,900"
"8187","120572","(주)비트엘앤디","   1,487,500"
"8188","150257","(주)신성정보기술","   1,487,400"
"8189","310667","나래엔시스","   1,487,200"
"8190","610387","주식회사 중앙정보기술","   1,487,200"
"8191","620362","아름통신 주식회사","   1,485,800"
"8192","112052","한라인포넷(주)","   1,485,700"
"8193","540233","주식회사 에스이넷포항방송","   1,485,700"
"8194","410121","디지정보시스템","   1,485,300"
"8195","110745","(주)나라컨트롤","   1,485,000"
"8196","410249","(주)테라이에프씨","   1,484,900"
"8197","550379","주식회사 웰캅","   1,484,600"
"8198","130426","우리정보(주)","   1,484,200"
"8199","320401","주식회사 부영에너텍","   1,484,100"
"8200","550295","세이프롬 정보","   1,483,500"
"8201","312289","모아정보통신 주식회사","   1,482,200"
"8202","201198","(주)진영이엔씨","   1,482,100"
"8203","550196","(주)아이씨티전기통신","   1,482,000"
"8204","430221","(주)두림전설","   1,481,900"
"8205","510607","(주)강림아이티에스","   1,481,700"
"8206","510638","(주)이레정보통신기술","   1,481,500"
"8207","203008","주식회사 세진종합이엔씨","   1,481,300"
"8208","420382","한국정보통신협동조합","   1,480,900"
"8209","320409","주식회사 동우이엔티","   1,480,800"
"8210","610125","(주)성진","   1,480,400"
"8211","111676","(주)레이텍","   1,479,500"
"8212","430005","(주)다산정보기술","   1,479,300"
"8213","520066","주식회사 조은정보통신","   1,478,500"
"8214","111672","주식회사 지원정보통신","   1,478,300"
"8215","111044","(주)대해일렉스","   1,477,900"
"8216","430330","주식회사 씨앤아이","   1,477,500"
"8218","540226","(주)모든정보통신","   1,477,200"
"8217","111942","(주)전전사","   1,477,200"
"8219","312449","주식회사 대경기술단","   1,477,000"
"8220","312270","주식회사 세종전기","   1,476,400"
"8221","320480","주식회사 오피스톡","   1,476,300"
"8222","140132","(주)케이이엔티","   1,476,100"
"8223","510550","엘엔에스","   1,476,100"
"8224","530436","주식회사 영원이앤에스","   1,475,600"
"8225","550165","주식회사 케이피넷","   1,475,200"
"8226","130211","(주)서광전기통신","   1,475,100"
"8227","312053","주식회사 에프에스티테크놀로지","   1,474,900"
"8228","430021","(주)우진산전","   1,474,500"
"8229","140404","(유)동민정보통신","   1,474,200"
"8231","201290","(주)복개전설","   1,473,700"
"8230","311841","주식회사 한울전설","   1,473,700"
"8232","320089","청양정보통신 주식회사","   1,473,500"
"8233","630341","주식회사 현영정보통신","   1,473,400"
"8234","530071","(주)현성","   1,471,800"
"8235","550487","(주)테스콤","   1,471,100"
"8236","350407","주식회사 태영일렉","   1,470,900"
"8237","203380","주식회사 정호디에스","   1,470,100"
"8238","120849","(주)제일종합통신","   1,469,500"
"8239","203347","주식회사 잉카인터넷","   1,469,100"
"8240","530249","(주)코맥스통신","   1,468,700"
"8241","350567","주식회사 미디어컨버전스","   1,468,400"
"8242","203238","주식회사 유더블유에스","   1,468,100"
"8243","630302","주식회사 에프원기술","   1,467,900"
"8244","410167","(주)엔에스정보통신","   1,467,700"
"8245","420430","주식회사 태성정보통신","   1,467,700"
"8246","510422","주식회사 에이치앤에스(H&S Co.,Ltd.)","   1,466,800"
"8247","420136","(주)서진전기","   1,466,700"
"8248","530443","주식회사 이안정보기술","   1,466,700"
"8249","111291","한마음정보시스템","   1,466,200"
"8250","203226","주식회사 원광전력","   1,465,000"
"8251","120324","삼화정보통신","   1,464,000"
"8253","202142","에스비엠텔레콤(주)","   1,463,800"
"8252","320503","한샘오토메이션","   1,463,800"
"8254","201115","(주)자바네트웍스","   1,463,000"
"8255","310938","(주)발해이엔지","   1,462,000"
"8256","520059","주식회사 정민전력공사","   1,461,700"
"8257","201357","(주)애린테크","   1,460,600"
"8258","312190","주식회사 삼정엔지니어링","   1,460,400"
"8259","640116","지에이치정보통신 주식회사","   1,460,200"
"8260","530273","(주)에스제이에스일렉트릭","   1,459,800"
"8261","610314","산이건설(주)","   1,459,700"
"8262","630270","주식회사 광희테크윈","   1,458,100"
"8263","540421","주식회사 삼영","   1,458,100"
"8264","200772","재리강정보기술 주식회사","   1,458,000"
"8265","430080","(주)해종","   1,457,600"
"8267","111875","(주)일신이앤드씨","   1,457,500"
"8266","320027","우리해양(주)","   1,457,500"
"8268","630292","유한회사 케이엠정보시스템","   1,457,300"
"8269","350428","한양기전공업 주식회사","   1,457,300"
"8271","311954","주식회사 신화데이타","   1,456,800"
"8270","510538","주식회사 성진시스템","   1,456,800"
"8272","112456","(주)에이치제이통신","   1,456,700"
"8273","311446","(주)진보","   1,456,300"
"8274","510454","(자)명신건설","   1,455,600"
"8275","630244","유한회사 노블이엔씨","   1,455,000"
"8276","610082","씨엠파워 주식회사","   1,454,900"
"8277","311314","엠씨테크","   1,454,800"
"8278","620164","(주)이에스인포","   1,454,100"
"8279","640034","태성전설(주)","   1,454,000"
"8280","330115","탑종합건설 주식회사","   1,454,000"
"8282","610210","두리통신 주식회사","   1,453,800"
"8281","111026","태멘시스템 주식회사","   1,453,800"
"8283","330140","주식회사 천윤","   1,453,700"
"8284","410347","주식회사 티이케이","   1,453,700"
"8285","540351","흥덕종합전자통신","   1,453,600"
"8286","410315","주식회사 보령제어시스템(Borueong Control System Co.,Ltd.)","   1,453,200"
"8287","510606","우행통신","   1,453,000"
"8288","203522","주식회사 다온시스템즈","   1,452,400"
"8289","610343","주식회사 백석정보통신","   1,451,600"
"8290","312160","(주)유안이엔씨","   1,451,400"
"8291","111369","오션파워콤(주)","   1,451,400"
"8292","311485","(주)신영정보기술","   1,451,200"
"8293","310275","(주)코원건설","   1,451,200"
"8294","140357","(주)대성전자","   1,450,600"
"8295","410199","주식회사 시아","   1,450,400"
"8296","311007","(주)삼정솔루션","   1,450,300"
"8297","550101","주식회사 도원이에프씨","   1,450,000"
"8298","200417","(주)대한종합산전","   1,449,900"
"8299","420052","화성전기(주)","   1,449,300"
"8300","540435","문경컴퓨터정보통신","   1,449,100"
"8301","204158","주식회사 한성디자인기획","   1,448,800"
"8303","630203","주식회사 시온","   1,448,600"
"8302","350111","(주)보경이엔지","   1,448,600"
"8304","320528","씨엔엔정보통신","   1,448,500"
"8305","640017","세방전지총판(주)","   1,448,400"
"8306","610297","주식회사 가람산업개발","   1,447,700"
"8307","350235","주식회사 시티건설","   1,447,700"
"8308","312391","주식회사 서광전기공사","   1,447,200"
"8309","430211","(주)대청정보통신","   1,446,900"
"8310","202137","주식회사 유비솔루션","   1,446,600"
"8311","540367","포인드(주)","   1,444,400"
"8312","540357","주식회사 대유정보통신","   1,444,400"
"8313","410220","삼보OA","   1,444,200"
"8314","150594","천수정보통신","   1,442,200"
"8315","320315","남서울통신","   1,442,100"
"8316","120639","(주)에이온텍","   1,441,600"
"8317","112619","(주)아이티시스","   1,441,500"
"8318","610097","(주)이레미디어","   1,440,800"
"8319","540283","(주)대산전기","   1,439,900"
"8320","510509","(주)광성계측기","   1,439,800"
"8321","311210","신우산전","   1,439,300"
"8322","312247","주식회사 동경티앤씨","   1,439,200"
"8323","610334","고흥컴퓨터랜드","   1,438,900"
"8324","130308","우성정보통신","   1,438,300"
"8325","330005","(주)에스에이치네트워크","   1,437,800"
"8326","140436","(주)삼보실업","   1,437,600"
"8327","410066","(주)로뎀산전","   1,437,400"
"8328","311937","주식회사 제이더블유","   1,437,300"
"8329","202559","주식회사 유석전기","   1,437,200"
"8331","620310","(주)아이티에스시스템","   1,436,700"
"8332","203639","주식회사 아이즈온솔루션","   1,436,700"
"8330","630156","(주)코리트","   1,436,700"
"8333","630115","우주에즈원 주식회사(WOOJOOASONE Inc.)","   1,436,600"
"8334","620155","(주)씨젠이엔지","   1,436,600"
"8335","311911","주식회사 한영정보통신","   1,436,400"
"8336","520073","(주)태양전력","   1,435,900"
"8337","610199","주식회사 대연이에프씨","   1,435,800"
"8338","550392","주식회사 라인미디어","   1,435,700"
"8339","203399","주식회사 긱스퍼","   1,435,200"
"8340","610457","주식회사 제이케이","   1,434,800"
"8341","202979","주식회사 스마트밸리","   1,434,600"
"8342","410049","중앙시스템 주식회사","   1,434,500"
"8343","350174","성보건설산업(주)","   1,434,000"
"8344","150469","(주)제타플러스","   1,433,500"
"8346","320387","주식회사 명성이엔씨","   1,433,200"
"8345","610358","주식회사 은창","   1,433,200"
"8347","310977","오리엔트전자(유)","   1,431,900"
"8348","113463","주식회사 에스에이엠","   1,431,100"
"8350","510063","대경정보통신","   1,430,700"
"8349","510739","구로 정보통신","   1,430,700"
"8351","120740","모던정보통신","   1,430,400"
"8352","330077","(주)원정보통신","   1,430,100"
"8353","310839","엔씨정보통신(주)","   1,429,600"
"8354","630382","주식회사 신원건설","   1,429,500"
"8355","204035","주식회사 제이엠미디어테크","   1,429,400"
"8356","112888","(주)대원네시스","   1,429,200"
"8357","320422","에어텍아이앤씨(주)","   1,429,200"
"8358","540320","주식회사 이솔정보기술","   1,428,700"
"8359","202933","청우기전 주식회사","   1,428,300"
"8360","640090","주식회사 디오정보통신","   1,428,200"
"8361","430342","주식회사 세원정보통신","   1,427,900"
"8362","111207","대원 주식회사","   1,427,900"
"8363","610308","주식회사 에스케이테크","   1,427,800"
"8364","160056","주식회사 봄","   1,427,500"
"8365","160212","부경엔지니어링(주)","   1,427,300"
"8366","550150","주식회사 제이케이네트웍스","   1,426,700"
"8367","201041","한양네트웍스(주)","   1,426,300"
"8368","201954","주식회사 범양전력","   1,425,000"
"8369","202945","주식회사 원탑이앤티","   1,424,700"
"8370","170025","주식회사 춘천종합통신","   1,424,100"
"8371","330320","승혜전력 주식회사","   1,423,900"
"8372","430172","광진이엔지(주)","   1,423,600"
"8373","311996","제이엔제이정보통신주식회사","   1,423,500"
"8374","530302","주식회사 케이정보통신","   1,422,800"
"8375","530078","주식회사 이온테크","   1,422,700"
"8376","202757","(주)제일전기통신","   1,421,400"
"8377","330191","주식회사 국민전기통신","   1,421,300"
"8378","630397","주식회사 이디에스원","   1,420,700"
"8379","312268","주식회사 태신정보","   1,420,100"
"8380","112602","케이에스엔시(주)(KSNC Co. ,Ltd.)","   1,419,800"
"8381","350441","주식회사 어썸웨이","   1,419,600"
"8382","540292","(주)부성전기","   1,419,400"
"8383","130089","에스비산업 주식회사","   1,418,800"
"8384","350266","주식회사 이인아이씨티","   1,418,300"
"8385","312127","주식회사 남전엔지니어링","   1,417,600"
"8386","330012","(주)이레","   1,417,500"
"8387","320365","(주)남부 이.엔.지","   1,417,400"
"8388","640136","주식회사 케이에스시스템","   1,416,100"
"8389","330214","에스씨동해 주식회사","   1,416,000"
"8390","510328","주식회사 비케이에너지","   1,415,500"
"8391","540393","주식회사 코스정보통신","   1,415,300"
"8392","530335","대건통신","   1,415,100"
"8393","630199","남도전자통신","   1,414,200"
"8394","530155","주식회사 유일정보통신","   1,414,100"
"8395","112348","대성미디어","   1,413,400"
"8396","430201","주식회사 이케이전력","   1,413,100"
"8397","311343","(주)디오","   1,413,000"
"8398","140128","(주)부국전력통신공사","   1,412,600"
"8399","630291","주식회사 유피엘","   1,412,400"
"8400","311095","(주)그린플로우","   1,411,700"
"8401","550488","주식회사 경남스마트","   1,410,800"
"8402","620121","(주)에프앤비","   1,410,100"
"8403","620279","유한회사 엠탑코리아","   1,409,900"
"8404","140328","애드넷","   1,409,600"
"8405","620061","매일정보통신 주식회사","   1,409,400"
"8406","620002","(주)서포전기통신","   1,409,000"
"8407","350463","에스엠씨앤에스","   1,408,900"
"8408","520061","한일전설(주)","   1,408,900"
"8409","520176","주식회사 에프아이티","   1,408,600"
"8410","311823","주식회사 이지정보통신","   1,407,800"
"8411","311049","(주)예도시스템","   1,406,200"
"8412","111678","엘지정보기술(주)","   1,405,900"
"8413","203739","이에이트 주식회사 (E8IGHT Co., Ltd.)","   1,405,600"
"8414","112089","(주)디투엔지니어링","   1,405,400"
"8415","320419","주식회사 씨앤에이치","   1,405,300"
"8416","540205","주식회사 지에스정보통신","   1,404,500"
"8417","540194","(주)대호전설","   1,404,100"
"8418","312496","다원정보통신 주식회사","   1,403,700"
"8419","610113","(유)대광정보통신","   1,403,200"
"8420","200208","주식회사 다해","   1,402,800"
"8421","350133","주식회사 영민","   1,402,300"
"8422","130361","대영종합건설주식회사","   1,401,800"
"8423","112582","(주)자연교육정보","   1,401,700"
"8424","130479","(주)스타엔지니어링","   1,401,500"
"8425","430295","(주)대산정보통신","   1,400,700"
"8426","410368","주식회사 대현시스템","   1,400,100"
"8427","200038","(주)넥시스정보","   1,398,900"
"8428","110321","주식회사 두타이엔씨","   1,398,700"
"8429","350285","(주)아이씨티 코리아","   1,398,500"
"8430","530105","다윤월드(주)","   1,398,000"
"8431","350415","주식회사 충일전자","   1,397,500"
"8432","630295","엔네트워크 유한회사","   1,397,200"
"8433","610299","주식회사 웨더케이","   1,396,900"
"8434","530096","(주)유엔텔","   1,396,700"
"8435","160047","금원 주식회사","   1,396,400"
"8436","630324","주식회사 유현정보통신","   1,395,800"
"8437","320164","에이브이뱅크","   1,395,000"
"8438","311915","주식회사 대진정보통신","   1,394,500"
"8439","150325","우성전자통신","   1,394,200"
"8440","630285","주식회사 에스엠","   1,393,400"
"8441","330111","(주)서부전설","   1,393,100"
"8443","540217","(주)삼산통신","   1,392,700"
"8442","110111","아주전자시스템(주)","   1,392,700"
"8444","120316","(주)하람정보통신","   1,392,600"
"8446","203422","주식회사 티엠미디어(TM Media Co., Ltd.)","   1,392,100"
"8445","111554","중앙통신","   1,392,100"
"8447","320270","(주)피란하시스템즈","   1,391,000"
"8448","540418","뉴정보통신","   1,390,600"
"8449","610363","주식회사 찬빈","   1,390,300"
"8450","510740","주식회사 포앰","   1,390,300"
"8452","410196","주식회사 월산이앤씨","   1,390,100"
"8451","112558","(주)대보통신","   1,390,100"
"8453","320518","주식회사 한결정보통신","   1,389,900"
"8454","120308","(주)동방전설","   1,389,500"
"8455","310720","(주)엔텍시스템","   1,389,300"
"8456","630138","(유)원우이엔지","   1,389,300"
"8457","330286","비전정보통신 주식회사","   1,388,800"
"8458","440085","주식회사 대진","   1,388,500"
"8459","312320","주식회사 빛나전자","   1,386,800"
"8460","330321","광명기업","   1,386,800"
"8461","202627","주식회사 경신정보통신","   1,386,700"
"8462","204255","주식회사 라이언","   1,386,200"
"8464","320511","주식회사 제이에스솔루션","   1,386,000"
"8463","620281","주식회사 서영정보","   1,386,000"
"8465","310262","(주)성운아이티","   1,385,500"
"8466","620088","(주)아름정보","   1,384,900"
"8467","203445","주식회사 모건시스","   1,384,600"
"8468","110845","태성통신","   1,384,000"
"8469","113183","조영일렉컴(주)","   1,383,800"
"8470","410318","(주)지우정보통신","   1,383,000"
"8471","350387","세진전력 주식회사","   1,382,600"
"8472","550296","유광전력","   1,382,400"
"8473","550269","미래전자통신","   1,382,000"
"8474","630359","유한회사 케이와이산업","   1,381,800"
"8475","510526","(주)우노","   1,381,400"
"8476","320237","(주)에스에스전기","   1,380,300"
"8477","350099","그린정보통신","   1,380,200"
"8478","530285","상하정보기술","   1,380,100"
"8480","330221","주식회사 성보시스템","   1,379,200"
"8479","110292","에스지신성건설 주식회사","   1,379,200"
"8481","630298","주식회사 새길","   1,378,800"
"8482","202205","주식회사 대성아이씨티","   1,378,800"
"8483","150400","제이와이케이 주식회사","   1,378,600"
"8484","202531","(주)금화이엔씨","   1,378,500"
"8485","312091","주식회사 이든넷","   1,377,900"
"8486","430049","(주)테크윈","   1,377,200"
"8487","311379","(주)씨지티","   1,376,700"
"8488","350234","주식회사 삼현","   1,376,500"
"8489","550466","주식회사 시온이엔씨","   1,375,900"
"8490","312365","현진산업 주식회사","   1,375,300"
"8491","430151","(주)세딕스","   1,374,800"
"8492","203123","주식회사 대림기술","   1,374,600"
"8493","510724","주식회사 연합통신건설","   1,374,400"
"8494","201160","원앤원산업개발(주)","   1,374,300"
"8495","550303","케이이피엔지니어링 주식회사","   1,374,200"
"8496","640022","제승정보통신","   1,374,200"
"8497","550113","데이타솔루션(주)","   1,374,000"
"8498","640175","주식회사 디에이씨엔에스","   1,373,900"
"8499","540192","(주)금성테크윈","   1,373,800"
"8500","203324","주식회사 한맥시스템","   1,373,600"
"8502","420421","엔에이티통신기술","   1,373,200"
"8501","350160","주식회사 에이스","   1,373,200"
"8503","311927","주식회사 다해","   1,373,100"
"8504","311663","주식회사 영진","   1,372,800"
"8505","311360","(주)프릭스미디어시스템즈","   1,372,400"
"8506","203868","주식회사 디엑스티앤","   1,372,400"
"8508","440079","주식회사 지니위드","   1,372,000"
"8507","110490","대영통신산업(주)","   1,372,000"
"8509","610027","(주)용산전력","   1,371,900"
"8510","540354","해동이엔씨","   1,371,300"
"8512","640134","주식회사 블루앤아이","   1,371,100"
"8513","110639","재원이엔씨 주식회사","   1,371,100"
"8511","550440","주식회사 성민전기통신소방","   1,371,100"
"8514","610402","주식회사 원아이티","   1,370,400"
"8515","310506","대민정보통신","   1,369,700"
"8516","310134","주식회사 디에스원","   1,369,500"
"8517","610395","에코비엠 주식회사","   1,369,100"
"8518","112223","경인엔지니어링(주)","   1,368,000"
"8519","202264","주식회사 아틀라스디엑스","   1,367,800"
"8520","312236","주식회사 에스제이전기통신","   1,367,100"
"8521","550206","(주)세원이앤티","   1,367,000"
"8522","410142","삼성통신(주)","   1,366,400"
"8523","311858","주식회사 아이앤지솔루션","   1,364,800"
"8524","150682","스피드정보통신","   1,364,000"
"8525","320300","씨에이이앤씨 주식회사(CA E&C Co., Ltd.)","   1,363,900"
"8526","430200","(주)더클탑","   1,363,700"
"8527","330281","주식회사 오엔","   1,363,400"
"8528","610404","디지탈사무기","   1,363,200"
"8529","112311","주식회사 명승정보통신","   1,363,000"
"8530","330265","명화아이티 주식회사","   1,362,800"
"8531","150444","대민통신(주)","   1,362,600"
"8532","120268","주식회사 케이원네트워크","   1,362,400"
"8533","350035","주식회사 아원정보통신","   1,362,300"
"8534","311781","주식회사 그린비","   1,361,800"
"8535","203444","주식회사 엘씨네트웍스","   1,361,500"
"8536","311635","코디오 주식회사 ","   1,361,400"
"8537","330044","(주)유큐브","   1,360,600"
"8538","630113","(유)맥스","   1,360,200"
"8540","320385","일광통신","   1,360,100"
"8539","640129","(주)인프라케이","   1,360,100"
"8541","170140","주식회사 덕산전기","   1,359,400"
"8542","620379","주식회사 은하이앤씨","   1,359,100"
"8543","330171","(주)성광전력","   1,358,900"
"8544","330145","일성전력 주식회사","   1,358,800"
"8545","550079","(주)싸이토피아","   1,358,500"
"8546","203651","주식회사 넷원시스템","   1,358,100"
"8547","630314","유한회사 유성티앤케이","   1,358,100"
"8548","202604","(주)상현엔지니어링","   1,357,900"
"8549","311926","주식회사 이현테크윈","   1,357,500"
"8550","111334","주식회사 하랑이엔씨정보","   1,357,300"
"8551","510413","(주)아이비엠씨","   1,357,100"
"8552","150243","광음통신공사","   1,356,300"
"8553","312321","주식회사 이레아","   1,355,700"
"8554","420384","블루시스템","   1,355,500"
"8555","130239","주식회사 성하이엔지","   1,355,000"
"8556","550313","주식회사 필명","   1,354,500"
"8557","120715","LG금강전자","   1,354,100"
"8558","204050","주식회사 아이피코어","   1,353,900"
"8559","550338","(주)유니콘전설","   1,353,600"
"8560","550254","탑네트워크 주식회사","   1,353,500"
"8561","530341","중앙정보시스템(중앙I.S.)","   1,353,400"
"8562","350182","(주)지엔아이","   1,353,200"
"8563","311732","창성비케이 주식회사","   1,352,800"
"8565","203543","주식회사 케이제이에스랩","   1,352,300"
"8564","630039","호원건설(주)","   1,352,300"
"8566","203114","주식회사 더시스템스코리아","   1,352,200"
"8567","310738","주식회사 태승","   1,351,300"
"8568","110919","(주)동양이엔씨","   1,350,700"
"8569","640076","금호정보통신","   1,350,000"
"8570","410118","(주)대보에스앤","   1,349,600"
"8571","540379","드림넷","   1,349,300"
"8572","530147","신명네트워크","   1,348,800"
"8573","410327","에스엘케이정보통신","   1,348,600"
"8574","330097","동진전기(주)","   1,348,500"
"8575","550394","제이에스정보통신 주식회사","   1,348,300"
"8576","202131","(주)느루디지텍","   1,348,300"
"8577","130298","일산종합건설(주)","   1,347,100"
"8578","630348","주식회사 엔지아이","   1,347,100"
"8579","150648","대통산업(주)","   1,346,800"
"8580","430232","금화통신 주식회사","   1,346,500"
"8581","311253","주식회사 비엘아이앤씨","   1,346,400"
"8582","201271","영인아이티기술사사무소","   1,346,400"
"8583","350457","주식회사 다온","   1,346,100"
"8584","311374","주식회사 케이앤에프 (K & F Co., Ltd.)","   1,345,900"
"8585","330343","주식회사 우리이엔지","   1,345,700"
"8586","540262","대왕전기공사","   1,345,700"
"8587","320352","주식회사 동아기술","   1,345,300"
"8589","140057","(주)화승이엔아이","   1,345,200"
"8588","510062","진명전력(주)","   1,345,200"
"8590","312702","주식회사 영진","   1,344,700"
"8592","520194","주식회사 동강네트웍스","   1,344,300"
"8591","310691","(주)대양씨아이에스","   1,344,300"
"8593","430006","(주)전광이앤아이","   1,344,100"
"8594","200540","(주)비에스텍","   1,344,000"
"8595","311751","(주)부원","   1,343,200"
"8596","202824","주식회사 그린주의","   1,342,900"
"8597","312533","주식회사 아이닉스","   1,342,500"
"8598","170004","(주)삼영기업","   1,342,300"
"8599","630308","아이즈원","   1,342,000"
"8600","430050","주식회사 에스에이치정보통신","   1,341,800"
"8601","311142","주식회사 알파앤오메가","   1,341,500"
"8602","140469","(주)신우정보통신","   1,341,500"
"8603","630272","유한회사 케이아이텍","   1,341,500"
"8604","312121","주식회사 에이아이씨티","   1,341,300"
"8605","140369","창우이엔씨 주식회사","   1,341,300"
"8606","530237","아주정보통신","   1,340,700"
"8607","540496","주식회사 케이앤엘 정보시스템","   1,340,600"
"8609","330249","주식회사 태성정보통신","   1,340,200"
"8608","610446","주식회사 씨엠쓰리네트워크","   1,340,200"
"8611","620150","(주)송현전력","   1,340,000"
"8612","520129","태영이엔지 주식회사","   1,340,000"
"8610","350551","주식회사 프라임컨트롤","   1,340,000"
"8613","410238","주식회사 대호이앤씨","   1,339,900"
"8614","330073","포스정보(주)","   1,339,800"
"8615","610229","조도전자","   1,339,800"
"8616","120605","(주)아이케이이앤지","   1,339,600"
"8617","410103","나래이엔지(주)","   1,339,300"
"8618","620394","주식회사 제이통신","   1,339,200"
"8620","320222","뉴텍정보통신 주식회사","   1,338,700"
"8619","312630","주식회사 대호이엔티","   1,338,700"
"8621","201499","주식회사 엠브이트론","   1,338,400"
"8622","320395","주식회사 태화기전","   1,337,900"
"8623","640071","주식회사 파라컴","   1,337,600"
"8624","202170","(주)아이에스솔루션즈","   1,336,300"
"8625","203026","주식회사 케이제이이엔씨","   1,335,800"
"8626","550481","이츠정보통신","   1,334,900"
"8627","610239","주식회사 달빛","   1,334,600"
"8628","320041","유인정보통신주식회사","   1,333,900"
"8629","203893","주식회사 채원정보통신","   1,333,600"
"8630","550407","다온인포","   1,332,700"
"8631","550429","주식회사 메타정보통신","   1,331,900"
"8632","510603","(주)아이티캠","   1,331,700"
"8633","311683","주식회사 제이에스 이엔지","   1,331,100"
"8634","201645","(주)세원이엔피디","   1,331,000"
"8635","610451","찬빈전력 주식회사","   1,330,500"
"8636","200494","(주)엘티정보통신","   1,330,500"
"8637","310582","주식회사 다현정보통신","   1,330,100"
"8638","510663","주식회사 라이프정보기술","   1,330,000"
"8639","202515","우영씨티(주)","   1,329,300"
"8640","120426","주식회사 비앤","   1,329,000"
"8641","430272","주식회사 제이엔지니어링","   1,328,700"
"8642","350497","주식회사 포앤솔루션","   1,328,500"
"8643","620256","주식회사 모아종합건설","   1,328,400"
"8644","140309","(유)해광정보통신","   1,328,300"
"8645","330253","주식회사 트루텍","   1,328,200"
"8646","203326","주식회사 포뎁스","   1,328,000"
"8647","540026","신광정보통신","   1,327,700"
"8648","311901","(주)비아비스","   1,327,300"
"8649","520168","에스넷정보통신","   1,326,800"
"8650","630032","주식회사 거창엔지니어링","   1,326,300"
"8652","160179","국제무선","   1,325,900"
"8651","540409","동성계전 주식회사","   1,325,900"
"8653","630294","유한회사 지우","   1,325,800"
"8654","330010","현대아산(주)","   1,324,800"
"8655","630276","주식회사 삼안","   1,324,700"
"8656","320383","주식회사 가인전력","   1,324,100"
"8657","540218","삼성이앤씨","   1,323,900"
"8658","200415","(주)씨앤씨전력","   1,323,700"
"8659","540152","(주)뮤테크(MuTech)","   1,323,600"
"8660","350098","주식회사 서진이앤아이","   1,323,500"
"8661","540111","이광이엔씨 주식회사","   1,321,900"
"8662","111671","협진전기통신공사","   1,321,700"
"8663","113332","일진종합전설(주)","   1,321,300"
"8664","203069","존슨콘트롤즈인터내셔널코리아 주식회사","   1,321,300"
"8665","112526","광인정보통신(주)","   1,321,100"
"8667","420202","(주)영진스마트","   1,321,000"
"8666","610411","주식회사 바램","   1,321,000"
"8668","620212","주식회사 이앤에스전력","   1,320,700"
"8669","550489","휴먼베이스 오토메이션 (Human Base Automation)","   1,320,500"
"8670","410094","(주)유동전력통신","   1,319,800"
"8671","112995","주식회사 다온에프앤씨","   1,319,400"
"8672","311943","네오비전주식회사","   1,319,300"
"8673","630191","주식회사 미래하이테크","   1,318,600"
"8674","520125","아이시티산업(ICT)","   1,318,200"
"8675","110602","(주)이화엔지니어링","   1,318,000"
"8676","310620","세기산전(주)","   1,317,900"
"8677","630275","장수전력","   1,317,500"
"8678","410070","하나계전 주식회사","   1,317,300"
"8679","320269","주식회사 유에스","   1,316,800"
"8680","530180","주식회사 거산이앤씨","   1,316,000"
"8681","540038","동양정보통신공사","   1,315,700"
"8682","430032","주식회사 화승전력","   1,315,600"
"8683","311190","주식회사 성욱산업","   1,314,700"
"8684","610072","(주)현대계전","   1,313,700"
"8685","140413","주식회사 우명","   1,313,200"
"8686","312030","주식회사 연호통신","   1,313,100"
"8687","540238","(주)씨에스텍","   1,312,700"
"8688","630052","멘토정보통신","   1,312,300"
"8689","320519","주식회사 스마트아진","   1,311,700"
"8690","430042","(주)월드미디어","   1,311,200"
"8691","112840","(주)텔레콤코리아","   1,310,500"
"8692","111238","세원시스텍(주)","   1,310,400"
"8693","203303","주식회사 동조전력","   1,310,000"
"8694","310659","거룡전력(주)","   1,309,400"
"8695","630277","광림네트웍스 주식회사","   1,309,300"
"8696","150491","경일건설(주)","   1,309,000"
"8697","330132","명인정보기술(주)","   1,308,800"
"8699","510460","삼영이에스티","   1,308,500"
"8698","350495","주식회사 일오정보통신","   1,308,500"
"8700","330245","주식회사 국제전업사","   1,308,200"
"8701","550469","피알미 주식회사","   1,307,700"
"8702","510203","주식회사 제이디기술","   1,307,100"
"8703","610153","(주)현대기전","   1,306,800"
"8704","550002","한솔테크(주)","   1,306,500"
"8705","350424","주식회사 신비","   1,306,500"
"8706","520029","영진 주식회사","   1,305,400"
"8708","201970","(주)케이에스브이","   1,305,200"
"8707","630258","주식회사 호덕아이앤씨","   1,305,200"
"8710","640149","정우전기통신 주식회사","   1,304,900"
"8711","312459","주식회사 인터테크소프트","   1,304,900"
"8709","350319","주식회사 노드이엔씨","   1,304,900"
"8712","410263","진보전력(주)","   1,303,900"
"8713","312031","주식회사 제이티통신","   1,303,500"
"8714","510408","(주)두레정보통신","   1,302,600"
"8715","203643","주식회사 성문엔지니어링","   1,301,900"
"8716","111597","성보전자통신","   1,301,800"
"8717","350255","(주)원일포스","   1,301,700"
"8718","201447","(주)비앤씨솔루션","   1,301,500"
"8719","510652","주식회사 부경네트워크","   1,301,400"
"8721","150299","신라전기통신","   1,301,000"
"8720","610177","주식회사 송림안전","   1,301,000"
"8722","201741","우일계전공업(주)","   1,300,900"
"8723","510686","주식회사 다인","   1,300,600"
"8724","410250","(주)도원이엔씨","   1,300,100"
"8725","202347","(주)유티월드","   1,299,200"
"8726","510681","주식회사 엘케이플러스","   1,298,700"
"8727","150111","주식회사 민경통신","   1,297,300"
"8728","520182","동건산업전설 주식회사","   1,297,000"
"8729","204014","주도정보통신","   1,296,800"
"8730","130419","대륭정보통신(주)","   1,296,300"
"8731","510406","(주)네오네트웍스","   1,296,000"
"8732","201998","재성전기(주)","   1,296,000"
"8733","320405","주식회사 코원이앤씨","   1,295,800"
"8734","510385","주식회사 단비전력","   1,295,600"
"8735","510534","주식회사 호암이엘","   1,295,500"
"8736","113074","(주)신광전기","   1,295,100"
"8737","330312","(주)하진","   1,295,100"
"8738","320450","이지노브 주식회사(EZNOV INC.)","   1,294,500"
"8739","320139","(주)강남전기","   1,294,100"
"8740","640086","(주)컴온웍스","   1,293,700"
"8741","630062","아이오티씨큐 유한회사","   1,293,400"
"8742","350562","제이디네트워크 주식회사","   1,293,100"
"8743","311549","성광미디어통신(주)","   1,292,700"
"8744","430102","삼주전기 주식회사","   1,292,700"
"8746","620222","다진건설 주식회사","   1,292,300"
"8745","610356","주식회사 이음아이씨티","   1,292,300"
"8748","111307","엘지전자통신공사","   1,291,500"
"8747","630208","주식회사 드림지에스(DreamGS Co.,Ltd","   1,291,500"
"8749","550026","원시스템","   1,291,000"
"8750","312436","주식회사 대한이엔씨","   1,290,700"
"8752","350391","(주)한성전력","   1,290,300"
"8751","350469","주식회사 성운테크","   1,290,300"
"8753","112040","주식회사 에스티에스정보기술","   1,290,000"
"8755","550461","주식회사 로드아이티","   1,289,700"
"8754","202822","주식회사 더올아이티","   1,289,700"
"8756","201595","태영건설산업 주식회사","   1,289,600"
"8757","640038","주식회사 서호테크","   1,289,500"
"8758","620191","대양종합솔라팅 주식회사","   1,288,600"
"8759","311324","와이에스티(주)","   1,288,400"
"8761","200742","주식회사 우일전력","   1,288,100"
"8760","640081","(주)윤엔지니어링","   1,288,100"
"8762","630301","이룸정보통신 유한회사","   1,288,000"
"8763","160113","주식회사 민진","   1,287,800"
"8764","180030","주식회사  중앙정보통신","   1,287,700"
"8765","430260","(주)넥스트윈","   1,287,400"
"8766","320347","주식회사 가람이앤씨","   1,287,200"
"8767","320168","(주)청우디엔시","   1,287,100"
"8768","510549","(주)명성아이티","   1,286,900"
"8770","510719","주식회사 아인기술","   1,286,600"
"8769","311718","(주)메가클라우드","   1,286,600"
"8771","120401","(주)쌍용전기.통신.소방","   1,286,500"
"8772","620299","주식회사 에스씨앤아이","   1,286,400"
"8773","203967","153오디오랩 주식회사 (153audiolab Co.,Ltd.)","   1,286,300"
"8774","420440","컴한정보통신 주식회사","   1,286,100"
"8775","312255","주식회사 광원","   1,286,100"
"8777","430277","퍼스트정보기술","   1,286,000"
"8776","520141","주식회사 다름","   1,286,000"
"8778","510671","아라무선 주식회사","   1,285,900"
"8780","540467","주식회사 삼진전력","   1,285,700"
"8779","180008","한라전설(주)","   1,285,700"
"8781","620391","주식회사 로반","   1,285,000"
"8782","640055","금장정보통신(주)","   1,283,900"
"8784","630414","(주)디엔아이코퍼레이션","   1,283,900"
"8783","201965","(주)성도이엔지","   1,283,900"
"8785","410031","(주)블루네트웍스","   1,283,700"
"8786","420324","주식회사 세종정보통신기술","   1,283,400"
"8787","203664","주식회사 에이알텍","   1,283,000"
"8788","640153","주식회사 지안","   1,282,800"
"8789","140476","(주)대동전기","   1,282,700"
"8790","330348","케이정보통신 주식회사","   1,282,400"
"8791","120507","부성정보통신","   1,282,200"
"8792","203121","주식회사 퓨쳐아이넷","   1,282,100"
"8793","550082","주식회사 대원시스템즈","   1,282,000"
"8795","160013","(주)남형통신건설","   1,281,600"
"8794","150316","(주)태성정보통신","   1,281,600"
"8796","202622","주식회사 유스이앤씨","   1,281,100"
"8797","203788","주식회사 에이치엔링크","   1,280,900"
"8798","311256","제네시스이앤씨","   1,280,300"
"8799","330231","가람이엔지 주식회사","   1,279,600"
"8800","430252","주식회사 코테스","   1,279,200"
"8801","510575","(주)벽진엔지니어링","   1,278,600"
"8802","204069","부팅 주식회사(Booting Co., Ltd.)","   1,277,400"
"8803","630205","주식회사 서진","   1,277,300"
"8804","520163","주식회사 배가넷","   1,276,500"
"8805","640018","광덕전력(주)","   1,276,500"
"8806","620282","주식회사 투케이시스템","   1,276,400"
"8807","540117","(주)다웅네트웍스","   1,276,300"
"8808","610469","씨일렉 주식회사","   1,275,800"
"8809","440054","(주)스마트웨이","   1,275,700"
"8810","630360","주식회사 하랑","   1,275,000"
"8811","201014","(주)남전","   1,273,300"
"8812","440030","가나정보통신","   1,272,800"
"8813","310532","(주)엠로드정보시스템","   1,272,700"
"8814","550406","주식회사 아진네트워크","   1,272,500"
"8815","620390","가람네오텍 주식회사","   1,272,300"
"8816","312171","주식회사 윤우아이에스","   1,271,800"
"8817","430128","(주)건우전력","   1,270,900"
"8818","550354","(주)세븐아이티 ","   1,270,600"
"8819","203369","주식회사 씨앤아이플러스","   1,270,500"
"8820","350241","주식회사 미라클정보통신","   1,269,700"
"8821","201689","(주)인포텔앤텍","   1,269,400"
"8822","530429","마리정보통신","   1,269,200"
"8823","203117","주식회사 라온텍","   1,268,900"
"8824","640120","주식회사 성훈전력","   1,268,900"
"8825","110613","유호전기공업(주)","   1,268,400"
"8827","130216","주식회사 이담테크","   1,267,400"
"8826","350380","두주정보기술","   1,267,400"
"8828","201877","(주)한스웰","   1,267,000"
"8829","510605","주식회사 두텍아이티","   1,266,800"
"8830","510419","(주)준호기전","   1,266,600"
"8831","630361","신도익산센터","   1,266,000"
"8832","203028","주식회사 휴메카정보통신","   1,265,900"
"8833","620398","주식회사 커넥트온","   1,265,100"
"8834","311200","주식회사 영남전기공사","   1,264,400"
"8835","540406","주식회사 민이엔씨","   1,264,300"
"8836","610470","에이제이인포텍 주식회사","   1,264,200"
"8837","530062","화인시스템(주)","   1,264,000"
"8838","203692","텔레플러스 주식회사","   1,263,300"
"8839","180075","대국전기통신공사","   1,262,700"
"8840","430236","주식회사 주영","   1,262,600"
"8841","312500","주식회사 이음일렉콤","   1,262,300"
"8842","312337","주식회사 아이디에스","   1,262,300"
"8843","630241","지엘파워 유한회사","   1,261,600"
"8844","150042","신한전기 주식회사","   1,261,300"
"8845","530358","주식회사 모스전자","   1,261,000"
"8846","330344","주식회사 우리","   1,260,900"
"8848","311966","큐오이엔씨 주식회사","   1,260,800"
"8849","200956","주식회사 나진","   1,260,800"
"8847","120522","주식회사 에스엠이앤시","   1,260,800"
"8850","312466","다온넷 주식회사(DaonNet Co.,Ltd)","   1,260,800"
"8851","310859","엘케이전력(주)","   1,260,700"
"8852","510228","에이블컴(주)","   1,260,600"
"8854","430161","주식회사 하랑정보","   1,260,000"
"8853","312058","주식회사 세찬아이앤씨","   1,260,000"
"8855","610344","주식회사 다원텍","   1,259,700"
"8856","620161","(주)대동계전","   1,259,500"
"8857","140496","주식회사 지디이엔티","   1,259,300"
"8858","320267","신진아이앤씨(주)","   1,258,900"
"8859","320530","주식회사 청해정보기술","   1,258,600"
"8860","540399","주식회사 구주전력","   1,258,600"
"8861","420474","케이폴 주식회사","   1,258,500"
"8862","120536","부영정보통신공사","   1,258,200"
"8863","420214","나은시스템(주)","   1,257,900"
"8864","540343","주식회사 웅부정보기술","   1,257,600"
"8865","530014","(주)현진이앤씨","   1,257,500"
"8866","310172","(주)대양종합전기","   1,257,200"
"8867","202768","(주)유니드인포","   1,256,800"
"8868","200822","주식회사 동우이에프씨","   1,256,500"
"8869","202904","주식회사 대광사업단","   1,256,100"
"8871","410127","한뜻정보시스템(주)","   1,256,000"
"8870","203302","엔제이정보통신","   1,256,000"
"8873","120530","(주)박전사","   1,255,900"
"8872","180074","삼부하이텍","   1,255,900"
"8874","203588","주식회사 엠와이씨앤엠(MY C&M Co, Ltd.)","   1,255,800"
"8876","170130","주식회사 성원전기","   1,255,600"
"8875","202273","(주)이레에너지테크","   1,255,600"
"8877","312355","다알시스 주식회사","   1,255,500"
"8878","150567","(주)유테라시스","   1,254,500"
"8879","130289","(주)구이","   1,253,900"
"8880","430014","주식회사 리우","   1,253,700"
"8881","311472","DIOSYS 이천대리점","   1,253,500"
"8882","312046","(주)선경이에스티","   1,253,000"
"8883","430231","누리정보","   1,252,800"
"8884","330201","주식회사 대산전력","   1,251,200"
"8885","120472","삼광무선설비","   1,250,800"
"8886","201109","주식회사 경천일렉콤","   1,250,200"
"8887","320366","주식회사 아라이엔지","   1,250,100"
"8888","440065","주식회사 에스제이시 (SJC Co., Ltd.)","   1,249,800"
"8889","530136","(주)시스아이티","   1,249,600"
"8890","202590","주식회사 아이씨티이산업","   1,249,500"
"8891","320423","주식회사 코리아베스트네트워크","   1,249,500"
"8892","430132","주식회사 미르이앤씨","   1,249,400"
"8893","430349","(주)대우이앤지","   1,249,300"
"8894","610440","로이앤테크 주식회사","   1,248,600"
"8895","140216","주식회사 효원정보통신","   1,248,400"
"8896","111827","주식회사 케이에스엔지니어링","   1,248,200"
"8897","202589","주식회사 피스코이엔씨","   1,247,000"
"8898","112398","(주)아이피엑스","   1,246,500"
"8899","320125","(주)솔로몬시스템","   1,246,300"
"8900","530198","주식회사 영진정보통신","   1,245,600"
"8901","112072","보명정보통신","   1,245,000"
"8902","410242","(주)부원건설","   1,244,900"
"8903","120799","한길정보기술","   1,244,600"
"8904","311161","엠네트워크(주)","   1,244,300"
"8905","201539","(주)신창전기","   1,244,000"
"8906","510475","(주)범진","   1,243,000"
"8907","410180","대영전기(주)","   1,242,800"
"8908","203683","삼보종합이앤씨 주식회사","   1,242,700"
"8909","311506","(주)인문이엔씨","   1,242,500"
"8910","550072","(주)진영","   1,242,100"
"8911","312215","주식회사 소공","   1,241,900"
"8912","640058","(주)제현티씨에스","   1,241,500"
"8913","640062","(주)대경엔지니어링","   1,241,200"
"8914","203297","엔에이정보통신 주식회사","   1,241,000"
"8915","510075","동우기술(주)","   1,240,700"
"8916","312109","주식회사 에피넷","   1,240,700"
"8917","111700","주식회사 성실데이터통신","   1,240,400"
"8918","112648","에스엠컴","   1,238,400"
"8919","201621","(주)한일이앤에스","   1,238,200"
"8920","350232","주식회사 에스지엠","   1,237,900"
"8921","530103","(주)인포텔","   1,237,800"
"8922","530013","우리넷정보기술","   1,237,500"
"8923","620028","광주경보시스템","   1,236,300"
"8924","410333","대명시스템솔루션(주)","   1,236,200"
"8925","610139","(주)하늘천","   1,235,800"
"8926","540466","케이에스시스템","   1,235,800"
"8927","113016","탑스에이브이(주)","   1,235,400"
"8928","203982","홍문종합건설 주식회사","   1,235,200"
"8929","330159","주식회사 에스에스전력","   1,235,100"
"8930","320241","(주)샤인에너지","   1,234,600"
"8931","110660","바로이엔티 주식회사","   1,234,100"
"8932","111499","(주)엠티케이코리아","   1,233,500"
"8933","130228","주식회사 동남전기통신","   1,233,200"
"8934","630388","주식회사 벤투스","   1,233,000"
"8935","203235","주식회사 진명연합전설","   1,232,900"
"8936","330018","대성텔레콤(주)","   1,232,100"
"8937","610460","아현정보","   1,231,900"
"8938","610347","주식회사 아이티정보통신","   1,231,300"
"8939","510598","(주)비에이치이","   1,231,000"
"8940","330248","주식회사 가람","   1,230,700"
"8941","310992","아이펙스 주식회사 (IPECS Co., Ltd.)","   1,230,100"
"8942","430351","주식회사 윌코모시스템즈","   1,229,700"
"8943","311888","해광전기 주식회사","   1,229,200"
"8944","120254","주식회사 나누리정보시스템","   1,229,000"
"8945","320445","주식회사 원패스통신","   1,227,100"
"8946","320174","동신전기사(주)","   1,226,600"
"8947","310814","주식회사 라성정보","   1,226,500"
"8948","350274","주식회사 태왕전기","   1,226,000"
"8949","312045","새빛이앤엘(주)","   1,225,800"
"8950","430009","(주)삼성정보통신","   1,225,600"
"8951","350378","하나일렉콤 주식회사","   1,225,300"
"8952","111537","동일정보통신공사","   1,223,500"
"8953","610147","남광에너지(주)","   1,223,500"
"8954","410418","주식회사 대진방재","   1,223,100"
"8956","130472","(주)동방정보통신","   1,223,000"
"8955","110370","청원정보통신(주)","   1,223,000"
"8957","200836","주식회사 아진이앤씨","   1,222,300"
"8958","430324","(주)현정보시스템","   1,221,800"
"8959","330262","에스지에이강원 주식회사","   1,220,700"
"8960","510238","주식회사 일성정보기술","   1,220,600"
"8961","112503","주식회사 왕선전설","   1,220,500"
"8962","550454","정우개발 주식회사","   1,220,400"
"8963","430162","(주)이레정보통신","   1,219,700"
"8964","201630","주식회사 하성씨앤씨","   1,219,400"
"8965","130321","여명정보통신(주)","   1,219,300"
"8966","510587","(주)비전씨엔엘","   1,219,200"
"8967","410074","신세기통신(주)","   1,218,600"
"8968","430359","두원스마트앤그린 주식회사","   1,218,600"
"8970","203156","미디어아이씨티 주식회사 (Media ICT Co.,Ltd.)","   1,218,200"
"8969","311666","유니퀘스트(주)","   1,218,200"
"8971","510702","주식회사 이정이앤씨","   1,216,600"
"8972","203338","지디엘테크 주식회사","   1,216,500"
"8973","620144","(주)상하이엔지","   1,216,400"
"8974","204096","주식회사 스코넥엔터테인먼트","   1,216,300"
"8975","420239","성한 주식회사","   1,216,200"
"8976","120449","주식회사 빛이라","   1,216,100"
"8977","430310","초아정보시스템 주식회사","   1,215,500"
"8978","620179","(주)케이알이앤지","   1,215,400"
"8979","350078","주식회사 모건","   1,215,200"
"8980","112057","수연정보통신","   1,215,100"
"8982","540282","(주)서전이엔씨","   1,214,500"
"8981","620209","(주)디아이정보통신","   1,214,500"
"8983","430114","(주)명문전기","   1,214,200"
"8984","120137","주식회사 주연","   1,213,700"
"8985","320452","에스케이비인포","   1,213,100"
"8986","610021","주식회사 국일전력","   1,213,000"
"8987","311502","신화정보통신공사","   1,212,700"
"8988","420331","엘큐정보통신 주식회사","   1,211,800"
"8989","610083","(주)백림정보","   1,211,500"
"8990","202475","주식회사 어반링크","   1,210,900"
"8991","202790","삼성전기산업(주)","   1,210,600"
"8992","520140","주식회사 조은안전","   1,209,200"
"8993","203260","주식회사 미미엔지니어링","   1,208,300"
"8994","540253","화인정보통신(주)","   1,208,200"
"8995","350214","주식회사 라인전기공사","   1,207,700"
"8996","610214","신화통신 주식회사","   1,207,600"
"8997","110895","세빈테크 주식회사","   1,207,400"
"8998","510392","(주)아이티스","   1,207,200"
"8999","510635","주식회사 와이케이테크","   1,207,100"
"9000","520026","(주)에스아이인포콤","   1,206,300"
"9001","310534","(주)화산에스티아이","   1,205,900"
"9002","510004","(주)삼정전자통신","   1,205,500"
"9003","180026","주식회사 한영이엔씨","   1,205,400"
"9004","311614","주식회사 뉴우진","   1,204,700"
"9006","540248","풍산아이씨티","   1,204,500"
"9005","203018","주식회사 세연테크","   1,204,500"
"9007","311660","주식회사 세현전기통신","   1,204,300"
"9008","312285","주식회사 이수시스템","   1,203,800"
"9009","140313","주식회사 제이에이테크","   1,203,600"
"9011","430254","주식회사 다산테크","   1,203,500"
"9010","311995","주식회사 카카오엔터프라이즈","   1,203,500"
"9012","201511","(주)쌍봉교역","   1,203,200"
"9013","130177","동양통신","   1,202,100"
"9015","312257","주식회사 우리전력","   1,201,400"
"9014","140285","한라산업개발(주)","   1,201,400"
"9016","320166","(주)삼영컴퍼니","   1,199,700"
"9017","350518","블루미디어 주식회사","   1,199,700"
"9018","110391","대지통신공사","   1,197,800"
"9020","410131","(주)에이원정보통신","   1,197,600"
"9019","510808","주식회사 동남기술단","   1,197,600"
"9021","350188","주식회사 플러스전력","   1,197,500"
"9022","350222","(주)새한이엔씨","   1,197,400"
"9023","620412","가람정보기술 주식회사","   1,196,900"
"9024","201702","원진전력(주)","   1,196,600"
"9025","420488","주식회사 대호테크","   1,196,200"
"9026","320459","주식회사 호성","   1,196,100"
"9027","112440","(주)공항엔지니어링","   1,195,700"
"9028","111295","(주)대성전력","   1,195,000"
"9029","200467","(주)태융정보통신","   1,194,700"
"9030","200786","(주)솔버스","   1,194,700"
"9031","203671","도원이엔아이 주식회사","   1,194,500"
"9032","520083","울산미디어통신","   1,193,700"
"9033","112332","주식회사 대원아이씨티","   1,193,700"
"9034","203888","주식회사 네스터원","   1,193,200"
"9035","120843","빅히트아이앤씨 주식회사","   1,193,000"
"9036","120141","주식회사 일원정보통신","   1,192,800"
"9037","550495","주식회사 율테크","   1,192,400"
"9038","610416","주식회사 에스아이텍","   1,191,700"
"9039","410372","디엑스정보통신 주식회사","   1,191,500"
"9040","311815","우리이엔지 주식회사","   1,191,200"
"9041","350480","주식회사 한국씨씨앤","   1,191,100"
"9042","510588","(주)종합전력","   1,191,100"
"9043","430051","(주)기전사","   1,191,000"
"9044","202088","(주)포인엑스","   1,190,600"
"9045","203181","주식회사 제이렙(JLAB Co.Ltd)","   1,190,400"
"9046","610296","주식회사 솔로몬기술","   1,189,700"
"9047","112112","(주)신성건설","   1,189,200"
"9048","350134","이에스피(주)","   1,188,900"
"9049","630065","주식회사 서화전력","   1,188,400"
"9050","420167","(주)진원시스템","   1,187,700"
"9051","203904","주식회사 플럭시티 (Pluxity Co., Ltd.)","   1,187,700"
"9052","550411","주식회사 비담","   1,187,500"
"9053","510486","(주)성진정보기술","   1,187,100"
"9054","630358","주식회사 솔빛","   1,186,900"
"9055","510680","씨엘아이티 주식회사","   1,186,700"
"9056","113039","맥슨씨아이씨(주)","   1,186,600"
"9057","170137","(주)이비엔","   1,186,300"
"9058","610337","주식회사 비전","   1,186,000"
"9059","202619","(주)컨텍솔루션","   1,185,900"
"9060","530439","주식회사 데이콤","   1,185,200"
"9061","510637","주식회사 디지오디오(DigiAudio Inc.)","   1,184,500"
"9062","330078","(주)와이이씨","   1,184,200"
"9063","203757","주식회사 드림엔지니어링","   1,184,100"
"9064","610429","주식회사 미래이엔지","   1,183,900"
"9065","410061","(주)우성테크","   1,183,300"
"9066","530289","(주)이티씨","   1,183,300"
"9068","113475","(주)서울테크원","   1,182,800"
"9067","201996","엔케이전기(주)","   1,182,800"
"9069","170146","(주)우광전기통신","   1,182,700"
"9070","200689","주식회사 대유기전공사","   1,182,300"
"9071","203131","민성정보통신","   1,182,100"
"9072","310471","(주)단성","   1,182,100"
"9073","410344","(주)정인이앤씨","   1,181,000"
"9074","520128","영시스템","   1,180,900"
"9075","630056","티앤제이건설(주)","   1,180,700"
"9076","420261","주식회사 오르네","   1,180,400"
"9077","430314","주식회사 케이알넷","   1,179,300"
"9078","203711","주식회사 바른엔씨티","   1,178,600"
"9079","410346","주식회사 한국정보","   1,178,100"
"9080","430029","(주)제이","   1,177,900"
"9082","330283","(주)연희정보통신기술","   1,177,700"
"9081","120512","진영텔레콤","   1,177,700"
"9083","202183","주식회사 엔키텍(NKEETECH Co., Ltd.)","   1,177,500"
"9084","630060","유한회사 혁신엔지니어링","   1,176,500"
"9085","550237","남해조명전기","   1,176,500"
"9086","540020","대원정보통신","   1,176,400"
"9087","170094","(주)중앙개발","   1,176,100"
"9088","111921","석진전설","   1,175,700"
"9089","203584","주식회사 템피스트정보통신","   1,175,200"
"9090","420116","한양이이씨 주식회사","   1,175,000"
"9091","540328","(주)광림전기","   1,174,500"
"9092","410313","주식회사 신성엠티씨","   1,174,400"
"9093","420497","에스엔비정보통신","   1,173,200"
"9094","203762","주식회사 미래전설","   1,172,700"
"9095","130309","세광전설(주)","   1,172,300"
"9096","420481","주식회사 디에이치앤테크","   1,172,100"
"9097","540181","(주)명신전기통신","   1,171,600"
"9099","112388","주식회사 신라전력","   1,171,500"
"9098","202497","(주)스마트넷","   1,171,500"
"9100","150198","한국개발(주)","   1,170,600"
"9101","311747","주식회사 티씨엔","   1,170,400"
"9102","530257","제이비솔루션 주식회사","   1,170,400"
"9103","203485","주식회사 아이티오티넷","   1,170,100"
"9104","630368","주식회사 삼파랑","   1,169,800"
"9105","620203","(주)감성","   1,169,800"
"9106","510563","(주)씨큐테크","   1,169,400"
"9107","202109","(주)유투에스알","   1,169,300"
"9108","420170","(주)에스디새롬","   1,169,200"
"9109","620288","디멕스 주식회사(dMax Co..Ltd.)","   1,169,000"
"9110","610271","사이텍 주식회사","   1,168,900"
"9111","110075","주식회사 큰빛전력","   1,168,800"
"9112","430329","(주)두원전기소방","   1,168,700"
"9113","630186","주식회사 대방지","   1,168,600"
"9114","200477","이화공영(주)","   1,168,200"
"9115","510039","(주)허브정보통신","   1,168,100"
"9116","520108","우진통신","   1,167,000"
"9117","202950","아이브스 주식회사 (IVS Inc.)","   1,166,300"
"9118","350007","코마정보통신(주)","   1,166,200"
"9119","140301","우주통신공사","   1,166,000"
"9120","112240","주식회사 동아테크솔루션","   1,165,500"
"9121","530248","(주)유디넷","   1,165,300"
"9122","150332","중앙전자통신","   1,165,200"
"9123","312397","주식회사 일성정보통신","   1,164,400"
"9124","203656","주식회사 글로벌메타","   1,163,800"
"9126","312353","재성종합건설 주식회사","   1,163,000"
"9125","410243","주식회사 동민전기통신","   1,163,000"
"9127","430129","(주)국토","   1,162,900"
"9128","311090","(주)우리이엔시","   1,162,400"
"9129","312211","주식회사 대성티엠씨","   1,162,400"
"9130","640135","주식회사 정우계전","   1,162,200"
"9131","111260","(주)승원에이씨오","   1,162,200"
"9132","202737","다남전기(주)","   1,161,000"
"9133","430122","삼원전력(주)","   1,160,400"
"9134","110575","(주)제이티테크","   1,159,500"
"9136","203564","주식회사 태연정보","   1,159,300"
"9135","330047","(주)동양기전","   1,159,300"
"9137","510732","함일정보통신","   1,159,200"
"9138","430170","지(G)통신","   1,159,100"
"9139","510396","(주)태화전력","   1,159,000"
"9140","630279","주식회사 좋은내일","   1,159,000"
"9141","111311","주식회사 태산","   1,158,900"
"9143","550263","주식회사 유림이엔씨","   1,158,500"
"9142","312456","주식회사 아이티온","   1,158,500"
"9144","610418","주식회사 수수전력","   1,158,400"
"9145","430108","주식회사 엠앤에스","   1,158,000"
"9146","630377","(주)대성전기통신","   1,157,300"
"9147","112142","중앙텔콤(주)","   1,157,200"
"9148","320556","주식회사 튜닝맥가이버정보통신","   1,156,700"
"9149","203862","주식회사 윈비트","   1,156,500"
"9150","112541","그린아이티 주식회사","   1,156,300"
"9151","630240","유한회사 도원정보통신","   1,156,000"
"9152","203138","주식회사 한텍컨버전스(Hantec Convergence Co.,Ltd.)","   1,155,500"
"9153","150519","태극전기통신","   1,155,500"
"9156","130138","세광전기(주)","   1,155,200"
"9155","202299","(주)유일엔지니어링","   1,155,200"
"9154","203740","주식회사 극동이에프씨","   1,155,200"
"9157","640115","주식회사 인터시스템","   1,154,900"
"9158","203963","주식회사 태양전기","   1,154,800"
"9159","203526","경안이엔지 주식회사","   1,154,800"
"9160","200453","신동전자(주)","   1,154,300"
"9161","150134","세양통신","   1,153,100"
"9162","630329","주식회사 에이치에스정보기술","   1,153,000"
"9163","620008","세림이엔씨(주)","   1,152,700"
"9164","202885","벼리테크","   1,152,500"
"9165","112908","티엔에스정보통신","   1,152,500"
"9166","420306","금성건설 주식회사","   1,152,200"
"9167","201426","(주)삼영전업사","   1,151,100"
"9168","310876","(주)다인하이텍","   1,150,900"
"9169","610441","주식회사 바인컴","   1,150,700"
"9170","350286","한수전기통신공사","   1,150,500"
"9171","610015","(주)대아전력","   1,150,500"
"9172","311378","(주)씨엔정보통신","   1,150,400"
"9173","330098","주식회사 동아사무기와알파문구","   1,149,300"
"9174","540260","(주)금일이앤티","   1,148,800"
"9175","311876","(주)빌리언이십일","   1,148,500"
"9176","640109","주식회사 엘정보통신","   1,147,900"
"9177","330336","(주)이엔에이치시스템","   1,147,500"
"9178","311896","주식회사 위코테크","   1,147,300"
"9180","112777","주식회사 원천정보통신","   1,146,800"
"9179","610351","주식회사 잎새","   1,146,800"
"9182","530414","주식회사 트라피스(Trapeace Co. , Ltd.)","   1,146,100"
"9181","120756","오션통신산업","   1,146,100"
"9183","180054","남양티엔씨 주식회사","   1,145,000"
"9184","111160","(주)우진통신","   1,144,500"
"9185","150032","금아정보통신(주)","   1,144,500"
"9186","110586","(주)동아일렉콤","   1,143,600"
"9187","202763","주식회사 디에이치","   1,143,400"
"9188","530377","주식회사 부마스","   1,142,800"
"9189","610126","(주)청해이엔씨","   1,142,700"
"9190","203495","주식회사 윈텍정보통신","   1,142,500"
"9191","120776","(주)성전사","   1,141,700"
"9192","530389","(주)태광전력","   1,141,600"
"9193","320486","예감정보기술","   1,141,500"
"9194","202472","(주)아이티윈네트웍스","   1,141,200"
"9195","110824","(주)상신","   1,140,700"
"9197","320239","플러스전기(주)","   1,140,400"
"9196","110129","거우전설(주)","   1,140,400"
"9198","311183","(주)다산네트웍솔루션즈","   1,140,000"
"9199","203095","유한회사 대원엔지니어링","   1,139,900"
"9200","550415","주식회사 가나일렉트릭","   1,139,400"
"9201","200324","주식회사 위더스시스템(Withus system. Co.,Ltd.)","   1,138,800"
"9202","610044","성일전기 주식회사","   1,138,700"
"9203","120690","현대미디어","   1,138,700"
"9204","160239","(주)도원","   1,138,200"
"9205","330290","(주)인프라큐브","   1,138,000"
"9206","140155","주식회사 명은","   1,137,600"
"9207","430134","하나통신","   1,137,400"
"9208","311835","아이티코리아 주식회사","   1,137,200"
"9209","320412","동문정보통신 주식회사","   1,137,000"
"9210","312087","드림테크놀로지","   1,136,700"
"9211","530400","에스더블유이앤씨(주)","   1,136,700"
"9212","510453","(주)골드이엔지","   1,136,600"
"9213","130421","서진텔레콤(주)","   1,136,100"
"9214","620386","명서산업 주식회사","   1,135,800"
"9215","130229","보성전기통신(주)","   1,135,700"
"9216","330056","주식회사 동지전력","   1,135,500"
"9217","180061","마하 주식회사","   1,135,400"
"9218","510277","(주)아이테크","   1,134,400"
"9220","530035","구문전력 주식회사","   1,133,900"
"9219","620341","대로클래스 주식회사","   1,133,900"
"9221","350547","주식회사 원에어테크","   1,133,700"
"9222","110771","용진하이테크에너지(주)","   1,133,600"
"9223","410162","주식회사 이지통신","   1,133,100"
"9224","110353","보성통신","   1,133,000"
"9225","311618","주식회사 아이씨티솔루션스","   1,132,700"
"9226","630197","주식회사 하나테크","   1,132,500"
"9228","640035","(주)제이와이네트웍","   1,132,400"
"9227","510364","주식회사 지티이앤지","   1,132,400"
"9229","120406","주식회사 성원이엔씨","   1,131,900"
"9230","150633","도원아이티","   1,131,300"
"9231","630263","씨제이에이치 주식회사(CJH Co.,Ltd)","   1,130,800"
"9233","320460","네오테크 주식회사(NEOTECH Co., Ltd)","   1,130,500"
"9232","110174","주식회사 주원시스템","   1,130,500"
"9234","550126","주식회사 동영전력","   1,130,200"
"9235","350372","주식회사 다온테크놀로지","   1,129,600"
"9236","203165","주식회사 비케이정보시스템","   1,127,900"
"9237","410171","SIC정보통신","   1,127,800"
"9238","430266","한솔미디어","   1,127,000"
"9239","420053","(주)광전기통신","   1,126,700"
"9240","111176","인터엠 전자음향","   1,126,300"
"9241","350569","하나정보통신","   1,125,500"
"9242","610325","주식회사 서밋통신","   1,125,200"
"9243","530454","주식회사 파텍","   1,125,100"
"9244","203743","주식회사 삼우전력","   1,124,500"
"9245","640151","주식회사 인터비젼","   1,124,100"
"9246","330339","(주)신우이엔지","   1,123,500"
"9247","620388","주식회사 이룸시스템","   1,123,400"
"9248","203700","주식회사 다옴브릿지","   1,123,300"
"9249","510612","(주)타임넷","   1,122,800"
"9250","320424","주식회사 마이즈(Mize Inc.)","   1,121,900"
"9252","170035","(주)강원","   1,121,500"
"9251","203286","주식회사 이투비비(ETOBB Co., Ltd.)","   1,121,500"
"9253","202668","(주)에스디에스테크놀로지","   1,121,300"
"9254","610450","주식회사 아이티통신","   1,121,000"
"9255","200373","메이폴정보통신","   1,121,000"
"9256","550105","주식회사 다해","   1,120,700"
"9258","430243","주식회사 서정","   1,120,600"
"9257","620266","주식회사 디에이치정보","   1,120,600"
"9259","150048","(주)태정이앤아이","   1,120,000"
"9261","530410","주식회사 소프트플러스","   1,119,500"
"9260","610381","주식회사 청우기술단","   1,119,500"
"9262","330332","주식회사 제이케이전기","   1,118,800"
"9263","310871","(주)포에스에스","   1,118,600"
"9264","112756","대경정보통신(주)","   1,118,100"
"9265","540069","(주)비아이티","   1,118,000"
"9266","510322","대경기술(주)","   1,117,700"
"9268","311497","에이스원네트웍스(주)","   1,117,500"
"9267","430339","(주)삼도","   1,117,500"
"9269","312470","일양전설 주식회사","   1,116,300"
"9270","640198","주식회사 한성이엔지","   1,116,200"
"9271","630196","주식회사 유피플러스","   1,116,000"
"9272","510559","주식회사 형제전기통신","   1,115,800"
"9273","110918","(주)뉴비젼이엔지","   1,115,100"
"9274","310583","한울정보통신","   1,115,000"
"9277","180033","(주)성원정보통신","   1,114,900"
"9275","310325","주식회사 우진전기통신","   1,114,900"
"9276","350195","(주)센서라인","   1,114,900"
"9278","550285","에이스시스템 주식회사","   1,114,800"
"9279","320485","선우계전","   1,114,300"
"9280","203731","주식회사 중앙데이타통신기술","   1,114,000"
"9281","640156","주식회사 제주정보통신","   1,113,800"
"9282","320508","주식회사 미도전력","   1,112,900"
"9283","430127","주식회사 태광","   1,111,800"
"9284","510239","(주)알에프영상시스템","   1,111,600"
"9285","550361","세진전기통신 주식회사","   1,111,400"
"9286","310081","(주)대성전설","   1,111,300"
"9287","610175","주식회사 광주기술정보원","   1,111,300"
"9288","350175","아이팁스(주)","   1,111,000"
"9289","160108","주식회사 한광","   1,110,700"
"9290","530034","유토피아정보기술(주)","   1,109,500"
"9291","310086","(주)아이스기술","   1,109,200"
"9292","550438","태임전설 주식회사","   1,108,900"
"9293","150328","(주)한국전기","   1,108,800"
"9294","540077","대진지피아이 주식회사","   1,107,800"
"9295","350068","주식회사 루마린","   1,107,700"
"9296","350342","주식회사 에이엑스씨","   1,107,500"
"9297","113160","대림전력(주)","   1,107,500"
"9298","320403","주식회사 렉스코리아","   1,107,100"
"9299","111152","지멘스(주)","   1,106,300"
"9300","550341","하나통신 ","   1,105,900"
"9301","312014","주식회사 엘케이엔지니어링","   1,104,500"
"9302","350121","주식회사 시티종합건설","   1,104,100"
"9303","550325","미진정보통신","   1,103,700"
"9304","530166","주식회사 경도기술단","   1,103,600"
"9305","540298","큰나무 주식회사","   1,103,500"
"9306","311088","(주)디엘테크","   1,103,300"
"9307","160189","(주)다우","   1,102,700"
"9308","202214","두승전력(주)","   1,101,300"
"9309","510527","(주)정엔지니어링","   1,101,200"
"9311","410184","주식회사 세라비아이티","   1,101,100"
"9310","640152","주식회사 지디케이(GDK Co.,Ltd.)","   1,101,100"
"9312","530440","금정코리아 주식회사","   1,101,100"
"9313","510491","케이와이전자","   1,100,800"
"9314","330318","주식회사 제이엠정보통신","   1,100,200"
"9315","320069","주식회사 단아통신","   1,100,000"
"9316","201455","(주)아이씨스템","   1,099,800"
"9317","540385","주식회사 에이에스엘","   1,099,600"
"9318","201745","(주)오픈잇","   1,099,500"
"9319","550104","(주)타키온네트워크","   1,098,800"
"9320","540295","(주)대도산업","   1,098,400"
"9321","130233","태경전기 주식회사","   1,098,300"
"9322","112795","한양전기(주)","   1,098,000"
"9323","540223","(주)삼보정보통신","   1,097,800"
"9324","203480","주식회사 시그널아이씨티(SIGNAL ICT Co., Ltd.)","   1,097,700"
"9325","410266","(주)수성엔지니어링","   1,097,600"
"9326","410391","주식회사 제이에스텍","   1,097,500"
"9327","203199","주식회사 뉴타운전력","   1,097,200"
"9328","203955","주식회사 수림건설","   1,097,000"
"9329","620338","주식회사 아이원정보","   1,097,000"
"9330","110994","한국전기교통(주)","   1,096,600"
"9331","520126","주식회사 리드아이씨티","   1,096,000"
"9333","410034","일신이앤씨(주)","   1,095,900"
"9332","330293","주식회사 장천이엔지","   1,095,900"
"9335","350287","주식회사 성원이앤씨","   1,095,700"
"9334","150655","남도전기(주)","   1,095,700"
"9336","203130","주식회사 제이엔티시스템","   1,094,800"
"9337","140137","(주)아진통신","   1,094,700"
"9338","430073","동해이앤씨 주식회사","   1,093,800"
"9339","630250","주식회사 나전테크","   1,093,700"
"9340","510439","동남산전(주)","   1,093,600"
"9341","150405","(주)오리엔탈에이브이","   1,093,300"
"9342","550477","주식회사 에스엔에프","   1,092,800"
"9343","550428","주식회사 리우통신","   1,092,700"
"9344","112478","유아이티  정보통신","   1,092,400"
"9345","610399","주식회사 상정이엔지","   1,091,800"
"9346","610018","이레삼성정보통신","   1,091,700"
"9347","510703","주식회사 포앤텍","   1,091,200"
"9348","640112","주식회사 해성전력","   1,090,400"
"9349","610456","주식회사 드림캐처","   1,090,400"
"9350","520179","주식회사 리얼시큐","   1,089,900"
"9351","111870","주식회사 케이에이치넥스","   1,089,400"
"9352","540539","(주)에스엔케이","   1,089,100"
"9353","312482","화성전기(주)","   1,088,700"
"9354","540289","씨에스테크","   1,088,700"
"9355","620216","주식회사 와이에스씨엔에스","   1,087,300"
"9357","550423","주식회사 동양전력","   1,086,300"
"9356","201236","(주)윤익계전","   1,086,300"
"9359","202563","제이티비씨미디어텍 주식회사","   1,086,200"
"9358","510648","에스에이치전력(주)","   1,086,200"
"9360","120041","강서정보","   1,086,000"
"9361","112960","광원전설(주)","   1,085,500"
"9362","530004","주식회사 아셀","   1,085,400"
"9364","630385","유한회사 승현","   1,084,600"
"9363","620115","주식회사 장원전력","   1,084,600"
"9365","630261","에스시지제이비 주식회사","   1,083,200"
"9366","430216","만경엔지니어링 주식회사","   1,083,200"
"9367","110659","(주)해우정보시스템","   1,083,100"
"9368","640013","태흥네트웍스","   1,083,100"
"9370","203849","주식회사 동아종합전력","   1,082,800"
"9369","170149","강원종합통신","   1,082,800"
"9371","630296","주식회사 서정정보기술","   1,082,500"
"9373","410080","자연콤(주)","   1,082,300"
"9372","630391","유한회사 신성시엔시","   1,082,300"
"9374","530323","주식회사 대건텔","   1,082,200"
"9375","150127","세원정보통신","   1,082,000"
"9376","311851","(주)제이티코어","   1,081,800"
"9377","202694","(주)래오시스","   1,081,600"
"9378","320252","(주)아이엔텍","   1,080,600"
"9379","311057","(주)인테라에이브이씨","   1,080,400"
"9380","530423","주식회사 나눔컴오에이(NanumComOA Co.,Ltd.)","   1,080,300"
"9381","430322","주식회사 더호암","   1,080,100"
"9382","310584","(주)고려시스템즈","   1,079,600"
"9383","312286","주식회사 보광아이엔씨","   1,079,300"
"9384","530313","주식회사 경신파킹","   1,078,900"
"9385","111133","안세정보통신(주)","   1,077,900"
"9386","310043","우주특수A.V","   1,077,700"
"9387","410076","주식회사 새연통신","   1,077,500"
"9388","350599","주식회사 한성유니티","   1,076,400"
"9389","311222","(주)탑시스템이엔씨","   1,076,400"
"9390","150435","(주)경도","   1,076,200"
"9391","311377","(주)이노피아테크","   1,076,000"
"9392","330156","주식회사 미성테크","   1,075,000"
"9393","630177","유한회사 우보인","   1,074,900"
"9394","550256","우리전력(주)","   1,074,100"
"9395","540473","형신정보통신 주식회사","   1,074,000"
"9396","202802","주식회사 제이엘넷","   1,073,700"
"9397","150001","(주)장원정보통신","   1,073,700"
"9398","111632","백두전기통신(주)","   1,073,300"
"9399","510478","(주)타키온정보기술","   1,072,200"
"9400","202411","정일씨엔아이(주)","   1,071,800"
"9401","530458","주식회사 조은캠프","   1,071,700"
"9403","620399","주식회사 현대텍","   1,071,600"
"9402","620353","주식회사 무진전력","   1,071,600"
"9404","201431","오씨에스정보(주)","   1,071,100"
"9405","550414","인넷 아이텍","   1,071,000"
"9406","510316","(주)지엔데이타콤","   1,070,700"
"9407","540424","주식회사 엘림","   1,069,400"
"9408","550202","주식회사 이륙","   1,069,100"
"9409","130116","유한회사 태진전력","   1,069,100"
"9410","111869","삼지데이타","   1,068,600"
"9411","610281","주식회사 신세기통신","   1,068,100"
"9412","410342","(주)에이아이리더","   1,067,800"
"9413","610254","주식회사 화광이엔씨","   1,067,400"
"9414","150620","주식회사 제이정보통신","   1,067,100"
"9415","140116","주식회사 주아","   1,066,800"
"9416","312267","주연아이티 주식회사","   1,066,500"
"9417","550098","하나넷(주)","   1,066,400"
"9418","330180","(주)강원아이티","   1,066,100"
"9419","430315","주식회사 두산엔지니어링","   1,066,000"
"9420","120480","보금기업 주식회사","   1,065,800"
"9421","150214","(주)한보테크","   1,065,600"
"9422","113253","주식회사 태양전기","   1,065,400"
"9423","430247","(주)현승이엔씨","   1,065,100"
"9425","630207","주식회사 유성씨앤씨","   1,064,700"
"9424","510619","주식회사 대산정보","   1,064,700"
"9426","330062","(주)삼원파워텍","   1,064,500"
"9427","550161","(주)석광아이티에스","   1,064,300"
"9428","630254","주식회사 백산기업","   1,064,100"
"9429","620259","주식회사 전기안전","   1,063,500"
"9430","540308","주식회사 한명아이씨티","   1,062,700"
"9431","610216","푸르나테크(주)","   1,062,500"
"9432","550424","아이티마크","   1,062,400"
"9433","310961","주식회사 시드렙","   1,061,900"
"9434","203313","주식회사 와이즈인포텍","   1,061,200"
"9435","170046","(주)일광통신","   1,061,000"
"9436","312380","주식회사 다온아이씨티","   1,060,400"
"9437","202960","주식회사 에스티로직","   1,059,900"
"9438","311902","(주)신승티엘","   1,059,700"
"9439","440074","크리에이티브넷","   1,059,600"
"9440","203646","주식회사 동양(TONGYANG Inc.)","   1,059,500"
"9441","330206","주식회사 유남전력","   1,059,400"
"9442","610459","주식회사 연우정보","   1,059,100"
"9443","530212","주식회사 마스터원","   1,058,900"
"9444","430199","스카이라이프(주)","   1,058,800"
"9445","202537","한국공인피엠오(주)","   1,058,700"
"9446","311726","중앙정보","   1,058,400"
"9447","540057","주식회사 지에스기전","   1,058,200"
"9448","630111","주식회사 대정솔루션","   1,057,900"
"9449","202856","주식회사 마커스코리아","   1,057,800"
"9450","550337","해성전자","   1,057,500"
"9451","204149","새봄이엔지건축사사무소 주식회사","   1,057,400"
"9452","150049","대원통신(주)","   1,057,000"
"9453","510200","성원산전(주)","   1,056,400"
"9454","540237","(주)대신테크","   1,056,300"
"9455","203566","주식회사 더시스","   1,056,000"
"9456","530007","대경전자통신(주)","   1,055,900"
"9457","410042","주식회사 태성정보통신기술","   1,055,500"
"9458","330329","주식회사 제이와이","   1,055,400"
"9459","140194","주식회사 롬","   1,055,300"
"9460","630097","(주)대유통신","   1,055,200"
"9461","201610","주식회사 대상파워텍","   1,055,200"
"9462","330146","(주)현정보통신","   1,055,000"
"9463","320344","(주)비손테크","   1,054,900"
"9464","550349","산청정보통신 주식회사","   1,054,900"
"9465","630381","포이스트 주식회사","   1,054,500"
"9466","330250","주식회사 동광전력","   1,053,900"
"9468","111060","(주)에어텍시스템","   1,053,900"
"9467","510499","씨나비정보기술(주)","   1,053,900"
"9471","510393","세명전력(주)","   1,053,800"
"9469","201921","영진정보통신","   1,053,800"
"9470","550419","주식회사 나린정보기술","   1,053,800"
"9472","550173","세아전기 주식회사","   1,053,200"
"9473","203784","주식회사 지앤솔루션","   1,052,900"
"9474","201051","주식회사 국전사","   1,052,500"
"9475","111775","주식회사 삼익전설","   1,052,400"
"9476","320294","주식회사 지엠티일렉트릭","   1,051,700"
"9477","630152","유한회사 실라","   1,051,600"
"9478","120094","누리정보통신","   1,051,400"
"9479","311924","주식회사 위버아이엔티","   1,051,100"
"9480","610307","주식회사 한강아이씨티(ICT)","   1,050,800"
"9481","640030","대교정보통신","   1,050,800"
"9483","201221","(주)공간하이테크","   1,050,700"
"9482","311332","(주)에스지정보기술","   1,050,700"
"9484","420475","케이워터기술 주식회사","   1,050,700"
"9486","130506","홍성데이타통신","   1,050,000"
"9485","410337","동성건설(주)","   1,050,000"
"9487","430066","금평전설(주)","   1,049,800"
"9488","640128","주식회사 연우","   1,049,400"
"9490","312277","거맥전설 주식회사","   1,048,600"
"9489","410385","주식회사 백산이엔지","   1,048,600"
"9491","203325","주식회사 강남전기공사","   1,048,400"
"9492","311575","(주)신세기전력","   1,048,300"
"9493","311376","(주)태형씨엔씨","   1,048,200"
"9494","112443","하나로기술(주)","   1,048,100"
"9495","530022","구룡전기 주식회사","   1,047,900"
"9496","312678","주식회사 유니시스템즈","   1,047,500"
"9498","540516","주식회사 세명기업","   1,047,400"
"9497","410235","주식회사 서룡전기","   1,047,400"
"9499","630357","동우엔지니어링","   1,046,400"
"9500","420452","한성엔지니어링","   1,045,300"
"9501","203477","하스트 주식회사","   1,045,200"
"9502","510737","주식회사 아이엠지로드","   1,044,900"
"9503","350548","주식회사 에이스네트웍","   1,044,800"
"9504","180028","진일정보통신","   1,044,700"
"9505","430316","(주)휴먼씨","   1,044,400"
"9506","150200","주식회사 화인전설","   1,044,300"
"9507","630399","유한회사 오투","   1,044,000"
"9508","520178","CS미디어","   1,043,700"
"9509","113419","라인월드정보","   1,043,500"
"9510","620109","청담미디어 주식회사","   1,043,400"
"9511","312281","우리정보통신 주식회사","   1,043,300"
"9512","550446","주식회사 소프트윙스","   1,042,800"
"9513","150449","(주)대주통신","   1,042,800"
"9514","540344","코콤에스아이 주식회사","   1,042,800"
"9515","320274","주식회사 한마루이엔씨 (E&C)","   1,042,300"
"9516","310472","주식회사 에이치에스씨엠티(HS CMT Co.,LTD)","   1,042,300"
"9517","310962","한양이엔지(주)","   1,042,200"
"9518","170157","국제전설(주)","   1,042,100"
"9519","311905","(주)토탈계장","   1,041,900"
"9520","410051","(주)밝은전기","   1,041,800"
"9521","620387","주식회사 트로닉스","   1,041,400"
"9522","540469","세광통신 주식회사","   1,039,700"
"9523","150274","(주)가람","   1,038,200"
"9524","310465","(주)아이넷텔","   1,038,000"
"9525","510553","주식회사 성민기술","   1,037,800"
"9526","130146","일양정보통신","   1,036,600"
"9527","610234","유한회사 유연정보시스템","   1,036,500"
"9528","113209","LG미래정보통신","   1,036,400"
"9529","550473","주식회사 구룡정보통신","   1,036,400"
"9530","550443","가온뫼복지재단 사회적협동조합","   1,036,000"
"9531","630344","주식회사 가온누리","   1,035,400"
"9532","630219","주식회사 제이이엔씨","   1,035,200"
"9533","620085","(주)거성","   1,035,000"
"9534","330306","주식회사 알에스솔루션즈","   1,034,400"
"9535","350437","주식회사 엘에스정보통신","   1,034,300"
"9536","312076","주식회사 이레넷텍","   1,033,500"
"9538","530159","(주)삼부시스템","   1,032,700"
"9537","330266","주식회사 하이테크","   1,032,700"
"9539","410352","주식회사 하나전기통신","   1,032,400"
"9540","160215","삼성정보통신","   1,032,100"
"9542","550239","이앤텍","   1,031,600"
"9541","312069","(주)인화전기공사","   1,031,600"
"9543","203049","주식회사 케이엔테크","   1,031,100"
"9544","202872","주식회사 해나정보통신","   1,030,600"
"9546","201433","(주)삼우리정보통신","   1,030,400"
"9545","350436","(주)두일이엔씨","   1,030,400"
"9547","110428","(주)썬네트웍","   1,030,100"
"9548","530220","주식회사 세인전력","   1,030,000"
"9549","312241","주식회사 블루텍정보통신","   1,029,300"
"9551","320471","주식회사 제이엠테크닉스","   1,028,800"
"9550","111970","주식회사 아이넷","   1,028,800"
"9552","113344","(주)단아","   1,028,700"
"9553","350071","주식회사 평화전력","   1,027,900"
"9554","620063","영풍전력정보(주)","   1,027,800"
"9555","320430","대영정보기술 주식회사","   1,027,600"
"9556","202435","(주)에스엠전력","   1,027,300"
"9557","410173","우수이앤씨 주식회사","   1,026,800"
"9558","201070","현대씨앤알(주)","   1,026,800"
"9559","203569","주식회사 케이티엔에스티","   1,026,800"
"9560","620116","(주)실라전자","   1,026,600"
"9561","630280","드림방송시스템","   1,026,500"
"9562","170199","주식회사 태승","   1,026,000"
"9563","610183","주식회사 더원씨앤에이","   1,026,000"
"9564","150375","(주)스마일전기통신","   1,025,900"
"9565","330225","한울이앤씨(주)","   1,025,500"
"9566","330122","세종기업(주)","   1,025,300"
"9567","200678","주식회사 바른물산","   1,025,100"
"9568","540457","이현정보통신","   1,025,000"
"9569","530352","경인전력 주식회사","   1,024,900"
"9570","540437","주식회사 케이엔아이티","   1,024,600"
"9571","202084","이에스콘트롤스(주)","   1,024,400"
"9573","330310","주식회사 신아산전","   1,024,100"
"9572","150537","삼성정보통신","   1,024,100"
"9574","140305","주식회사 아이엠개발","   1,023,800"
"9575","110674","(주)한양케이앤이","   1,023,700"
"9576","203931","주식회사 데우스 (DEUS Inc.)","   1,023,700"
"9577","203852","주식회사 정현이엔지","   1,023,500"
"9578","430222","(주)남경기전","   1,023,300"
"9579","350493","주식회사 휴먼네트워크","   1,023,100"
"9580","310107","주식회사 태완기전","   1,022,900"
"9581","610050","대덕 주식회사","   1,022,500"
"9582","550365","주식회사 대성이엔지(ENG)","   1,022,400"
"9583","530361","주식회사 대일이에프씨","   1,022,200"
"9584","200244","바투 주식회사","   1,022,100"
"9585","550465","주식회사 태원기술정보","   1,021,700"
"9587","160148","남원통신공사","   1,021,100"
"9586","112725","이수정보통신","   1,021,100"
"9588","620406","다온솔루션 주식회사","   1,020,600"
"9589","540220","광명전기","   1,020,500"
"9590","640072","세인전기 주식회사","   1,020,200"
"9591","550301","해양전자","   1,020,100"
"9592","410138","신한이엔지(주)","   1,019,600"
"9593","320477","주식회사 알비테크아이씨티","   1,019,500"
"9594","350377","주식회사 에스피엠","   1,018,700"
"9595","540040","(주)삼화정보통신","   1,018,400"
"9596","111143","남양전기통신(주)","   1,018,200"
"9597","610382","주식회사 아이에스피","   1,018,100"
"9599","312212","주식회사 한신이엔씨","   1,017,600"
"9598","430197","(주)미성","   1,017,600"
"9600","320359","(주)보주정보통신","   1,017,300"
"9601","320368","태일전기 주식회사","   1,016,500"
"9602","540090","(주)동호","   1,016,200"
"9603","630166","보림기전","   1,015,900"
"9604","420013","태경정보통신(주)","   1,015,700"
"9605","112242","주식회사 인강","   1,015,400"
"9606","510710","소리나무","   1,015,000"
"9607","202712","낙원기업(주)","   1,014,800"
"9608","111731","(주)제이에스넷","   1,014,600"
"9609","640087","주식회사 고산","   1,014,400"
"9610","610426","주식회사 차이","   1,014,000"
"9611","620402","주식회사 오에이나라","   1,013,700"
"9612","330168","세경산전(주)","   1,013,300"
"9613","150329","(주)유신전력","   1,013,100"
"9614","111047","주택관리공단(주)","   1,012,900"
"9615","540524","주식회사 이지네트워크(Ez Network Co.,LTD)","   1,012,700"
"9616","113251","영화엔지니어링","   1,012,300"
"9617","110847","(주)우리기술","   1,011,800"
"9618","200539","주식회사 청림씨엔에스","   1,011,700"
"9619","201351","(주)현대종합기술","   1,011,600"
"9622","550400","에이치피(HP)테크","   1,011,100"
"9620","312351","주식회사 스마트파워","   1,011,100"
"9621","203579","주식회사 예본아이디","   1,011,100"
"9623","312025","미성전력 주식회사","   1,010,700"
"9624","330126","(주)대림엔지니어링","   1,010,600"
"9625","550174","(합)자유전력","   1,010,400"
"9626","540285","(주)발력이엔지","   1,010,100"
"9627","420457","주식회사 태원시스템","   1,010,000"
"9628","610428","주식회사 마린테크","   1,009,400"
"9629","203089","주식회사 21세기정보기술","   1,008,500"
"9630","140433","화성정보통신(주)","   1,008,400"
"9631","120337","(주)창진","   1,008,300"
"9633","550157","대일전기(주)","   1,008,200"
"9632","180003","(주)성우이앤씨","   1,008,200"
"9634","610352","주식회사 가온","   1,008,000"
"9635","640171","주식회사 인성전력","   1,007,800"
"9636","311208","주식회사 파맥스테크","   1,007,700"
"9637","110976","(주)테크미디어","   1,007,500"
"9639","202500","율림건설(주)","   1,006,900"
"9638","200646","주식회사 금천정보기술","   1,006,900"
"9640","203375","나비사회적협동조합","   1,005,800"
"9641","610244","(주)은성시스템","   1,005,700"
"9642","310887","(주)아이비테크","   1,005,400"
"9643","620371","주식회사 인테크","   1,005,100"
"9644","310936","(주)금강전기","   1,004,800"
"9645","510504","(주)오토기술","   1,004,600"
"9646","204024","보람아이앤씨 주식회사","   1,004,500"
"9647","540240","(주)양진이앤티","   1,004,200"
"9648","140165","남도건설(주)","   1,003,800"
"9650","620240","인셀(주)","   1,003,000"
"9649","312704","주식회사 담비기술","   1,003,000"
"9651","530391","주식회사 백년전설","   1,002,700"
"9652","113238","주식회사 가람전기","   1,002,500"
"9653","640182","주식회사 아진","   1,002,000"
"9654","630266","주식회사 케이엠에스","   1,001,900"
"9655","410343","주식회사 경동이앤지","   1,001,700"
"9656","410348","조아유기술 주식회사","   1,001,700"
"9657","430253","나라전력(주)","   1,001,400"
"9659","540043","주식회사 동성전기","   1,001,300"
"9660","130427","(주)아이지엠","   1,001,300"
"9658","140181","(주)진우이엔지","   1,001,300"
"9662","200524","(주)재신정보","   1,000,600"
"9661","312133","주식회사 네오비젼(NEO VISION Co., Ltd.)","   1,000,600"
"9663","110083","주식회사 리치이엔씨","   1,000,300"
"9664","150463","(주)경창전력","   1,000,100"
"9665","330211","주식회사 현대기전","     999,900"
"9666","120326","나우엔지니어링 주식회사","     999,700"
"9668","550457","주식회사 성심","     999,600"
"9667","540324","주식회사 동산시스템","     999,600"
"9669","640159","주식회사 대산","     999,000"
"9670","540470","조은정보통신","     998,800"
"9671","202469","(주)대상전력","     998,600"
"9672","140349","주식회사 경기기술공사","     998,600"
"9673","630330","주식회사 대양솔루션","     998,400"
"9674","320425","주식회사 아이티팩(ITFEC. Co., Ltd)","     998,400"
"9675","540440","주식회사 세운바이오","     998,300"
"9677","140486","금양통신","     998,200"
"9676","330313","주식회사 강원인에스","     998,200"
"9678","550398","주식회사 씨엔정보통신","     997,900"
"9679","311638","주식회사 대한전기기술단","     996,300"
"9680","202114","주식회사 청한이티엔","     996,200"
"9681","540443","세원정보통신","     995,900"
"9682","350201","(주)지앤드티","     995,900"
"9683","510584","(주)두리정보통신","     995,500"
"9685","350472","주식회사 하늘시스템","     995,400"
"9684","203746","새론아이씨티 주식회사 (SAERON-ICT CO.LTD.)","     995,400"
"9686","203529","주식회사 파인네트웍스","     995,300"
"9687","130265","(주)경보전설","     994,900"
"9688","312324","주식회사 케이커머스","     994,800"
"9689","510640","(주)금강시스템스","     994,500"
"9690","312012","세린정보기술(주)","     994,400"
"9691","202461","알티엘산업(주)","     994,200"
"9692","140078","나사(주)","     994,200"
"9693","330099","한덕철광산업(주)","     993,900"
"9694","204278","주식회사 티더블유앤씨","     993,200"
"9695","420434","주식회사 태오","     992,800"
"9696","530452","주식회사 태원아이티","     991,700"
"9697","311213","(주)씨엠네트웍스","     991,500"
"9698","510484","제이에스티(JST)","     991,500"
"9699","430038","(주)율성","     991,500"
"9700","630268","주식회사 수한이엔지","     991,300"
"9701","140394","(주)대성텔레콤","     991,200"
"9702","540319","(주)광희종합전설","     990,700"
"9703","310676","(주)그리마건설","     990,500"
"9704","350058","가보(주)","     990,200"
"9705","610379","(유)이오전기","     989,300"
"9706","330215","(주)아이캠","     989,100"
"9707","630287","주식회사 정강","     989,000"
"9708","330023","(주)정진","     987,700"
"9709","112627","(주)한국전설엔지니어링","     987,100"
"9710","550500","주식회사 해광통신","     986,900"
"9711","430230","주식회사 진정보통신","     986,700"
"9712","203148","주식회사 메타솔넷(MetaSolnet)","     985,900"
"9713","550467","주식회사 화승전력","     985,700"
"9714","350237","유영이앤씨(주)","     985,700"
"9715","350412","주식회사 지에프에스","     985,600"
"9716","111348","(주)효성이엔지","     985,500"
"9717","520033","다올산전 주식회사","     985,400"
"9718","203948","광일이엔씨 주식회사","     985,300"
"9719","202794","태흥산업기전(주)","     985,100"
"9720","110136","문화전기 주식회사","     984,800"
"9721","540420","주식회사 신우일렉콤","     983,100"
"9722","410305","주식회사 에스알에너지(SR ENERGY)","     983,000"
"9723","410178","삼흥전기 주식회사","     982,800"
"9724","311268","(주)디원이엔지","     982,800"
"9725","312059","제이에스파킹 주식회사","     982,700"
"9726","510265","한국인프라관리(주)","     982,500"
"9727","430325","주식회사 대광전력","     982,400"
"9728","311380","주식회사 올인원시스템","     982,300"
"9729","203574","주식회사 드림온네트워크","     982,100"
"9730","350308","한별오에이(OA)","     981,800"
"9731","204139","주식회사 불꽃","     981,600"
"9732","630168","주식회사 에스이씨","     980,600"
"9733","330092","(주)한성기술단","     980,300"
"9734","350385","(주)에이아이이엔지","     980,000"
"9735","202221","(주)케이엠데이타","     979,800"
"9736","610114","(주)진도전력","     979,400"
"9737","330298","주식회사 성현인포텍 (Seonghyun Infotech)","     979,100"
"9738","180035","삼영정보통신(주)","     978,700"
"9739","112442","주식회사 신성전력","     978,500"
"9740","410317","(주)엠아이티소프트","     978,400"
"9741","510741","주식회사 유나전기","     977,800"
"9742","312443","진화이엔지 주식회사","     977,600"
"9743","111300","선도전기(주)","     977,500"
"9744","203598","주식회사 카이저솔루션","     977,300"
"9745","640133","대성전기","     977,200"
"9746","410339","내포CCTV","     977,000"
"9747","540375","주식회사 동진전기통신","     976,500"
"9748","150254","나래전자통신","     975,800"
"9749","112395","(주)씨티크리스탈","     975,200"
"9750","630392","군산IT","     974,800"
"9751","311304","(주)진웅아이티시그널","     974,800"
"9752","204169","대성이앤티 주식회사","     974,200"
"9753","510728","주식회사 신화통신","     974,100"
"9754","510389","(주)아이티정보기술","     974,000"
"9755","330255","가온정보통신 주식회사","     974,000"
"9756","310460","주식회사 울트라정보통신","     972,500"
"9757","520167","한일전력 주식회사","     972,400"
"9758","311454","대성이엔에프(주)","     972,100"
"9759","204229","주식회사 동우유니온","     972,000"
"9760","620380","(주)엠아이소프트","     971,900"
"9761","610393","전산정보시스템","     971,800"
"9762","530251","(주)준석신호","     971,600"
"9763","150393","(주)지케이이","     971,600"
"9764","330022","(주)서광통신","     971,100"
"9766","410248","주식회사 신성","     970,700"
"9765","410284","주식회사 서해전력","     970,700"
"9767","202102","(주)에스이랩","     970,600"
"9768","610432","주식회사 하늘이엔씨","     970,400"
"9769","201406","(주)도원시스템즈","     970,300"
"9770","630393","휴먼시스템","     970,000"
"9771","202254","(주)금성전력기술","     969,800"
"9772","430187","(주)영화산업","     969,500"
"9773","550376","주식회사 와이이에스","     969,500"
"9774","640056","유나전력 주식회사","     969,400"
"9775","540310","(주)에이케이정보통신","     969,100"
"9776","312032","주식회사 하늘이엔씨","     968,600"
"9777","510295","제이몬 주식회사","     968,300"
"9778","310497","미송전기(주)","     968,000"
"9779","311259","신화엔지니어링(주)","     967,700"
"9780","130411","신양전업(주)","     967,700"
"9781","530364","주식회사 이소전력","     967,400"
"9782","430305","(주)상정정보통신","     967,100"
"9783","201481","주식회사 국제비엠에스","     967,100"
"9784","620238","경승건설 주식회사","     967,000"
"9787","113087","세한통신(주)","     966,500"
"9786","111177","주식회사 신화전기","     966,500"
"9785","610373","제이에스","     966,500"
"9788","203980","주식회사 모르제","     966,200"
"9789","420161","(유)다함","     966,000"
"9790","640158","주식회사 동양파킹시스템","     965,600"
"9792","610131","새천년종합건설(주)","     964,900"
"9791","311826","주식회사 지테크","     964,900"
"9793","410402","(주)현대이엔지","     964,500"
"9795","330152","주식회사 가나전기공사","     964,100"
"9794","201884","(주)고덕종합건설","     964,100"
"9796","410383","(주)메트로정보통신","     963,800"
"9797","510308","성보전기공업(주)","     963,600"
"9798","350566","주식회사 원테크산업","     963,600"
"9800","311205","(주)코리아통신","     963,000"
"9799","120001","다온이엔씨 주식회사","     963,000"
"9801","310783","지승건설(주)","     962,800"
"9802","130086","(주)세기사","     962,700"
"9803","330157","주식회사 서희전기","     962,600"
"9804","312597","씨이엔코퍼레이션 주식회사","     962,500"
"9806","430301","주식회사 세움","     962,100"
"9805","312110","주식회사 미르텍","     962,100"
"9807","130414","에스콤아이엔씨(주)","     962,000"
"9808","410253","(주)엠에프이앤아이","     961,800"
"9809","330322","주식회사 에스디포","     961,700"
"9810","312472","주식회사 아이원","     961,200"
"9811","110043","(주)광명전기","     960,500"
"9812","620257","다원씨에스 주식회사","     960,400"
"9813","130161","(주)한넷텍","     959,800"
"9814","312249","우암건설 주식회사","     959,800"
"9816","630366","성원기술개발 주식회사","     959,600"
"9815","430336","주식회사 다온이엔씨","     959,600"
"9817","640163","주식회사 태림전력","     959,300"
"9818","312023","주식회사 서부전력","     959,100"
"9820","520146","주식회사 제이정보통신","     958,800"
"9821","410222","주식회사 현승","     958,800"
"9819","510662","주식회사 티엔에스파크","     958,800"
"9823","120157","(주)티.이.씨","     958,400"
"9822","310126","우성기업(주)","     958,400"
"9824","140286","주식회사 원이앤씨","     957,500"
"9825","540059","(합자)두창이앤에스","     957,000"
"9826","540164","(주)대한전기","     956,200"
"9827","520158","주식회사 대운통신","     956,000"
"9828","150311","주식회사 한국 ","     955,700"
"9829","160024","주식회사 길호","     955,500"
"9831","430331","주식회사 희성","     955,300"
"9830","202935","청목이앤아이 주식회사","     955,300"
"9832","630315","유한회사 엘파워닉스","     954,900"
"9834","440022","(주)인정보기술","     954,600"
"9833","202519","(주)에디슨전기","     954,600"
"9835","610047","주식회사 대경이엔씨","     954,000"
"9836","620171","주식회사 현대미디어","     953,600"
"9837","203902","주식회사 에듀트론","     953,300"
"9838","312148","주식회사 가나안엔티씨","     953,000"
"9839","410296","주식회사 온천신호","     952,800"
"9840","630310","주식회사 은성에스아이티","     952,700"
"9842","610267","주식회사 더한아이엔씨","     952,600"
"9841","112894","수자원기술(주)","     952,600"
"9843","312499","주식회사 엔틱이엔씨","     952,200"
"9844","312486","주식회사 더아이프","     952,000"
"9845","200247","성도전자","     951,200"
"9846","160177","부일건설(주)","     950,400"
"9847","550451","주식회사 다이은네트웍스","     950,300"
"9848","510617","이한기술단(주)","     950,100"
"9849","120607","코리아통신공사","     950,000"
"9850","112593","(주)온누리이엔씨","     949,600"
"9851","320476","중양산업건설 주식회사","     948,800"
"9853","530320","주식회사 유화테크","     948,700"
"9852","510336","해성통신 주식회사","     948,700"
"9855","312613","주식회사 포스트알","     948,600"
"9854","510448","(주)동양전력","     948,600"
"9857","350410","주식회사 인큐비젼","     948,500"
"9856","550421","주식회사 세인에스비","     948,500"
"9858","640164","주식회사 광현전력","     948,400"
"9859","312376","엘제이시스템 주식회사","     947,600"
"9860","113480","신우전기통신공사","     947,600"
"9861","320521","주식회사 두힘","     947,300"
"9862","120117","원창정보건설","     945,600"
"9863","410394","주식회사 네오릭스","     945,400"
"9864","180057","주식회사 비엠케이네트웍스","     945,400"
"9865","204018","주식회사 이음넷정보통신","     944,900"
"9866","113319","(주)씨엠비젼전기통신","     944,600"
"9867","610007","(유)월드정보소프트밸리","     944,100"
"9868","200584","(주)본네트시큐","     944,000"
"9869","630142","(주)신일","     944,000"
"9870","530214","(주)삼진씨앤씨","     943,500"
"9871","610445","주식회사 영은정보","     942,700"
"9872","203945","창대하이텍 주식회사","     942,600"
"9873","610398","주식회사 동신","     942,500"
"9874","630362","스마트테크","     942,000"
"9875","350117","(주)발해정보통신","     942,000"
"9876","160128","대일정보통신","     941,700"
"9877","420232","퀀텀엣지 주식회사","     941,600"
"9878","312401","주식회사 이스타엔텍","     941,000"
"9879","610105","(주)흥진","     940,900"
"9880","530397","주식회사 에쓰지(SG co.)","     940,800"
"9881","120191","주식회사 건우","     940,500"
"9882","111960","인터컴넷(주)","     940,200"
"9883","130255","삼보통신공사","     939,900"
"9884","520181","주식회사 태영전기","     939,700"
"9885","350481","주식회사 에이원정보통신","     939,600"
"9886","640085","주식회사 동은전력","     939,300"
"9887","204175","케이디에프에스 주식회사","     939,100"
"9888","430154","예광전설(주)","     939,000"
"9889","510755","주식회사 우영아이티","     938,100"
"9890","120578","주식회사 에이치와이이앤씨","     937,800"
"9891","120662","영일이앤씨 주식회사","     936,900"
"9892","530254","(주)아석전기","     936,600"
"9893","150258","주식회사 한미전기","     936,000"
"9894","310500","주식회사 피앤아이티","     935,400"
"9895","540380","혜성이앤티","     935,200"
"9896","330363","주식회사 소리넷","     935,100"
"9897","201718","(주)인타임정보","     934,700"
"9898","111482","(주)승진정보","     934,600"
"9899","410306","주식회사 컨텍","     934,500"
"9900","330195","주식회사 형보정보통신","     934,200"
"9901","430169","보람전설(주)","     933,900"
"9902","112218","(주)제일전력","     933,800"
"9903","112784","이룸테크 주식회사","     933,700"
"9904","310916","(주)신일전기통신공사","     933,500"
"9905","430258","주식회사 다온누리","     933,400"
"9906","430174","우신전설(주)","     933,400"
"9907","550273","원미디어정보통신","     932,900"
"9908","110095","주식회사 우주전력","     932,700"
"9909","510747","주식회사 포플랜트","     932,600"
"9910","410189","천둥이앤지 주식회사","     932,300"
"9911","310695","빛탑건설 주식회사","     932,200"
"9912","410067","주식회사 수덕","     930,900"
"9913","610132","주식회사 천광이엔지","     930,700"
"9914","610080","(주)진일","     929,600"
"9915","130076","삼정전기통신(주)","     929,300"
"9916","204131","영정보통신 주식회사","     927,000"
"9917","350456","주식회사 태산트래픽","     926,500"
"9918","320291","주식회사 예향엔지니어링","     926,200"
"9919","180079","그린정보통신","     926,100"
"9920","310614","(주)신세계토건","     926,100"
"9921","150395","태흥정보통신","     925,800"
"9922","120398","(주)덕양이엔티","     925,800"
"9923","540017","(주)마하정보통신","     925,500"
"9924","330349","주식회사 피앤엘","     925,400"
"9925","311056","위즐리앤컴퍼니(주)","     925,100"
"9926","202881","에스트랜스포트 주식회사","     925,000"
"9927","150598","(주)디피아이","     924,500"
"9928","203878","주식회사 에스제이이에프씨","     924,000"
"9929","203195","주식회사 아리아","     923,700"
"9930","310458","주식회사 우도전기","     923,500"
"9931","112134","주식회사 바인시스템","     923,000"
"9932","530284","주식회사 제일전기","     922,600"
"9933","610102","(주)태운전력산업","     922,600"
"9934","350250","삼보네트워크","     922,500"
"9936","120802","대지전설(주)","     922,400"
"9935","410330","(주)탑티엔씨","     922,400"
"9937","510593","대한정보기술","     922,300"
"9939","312020","주식회사 해토주차시스템","     922,200"
"9938","510560","(주)동아네트웍스","     922,200"
"9940","312074","주식회사 휴먼아이티","     922,200"
"9941","204140","주식회사 클러쉬(Clush Inc.)","     921,900"
"9942","350411","주식회사 토탈솔루션","     920,900"
"9943","350571","주식회사 만나정보통신","     920,800"
"9945","110393","(주)국민산업","     920,700"
"9944","540505","주식회사 미르텍","     920,700"
"9946","312287","주식회사 이문통신","     920,500"
"9947","160139","주식회사 삼경이엔지","     919,400"
"9948","610242","(주)백두기연","     919,300"
"9949","430323","성화전기정보통신 주식회사","     919,100"
"9950","540268","합자회사 기명이아이티","     919,000"
"9951","530165","(주)엘투테크","     919,000"
"9952","204025","주식회사 엔터테크","     918,700"
"9953","550471","(주)만성전기","     918,400"
"9954","540478","주식회사 일류파워텍","     918,100"
"9955","320293","(주)제이에이치에너지","     917,800"
"9956","510749","디지마린 주식회사(DG Marine Inc.)","     917,700"
"9957","320154","(주)삼우통상","     917,000"
"9958","312116","주식회사 에코원","     917,000"
"9959","311278","(주)우현씨엔에스","     916,400"
"9960","170091","동도전력(주)","     916,100"
"9961","540353","주식회사 와이앤에이치","     915,800"
"9962","410295","세창정보","     915,200"
"9963","540172","주식회사 영진통신","     914,600"
"9964","110470","(주)동명이엔지","     914,100"
"9965","150212","주식회사 가원엔지니어링","     913,900"
"9966","510189","(주)이엠시스텍","     913,600"
"9968","350554","한빛전력주식회사","     913,300"
"9967","201534","두성건설(주)","     913,300"
"9969","150135","(주)한우기업","     913,100"
"9970","430176","(주)두성정보통신","     912,200"
"9971","130192","성무이씨에스(주)","     911,600"
"9972","630369","(주)금도건설","     911,500"
"9973","120611","대성전력(주)","     911,200"
"9974","520034","금양그린파워 주식회사","     910,600"
"9975","312244","세운이엔씨","     910,600"
"9976","430341","(주)신화일렉트릭","     910,500"
"9978","130448","주식회사 경기종합기술","     910,300"
"9977","203076","주식회사 미라클산업","     910,300"
"9979","113116","주식회사 지아이이앤씨","     909,500"
"9980","410161","주식회사 디와이 (DY Co., Ltd.)","     909,500"
"9981","111134","원흥이엔씨 주식회사","     908,900"
"9982","120553","주식회사 더아이앤씨","     907,900"
"9983","550425","주식회사 원이엔씨","     907,400"
"9984","170166","주식회사한울전기통신","     907,200"
"9985","312679","민준이엔씨","     907,000"
"9986","510804","주식회사 광명토탈엔지니어링","     907,000"
"9987","610383","주식회사 태화산업","     906,600"
"9988","420174","(주)세광정보","     906,500"
"9989","310406","주식회사 동연전설","     906,100"
"9990","310647","(주)지에스피씨스템즈","     905,800"
"9991","610465","주식회사 제이에스글로벌","     905,400"
"9993","630379","유한회사 에이치디기술","     905,300"
"9992","610302","주식회사 앤트윈","     905,300"
"9994","540326","휘안시스템(주)","     904,400"
"9996","550326","주식회사 제일전기","     903,900"
"9995","310874","에이스콘트롤 주식회사 (Ace Control Co., Ltd.)","     903,900"
"9997","510691","주식회사 고산지에스","     903,800"
"9998","202889","주식회사 선우정보통신","     903,700"
"9999","540195","광선전설(주)","     903,300"
"10000","113435","이스타건설 주식회사","     903,200"
"10001","350032","청석전기(주)","     903,000"
"10002","311359","우진전기 주식회사","     902,900"
"10003","540110","미래전기(주)","     902,800"
"10004","203910","주식회사 서원엠이씨","     902,500"
"10005","630405","주식회사 레이테크","     902,200"
"10006","350523","주식회사 세타","     901,300"
"10007","200049","(주)제이앤비이노베이션","     901,100"
"10008","540495","주식회사 이성","     900,700"
"10009","112971","(주)이피이","     900,200"
"10010","311513","(주)에스유아이씨티","     899,800"
"10011","350555","주식회사 바른씨에스","     898,800"
"10012","350400","주식회사 씨에스텍경기","     898,300"
"10013","410320","한길정보통신","     898,000"
"10014","311151","(주)보보스","     897,600"
"10015","640123","주식회사 국보전력","     897,300"
"10016","111674","주식회사 제이에스넷","     896,900"
"10017","540557","주식회사 비전네트","     896,700"
"10018","120811","(주)에스지","     895,500"
"10019","550444","주식회사 에스에이치","     895,500"
"10020","430136","씨제이보안정보통신(주)","     895,400"
"10021","510794","주식회사 장천","     895,300"
"10022","110329","주식회사 서영","     895,000"
"10023","510248","(주)비즈콤","     894,800"
"10024","330217","유한회사 현대전기","     894,700"
"10025","320507","주식회사 아이티에이","     894,000"
"10027","630091","(주)현대전력","     893,400"
"10026","610014","(주)금강전력","     893,400"
"10028","111649","(주)화인네트웍스","     892,600"
"10029","201505","주식회사 삼성이엔지","     892,400"
"10030","202546","(주)용백전설","     892,200"
"10031","201618","주식회사 우진이엔씨","     892,100"
"10032","350085","성진머티리얼즈 주식회사","     892,100"
"10033","630304","주식회사 건국","     892,000"
"10034","530061","(주)동광전기","     891,800"
"10035","630402","주식회사 링크롤 (Linkrol Co.,Ltd.)","     891,800"
"10036","620312","(주)도일전력","     891,100"
"10037","111151","(주)흥화","     891,100"
"10038","510204","주식회사 광덕기업","     890,600"
"10039","410399","주식회사 디바이스전기통신","     890,400"
"10040","320276","미가건설 주식회사","     890,300"
"10041","350556","주식회사 지안","     889,900"
"10042","330229","현대씨앤이 주식회사 (HYUNDAI C&E Co.,Ltd)","     889,600"
"10043","202493","주식회사 가교전력","     889,600"
"10044","160103","(주)신성건설","     889,200"
"10045","620407","O&C system","     889,000"
"10046","330277","(주)삼부연","     888,800"
"10047","311886","에이직","     888,700"
"10048","350228","주식회사 가우테크닉스","     888,600"
"10049","170012","주식회사 가보","     888,500"
"10050","610029","(주)한광","     888,200"
"10051","140322","(주)해림테크","     888,100"
"10052","312487","주식회사 브라더훗이앤씨","     887,700"
"10053","111144","동일전업사","     886,800"
"10054","510333","아세아전기 주식회사","     886,700"
"10055","204044","주식회사 아파트허브","     886,300"
"10056","330241","주식회사 봉화조명정보기술","     886,100"
"10057","330315","주식회사 가나전력","     885,900"
"10058","140293","주식회사 라인엔지니어링","     885,600"
"10059","610392","(주)우창이엔지","     885,200"
"10060","410079","(주)동훈전설","     885,100"
"10062","130154","(주)테라","     885,000"
"10061","140023","광주통신","     885,000"
"10063","140208","주식회사 해성전기","     884,500"
"10064","550257","주식회사 아이비에스티","     884,000"
"10065","610283","에녹 주식회사","     883,900"
"10066","420473","주식회사 시언","     883,600"
"10067","550299","주식회사 청평","     883,200"
"10068","550013","유비큐테크놀로지(주)","     883,000"
"10069","620293","주식회사 남전","     882,700"
"10071","204210","주식회사 한국건축물성능관리원","     881,500"
"10070","330100","한성전력(주)","     881,500"
"10072","310459","(주)현화아이티에스","     881,300"
"10073","330337","주식회사 케이피전력","     881,200"
"10074","311833","주식회사 한성테크","     881,100"
"10076","620432","사단법인 어울림복지재단","     880,900"
"10075","510774","주식회사 효성기술단","     880,900"
"10077","320332","(주)청연인프라","     880,600"
"10078","310809","동우에스지이(주)","     880,100"
"10079","311971","주식회사 비에스씨엔지니어링","     880,000"
"10080","550329","주식회사 의령정보통신","     880,000"
"10081","202561","(주)대상기업","     879,900"
"10082","630227","미동이엔씨 주식회사","     879,400"
"10083","320132","주식회사 이나인파워텍","     878,900"
"10084","201570","장원정보기술","     878,800"
"10085","620350","대흥정보통신 주식회사(DaeHeung ICT Inc.)","     878,600"
"10087","610455","위본건설 주식회사","     878,400"
"10086","203289","주식회사 신지전설","     878,400"
"10088","112877","주식회사 대창일렉스","     878,300"
"10089","420163","(주)디와이기전","     878,100"
"10090","610043","주식회사 지공이엔씨","     877,900"
"10091","120463","(주)동주이엔씨","     877,200"
"10092","150285","주식회사 강북전설","     877,000"
"10093","350394","주식회사 메타","     876,100"
"10094","120695","주식회사 경서통신","     875,600"
"10095","620198","(주)무현정보통신","     875,500"
"10096","310462","한강정보통신","     875,300"
"10097","550431","(주)부경전기통신","     875,200"
"10098","112652","(주)세진전설","     874,800"
"10099","110716","주식회사 두배라","     874,300"
"10100","520124","주식회사 정인이엔지","     874,200"
"10101","350100","주식회사 다옴건설","     874,100"
"10102","420308","대하테크원 주식회사","     874,000"
"10103","550492","창원정보테크 주식회사","     873,600"
"10104","610388","주식회사 한길이앤씨","     873,400"
"10105","320217","(주)한백엔지니어링","     873,100"
"10106","170122","동아전업사","     872,500"
"10107","640142","주식회사 산남전력","     872,400"
"10108","550536","주식회사 원종합관리","     872,200"
"10109","530441","주식회사 더젠 (The-gen)","     872,100"
"10110","330089","(주)정도전기통신","     871,800"
"10111","610161","(유)금화이엔에스","     871,500"
"10112","200641","주식회사 누리플렉스","     871,400"
"10114","112288","유광미디어","     871,100"
"10113","640040","진성전력(주)","     871,100"
"10115","312165","주식회사 다보링크","     870,900"
"10116","320437","주식회사 피아이전기건설","     870,800"
"10117","630189","주식회사 베스텍이앤지","     870,500"
"10118","510630","(주)디엠티","     870,400"
"10119","330240","주식회사 에코정보통신","     870,200"
"10120","350141","주식회사 유신","     869,800"
"10121","150677","이한전력 주식회사","     869,600"
"10123","510718","아몽일렉트로 주식회사","     869,400"
"10122","311323","(주)녹십자이엠","     869,400"
"10124","202692","(주)부일","     869,300"
"10125","410109","(주)벧엘산전","     869,000"
"10126","630396","주식회사 에스아이티","     868,500"
"10127","410124","세종신호에너지 주식회사","     868,400"
"10129","320453","주식회사 정원엘피","     868,100"
"10128","630318","주식회사 우석엔지니어링","     868,100"
"10130","203964","주식회사 극동파워테크","     867,600"
"10132","111726","하이테크텔(주)","     867,500"
"10131","610412","주식회사 선우건설","     867,500"
"10133","203993","주식회사 힐탑아이씨티","     867,100"
"10135","540331","주식회사 디에이치테크","     866,800"
"10134","160126","디지털코리아","     866,800"
"10137","550044","주식회사 남선알미늄","     865,900"
"10136","204271","주식회사 링크넷코리아","     865,900"
"10138","312209","대한민국씨씨티비협동조합(Korea CCTV Cooperative Organization)","     865,800"
"10139","620434","다함기술산업(주)","     865,400"
"10141","320564","더클-넷","     865,400"
"10140","204165","주식회사 동성이앤씨원(ENC1)","     865,400"
"10142","203481","주식회사 지투아이넷","     865,100"
"10143","201365","(주)대산엔지니어","     864,700"
"10144","610085","(주)에스이테크","     864,700"
"10145","330304","주식회사 천운","     864,600"
"10146","111101","주식회사 스카이정보통신","     863,900"
"10147","140463","주식회사 오정산업","     863,900"
"10148","530095","주식회사 성도전자","     863,700"
"10149","150102","대광건설 주식회사","     862,700"
"10150","630157","주식회사 세이브에너지","     862,600"
"10151","201416","세종전기(주)","     862,500"
"10152","510771","주식회사 삼룡","     861,900"
"10153","550205","대보전력(주)","     861,900"
"10154","540287","HK시스템","     861,400"
"10155","630400","주식회사 파이렌","     860,500"
"10156","311783","이삭엔지니어링 주식회사","     860,400"
"10158","540381","수정정보통신","     860,000"
"10157","350476","주식회사 예감","     860,000"
"10159","120477","(주)모든정보통신","     859,200"
"10160","630172","주식회사 광명이엔지","     859,200"
"10161","202689","(주)파이런텍","     859,100"
"10163","201189","유석산업(주)","     858,900"
"10162","430018","(주)지투기술","     858,900"
"10164","310793","(주)제일전기","     858,800"
"10166","330338","철원전기 주식회사","     858,200"
"10165","620361","제이아이건설 주식회사","     858,200"
"10167","530484","케이에스티앤티","     857,800"
"10169","640042","(주)진우소프트이노베이션","     857,400"
"10168","640161","주식회사 다영전기통신","     857,400"
"10170","550246","금오에너지융합(주)","     857,300"
"10171","640130","흥원통신","     857,300"
"10172","150158","주식회사 우성통신","     857,300"
"10173","311863","벧엘전력 주식회사","     856,600"
"10174","550169","경도전력 주식회사","     856,500"
"10175","640070","주식회사 광동전력","     856,300"
"10176","330246","씨에스건설 주식회사 ","     855,800"
"10177","330359","주식회사 이즈온","     855,600"
"10178","520187","한성전력 주식회사","     855,300"
"10179","150563","(주)게이트시스템","     855,000"
"10180","203621","한빛디엔에스 주식회사","     854,700"
"10181","530409","주식회사 대부전력","     854,500"
"10183","520048","금호전업(주)","     854,000"
"10182","520043","가람정보통신","     854,000"
"10184","203653","비즈메소드 주식회사","     853,900"
"10185","540491","태양이앤씨","     853,900"
"10186","200859","(주)와이엔오비","     853,700"
"10187","430171","(주)나노시스","     853,300"
"10188","202374","진일전기 주식회사","     853,200"
"10189","510523","(주)신우하이텍","     853,100"
"10190","350306","(주)애니테크","     853,100"
"10191","410004","(주)서광","     852,800"
"10192","113143","(주)한국미디어테크","     852,300"
"10193","312730","주식회사 컴테크","     852,300"
"10194","350002","(주)거성","     852,200"
"10195","111873","동방신에너지(주)","     851,900"
"10196","440076","가온아이티에스 주식회사","     851,800"
"10197","201866","금호석유화학(주)","     851,100"
"10198","620311","(주)경일","     851,100"
"10199","350091","(주)신우전기엔지니어링","     851,000"
"10200","410212","(주)컴플러스","     850,400"
"10201","312100","명지전기 주식회사","     849,800"
"10202","540400","주식회사 하나전기","     849,700"
"10203","130197","주식회사 초이스일렉콤","     849,300"
"10204","180055","대우산업통신","     849,200"
"10205","510677","서융시스템","     849,000"
"10206","310951","씨앤지하이테크(주)","     848,600"
"10207","312359","윌테크놀로지 주식회사","     848,500"
"10208","430354","주식회사 인우이엔지","     848,300"
"10209","202599","(주)좋은통신","     847,900"
"10210","320189","주식회사 유승건설","     847,700"
"10211","150641","(주)풍양기업","     847,600"
"10212","310474","(주)거창","     847,400"
"10213","330256","주식회사 이원전기","     844,700"
"10214","330046","주식회사 다원이엔지","     844,200"
"10215","630187","(주)다올통신","     844,100"
"10216","320114","진돗개시큐리티 주식회사","     843,600"
"10217","410396","씨엠정보통신","     843,400"
"10218","550316","주식회사 정선전력","     842,900"
"10219","510030","주식회사 시원전기","     842,800"
"10220","430293","주식회사 대명파워텍","     842,400"
"10221","610453","도우새 사회적협동조합","     842,300"
"10222","610033","주식회사 수현","     842,200"
"10223","110485","남광통신","     842,000"
"10224","203769","주식회사 알트에이","     840,900"
"10227","640190","주식회사 두일","     840,200"
"10226","204215","주식회사 미래정보기술원","     840,200"
"10225","620014","(주)창경","     840,200"
"10228","540280","(주)지엠티(GMT Co. Ltd)","     838,900"
"10229","620130","(주)아이티라인","     838,700"
"10230","630309","주식회사 제이에스테크","     838,600"
"10231","180064","(주)건우정보통신","     838,300"
"10232","550524","도도정보통신 주식회사","     838,000"
"10233","620156","주식회사 율원전력","     836,900"
"10234","200780","주식회사 도원이엔씨","     836,800"
"10235","111280","한국기술서비스(주)","     836,600"
"10236","640028","(주)피앤피","     836,100"
"10237","130179","(주)고성전력","     835,900"
"10238","630299","주식회사 씨앤에스이엔지","     835,600"
"10239","630337","주식회사 해누리이엔지","     834,300"
"10240","320509","주식회사 더오름","     834,000"
"10241","330308","주식회사 이원네트웍스","     833,800"
"10242","620255","한걸음 주식회사","     833,700"
"10243","111220","주식회사 임하이앤씨","     833,700"
"10244","430098","(주)광성전기","     833,400"
"10245","200857","주식회사 다보파워코리아","     832,900"
"10246","312278","주식회사 제이케이인(JKIN Co., Ltd.)","     832,900"
"10247","610452","주식회사 신화이앤씨","     832,500"
"10248","320566","주식회사 팔네트웍스","     832,100"
"10249","540107","소백아이티","     832,000"
"10250","410341","주식회사 스마트캅스","     831,900"
"10251","530404","주식회사 문창","     831,900"
"10252","550430","위고(WEGO)","     831,800"
"10253","330319","부원정보 주식회사","     831,500"
"10254","510412","케이아이씨","     831,500"
"10255","350529","케이테크정보통신 주식회사","     831,000"
"10256","200624","주식회사 서광전기통신","     830,900"
"10257","610390","(주)세현","     830,800"
"10258","540503","네이처아이 주식회사","     830,400"
"10259","550494","와스(WAS)","     829,600"
"10261","312064","티에이치산업개발 주식회사","     828,400"
"10260","310347","동광기업(주)","     828,400"
"10262","320122","(주)다인전설","     828,300"
"10263","200225","주식회사 유니원이엔지","     827,600"
"10264","203766","원스정보통신","     827,100"
"10265","540131","주식회사 한빛전기통신","     826,500"
"10266","330160","(주)우성이엔지","     826,100"
"10267","330271","주식회사 민성","     826,000"
"10268","200939","(주)대창전력","     825,900"
"10269","200408","주식회사 지아이네트웍스 (GI & NETWORKS)","     825,200"
"10270","540299","(주)금하","     824,700"
"10273","204122","주식회사 포트녹스","     824,200"
"10271","203768","주식회사 기어 (Gere Co.,Ltd.)","     824,200"
"10272","520009","금영전자","     824,200"
"10274","312757","주식회사 넥서스이앤씨","     823,800"
"10275","540293","서정미디어","     823,800"
"10276","202202","대흥전기통신공사","     823,400"
"10277","540267","주식회사 탑","     823,200"
"10279","510445","명성전기","     822,800"
"10278","320296","주식회사 건영일렉스","     822,800"
"10280","320404","주식회사 디에이건설","     822,400"
"10281","540459","엔컴정보통신","     822,100"
"10282","420361","주식회사 대건소프트","     821,600"
"10283","630288","(주)엠제이","     820,800"
"10284","420477","세중전력 주식회사","     820,500"
"10285","630124","(유)신아통신건설","     820,400"
"10287","311507","(주)케이엠에스","     819,900"
"10286","540222","주식회사 와이앤디정보기술","     819,900"
"10288","120596","주식회사 광일전기통신","     819,000"
"10289","320160","금동전기 주식회사","     818,700"
"10290","550537","주식회사 레미테크(REMITECH Co.,Ltd)","     818,200"
"10291","440047","주식회사 진진","     817,900"
"10292","510753","대은정보","     817,200"
"10293","310915","주식회사 경북부강","     816,900"
"10294","201364","(주)스테이지넷","     816,600"
"10295","320343","(주)유티에스","     816,200"
"10296","530407","주식회사 신화전기","     816,000"
"10297","310050","청운정보통신(주)","     815,900"
"10298","111442","서광통신(주)","     815,700"
"10299","320479","가을정보통신","     815,100"
"10300","312489","주식회사 아이에이치솔루션","     815,000"
"10301","111157","진흥전기통신(주)","     814,900"
"10302","640100","남도기업(주)","     814,700"
"10303","540034","지이티시스템(주)","     814,600"
"10304","350506","뉴테크 주식회사","     814,400"
"10305","330362","주식회사 숲","     814,200"
"10306","330299","주식회사 비전아이씨티","     814,200"
"10307","420471","태원건설산업 주식회사","     814,000"
"10308","510444","(주)마린하이텍","     813,300"
"10309","620097","(주)성신전력","     813,200"
"10310","510026","리안넷 주식회사","     812,300"
"10311","203934","주식회사 주야플랜트","     812,200"
"10312","140196","(주)삼아산업개발","     811,900"
"10313","550493","주식회사 현준파워텍","     811,500"
"10314","200027","(주)메가크래프트","     811,200"
"10315","410371","주식회사 대경이엔지","     810,600"
"10316","201760","(주)한북통신기술","     810,500"
"10317","140101","대양종합전력 주식회사","     810,400"
"10318","610376","엔에스인포 주식회사","     810,200"
"10319","150213","주식회사 팔공","     810,000"
"10320","610468","주식회사 티원에이아이","     809,800"
"10321","330326","주식회사 엠에스파워","     809,300"
"10322","330190","주식회사 지엔","     809,100"
"10323","520177","주식회사 더원","     809,100"
"10324","510685","성협정보통신","     808,600"
"10325","640191","주식회사 지에이정보","     808,300"
"10326","540448","주식회사 세영정보","     808,100"
"10327","110998","주식회사 청우전설","     807,700"
"10328","150318","주식회사 이로","     807,700"
"10329","320120","(주)피앤씨네트워크","     807,600"
"10330","110871","명승파워넷(주)","     807,500"
"10331","203636","대명지이씨 주식회사","     807,400"
"10332","312691","주식회사 디에이치씨앤에스","     806,500"
"10333","550516","주식회사 메타플러스","     806,300"
"10334","204208","선진이엔씨","     806,200"
"10335","350388","주식회사 진산종합기술","     805,500"
"10337","312675","주식회사 와사비","     805,100"
"10336","120653","주식회사 아이티솔루션","     805,100"
"10338","610143","예성전력(주)","     804,800"
"10339","430025","세대전력(주)","     804,500"
"10340","320510","현대홈테크","     804,300"
"10341","550508","주식회사 해밀아이앤티","     804,100"
"10342","640184","주식회사 나임네트웍스","     803,300"
"10343","410286","서해무선","     803,200"
"10344","312658","주식회사 더조은솔루션","     803,000"
"10345","200100","주식회사 두산이엔씨","     802,900"
"10346","110917","주식회사 금강이엔티","     802,800"
"10347","330350","주식회사 호신","     802,700"
"10348","610257","주식회사 태화","     802,400"
"10349","550463","주식회사 오투드림","     801,900"
"10350","201363","세왕전력(주)","     800,800"
"10351","202319","누리종합전기 주식회사","     800,400"
"10352","203248","호곡종합건설 주식회사","     800,100"
"10353","112294","(주)삼보엔지니어링","     800,100"
"10354","204104","스토크 주식회사(STALK Co., Ltd.)","     799,400"
"10355","610354","해동건설 주식회사","     799,000"
"10356","201473","(주)미래전기소방에너지","     798,700"
"10357","312475","주식회사 다원티에스","     798,400"
"10358","520149","주식회사 나우","     798,300"
"10359","110264","(주)누리엔에스","     798,200"
"10360","420561","탑이앤씨 주식회사","     797,800"
"10361","330376","진정보통신","     797,600"
"10363","350581","주식회사 세진정보통신","     797,600"
"10362","610496","주식회사 남도테크닉스","     797,600"
"10364","350575","주식회사 비에이엠네트웍스","     797,600"
"10365","540080","(합)경화계전","     797,300"
"10366","540498","(HL)전자통신","     797,100"
"10367","540423","주식회사 신화전설","     797,000"
"10368","430313","주식회사 직지아이씨티","     796,900"
"10369","610367","주식회사 동현전기","     796,500"
"10370","410225","주식회사 우리이엔지","     796,200"
"10371","312383","주식회사 씨엘인포텍","     796,000"
"10372","312389","주식회사 민애이엔지","     795,800"
"10373","312304","주식회사 기대이앤씨","     795,700"
"10374","112296","(주)남일기업","     795,400"
"10375","510708","주식회사 비트밸리","     795,300"
"10376","420391","상원엔지니어링 주식회사","     795,200"
"10377","640075","주식회사 명원전기","     795,000"
"10378","204058","주식회사 시너지온(SYNERGION Co., LTD.)","     794,300"
"10379","312535","주식회사 한길테크","     793,600"
"10380","312155","(주)뉴이앤택","     793,100"
"10381","311223","제이에스시스템 주식회사","     793,000"
"10382","310571","일광이앤씨 주식회사(ILKWANG E&C Co.,LTD.)","     792,800"
"10383","550543","주식회사 아이윌","     792,600"
"10384","540544","주식회사 제로원정보기술","     792,500"
"10385","630395","주식회사 하늘정보통신","     792,300"
"10386","204172","주식회사 비앤비네트웍스","     792,200"
"10387","550434","태성이엔지","     791,600"
"10388","200707","(주)신왕","     791,600"
"10389","312338","주식회사 블루밴드","     790,900"
"10390","312410","주식회사 제이에스일렉트릭","     790,700"
"10391","202253","(주)화일이엔에프","     790,400"
"10393","530107","대일코리아 주식회사","     790,300"
"10392","620101","주식회사 에스디파워","     790,300"
"10394","410438","서호정보통신 주식회사","     790,100"
"10395","620415","유한회사 건영정보기술","     790,100"
"10396","180043","주식회사 동방전력","     789,500"
"10397","510574","(주)해천","     789,400"
"10398","350005","청평전력공사","     789,400"
"10399","112095","피엘 주식회사","     789,200"
"10401","120074","삼조전기통신(주)","     789,100"
"10400","150087","주식회사 한벌전설","     789,100"
"10402","320143","(주)대동전력","     788,800"
"10403","330346","주식회사 현성시스템","     787,900"
"10404","150521","(주)신호전자","     787,800"
"10405","520197","에프엔에스","     787,600"
"10406","540317","주식회사 일성정보","     786,900"
"10407","204323","주식회사 엠지토탈서비스","     786,900"
"10408","540510","주식회사 모닝아이티","     786,300"
"10409","620331","주식회사 타리정보통신","     786,100"
"10410","520117","부명엔프로엔지니어링 주식회사","     785,700"
"10411","640196","주식회사 마루이엔지","     785,600"
"10412","330069","정웅전기공사","     785,500"
"10413","330188","주식회사 동인전력","     785,300"
"10414","410195","(주)시공","     784,500"
"10415","203015","주식회사 해인이티에프","     784,400"
"10416","610259","주식회사 가야전기","     784,100"
"10417","620316","주식회사 피디","     784,000"
"10418","550507","주식회사 링크아이엔씨(Link I&C Co., Ltd.)","     783,600"
"10419","203623","주식회사 태양기술개발","     782,800"
"10420","420076","주식회사 서진전력","     782,400"
"10421","350466","주식회사 주은정보통신","     782,300"
"10422","630418","유한회사 온성","     782,100"
"10424","204314","주식회사 가온데이터","     782,100"
"10425","530472","경원기업 주식회사","     782,100"
"10423","330368","주식회사 유일전력","     782,100"
"10426","640066","주식회사 유앤","     781,900"
"10428","510423","(주)거성개발","     781,300"
"10427","202346","에스에이씨티(주)","     781,300"
"10429","630012","(주)동인기업","     781,200"
"10431","550523","화성정보통신 주식회사","     781,200"
"10432","330358","주식회사 사조기술단","     781,200"
"10430","200870","주식회사 씨에스플러스","     781,200"
"10433","550288","주식회사 한마음통신","     781,000"
"10434","420290","주식회사 제이디시스템","     780,600"
"10435","630317","주식회사 미르엘코","     780,500"
"10436","320388","주식회사 삼우세이프테크","     780,400"
"10437","550046","(주)성민전력","     779,800"
"10438","610463","주식회사 팜쟁이","     779,600"
"10439","201832","세일","     779,200"
"10440","150536","주식회사 건우엔지니어링","     779,100"
"10441","410355","주식회사 대성이앤지","     778,800"
"10442","420483","모던테크","     778,600"
"10443","112802","(주)일광","     778,200"
"10444","112099","(주)청호전기","     777,800"
"10445","610211","(유)엑스포전력","     777,700"
"10446","330341","성화정보기술","     777,500"
"10447","204321","주식회사 그린월드","     777,000"
"10448","610510","주식회사 석수","     777,000"
"10449","420128","가림전기 주식회사","     777,000"
"10450","610421","유한회사 태호","     776,900"
"10451","620436","주식회사 새희망","     776,800"
"10452","510743","천광전업 주식회사","     776,200"
"10453","320178","삼아산업(주)","     776,000"
"10454","630386","진원 주식회사","     775,800"
"10455","200150","범진성업(주)","     775,600"
"10456","140256","동일건설(주)","     775,000"
"10457","540119","(주)디엔알","     774,600"
"10458","140417","(주)탑스","     774,300"
"10460","550221","주식회사 서경알엔디","     774,200"
"10459","312284","주식회사 희망나누기","     774,200"
"10462","150156","승리통신공사","     774,100"
"10461","320209","주식회사 대주이엔지","     774,100"
"10463","550320","주식회사 경복전력","     773,700"
"10464","610190","신안종합건설 주식회사","     773,500"
"10465","630335","에스이에너지","     773,400"
"10466","430131","(주)우림","     773,000"
"10468","540445","주식회사 준네트웍스","     772,900"
"10467","640054","피앤씨(주)","     772,900"
"10469","111020","(합자)부원전기","     772,800"
"10470","311633","주식회사 티에스엠테크놀로지","     772,800"
"10471","540405","주식회사 대운전력","     772,000"
"10472","201688","주식회사 선경전기","     771,800"
"10473","520096","태평양시스템 주식회사","     771,600"
"10474","170125","(합자)진광전기소방","     771,300"
"10475","610353","주식회사 신우이엔지","     770,700"
"10476","620302","주식회사 태송전력","     770,400"
"10477","530468","주식회사 다온시스","     770,200"
"10478","330274","주식회사 성운","     769,900"
"10479","420511","대전에이티에스 주식회사","     769,900"
"10480","610427","(주)남도전력","     769,600"
"10481","310373","주식회사 성우","     769,400"
"10482","140274","주식회사 형제전기통신","     769,200"
"10483","420559","디그리드 주식회사","     769,100"
"10484","201065","(주)세광","     768,900"
"10485","203684","주식회사 맥스스마트(MAX SMART.CO.Ltd)","     768,400"
"10486","510803","주식회사 덕성해양개발","     768,100"
"10487","540103","루미나 주식회사","     767,900"
"10488","350452","(주)공감솔루션","     767,300"
"10490","310558","(주)신아시스템","     767,000"
"10489","203233","주식회사 우성정보기술","     767,000"
"10491","540488","광도전력 주식회사","     766,800"
"10492","320266","(주)에프알에쓰","     766,400"
"10493","350170","주식회사 윤성이엔씨","     766,000"
"10494","540312","(주)삼부자전기통신","     765,200"
"10495","540528","만능이앤씨","     765,100"
"10496","540412","주식회사 호암전력","     765,000"
"10497","550403","주식회사 와이제이솔루션","     764,700"
"10498","610107","주식회사 지안인더스트리","     764,600"
"10499","311834","(주)오티티이앤씨","     764,400"
"10500","130244","주식회사 에이제이이피에스","     763,900"
"10501","330058","(주)동호엔지니어링","     763,600"
"10502","202978","주식회사 다올엠에스","     763,300"
"10503","310979","(주)태원전력","     763,100"
"10504","430256","주식회사 티에스이엔지","     763,000"
"10505","410386","주식회사 신한전기통신","     762,800"
"10506","530376","주식회사 더킴","     762,700"
"10507","204197","주식회사 가온글로벌(GAON Global Co., Ltd.)","     762,500"
"10508","630410","엔시스 유한회사","     762,300"
"10510","610294","주식회사 에스엠테크","     762,200"
"10509","312370","주식회사 오성전기","     762,200"
"10511","630090","유한회사 해옥","     761,900"
"10512","203785","주식회사 네콤 (Natcom)","     761,500"
"10513","350560","주식회사 대우전기건설공사","     761,500"
"10514","311748","신우코맥스","     761,400"
"10515","320576","주식회사 신화전기소방","     761,300"
"10516","640002","(주)세경","     760,700"
"10517","610403","주식회사 서원이엔지(ENG)","     760,600"
"10518","112125","(주)우진파워텍","     760,500"
"10519","540036","대경전기(주)","     759,600"
"10520","630423","(주)미르엘텍","     759,400"
"10521","200970","주식회사 스마트솔루션","     759,400"
"10522","540465","주식회사 이루라","     759,200"
"10524","420516","지니정보시스템","     759,200"
"10523","200301","일렉파워(주)","     759,200"
"10525","610473","주식회사 에스제이정보통신","     758,400"
"10526","200456","부원동력(주)","     757,000"
"10528","510496","주식회사 금성전력","     756,900"
"10527","330347","주식회사 로아솔루션(ROA Solution Inc.)","     756,900"
"10529","312167","대신전력(주)","     756,700"
"10530","312184","(주)자딘","     756,600"
"10531","610413","주식회사 지오통신","     756,400"
"10532","530474","주식회사 유엠소프트","     756,200"
"10536","510767","주식회사 정원통신","     756,000"
"10533","204266","삼주이앤씨 주식회사","     756,000"
"10538","420539","와이지아이티","     756,000"
"10537","550534","주식회사 케이씨피시스","     756,000"
"10534","350574","상현엔지니어링 주식회사","     756,000"
"10535","640189","주식회사 윤슬","     756,000"
"10539","201078","금아이엔지 주식회사","     755,800"
"10540","620358","주식회사 마스이노테크","     755,200"
"10542","520170","주식회사 아이엔","     754,200"
"10541","640093","주식회사 에이스엔지니어링","     754,200"
"10543","200593","주식회사 휴텍이앤이","     753,200"
"10544","201025","한산시피에스(주)","     753,100"
"10545","202237","(주)이일엔지니어링","     752,500"
"10546","112944","(주)동방에스앤에스","     752,300"
"10547","550094","주식회사 동인플러스에스","     752,000"
"10548","204152","세이지 주식회사(SAIGE Co.,Ltd.)","     751,600"
"10549","530431","주식회사 천호","     751,400"
"10550","640140","주식회사 금오름전력","     750,800"
"10551","420500","주식회사 이오텍","     750,800"
"10553","430257","부강이엔에스(주)","     750,100"
"10552","311447","한일테크(주)","     750,100"
"10555","410160","규암전력 주식회사","     749,800"
"10554","330334","에이스아이티 주식회사","     749,800"
"10556","420456","주식회사 동진네트웍스","     749,400"
"10557","630078","주식회사 비케이솔루션","     749,400"
"10559","640001","아프로정보통신 주식회사","     748,900"
"10558","410387","주식회사 미르정보통신","     748,900"
"10560","311777","주식회사 일엔티","     748,800"
"10561","311023","(주)휴먼","     747,900"
"10565","312433","주식회사 연우텔레콤","     747,600"
"10563","204089","위즈네트워크 주식회사(wisNetwork.CO., Ltd.)","     747,600"
"10562","630384","유한회사 엠블","     747,600"
"10564","140326","주식회사 대경","     747,600"
"10566","520120","대경산전(주)","     747,300"
"10567","430373","주식회사 남상정보통신","     747,200"
"10568","312067","주식회사 엔에스케이정보기술","     747,200"
"10569","420522","민테크","     747,100"
"10570","202196","(주)유강이엔씨","     747,000"
"10571","420135","(주)이엑스쏠라","     745,900"
"10572","111227","대우전기 주식회사","     745,500"
"10573","311337","주식회사 영광이씨에스","     744,300"
"10574","620136","(주)창연정보","     744,300"
"10575","320224","하늘정보통신","     744,100"
"10576","530347","주식회사 경도기술단","     744,100"
"10578","111715","주식회사 건원이에프티","     743,500"
"10577","550480","두원이엔지 주식회사","     743,500"
"10579","140030","(주)남도","     743,300"
"10580","420445","신영이엔씨 주식회사","     743,200"
"10581","620420","주식회사 다온인포","     742,300"
"10582","202940","주식회사 한빛데이타","     742,200"
"10583","310926","에스지디지털(주)","     741,900"
"10584","630363","주식회사 라인","     741,600"
"10585","440080","코드시스템 주식회사","     741,500"
"10586","530215","세진에코 주식회사","     740,700"
"10589","312609","디오아이오티(DoIoT)","     740,500"
"10592","204097","주식회사 인빌트","     740,500"
"10587","540531","주식회사 아이넥스","     740,500"
"10588","420542","주식회사 쎄스 (CES Co.,Ltd.)","     740,500"
"10593","312615","주식회사 더엘림네트웍스","     740,500"
"10595","204320","주식회사 서비스플러스","     740,500"
"10591","620442","주식회사 부길정보통신","     740,500"
"10594","204311","주식회사 이원하이텍","     740,500"
"10590","204293","주식회사 블록코어(Block Core Inc.)","     740,500"
"10596","610331","주식회사 가온이알텍","     740,300"
"10597","530390","주식회사 스마트시스템","     740,300"
"10598","630201","주식회사 리우","     739,700"
"10599","520184","주식회사 무찬","     739,300"
"10600","610212","삼일엔지니어링 주식회사","     738,900"
"10601","312591","태윤정보통신 주식회사","     738,800"
"10602","410416","퀀텀테크 주식회사","     738,200"
"10603","620422","사단법인 벗나래복지회","     737,800"
"10604","620087","(주)세한전력","     737,300"
"10605","312156","주식회사 동현전력","     736,800"
"10606","610221","주식회사 신화커뮤니케이션","     736,600"
"10607","530478","주식회사 도경홀딩스","     736,300"
"10608","150276","육일전기","     735,800"
"10609","201785","(주)김스애드","     735,800"
"10610","312677","주식회사 제이더블유","     735,700"
"10611","201555","(주)피케이앤티","     735,600"
"10612","610462","주식회사 뉴보성","     735,300"
"10614","312631","현대전기주식회사","     735,200"
"10613","420403","주식회사 세화넥스텍","     735,200"
"10615","350504","주식회사 더미래","     735,000"
"10616","113211","錦光電設 株式會社","     734,600"
"10617","550399","주식회사 렉터슨","     734,500"
"10618","110779","(주)미주전통","     734,400"
"10619","111782","주현전기(주)","     734,000"
"10620","540369","주식회사 원전","     733,900"
"10621","150261","(주)한남전기통신공사","     733,200"
"10622","610156","케이에스원(주)","     733,000"
"10623","630174","삼보정보통신 주식회사","     732,400"
"10626","510751","주식회사 제이에스아이씨티","     732,100"
"10625","202807","주식회사 재경이엔씨","     732,100"
"10624","520139","(주)성창이앤지","     732,100"
"10629","520110","주식회사 민성","     731,500"
"10627","410393","주식회사 제이원정보통신","     731,500"
"10628","112324","주식회사 아라랏(Ararat Co.,Ltd)","     731,500"
"10630","200361","주식회사 태환","     731,300"
"10631","530065","(주)진광전력","     731,000"
"10632","510140","주식회사 더베스트이앤씨","     730,700"
"10634","610435","에스아이이앤씨 주식회사","     730,500"
"10633","510301","성림종합건설(주)","     730,500"
"10636","203322","이피코리아 주식회사","     730,200"
"10635","350060","(주)우호건설","     730,200"
"10637","540436","주식회사 아이텍","     729,600"
"10638","640025","동양정보기술(주)","     729,300"
"10639","610300","주식회사 원탑이앤티","     728,600"
"10640","410384","건우이앤지(주)","     728,400"
"10641","540360","주식회사 현대정보통신","     728,100"
"10642","111360","우석전자씨스템(주)","     727,700"
"10643","312243","경기전설 주식회사","     726,600"
"10644","530462","미래로통신 기술사사무소","     726,400"
"10645","620405","유한회사 플러스정보통신","     726,300"
"10646","150226","주식회사 건영전기통신","     726,000"
"10647","201396","(주)리우솔루션","     725,800"
"10648","203527","주식회사 스펙엔지니어링와이엔피","     725,600"
"10649","111846","덕산메카시스(주)","     725,100"
"10650","410278","(주)대림엠이씨","     725,100"
"10651","202932","진화전기 주식회사","     724,800"
"10652","640166","해인전력통신 주식회사","     724,400"
"10653","350027","(주)영일이앤씨","     724,400"
"10654","540064","주식회사 동명전력","     724,300"
"10656","630120","(유)유복이엔지","     724,200"
"10655","350332","주식회사 금성정보통신","     724,200"
"10657","200436","주식회사 명성이엔씨","     723,700"
"10658","550506","주식회사 우리정보전기통신","     723,300"
"10659","204186","주식회사 미래네트웍(MIRAE NETWORK Co., Ltd.)","     723,000"
"10660","170020","세국전력(주)","     722,800"
"10661","311880","태극아이비에이 주식회사","     722,400"
"10662","410431","주식회사 유비크시스템","     722,200"
"10663","610248","금산전력(주)","     722,000"
"10664","312345","니어아이티 주식회사","     721,700"
"10665","430327","대성아이앤씨 주식회사","     721,600"
"10667","320484","주식회사 디에이치라인(DH LINE)","     721,100"
"10666","620278","주식회사 하이시선","     721,100"
"10668","510690","(주)영진인포텍","     720,200"
"10669","310146","(주)금성계전","     719,800"
"10671","312762","주식회사 블리치넷웍스","     719,700"
"10670","540560","주식회사 알파닛시","     719,700"
"10672","202348","주식회사 대한전업사","     719,600"
"10673","620304","씨엔에스 주식회사","     719,300"
"10674","510417","서진콘트롤스","     719,200"
"10675","330261","주식회사 신일전력","     719,100"
"10676","203048","주식회사 건영이앤씨","     719,000"
"10677","520069","(주)뉴텍","     718,900"
"10678","640194","주식회사 낙원전기통신","     718,800"
"10679","200873","주식회사 지선통신","     718,400"
"10680","350471","금호이엔지(주)","     718,000"
"10681","311463","주식회사 유원 (U WON, Co,. Ltd．)","     717,700"
"10682","530476","주식회사 수산아이티에스","     717,300"
"10683","540323","(주)해동엔지니어링","     716,600"
"10684","202085","에스엠이엔지(주)","     716,500"
"10685","150428","(주)유성기업사","     716,200"
"10686","203284","주식회사 진원엔지니어링","     716,000"
"10687","540060","주식회사 성광전력","     715,800"
"10688","420444","주식회사 위진전기통신","     715,700"
"10689","204217","윤네트웍스 주식회사","     715,000"
"10690","112868","(주)번개이엔지","     714,800"
"10691","320573","주식회사 지오네트웍스","     714,500"
"10694","312709","주식회사 서원이엔지","     714,400"
"10693","410433","주식회사 지아이텍","     714,400"
"10692","312564","주식회사 성공시스템","     714,400"
"10695","350604","세하정보시스템 주식회사","     714,400"
"10696","430356","K.COM(K닷컴)","     714,400"
"10697","310369","주식회사 예스코 (yesco)","     714,100"
"10698","620151","(주)다원이엔씨","     714,000"
"10699","312703","주식회사 미르씨앤씨","     713,900"
"10700","620039","(주)삼원전력","     713,700"
"10701","640114","주식회사 이오","     713,300"
"10702","610217","원광전력(주)","     713,100"
"10704","620135","주식회사 위택","     712,600"
"10703","410093","(주)제우씨앤아이","     712,600"
"10705","201683","주식회사 알리바바정보통신","     712,500"
"10706","203710","주식회사 라인전기","     712,500"
"10707","320400","주식회사 헤라넷(HERA NET Co., Ltd.)","     712,300"
"10708","203133","주식회사 파인솔라","     712,100"
"10709","540532","주식회사 에스케이전기통신","     711,900"
"10711","430224","(주)라온","     711,800"
"10710","610375","주식회사 도건시스템","     711,800"
"10712","203340","주식회사 동명이엔에스","     711,700"
"10713","540490","주식회사 모도리정보기술","     711,600"
"10714","320017","(주)화승전력","     711,500"
"10715","113274","주식회사 광운정보통신","     711,400"
"10717","530117","(주)명전사","     711,200"
"10716","120051","주식회사 유림아이티","     711,200"
"10718","160208","(유)신명전기설비공사","     710,900"
"10719","311141","마스타씨스템(주)","     710,800"
"10720","111199","청명엔지니어링","     710,500"
"10722","510421","창조전기(주)","     710,300"
"10721","550502","주식회사 하영기업","     710,300"
"10724","410102","(주)한진이엔씨","     710,200"
"10723","630342","삼보OA시스템","     710,200"
"10725","310366","(주)에이텍네트웍스","     710,000"
"10726","310158","(주)그린월드","     709,700"
"10727","410255","(주)논산전력","     709,500"
"10728","110023","신용통신(주)","     709,000"
"10730","330184","(주)제일전력","     708,700"
"10729","510699","주식회사 엠바이지","     708,700"
"10731","430027","주식회사 온누리넷","     708,600"
"10732","420126","주식회사 합동전기","     708,500"
"10733","640027","주식회사 도암엔지니어링","     707,700"
"10734","520188","안성산업 주식회사","     707,400"
"10736","550175","한진전기공업(주)","     707,000"
"10735","410413","건우정보통신","     707,000"
"10737","510503","(주)키스톤에너지","     706,800"
"10738","310767","(주)나노정보통신","     706,600"
"10739","530346","주식회사 주성전력","     706,300"
"10740","630139","(유)승대전설","     706,200"
"10741","350427","대연네트워크 주식회사","     705,900"
"10742","610486","주식회사 포스","     705,800"
"10743","510609","(주)세풍전기","     705,100"
"10744","620066","(주)한국전기","     704,900"
"10745","140060","(주)버들시스템","     703,800"
"10746","110840","경림전기(주)","     703,700"
"10747","540477","에스이네트웍스 주식회사","     703,600"
"10748","350090","(주)트라콘스","     702,800"
"10749","630286","주식회사 태원건설","     702,700"
"10750","204200","주식회사 아이오티스페이스(IOT SPACE Co., Ltd.)","     702,700"
"10751","312618","주식회사 바른정보통신","     702,500"
"10752","410345","신성홀딩스 주식회사","     702,100"
"10753","420496","주식회사 인큐버스","     701,900"
"10754","330345","니오 이엔지","     701,500"
"10755","530371","성우아이티 주식회사","     701,200"
"10756","312503","주식회사 수성일렉트릭","     700,800"
"10757","202993","주식회사 티시스","     699,800"
"10758","510173","주식회사 성보종합건설","     699,500"
"10759","140280","영일전설(주)","     699,200"
"10760","510268","주식회사 노노","     699,100"
"10762","204157","어벤투스모빌리티 주식회사(Aventus Mobility Co.,Ltd.)","     698,900"
"10761","320568","주식회사 알토솔루션즈","     698,900"
"10763","540518","(주)삼화전기","     698,900"
"10764","640048","주식회사 라눅스","     698,700"
"10765","430274","기산전설 주식회사","     698,600"
"10766","510697","주식회사 더원에코파워텍","     698,500"
"10767","430299","엠씨아이 주식회사","     697,900"
"10768","113070","주식회사 청화이엔씨","     697,600"
"10769","201837","(주)메가서브","     697,500"
"10770","410373","주식회사 화신코리아","     697,400"
"10771","430321","주식회사 세심산업개발","     697,300"
"10772","311279","코오롱엘에스아이(주)","     697,100"
"10773","110610","그린이앤씨 주식회사","     696,500"
"10774","203897","주식회사 정안에스앤티","     696,400"
"10775","510707","(주)진민전력","     696,400"
"10776","202518","(주)이직스네트웍스","     696,000"
"10777","112592","(주)대금이앤아이","     695,900"
"10778","610230","(주)정우엔지니어링","     695,500"
"10779","200233","태흥(주)","     695,400"
"10780","550501","주식회사 영진테크","     694,800"
"10781","630347","제이엠정보통신","     694,300"
"10782","610488","유한회사 한국시스템","     694,100"
"10783","310986","한울씨엔에스(주)","     693,900"
"10788","330303","주식회사 이엔씨파워","     693,600"
"10784","350617","주식회사 가람정보기술","     693,600"
"10786","510785","주식회사 이티텍","     693,600"
"10787","530461","주식회사 우경전기통신","     693,600"
"10785","510791","주식회사 제이정보통신","     693,600"
"10789","620280","사단법인 힘찬장애인복지회","     693,100"
"10790","410153","주식회사 윤앤서","     692,400"
"10791","630338","주식회사 대용산업개발","     692,200"
"10792","310349","(주)씨에스아이엔테크","     692,200"
"10793","420493","주식회사 원창전력","     692,100"
"10794","203994","주식회사 다온이앤씨","     692,000"
"10795","430143","주식회사 영제이 (YOUNG J Co., Ltd.)","     691,700"
"10796","113269","(주)주암전기통신","     691,500"
"10797","312373","주식회사 이노시스(Innosys Co.,LTD.)","     690,200"
"10798","312512","주식회사 한영이엔씨","     690,100"
"10799","310567","주식회사 하나디앤에스","     689,500"
"10801","203754","주식회사 디엑스테크 (DXTECH)","     689,300"
"10800","610472","주식회사 승호이엔지","     689,300"
"10802","203805","에이제이아이씨티 주식회사 (AJ ICT Co. Ltd.)","     689,200"
"10803","310414","환경에너지솔루션 주식회사(Environment & Energy Solution CO., LTD.)","     689,100"
"10804","620333","주식회사 해원전력","     689,000"
"10806","110253","(주)한진","     688,900"
"10805","312667","주식회사 누리웍스","     688,900"
"10807","550048","(주)대진종합전기","     688,300"
"10808","640160","우성정보통신","     687,700"
"10809","630389","주식회사 뉴아이정보","     686,700"
"10810","203012","주식회사 파르이앤씨(PAR E&C Co., LTD.)","     685,800"
"10811","540513","주식회사 인테크원","     685,700"
"10812","510556","주식회사 태영","     685,300"
"10813","510442","(주)태경전기","     684,400"
"10814","113050","삼덕전기(주)","     683,400"
"10815","550476","주식회사 와이에이치이엔씨","     682,800"
"10816","204248","중앙이앤씨 주식회사","     682,300"
"10817","550496","종합전기 주식회사","     682,000"
"10818","540363","새움정보통신 주식회사","     682,000"
"10819","540228","파워테크 텔레콤","     681,800"
"10820","203869","주식회사 포킨 (FOKIN)","     681,600"
"10821","203810","주식회사 유포러스","     681,300"
"10822","640188","(주)동부이엔엘","     681,000"
"10823","150503","(주)비케이이씨에프","     680,400"
"10824","630234","주식회사 혜인이엔씨","     680,200"
"10825","630407","유한회사 백두엔지니어링","     679,700"
"10826","420560","키엔컴플러스 주식회사","     679,300"
"10827","311063","(주)한국안전기술단","     678,800"
"10828","620247","주식회사 아이씨티","     678,500"
"10829","610150","(주)광진전력","     678,500"
"10830","204299","대경전자솔루션 주식회사","     678,100"
"10832","640193","우리기술단 주식회사","     678,100"
"10831","203938","주식회사 리움정보통신","     678,100"
"10833","550514","주식회사 라이프테크","     678,100"
"10834","312440","삼중전력 주식회사","     677,800"
"10835","201705","(주)혜성이티에스","     677,700"
"10836","311608","(주)이루텔럭키","     677,600"
"10837","310322","주식회사 오르비스","     677,100"
"10838","630349","승승에너지 주식회사","     676,300"
"10839","312011","한국산업써비스 주식회사","     676,200"
"10840","540336","명진전력 주식회사","     675,400"
"10841","630125","(유)창원","     675,300"
"10842","312280","주식회사 글로위드이앤씨","     674,700"
"10843","430288","(주)한강전기","     674,500"
"10844","170193","진안전설 주식회사","     673,800"
"10845","203826","주식회사 코너스 (CORNERS CO.,LTD)","     673,700"
"10846","202258","(주)코젠","     673,600"
"10848","201077","주식회사 가인지엔티","     673,400"
"10847","530471","삼토토건 주식회사","     673,400"
"10849","620059","주식회사 대승전력소방건설","     673,300"
"10851","203783","주식회사 미소정보기술","     672,800"
"10852","540543","주식회사 에이아이정보","     672,800"
"10853","510769","주식회사 부산정보기술","     672,800"
"10850","430368","주식회사 경성이엔지","     672,800"
"10854","410437","주식회사 디자인세아 (DESIGN SEA Inc,)","     672,600"
"10855","203314","주식회사 성창기전","     672,400"
"10856","350224","두원산업(주)","     672,300"
"10857","320557","유테크솔루션","     672,100"
"10858","150267","주식회사 라인아이티(Line IT Co,.Ltd)","     672,000"
"10859","112643","주식회사 일조이에스","     671,700"
"10860","640084","주식회사 신명","     671,500"
"10861","520172","주식회사 이앤티코리아 (E&T KOREA inc)","     671,200"
"10862","420398","주식회사 명운","     670,900"
"10863","540508","주식회사 미래이앤씨","     670,800"
"10864","312294","주식회사 에스와이시스템","     670,300"
"10865","410338","주식회사 한성정보통신","     670,200"
"10866","510191","한국산전(주)","     669,900"
"10867","550531","주식회사 초원씨엔에스","     669,500"
"10868","510730","일성테크원 주식회사","     668,700"
"10869","113061","(주)이너스텍","     668,500"
"10870","320363","에스디 유한책임회사","     668,200"
"10871","350017","덕성전력(주)","     668,000"
"10872","110052","주식회사 넥서스네트웍스","     667,900"
"10873","630259","주식회사 대일썬파워","     667,700"
"10874","610316","(주)에스제이","     667,400"
"10875","350500","주식회사 위컴","     666,100"
"10876","420549","상왕기업 주식회사","     665,800"
"10877","204286","주식회사 한국전기시스템","     665,500"
"10878","112511","(주)유원이씨에스","     665,400"
"10879","640015","주식회사 현무","     665,200"
"10880","130372","(주)광전사","     665,100"
"10881","330309","오스타건설 주식회사","     663,500"
"10882","312312","신구건설 주식회사","     663,100"
"10883","320468","주식회사 이앤피","     662,600"
"10884","610438","삼우테크 주식회사","     662,300"
"10885","320475","나노조명","     662,100"
"10886","201798","(주)대산시스템","     662,000"
"10887","410376","스카이솔라 주식회사","     661,900"
"10888","150484","주식회사 신용이엔지","     661,800"
"10889","312259","주식회사 에스티엔","     661,400"
"10890","310101","리뉴어스 주식회사 (renewus Co., Ltd.)","     661,100"
"10891","620439","주식회사 백인아이씨티","     660,200"
"10892","410382","주식회사 충남인에스","     660,100"
"10893","420309","안성전기 주식회사","     659,800"
"10894","112222","대기해양(주)","     659,600"
"10895","410120","주식회사 에이비전기","     659,600"
"10896","330335","주식회사 한결","     659,100"
"10897","310268","에이치엘비일렉(주)","     658,900"
"10898","203895","에스엠에스전기 주식회사","     658,500"
"10899","112997","(주)한국가스기술공사","     658,500"
"10900","202343","(주)참정보기술","     657,600"
"10901","201466","(주)삼광전기","     657,500"
"10902","201983","주식회사 형제종합건설","     657,400"
"10903","312248","주식회사 이안정보통신","     657,400"
"10904","320446","한양전기 주식회사","     657,400"
"10911","530445","주식회사 케이전력","     657,300"
"10906","312715","주식회사 소몬","     657,300"
"10912","204190","주식회사 골프존(GOLFZON Co.,Ltd)","     657,300"
"10907","312688","주식회사 하이브리드","     657,300"
"10905","204188","주식회사 이비스프라임","     657,300"
"10908","510800","주식회사 풍원기공","     657,300"
"10909","510789","주식회사 에이엠티웨이브","     657,300"
"10910","330234","(주)오엑스솔루션","     657,300"
"10913","610279","시에스이앤아이 주식회사","     657,200"
"10914","540002","영재전력 주식회사","     657,000"
"10916","320410","주식회사 보성엔지니어링","     656,900"
"10918","420527","주식회사 테라인포메이션","     656,900"
"10915","201415","(주)도화엔지니어링(DOHWA ENGINEERING Co.,Ltd)","     656,900"
"10917","120013","주식회사 수인정보","     656,900"
"10919","410360","우리이앤아이 주식회사","     656,900"
"10920","430242","주식회사 한국전기정보통신","     656,400"
"10922","610423","주식회사 주안정보통신","     656,200"
"10921","610045","지오이앤에프 주식회사","     656,200"
"10924","430352","주식회사 대현이앤씨","     655,900"
"10923","204295","주식회사 이니노스","     655,900"
"10925","203278","동양비엠에스 주식회사","     655,600"
"10926","330151","주식회사 덕양소방","     655,100"
"10927","202796","주식회사 디엔티솔루션","     654,500"
"10928","410414","주식회사 비즈온정보기술","     653,500"
"10929","310137","신동아종합건설(주)","     653,300"
"10931","550478","동아OA.정보통신","     652,400"
"10930","202132","대덕전력 주식회사","     652,400"
"10933","320547","승영전기통신","     652,000"
"10932","204214","주식회사 제이앤와이지","     652,000"
"10934","540520","주식회사 운산전력","     652,000"
"10935","320129","(주)현우이엔씨","     651,900"
"10936","203188","주식회사 무한정보기술","     651,200"
"10937","630371","유한회사 지에이 시스템","     651,000"
"10938","530408","신천전설(주)","     650,900"
"10939","202111","(주)금강전력","     650,200"
"10940","540501","주식회사 용운정보통신","     649,700"
"10941","204012","나눔인프라","     649,500"
"10942","550391","(주)대연","     649,500"
"10943","640108","주식회사 금원전력","     649,500"
"10945","640192","주식회사 에코브레인","     648,700"
"10944","311532","주식회사 이엔에스일렉트릭(ENS ELECTRIC CO., LTD.)","     648,700"
"10946","530205","(주)신흥건설","     648,600"
"10947","311312","가후자동화기술(주)","     648,200"
"10948","540504","에이스기전 주식회사","     647,800"
"10949","620213","보광종합건설 주식회사","     647,700"
"10950","430319","(주)빛나라전기","     647,600"
"10951","550548","주식회사 대성전기","     647,300"
"10952","610443","주식회사 이수정보통신","     646,700"
"10953","430369","주식회사 하루테크","     646,700"
"10954","620314","주식회사 주성파워텍","     646,200"
"10955","311104","(주)포윈","     645,700"
"10956","310239","(주)대성신호","     645,300"
"10957","112933","주식회사 에이스","     644,500"
"10958","204283","주식회사 서브","     643,200"
"10959","312614","세온시스템 주식회사","     643,200"
"10960","350609","주식회사 우세정보통신","     643,000"
"10961","320455","주식회사 오케이시스템","     642,900"
"10962","540398","우성기전 주식회사","     642,900"
"10963","410392","주식회사 동아전기공사","     642,800"
"10964","410415","주식회사 오케이유시스템 (okU system Co., Ltd.)","     642,700"
"10965","330325","주식회사 유피에스","     642,000"
"10966","203854","주식회사 티에스엠이앤씨","     641,500"
"10968","530428","주식회사 주성통신","     641,300"
"10967","630260","주식회사 대일하이텍","     641,300"
"10969","510576","이성씨엔아이(주)","     639,800"
"10970","530464","새로이","     639,300"
"10972","120696","주식회사 한솔정보이앤시","     638,900"
"10971","540493","주식회사 주원엔지니어링","     638,900"
"10974","540555","주식회사 토브네트웍스","     638,300"
"10973","320398","삼영쎌레트라 주식회사","     638,300"
"10975","330352","합자회사 현진","     638,100"
"10976","430163","우일건설주식회사","     637,900"
"10977","320384","주식회사 정문씨앤씨","     637,600"
"10978","410200","주식회사 원기업","     637,300"
"10979","320575","새빛장애인 사회적협동조합","     636,900"
"10980","620120","주식회사 더원이에스","     636,600"
"10987","320571","주식회사 와이케이텔레콤","     636,500"
"10989","320549","주식회사 제이에스네트웍스","     636,500"
"10985","540558","프로시스템","     636,500"
"10992","330381","주식회사 가교시스템(GAGYOSYSTEM Co.,Ltd.)","     636,500"
"10981","330379","주식회사 이삭정보통신","     636,500"
"10991","530380","주식회사 현대보안공사","     636,500"
"10984","312596","주식회사 민성이엘씨","     636,500"
"10982","312712","주식회사 엔티에스아이씨티","     636,500"
"10986","204268","주식회사 엘아이지휴세코","     636,500"
"10990","204173","주식회사 엠유엠파트너스","     636,500"
"10983","630420","주식회사 이스터","     636,500"
"10988","430376","주식회사 엔비아이티시스템","     636,500"
"10993","311440","(주)고려시스템","     636,000"
"10995","430318","중원정보통신","     635,900"
"10994","510783","주식회사 참조은이앤씨(CHAMJOEUN ENC Co., Ltd.)","     635,900"
"10996","310119","우리전력(주)","     634,800"
"10997","203389","주식회사 랜공사사람들","     634,800"
"10998","610265","주식회사 월드정보통신","     634,700"
"10999","410299","청정테크 주식회사","     634,300"
"11000","550435","한샘전력","     633,900"
"11001","630149","(주)장일엔지니어링","     633,300"
"11002","640059","주식회사 남광","     633,200"
"11003","630370","주식회사 태성전설","     633,100"
"11004","550077","(주)나산전기산업","     632,100"
"11005","640005","백광기업(주)","     631,600"
"11006","111878","동화전자통신","     631,400"
"11008","430378","주식회사 디지텍정보통신","     631,300"
"11007","202093","노드정보기술(주)","     631,300"
"11009","204193","주식회사 다보산업관리","     631,200"
"11010","540474","주식회사 태인전력","     631,000"
"11011","312213","이원이앤이 주식회사","     630,300"
"11012","540499","주식회사 세운전력","     630,100"
"11013","630373","주식회사 지아이","     630,000"
"11014","350354","주식회사 미래아이엔지(MIRAEING Co.,LTD.)","     629,700"
"11015","540517","주식회사 한강네트웍스","     629,700"
"11016","640168","금운전력 주식회사","     629,400"
"11017","530279","서창전기통신(주)","     629,300"
"11018","430353","주식회사 열린정보기술","     629,200"
"11019","550211","(주)사람과기술","     629,100"
"11020","540453","부성전기 기술용역","     627,900"
"11021","310292","주식회사 대성이엔씨","     627,500"
"11022","201400","주식회사 앤트","     627,300"
"11023","311581","(주)남산이엔지","     627,100"
"11024","620090","(주)에스제이이엔지","     627,000"
"11025","310878","주식회사 아인스","     626,700"
"11026","312409","주식회사 하나이엔지","     626,400"
"11027","630311","유한회사 서흥정보통신 (SUNHHUNG LC.)","     626,300"
"11028","200042","(주)미래일렉스","     625,600"
"11029","200618","시큐에스(주)","     624,000"
"11031","420388","주식회사 레딕스","     623,900"
"11030","311471","에스엔아이정보통신(주)","     623,900"
"11032","202643","중원기전(주)","     623,500"
"11033","111618","경창계전(주)","     623,100"
"11034","420528","주식회사 태양전기조명이엔지","     622,600"
"11035","202957","주식회사 세명테크","     621,700"
"11036","312599","주식회사 리치시스템기술","     621,600"
"11037","201686","(주)태원전기","     621,100"
"11038","350517","제이네트웍스 주식회사(J Networks Co., Ltd.)","     621,000"
"11040","430332","주식회사 인정이엔씨","     620,900"
"11039","430157","신일전기공업(주)","     620,900"
"11041","630070","(주)원반도체","     620,200"
"11043","550453","오페 주식회사","     620,000"
"11042","410303","주식회사 코스모산전","     620,000"
"11044","630425","주식회사 나무","     619,600"
"11046","610481","주식회사 문산이엔지","     619,400"
"11045","320512","신한정밀 주식회사","     619,400"
"11047","310078","(주)태영종합건설","     618,600"
"11048","420494","주식회사 기술법인세종","     618,300"
"11049","510674","주식회사 캔코","     617,500"
"11050","620369","아이엠일렉트릭 주식회사","     616,900"
"11051","202915","주식회사 청화정보기술","     616,200"
"11052","110657","(주)한국전설","     615,900"
"11064","312446","주식회사 그린블루","     615,700"
"11054","550555","주식회사 비온모빌리티(BION Mobility Co.,Ltd.)","     615,700"
"11065","530459","이고르 정보통신","     615,700"
"11059","350629","주식회사 영광이엔씨","     615,700"
"11060","440089","주식회사 해림이엔지","     615,700"
"11056","410432","주식회사 삼화이엔지","     615,700"
"11063","410400","선한건설산업 주식회사","     615,700"
"11062","410409","주식회사 한맥기술","     615,700"
"11053","510805","주식회사 정이엔지","     615,700"
"11057","312669","제이앤에이치정보통신 주식회사","     615,700"
"11055","320560","성원이앤에프 주식회사","     615,700"
"11058","420546","위더스 주식회사","     615,700"
"11061","620424","한빛디스플레이","     615,700"
"11066","430343","우리솔루션","     615,500"
"11068","204228","주식회사 클라비(Clabi Co.,Ltd)","     615,300"
"11067","312558","주식회사 아이씨티원 (ICT-ONE Corp.)","     615,300"
"11069","550482","주식회사 대룡전력","     614,400"
"11071","200409","한우이앤에스(주)","     614,200"
"11070","312483","주식회사 아이앤원정보통신","     614,200"
"11072","111865","(주)금화시스템","     613,700"
"11073","150365","삼호산업개발(주)","     613,300"
"11074","620346","주식회사 리채","     612,600"
"11075","204236","주식회사 지오이스트","     612,300"
"11076","630424","(주)예운씨엔티","     612,300"
"11077","320506","주식회사 제이씨아이(JCI Co.,Ltd.)","     612,200"
"11078","410420","주식회사 스마트씨엔티","     611,500"
"11080","312515","주식회사 아람기술","     611,500"
"11079","620385","화성엔지니어링","     611,500"
"11082","204164","주식회사 디엠케이","     611,000"
"11081","203537","주식회사 유한이엔씨","     611,000"
"11084","510790","주식회사 아이리온","     610,500"
"11083","610507","주식회사 제일전기","     610,500"
"11085","204232","주식회사 흥해전설","     610,300"
"11086","520202","에스라인정보통신","     610,300"
"11087","350499","주식회사 퓨어시스템","     609,900"
"11088","311724","미래이앤시 주식회사","     609,700"
"11089","540507","주식회사 윤이앤지","     609,500"
"11090","140497","주식회사 미루이엔씨","     609,200"
"11091","203490","주식회사 소비코시스템","     608,300"
"11092","311824","(주)세븐미어캣","     607,900"
"11093","540537","우리정보통신 주식회사","     607,900"
"11094","311625","주식회사 디씨이엑스","     607,700"
"11095","540352","경전사","     607,600"
"11096","311397","제우전력(주)","     607,200"
"11097","204252","주식회사 트리콤테크","     607,000"
"11098","620438","주식회사 봅텍(VOVTECH Inc.)","     607,000"
"11099","550416","(주)명성전력","     606,900"
"11100","420387","주식회사 세진","     606,700"
"11102","180042","길영이엔씨 주식회사","     606,600"
"11101","430377","주식회사 비앤케이정보통신","     606,600"
"11103","203215","주식회사 진성전력","     606,400"
"11104","312522","주식회사 이담","     606,200"
"11105","312664","주식회사 인플럭스","     606,100"
"11106","610089","우리산업개발(주)","     606,100"
"11107","420558","엠비에스 주식회사","     605,700"
"11108","203144","주식회사 동진에스앤디","     605,100"
"11109","610301","범우이앤씨(주)","     605,000"
"11110","550527","에스앤씨","     604,500"
"11111","111125","보성전기산업(주)","     604,500"
"11112","430375","상승네트워크","     604,400"
"11113","202384","정한상사","     604,100"
"11114","610508","보영파워테크 주식회사","     604,000"
"11115","312387","퍼스트디앤씨 주식회사","     603,400"
"11116","204207","주식회사 명진에이앤아이","     603,100"
"11117","530412","진흥전기 주식회사","     602,500"
"11118","410322","주식회사 대한전기","     601,700"
"11119","204121","주식회사 신도테크노","     601,600"
"11120","510784","주식회사 코팩솔루션","     601,100"
"11121","202556","(주)티팩토리","     600,900"
"11122","160089","주식회사 삼원전기","     600,400"
"11123","610209","한일기전(주)","     599,500"
"11124","550468","주식회사 동현건설","     598,800"
"11125","550510","주식회사 하나정보","     598,700"
"11127","620426","위디비 주식회사","     598,600"
"11126","610408","(주)호반엔지니어링","     598,600"
"11128","610483","주식회사 에스와이이앤씨","     598,500"
"11129","320553","에스플러스","     598,400"
"11130","350227","주식회사 비티에스","     598,000"
"11131","610079","주식회사 디와이이","     597,900"
"11132","204256","주식회사 하이퍼시티 (HYPerCITY)","     597,300"
"11133","201456","주식회사 티엔피솔루션","     596,900"
"11134","200075","엘아이지디펜스앤에어로스페이스 주식회사(LIG Defense&Aerospace Co., Ltd.)","     596,700"
"11135","510726","사단법인 골든장애인협회","     596,400"
"11136","510515","신아네트웍","     595,800"
"11137","630378","주식회사 도하에스앤디","     595,700"
"11138","610447","주식회사 우리승리전력","     595,700"
"11139","310930","(주)윈디에스","     595,100"
"11144","320562","주식회사 시그널","     594,900"
"11151","430357","금석정보산업 주식회사","     594,900"
"11142","312673","넥서스링크 주식회사","     594,900"
"11146","540545","주식회사 성암","     594,900"
"11149","540522","라온 주식회사","     594,900"
"11148","330367","주식회사 인터코어","     594,900"
"11145","330366","주식회사 미래","     594,900"
"11152","312557","하우솔루션주식회사","     594,900"
"11153","312546","씨엠정보통신 주식회사","     594,900"
"11140","312551","주식회사 루프","     594,900"
"11154","204235","씨에이치엠서비스 주식회사","     594,900"
"11141","510776","주식회사 삼정전력","     594,900"
"11147","350603","큐웨이브정보통신 주식회사","     594,900"
"11150","610480","주식회사 삼인","     594,900"
"11143","610503","주식회사 여수아이티신도리코","     594,900"
"11155","630412","유한회사 세움이엔지","     594,000"
"11156","312731","강남에스씨티 주식회사","     593,600"
"11157","312646","주식회사 사운드프로페셔날","     593,500"
"11158","410328","대한전기","     592,300"
"11160","620423","주식회사 더앤","     592,200"
"11159","610295","에스케이시그넷 주식회사(SK Signet Inc.)","     592,200"
"11161","630426","(주)부강건설","     592,000"
"11162","620433","주식회사 정인정보","     591,900"
"11163","530399","주식회사 우리통신","     591,100"
"11164","550484","주식회사 태민전력","     590,900"
"11170","203880","주식회사 자이언트스텝 (GIANTSTEP Inc.)","     590,200"
"11165","312641","티케이이엔씨","     590,200"
"11169","410427","주식회사 스마트정보 (SMART INFORMATION.CO.,LTD)","     590,200"
"11168","204261","주식회사 마키나락스(MakinaRocks Co.,Ltd.)","     590,200"
"11166","204312","프라이빗테크놀로지 주식회사 ","     590,200"
"11167","204203","주식회사 엔코블(Nkoble Inc.)","     590,200"
"11171","540392","경일엔지니어링 주식회사","     589,800"
"11172","620429","주식회사 유림정보통신","     589,600"
"11173","202298","(주)하몬소프트","     589,600"
"11174","610495","유한회사 누리테크","     589,500"
"11175","420533","주식회사 엠제이솔루션","     589,500"
"11176","430269","(주)명성에이앤티","     589,200"
"11177","312668","주식회사 서우일렉트","     589,100"
"11178","430279","주식회사 광진테크","     588,200"
"11179","550498","주식회사 성지산업","     588,100"
"11180","530434","주식회사 창화전력","     588,000"
"11181","203101","무원이엔씨 주식회사","     587,700"
"11182","320537","주식회사 틸리언씨앤씨","     587,500"
"11183","640180","주식회사 아이알","     587,400"
"11184","311622","주식회사 디노","     587,300"
"11185","202152","스트라토 주식회사 (Strato Co.,Ltd.)","     586,900"
"11187","312295","주식회사 우수지엔에스","     586,700"
"11186","540527","경포통신 주식회사","     586,700"
"11188","200354","(주)성운티에스피","     586,500"
"11189","530230","석원 주식회사","     586,400"
"11190","550530","주식회사 순금","     585,700"
"11191","630404","비전솔루션 주식회사","     585,600"
"11195","630398","갑을전기","     585,400"
"11193","202422","주식회사 미르통신","     585,400"
"11192","630409","유한회사 새일기술산업","     585,400"
"11194","420515","주식회사 천광이엔씨","     585,400"
"11196","410440","주식회사 국제그린빌드","     585,000"
"11197","420200","(주)파워이십일","     584,700"
"11198","203288","주식회사 시울에너지","     583,900"
"11199","330330","주식회사 케이링크","     583,200"
"11200","203753","주식회사 건호엔지니어링","     582,400"
"11201","200485","트라이톤시스템즈(주)","     582,300"
"11202","320522","주식회사 동진전력","     581,400"
"11203","550209","고정전기통신 주식회사","     581,100"
"11204","312528","다담마이크로 주식회사","     579,800"
"11205","203503","주식회사 한세스","     579,000"
"11207","310295","샤론일렉콤(주)","     576,500"
"11206","640024","(주)태영전력","     576,500"
"11208","311067","(주)제이앤제이파워스","     576,400"
"11209","150193","(주)삼원종합전기","     576,000"
"11210","311997","산일전기 주식회사","     574,600"
"11211","330382","주식회사 삼봉정보통신","     574,400"
"11212","130409","충남전기(주)","     574,100"
"11224","204109","주식회사 유트론","     574,000"
"11217","350572","코스모전기 주식회사","     574,000"
"11213","110437","삼환기업(주)","     574,000"
"11218","204260","주식회사 라온어스","     574,000"
"11225","540512","주식회사 에스엔케이아이티(Snk-It, Corp)","     574,000"
"11222","540559","주식회사 제니스크","     574,000"
"11214","204100","주식회사 신성지앤이","     574,000"
"11223","204315","아이비전","     574,000"
"11216","204111","주식회사 모두아이티(ModuIT Co., Ltd.)","     574,000"
"11215","620400","주식회사 문호","     574,000"
"11221","610493","주식회사 거상정보통신","     574,000"
"11220","204258","주식회사 세종오토메이션","     574,000"
"11219","440083","주식회사 쿠치 (CWTCH Co.,Ltd.)","     574,000"
"11226","311935","에스엠파워텍 주식회사","     573,900"
"11227","204032","두레시닝 주식회사","     573,300"
"11228","620336","주식회사 유오케이","     573,200"
"11229","204078","주식회사 티에이치전력","     572,700"
"11230","550519","주식회사 케이엠티","     572,400"
"11231","311725","이티정보통신","     572,200"
"11232","312737","주식회사 아크로","     571,600"
"11233","203064","주식회사 이지위드","     570,600"
"11235","201161","(주)유비와이울산병영용사촌","     569,900"
"11234","311950","주식회사 케이피엘티","     569,900"
"11236","350584","주식회사 정현정보","     569,800"
"11237","550539","주식회사 남부디자인","     569,400"
"11238","204319","위템 주식회사(Wetem Co.,Ltd)","     569,400"
"11240","203750","주식회사 백산전기","     569,000"
"11239","540366","주식회사 금록정보통신","     569,000"
"11241","320582","주식회사 한주","     568,900"
"11248","312541","컴레이저 주식회사","     568,700"
"11244","350592","주식회사 이엔에스네트웍","     568,700"
"11242","204240","주식회사 태승전기","     568,700"
"11246","610482","주식회사 신도종합사무기","     568,700"
"11249","550509","주식회사 울트라이엔지","     568,700"
"11247","550515","주식회사 엠에스티","     568,700"
"11245","520195","(주)신원전기통신","     568,700"
"11243","510799","주식회사 케이에스정보통신","     568,700"
"11250","530112","경남전력 주식회사","     568,000"
"11251","203690","주식회사 지앤티솔루션","     567,700"
"11252","311595","부영산전(주)","     566,900"
"11253","320525","주식회사 더이레(THE IRE CO.,LTD.)","     566,800"
"11254","540389","(주)에스알디코리아","     566,500"
"11255","311879","두리시스템","     566,100"
"11256","540472","주식회사 포스코피에이치솔루션","     565,900"
"11257","204163","주식회사 유코스텍","     565,500"
"11259","640187","(주)우주주차","     565,400"
"11258","550538","에너비스 주식회사","     565,400"
"11260","540549","태영이엔씨 주식회사","     565,300"
"11261","204276","주식회사 와이엠엑스(YMX Inc.)","     565,100"
"11262","430340","주식회사 에스피일렉트릭","     564,600"
"11263","540485","(주)피앤피","     564,600"
"11264","312191","주식회사 유신전기","     564,500"
"11265","200743","보타리에너지(주)","     564,000"
"11266","130417","(주)대하전기통신","     563,700"
"11267","550284","동선전기(주)","     563,600"
"11268","320361","(주)동화이앤씨","     563,200"
"11269","540206","엔에스전기 주식회사","     562,000"
"11270","420524","시선소프트 주식회사","     561,900"
"11271","320559","인탑","     561,900"
"11272","540012","세원건설(주)","     561,800"
"11273","610478","주식회사 세온아이씨티","     560,100"
"11274","640162","신아이엔씨 주식회사  ","     560,000"
"11275","630283","주식회사 대건이앤씨","     559,600"
"11276","530360","주식회사 라온에이치씨","     558,800"
"11277","540167","(주)제이에스통신","     558,500"
"11278","312000","주식회사 대성전력건설","     557,700"
"11279","312589","주식회사 하늘이엔지","     556,800"
"11280","520189","울산통신 주식회사","     556,500"
"11281","620342","주식회사 청우아이티","     555,300"
"11282","630364","주식회사 아이즈텍","     555,200"
"11283","320574","주식회사 태현종합개발","     555,100"
"11284","312491","주식회사 케이엠테크","     555,000"
"11285","420529","주식회사 브리츠이엔지","     554,900"
"11286","320569","주식회사 제이에치테크","     554,600"
"11287","420508","유한회사 수현전력","     554,400"
"11288","620026","(주)포어사이트","     553,900"
"11289","310351","(주)파워토스","     553,900"
"11290","510768","하이컨스 주식회사","     553,600"
"11297","620441","정평시스템 주식회사","     553,200"
"11294","430355","주식회사 일등정보통신","     553,200"
"11298","520190","주식회사 동명오피스","     553,200"
"11303","640195","드림정보기술","     553,200"
"11306","430363","진천정보통신","     553,200"
"11302","540530","주식회사 한길정보통신","     553,200"
"11291","312349","주식회사 아이엔티컴퍼니","     553,200"
"11295","312611","주식회사 아올시스템","     553,200"
"11308","312578","주식회사 피앤씨전기","     553,200"
"11309","312572","주식회사 케이에스엠에스","     553,200"
"11292","204076","주식회사 삼정이엔엠","     553,200"
"11296","312741","주식회사 덕우","     553,200"
"11300","204183","주식회사 포텍에너지","     553,200"
"11301","350607","주식회사 티제이테크","     553,200"
"11299","350600","오성기전 주식회사","     553,200"
"11293","350587","주식회사 알비이엔씨","     553,200"
"11305","350596","주식회사 컴텍","     553,200"
"11307","550520","주식회사 다원아이엔씨","     553,200"
"11304","610504","유한회사 미래솔루션","     553,200"
"11310","330364","주식회사 한일티앤씨","     552,800"
"11311","320523","케이시스 주식회사","     552,700"
"11312","320447","주식회사 케이엔씨","     552,300"
"11313","203332","주식회사 케이제이이엔지","     552,200"
"11314","330357","주식회사 인포텍(INFOTECH Corp.)","     552,100"
"11315","610442","주식회사 현광엔지니어링","     551,900"
"11316","112120","(주)성은전설","     551,700"
"11317","630356","샘기술 주식회사","     550,900"
"11318","330034","주식회사 도원에너지","     550,800"
"11320","310223","스피맥스(주)","     550,400"
"11319","530359","주식회사 한성이엔지","     550,400"
"11322","410379","장원전기 주식회사","     550,100"
"11321","630390","주식회사 신명이엔지","     550,100"
"11323","630264","주식회사 세우테크윈","     550,000"
"11324","320277","성림전설 주식회사","     549,700"
"11325","320524","주식회사 아콘스","     549,100"
"11326","204020","주식회사 디아이씨티","     549,100"
"11327","204112","비알 주식회사(BR Corporation)","     548,500"
"11333","420545","에스티에프엔지니어링 주식회사","     547,900"
"11334","610492","모든시스템","     547,900"
"11328","204160","중앙케이블네트워크 주식회사","     547,900"
"11330","550517","주식회사 영광기전","     547,900"
"11332","312606","주식회사 에이치제이앤씨","     547,900"
"11331","312579","주식회사 코리아엔지니어링","     547,900"
"11329","420541","주식회사 신진이엔지","     547,900"
"11335","440049","주식회사 삼영기업","     547,800"
"11336","320427","주식회사 성일시스템","     547,200"
"11337","540115","(주)중앙전기공사","     546,900"
"11338","540546","올바른시스템","     546,800"
"11339","640181","스마트아이티","     546,600"
"11340","312725","대보건설 주식회사","     546,500"
"11341","320061","(주)유성계전","     546,400"
"11342","640147","라온건설 주식회사","     546,300"
"11343","630394","유한회사 해은","     546,200"
"11344","540484","주식회사 위즈플러스","     545,900"
"11345","540482","유성","     545,800"
"11346","520204","에이치원","     545,600"
"11347","320534","인천에이티에스 주식회사(Incheon ATS Co.,Ltd.)","     545,500"
"11348","610485","주식회사 와이엠정보통신","     545,500"
"11349","312169","주식회사 이수정보","     545,200"
"11351","310550","(주)네콘시스","     544,900"
"11350","510795","진기로지스틱","     544,900"
"11352","350614","주식회사 다다정보통신","     544,600"
"11353","630374","주식회사 동서기술","     544,400"
"11354","540502","주식회사 플랜텍(PLANTEC Co., Ltd.)","     543,800"
"11355","420470","주식회사 다빈이앤씨","     543,400"
"11356","420534","주식회사 대경이앤씨","     543,200"
"11357","204115","주식회사 이노인프라","     543,100"
"11359","630202","주식회사 창대전력","     543,000"
"11358","203483","장학건설 주식회사","     543,000"
"11361","204233","주식회사 에스비아이앤씨","     542,900"
"11360","113157","(주)다솔이앤씨","     542,900"
"11362","320505","주식회사 유진일렉트로닉스","     542,400"
"11363","540338","주식회사 성호건설","     542,200"
"11364","530379","(주)명진전력","     541,800"
"11365","312556","주식회사 파란에너지","     541,600"
"11366","204170","주식회사 집합건물과사람들","     540,700"
"11367","420532","이오아이알 주식회사","     540,700"
"11368","201285","주식회사 엠알바스","     540,300"
"11369","350568","주식회사 서진이엔씨","     540,000"
"11370","420525","마스터기술","     539,100"
"11371","420055","(주)풍성","     539,100"
"11372","320533","주식회사 대제종합건설","     538,000"
"11373","350514","주식회사 이현전기","     537,900"
"11374","540492","주식회사 앤플러스시스템","     537,800"
"11375","311914","(주)제이온테크","     537,600"
"11376","203488","유원엔지니어링 주식회사","     537,400"
"11377","510788","주식회사 신성전기공사","     536,400"
"11378","311903","주식회사 솔라위즈","     535,600"
"11379","540113","성산전력(주)","     535,100"
"11380","510546","(주)나이스에너지엔지니어링","     534,800"
"11381","320535","명신전기통신 주식회사","     534,300"
"11382","310314","화영일렉콤(주)","     533,600"
"11383","550549","주식회사 엘컴퍼니","     533,600"
"11384","540395","주식회사 케이디","     533,400"
"11385","550528","주식회사 나이스아이엠에스","     532,700"
"11393","204242","주식회사 딥파인(deepfine Co.,Ltd.)","     532,400"
"11387","204167","주식회사 이포넷","     532,400"
"11395","204270","대신파트너스 주식회사(DaiShin Partners Co., Ltd)","     532,400"
"11388","330372","에스아이 주식회사","     532,400"
"11392","350585","주식회사 반석","     532,400"
"11391","330374","동명정보 주식회사","     532,400"
"11397","204234","주식회사 아이나래컴퍼니","     532,400"
"11398","312724","주식회사 청해엘엔에스","     532,400"
"11386","203748","주식회사 청호네트웍스","     532,400"
"11390","520199","탑이앤지 주식회사","     532,400"
"11394","204199","주식회사 희망비전테크","     532,400"
"11389","312581","주식회사 영건설","     532,400"
"11396","204086","주식회사 앤앤씨월드","     532,400"
"11399","620409","주식회사아텍","     531,000"
"11400","540451","주식회사 태성종합기술","     531,000"
"11401","312713","주식회사 더비욘드미디어","     530,700"
"11402","203464","주식회사 레이컴","     530,200"
"11403","312647","주식회사 바른기술단","     529,100"
"11404","312194","주식회사 피오텍","     529,000"
"11406","204103","주식회사 디파인미디어","     527,700"
"11409","312721","주식회사 케이지파워","     527,700"
"11408","312738","주식회사 기성이엔지","     527,700"
"11405","350582","주식회사 스마트위드","     527,700"
"11407","350602","주식회사 아이리넥스","     527,700"
"11410","312610","주식회사 디에스네트웍스","     527,600"
"11411","530258","천일전기(주)","     527,500"
"11412","530479","주식회사 제이에이치엔지니어링","     527,300"
"11413","540550","미래엔테크 주식회사","     527,300"
"11421","330371","대성종합전자","     527,100"
"11417","550532","주식회사 뷰어라이트","     527,100"
"11420","540526","주식회사 신성전기","     527,100"
"11418","540536","태경정보통신 주식회사","     527,100"
"11419","204099","코리아디지탈 주식회사","     527,100"
"11422","410425","주식회사 명신일렉트릭","     527,100"
"11416","510772","주식회사 피에이","     527,100"
"11414","620427","주식회사 백두산업개발","     527,100"
"11415","550533","주식회사 에스디엠기술","     527,100"
"11423","311140","(주)글로리이앤씨","     524,000"
"11426","630413","정주건설 주식회사","     523,800"
"11427","312577","주식회사 시스텍","     523,800"
"11425","201608","한빛인프라소닉(주)","     523,800"
"11424","420540","주식회사 누림소프트","     523,800"
"11428","630372","주식회사 위에너지 (WE Energy Co.,Ltd)","     523,100"
"11429","420333","버드파크테크놀로지 주식회사","     521,800"
"11430","311716","(주)에스엠엔디","     521,800"
"11431","540404","주식회사 조은통신","     521,400"
"11433","202888","주식회사 케이이씨디바이스","     521,200"
"11432","113001","(주)건양전기신호","     521,200"
"11435","440088","주식회사 첫눈","     520,800"
"11434","420551","이음넥스트","     520,800"
"11436","540452","주식회사 대경정보통신","     520,200"
"11437","320567","스마트한시스템","     520,100"
"11439","204206","주식회사 메타전스(Metagence Co.,Ltd.)","     519,900"
"11438","312739","주식회사 건일이엔지","     519,900"
"11440","510529","(주)일진앤드","     519,100"
"11441","312413","태영산업","     518,800"
"11442","312417","주식회사 아이콤정보통신","     518,100"
"11443","410419","주식회사 엔젤아이티에스","     517,800"
"11444","203815","주식회사 세스코","     517,700"
"11445","112976","서경전기(주)","     516,800"
"11446","203848","사단법인 행복일자리운동본부","     514,500"
"11447","204053","주식회사 한창기전","     514,400"
"11448","620411","주식회사 나래이엔씨","     514,300"
"11449","620367","주식회사 정안산업개발","     513,800"
"11450","204156","주식회사 제이씨비전텍","     513,600"
"11451","410097","에이치엘에코텍 주식회사(HL Ecotech Co., Ltd.)","     513,400"
"11452","620430","(주)블루커넥트","     513,300"
"11453","312141","대한전력전자 주식회사","     513,200"
"11454","630346","효성중전기 주식회사","     513,100"
"11455","330185","주식회사 지에이","     512,000"
"11456","510745","주식회사 지능디자인","     511,900"
"11457","330353","에스와이통신","     511,700"
"11468","420566","주식회사 장원토건","     511,600"
"11466","320580","(주)엘에스파워텍","     511,600"
"11462","320572","에스에이치에스테크(SHS테크)","     511,600"
"11463","410430","주식회사 넥스텝","     511,600"
"11464","410428","아이플러스 (iplus)","     511,600"
"11460","330385","주식회사 인성이엔지","     511,600"
"11459","312447","신화전설공사 주식회사","     511,600"
"11473","312665","주식회사 준이엔지","     511,600"
"11471","312632","주식회사 하나에프티앤","     511,600"
"11469","204187","주식회사 리비젼프로젝트","     511,600"
"11470","350633","주식회사 대은이엔씨","     511,600"
"11465","350616","주식회사 모든테크","     511,600"
"11472","350595","주식회사 힘찬전력","     511,600"
"11458","350586","주식회사 태성아이앤씨","     511,600"
"11467","204306","주식회사 뮤텍스","     511,600"
"11461","204310","주식회사 윈즈아이티","     511,600"
"11474","200116","주식회사 제이티엔티에스","     510,900"
"11475","330370","주식회사 세한","     510,000"
"11476","620428","주식회사 우리정보통신","     509,100"
"11477","610487","휴안 주식회사","     509,100"
"11478","311675","주식회사 모노테크","     508,700"
"11479","312065","주식회사 삼호이앤에프","     508,500"
"11480","312654","주식회사 한국관리","     508,400"
"11481","610474","주식회사 스마트오션","     507,500"
"11482","410434","주식회사 우리전기통신","     507,300"
"11483","510240","(주)리얼시큐","     507,200"
"11486","202854","구네보코리아 주식회사","     506,900"
"11485","204106","주식회사 스윙크","     506,900"
"11484","312490","봄해랑사회적협동조합","     506,900"
"11488","640183","주식회사 소프텍","     506,600"
"11487","112954","주식회사 엔텍스","     506,600"
"11489","420538","주식회사 이츠아이","     503,500"
"11490","312122","주식회사 누리온","     503,200"
"11491","120573","주식회사 엠지전기통신","     503,100"
"11492","204198","주식회사 세솔","     503,000"
"11493","203956","주식회사 광성기전","     502,200"
"11494","420176","(주)한성시스코","     502,100"
"11495","310072","(주)중앙컴정보통신","     502,000"
"11496","510765","주식회사 비아이자이로","     501,600"
"11497","640185","(주)에코파워텍","     500,100"
"11498","350538","주식회사 에스엠아이","     500,100"
"11502","204136","주식회사 길빛","     499,000"
"11499","204118","주식회사 스탠스","     499,000"
"11500","620413","주식회사 반석시스템","     499,000"
"11501","204180","아일리스프런티어 주식회사(Ailys Frontier Co., Ltd.)","     499,000"
"11503","620417","서안이앤씨 주식회사","     498,900"
"11504","550521","(주)플렛디스","     497,700"
"11506","530442","주식회사 대가전력","     497,500"
"11505","312415","주식회사 엔투테크","     497,500"
"11507","320490","주식회사 오픈네트윅스","     496,500"
"11508","510694","주식회사 호민이엔지","     495,500"
"11509","204138","주식회사 가람아이티","     495,100"
"11510","312689","주식회사 케이티팝스","     493,700"
"11511","520196","에프엠테크 주식회사","     493,100"
"11513","620389","로제비앙건설 주식회사","     492,800"
"11512","540535","주식회사 넥스온","     492,800"
"11514","311665","인스앤코 주식회사(INS&CO CO.,LTD.)","     491,600"
"11515","330354","주식회사 코레드","     491,500"
"11516","204267","주식회사 알에이치에스엔씨","     491,200"
"11525","530463","보민종합건설 주식회사","     490,800"
"11524","312537","주식회사 동안이엔씨","     490,800"
"11517","312633","주식회사 세화","     490,800"
"11521","204123","주식회사 페르소나에이아이","     490,800"
"11522","430364","한세전력 주식회사","     490,800"
"11532","430371","케이엘아이티 주식회사 (KLIT Inc.)","     490,800"
"11520","204108","세담아이엔씨 주식회사","     490,800"
"11519","520201","주식회사 대성미디어","     490,800"
"11529","630417","주식회사 스패셜티","     490,800"
"11526","610501","주식회사 에스에이치테크","     490,800"
"11530","350594","하이미르 주식회사","     490,800"
"11528","350583","주식회사 에시르","     490,800"
"11531","204300","주식회사 포커스테크놀로지","     490,800"
"11527","204285","팀케이투건설 주식회사","     490,800"
"11523","204241","주식회사 클루드인","     490,800"
"11518","312714","주식회사 제이디원","     490,800"
"11533","440078","가로등이야기 주식회사","     490,400"
"11534","330254","동양이앤아이 주식회사","     490,200"
"11535","312543","주식회사 지구시스템","     489,200"
"11536","410422","주식회사 엔에스컴퍼니","     488,500"
"11537","311571","(주)에이치엔에이치","     488,400"
"11538","550472","(주)여명라이팅","     486,900"
"11539","630334","주식회사 블루이","     486,600"
"11540","630428","주식회사 아람솔루션","     486,100"
"11541","204220","주식회사 루스케이프(Lugh scape Co.,Ltd.)","     486,100"
"11547","350606","하이퍼링크 주식회사","     485,500"
"11546","530465","군위보안시스템 & 문구","     485,500"
"11542","320563","리치시스템 주식회사","     485,500"
"11548","610484","주식회사 더블유피","     485,500"
"11544","540538","호광","     485,500"
"11545","204259","주식회사 케이디티콘트롤","     485,500"
"11543","204179","주식회사 삼오진건설","     485,500"
"11549","550513","주식회사 엔에이치엔지니어링","     485,100"
"11550","111215","신성정보통신공사","     484,100"
"11551","202758","현대계장공업(주)","     483,900"
"11552","201470","(주)에스에이치아이앤씨","     483,800"
"11553","311021","라이트팹","     483,600"
"11554","202329","와이피피(주)","     483,200"
"11555","180053","주식회사 삼정이앤씨","     483,000"
"11557","312554","주식회사 엠아이시스","     482,200"
"11560","312729","주식회사 케이비엘앤티","     482,200"
"11556","204142","주식회사 바넷정보기술","     482,200"
"11558","204166","케이텍이엔씨 주식회사","     482,200"
"11559","430366","주식회사 대한기계설비성능점검원","     482,200"
"11561","312366","주식회사 제이디씨에스 (JDCS)","     482,000"
"11562","204039","파워메카 주식회사","     482,000"
"11563","113077","(주)한백에스아이","     481,600"
"11564","520193","주식회사 하나에이텍","     481,400"
"11565","200276","오다엔지니어링(주)","     481,100"
"11566","204094","주식회사 경농","     480,800"
"11567","202331","빅테크 주식회사","     480,800"
"11569","610458","호반블루에너지 주식회사","     480,800"
"11568","312547","주식회사 디오이","     480,800"
"11570","550550","주식회사 에이아이네트워크","     480,500"
"11571","202211","바스코리아(주)","     479,300"
"11572","311644","주식회사 비비테크","     478,800"
"11573","540521","한시스템 주식회사","     478,200"
"11574","312627","이엔피알 주식회사","     478,200"
"11575","311964","올라이트라이프 주식회사","     477,400"
"11576","540446","유하 주식회사","     477,400"
"11577","520134","보광전기주식회사","     477,200"
"11578","201936","(주)삼천리이에스","     477,100"
"11579","201932","(주)아이마켓코리아","     476,400"
"11580","202272","(주)한국해양기상기술","     476,000"
"11581","410421","주식회사 해태통신","     475,000"
"11582","430374","주식회사 서호이노텍","     474,500"
"11583","350083","이브이시스 주식회사","     473,600"
"11586","312485","한화모멘텀 주식회사","     473,500"
"11584","312670","주식회사 휴스텍아이씨티","     473,500"
"11585","204129","주식회사 아이온퓨처","     473,500"
"11587","203419","주식회사 인코어드테크놀로지스(ENCORED Technologies,Inc.)","     472,000"
"11588","620421","이지테크","     471,000"
"11589","311738","베올리아산업개발코리아 주식회사","     470,600"
"11590","350576","티엠정보기술 주식회사","     470,500"
"11592","320565","주식회사 에이비솔루션","     470,200"
"11591","610500","유한회사 제이원","     470,200"
"11601","410411","주식회사 엠에이치","     470,000"
"11598","630416","코키오통신","     470,000"
"11603","410410","지은네트웍스","     470,000"
"11604","410426","주식회사 비케이앤오름","     470,000"
"11596","312586","지노아이티스 주식회사","     470,000"
"11594","440081","주식회사 코디스","     470,000"
"11595","420537","주식회사 태주전력","     470,000"
"11593","312567","주식회사 클라이브","     470,000"
"11597","312560","주식회사 케이탑정보기술","     470,000"
"11606","350610","주식회사 비엠시스템","     470,000"
"11607","350605","주식회사 유니크이앤씨","     470,000"
"11605","204209","주식회사 정언이앤씨(E&C)","     470,000"
"11600","430362","주식회사 디에스이엔지","     470,000"
"11602","320536","금성전기공사","     470,000"
"11599","320532","에덴기업 주식회사","     470,000"
"11608","312594","경기에이티에스 주식회사","     469,800"
"11609","204114","주식회사 티제이비전","     469,600"
"11610","203877","주식회사 에임투지(AimToG)","     469,600"
"11611","320131","(주)우경일렉텍","     469,300"
"11612","310064","(주)빅텍","     468,600"
"11613","112486","(주)우원일렉티","     468,000"
"11614","311976","율림테크 주식회사","     467,900"
"11616","113337","주식회사 광원","     467,200"
"11615","312454","에스지생활안전 주식회사","     467,200"
"11617","610172","드림텍시스템(주)","     465,800"
"11618","204124","주식회사 원시스","     465,700"
"11619","530481","주식회사 맨투맨써비스","     465,700"
"11620","201540","주식회사 포스코와이드(POSCO WIDE)","     465,400"
"11624","204227","주식회사 에이치앤엠(H&M Co.,Ltd)","     465,300"
"11623","204090","주식회사 테이슨(teixon Co.,Ltd.)","     465,300"
"11622","420526","주식회사 심스리얼리티","     465,300"
"11621","630406","루미컴 주식회사","     465,300"
"11625","550452","메가텔 주식회사","     465,200"
"11626","610467","주식회사 에코미르","     462,700"
"11629","540515","주식회사 보임","     461,400"
"11628","410406","주식회사 에스솔루션","     461,400"
"11627","204088","주식회사 아이엑스코(IEXCO Co., Ltd.)","     461,400"
"11630","140226","남해종합개발 주식회사","     461,200"
"11633","312626","주식회사 상상하는사람들","     460,000"
"11632","540534","주식회사 더블유아이티","     460,000"
"11631","510779","주식회사 에너제닉","     460,000"
"11634","640178","주식회사 제라클이앤지(JERACLE ENG Co.,Ltd.)","     459,700"
"11635","202301","(주)지니온","     459,700"
"11636","550474","주식회사 엠","     458,500"
"11638","204150","주식회사 넷세이프(Netsafe Inc.)","     457,400"
"11642","430365","주식회사 보다","     457,400"
"11640","204133","주식회사 미소테크","     457,400"
"11637","204119","주이스 주식회사","     457,400"
"11641","350621","주식회사 이지텍인터내셔널","     457,400"
"11639","420544","주식회사 아라드네트웍스","     457,400"
"11643","203828","주식회사 그린도트","     456,600"
"11644","312625","주식회사 선진이디에스","     456,000"
"11645","620291","주식회사 유탑건설","     455,200"
"11646","310904","주식회사 디엑스지","     453,700"
"11647","350047","(주)케이텔","     452,700"
"11648","620334","주식회사 에니트(ENITT Co., Ltd.)","     449,800"
"11650","350593","에스엠피플스 주식회사","     448,800"
"11651","540525","이다웰 주식회사(IDAWELL Co.,Ltd.)","     448,800"
"11649","203770","한광전기공업 주식회사 (HANKWANG ELECTRIC Co., Ltd.)","     448,800"
"11652","311814","호스트웨이아이디씨 주식회사","     448,700"
"11653","312049","주식회사 금강에너텍","     448,500"
"11654","430068","주식회사 우연시스템","     448,100"
"11655","320138","(주)제이엔에스","     446,800"
"11656","202750","씨앤에치아이앤씨(주)","     446,700"
"11660","620440","주식회사 호그린에어","     444,500"
"11657","204182","주식회사 더원아이티","     444,500"
"11659","204212","주식회사 유니윈즈","     444,500"
"11658","312548","주식회사 테라시스","     444,500"
"11661","312600","주식회사 이에스테크","     444,500"
"11662","410435","주식회사 부강이엔지","     444,500"
"11663","312444","에스엔아이티 주식회사","     444,100"
"11664","610433","주식회사 글리제","     444,100"
"11665","201130","아이포콤(주)","     444,000"
"11666","530466","주식회사 동영","     443,600"
"11667","440034","세종환경기술(주)","     442,400"
"11668","540370","(주)에어릭스","     441,900"
"11670","440084","주식회사 나인소프트","     440,600"
"11669","312643","주식회사 다온전력","     440,600"
"11671","350479","주식회사 파워유지콤","     439,100"
"11672","203011","사단법인 한국농아인협회","     438,500"
"11673","312690","주식회사 미즈텍","     437,600"
"11675","110487","한솔피엔에스(주)","     436,600"
"11674","550544","대성정보시스템","     436,600"
"11676","520200","주식회사 볼로랜드","     436,600"
"11677","203497","주식회사 넷세이프코리아","     435,500"
"11678","610491","주식회사 명인전기","     435,200"
"11679","110466","대우조선해양건설(주)","     434,100"
"11680","640143","주식회사 시웅정보통신","     433,600"
"11686","204148","주식회사 티머니모빌리티(Tmoney Mobility Co., Ltd.)","     431,900"
"11687","204231","주식회사 휴먼플러스","     431,900"
"11684","312644","주식회사 딥사이닝","     431,900"
"11681","312595","주식회사 이지테크리","     431,900"
"11685","204095","주식회사 메타데이타(MetaData Inc.)","     431,900"
"11682","204269","주식회사 인티어리(Intheory co.,ltd.)","     431,900"
"11683","203153","주식회사 프리티(FreeT, Inc.)","     431,900"
"11688","204066","주식회사 타스통신","     431,300"
"11689","312497","안산에스씨 주식회사","     430,000"
"11690","312408","주식회사 티에스한영","     428,800"
"11691","203778","주식회사 티에스코어 (TS Core Co., Ltd.)","     428,300"
"11692","204289","사단법인 대한민국공무원 공상유공자회","     428,000"
"11693","320500","(주)삼주이엔씨","     422,600"
"11694","204130","주식회사 휴먼네트","     419,800"
"11695","204222","주식회사 델타시스템","     419,700"
"11697","204294","주식회사 나원이엔씨","     419,700"
"11698","350397","주식회사 아이티앤","     419,700"
"11696","312592","엠이엠시스템 주식회사","     419,700"
"11699","550505","주식회사 와이정보통신","     419,200"
"11700","430177","대흥건설 주식회사","     419,100"
"11701","320527","주식회사 하이브랜드","     418,100"
"11702","150128","주식회사 중부정보통신","     417,700"
"11703","311430","(주)플렉스시스템","     417,500"
"11704","204304","주식회사 테라시스템","     416,200"
"11707","330369","주식회사 시야인사이트","     415,800"
"11705","312552","주식회사 이노스","     415,800"
"11706","420531","주식회사 줄탁동시소프트","     415,800"
"11708","204194","주식회사 에이디엔노뜨","     415,000"
"11709","201780","주식회사 아이네트웍스","     414,400"
"11710","204303","주식회사 조은아이티엑스","     412,100"
"11712","510802","주식회사 선진통신","     411,100"
"11711","204171","주식회사 하나티앤아이","     411,100"
"11713","630411","티케이솔루션 유한회사","     410,200"
"11714","540407","신성이앤에스 주식회사","     409,700"
"11717","312386","씨에스테크놀로지 주식회사","     407,200"
"11716","204279","주식회사 제이소프트랩","     407,200"
"11715","320578","디아이정보통신","     407,200"
"11718","203509","주식회사 스누아이랩","     404,600"
"11719","203818","샘코씨앤디 주식회사","     404,300"
"11720","320221","명인씨앤씨 주식회사","     404,100"
"11721","540304","에이펙스인텍(주)","     404,100"
"11722","630419","수퍼빈 주식회사","     403,200"
"11723","510770","주식회사 온비치","     402,900"
"11724","430360","(주)오션엔지니어링","     401,700"
"11725","630427","(유)우리종합관리","     399,400"
"11726","204010","에스비엠정보통신","     399,200"
"11727","550383","주식회사 경성테크윈","     398,800"
"11728","350620","주식회사 펌프킨","     397,900"
"11729","530447","주식회사 에이젠코어 (AGENCORE CO.,LTD.)","     397,500"
"11730","204204","주식회사 씨앤씨라이트웨이(C&C LIGHTWAY, INC)","     395,800"
"11731","110362","한일건설(주)","     395,200"
"11732","204155","주식회사 티원시스(T-ONE SYS Co.,Ltd.)","     395,000"
"11733","204264","주식회사 클라우드앤","     395,000"
"11734","350611","주식회사 상명아이앤씨","     395,000"
"11735","320539","주식회사 씨피엔텍","     395,000"
"11736","620410","진영토건 주식회사","     393,000"
"11737","203987","주식회사 넥스","     392,900"
"11739","204126","주식회사 케이모스","     390,300"
"11738","204225","주식회사 연은테크","     390,300"
"11740","640094","주식회사 한영정보통신","     389,800"
"11741","510758","주식회사 에이엑스네트웍스","     389,300"
"11742","312182","주식회사 키프코우주항공","     388,400"
"11743","310956","(주)담스테크","     387,000"
"11744","311214","(주)리테일테크","     384,200"
"11745","620207","주식회사 가람이엔씨","     383,800"
"11746","312435","주식회사 에스엠솔루션","     383,100"
"11747","310520","한화에너지 주식회사","     382,500"
"11749","312661","주식회사 제타럭스시스템","     382,400"
"11750","204128","주식회사 아이메코","     382,400"
"11748","204189","제이에이치데이터시스템 주식회사","     382,400"
"11751","420423","클릭소프트(주)","     382,000"
"11752","203381","주식회사 제로원아이티","     379,500"
"11753","203983","주식회사 정한이엔씨","     379,000"
"11754","350549","주식회사 서광","     378,400"
"11755","203276","주식회사 플루멘코리아 (FLUMEN KOREA Co.,Ltd.)","     378,200"
"11756","201343","유니모테크놀로지(주)","     373,400"
"11757","201813","하하정보통신(주)","     372,700"
"11758","410380","주식회사 중앙일렉트릭","     371,300"
"11759","311565","주식회사 원익피앤이(WONIK PNE CO., LTD.)","     371,300"
"11760","203957","주식회사 다올정보통신","     370,500"
"11761","510766","주식회사 스타칸(STAR KHAN Co.,Ltd.)","     369,500"
"11762","312104","주식회사 실라벌","     368,200"
"11763","150571","(주)아이티공간","     364,800"
"11764","201789","두손아이텍(주)","     364,300"
"11765","630350","주식회사 미디아","     364,200"
"11766","330169","(주)창성에스지","     363,600"
"11767","204262","주식회사 폭스커넥트","     361,600"
"11768","350325","에너지엑스 주식회사(Energy X Inc.)","     359,500"
"11769","312077","은성솔루션","     359,400"
"11770","530449","티지에스","     355,900"
"11772","312527","주식회사 온어스네트웍스","     353,000"
"11771","540506","주식회사 서호플러스","     353,000"
"11773","350513","주식회사 포유디지탈","     352,100"
"11774","610205","주식회사 유탑엔지니어링","     350,800"
"11775","420498","이엠시티 주식회사","     348,700"
"11776","330361","서림종합건설 주식회사","     348,300"
"11777","520156","주식회사 엔엑스(NX Co., Ltd.)","     348,000"
"11778","202899","주식회사 퍼셉트 (Percept Co., Ltd.)","     346,400"
"11779","203824","주식회사 트러스테이 (Trustay Co.,Ltd.)","     341,600"
"11780","610498","주식회사 로커스","     340,800"
"11781","312692","주식회사 한국종합안전솔루션","     340,800"
"11782","620431","수인개발","     337,400"
"11783","201043","(주)도전하는사람들","     333,600"
"11784","311805","주식회사 씨엘시스템","     329,300"
"11785","312195","은성산업 주식회사","     324,100"
"11786","113334","셀렉트정보기술(주)","     321,500"
"11788","204029","주식회사 파스칼코퍼레이션(Pascal Corporation)","     319,600"
"11787","440038","주식회사 제이에스아이엔씨","     319,600"
"11789","203629","포커스미디어코리아 주식회사","     313,300"
"11790","312509","주식회사 보아텍","     306,000"
"11791","540475","비에스원 주식회사","     299,900"
"11792","430308","대성쎌틱에너시스(주)","     299,200"
"11793","202210","포인트아이 주식회사(POINTI Co., Ltd.)","     298,800"
"11794","311341","(주)에프코이엔티","     298,500"
"11795","204083","주식회사 코어빌더(CoreBuilder Co., Ltd.)","     298,100"
"11796","203988","주식회사 코어코드시스템 (CoreCode system Co., Ltd.)","     288,200"
"11797","312427","주식회사 일렉콤","     287,800"
"11798","311334","(주)태스콘","     287,000"
"11799","312516","주식회사 데이터메티카","     284,700"
"11800","110646","효성티앤에스 주식회사","     284,200"
"11801","630326","유한회사 아이티솔루션","     280,900"
"11802","312432","주식회사 디에스시스템","     278,100"
"11803","203367","주식회사 케이시스템","     272,700"
"11804","510220","(주)유티스","     272,700"
"11805","203401","주식회사 이지차저(Easy Charger Co., Ltd)","     269,700"
"11806","530450","주식회사 인테크워터","     265,800"
"11807","203903","주식회사 쿼드마이너","     264,500"
"11808","201651","(주)엑스엔시스템즈","     260,200"
"11809","520109","유니텍(뉴젠솔루션 울산)","     259,300"
"11810","420385","주식회사 에어포인트","     258,400"
"11811","311710","(주)한국해양기술","     258,400"
"11812","203365","주식회사 한국클라우드(HANKOOK CLOUD Inc.)","     258,200"
"11815","312372","올테크","     257,200"
"11813","310186","(주)오맥스","     257,200"
"11814","312428","주식회사 엑시노스","     257,200"
"11816","200315","(주)케이씨이아이","     242,700"
"11817","520082","중앙미디어네트워크(주)","     239,200"
"11819","203449","주식회사 타이드(TIDE Co., Ltd.)","     237,400"
"11818","530317","주식회사 이수종합전기","     237,400"
"11820","312463","주식회사 삼원하이텍","     236,400"
"11821","113291","(주)카스","     223,400"
"11822","520047","(주)에이딕","     219,800"
"11823","201810","(주)새하컴즈","     215,600"
"11824","203984","주식회사 엔와이컴퓨터","     211,200"
"11825","203863","주식회사 시큐에버","     209,100"
"11826","440068","주식회사 지앤아이에스제이","     208,700"
"11827","630013","(주)비젼웨이브","     198,500"
"11828","310914","(주)유스텍","     197,600"
"11829","311041","창성건설(주)","     197,100"
"11830","203887","주식회사 주연미디어","     194,700"
"11831","312336","(주)에스제이시스템","     194,700"
"11832","311094","동우건설 주식회사","     186,500"
"11834","350537","주식회사 옥토","     173,900"
"11833","440066","주식회사 새롬아이씨티","     173,900"
"11835","203672","주식회사 태석이엔씨","     171,400"
"11836","510665","에스디전력 주식회사","     154,200"
