순위,등록번호,상호,시공능력평가액(천원),
"1","110116","에스케이티엔에스(주)"," 256,060,400"
"2","110311","지에스네오텍(주)"," 210,687,600"
"3","110234","한전케이디엔(주)"," 169,997,700"
"4","110983","엘케이테크넷(주)"," 132,742,500"
"5","111557","명신정보통신(주)"," 121,230,700"
"6","203178","주식회사 유플러스홈서비스(Uplus Home Service Corp.)"," 119,998,500"
"7","201348","삼성물산 주식회사"," 113,951,300"
"8","200162","(주)글로벌텔레콤"," 109,130,100"
"9","310610","한국정보기술(주)"," 105,493,900"
"10","110019","대보정보통신(주)","  95,783,500"
"11","110570","진우에이티에스 주식회사","  94,011,700"
"12","170023","부민통신(주)","  89,738,200"
"13","111933","현대엔지니어링(주)","  88,667,400"
"14","110325","(주)엘지씨엔에스","  87,043,700"
"15","120287","대아티아이(주)","  83,818,200"
"16","110506","주식회사 와이어블 (Wiable Corp.)","  82,893,500"
"17","200058","(주)뉴젠스","  81,433,600"
"18","110418","오티씨 주식회사","  80,357,700"
"19","110510","(주)에스원","  79,525,000"
"20","110105","(주)나우스넷","  74,517,300"
"21","111027","에프투텔레콤(주)","  72,023,200"
"22","112042","(주)윈미디텍","  70,651,400"
"23","140002","(주)전통","  70,144,800"
"24","112856","(주)싸인텔레콤","  67,723,200"
"25","160210","렉스젠(주)","  67,605,200"
"26","110107","현대건설(주)","  67,341,200"
"27","110459","아이파크현대산업개발 주식회사","  66,621,500"
"28","110553","삼성에스디에스(주)","  66,030,400"
"29","140370","(주)세오","  64,998,600"
"30","110338","(주)대우건설","  64,896,700"
"31","140007","주식회사 남양에스티엔","  63,941,800"
"32","110078","신흥정보통신(주)","  63,574,100"
"33","200854","(주)한은씨앤씨","  63,183,800"
"34","113134","에스피케이인크 주식회사 (SPK Inc.)","  61,818,100"
"35","110085","우일정보기술(주)","  59,507,700"
"36","110278","주식회사 덕산","  59,344,100"
"37","110885","오리엔트 주식회사","  57,851,400"
"38","110079","(주)지앤에스기술","  56,658,100"
"39","120234","반도산전(주)","  56,542,100"
"40","110458","주식회사 케이티엔지니어링(kt engineering Co.,Ltd.)","  56,281,900"
"41","110481","지에스건설(주)","  53,794,700"
"42","113292","(주)지엔텔","  53,516,200"
"43","111433","(주)하나비젼씨스템즈","  52,258,200"
"44","203320","아이클라우드 주식회사","  52,088,300"
"45","320242","(주)비알인포텍","  50,730,000"
"46","200760","에스케이텔레콤(주)","  50,303,200"
"47","200214","쿠도커뮤니케이션(주)","  50,067,200"
"48","310849","(주)인텔리안테크놀로지스","  49,625,000"
"49","113009","(주)스마트비전","  49,198,400"
"50","110001","(주)우주텔레콤","  49,150,000"
"51","111341","주식회사 트루본","  49,004,900"
"52","110065","영남스퀘어 주식회사(YOUNGNAM SQUARE Co., Ltd) ","  48,112,100"
"53","110828","에이치디씨랩스 주식회사(HDC LABS Co., Ltd.)","  48,038,500"
"54","111115","중앙하이텔(주)","  47,698,700"
"55","200350","(주)벨에어테크","  47,035,300"
"56","310220","(주)디라직","  46,890,900"
"57","610332","제일건설 주식회사","  46,726,400"
"58","110238","송암시스콤(주)","  46,274,600"
"59","202640","(주)포딕스시스템","  45,300,000"
"60","110898","(주)유앤테크","  45,218,800"
"61","110622","주식회사 캐스트윈(CASTWIN CO.,Ltd)","  44,991,000"
"62","110263","(주)투윈스컴","  44,860,400"
"63","310014","(주)파워텔레콤","  44,733,500"
"64","311054","(주)에스카","  44,240,800"
"65","113305","현대오토에버(주)","  44,227,100"
"66","200778","디에스지엔(주)","  44,216,700"
"67","110268","(주)신광티앤이","  44,138,700"
"68","200090","에스엠티정보기술(주)","  43,678,200"
"69","202919","주식회사 한화","  43,654,600"
"70","111592","현대에이치디에스(주)","  43,646,800"
"71","200564","유지텔레컴(주)","  43,396,900"
"72","110249","(주)토페스","  41,257,700"
"73","110830","에스넷시스템(주)","  40,315,600"
"74","201896","요다정보기술(주)","  40,219,100"
"75","202530","(주)티원엘에스","  40,165,700"
"76","110300","롯데건설(주)","  40,157,700"
"77","112985","주식회사 케이티엠오에스북부","  39,885,800"
"78","110526","주식회사 대림 (DAELIM CO., LTD.)","  39,437,600"
"79","630034","주식회사 홍석","  39,150,400"
"80","120044","성일통신(주)","  39,050,200"
"81","202517","주식회사 인텔리빅스","  38,828,300"
"82","310085","(주)서희건설","  38,130,400"
"83","111979","유니넷텍(주)","  37,884,600"
"84","310632","디알씨티에스(주)","  37,196,800"
"85","110060","(주)태영건설","  37,152,600"
"86","310401","(주)우리넷","  37,144,200"
"87","311765","주식회사 웨이브엔텍","  37,075,200"
"88","150653","한화시스템(주)","  37,040,900"
"89","112006","자이에스앤디 주식회사(Xi S&D, Inc.)","  36,976,900"
"90","111353","(주)두원전자통신","  36,574,300"
"91","200583","(주)화진티엔아이","  36,453,200"
"92","111759","삼언전공(주)","  36,141,300"
"93","120248","고려정보통신(주)","  35,972,400"
"94","110511","(주)엘지유플러스","  35,303,000"
"95","510244","(주)씨넷","  34,764,600"
"96","110357","(주)영전","  34,669,100"
"97","120086","엘에스마린솔루션 주식회사 (LS Marine Solution Co., Ltd.)","  34,496,100"
"98","111053","주식회사 케이원","  34,484,000"
"99","113110","아마노코리아(주)","  34,465,900"
"100","201177","유피이엔씨(주)","  34,149,600"
"101","200399","(주)태광네트웍정보","  34,021,500"
"102","203261","주식회사 동곡기정","  33,743,600"
"103","111753","(주)우호텔레콤","  32,590,700"
"104","120497","주식회사 지씨(GC Co., Ltd.)","  32,387,000"
"105","201335","에스케이오앤에스 주식회사","  32,248,400"
"106","120747","주식회사 대흥디씨티","  32,243,100"
"107","310387","에스케이네트웍스서비스(주)","  32,165,700"
"108","130183","대신네트웍스(주)","  32,160,200"
"109","130033","(주)국제광엔지니어링","  31,919,900"
"110","200881","(주)어빌리티시스템즈","  31,478,600"
"111","120020","(주)우성통신","  31,473,500"
"112","350120","(주)아이엠피","  31,441,900"
"113","110213","(주)데스코(DESCO Co,.Ltd.)","  31,381,700"
"114","150143","(주)창원기전","  31,363,300"
"115","111212","이앤비정보통신(주)","  31,262,200"
"116","112793","드림네트웍스(주)","  31,103,600"
"117","310566","(주)서호이앤씨","  31,100,700"
"118","110056","(주)이화텔레콤","  31,032,000"
"119","110103","(주)명신시스템","  30,853,200"
"120","610084","우미건설(주)","  30,716,200"
"121","310140","주식회사 유엔에이엔지니어링","  30,614,200"
"122","201114","(주)사이버텔브릿지","  30,536,700"
"123","170031","(주)유선통신","  30,526,400"
"124","110929","현대에이치티 주식회사 (HYUNDAI HT CO,LTD.)","  30,415,800"
"125","310469","(주)테크빌","  30,346,300"
"126","203712","주식회사 팬택씨앤아이엔지니어링(Pentech C&I Engineering CO.,LTD.)","  30,234,600"
"127","120303","대신네트웍스(주)","  30,161,100"
"128","200105","(주)부현전기","  30,039,800"
"129","110587","대신통신기술(주)","  29,958,800"
"130","550021","(주)굿링크","  29,901,000"
"131","112785","(주)시큐인포","  29,804,700"
"132","112106","건아정보기술(주)","  29,658,700"
"133","201504","주식회사 벡트(VECT)","  29,643,000"
"134","202701","(주)퍼니포커스","  29,258,300"
"135","120148","(주)제일정보통신","  29,021,100"
"136","111589","(주)케이티","  28,896,600"
"137","110273","메타넷디지털 주식회사","  28,861,800"
"138","640007","포원정보통신(주)","  28,786,800"
"139","110055","주식회사 한영씨앤이","  28,670,000"
"140","112156","영현정보통신(주)","  28,588,500"
"141","150278","에스정보통신(주)","  28,495,300"
"142","160136","(유)미주계전","  28,361,600"
"143","150275","(주)진명아이앤씨","  28,048,500"
"144","550181","주식회사 아이웍스","  28,009,900"
"145","112244","(합)동화","  27,694,400"
"146","420098","주식회사 케이티서비스남부","  27,660,000"
"147","310685","주식회사 윈스테크넷 (WINS Technet Co., Ltd.)","  27,601,100"
"148","510018","앤시정보기술(주)","  27,584,400"
"149","110477","한진정보통신(주)","  27,472,200"
"150","201056","(주)경림이앤지","  27,309,100"
"151","311329","(주)위드아이에스","  27,115,700"
"152","310463","(주)세한이엔씨","  27,004,300"
"153","310084","(주)컴피아","  26,885,500"
"154","410108","주식회사 넷워크인","  26,838,400"
"155","320162","(주)유라이프솔루션즈","  26,630,800"
"156","202992","(주)반도건설","  26,507,600"
"157","110489","주식회사 디티(DT INC.)","  26,427,400"
"158","110096","(주)대인정보통신","  26,424,200"
"159","530224","(주)유비텍","  26,266,300"
"160","111590","(주)한일에스티엠","  26,246,500"
"161","202379","티엔에스아이(주)","  26,149,900"
"162","350122","(주)그린아이티코리아","  26,063,700"
"163","113042","제이케이앤티텔레콤(주)","  26,054,600"
"164","112684","(주)에스에이티","  25,921,300"
"165","311143","주식회사 트리즈엔 (TrizN Inc.)","  25,917,600"
"166","200345","주식회사 라피치(RAPEECH Co.,Ltd)","  25,874,300"
"167","610162","중흥토건(주)","  25,692,100"
"168","150106","동서통신(주)","  25,664,200"
"169","310512","(주)이에스통신","  25,595,000"
"170","110500","(주)아이엔아이","  25,511,100"
"171","120230","(주)케이투","  25,510,400"
"172","130292","(주)원테크","  25,367,700"
"173","310954","주식회사 네오비젼","  25,237,800"
"174","111142","수호정보통신(주)","  25,151,400"
"175","310565","(주)싸이몬","  25,102,300"
"176","120170","한화비전 주식회사","  25,065,700"
"177","310242","주식회사 진인프라(Jininfra Co.,Ltd.)","  25,064,400"
"178","170038","(주)화성","  25,006,200"
"179","110849","코오롱베니트(주)","  24,980,000"
"180","200151","(주)넥스파시스템","  24,900,500"
"181","110211","대신네트웍스(주)","  24,828,300"
"182","201567","이노뎁(주)","  24,485,800"
"183","203040","세리정보기술 주식회사","  24,475,600"
"184","110316","(주)엠비씨씨앤아이","  24,454,500"
"185","202463","(주)클라우드네트웍스","  24,439,000"
"186","110519","경남기업(주)(Keangnam Enterprises,Ltd)","  24,335,400"
"187","112356","대성네트웍(주)","  24,318,300"
"188","420022","(주)이노솔루텍","  24,269,900"
"189","110432","주식회사 한라인프라코어","  24,245,700"
"190","540489","주식회사 코디아이앤씨","  24,244,000"
"191","530111","양산정보통신(주)","  24,234,100"
"192","201238","(주)에스피엔이","  24,074,500"
"193","110097","대신정보기술(주)","  23,984,400"
"194","112949","주식회사 인콘(INCON Co., Ltd.)","  23,941,000"
"195","310389","(주)지성정보통신","  23,892,400"
"196","530184","주식회사 태왕이앤씨","  23,820,700"
"197","201548","이노테크놀로지(주)","  23,808,100"
"198","110997","콤시스 주식회사(Comsys Co., Ltd)","  23,735,900"
"199","150264","(주)한샘정보통신","  23,559,900"
"200","112736","(주)오버넷","  23,508,000"
"201","110760","(주)아이엔지시스템","  23,501,900"
"202","201342","주식회사 오파스넷(OPASNET co., Ltd)","  23,467,400"
"203","111646","(주)시스원","  23,420,900"
"204","150588","주식회사 와이엔티솔루션","  23,407,300"
"205","140059","아주통신(주)","  23,399,000"
"206","111889","(주)씨브이네트","  23,392,800"
"207","140136","중흥건설(주)","  23,309,100"
"208","120258","(주)인포스텍","  23,241,100"
"209","310875","에스트래픽(주)","  23,231,000"
"210","180024","청암기업(주)","  23,207,000"
"211","420025","(주)신화통신","  23,178,000"
"212","112270","(주)경우이앤씨","  23,152,500"
"213","110795","두산건설(주)","  23,093,700"
"214","130303","(주)우정넷","  23,090,200"
"215","111811","대일전기통신(주)","  23,074,000"
"216","420018","주식회사 케이티엠오에스남부 (kt MOS Nambu Corporation)","  23,031,900"
"217","130091","계룡건설산업(주)","  23,027,000"
"218","112322","(주)인트로통신기술","  22,968,700"
"219","130047","한일통신(주)","  22,938,700"
"220","111912","주식회사 에스비넷","  22,849,200"
"221","140343","유한책임회사 엔에이치네트웍스","  22,735,700"
"222","120394","(주)한스콤정보통신","  22,696,800"
"223","202073","주식회사 신화씨엔에스","  22,571,300"
"224","110730","(주)신보","  22,538,800"
"225","140145","한주통신(주)","  22,505,500"
"226","120513","주식회사 알파시스템","  22,478,900"
"227","112730","(주)메트로컴넷","  22,423,300"
"228","130473","(주)아이디스","  22,411,600"
"229","530207","(주)서율","  22,244,200"
"230","201924","씨엠티정보통신(주)","  22,224,200"
"231","112965","(주)삼도텔레콤","  22,173,200"
"232","120361","(주)코넥","  22,162,500"
"233","550149","(주)송우인포텍","  22,130,100"
"234","110583","케이씨씨정보통신(주)","  22,088,300"
"235","200811","(주)케이티서비스북부","  22,051,300"
"236","110443","코오롱글로벌(주)","  22,049,600"
"237","112194","(주)에스디시스템","  21,802,000"
"238","200640","에스케이브로드밴드(주)","  21,723,400"
"239","140016","주식회사 국민","  21,584,100"
"240","130434","에스오에스미디어(주)","  21,583,000"
"241","111022","에이치엘디앤아이한라 주식회사 (HL D&I HALLA CORPORATION)","  21,522,300"
"242","111085","교보디티에스 주식회사","  21,495,400"
"243","110190","동부건설(주)","  21,451,100"
"244","420380","주식회사 와이넷","  21,444,400"
"245","630079","(유)구이앤금우통신","  21,378,800"
"246","110823","(주)라사정보통신","  21,289,600"
"247","201764","주식회사 아이티트레인","  21,191,600"
"248","520097","다운이엔씨(주)","  21,154,400"
"249","202097","주식회사 세종아이티엘 (SEJONGITL Ltd.)","  21,143,500"
"250","110400","(주)인성정보","  21,136,500"
"251","202792","주식회사 아이티로그인","  21,103,600"
"252","140010","금호건설 주식회사","  21,097,400"
"253","110423","주식회사 아이티센씨티에스 (ITCENCTS CO.,LTD.)","  20,966,000"
"254","110094","한애전자(주)","  20,958,900"
"255","311301","에솜(주)","  20,888,400"
"256","130071","태양정보통신(주)","  20,832,100"
"257","112685","주식회사 엔투원시스템","  20,791,600"
"258","200200","(주)프라임엔시스템","  20,780,800"
"259","120072","삼영이엔씨(주)","  20,755,300"
"260","110315","주식회사 에이치제이중공업","  20,632,800"
"261","120049","(합)조광","  20,602,700"
"262","430290","주식회사 엠케이솔루션","  20,586,200"
"263","350444","에프에스티코리아 주식회사","  20,567,300"
"264","203086","주식회사 알엔알(RNR Inc.)","  20,552,700"
"265","150021","해솔정보통신 주식회사","  20,530,700"
"266","170022","아림통신건설","  20,457,400"
"267","620147","주식회사 파로스","  20,278,900"
"268","310854","(주)케이피에스보안시스템","  20,276,700"
"269","110285","(주)탑엔지니어링","  20,253,000"
"270","160178","(주)이레유비크","  20,243,400"
"271","120359","(주)셀콤","  20,235,300"
"272","112279","(주)케이디정보기술","  20,215,100"
"273","520106","주식회사 벨로크(Bellock Inc.)","  20,119,100"
"274","200687","(주)주신에이브이티","  20,114,600"
"275","130129","(주)광진통신","  20,097,200"
"276","350279","주식회사 에이치케이시스템","  20,095,300"
"277","150266","배영텔레콤(주)","  20,074,900"
"278","120068","금강통신(주)","  19,928,100"
"279","202869","주식회사 프레이","  19,923,900"
"280","200565","케이티텔레캅(주)","  19,867,300"
"281","200950","에스케이쉴더스 주식회사 (SK shieldus Co.,Ltd)","  19,772,000"
"282","120100","주식회사 금양통신","  19,675,300"
"283","311124","아이씨티웨이(주)","  19,670,900"
"284","310265","(주)시열정보통신","  19,627,300"
"285","201346","주식회사 지앤씨씨(G&CC)","  19,602,500"
"286","320025","서부네트웍스(주)","  19,594,600"
"287","540216","(주)케이엔정보기술","  19,574,400"
"288","111405","오상자이엘(주)","  19,558,500"
"289","120060","주식회사 대하정보기술","  19,527,600"
"290","200344","(주)오티에스씨","  19,498,400"
"291","311939","주식회사 비포시스템","  19,481,000"
"292","111305","(주)애플파워","  19,459,400"
"293","110236","(주)세하통신","  19,445,900"
"294","202567","(주)메이머스트","  19,376,700"
"295","140134","(주)광주텔레콤","  19,371,700"
"296","350398","주식회사 디아이엔아이","  19,309,400"
"297","170070","(합자)동양아이텍","  19,308,000"
"298","140062","(주)대양정보통신","  19,266,800"
"299","140423","(주)영대정보통신","  19,231,600"
"300","113500","(주)미소건영","  19,144,400"
"301","530023","(주)한아아이티","  19,142,800"
"302","110061","주식회사 비에스한양(BS Hanyang Inc.)","  19,077,800"
"303","110578","(주)두레정보통신","  19,060,300"
"304","201104","(주)에즈웰플러스","  19,052,800"
"305","320292","지티정보통신(주)","  19,041,100"
"306","310499","주식회사 에스노바시스템즈(Snova Systems Co.,Ltd.)","  19,001,400"
"307","112594","(주)이든정보기술","  18,986,600"
"308","510202","(주)엘앤비기술","  18,954,500"
"309","111677","주식회사 성호넷","  18,930,400"
"310","330060","에스엔티(주)","  18,883,300"
"311","110410","(주)메가텔","  18,859,500"
"312","140158","대신정보통신(주)","  18,847,500"
"313","140012","(주)제이엔테크","  18,645,700"
"314","320330","주식회사 카네비모빌리티(Kanavi Mobility Co.,Ltd.)","  18,587,900"
"315","110032","블루엔이(주)","  18,483,600"
"316","310971","(주)코어인프라","  18,456,300"
"317","200763","(주)에스포스텔레콤","  18,448,700"
"318","113123","코위버(주)","  18,426,300"
"319","201237","벽산파워(주)","  18,329,800"
"320","201208","에이스건설(주)","  18,270,100"
"321","113324","뉴코리아전자통신(주)","  18,257,900"
"322","130398","(주)센텍","  18,234,600"
"323","140482","싸이버테크(주)","  18,218,700"
"324","170048","설악이앤씨(주)","  18,178,200"
"325","110228","삼형전자(주)","  18,165,600"
"326","130049","주식회사 명광","  18,064,300"
"327","203601","주식회사 엠토스솔루션스","  18,061,100"
"328","112937","(주)성진정보통신","  18,057,400"
"329","202897","주식회사 애즈원","  18,048,700"
"330","202848","에이블이엔씨 주식회사","  18,048,300"
"331","110507","종합전기(주)","  18,027,100"
"332","620232","(주)유앤아이씨","  18,000,500"
"333","310560","(주)패스넷","  17,958,500"
"334","202522","(주)서경산업","  17,944,200"
"335","201751","(주)어니언소프트웨어","  17,927,500"
"336","201165","모바일파킹 유한회사","  17,900,700"
"337","140082","대한정보통신(주)","  17,892,200"
"338","110517","계림통신건설(주)","  17,850,100"
"339","202005","주식회사 새움","  17,825,200"
"340","201191","주식회사 명성이앤티","  17,797,100"
"341","111275","주식회사 비에프랩스 (BFLABS Co.,LTD.)","  17,794,100"
"342","111815","(주)네오티스","  17,790,000"
"343","113278","원일정보통신(주)","  17,765,500"
"344","203540","주식회사 엠키스코어(MKIS CORE Co., Ltd.)","  17,763,000"
"345","200989","(주)그린텍아이엔씨","  17,762,500"
"346","130374","창조통신(주)","  17,622,100"
"347","111071","경우전기(주)","  17,620,100"
"348","201503","(주)라인테크놀로지","  17,590,500"
"349","200820","(주)컴버스테크","  17,586,000"
"350","112347","(주)포어링크","  17,564,300"
"351","113167","(주)콤위즈","  17,501,800"
"352","200391","엘지전자(주)","  17,500,000"
"353","201585","(주)조은정보","  17,399,100"
"354","201436","(주)원캐스트 ","  17,391,700"
"355","420141","세림티에스지(주)","  17,388,200"
"356","110295","(주)웨이브컴","  17,356,700"
"357","111336","(주)대경바스컴","  17,349,500"
"358","112141","주식회사 유진인프라코어","  17,343,100"
"359","140390","(주)디테코","  17,308,200"
"360","150207","(주)예성전기통신","  17,293,200"
"361","112011","주식회사 에프엔지네트웍스 (FNG NETWORKS Co. Ltd.)","  17,283,200"
"362","113109","(주)서울영상테크","  17,268,500"
"363","111278","(주)카티스","  17,233,600"
"364","610464","주식회사 디엑스다온","  17,205,000"
"365","201296","주식회사 유니와이드","  17,167,100"
"366","150628","(합자)태성산업사","  17,159,800"
"367","150514","진흥씨앤씨(주)","  17,146,800"
"368","620122","(주)한기술","  17,144,200"
"369","112415","국제텔레시스(주)","  17,057,700"
"370","200852","주식회사 에이디엠","  17,050,200"
"371","350289","(주)신화전공","  17,043,200"
"372","110594","가락전자(주)","  17,022,100"
"373","320182","(주)엠에스시스템","  17,010,200"
"374","111292","(주)세호영상","  16,984,500"
"375","111760","(주)신세계아이앤씨","  16,894,000"
"376","120061","(주)한성아이넷","  16,830,400"
"377","113197","아시아나아이디티(주)","  16,825,500"
"378","200974","(주)유영정보통신","  16,813,800"
"379","130109","(주)명광","  16,796,800"
"380","112379","주식회사 컴포스","  16,758,900"
"381","110305","에쓰이씨 주식회사 (SEC Co., Ltd.)","  16,746,400"
"382","201652","(주)미소아이티","  16,746,100"
"383","311794","비젼아이티에스 주식회사","  16,734,600"
"384","350033","(주)서광시스템","  16,720,000"
"385","110312","엘에스전선(주)","  16,698,200"
"386","110009","한소리이앤씨(주)","  16,648,000"
"387","510610","(주)한성원테크","  16,643,900"
"388","111438","(주)온리정보통신","  16,639,300"
"389","310765","(주)서인디지탈","  16,585,800"
"390","150101","(주)빅스타건설","  16,574,000"
"391","630231","주식회사 에코시스텍","  16,568,000"
"392","111141","(주)광신전설","  16,556,400"
"393","150508","청우통신(주)","  16,493,600"
"394","120720","현대로템(주)","  16,482,400"
"395","140265","(주)오성정보통신","  16,467,400"
"396","200698","주식회사 아하 (AHA Co.,Ltd)","  16,466,600"
"397","201690","주식회사 엠아이솔텍","  16,464,800"
"398","130325","주식회사 이스젠","  16,431,100"
"399","110066","주식회사 남두","  16,402,300"
"400","200719","주식회사 에이치씨코퍼레이션 (HC Corporation Co., Ltd.)","  16,375,400"
"401","110140","(주)신안정보통신","  16,343,700"
"402","150303","(주)세광통신","  16,339,600"
"403","112151","(주)엠케이씨티","  16,298,500"
"404","120471","(주)베가통신","  16,247,100"
"405","640107","동일전력 주식회사","  16,245,700"
"406","120165","갑을통신(주)","  16,194,700"
"407","510592","(주)헬로네트워크","  16,184,200"
"408","113026","주식회사 엠젠솔루션(MGEN SOLUTION CO., LTD.)","  16,138,200"
"409","113119","키엔컴(주)","  16,127,200"
"410","202538","(사)해오름장애인협회","  16,087,200"
"411","350126","(주)기산이앤씨","  16,070,500"
"412","111449","(주)케이씨씨건설","  16,062,000"
"413","310228","주식회사 현명","  16,054,500"
"414","310952","주식회사 아이엘","  16,042,800"
"415","110100","(주)세웅정보통신","  16,030,500"
"416","113321","(주)비아이넷","  16,020,300"
"417","111242","(주)유셀네트웍스","  15,987,500"
"418","130092","통우통신","  15,986,800"
"419","113025","(주)필라테크","  15,983,200"
"420","420172","주식회사 솔버아이티","  15,972,700"
"421","170155","한국텔레콤(주)","  15,965,600"
"422","202193","(주)에이치앤아이씨","  15,946,700"
"423","150075","야베스정보통신(주)","  15,922,500"
"424","310780","(주)벨루션네트웍스","  15,901,500"
"425","201604","(주)이루온아이앤에스","  15,894,300"
"426","200122","(주)유비라인","  15,880,800"
"427","550102","(주)세종정보통신","  15,868,300"
"428","330066","(주)한솔텔레콤","  15,862,400"
"429","630082","도가테크","  15,852,500"
"430","420206","(주)케이엠넷","  15,843,500"
"431","140024","(주)정강통신","  15,824,200"
"432","111917","(주)동방데이타테크놀러지","  15,803,500"
"433","130041","(주)광운정보","  15,763,200"
"434","113063","주식회사 인테크","  15,715,000"
"435","200966","(주)건명테크윈","  15,663,900"
"436","201914","(주)파코코리아인더스","  15,603,700"
"437","201474","(주)티제이원","  15,580,500"
"438","310481","(주)신평통신","  15,569,800"
"439","150366","동보정보통신(주)","  15,552,900"
"440","110028","동해정보통신(주)","  15,549,300"
"441","310163","(주)트라콤","  15,509,200"
"442","610287","주식회사 이노트릭스","  15,483,500"
"443","420365","글로벌넷","  15,478,900"
"444","112712","나이스인프라 주식회사(NICE Infra Co., Ltd)","  15,475,700"
"445","310270","주식회사 시스윈로보틱스","  15,463,600"
"446","320082","(주)유리네트웍스","  15,378,000"
"447","203220","주식회사 투비콤","  15,375,900"
"448","111239","정광(주)","  15,349,600"
"449","120069","한신전자(주)","  15,330,800"
"450","111608","주식회사 우리엔아이에스","  15,281,500"
"451","110740","부기테크(주)","  15,264,800"
"452","130440","주식회사 새암정보기술","  15,249,800"
"453","201819","(주)신화시스템","  15,227,900"
"454","110416","서울데이타통신(주)","  15,227,100"
"455","310768","(주)지인테크","  15,196,500"
"456","120619","(주)한우","  15,194,100"
"457","110068","서교정보통신(주)","  15,179,400"
"458","510591","(주)태정이엔지","  15,106,500"
"459","202106","(주)이테크시스템","  15,101,000"
"460","110336","성우정보통신(주)","  15,095,100"
"461","150137","동진통신(주)","  15,077,200"
"462","110122","(주)부림","  15,036,200"
"463","170034","정화통신(주)","  15,032,400"
"464","150492","(주)한영정보통신","  15,011,600"
"465","311866","주식회사 비엔에스테크","  15,003,100"
"466","110538","(주)코맥스","  15,000,300"
"467","200209","(주)아파트피아","  14,987,700"
"468","204224","주식회사 씨아이테크(CITECH CO.,LTD.)","  14,979,300"
"469","201495","(주)삼성티엔지","  14,962,000"
"470","201919","주식회사 아이에스엔솔루션","  14,958,500"
"471","201733","효성아이티엑스(주)","  14,927,800"
"472","201545","(주)유니포인트","  14,920,500"
"473","110601","(주)모빌텍","  14,907,500"
"474","120062","주식회사 서전텔콤","  14,904,900"
"474","112674","나성산업(주)","  14,904,900"
"476","110549","(주)코콤","  14,895,300"
"477","130189","마이크로닉시스템(주)","  14,885,300"
"478","200851","(주)유엔네트웍스","  14,851,600"
"479","112815","(주)하이넷네트웍스","  14,835,700"
"480","140373","(주)호반건설","  14,834,000"
"481","203941","해빛들에너지 주식회사","  14,826,400"
"482","111441","한아름정보통신(주)","  14,810,500"
"483","112546","주식회사 대영아이오티","  14,808,700"
"484","310251","(주)선인프라","  14,796,000"
"485","203388","케이지아이씨티 주식회사(KG ICT CO., LTD.)","  14,767,000"
"486","202498","(주)메카넷","  14,758,400"
"487","112703","굿어스(주)","  14,737,500"
"488","110697","(주)삼흥정보통신","  14,735,300"
"489","110753","주식회사 디에스이앤티","  14,733,000"
"490","170024","지에스네트웍스(주)","  14,727,700"
"491","200309","마인드원 주식회사","  14,726,900"
"492","410077","지에이치정보통신(주)","  14,677,300"
"493","200007","(주)케이웍스","  14,660,300"
"494","510403","주식회사 제니스네트웍","  14,597,100"
"495","202653","(주)피엔에이링크","  14,592,100"
"496","311492","(주)위넷시스템","  14,587,400"
"497","201916","(주)지오통신","  14,579,600"
"498","550112","(주)인피니티네트웍스","  14,572,600"
"499","530286","주식회사 인성정보남부지사","  14,566,800"
"500","150157","(주)건호정보통신","  14,555,200"
"501","113097","엘에스사우타(주)","  14,527,800"
"502","120089","(주)글로벌엔씨","  14,524,800"
"503","130172","(주)미래정보","  14,511,900"
"504","201067","(주)케이비에스비즈니스","  14,508,600"
"505","200953","(주)투데이게이트","  14,497,900"
"506","200809","유에프엠시스템즈(주)","  14,488,900"
"507","310648","디아이디시스템(주)","  14,478,400"
"508","120047","(주)하나로정보통신","  14,472,100"
"509","310946","(주)케이엘디","  14,422,500"
"510","111829","(주)두손씨에스티","  14,391,800"
"511","310490","(주)엘케이시스템","  14,372,800"
"512","150241","(주)유니온테크","  14,349,000"
"513","150116","(합자)삼우전자통신","  14,332,600"
"514","311623","주식회사 이건전기통신","  14,330,000"
"515","311577","(주)엔제로","  14,308,900"
"516","202270","주식회사 엠폴","  14,308,700"
"517","530021","(주)프론텍","  14,233,500"
"518","140058","(주)한빛네트웍스","  14,221,100"
"519","120199","보고이앤티 주식회사","  14,216,500"
"520","311524","주식회사 디에이테크 (DATECH.CO.,Ltd)","  14,206,300"
"521","200764","(주)포소드","  14,198,200"
"522","201174","(주)에스오에이텔레콤","  14,193,600"
"523","160033","유한회사 경보통신","  14,192,200"
"524","311648","(주)경동나비엔","  14,180,600"
"525","201768","(주)융창","  14,160,800"
"526","310190","(주)인포인네트웍스","  14,150,500"
"527","420435","주식회사 창조에스티","  14,083,100"
"528","311401","(주)에스티엔인포텍","  14,066,800"
"529","120753","대형웍스(주)","  14,045,700"
"530","200460","(주)희망에어텍","  13,990,500"
"531","150228","주식회사 포스코이앤씨","  13,988,400"
"532","112153","주식회사 폴라리스에이아이 (Polaris AI Corp.)","  13,978,600"
"533","110145","(주)동양네트워크","  13,971,300"
"534","112917","(주)에스텍시스템","  13,953,800"
"535","530019","주식회사 성일","  13,952,200"
"536","430033","(주)아이티넷","  13,906,600"
"537","311791","주식회사 한양건설","  13,874,200"
"538","200451","(주)제이피파워정보통신","  13,865,700"
"539","130023","중앙통신(주)","  13,856,300"
"540","110476","(주)인성이엔씨","  13,828,100"
"541","510246","(주)힘콤","  13,817,600"
"542","110757","(주)미동이엔씨","  13,817,400"
"543","310338","하나이앤지(주)","  13,812,800"
"544","111287","합자회사 화인에스앤컴퍼니","  13,811,300"
"545","312095","주식회사 엔티에스","  13,803,400"
"546","201990","(주)제이엔디케이","  13,791,100"
"547","420401","파인건설 주식회사","  13,749,700"
"548","150079","동일통신(주)","  13,748,400"
"549","201729","(주)에이치씨인포","  13,744,900"
"550","510354","(주)제이솔루션","  13,729,300"
"551","200670","(주)사운드솔루션","  13,697,300"
"552","510130","거산텔레콤(주)","  13,663,500"
"553","111776","(주)산들네트웍스","  13,660,400"
"554","200096","롯데이노베이트 주식회사(LOTTE INNOVATE Co., Ltd.)","  13,628,200"
"555","112646","아산정보통신(주)","  13,605,000"
"556","310080","(주)다누시스","  13,604,900"
"557","202997","주식회사 다인정보기술","  13,580,700"
"558","120180","(주)동양아이텔","  13,577,700"
"559","112529","유엔넷 주식회사","  13,565,000"
"560","110577","(주)신성하이텍","  13,517,200"
"561","311113","(주)아프로시스템즈","  13,517,100"
"562","111634","주식회사 유진네트웍스","  13,495,100"
"563","110121","대정통신(주)","  13,493,200"
"564","111647","(주)아이티에스컨버젼스","  13,473,000"
"565","310449","(주)서왕이노베이션","  13,462,100"
"566","120609","(주)한울정보통신","  13,453,700"
"567","110939","주식회사 상상인","  13,449,600"
"568","420040","(주)델타시스템","  13,438,100"
"569","110039","더원네트웍스(주)","  13,423,300"
"570","420264","주식회사 지디엘시스템","  13,416,300"
"571","201110","(주)티볼리씨앤씨","  13,403,600"
"572","350034","주식회사 더서울테크 (The Seoultech Co.,Ltd.)","  13,391,600"
"573","150060","유신통신(주)","  13,384,900"
"574","120682","신아시스템(주)","  13,382,100"
"575","111237","동광전자(주)","  13,379,200"
"576","130016","대원전기(주)","  13,366,300"
"577","630365","주식회사 일리","  13,363,100"
"578","530030","(주)얼라이드시스템","  13,357,200"
"579","550186","주식회사 이에스(ES Co., Ltd.)","  13,356,800"
"580","110505","대신엔에스(주)","  13,346,700"
"581","111826","금상첨화 주식회사","  13,341,500"
"582","111029","(주)넥스챌","  13,319,800"
"583","170100","대신네트웍스(주)","  13,317,000"
"584","200371","(주)위쥬테크","  13,302,700"
"585","110445","득진통신(주)","  13,292,800"
"586","610192","주식회사 제이한테크","  13,290,000"
"587","130502","(주)텔콤","  13,286,800"
"588","110899","(주)일광기업","  13,277,500"
"589","310905","케이씨전기(주)","  13,244,000"
"590","130217","(주)캔텔","  13,218,300"
"591","203004","호진산업기연 주식회사","  13,196,100"
"592","112202","주식회사 인남","  13,192,000"
"593","112986","(주)우리아이티","  13,186,300"
"594","440039","주식회사 금성백조건설","  13,184,300"
"595","120105","(주)명진정보통신","  13,181,200"
"596","150039","동신통신(주)","  13,173,600"
"597","150250","(주)한텔","  13,149,800"
"598","111340","주식회사 온품(OnPoom Corporation)","  13,126,300"
"599","630096","주식회사 나노정보통신","  13,113,300"
"600","310219","(주)청조정보통신","  13,084,400"
"601","310108","링크맥스(주)","  13,078,100"
"602","310773","(주)리버앤씨","  13,066,200"
"603","540241","(주)유알정보기술","  13,059,100"
"604","113176","(주)하이텍네트웍스","  13,058,100"
"605","110337","주식회사 신산전력","  13,038,700"
"606","111992","선테크 주식회사","  13,013,800"
"607","200356","(주)제이에프텍","  12,991,800"
"608","110296","금강산업(주)","  12,976,900"
"609","120311","(주)동아티엔씨","  12,957,700"
"610","110208","주식회사 시스텍이앤씨","  12,956,200"
"611","150100","(주)태림","  12,954,700"
"612","110244","(주)삼지엔지니어링","  12,954,500"
"613","180065","(주)이노네트웍스","  12,954,100"
"614","111721","(주)다래파크텍","  12,951,500"
"615","630269","비티에스 주식회사","  12,931,100"
"616","150142","한창텔콤(주)","  12,921,600"
"617","510401","태인텔레콤 주식회사","  12,901,400"
"618","200562","주식회사 큐브정보통신","  12,898,700"
"619","111021","씨티아이앤아이(주)","  12,887,400"
"620","150215","참조은정보통신(주)","  12,872,700"
"621","150346","(주)삼주전자","  12,863,400"
"622","320030","(주)오비스커뮤니케이션스","  12,859,200"
"623","111321","대선이엔씨(주)","  12,851,200"
"624","111362","제아정보통신(주)","  12,838,400"
"625","150304","(주)다온네트웍스","  12,831,500"
"626","111687","주식회사 에스아이테크","  12,826,900"
"627","111709","해피콤 주식회사 (Happy Com Co., Ltd.)","  12,818,000"
"628","112437","(주)에스엠텔","  12,793,900"
"629","110732","(주)삼진일렉스","  12,785,300"
"630","312040","원탑정보통신 주식회사","  12,779,500"
"631","111149","주식회사 디비아이엔씨(DB Inc.)","  12,773,700"
"632","310470","주식회사 우리솔루션 (Woori Solutions)","  12,743,700"
"633","113117","에이치디에스(주)","  12,731,800"
"634","202373","주식회사 아이닛 (iNIT Co., Ltd.)","  12,725,800"
"635","200728","승아전기(주)","  12,720,100"
"636","610218","(주)대호통신","  12,708,700"
"637","112032","아이크래프트(주)","  12,685,500"
"638","320190","(주)엔에스테크","  12,680,500"
"639","520012","파란정보통신(주)","  12,656,500"
"640","150028","(주)코리아통신공사","  12,653,700"
"641","110020","주식회사 광문정보통신","  12,647,400"
"642","311512","(주)에이블컴","  12,643,000"
"643","610017","피닉스엔지니어링(주)","  12,636,900"
"644","120155","(주)명신하이넷","  12,610,100"
"645","130037","지영정보통신(주)","  12,607,500"
"646","310303","세종텔레콤 주식회사(SejongTelecom,Inc.)","  12,607,000"
"647","110110","이화티티씨(주)","  12,585,200"
"648","200128","(주)주인정보시스템","  12,582,300"
"649","150326","주식회사 아이티센글로벌 (ITCENGLOBAL CO.,LTD.)","  12,579,900"
"650","111793","대선아이넷(주)","  12,572,000"
"651","200110","코레일테크(주)","  12,570,000"
"652","200504","(주)젤루텍","  12,559,700"
"653","202508","(주)세화이티에프","  12,544,300"
"654","150033","대신네트웍스(주)","  12,540,400"
"655","150431","(주)선택","  12,539,900"
"656","150180","주식회사 오션","  12,523,300"
"657","200006","(주)케이너스","  12,517,900"
"658","140008","(주)광영이엠씨","  12,516,900"
"659","440016","기룡이엔씨 주식회사","  12,513,600"
"660","201153","(주)일신전업","  12,494,800"
"661","350172","(주)혜림산업","  12,492,800"
"662","130010","(주)광전자통신","  12,452,800"
"663","311499","(주)슈프리마","  12,452,100"
"664","113265","주식회사 한빛티엔에스","  12,441,900"
"665","350345","에이케이에스정보주식회사","  12,417,200"
"666","110722","스크린정보통신(주)","  12,414,700"
"667","110495","우영정보통신(주)","  12,405,200"
"668","510678","주식회사 휴먼아이","  12,404,800"
"669","150093","(주)동성통신","  12,399,900"
"670","160107","(유)황우엔지니어링","  12,398,100"
"671","200348","주식회사 더나은산업","  12,397,600"
"672","203689","주식회사 텝섹","  12,392,800"
"673","320281","(주)썬플라워즈","  12,383,300"
"674","170039","동남전기통신(주)","  12,376,300"
"675","311319","대경정보통신(주)","  12,366,300"
"676","510084","하나정보통신(주)","  12,362,400"
"677","150096","(주)한일통신","  12,362,300"
"678","200684","(주)엠제이케이","  12,347,200"
"679","200758","주식회사 윈피앤에스","  12,329,700"
"680","530419","우림통신 주식회사","  12,316,600"
"681","520041","주식회사 에이치앤티","  12,307,500"
"682","110467","태화정보통신(주)","  12,291,300"
"683","111478","(주)삼영기업","  12,289,400"
"684","310831","(주)희원정보통신","  12,287,300"
"685","120190","네오콤(주)","  12,265,100"
"686","630031","(유)창우","  12,262,300"
"687","630140","(주)시스젠","  12,259,200"
"688","330138","(주)하나씨엔에스","  12,259,100"
"689","550095","(주)지아이티","  12,255,700"
"690","311627","디엘인포 주식회사","  12,254,200"
"691","110645","주식회사 일신이디아이 (ILSHIN EDI Co.,Ltd.)","  12,240,000"
"692","420177","(주)금성백조주택","  12,238,600"
"693","112599","(주)열림정보기술","  12,219,000"
"694","200352","세환엠에스(주)","  12,209,900"
"695","201744","정보와기술(주)","  12,193,600"
"696","111559","지에스앤티(주)","  12,192,100"
"697","420458","주식회사 클라우드시스템","  12,180,900"
"698","140094","주식회사 로그인서광","  12,170,900"
"699","310891","주식회사 블랙홀","  12,167,600"
"700","110531","휴먼테크(주)","  12,159,300"
"701","110147","(주)경성텔레콤","  12,157,900"
"702","150269","주식회사 산들정보통신","  12,148,000"
"703","200130","두복산전(주)","  12,128,100"
"704","110746","(주)건우통신","  12,127,000"
"705","113355","우민전기 주식회사","  12,124,400"
"706","311254","(주)디오건설","  12,118,900"
"707","110330","(주)삼도통신","  12,101,500"
"708","510327","(주)미래엔솔루션","  12,100,100"
"709","120111","주식회사 웅진통신","  12,071,300"
"710","310390","(주)제나드시스템","  12,061,400"
"711","310397","(주)에스엠에이","  12,056,200"
"712","120154","유창통신(주)","  12,055,100"
"713","170021","문창통신(주)","  12,053,200"
"714","112702","(주)보다컴","  12,051,400"
"715","320099","(주)파워이엔씨","  12,048,500"
"716","202351","(주)알티솔루션","  12,043,600"
"717","120244","하이눈정보통신","  12,041,800"
"718","201791","주식회사 메타넷글로벌(Metanet Global Co., Ltd.)","  12,025,700"
"719","110886","빛샘전자(주)","  12,013,300"
"720","202431","프리스타일테크놀로지 유한회사","  12,012,800"
"721","110154","(주)성산정보시스템","  12,010,600"
"722","630022","유한회사 동방이노베이션","  11,997,700"
"723","510341","주식회사 한국크레아","  11,984,800"
"724","111013","하모니씨앤씨(주)","  11,978,700"
"725","510440","이호기술단(주)","  11,973,400"
"726","201703","주식회사 디케이앤트","  11,971,300"
"727","130063","우진산업개발(주)","  11,966,700"
"728","201317","(주)동해종합기술공사","  11,964,300"
"729","202105","(주)이너인포","  11,952,700"
"730","111872","(주)동명이엔씨","  11,941,100"
"731","112767","(주)테크윈시스템","  11,938,500"
"732","110018","(주)파워텔레콤","  11,934,500"
"733","350323","주식회사 젠프로","  11,933,900"
"734","110541","아이에스(주)","  11,917,600"
"735","610061","신한시스템즈(주)","  11,912,500"
"736","111201","(주)링네트","  11,912,200"
"737","111253","세안이엔씨(주)","  11,899,400"
"738","310557","주식회사 지에스티","  11,894,700"
"739","310297","주식회사 피씨엔","  11,881,300"
"740","110670","(주)세양텔레콤","  11,866,800"
"741","202094","주식회사 오스코","  11,864,200"
"742","113133","주식회사 세렉스","  11,863,300"
"743","112186","주식회사 다예테크넷","  11,847,300"
"744","140364","(주)성원이앤지","  11,798,500"
"745","201969","(주)에스엠인포메이션","  11,776,600"
"746","112609","원강정보통신(주)","  11,752,000"
"747","200739","주식회사 세종(Sejong Corp.)","  11,706,700"
"748","310062","(주)에스오넷","  11,693,100"
"749","150058","한국정보네트웍스(주)","  11,692,200"
"750","110187","신양통신(주)","  11,673,100"
"751","510291","씨오션전자(주)","  11,671,400"
"752","200544","대일전기산업(주)","  11,667,300"
"753","310633","(주)엔서브","  11,632,300"
"754","111186","대오이앤씨(주)","  11,627,900"
"755","530135","(주)범일정보","  11,624,000"
"756","112085","이앤씨텔레콤(주)","  11,620,300"
"757","110151","진흥정보통신(주)","  11,615,500"
"758","111691","(주)거풍정보통신","  11,605,800"
"759","150370","동양전기통신(주)","  11,602,600"
"760","202761","(주)에스비정보기술","  11,588,500"
"761","111391","성현기업(주)","  11,584,700"
"762","610068","누리씨앤아이(주)","  11,581,300"
"763","320063","주식회사 고도네트웍스","  11,576,700"
"764","620094","(주)지에프티","  11,562,500"
"765","311166","(주)올인원코리아","  11,557,800"
"766","204207","주식회사 명진에이앤아이","  11,554,300"
"767","420077","(주)하나월드정보통신","  11,528,700"
"768","350199","대방건설(주)","  11,507,300"
"769","420337","주식회사 블루오션정보통신","  11,502,600"
"770","310054","오름정보통신(주)","  11,498,700"
"771","203348","주식회사 가이드삼정","  11,482,600"
"772","150669","서전기술 주식회사","  11,481,400"
"773","110479","삼익전자공업(주)","  11,480,400"
"774","200266","티에스라인시스템(주)","  11,480,000"
"775","202926","사단법인 한국장애인미래정책포럼 (Korea Disabled Future Policy Forum)","  11,472,000"
"776","140312","미르텍(주)","  11,457,300"
"777","110309","(주)한미","  11,457,100"
"778","430047","(주)아름","  11,444,100"
"779","203280","주식회사 펜타게이트(PentaGate Co.,Ltd)","  11,410,700"
"780","111742","(주)반도통신기술","  11,410,300"
"781","111551","주식회사 경도","  11,400,200"
"782","130117","주식회사 건양건설","  11,381,900"
"783","201257","옥산전기통신(주)","  11,379,700"
"784","204082","주식회사 케이티넷코어(kt netcore Co. Ltd)","  11,379,500"
"785","120265","종로전기(주)","  11,358,000"
"786","350024","(주)경기방재","  11,357,300"
"787","311219","(주)제노시스","  11,351,700"
"788","111209","흥일정보통신(주)","  11,350,200"
"789","111553","(주)삼정보안시스템","  11,345,600"
"790","170040","(합자)경민통신","  11,334,700"
"791","202265","주식회사 필립이엔씨 (PillipENC Co.,Ltd.)","  11,333,100"
"792","320328","주식회사 라임에스엔씨(LIMESNC Co.,Ltd.)","  11,330,300"
"793","510425","엘토스커뮤니케이션(주)","  11,312,300"
"794","201522","(주)유토닉스","  11,308,400"
"795","201874","에이취휴먼테크(주)","  11,301,500"
"796","120730","(주)윌네트","  11,291,400"
"797","110335","평송정보통신(주)","  11,279,300"
"798","430223","에이스솔루션(주)","  11,278,100"
"799","530275","골든시스(주)","  11,255,600"
"800","312082","주식회사 파워텔","  11,247,900"
"801","550229","(주)진주네트워크","  11,240,300"
"802","120070","(주)경남개발","  11,236,600"
"803","140115","대신네트웍스(주)","  11,230,600"
"804","202489","세연아이넷(주)","  11,230,200"
"805","111547","미래정보통신(주)","  11,226,300"
"806","201305","(주)참슬테크","  11,216,600"
"807","311496","(주)핀텔","  11,197,600"
"808","202100","(주)모피언스","  11,193,600"
"809","110634","(주)엔엠엑스이엔씨","  11,172,500"
"810","130058","주식회사 협신","  11,168,200"
"811","420327","주식회사 두웰","  11,161,000"
"812","530003","(주)위니텍","  11,157,600"
"813","550023","주식회사 율경","  11,150,900"
"814","310727","(주)동인시스템","  11,149,300"
"815","310662","(주)미래로택","  11,138,200"
"816","420499","에이원인포텍 주식회사","  11,122,200"
"817","111690","(주)안나시스템","  11,108,800"
"818","320117","(주)월드넷코리아","  11,106,700"
"819","311857","주식회사 에이아이네트웍","  11,105,600"
"820","201777","에스엔에스이서비스(주)","  11,105,500"
"821","200878","(주)토네즈","  11,105,400"
"822","420354","주식회사 글로벌시스템스","  11,095,800"
"823","110258","(주)머큐리","  11,091,800"
"824","510558","(주)시스로그","  11,085,500"
"825","111198","(주)대경인트라넷","  11,080,500"
"826","430178","(주)스마일","  11,072,100"
"827","510564","(주)시티캅","  11,053,100"
"828","420296","주식회사 쓰리피인비전","  11,035,300"
"829","510363","미래정보시스템(주)","  11,032,700"
"830","111281","주식회사 스마일테크넷","  11,028,300"
"831","330203","대신네트웍스 주식회사","  11,015,800"
"832","420071","(주)온더시스","  11,001,800"
"833","150625","(주)미디어테크","  10,996,900"
"834","201213","(주)진성아이텍","  10,973,800"
"835","200046","(주)한결아이앤씨","  10,947,000"
"836","130099","(합)대우전기통신공사","  10,945,000"
"837","550222","(주)케이씨에스","  10,941,000"
"838","120037","아성글로벌 주식회사","  10,939,100"
"839","350041","주식회사 디앤비엔지니어링","  10,906,200"
"840","110709","(주)남양이앤씨","  10,902,200"
"841","311016","탐투스(주)","  10,874,500"
"842","310641","(주)이제이텍","  10,864,500"
"843","201552","(주)라온비주얼시스템","  10,859,800"
"844","200843","(주)용상전기통신","  10,854,900"
"845","311367","(주)누리콘","  10,850,900"
"845","420467","주식회사 동우텍","  10,850,900"
"847","201216","(주)태산정보기술","  10,849,000"
"848","110210","주식회사 하이큐넷","  10,847,600"
"849","200227","(주)아이커머","  10,835,600"
"850","201172","신세계건설(주)","  10,813,800"
"851","203702","주식회사 성동아이앤티","  10,807,700"
"852","202939","주식회사 솔루파인","  10,804,600"
"853","200489","(주)대주전력","  10,799,100"
"854","112738","새결정보통신(주)","  10,793,300"
"855","201261","(주)아이딘컴","  10,789,400"
"856","311357","(주)세은테크","  10,762,800"
"857","120247","주식회사 정호링크","  10,756,600"
"858","140025","(유)영화통신","  10,752,900"
"859","130024","동서텔레콤(주)","  10,750,700"
"860","113295","소성정보기술(주)","  10,745,900"
"861","110527","주식회사 세하","  10,743,100"
"862","200516","(주)지아이테크놀러지","  10,740,100"
"863","540339","주식회사 디피에스글로벌","  10,735,900"
"864","200367","(주)기가네트워크","  10,725,500"
"865","311875","(주)에피테크","  10,713,000"
"866","112803","(주)디투에스","  10,705,600"
"867","202012","키노톤 주식회사","  10,703,600"
"868","113353","(주)와이엘테크","  10,692,800"
"869","113299","(주)서원이엔씨","  10,684,500"
"870","202187","(주)지니텍","  10,680,500"
"871","110411","(주)인터엠","  10,668,700"
"872","202412","아이파킹 주식회사 (iParking Corp.)","  10,661,000"
"873","530319","주식회사 아이티센코어(ITCENCORE CO.,LTD.)","  10,658,000"
"874","311099","(주)도연시스템즈","  10,653,100"
"875","620229","(주)두리씨앤에스(Doori C&S Co., Ltd.)","  10,652,800"
"876","200366","(주)제이에스인컴","  10,650,000"
"877","320289","(주)청화테크","  10,647,000"
"878","130043","(주)경일통신","  10,644,700"
"879","540318","(주)피플데이타","  10,635,800"
"880","311817","디알시스 주식회사","  10,634,600"
"881","530178","(주)정원","  10,633,700"
"882","520022","월드이엔텍(주)","  10,632,300"
"883","110496","주식회사 이노펌프","  10,606,700"
"884","550016","주식회사 세창전기","  10,603,100"
"885","110199","신한종합네트웍스(주)","  10,600,900"
"886","310604","(주)셋콤링크","  10,579,200"
"887","160226","(주)지엔콤","  10,578,700"
"888","320373","주식회사 씨엔엔정보기술","  10,573,700"
"889","530142","대경정보통신(주)","  10,573,200"
"890","311836","글로벌정보통신 주식회사","  10,570,600"
"891","200255","주식회사 인스틴솔루션","  10,568,000"
"892","140168","주식회사 그린이엔에스","  10,567,900"
"893","140014","유한회사 광명이엔시","  10,563,100"
"894","420086","(주)아이넷테크","  10,548,800"
"895","120011","(주)예원이엔씨","  10,546,700"
"896","311758","주식회사 롤텍","  10,530,700"
"897","320469","주식회사 지나컴퍼니","  10,526,600"
"898","310317","(주)제이아이티","  10,523,800"
"899","130168","(주)오티에스","  10,509,100"
"900","110345","군인공제회","  10,490,000"
"901","130147","미래정보산업(주)","  10,472,600"
"902","110272","청음통신(주)","  10,471,700"
"903","540187","주식회사 진미","  10,458,200"
"904","110378","(주)신성전자통신","  10,456,100"
"905","320250","주식회사 이든솔","  10,450,700"
"906","112857","(주)오라시스템","  10,445,400"
"907","320295","주식회사 동우지씨에스","  10,441,900"
"908","202338","빅썬시스템즈(주)","  10,402,500"
"909","530186","주식회사 넷티스트","  10,399,900"
"910","350012","주식회사 남동기술(NamDong-gisul)","  10,399,200"
"911","110358","대신네트웍스(주)","  10,395,600"
"912","130152","(주)금탑전기통신","  10,392,300"
"913","110157","한신공영(주)","  10,384,700"
"914","111386","일성건설(주)","  10,369,500"
"915","111854","(주)부강","  10,364,700"
"916","201003","세중물산 주식회사","  10,362,800"
"917","203558","주식회사 다가올아이앤씨","  10,360,600"
"918","201851","(주)이든티앤에스","  10,345,800"
"919","201020","(주)오픈웍스","  10,344,600"
"920","202908","주식회사 랜오아시스","  10,339,000"
"921","201094","(주)청심아이티","  10,336,800"
"922","111274","인포스텔(주)","  10,327,000"
"923","320153","주식회사 시트론","  10,307,600"
"924","630181","주식회사 애니스마트","  10,298,200"
"925","530238","이디에스 주식회사","  10,288,200"
"926","140080","(주)엔탑엔지니어링","  10,280,100"
"927","540151","(주)지성이엔지","  10,267,400"
"928","111831","(주)다상테크","  10,266,000"
"929","310048","원플러스이엔씨 주식회사","  10,258,700"
"930","111624","(주)우정정보통신","  10,252,600"
"931","202830","주식회사 시스메이트","  10,244,000"
"932","120797","평화텔레콤(주)","  10,230,400"
"933","150414","(주)보성전자","  10,221,300"
"934","200703","(주)비엘에스","  10,220,700"
"935","112497","주식회사 고려티에스아이","  10,216,500"
"936","140175","(주)광정보통신","  10,214,500"
"937","310908","(주)윌아이텍","  10,212,500"
"938","130083","(주)영보정보통신","  10,206,800"
"939","203061","주식회사 본정보","  10,201,700"
"940","130054","(주)덕산정보통신","  10,189,200"
"941","530336","영라인 주식회사","  10,177,500"
"942","200144","(주)우신아이앤씨","  10,173,000"
"943","112587","우정정보통신(주)","  10,172,900"
"944","111065","(주)한일디엔에스","  10,143,600"
"945","540173","(주)샘터정보기술","  10,143,500"
"946","330279","주식회사 에이치큐엘씨","  10,143,100"
"947","410100","(주)유어스시스템","  10,134,100"
"948","203708","반델란드로지스틱스지엠비에이치 (Vanderlande Logistics GmbH)(영업소)","  10,126,300"
"949","120789","건수정보통신(주)","  10,123,700"
"950","110946","(주)이지전기통신","  10,122,400"
"951","310076","(주)용화전기통신","  10,121,900"
"952","310796","(주)지우네트웍스","  10,097,500"
"953","530073","주식회사 동진","  10,094,300"
"954","110834","경방전기통신(주)","  10,089,900"
"955","311388","(주)수빈정보기술","  10,083,400"
"956","111454","유비텔레콤(주)","  10,076,600"
"957","110361","(주)동산텔레콤","  10,071,700"
"958","112939","한선씨앤씨(주)","  10,069,800"
"959","203310","주식회사 글로벌정보통신","  10,056,500"
"960","111586","두로산전(주)","  10,051,200"
"961","202528","(주)아이티에이스","  10,049,800"
"962","310215","(주)에스엠네트웍스","  10,047,400"
"963","200449","탑정보통신(주)","  10,037,600"
"964","320397","주식회사 씨앤씨건영","  10,035,300"
"965","150066","(주)풍건","  10,027,700"
"966","130042","(주)동화통신","  10,019,900"
"967","311918","큐비콤 주식회사","  10,019,300"
"968","510121","주식회사 디아이앤씨","  10,018,300"
"969","113218","(주)아이에스엘","  10,011,500"
"970","150558","(주)오성이앤씨","  10,005,700"
"971","120088","(주)진명텔레콤","  10,000,600"
"972","112552","상승종합통신(주)","   9,992,700"
"973","310990","(주)이엔티파워","   9,955,800"
"974","112436","(주)굿채널시스템","   9,955,600"
"975","120023","(주)중앙전자통신","   9,953,900"
"976","530093","(주)한국아이티에스","   9,935,000"
"977","312149","주식회사 신성아이티에스","   9,922,500"
"978","111982","주식회사 라인정보통신","   9,922,100"
"979","310115","주식회사 메가이앤씨 (Mega E&C)","   9,901,100"
"980","110005","(주)영원정보통신","   9,900,800"
"981","130174","(주)비디씨","   9,895,700"
"982","120792","(주)엔정보기술","   9,893,200"
"983","130234","(주)영하아이앤티","   9,891,500"
"984","140090","대호전기(주)","   9,891,300"
"985","311698","주식회사 서진정보통신","   9,886,100"
"986","120778","주식회사 우리아이티","   9,873,800"
"987","312240","주식회사 삼일아이티","   9,871,900"
"988","202011","(주)에이에스티글로벌","   9,859,800"
"989","203102","주식회사 비디엔에프","   9,859,500"
"990","202269","라온이엔씨 주식회사","   9,858,900"
"991","111381","두원이에프씨(주)","   9,852,800"
"992","130059","(합)미래통신공사","   9,847,900"
"993","110117","주식회사 아이티센엔텍 (ITCENENTEC CO.,LTD.)","   9,823,200"
"994","420312","진광에스엔씨 주식회사","   9,816,200"
"995","111271","(주)디앤에스테크놀로지","   9,811,700"
"996","130396","(주)연무기술","   9,806,800"
"997","112097","엠에스텔레콤(주)","   9,794,300"
"998","112861","해용정보통신(주)","   9,794,200"
"999","130456","삼성디지컴(주)","   9,789,400"
"1000","320470","주식회사 태율정보통신","   9,784,200"
"1001","140051","(주)케이아이앤티티","   9,775,400"
"1002","202700","(주)동신정보통신","   9,773,800"
"1003","330026","(주)케이탑솔루션","   9,741,900"
"1004","150201","(주)고운정보통신","   9,734,800"
"1005","610225","주식회사 대한네트웍","   9,730,600"
"1006","140498","(주)코리아넷","   9,729,300"
"1007","113375","장한전산(주)","   9,727,100"
"1008","430109","(주)유비콤","   9,725,200"
"1009","350001","(주)낙원이엔지","   9,724,100"
"1010","120282","(주)비넷츠","   9,715,300"
"1011","310743","(주)솔루윈","   9,714,800"
"1012","120450","노블테크(주)","   9,713,500"
"1013","130144","중원정보통신(주)","   9,712,900"
"1014","350256","(주)대선정보통신","   9,681,800"
"1015","201469","에이에이씨케이(주)","   9,681,000"
"1016","140446","승진산업(주)","   9,666,700"
"1017","140056","(주)에이앤비정보기술","   9,664,400"
"1018","420044","동양네트웍스(주)","   9,660,100"
"1019","310611","(주)삼경엠에스","   9,654,600"
"1020","330112","(주)에스에이텍","   9,641,100"
"1021","110307","(합)동양통신","   9,622,200"
"1022","201301","코리아데이타코퍼레이션(주)","   9,608,900"
"1023","202203","주식회사 케이네트웍스","   9,605,700"
"1024","201196","(주)누리제어시스템","   9,598,600"
"1025","350298","주식회사 금원","   9,597,900"
"1026","160238","(유)시원","   9,587,800"
"1027","130080","(합)일육","   9,572,900"
"1028","112659","주식회사 포브텍","   9,572,700"
"1029","311398","(주)와치캠","   9,569,100"
"1030","311764","주식회사 티피지테크","   9,566,900"
"1031","420211","주식회사 조은기술","   9,555,100"
"1032","420395","주식회사 아이티유","   9,553,500"
"1033","200341","(주)엠앤에이치","   9,544,100"
"1034","420416","주식회사 가드온다이내믹스","   9,527,700"
"1035","310785","계영정보통신(주)","   9,526,500"
"1036","202222","(주)네트웍리더","   9,526,400"
"1037","113239","(주)스카이뱅크","   9,525,000"
"1038","350418","주식회사 신아솔루션","   9,520,600"
"1039","150070","(주)명성씨앤에스","   9,500,900"
"1040","120498","대신네트웍스(주)","   9,484,200"
"1041","610019","(주)퓨처아이스","   9,481,500"
"1042","202440","주식회사 에이치엘시스템","   9,480,300"
"1043","140104","(주)한올통신","   9,475,300"
"1044","200189","(주)우리젠","   9,467,200"
"1045","110248","제일아이앤에스(주)","   9,466,600"
"1046","201008","(주)지엠에스인터내셔날","   9,459,500"
"1047","200722","(주)아이센트","   9,436,100"
"1048","530196","주식회사 스피어에이엑스 (Sphere AX Co.,Ltd.)","   9,413,900"
"1049","110205","(주)일광통신","   9,409,300"
"1050","540067","주영정보통신(주)","   9,401,300"
"1051","110014","(주)신우텔렉시스","   9,396,000"
"1052","200204","(주)원비즈시스템","   9,392,800"
"1053","113144","(주)우형정보통신","   9,384,500"
"1054","320071","(주)엑스파워정보통신","   9,380,000"
"1055","420182","(주)유씨아이","   9,377,100"
"1056","310056","(주)건영네트워크","   9,376,200"
"1057","204049","대한에프에이시스템 주식회사","   9,373,600"
"1058","201379","주식회사 파로스시스템","   9,367,200"
"1059","110163","(주)대경텔레콤","   9,366,900"
"1060","120415","화성아이티(주)","   9,365,600"
"1061","120093","금맥정보통신 주식회사","   9,360,700"
"1062","110686","(주)타코스텔레콤","   9,355,000"
"1063","200183","(주)지준시스템","   9,351,900"
"1064","110851","(주)대한전광","   9,323,700"
"1065","120381","대진전자통신(주)","   9,323,000"
"1066","200651","(주)청명씨앤아이","   9,320,100"
"1067","320090","(주)레오테크","   9,307,300"
"1068","110708","(주)창성에이스산업","   9,305,800"
"1069","430215","주식회사 이에스넷","   9,305,500"
"1070","202596","포스나인미디어(주)","   9,305,300"
"1071","201497","씨지에스아이티(주)","   9,286,400"
"1072","110486","주식회사 우경하이텍","   9,254,900"
"1073","201538","브이투씨(주)","   9,237,100"
"1074","310100","(주)디알네트웍스","   9,234,400"
"1075","420059","(주)에스티씨","   9,232,700"
"1076","350613","주식회사 화영이엔씨","   9,232,200"
"1077","201378","(주)엠지브이보안시스템","   9,219,100"
"1078","350029","청운이엔에스주식회사","   9,217,200"
"1079","330166","(주)재성정보통신","   9,202,800"
"1080","530120","주식회사 더여일","   9,202,100"
"1081","202994","주식회사 이앤디비즈","   9,198,300"
"1082","311711","주식회사 티앤디소프트","   9,195,300"
"1083","320211","주식회사 우리기술","   9,191,300"
"1084","510247","(주)케이씨엠솔루션","   9,187,100"
"1085","110653","(주)성보","   9,182,000"
"1086","410233","주식회사 디엠정보기술","   9,177,200"
"1087","202934","주식회사 피앤에스네트웍솔루션","   9,172,200"
"1088","202378","(사)장애인인권센터","   9,165,300"
"1089","410185","두원이엔지 주식회사","   9,162,500"
"1090","540039","엘제이테크(주)","   9,161,700"
"1091","110853","(주)이씨에스텔레콤","   9,155,600"
"1092","510706","해진건설 주식회사","   9,149,400"
"1093","200656","(주)이베이테크","   9,143,300"
"1094","310446","(주)씨아이시스템","   9,139,900"
"1095","311795","信元綜合開發 株式會社","   9,120,600"
"1096","110255","(주)화성정보통신","   9,112,200"
"1097","201252","주식회사 이앤엠테크","   9,105,600"
"1098","111297","케이전기통신 주식회사","   9,100,600"
"1099","550159","에스네트웍스(주)","   9,097,900"
"1100","311877","주식회사 한성스틸레이져","   9,093,200"
"1101","160010","(주)백광전기통신","   9,091,000"
"1102","420208","사이테크놀로지스 주식회사","   9,087,500"
"1103","112154","(주)코맥스시큐리티","   9,080,300"
"1104","113164","(주)네오티엔씨","   9,067,600"
"1105","310588","(주)더존시스템","   9,065,400"
"1106","320492","주식회사 비앤에스컴퍼니","   9,043,800"
"1107","160026","(유)제이케이건설","   9,040,800"
"1108","140215","(주)대진정보기술","   9,039,600"
"1109","410158","주식회사 아이티에스비","   9,035,300"
"1110","311311","(주)이피씨","   9,034,400"
"1111","430141","(주)삼미무선정보시스템","   9,032,400"
"1111","510512","주식회사 한성아이시티","   9,032,400"
"1113","203020","주식회사 큐엘씨파워정보통신","   9,014,200"
"1114","520127","(주)좋은정보시스템","   8,997,800"
"1115","520132","(주)엔투스","   8,984,000"
"1116","310847","씨엔씨엔지니어링(주)","   8,979,200"
"1117","311461","주식회사 안음","   8,973,200"
"1118","530084","(주)서한","   8,960,800"
"1119","203083","주식회사 아이티룩스","   8,943,300"
"1120","112105","주식회사 도경","   8,938,600"
"1121","350146","(주)동일이엔지","   8,936,200"
"1122","311280","(주)맥시오","   8,933,800"
"1123","320068","(주)나은엔지니어링","   8,928,600"
"1124","311464","이에스텍이엔지(주)","   8,921,000"
"1125","111501","한국이엠에스(주)","   8,916,300"
"1126","110633","육일정보통신(주)","   8,913,900"
"1127","350149","(주)아이에스텍","   8,912,700"
"1128","620223","(주)우재이엔시","   8,911,400"
"1129","200257","(주)컴텔싸인","   8,904,000"
"1130","110189","(주)넥슨정보통신","   8,887,200"
"1131","112175","탑인더스트리(주)","   8,885,400"
"1132","201937","(주)한맥아이티","   8,882,900"
"1133","201209","주식회사 엠스톤유넷","   8,878,100"
"1134","310569","(주)시스템앤솔루션","   8,870,900"
"1135","111956","(주)에쎈텍네트웍스","   8,866,500"
"1136","610165","(주)엠에스아이티","   8,865,600"
"1137","201655","에코아이넷(주)","   8,859,200"
"1138","110599","주식회사 동영엠텍","   8,859,100"
"1139","201543","명신씨엔에스(주)","   8,849,300"
"1140","630256","주식회사 엑시냅스(XSYNAPSE CO.,LTD.)","   8,845,000"
"1141","111560","삼일씨티에스(주)","   8,833,700"
"1142","201809","주식회사 테크데이타피에스 (Techdata Ps Co.,Ltd)","   8,826,800"
"1143","510073","주식회사 에스엠씨","   8,824,300"
"1144","350360","주식회사 플랜비","   8,818,500"
"1145","311263","(주)지브이코리아","   8,818,100"
"1146","110617","(주)한길통신","   8,815,700"
"1147","112596","애니콤정보통신(주)","   8,813,600"
"1148","311173","(주)비엔티플러스","   8,801,600"
"1149","311940","(주)다비전","   8,796,500"
"1150","311708","(주)다산카이스","   8,796,200"
"1151","520025","신성아이시티(주)","   8,787,800"
"1152","201778","(주)텐스퀘어","   8,787,000"
"1153","120251","(주)광시스템","   8,779,200"
"1154","310257","(주)성창엔지니어링","   8,777,800"
"1155","420041","에스텍아이앤씨(주)","   8,776,900"
"1156","530373","주식회사 줌네트웍스","   8,764,200"
"1157","112916","(주)창흥텔레콤","   8,763,700"
"1158","202928","주식회사 제이원아이티(JwonIT Co., Ltd.)","   8,752,300"
"1159","201572","(주)하나전기","   8,747,200"
"1160","110371","벨코리아(주)","   8,738,800"
"1161","200723","대신브이씨에스(주)","   8,731,100"
"1161","111168","샘정보산업(주)","   8,731,100"
"1163","203450","주식회사 산마루네트웍스","   8,728,100"
"1164","320372","주식회사 큐네스","   8,727,100"
"1165","311216","(주)비츠에스앤지","   8,720,300"
"1166","113002","주식회사 세원","   8,717,200"
"1167","202260","(주)케이비정보통신","   8,714,300"
"1168","110738","(주)동서전기통신","   8,713,900"
"1169","200405","(주)주니파워네트웍스","   8,710,600"
"1170","130387","제이에스통신건설(주)","   8,702,900"
"1170","201197","하이텍앤솔 주식회사","   8,702,900"
"1172","311123","(주)지텔글로벌","   8,699,800"
"1173","540332","주식회사 건원정보통신","   8,698,800"
"1174","530016","(주)인포셋","   8,692,300"
"1175","130125","(주)파란텔","   8,689,800"
"1176","200622","주식회사 다온티엔지(DAON T&G CO.,LTD)","   8,687,100"
"1177","200827","(주)누리온정보통신","   8,684,200"
"1178","200472","(주)장수커뮤니케이션즈","   8,677,300"
"1179","320192","유니아이엔씨(주)","   8,673,100"
"1180","201917","(주)태건씨앤씨","   8,665,300"
"1181","420258","(주)와이엠테크","   8,658,500"
"1182","510085","(주)유케이","   8,656,000"
"1183","630162","주식회사 우진이엔에스","   8,653,800"
"1184","120205","주식회사 광진티앤씨","   8,639,000"
"1185","310202","(주)스타네트웍스","   8,635,700"
"1186","130263","대신네트웍스(주)","   8,630,800"
"1187","550055","주식회사 서경엔지니어링","   8,627,000"
"1188","111579","(주)네오정보시스템","   8,621,200"
"1189","540391","주식회사 서원이앤지","   8,619,000"
"1190","440044","베스트 주식회사","   8,618,000"
"1191","320311","니브스코리아 주식회사","   8,613,200"
"1192","130019","(주)세진통신","   8,611,200"
"1193","201907","(주)범우정보기술","   8,610,700"
"1194","111610","링크정보통신(주)","   8,608,000"
"1195","130115","(주)우진엔지니어링","   8,605,500"
"1196","170053","두진통신산업(주)","   8,605,100"
"1197","110965","(주)청남통신","   8,593,800"
"1198","310279","주식회사 대륙이엔지 (DAERYUK ENG CO.,LTD.)","   8,593,500"
"1199","520084","가온아이티에스(주)","   8,586,700"
"1200","312544","한국오션플랫폼 주식회사","   8,585,700"
"1201","312143","주식회사 웨이투고 ","   8,584,400"
"1202","640127","주식회사 해피넷","   8,579,200"
"1203","202482","(주)크리에이티브넷","   8,578,300"
"1204","111137","(주)일능","   8,576,500"
"1205","610171","세광정보통신(주)","   8,570,500"
"1206","310281","(주)핍스","   8,569,600"
"1207","130020","충청통신(자)","   8,564,500"
"1208","180044","(주)섬엔지니어링","   8,562,800"
"1209","320156","주식회사 세원테크넷","   8,557,700"
"1210","311302","(주)탑이앤씨코리아","   8,557,400"
"1211","310802","(주)에스시큐리티","   8,543,700"
"1212","202025","(주)윈투스시스템","   8,539,000"
"1213","311919","주식회사 성창이엔씨","   8,537,000"
"1214","202645","(주)만사시스템","   8,534,300"
"1215","410311","주식회사 새로","   8,525,100"
"1216","610342","주식회사 굿퍼스트정보기술","   8,523,100"
"1217","420248","라온시스템즈(주)","   8,516,000"
"1217","520050","(주)온브랜딩","   8,516,000"
"1219","130400","(주)나래정보통신","   8,515,700"
"1220","201786","(주)성보인프라넷","   8,504,800"
"1221","202894","주식회사 클라모스(Clamos Co.,Ltd.)","   8,502,600"
"1222","200064","주식회사 노하우전기통신","   8,498,400"
"1223","203295","동부엔텍 주식회사(DongbunTECH CO.,LTD)","   8,495,900"
"1224","113381","주식회사 비트플래닛(BITPLANET Co.,Ltd.)","   8,491,000"
"1225","202659","(주)서우건설산업","   8,487,600"
"1226","140138","아이티텍(유) (IT Tech Co. ,Ltd.)","   8,478,700"
"1227","610128","(주)드림코","   8,468,000"
"1228","310706","(주)에쓰엔씨정보기술","   8,462,900"
"1228","410033","(주)봄내이엔씨","   8,462,900"
"1230","112504","(주)하이브시스템","   8,451,300"
"1231","311037","(주)리드앤","   8,446,200"
"1232","120206","성창통신(주)","   8,443,500"
"1233","310082","주식회사 한울소재과학 (HanWool Materials Science, Inc.)","   8,438,700"
"1234","110173","디엘이앤씨 주식회사(DL E&C CO., LTD.)","   8,430,500"
"1235","201255","(주)미디어디바이스","   8,418,500"
"1236","201612","(주)완일이씨에스","   8,417,600"
"1237","203042","주식회사 몽블","   8,413,600"
"1238","620178","(사)한올장애인자립복지회","   8,408,500"
"1239","113124","이솔정보통신(주)","   8,408,300"
"1240","320517","평지넷 주식회사","   8,402,800"
"1241","112056","테크노빌리지(주)","   8,392,200"
"1242","140214","명인정보통신(주)","   8,387,300"
"1243","610333","주식회사 디나텍","   8,383,900"
"1244","550058","(주)이콘","   8,381,900"
"1245","550381","주식회사 유성아이티엠(YOOSEONG ITM)","   8,381,300"
"1246","113213","(주)레디아테크놀러지","   8,365,100"
"1247","540071","주식회사 우리기술","   8,362,700"
"1248","311257","(주)두온네트웍스","   8,359,700"
"1249","510279","(주)현대엔지니어링","   8,352,600"
"1249","510391","(주)휴메인텍","   8,352,600"
"1251","420100","새빛기술(주)","   8,350,900"
"1252","310177","주식회사 한산피엔씨","   8,343,500"
"1253","420284","주식회사 쎄임코리아","   8,339,600"
"1254","510236","(주)동양시스컴","   8,338,100"
"1255","110372","쌍용건설(주)","   8,333,300"
"1256","540274","(주)에스엘테크","   8,332,200"
"1257","610330","주식회사 성동테크","   8,323,500"
"1258","111128","(주)홀리랜드테크놀러지","   8,323,000"
"1259","430168","(주)코아아이티","   8,318,100"
"1260","420270","주식회사 맥스정보통신","   8,317,700"
"1261","550100","비케이시스템즈(주)","   8,317,600"
"1262","200111","비케이앤파워컴 주식회사(B.K & Powercomm)","   8,317,100"
"1263","350021","옴니시스템(주)","   8,316,500"
"1264","430048","주식회사 일경네트워크","   8,309,300"
"1265","110522","주식회사 포스코디엑스 (POSCO DX COMPANY LTD.)","   8,307,900"
"1266","201488","(주)메가시스템","   8,304,000"
"1267","110201","(주)우리별","   8,300,900"
"1268","201549","(주)나우시스템","   8,300,000"
"1269","320199","(주)이노텍코리아","   8,293,000"
"1270","113465","(주)엔토스정보통신","   8,289,700"
"1271","160043","(유)오성통신","   8,284,200"
"1272","200303","(주)월드멀티넷","   8,281,600"
"1273","203045","주식회사 태진티엔에스","   8,280,600"
"1274","350445","주식회사 미르통신","   8,269,200"
"1275","310877","컴크로스(주)","   8,266,600"
"1276","201664","(주)은혜정보통신","   8,264,000"
"1277","110062","태성전기통신(주)","   8,260,200"
"1278","110962","(주)다남정보통신","   8,257,900"
"1279","202697","(주)에스엠시스템즈","   8,254,700"
"1280","200750","아이디비넷(주)","   8,254,000"
"1281","140099","(주)하나통신","   8,236,100"
"1282","420073","(주)동승전기","   8,233,900"
"1283","111202","(주)남양계전","   8,231,400"
"1284","630300","유한회사 태산","   8,215,600"
"1285","130052","(주)현대통신공사","   8,202,900"
"1286","430090","(주)안현엔지니어링","   8,202,200"
"1287","530039","주식회사 서경","   8,186,400"
"1288","110413","(주)소스텔","   8,181,100"
"1289","350074","씨엠정보통신(주)","   8,177,100"
"1290","520086","주식회사 비전아이티","   8,174,900"
"1291","112681","(주)제이제이","   8,161,200"
"1292","610274","한결정보기술 주식회사","   8,151,500"
"1293","640125","주식회사 진우엔에스","   8,144,900"
"1294","320360","에스제이파워(주)","   8,143,700"
"1295","320351","대림통신 주식회사","   8,137,800"
"1296","201358","도안파비스(주)","   8,134,000"
"1297","200359","(주)세리엔지니어링","   8,132,900"
"1298","202095","(주)소프트센","   8,129,800"
"1299","180021","(주)흥도통신","   8,128,300"
"1300","180007","태광통신(주)","   8,125,700"
"1301","420099","주식회사 케이에스","   8,111,000"
"1302","120583","(주)금호태크","   8,106,700"
"1303","311195","태경정보통신(주)","   8,103,200"
"1304","320086","(주)아현정보기술","   8,102,600"
"1305","530199","예은시스템(주)","   8,100,500"
"1305","620184","(주)성산씨엔에스","   8,100,500"
"1307","311251","(주)에스하이웨이","   8,097,700"
"1308","112581","(주)에스티씨네트웍스","   8,093,600"
"1309","201418","고현건설(주)","   8,092,600"
"1310","200668","주식회사 다윈산업","   8,091,800"
"1311","202481","(주)스마트웍스","   8,086,400"
"1312","120593","주식회사 선문","   8,078,600"
"1313","350171","주식회사 팬웨스트 에스앤티","   8,078,500"
"1314","310141","(주)지성하이텍","   8,068,300"
"1315","120344","(주)씨티테크","   8,066,900"
"1316","530329","주식회사 지아이솔루션즈","   8,056,200"
"1317","111338","공간미디어(주)","   8,044,700"
"1318","202754","(주)엔시스템즈","   8,043,300"
"1319","310528","우주정보통신(주)","   8,041,300"
"1320","201835","(주)자유전설","   8,039,900"
"1321","430165","(주)규담오티에스","   8,037,500"
"1322","140273","중앙티디아이 주식회사","   8,036,400"
"1323","150445","(주)성우이엔티","   8,035,200"
"1324","130064","성창 주식회사","   8,033,000"
"1325","312568","주식회사 에스티에스인터내셔널","   8,031,100"
"1326","410175","(주)에스마루","   8,018,400"
"1327","420014","(주)대전텔레콤","   8,016,400"
"1328","410044","주원통신(주)","   8,008,100"
"1329","202408","주식회사 명진에스앤씨","   7,996,800"
"1330","520094","주식회사 노아엘이디","   7,993,400"
"1331","320381","주식회사 일신앤아이에스","   7,990,300"
"1332","410179","드림솔루션 주식회사","   7,988,400"
"1333","111729","(주)해오름이엔씨","   7,987,700"
"1334","120136","(주)유엔텍","   7,987,200"
"1335","311762","주식회사 진정보기술","   7,985,600"
"1336","620081","(주)우리텍","   7,983,400"
"1337","130302","(주)엠지티","   7,980,800"
"1338","350050","(주)테라이앤씨","   7,972,500"
"1339","150336","(주)우주씨앤티","   7,970,300"
"1340","420012","(주)중부보안","   7,969,800"
"1341","430194","(주)대원","   7,968,700"
"1342","170026","첨단정보통신(주)","   7,967,600"
"1343","330102","(주)드림테크","   7,965,000"
"1344","120727","(주)홍익무선","   7,960,500"
"1345","510230","주식회사 늘푸른정보기술","   7,959,700"
"1346","410148","주식회사 에이치에스이노텍","   7,957,300"
"1347","203582","주식회사 구암하이텍(GUAM HITECH Inc.)","   7,956,200"
"1348","202778","주식회사 시온네트워크","   7,948,700"
"1349","160029","(유)삼일통신","   7,940,400"
"1350","310719","동인이엔씨(주)","   7,940,200"
"1351","620001","(주)버티스","   7,936,800"
"1352","150209","주식회사 가영테크","   7,931,300"
"1353","200307","(주)뉴넷정보기술","   7,928,900"
"1354","550204","태현네트웍스(주)","   7,920,500"
"1355","320112","대신네트웍스(주)","   7,917,400"
"1356","311985","주식회사 비앤지","   7,917,000"
"1357","202784","주식회사 케이티아이에스 (ktis Corporation)","   7,916,900"
"1358","203510","주식회사 넥스트정보기술","   7,910,600"
"1359","112319","주식회사 나라이엔씨","   7,908,500"
"1360","430072","(주)나우테크","   7,908,100"
"1361","110139","대한전선(주)","   7,907,800"
"1362","112539","극동정보기술 주식회사","   7,904,600"
"1363","330153","주식회사 에스씨엔지니어스","   7,897,000"
"1364","310913","비티컨설턴트(주)","   7,895,300"
"1365","420078","피씨랜정보(주)","   7,891,300"
"1366","312251","주식회사 에임드 (AIMED Co., Ltd.)","   7,884,700"
"1367","310752","(주)정상일렉콤","   7,882,300"
"1368","620070","(주)가온이엠씨","   7,882,200"
"1369","110077","(주)한국전자정보시스템","   7,880,800"
"1370","530263","유타스(주)","   7,879,400"
"1370","530315","다올정보통신 주식회사","   7,879,400"
"1372","130471","(주)엘엔씨","   7,858,900"
"1373","540086","대신네트웍스(주)","   7,848,100"
"1374","201484","주식회사 인프라이엔씨","   7,834,800"
"1375","111860","다손테크(주)","   7,833,800"
"1376","311163","주식회사 더기가(TheGiGACo.,Ltd.)","   7,828,100"
"1377","203966","주식회사 비트릭스 (VITRIX Co.,Ltd.)","   7,817,300"
"1378","110721","(주)벧엘정보통신","   7,811,200"
"1379","180005","광명디앤씨 주식회사","   7,810,900"
"1380","311730","(주)에이아이네트웍스","   7,808,700"
"1381","200403","(주)앤앤에스피","   7,808,000"
"1382","610124","(주)대한엔지니어링","   7,797,100"
"1383","111303","(주)청음미디어","   7,793,600"
"1384","330106","(주)대영통신건설","   7,792,400"
"1385","311843","(주)누리나루","   7,791,900"
"1386","510119","케이제이무선(주)","   7,789,000"
"1387","120502","(주)화성이엔지","   7,786,400"
"1388","311519","더로드아이앤씨(주)","   7,783,700"
"1389","110843","(주)조은시스템","   7,781,900"
"1390","200724","(주)시큐뱅크","   7,779,200"
"1391","201906","(주)락플레이스","   7,776,800"
"1392","350030","(주)아이티엔에스","   7,776,600"
"1393","410211","(주)나웅테크","   7,773,500"
"1394","312474","주식회사 바이오네트웍스(Vio Networks Inc.)","   7,768,100"
"1395","310541","(주)뉴인테크","   7,764,800"
"1396","203525","주식회사 이제이정보시스템","   7,763,800"
"1397","202529","(주)이담에스티","   7,763,700"
"1398","630083","(주)올포랜드","   7,762,800"
"1399","420299","주식회사 신우씨앤에스","   7,759,300"
"1400","112382","대보건설(주)","   7,759,200"
"1401","203364","주식회사 애니파이브","   7,756,100"
"1402","620273","사단법인 더불어사는 장애인복지회","   7,754,100"
"1403","520007","(주)대유엔지니어링","   7,752,000"
"1404","110270","새서울정보통신(주)","   7,748,400"
"1405","510466","(주)이노메트릭스","   7,745,300"
"1406","310823","(주)한성전자산업","   7,744,200"
"1407","150282","누리콤(주)","   7,743,000"
"1408","202803","주식회사 시선에이아이 (SECERN AI Co., Ltd.)","   7,742,900"
"1409","111689","(주)퓨젼아이앤씨","   7,741,900"
"1410","320185","주식회사 광안이앤씨","   7,735,300"
"1411","110388","(주)정우통신","   7,724,800"
"1412","312051","주식회사 상림기술","   7,722,000"
"1412","110973","엘림네트웍스(주)","   7,722,000"
"1414","630005","주식회사 은환이엔씨","   7,708,200"
"1415","320091","주식회사 중진","   7,700,800"
"1416","410201","(주)행복아이티","   7,698,800"
"1417","311351","(주)이지트래픽","   7,697,600"
"1418","112765","네오넷피아(주)","   7,691,600"
"1419","112639","주식회사 아이앤씨파트너스(INC PARTNERS Co.,Ltd.)","   7,691,100"
"1420","550020","(주)경남네트워크","   7,674,700"
"1421","120138","(주)창성통신","   7,672,400"
"1422","320466","주식회사 아인스기술","   7,670,500"
"1423","202582","(주)피앤지텍","   7,668,400"
"1424","140095","금광기업(주)","   7,663,400"
"1425","430063","(주)무한정보","   7,661,800"
"1426","350094","주식회사 케이케이투","   7,654,700"
"1427","120804","아시아통신(주)","   7,652,200"
"1428","420250","(주)티노","   7,646,200"
"1429","112873","세진미디어통신(주)","   7,645,000"
"1430","112122","(주)티씨아이네트","   7,641,300"
"1431","150216","대신네트웍스(주)","   7,637,700"
"1432","320268","원창이앤씨 주식회사","   7,637,600"
"1433","320201","코콤정보통신 주식회사","   7,634,600"
"1434","203268","주식회사 씨와이디정보기술","   7,633,700"
"1435","310715","(주)프라임테크넷","   7,629,000"
"1436","310983","(주)이피에스이앤이","   7,628,500"
"1437","310010","가온정보통신 주식회사","   7,625,500"
"1438","202436","(주)소나텍","   7,623,700"
"1439","140283","(주)비아이씨스템","   7,621,600"
"1440","311281","중원(주)","   7,619,300"
"1441","540196","(주)케이씨에스","   7,616,200"
"1442","311053","씨제이대한통운 주식회사","   7,615,400"
"1443","112645","(주)우성텔레콤","   7,615,200"
"1444","203472","지성정보 주식회사","   7,613,000"
"1445","202486","(주)인트루바인","   7,608,500"
"1446","203207","더함비즈 주식회사","   7,605,800"
"1447","111489","지에스(주)","   7,601,700"
"1448","510186","주식회사 씨에스엔아이","   7,596,300"
"1449","550067","(주)신화유디텍","   7,595,600"
"1450","202742","(주)대흥정보","   7,593,400"
"1451","112716","(주)위드텍","   7,593,200"
"1452","113029","(주)텔레트론","   7,587,800"
"1453","140064","(주)동국산업","   7,585,200"
"1454","311297","(주)다온시스","   7,583,700"
"1455","320134","길샘정보통신","   7,583,200"
"1456","200789","(주)네시비스","   7,572,100"
"1457","150247","(주)위츠","   7,570,200"
"1458","120330","(주)바이콤","   7,561,600"
"1459","130212","(주)세광","   7,555,900"
"1460","201494","동문이엔티(주)","   7,553,300"
"1461","520057","주식회사 가온이앤씨","   7,551,200"
"1461","120408","(주)황주","   7,551,200"
"1463","520087","(주)진네트웍스","   7,544,400"
"1464","111934","(주)티지오","   7,540,200"
"1465","310007","(주)경인씨엔에스","   7,527,700"
"1466","311027","(주)유주컴퍼니","   7,524,400"
"1467","311678","주식회사 산호","   7,520,400"
"1468","640016","(주)유비즈정보기술","   7,519,500"
"1469","540244","주식회사 테라아이앤씨","   7,513,600"
"1470","201697","(주)이씨오","   7,508,800"
"1471","510022","주식회사 피플앤미래정보기술","   7,493,800"
"1472","200291","(주)케이엘넷","   7,492,700"
"1473","140225","(주)유풍정보기술","   7,492,100"
"1474","200729","(주)포스트엠비","   7,492,000"
"1475","150065","(주)대림통신","   7,478,500"
"1476","202551","(주)지트인","   7,473,000"
"1477","311641","주식회사 원테크시스템","   7,466,500"
"1478","201166","(주)엔텔스","   7,464,900"
"1479","550490","지.피.에스 데이타넷 주식회사","   7,463,900"
"1480","350294","주식회사 에스피정보기술","   7,463,000"
"1481","110676","신동아건설(주)","   7,461,700"
"1482","201614","(주)엘림넷","   7,460,100"
"1483","540184","아이엔씨에스","   7,458,400"
"1484","630010","주식회사 예원엔지니어링","   7,448,300"
"1485","110793","(주)제이앤씨컴","   7,445,100"
"1486","120676","(주)해인아이엔티","   7,443,700"
"1487","320303","주식회사 유이에스인프라","   7,439,100"
"1488","540114","(주)제이넷통신","   7,439,000"
"1489","550156","(주)시아이티","   7,431,500"
"1490","120214","(주)웨이제닉테크","   7,431,000"
"1491","120101","(주)금호이.티.시","   7,430,500"
"1492","530242","(주)에스씨정보통신","   7,418,500"
"1493","150062","주식회사 은새이앤티","   7,415,300"
"1494","203861","주식회사 이룩 (elook Co., Ltd.)","   7,414,200"
"1495","350448","주식회사 유비케이솔루션","   7,412,100"
"1496","150386","주식회사 대창이엔씨","   7,409,100"
"1497","510334","(주)온누리텔레콤","   7,406,500"
"1498","320121","(주)아튼","   7,404,600"
"1499","550147","(주)유니시큐","   7,400,600"
"1500","150199","(주)와이즈드림","   7,399,400"
"1501","111082","주식회사 금강뉴이앤씨","   7,389,800"
"1502","112195","주식회사 아이티센클로잇 (ITCENCLOIT CO.,LTD.)","   7,385,300"
"1503","111609","회명정보통신(주)","   7,377,300"
"1504","120269","제일정보통신(주)","   7,375,000"
"1504","320243","(주)아이시에스솔루션스","   7,375,000"
"1506","311739","(사)한국사회적일자리협회","   7,372,800"
"1507","350370","주식회사 파브미디어","   7,372,300"
"1508","202349","샘솔정보(주)","   7,368,500"
"1509","111119","하나정보기술(주)","   7,366,000"
"1510","200693","주식회사 매그넷","   7,364,100"
"1511","150649","(주)한맥아이피에스","   7,357,200"
"1512","201544","씨스존(주)","   7,347,100"
"1513","430067","에이빗코리아(주)","   7,346,400"
"1514","110212","디엘건설 주식회사(DL Construction Co., Ltd.)","   7,345,600"
"1515","311705","다원컴퓨팅 주식회사","   7,345,200"
"1516","310037","크리스탈이엔이(주)","   7,344,900"
"1517","120439","(주)세안정보통신전기","   7,341,100"
"1518","530070","(주)에이치에스","   7,337,600"
"1519","310546","(주)비전정보통신","   7,337,100"
"1520","311417","(주)엑스리치네트웍스","   7,336,600"
"1521","410056","(주)성지정보통신","   7,334,200"
"1522","203609","주식회사 다성에스엔시","   7,324,900"
"1523","510294","(주)아이에스엠","   7,323,900"
"1524","120515","(주)경동텔레콤","   7,321,000"
"1525","110397","(주)동방텔레콤","   7,311,200"
"1526","610176","알앤비시스템(주)","   7,310,700"
"1527","203128","주식회사 엔지스웨이","   7,309,400"
"1528","420351","주식회사 채움기술","   7,309,300"
"1529","310955","주식회사 에이치더블유","   7,308,300"
"1530","111994","주식회사 더웨이브","   7,305,900"
"1531","120014","(주)용진통신","   7,302,000"
"1532","200114","(주)지엠티","   7,296,500"
"1533","202311","(주)에이앤티플러스","   7,289,400"
"1534","420418","영아이티 주식회사","   7,289,200"
"1535","410090","(주)후엔지니어링","   7,285,200"
"1536","420464","(주)글로벌넷","   7,281,800"
"1537","330367","주식회사 인터코어","   7,278,000"
"1538","170081","주식회사 신영통신","   7,276,300"
"1539","201150","이유솔루션(주)","   7,263,300"
"1540","510161","(주)와이즈박스","   7,258,200"
"1541","202061","주식회사 루테크","   7,257,600"
"1542","203376","주식회사 블루인텔리전스(Blue Intelligence Inc.)","   7,256,400"
"1543","150607","(주)넷코디","   7,250,900"
"1544","420357","주식회사 아이티플랜","   7,249,800"
"1545","113424","(주)현대네트웍기술","   7,244,600"
"1546","200934","(주)비엔인더스트리","   7,241,700"
"1547","420057","(주)원모어정보시스템","   7,240,100"
"1548","510035","금영전기통신 주식회사","   7,239,100"
"1549","150632","(주)태영정보","   7,238,000"
"1549","203482","티에스인싸이트 유한회사 (TSINSIGHT LLC.)","   7,238,000"
"1551","530231","(주)유명이앤씨","   7,236,200"
"1552","311787","주식회사 누리콘트롤","   7,220,400"
"1553","320123","다한정보통신","   7,219,600"
"1554","201829","(주)테스콤엔지니어링","   7,219,100"
"1555","111426","하비넷정보통신(주)","   7,218,900"
"1556","330119","주식회사 웹게이트","   7,218,400"
"1557","201527","(주)컴스정보기술","   7,217,300"
"1558","110188","에스유앤텔레콤 주식회사","   7,217,000"
"1559","350156","(주)다인정보기술","   7,215,900"
"1560","160234","주식회사 마루이앤씨","   7,203,200"
"1561","110098","보성통신기술(주)","   7,201,100"
"1562","430016","(주)에스엔케이미디어","   7,196,500"
"1563","610293","새롬기술 주식회사","   7,194,200"
"1564","150568","(주)광덕전력","   7,194,000"
"1565","111145","(주)대경기전","   7,192,200"
"1566","200234","주식회사 비티엘정보통신","   7,191,600"
"1567","420234","(주)유아이에스","   7,189,800"
"1568","550042","(주)경남통신기술","   7,189,700"
"1569","312094","주식회사 원츠넷 (Wantsnet Co., Ltd.)","   7,182,400"
"1570","150406","제일정보통신(주)","   7,175,700"
"1571","310291","일메테크(주)","   7,174,000"
"1572","112179","주식회사 파노텍","   7,165,400"
"1573","112761","(주)아이티언","   7,160,500"
"1574","420017","(주)케이닷컴","   7,158,900"
"1575","201490","(주)제이에스넷시스템","   7,158,500"
"1576","112545","(주)씨월드정보기술","   7,158,400"
"1577","320018","인아이티 주식회사","   7,150,700"
"1578","203022","주식회사 엠스텍(MSTECH Inc.)","   7,145,800"
"1579","202723","(주)앤커웨이브","   7,145,300"
"1580","202069","시큐어밸리(주)","   7,141,600"
"1581","550371","주식회사 비에스정보통신","   7,140,200"
"1581","202245","(주)다임즈","   7,140,200"
"1583","320499","주식회사 대덕전력","   7,136,400"
"1584","111463","(주)코스콤","   7,136,200"
"1585","440017","(주)태영전기","   7,134,900"
"1586","610152","미래정보통신","   7,134,500"
"1587","120771","세광정보통신(주)","   7,134,200"
"1588","320083","(주)임산업","   7,132,300"
"1589","320047","(주)에스유테크","   7,132,100"
"1590","630126","(유)세일","   7,127,800"
"1591","430007","대신네트웍스(주)","   7,124,100"
"1592","200932","(주)데이타렉스","   7,120,000"
"1593","111685","신신이앤씨 주식회사","   7,118,300"
"1594","620249","주식회사 대광건영","   7,118,100"
"1595","201267","엠에스온(주)","   7,115,000"
"1596","200171","(주)하나이엔디","   7,110,500"
"1597","312276","와이티파트너스 주식회사","   7,109,500"
"1598","510631","성보계전(주)","   7,098,600"
"1599","550170","(주)삼보아이씨티","   7,096,800"
"1600","320088","주식회사 티디씨","   7,094,800"
"1601","113021","주식회사 도부네트웍스","   7,093,900"
"1602","312591","태윤정보통신 주식회사","   7,092,100"
"1603","112754","(주)주은정보시스템","   7,085,600"
"1604","311262","(주)파도시스템","   7,083,100"
"1605","110053","제일정보건설(주)","   7,078,200"
"1606","430045","첨단제어시스템(주)","   7,076,800"
"1607","110702","주식회사 카스하이퍼씨앤씨(KAS Hyper Connectivity & Convergence Corp.)","   7,075,000"
"1608","201817","(주)솔루텍시스템","   7,071,500"
"1609","202740","(주)넥솔위즈빌","   7,067,900"
"1610","111877","(주)에스앤티에스","   7,067,800"
"1611","330305","주식회사 휴먼시스템즈","   7,067,200"
"1612","110172","주식회사 엔제이이앤씨(NJE&C Co.,Ltd.)","   7,066,500"
"1613","311181","(주)엘앤씨글로벌","   7,066,400"
"1614","550264","(주)대륭시스템즈","   7,064,100"
"1615","310083","주식회사 부강정보통신","   7,062,900"
"1616","630167","주식회사 새눈","   7,062,600"
"1617","201173","수미디어통신(주)","   7,056,100"
"1618","140209","(주)인터엠AV전자통신","   7,049,200"
"1619","630182","유한회사 대성정보기술","   7,048,400"
"1620","111659","(주)명현정보통신","   7,046,700"
"1621","203052","주식회사 드림아이시스템","   7,041,600"
"1622","112471","(주)동화이엔씨","   7,040,600"
"1623","113462","(주)베스트디지탈","   7,039,700"
"1624","320254","주식회사 에이블아이앤씨","   7,033,200"
"1625","200202","(주)대명텔레콤","   7,032,100"
"1626","640014","(주)시스넷정보기술","   7,023,800"
"1627","310116","(주)파이브텍","   7,023,700"
"1628","510561","(주)제이앤","   7,009,900"
"1629","530270","(주)네트로","   7,007,700"
"1630","113399","(주)비컴","   7,003,200"
"1631","330125","(주)미래정보기술","   7,001,300"
"1632","540249","주식회사 케이디씨정보기술","   7,000,800"
"1633","203467","주식회사 더씬 (The SYN Co.,Ltd.)","   6,995,700"
"1634","510094","한일미디어텍","   6,992,500"
"1635","350406","(주)에스오정보통신","   6,990,400"
"1636","350276","(주)코리아싸인","   6,989,800"
"1637","201994","(주)유인프라","   6,989,400"
"1638","200421","(주)이예스피","   6,989,000"
"1639","200563","(주)이수","   6,988,500"
"1640","311396","(주)아이앤비","   6,987,800"
"1641","610224","현시스메틱(주)","   6,986,000"
"1642","200548","(주)위덱스정보기술","   6,984,500"
"1643","510250","주식회사 에스이지","   6,982,900"
"1644","350302","(주)엔이아이씨","   6,974,100"
"1645","200834","주식회사 에이스뷰","   6,972,000"
"1646","111705","씨아이즈(주)","   6,969,400"
"1647","620326","어반아이티에스 주식회사","   6,966,800"
"1648","610194","(주)에스디정보통신","   6,961,400"
"1649","203776","주식회사 이레아이디에스","   6,954,500"
"1650","202614","주식회사 엔트론","   6,945,400"
"1651","200364","주식회사 코리아와이드아이티에스","   6,944,300"
"1652","170173","(주)파워테크놀로지","   6,943,700"
"1653","430196","(주)동우이앤에스","   6,940,600"
"1654","112601","(주)삼일아엔씨","   6,934,500"
"1655","150645","(주)대영통신","   6,934,000"
"1656","320108","주식회사 석원정보통신","   6,927,600"
"1657","610226","주식회사 제이에스투","   6,926,300"
"1658","200221","주식회사 태영네트웍스","   6,918,900"
"1659","620295","(주)우미개발","   6,916,800"
"1660","202180","(주)에이치엔엠","   6,914,900"
"1661","111123","동보전기통신(주)","   6,914,600"
"1662","203093","주식회사 엠플러스통신","   6,912,100"
"1663","203918","주식회사 수운","   6,911,900"
"1664","113493","주식회사 정암정보통신","   6,909,600"
"1665","112077","코리아이지텔(주)","   6,902,900"
"1666","112201","동은엔지니어링(주)","   6,902,100"
"1667","111413","인천전기통신(주)","   6,887,100"
"1668","310309","한국디지탈콘트롤(주)","   6,885,300"
"1669","150246","한세정보통신(주)","   6,885,100"
"1670","310657","리더정보통신(주)","   6,875,200"
"1671","311529","(주)퍼스트넷","   6,872,100"
"1672","202991","주식회사 하이라인","   6,871,100"
"1673","510489","오오씨아이(주)","   6,866,900"
"1674","202228","트라이오넷(주)","   6,855,700"
"1675","311503","주식회사 신우에코넷 (SWeconet Co., Ltd.)","   6,855,200"
"1676","312114","주식회사 에스피비","   6,854,000"
"1677","530305","(주)태인시스템","   6,851,300"
"1678","311775","(주)이레솔루션","   6,850,600"
"1679","311656","(주)씨디에이","   6,850,200"
"1680","311449","서림엔지니어링 주식회사","   6,849,800"
"1681","420349","가보산업 주식회사","   6,849,400"
"1682","310832","일렉큐브(주)","   6,849,100"
"1683","140505","주식회사 조인테크","   6,844,800"
"1684","202414","(주)브레인네트웍스","   6,843,800"
"1685","310580","(주)유에스시큐리티","   6,842,700"
"1686","640065","(주)에이엔시","   6,841,900"
"1687","202629","하나씨앤아이(주)","   6,838,500"
"1688","110144","주식회사 비츠로시스","   6,838,100"
"1689","110861","(주)안세기술","   6,837,700"
"1690","510692","주식회사 지엘네트워크","   6,835,900"
"1691","201429","에이앤티 주식회사","   6,834,700"
"1692","430053","주식회사 다몬시스템","   6,829,000"
"1693","311847","주식회사 아주엔지니어링","   6,825,400"
"1694","140379","(유)쎈스","   6,816,000"
"1695","310370","(주)디지탈라인","   6,815,800"
"1696","311453","(주)플러스정보기술","   6,815,500"
"1697","610243","(주)부경정보통신","   6,813,200"
"1698","113286","(주)유코리아","   6,803,600"
"1699","350270","(주)큐브정보기술","   6,802,400"
"1700","111692","(주)비전정보통신","   6,801,800"
"1701","311557","(주)티제이네트워크","   6,796,200"
"1702","310436","제이디미디어(주)","   6,796,000"
"1703","350067","하나정보기술(주)","   6,795,800"
"1704","540356","삼화전력 주식회사","   6,795,500"
"1705","140072","(유)지원통신","   6,789,900"
"1706","120716","삼원에프에이(주)","   6,788,600"
"1707","202971","주식회사 케이투시스템즈","   6,786,500"
"1708","410107","주식회사 제이씨큐","   6,779,500"
"1709","112034","(주)서울정보시스템","   6,778,500"
"1710","201099","주식회사 레인보우","   6,776,700"
"1710","160110","완전정보통신(주)","   6,776,700"
"1712","440042","(주)피플인소프트","   6,770,000"
"1713","111016","대신아이씨티 주식회사","   6,764,800"
"1714","202204","보은전자방송통신(주)","   6,764,200"
"1715","630099","(주)헤드아이티","   6,761,800"
"1716","111044","(주)대해일렉스","   6,761,400"
"1717","540150","(주)이코우","   6,760,900"
"1718","202769","주식회사 진중아이티","   6,758,900"
"1719","311489","주식회사 포스정보통신","   6,756,900"
"1720","204027","주식회사 엑세스씨앤에스","   6,755,300"
"1721","111708","(주)이지텔레콤","   6,749,600"
"1722","440020","(주)드림정보","   6,747,400"
"1723","203439","주식회사 위드테크","   6,743,800"
"1724","540045","쎄인탑(주)(SEINTOP Co.,Ltd.)","   6,743,400"
"1725","310320","(주)원테크놀로지","   6,741,400"
"1726","311395","주식회사 힌트 (HINT.CO.,Ltd.)","   6,735,700"
"1727","320375","주식회사 유시스","   6,733,100"
"1728","420465","주식회사 넷플러스","   6,729,900"
"1729","510375","주식회사 미르정보기술","   6,727,700"
"1730","200635","(주)매트릭스미디어","   6,721,200"
"1731","111373","(주)영국전자","   6,719,900"
"1732","410114","주식회사 오피에이","   6,719,100"
"1733","311201","(주)아이에스피테크","   6,718,600"
"1734","140183","온누리(주)","   6,714,200"
"1735","350393","주식회사 동일이엔티","   6,713,900"
"1736","312007","주식회사 삼우(SAMWOO INC)","   6,712,500"
"1737","330291","신성통신건설 주식회사","   6,711,900"
"1738","112896","(주)오경컴텍","   6,707,000"
"1739","330083","(주)그랜드","   6,706,500"
"1740","130060","(주)대광정보통신","   6,705,300"
"1741","510206","(주)티원아이티","   6,705,100"
"1742","200858","유텔레콤(주)","   6,704,000"
"1743","112603","(주)이젠정보통신","   6,703,900"
"1744","540438","주식회사 지오엘","   6,703,300"
"1745","201142","(주)이노테크미디어","   6,700,900"
"1746","510502","주식회사 민국정보통신","   6,698,800"
"1747","610329","신우엔지니어링 주식회사","   6,693,900"
"1748","550014","우리정보기술(주)","   6,689,800"
"1749","112941","(주)새롬정보통신","   6,684,100"
"1750","310489","(주)에스알티","   6,681,200"
"1751","201011","(주)열림데이타시스템","   6,676,400"
"1752","110770","(주)진명파워택","   6,674,400"
"1753","110949","에이치유앤티(주)","   6,673,900"
"1754","112664","한국마이크로닉(주)","   6,672,200"
"1755","203229","주식회사 그렉터","   6,665,300"
"1756","203345","주식회사 앤샵","   6,662,300"
"1757","330179","(주)새올정보기술","   6,660,100"
"1758","110447","진흥기업(주)","   6,654,000"
"1759","201981","(주)지제이전기통신","   6,651,900"
"1760","200304","엔텍월드(주)","   6,649,000"
"1761","150388","주식회사 대호","   6,645,000"
"1762","320130","(주)세븐전자코리아","   6,644,000"
"1763","120116","(주)삼우건설","   6,642,700"
"1764","111895","(주)세연텔레콤","   6,641,300"
"1765","310709","(주)대민방송네트워크","   6,635,200"
"1766","120216","아라정보통신(주)","   6,634,800"
"1767","310939","(주)한국아이오티기술원(K-IOTT. INC)","   6,631,500"
"1768","203760","주식회사 노바디엑스","   6,630,700"
"1769","201081","선진인포텍(주)","   6,629,400"
"1770","310850","주식회사 백년기술","   6,628,700"
"1771","112723","드림테크정보통신(주)","   6,617,000"
"1772","550039","(주)서전일렉스","   6,614,900"
"1773","310609","(주)와이엠네트웍스","   6,612,400"
"1774","330061","(주)대명건설","   6,607,500"
"1775","430041","(주)대선텔레콤","   6,599,100"
"1776","311107","이터널(주)","   6,597,700"
"1777","130291","(주)알파아이엔씨","   6,595,300"
"1778","640088","청수개발 주식회사","   6,594,600"
"1779","140093","주식회사 정인이엔시","   6,593,700"
"1780","630041","건일정보통신","   6,586,300"
"1781","120123","동남티앤씨 주식회사","   6,583,100"
"1782","130405","청맥산업(주)","   6,582,400"
"1783","202527","(주)제이앤지시스템","   6,579,400"
"1784","420001","주식회사 한국제일","   6,578,000"
"1785","311637","주식회사 우리시스템","   6,577,900"
"1786","203328","주식회사 공유테크(Gong You Tech., Ltd.)","   6,575,500"
"1787","120259","(주)루트앤루트","   6,574,500"
"1788","310694","(주)국보정보통신","   6,572,600"
"1789","202783","주식회사 엠큐닉 (MQNIC Co., Ltd.)","   6,569,900"
"1789","410011","(주)영우정보기술","   6,569,900"
"1791","202624","(주)미디어밸리렛","   6,567,100"
"1792","310090","대성아이넷(주)","   6,561,400"
"1793","201871","(주)케이티샛 ","   6,558,500"
"1794","113055","(주)윤송이엔씨","   6,558,200"
"1795","640082","(주)대은계전","   6,555,300"
"1796","130006","(주)우주전기통신","   6,553,900"
"1797","201194","한국아이디정보(주)","   6,549,000"
"1798","530387","주식회사 민이엔씨","   6,547,700"
"1799","140027","주식회사 앙츠 (Antz. Co., Ltd)","   6,545,800"
"1800","620047","빛가람정보(주)","   6,539,700"
"1800","620143","주식회사 영원시스템즈","   6,539,700"
"1802","170097","딥아이 주식회사","   6,539,500"
"1803","110090","(주)광성통신","   6,536,200"
"1804","530413","주식회사 애니텍","   6,535,900"
"1805","111654","(주)정원엔시스","   6,533,700"
"1806","630161","(주)에스에스티(SST Co., Ltd.)","   6,530,100"
"1807","111820","주식회사 뉴플러스","   6,526,000"
"1808","311504","(주)아이티씨테크","   6,522,400"
"1809","110724","에이엠테크(주)","   6,521,600"
"1810","310383","한솔정보통신(주)","   6,521,400"
"1811","160119","대신네트웍스(주)","   6,519,800"
"1812","330116","주식회사 케이탑시스템","   6,515,700"
"1813","311103","영진기술(주)","   6,515,100"
"1814","630029","(주)썬더테크놀로지","   6,511,100"
"1815","113153","(주)효승","   6,510,300"
"1816","202033","(주)두루스코","   6,509,100"
"1817","113212","(주)아이티에스뱅크","   6,508,200"
"1818","130014","(주)청림텔레콤","   6,505,900"
"1819","311031","주식회사 부강(扶江)","   6,505,300"
"1820","311064","주식회사 에이샛(ASAT.Co.,Ltd)","   6,504,000"
"1821","550032","주식회사 젠탑(GENTOP)","   6,503,300"
"1822","550243","(주)그린아이티","   6,501,700"
"1823","113400","(주)창리정보통신","   6,500,600"
"1824","110728","(주)와이씨스템","   6,499,500"
"1825","510371","(주)가넷정보기술","   6,499,000"
"1826","150192","주식회사 태온","   6,497,000"
"1827","201411","주식회사 코아맥스테크놀로지(COREMAX TECHNOLOGY CO.,LTD.)","   6,493,600"
"1828","202667","(주)아이아이에스티","   6,493,200"
"1829","112743","(주)미디컴전자","   6,488,300"
"1830","201131","동아신호(주)","   6,484,300"
"1831","311978","주식회사 에이치엔에스이엔씨","   6,483,500"
"1832","120266","대명전력(주)","   6,482,900"
"1833","150593","(주)스피드이엔지","   6,476,800"
"1834","160041","(주)진웅텔레콤","   6,468,500"
"1835","110352","(주)조양테크","   6,465,600"
"1835","203211","구스텍 주식회사","   6,465,600"
"1837","330314","주식회사 세우이엔씨","   6,463,300"
"1838","202026","대신네트웍스 주식회사","   6,462,900"
"1839","110407","(주)현신정보통신","   6,461,400"
"1840","130133","다우정보(주)","   6,456,400"
"1841","350379","제이비티정보통신(주)","   6,452,000"
"1842","550199","주식회사 디콘","   6,448,800"
"1843","111732","주식회사 대명통신","   6,447,700"
"1844","620045","이정보통신(주)","   6,442,100"
"1845","202016","제이아이티 주식회사","   6,441,000"
"1846","311753","(주)캐스트코아","   6,440,900"
"1847","510325","주식회사 성암전력","   6,440,800"
"1848","510076","화성티이씨(주)","   6,440,200"
"1849","111972","우림정보시스템(주)","   6,438,000"
"1850","160106","(유)서원정보통신","   6,436,200"
"1851","150353","주식회사 나래테크","   6,432,400"
"1852","310681","(주)에이원정보통신","   6,427,300"
"1853","420315","주식회사 지노디엠","   6,427,100"
"1854","200402","(주)신성글로벌네트워크","   6,421,900"
"1855","160140","태림전자(주)","   6,420,200"
"1856","160236","(유)시원이엔지","   6,409,500"
"1856","203421","주식회사 에어로디제이컨설팅","   6,409,500"
"1858","201206","(주)솔모정보기술","   6,406,300"
"1859","150650","주식회사 대일정보통신","   6,403,100"
"1860","113051","금일정보기술 주식회사","   6,401,800"
"1861","111073","위성이앤씨(주)","   6,401,600"
"1862","350243","주식회사 네오글로벌시스템","   6,399,900"
"1863","350258","주식회사 사람과통신","   6,395,900"
"1864","201769","(주)에이번","   6,392,500"
"1865","420132","주식회사 스맥","   6,390,400"
"1866","201424","(주)트리엠","   6,384,800"
"1867","350249","주식회사 파로스","   6,383,800"
"1868","610096","(주)신한전기","   6,383,100"
"1869","203808","주식회사 화인폰","   6,381,700"
"1869","440062","세림디에스지 주식회사","   6,381,700"
"1871","113363","(주)윌테크","   6,381,600"
"1872","130482","(주)엠아이비","   6,381,300"
"1873","112836","(주)케이써비스","   6,378,000"
"1874","530153","주식회사 우석이앤씨","   6,376,900"
"1875","201773","(주)파크엘즈","   6,376,200"
"1876","420517","주식회사 위즈에스","   6,375,100"
"1877","113453","(주)알에프코리아(RF KOREA Co., Ltd.)","   6,372,400"
"1878","150532","수성정보(주)","   6,372,300"
"1879","203264","주식회사 천익","   6,363,300"
"1880","320191","(주)도빈","   6,361,900"
"1881","420340","주식회사 데이타렉스대전","   6,361,700"
"1882","202234","(주)제이넷시스템즈","   6,359,700"
"1883","420085","(주)스피드데이타정보통신","   6,358,900"
"1884","630192","주식회사 에스에이치비젼","   6,353,900"
"1885","310829","(주)철탑","   6,353,100"
"1886","202182","(주)엔에스정보통신","   6,350,200"
"1887","202579","(주)싸이버텍","   6,348,100"
"1888","630074","(주)에스엠케이정보통신","   6,347,300"
"1889","130466","(주)엘에스아이정보기술","   6,344,700"
"1890","310484","(주)GES","   6,344,100"
"1891","113497","(주)아이쿼드","   6,343,000"
"1892","610046","(주)동천기공","   6,342,300"
"1893","160001","금성정보기술(주)","   6,339,500"
"1894","640019","(주)월드씨앤에스","   6,338,400"
"1895","311535","(주)엘이디오션","   6,336,200"
"1896","203520","프리커스 주식회사","   6,329,300"
"1897","202046","(주)니트로시스템","   6,329,100"
"1898","520056","(주)뉴테크","   6,326,900"
"1899","330187","주식회사 유수","   6,326,400"
"1900","112117","지앤티테크(주)","   6,325,400"
"1901","510517","다인아이티(주)","   6,323,900"
"1902","110232","(주)경일","   6,322,300"
"1903","112499","케이씨티정보통신(주)","   6,320,700"
"1903","203953","주식회사 엔시스코리아 (ENSYS KOREA Inc.)","   6,320,700"
"1905","330264","주식회사 아성","   6,320,400"
"1906","540044","(주)정우비앤에스","   6,317,900"
"1907","620335","주식회사 등화기전","   6,317,400"
"1908","202361","주식회사 케이엑스넥스지 (KX NexGo.,LTD.)","   6,315,500"
"1909","203825","주식회사 헤이즐시스","   6,314,600"
"1910","112605","아이티에스엔지니어링(주)","   6,309,800"
"1911","310494","보령전력(주)","   6,304,600"
"1912","410137","대원정보통신(주)","   6,302,900"
"1913","110427","주식회사 영일이엔씨","   6,301,600"
"1914","111326","(주)우신지엘에스","   6,288,600"
"1915","320257","대일정보통신 주식회사","   6,287,800"
"1916","160130","(주)동양이앤티","   6,286,800"
"1917","202607","(주)아이티로그","   6,284,100"
"1918","311590","(주)소나타시스템즈","   6,283,700"
"1919","140105","주식회사 영풍","   6,283,000"
"1920","113410","주식회사 에드원","   6,282,600"
"1921","610036","(주)알파이앤시","   6,280,800"
"1922","170114","(주)용두애브컴","   6,277,000"
"1923","310625","(주)콘스탄텍","   6,276,300"
"1924","120029","남일통신(주)","   6,274,700"
"1925","110186","주식회사 와이케이정보통신","   6,274,400"
"1926","113499","(주)대웅아이피에스","   6,272,700"
"1927","150327","(주)성문정보통신","   6,272,600"
"1928","202067","(주)대경미디어텍","   6,269,800"
"1928","130215","주식회사 화성에어토탈","   6,269,800"
"1930","201977","(주)네비웍스","   6,268,000"
"1931","320491","주식회사 우리시스템","   6,262,300"
"1932","150231","(주)경신텔레콤","   6,261,800"
"1933","510222","(주)서진아이티에스","   6,261,000"
"1934","520016","강진통신","   6,259,100"
"1935","200623","(주)경원정보통신","   6,254,500"
"1936","410204","(주)유니원시스템","   6,251,500"
"1937","610063","대신티엔아이(주)","   6,251,000"
"1938","530197","(주)창조시스템","   6,250,800"
"1939","311921","(주)나래넷츠","   6,242,400"
"1940","620363","유한회사 유피통신","   6,241,500"
"1941","510289","엘에스정보기술(주)","   6,241,400"
"1942","530259","(주)이원시스템","   6,238,500"
"1943","310176","삼일데이타시스템(주)","   6,237,500"
"1944","310300","호산이앤씨 주식회사","   6,236,600"
"1945","170159","(주)솔더","   6,235,600"
"1946","550128","(주)송림하이텍","   6,232,400"
"1947","201843","(주)제이엔테크놀러지","   6,229,700"
"1948","311117","(주)선진일렉텍","   6,226,800"
"1949","203640","주식회사 알트온(Alt-On Co,Ltd.)","   6,224,000"
"1950","540207","주식회사진영이앤티","   6,223,400"
"1951","550260","우리윈시스템 주식회사","   6,217,600"
"1952","202271","(주)아이티에스엠","   6,215,100"
"1953","310187","(주)제이넷","   6,213,100"
"1954","120210","(주)비에스엔지니어링","   6,210,400"
"1955","410068","선원건설 주식회사","   6,208,900"
"1956","311423","(주)알씨","   6,207,000"
"1957","111443","(주)나우아이앤씨","   6,206,300"
"1958","312391","주식회사 서광전기공사","   6,201,600"
"1959","201030","(주)지에스아이티엠","   6,199,900"
"1960","311796","주식회사 위드시스","   6,199,000"
"1961","311960","주식회사 드림씨엔에스","   6,197,800"
"1962","150457","한진영상정보(주)","   6,196,700"
"1963","410194","(주)진영아이티","   6,196,300"
"1964","120143","(주)코인텔","   6,192,900"
"1965","420020","(주)멀티정보통신","   6,189,900"
"1966","320358","(주)영진전자통신","   6,186,900"
"1967","200306","(주)디엠아이씨","   6,186,800"
"1968","330137","(주)비엔씨테크","   6,181,300"
"1969","530040","대아정보통신(주)","   6,179,400"
"1970","110461","주식회사 상지건설 (Sangji Construction, Inc.)","   6,172,700"
"1971","140308","(주)하나넷","   6,171,400"
"1972","310710","(주)해냄콘트롤스","   6,169,000"
"1973","112732","중앙아이.엔.티.(주)","   6,165,000"
"1974","550249","대진정보통신 주식회사","   6,163,600"
"1975","112961","허브링크(주)","   6,160,900"
"1976","310545","(주)대성엔이씨","   6,157,900"
"1977","530324","이로시스템 주식회사","   6,157,800"
"1978","350483","주식회사 태양테크","   6,156,900"
"1979","420282","주식회사 티에스","   6,147,000"
"1980","320215","주식회사 금봉기업","   6,143,400"
"1981","110813","(주)지에스컴","   6,140,500"
"1982","110240","극동건설(주)","   6,138,900"
"1983","530277","(주)네오시스","   6,136,100"
"1984","350019","(주)티웍스","   6,132,500"
"1985","310478","(주)예강텔레콤","   6,130,400"
"1986","111762","(주)에스씨네트","   6,130,300"
"1987","510530","(주)조이테크","   6,126,400"
"1988","170133","우리네트웍스(주)","   6,123,100"
"1989","203471","주식회사 플러스파크","   6,119,500"
"1990","420283","주식회사 라인정보","   6,118,300"
"1991","120560","인포텔(주)","   6,115,600"
"1992","111397","(주)아트엔티이","   6,108,000"
"1993","110057","(주)하이텔네트웍스","   6,106,700"
"1994","201269","(주)케이씨에이","   6,105,700"
"1995","410188","주식회사 대한전기통신","   6,104,400"
"1996","510135","주식회사 광일정보시스템","   6,104,300"
"1997","420191","대청보안(주)","   6,104,100"
"1998","311991","주식회사 유니원(UNIONE Co.,Ltd.)","   6,102,400"
"1999","202891","주식회사 엠티씨엠 (MTCM Co.,Ltd)","   6,102,000"
"2000","200333","보람정보통신서비스(주)","   6,101,000"
"2001","120516","(주)이현정보기술","   6,096,900"
"2002","150312","조아전자(주)","   6,094,200"
"2003","202601","(주)마하사운드","   6,091,600"
"2004","310772","루컴즈씨엔에스 주식회사","   6,090,600"
"2005","311673","아이티인 주식회사","   6,088,600"
"2006","410065","연합정밀(주)","   6,087,900"
"2007","410152","(주)대로정보통신","   6,084,000"
"2008","530290","(주)정우디지털","   6,082,000"
"2009","510256","주식회사 태온산업개발","   6,081,300"
"2010","111835","(주)한국에빅스","   6,080,400"
"2011","203501","주식회사 스타버킷","   6,080,100"
"2012","320033","주식회사 유환아이티","   6,079,500"
"2013","111076","주식회사 로아","   6,079,100"
"2014","310514","(주)아이원시스템","   6,078,400"
"2015","112341","(주)대성정보통신기술","   6,078,200"
"2016","203262","주식회사 씨에이에스","   6,074,700"
"2017","440025","이도테라원 주식회사 (YIDO TerraOne Inc.)","   6,073,600"
"2018","330207","주식회사 인지테크","   6,073,400"
"2019","112657","(주)세인씨앤씨","   6,072,500"
"2020","510219","주식회사 태강","   6,072,200"
"2021","320310","아라정보기술 주식회사","   6,066,100"
"2022","330065","(주)티앤씨","   6,061,000"
"2023","320380","뉴인테크 주식회사","   6,060,400"
"2024","120184","(주)아신정보기술","   6,058,700"
"2025","312129","뉴아이텍 주식회사","   6,058,500"
"2026","203627","주식회사 지디시스","   6,056,800"
"2027","550060","(주)한진전력","   6,056,400"
"2028","311235","(주)에스앤티","   6,054,000"
"2029","203431","쓰리아이퓨처 주식회사","   6,052,200"
"2030","120836","룩스전기통신","   6,052,100"
"2030","620037","에스앤지텔레콤(주)","   6,052,100"
"2032","201193","주식회사 티에스아이티","   6,051,000"
"2033","200346","주식회사 레이어스","   6,049,700"
"2034","130287","주식회사 아워스","   6,048,500"
"2035","430138","주식회사 차세대정보통신","   6,047,400"
"2036","510037","(주)아이티밸리","   6,046,000"
"2037","130320","(주)광영","   6,045,700"
"2038","110478","주식회사 부송","   6,044,700"
"2039","430023","주식회사 엔베스트","   6,043,400"
"2040","140034","(주)조흥테크","   6,042,000"
"2041","201732","지티에스솔루션즈(주)","   6,040,700"
"2042","630154","주식회사 세기이엔지","   6,038,200"
"2043","130391","주식회사 대경이앤에스","   6,037,700"
"2044","430064","(주)나스콤","   6,037,400"
"2045","311977","상림종합전설(주)","   6,036,300"
"2046","202635","(주)크루스텍","   6,033,400"
"2047","120275","지앤티네트웍스(주)","   6,032,700"
"2048","202162","주식회사 이스온","   6,029,500"
"2049","311869","(주)이한엔에스","   6,029,100"
"2050","203408","주식회사 클라우데이타","   6,022,700"
"2051","140457","(주)아이티벨리","   6,020,200"
"2052","202441","(주)아이알디통신","   6,019,300"
"2053","510469","(주)라온아이엔씨","   6,019,000"
"2054","350310","주식회사 건담이엔씨","   6,013,200"
"2055","610032","케이엠티시스템 주식회사","   6,013,100"
"2056","202774","(주)시너젠","   6,010,800"
"2057","530175","(주)네트아이티","   6,009,200"
"2058","350124","주식회사 준성","   6,006,100"
"2059","112889","주식회사 천일","   6,001,100"
"2060","140460","(주)세원씨앤에스","   6,000,300"
"2061","112844","주식회사 에이치케이(HK Co., Ltd.)","   6,000,000"
"2061","113030","(주)케이알산업","   6,000,000"
"2063","202029","(주)지엔아이테크","   5,999,500"
"2064","110860","(주)펜타콤씨엔씨","   5,997,300"
"2065","550172","주식회사 하이정보통신","   5,996,300"
"2066","201224","(주)비에스아이시스템","   5,994,800"
"2067","120824","청방네트웍스(주)","   5,994,200"
"2068","202611","(주)스카이코어","   5,991,900"
"2069","200874","(사회복지법인)한국청각장애인복지회","   5,991,200"
"2070","120780","링크정보시스템(주)","   5,989,000"
"2071","540387","주식회사 에스티알","   5,988,300"
"2072","111582","(주)조은커뮤니케이션","   5,987,500"
"2073","202809","주식회사 문형이엔씨","   5,986,800"
"2074","201180","한국토코넷(주)","   5,986,300"
"2075","202720","(주)에이바이트","   5,978,500"
"2076","310549","(주)이엠테크","   5,978,200"
"2077","201739","(주)대성아이엔티","   5,978,100"
"2078","110807","(주)지오","   5,974,000"
"2079","550190","주식회사 케이엔티","   5,970,400"
"2080","201241","(주)디브이알씨앤씨","   5,969,500"
"2081","430088","(주)파란정보통신","   5,967,700"
"2082","201770","태광에스엠(주)","   5,967,200"
"2083","310616","지티비(주)","   5,964,500"
"2084","201725","(주)그루기술","   5,960,100"
"2085","330260","주식회사 뮤온시스템","   5,958,000"
"2086","350438","(주)이지웍스뉴미디어","   5,957,100"
"2087","530124","주식회사 대화이엔지","   5,956,400"
"2088","311910","사회적협동조합 나라사랑","   5,954,300"
"2089","202843","주식회사 네트컴시스템","   5,952,700"
"2090","310033","씨에스텔레콤(주)","   5,951,100"
"2091","310535","주식회사 건양에스엔티","   5,950,600"
"2092","311145","(주)왓치캅","   5,946,900"
"2093","350180","(주)디지팍스","   5,944,300"
"2094","311131","(주)스파이어테크놀로지","   5,942,700"
"2095","111192","(주)신한개발","   5,941,300"
"2096","350010","(주)휴먼시스템","   5,939,200"
"2097","110677","(주)에스비에스에이앤티","   5,937,500"
"2098","350207","주식회사 아이에스앤로드테크","   5,937,400"
"2099","112800","(주)우진정보","   5,935,000"
"2100","630118","(주)링스텔레콤","   5,932,600"
"2101","420275","주식회사 제이엔디","   5,926,800"
"2102","311770","(주)케이폴","   5,925,800"
"2102","610159","주식회사 서광아이엔씨","   5,925,800"
"2104","202593","(주)카이네트웍스","   5,921,800"
"2105","120402","(주)유명통신","   5,921,000"
"2106","130410","우창전력(주)","   5,919,000"
"2107","203940","주식회사 테이아인포","   5,918,500"
"2108","203853","주식회사 맥스아이티","   5,916,700"
"2108","201148","(주)호디","   5,916,700"
"2110","112301","(주)성우음향정보통신","   5,912,800"
"2111","111374","조이웰네트웍스(주)","   5,911,500"
"2112","202425","태건에스앤아이(주)","   5,910,300"
"2113","113111","(주)애니씨앤에스","   5,910,100"
"2114","140084","동광텔레콤(주)","   5,907,700"
"2115","202143","(주)진성시스템","   5,907,100"
"2116","510521","(주)컴윌","   5,903,700"
"2117","201648","(주)하이브릿지정보통신","   5,901,900"
"2118","130175","주식회사 계룡아이씨티","   5,900,000"
"2119","350077","(주)블루나일네트웍스","   5,899,800"
"2120","350112","(주)한올정보통신","   5,899,400"
"2121","510468","(주)시큐어월","   5,893,600"
"2122","202268","(주)아이비리더스","   5,893,400"
"2123","430117","주식회사 진원정보","   5,891,700"
"2124","430078","(주)성림케이블","   5,890,900"
"2125","200928","화인정보기술(주)","   5,890,100"
"2126","111166","주식회사 금산","   5,889,800"
"2127","420341","주식회사 이노벤텍","   5,880,700"
"2128","430298","우리씨티에스 주식회사 (WOORICTS Inc.)","   5,879,700"
"2129","140374","(주)정보통신공사","   5,879,200"
"2130","430104","주식회사 진정보","   5,878,600"
"2131","312047","주식회사 유건네트웍스(Ugun Networks Inc.)","   5,878,400"
"2132","420238","에스넷아이씨티(주)","   5,874,400"
"2133","202912","주식회사 엔씨씨디지탈","   5,874,100"
"2134","160225","(유)제이씨기술정보통신","   5,873,700"
"2135","200842","(주)신우퍼스텍","   5,873,100"
"2136","201515","로버무트(주)","   5,872,300"
"2137","200125","주식회사 웨이버스(WAVUS Co,Ltd)","   5,869,200"
"2138","200024","(주)휴넷시스템","   5,867,800"
"2139","200512","(주)에스앤디비즈(S＆D Biz Co.,Ltd)","   5,867,500"
"2140","202449","(주)대성오토텍","   5,866,000"
"2141","200918","(주)아이젠시스템즈","   5,861,500"
"2142","620129","서경정보통신(주)","   5,860,200"
"2143","113198","국제시스템산업(주)","   5,857,300"
"2143","170181","비콤시스템(주)","   5,857,300"
"2143","203648","주식회사 윈스타비투비","   5,857,300"
"2146","113425","주식회사 미르종합건설","   5,856,700"
"2147","530160","주식회사 엠제이솔루션","   5,854,500"
"2148","312398","브이픽셀 주식회사","   5,852,100"
"2149","310857","(주)제이에스네트웍","   5,847,300"
"2150","320411","주식회사 위트콘","   5,845,700"
"2151","140170","데이타통신공사","   5,843,200"
"2152","200927","(주)유신테크","   5,839,400"
"2153","311011","주식회사 키코 (KIKO Co.,Ltd.)","   5,839,200"
"2154","112720","애드넷정보통신(주)","   5,838,800"
"2155","540112","(주)씨엔씨테크","   5,835,200"
"2156","410252","(주)비전","   5,833,600"
"2157","112400","(주)한맥정보기술","   5,831,200"
"2158","540297","(주)애니아이티","   5,829,600"
"2159","510074","(주)인펙비전","   5,829,000"
"2160","320040","(주)오라엔지니어링","   5,828,600"
"2161","320080","(주)지니트","   5,828,000"
"2162","311750","(주)콘웰","   5,827,000"
"2163","320436","주식회사 더넷","   5,826,300"
"2164","330154","신화에스앤씨 주식회사","   5,824,200"
"2165","120289","(주)반도전기통신","   5,816,900"
"2166","630094","주식회사 금강네트워크","   5,815,500"
"2167","540408","플러스테라 주식회사 ","   5,810,900"
"2168","204030","주식회사 일하아이티","   5,809,000"
"2169","120162","(주)일화통신","   5,808,000"
"2170","113386","모던웨이브(주)","   5,806,000"
"2171","130364","(주)눈소프트","   5,805,800"
"2172","200610","(주)종성테크","   5,805,300"
"2173","550192","(주)신영티아이","   5,803,600"
"2174","310902","(주)영은시스템","   5,803,400"
"2175","310868","(주)두고테크","   5,797,000"
"2176","620142","(주)대명이엔지","   5,796,600"
"2177","140254","(주)신용아이엔씨","   5,796,400"
"2178","620124","엘글로벌 주식회사","   5,792,700"
"2179","204094","주식회사 경농","   5,791,600"
"2180","113382","한국씨텍(주)","   5,788,300"
"2181","430079","(주)아이앤이","   5,781,600"
"2182","202478","(주)성민전기통신","   5,779,500"
"2183","201307","(주)앤다스","   5,777,400"
"2184","312005","주식회사 정광파워텍","   5,775,100"
"2185","150090","에이치에스화성 주식회사","   5,773,300"
"2186","530098","한국유체기술(주)","   5,770,700"
"2187","310866","주식회사 동명시스템즈","   5,769,700"
"2188","111593","(주)남인정보통신","   5,766,500"
"2189","620381","케이아이에코시스템 주식회사","   5,763,000"
"2190","310254","주식회사 진도아이비에스","   5,761,200"
"2191","150050","동양통신(주)","   5,760,500"
"2192","350429","주식회사 네오미디어","   5,758,900"
"2193","200515","이주씨스템(주)","   5,758,200"
"2194","630133","(주)첫눈","   5,758,000"
"2195","111318","동화전자산업(주)","   5,757,900"
"2196","550158","대연정보통신(주)","   5,756,100"
"2197","112863","(주)고려다이나믹스","   5,755,300"
"2198","203007","주식회사 씨에쓰정보기술","   5,749,100"
"2199","120232","(주)해양무선","   5,748,400"
"2200","430140","(주)향수정보통신","   5,747,800"
"2201","540455","주식회사 아이엔(IN)","   5,743,600"
"2202","201955","광명통신안전(주)","   5,742,700"
"2203","410202","한빛통신 주식회사","   5,740,700"
"2204","130399","(주)에스지앤씨","   5,739,900"
"2205","201928","(주)엠브이씨앤에스","   5,737,900"
"2206","150004","(주)해일아이티","   5,737,800"
"2207","530384","주식회사 진아전력","   5,737,000"
"2208","201794","(주)아이티블럭","   5,735,800"
"2209","630127","(유)드림테크","   5,735,200"
"2210","202232","(주)아미넷","   5,724,900"
"2211","120112","(주)동아전업","   5,724,300"
"2212","201698","주식회사 태일솔루션","   5,721,400"
"2213","200907","주식회사 에이치에스코리아 (HS Korea Co., Ltd.)","   5,718,100"
"2213","530154","대국테크놀로지(주)","   5,718,100"
"2215","310581","(주)제이브이지","   5,716,300"
"2216","311174","주식회사 엔시드","   5,712,400"
"2217","530018","(주)인더텍","   5,712,200"
"2218","311479","(주)엠투엠솔루션","   5,710,800"
"2219","310974","(주)나래정보통신","   5,706,700"
"2220","320235","(주)유원아이씨티","   5,704,900"
"2220","311269","(주)애드텍","   5,704,900"
"2222","540001","(주)세움정보기술","   5,701,300"
"2223","110891","(주)다음정보기술","   5,700,600"
"2224","320219","가천씨앤텍(주)","   5,699,100"
"2225","320231","(주)밝은정보통신","   5,698,100"
"2226","203705","주식회사 이음유앤아이","   5,698,000"
"2226","540259","(주)성보전력","   5,698,000"
"2228","201283","(주)케이네트","   5,691,800"
"2229","140112","(유)효성엔지니어링","   5,687,400"
"2230","202922","동양정보서비스 주식회사","   5,686,200"
"2231","350403","(주)라온정보통신","   5,685,700"
"2232","202651","(주)가을디에스","   5,680,800"
"2233","150644","(주)한국알파시스템","   5,680,500"
"2234","410359","주식회사 제이앤에이텔레콤","   5,680,100"
"2235","201660","(주)지엠케이정보통신","   5,678,900"
"2236","550292","(주)한빛인포텍","   5,678,500"
"2237","201581","(주)사운드코리아이엔지","   5,677,600"
"2238","203143","주식회사 에이블그리드","   5,677,200"
"2239","540365","주식회사 아인이앤텍(AIN electric&technology Co. Ltd)","   5,675,700"
"2240","312228","주식회사 가람전력","   5,674,600"
"2241","610167","주식회사 화산엔지니어링","   5,672,500"
"2242","203097","주식회사 뉴엣지","   5,669,800"
"2243","350382","주식회사 한양아이앤디","   5,668,500"
"2244","111783","(주)한국에이브이","   5,663,100"
"2245","310173","(주)씨앤티콘트롤스","   5,662,000"
"2246","330176","(주)정원테크","   5,659,900"
"2247","203697","주식회사 씨앤아이테크","   5,656,300"
"2248","140187","(주)번계전","   5,654,300"
"2249","311667","(주)포네트","   5,653,700"
"2250","201731","(주)사운더스","   5,652,300"
"2251","330239","보령기전 주식회사","   5,651,900"
"2252","620050","주식회사 대은기전","   5,647,700"
"2253","201022","주식회사 스마트씨앤아이(SmartCNI Co.,Ltd)","   5,647,000"
"2254","203606","주식회사 디에스앤지","   5,644,900"
"2254","520014","(주)두나우","   5,644,900"
"2256","440031","(주)경훈테크","   5,644,100"
"2257","310538","(주)삼신씨엔에스","   5,643,200"
"2258","350061","(주)미래엔시스","   5,640,500"
"2259","640122","주식회사 제주네트웍스","   5,639,600"
"2260","130383","(주)극동정보통신","   5,638,200"
"2261","200338","폴그린테크주식회사","   5,637,800"
"2262","310707","(주)지에스아이엔티","   5,636,900"
"2263","310440","도원아이앤씨(주)","   5,635,900"
"2264","630198","주식회사 파로스","   5,634,800"
"2265","520090","(주)대아산업","   5,630,900"
"2266","200501","(주)새별네트웍스","   5,630,800"
"2267","510029","동영테크원(주)","   5,630,200"
"2268","200975","아임스통신(주)","   5,628,900"
"2269","311420","(주)창일정보통신","   5,628,600"
"2270","111926","주식회사 제이스텍","   5,627,900"
"2271","410024","서호전설 주식회사","   5,627,300"
"2272","200507","(주)카이져텍","   5,626,900"
"2273","201232","(주)에스엠플러스정보통신","   5,626,800"
"2273","311972","주식회사 엘케이에스텍(LKS TECH)","   5,626,800"
"2275","200054","주식회사 에이맥스","   5,626,200"
"2276","120307","(주)부경네티존","   5,620,500"
"2277","420224","(주)신흥정보","   5,619,100"
"2278","620283","주식회사 으뜸정보기술","   5,616,500"
"2278","311243","(주)디케이엔지니어링","   5,616,500"
"2280","311365","주식회사 우진이엔씨(WOOJIN ENC Co., Ltd.) ","   5,614,800"
"2281","110651","(주)한일전자시스템","   5,614,600"
"2282","203491","주식회사 시큐어포인트(SECUREPOINT CO.,LTD.)","   5,614,100"
"2283","350158","(주)비티컴퍼스","   5,609,500"
"2284","200178","(주)로드반","   5,608,600"
"2285","202447","주식회사 에스에스아이코리아 (SSI KOREA CO.,LTD)","   5,607,800"
"2286","510621","(주)플러스씨엔씨","   5,606,500"
"2287","111900","(주)에이플러스아이티","   5,604,600"
"2287","530189","오픈정보기술(주)","   5,604,600"
"2289","420348","주식회사 두잇(Do it)","   5,604,000"
"2290","610228","주식회사 에이시에스","   5,603,300"
"2291","420454","(주)와이엠솔루션","   5,601,900"
"2292","112942","(주)화진정보통신","   5,601,000"
"2293","180027","(주)범영테크","   5,599,900"
"2294","420033","주식회사 에스아이씨","   5,599,500"
"2295","311569","(주)디엠파워","   5,598,800"
"2296","202360","(주)에프에스네트웍스","   5,597,900"
"2297","203462","주식회사 넥스트테크놀로지","   5,597,200"
"2298","510060","(주)코리아텔링크","   5,594,000"
"2299","610151","주식회사 순천오에이시스템","   5,593,600"
"2300","150317","(주)데이타콤","   5,593,300"
"2301","170184","대성정보통신(주)","   5,588,700"
"2302","410003","유토피아정보기술(주)","   5,587,200"
"2303","150122","남영통신 주식회사","   5,585,900"
"2304","202711","(주)보문테크닉스","   5,583,400"
"2305","530276","에널텍티엠에스(주)","   5,582,000"
"2306","530292","코마스기술(주)","   5,581,900"
"2307","330219","주식회사 솔루션즈온넷","   5,581,700"
"2308","540155","(주)이지시스템","   5,581,500"
"2309","420145","우경전기(주)","   5,580,300"
"2310","311861","(주)온세이엔씨","   5,579,300"
"2311","112810","주식회사 일동에너텍","   5,578,400"
"2312","311951","재우일렉스 주식회사","   5,575,900"
"2313","440072","월드코어 주식회사","   5,575,400"
"2314","120494","전원정보통신(주)","   5,575,000"
"2315","350545","주식회사 수호네트워크","   5,574,500"
"2316","203744","주식회사 제이디케이에이티 (JDKAT Co., Ltd.)","   5,574,100"
"2317","311594","(주)윈테크","   5,573,300"
"2318","510192","(주)에디넷","   5,571,800"
"2319","312054","디피코어 주식회사","   5,571,400"
"2320","620414","주식회사 메타비전","   5,569,600"
"2321","201326","(주)비젼엔텍","   5,567,000"
"2322","550395","주식회사 감수","   5,566,700"
"2323","420414","주식회사 다인코어","   5,565,300"
"2324","311242","대상건설 주식회사","   5,564,700"
"2325","540163","(주)케이텍","   5,563,800"
"2326","120606","(주)원우전자","   5,558,300"
"2327","312009","주식회사 에이치제이엠(HJM)","   5,557,000"
"2328","201557","(주)포엠넷","   5,555,800"
"2329","350291","주식회사 마이티시스템","   5,553,400"
"2330","111720","(주)성우씨앤엔","   5,552,900"
"2331","330114","(유)제일이엔지","   5,552,400"
"2332","200606","(주)우리티엔에스","   5,551,400"
"2332","111005","(주)다함정보통신","   5,551,400"
"2334","610439","현진테크 주식회사","   5,551,200"
"2335","202631","(주)킴스앤","   5,550,400"
"2336","200717","주식회사 서울음향","   5,546,400"
"2337","312238","주식회사 진메타","   5,545,700"
"2338","111383","이수건설(주)","   5,542,000"
"2339","120339","한솔티엔씨(주)","   5,539,700"
"2340","530314","주식회사 갑산전기","   5,538,900"
"2341","510118","(주)케이엔에스","   5,536,300"
"2342","510307","(주)가온정보통신","   5,535,600"
"2343","201404","(주)솔로몬기술단기술사사무소","   5,534,800"
"2344","312217","주식회사 탄탄코어(TANTAN Core Co., Ltd.)","   5,533,000"
"2345","420281","주식회사 세이정보기술","   5,532,500"
"2346","203455","주식회사 바이다","   5,532,300"
"2347","111486","(주)대호아이티에스","   5,531,400"
"2348","530298","주식회사 비즈아이티","   5,530,800"
"2349","510416","(주)컴솔텍","   5,529,500"
"2350","200888","(주)포유네트웍스","   5,527,000"
"2351","150584","(주)덕성전기통신소방공사","   5,526,900"
"2352","140097","(주)유비쿼터스통신","   5,525,500"
"2353","120643","(주)동주통신","   5,520,400"
"2354","330041","(주)티아이에스","   5,519,600"
"2355","550427","주식회사 한길정보통신","   5,518,100"
"2356","550351","일신씨엔에스 주식회사","   5,517,100"
"2357","111262","(주)키텔(Kitel Co.,Ltd)","   5,516,600"
"2358","530127","동진이앤씨(주)","   5,508,800"
"2359","202874","주식회사 케파스","   5,507,500"
"2360","113354","아트에이브이(주)","   5,506,100"
"2361","170059","(주)메트로콤","   5,504,400"
"2362","120577","주식회사 신우정보기술","   5,502,700"
"2363","203281","주식회사 제이디솔루션","   5,501,700"
"2364","510698","주식회사 에코솔루션이앤지 (ECO SOLUTION ENG CO., Ltd)","   5,500,400"
"2365","310287","(주)다현정보통신","   5,499,200"
"2366","201303","(주)페타네트워크","   5,494,900"
"2367","410292","(주)아톰정보통신","   5,494,500"
"2368","112287","신우정보통신(주)","   5,493,300"
"2369","311051","(주)비오더블테크놀로지","   5,492,300"
"2370","510190","최신정보통신","   5,489,500"
"2371","530321","티앤피 주식회사(TNP Inc.)","   5,489,400"
"2372","203816","주식회사 성심정보기술","   5,488,700"
"2373","112665","(주)지구정보기술","   5,486,600"
"2374","203791","주식회사 우진티앤에스","   5,486,400"
"2375","320019","(주)세원정보시스템","   5,484,900"
"2376","110304","(주)무궁화전자","   5,476,900"
"2377","120397","신원전기통신(주)","   5,473,900"
"2378","140192","삼성정보시스템(주)","   5,473,300"
"2379","111045","주식회사 이노앤쏘","   5,471,000"
"2380","111747","(주)유엔터스","   5,469,200"
"2381","170163","(주)승아이엔티","   5,468,900"
"2382","120503","주식회사 까뮤이앤씨","   5,467,900"
"2383","200627","(주)베스트일렉트로닉스","   5,465,800"
"2384","310165","(주)삼은텔레콤","   5,465,600"
"2385","540137","(주)리드온","   5,464,400"
"2386","170106","강호정보통신(주)","   5,463,800"
"2386","510323","(주)유일미디어","   5,463,800"
"2388","540149","(주)유에이썬","   5,460,400"
"2389","112344","드림정보통신(주)","   5,457,100"
"2389","200637","(주)다솜이엔씨","   5,457,100"
"2391","200588","(주)바다에이앤티","   5,451,600"
"2392","312073","디토닉 주식회사","   5,450,700"
"2393","440014","(주)와이비네트웍스","   5,450,600"
"2394","320039","주식회사 다온이엔씨","   5,440,700"
"2395","130084","서광전기통신공사(주)","   5,438,400"
"2396","520101","디비밸리(주)","   5,437,700"
"2397","200541","주식회사 에프씨","   5,437,000"
"2398","202297","(주)지컴네트웍스","   5,435,600"
"2399","440027","(주)인스테크","   5,435,200"
"2400","530102","(주)씨앤텍","   5,434,100"
"2401","350138","(주)엔에스엔","   5,433,400"
"2402","203108","엔씨엔스페이스 주식회사","   5,432,400"
"2403","311555","에스지컴테크(주)","   5,432,300"
"2404","112055","(주)베이스인네트웍스","   5,429,600"
"2405","150165","(주)동해정보통신","   5,429,500"
"2406","110872","(주)송화전기통신","   5,429,100"
"2407","430214","(주)트윅스정보통신","   5,427,400"
"2408","203017","주식회사 소담정보통신","   5,420,100"
"2409","110031","주식회사 다성씨엔씨","   5,419,700"
"2410","202956","주식회사 에스알시스템","   5,417,500"
"2411","110754","(주)와이드넷엔지니어링","   5,417,300"
"2412","111605","으뜸이앤씨(주)","   5,416,600"
"2413","311600","(주)혜성테크윈","   5,415,800"
"2414","420286","주식회사 에스제이정보통신","   5,415,700"
"2415","113196","(주)에이제이월드","   5,414,500"
"2416","312305","주식회사 이노튜브","   5,413,700"
"2417","202553","주식회사 율이앤씨","   5,413,100"
"2418","410351","(주)에스에이치정보통신","   5,411,900"
"2419","140247","(주)엔와이인포텍","   5,409,600"
"2420","620253","디디텔레콤 주식회사","   5,409,500"
"2421","630024","주식회사 시온테크","   5,407,200"
"2422","112584","주식회사 동우이앤지","   5,406,700"
"2423","120588","(주)에스엠에이시스템","   5,403,000"
"2424","111299","코스믹전기통신(주)","   5,399,700"
"2425","620007","(주)유비컴","   5,398,500"
"2426","203991","주식회사 엠아이에스피","   5,397,400"
"2427","110475","서광종합개발(주)","   5,396,000"
"2428","111078","(주)도래정보시스템","   5,395,500"
"2429","530100","(주)신한이엔씨","   5,395,100"
"2430","430039","(주)장원","   5,390,400"
"2431","203356","크리스피드 주식회사","   5,389,500"
"2432","312335","주식회사 이앤알씨","   5,386,500"
"2433","110909","(주)해오름넷","   5,386,400"
"2434","112361","(주)진솔이앤지","   5,386,200"
"2435","202841","주식회사 큐디스","   5,385,400"
"2436","311389","(주)씨디에프","   5,384,400"
"2437","150206","대성네트웍스(주)","   5,383,800"
"2438","200148","(주)유엔콘트롤","   5,382,500"
"2439","202884","주식회사 아이랜스테크놀러지","   5,381,400"
"2440","130281","(주)도원엔지니어링건축사사무소","   5,379,900"
"2441","420138","(주)이레테크","   5,376,500"
"2442","112929","(주)디즈넷","   5,376,400"
"2443","510383","진영텔레콤 주식회사","   5,376,200"
"2444","130510","월드정보통신(주)","   5,375,700"
"2445","150636","(주)오투에이브이","   5,373,700"
"2446","150410","세기미래기술 주식회사(SEGI FUTURE TECHNOLOGY CO., LTD.)","   5,372,600"
"2447","200384","우광기전(주)","   5,371,300"
"2448","630282","유한회사 대명티앤에스","   5,369,300"
"2449","530294","(주)케이엔에스","   5,366,600"
"2450","200387","(주)온라인정보통신","   5,364,200"
"2451","202130","(주)이지엠시스템즈","   5,361,700"
"2452","112289","(주)재원텔레콤","   5,359,200"
"2453","202418","(주)삼미미디어","   5,355,500"
"2454","620268","주식회사 정수미디어","   5,355,000"
"2455","420058","주식회사 지티아이","   5,352,900"
"2456","420450","주식회사 아스카넷","   5,351,500"
"2457","200794","이룸유비쿼터스(주)","   5,351,200"
"2458","620092","(주)에스티에스","   5,349,700"
"2459","530340","주식회사 삼성전기통신","   5,348,400"
"2460","110317","백마텔레콤(주)","   5,347,200"
"2461","311346","(주)계명","   5,346,100"
"2462","112221","(주)에프알텍","   5,346,000"
"2463","111814","주식회사 테크윤","   5,345,300"
"2464","170187","남양정보통신(주)","   5,345,100"
"2465","111436","주식회사 인드라텍","   5,344,100"
"2466","201710","삼아씨디에스 유한회사","   5,343,900"
"2467","540021","세영정보통신(주)","   5,341,600"
"2468","620157","(주)지티엔지","   5,339,900"
"2469","530369","주식회사 아이티아이","   5,336,400"
"2470","320050","(주)청화텔레콤","   5,333,500"
"2471","610078","(주)리드텍","   5,333,000"
"2472","430001","(주)예원정보통신","   5,331,400"
"2473","160144","유한회사 에이치와이테크","   5,329,900"
"2474","130139","(주)대흥음향정보통신","   5,329,300"
"2475","202040","(주)티티네트웍스","   5,327,900"
"2476","311670","주식회사 해솔이에프씨","   5,326,900"
"2477","310932","(주)코럽시스템","   5,325,100"
"2478","430348","(주)원건설","   5,324,900"
"2479","330295","주식회사 양림테크놀러지","   5,323,300"
"2480","320200","레몬솔루션 주식회사","   5,321,400"
"2481","140281","(주)우주텔레콤","   5,318,500"
"2482","440009","주식회사 새온위성통신","   5,316,600"
"2483","550332","주식회사 모린정보기술","   5,314,700"
"2484","550306","주식회사 시온넷","   5,314,000"
"2485","530143","(주)투데이","   5,313,600"
"2486","620084","(주)오케이이엔씨","   5,313,000"
"2487","110074","남광토건(주)","   5,312,100"
"2488","350443","주식회사 티알엘코리아","   5,311,000"
"2489","510107","(주)현진테크놀로지","   5,308,600"
"2490","630067","(주)대경산전","   5,308,200"
"2491","520153","앤드통신서비스 주식회사","   5,306,500"
"2492","510471","(주)태화아이티","   5,303,900"
"2493","110875","주식회사 아이엘","   5,301,400"
"2494","311116","주식회사 대유미디어시스템즈","   5,301,200"
"2495","410183","스마트인포(주)","   5,298,500"
"2496","420198","제이엔텍 주식회사","   5,298,100"
"2497","620079","(주)에슬론통신","   5,297,900"
"2498","201668","(주)비엔솔루트","   5,294,100"
"2499","111004","대신네트웍스(주)","   5,290,300"
"2500","110045","화인정보통신(주)","   5,289,000"
"2501","520058","(주)동림티엔에스","   5,287,100"
"2502","113360","(주)인컴에스엔","   5,283,700"
"2503","610215","주식회사 에이원","   5,283,200"
"2504","311838","주식회사 명선정보기술","   5,280,700"
"2505","330019","새론정보통신","   5,277,800"
"2506","320096","주식회사 정도산업","   5,277,600"
"2507","113271","(주)파이널위즈","   5,277,400"
"2508","111264","주식회사 제니앤시스템즈","   5,277,100"
"2509","312079","주식회사 소트시스템 ","   5,273,000"
"2510","311040","(주)타치온네트웍스","   5,271,200"
"2511","540050","영복통신(주)","   5,266,800"
"2512","610364","주식회사 운강","   5,265,700"
"2513","150664","한빛기술","   5,263,900"
"2514","311584","(주)이너스시스템","   5,263,700"
"2515","200296","(주)마임정보기술","   5,263,500"
"2516","111459","(주)오엠에스시스템","   5,262,300"
"2517","203315","주식회사 제이아이앤티","   5,261,200"
"2518","202192","(주)메이사운드","   5,261,100"
"2519","550234","주식회사 우정산업테크","   5,260,300"
"2520","350439","엘이디플러스 주식회사","   5,259,700"
"2521","320142","(주)진성정보통신","   5,259,300"
"2522","111794","(주)아이정보기술","   5,258,900"
"2523","310942","(주)리버스톤미디어","   5,257,800"
"2524","111235","(주)오성에스이엠","   5,256,000"
"2525","350491","주식회사 도경","   5,255,800"
"2526","320369","주식회사 지우넷","   5,255,300"
"2527","111790","광운전자통신공사","   5,253,200"
"2528","550049","주식회사 아임톡","   5,253,100"
"2529","111424","시온정보통신(주)","   5,253,000"
"2530","330006","(주)글로벌넷","   5,252,100"
"2531","201439","주식회사 하이디앤지","   5,248,300"
"2531","202302","투앤원정보통신(주)","   5,248,300"
"2533","111196","(주)지엔티","   5,247,000"
"2534","203327","아이피119정보통신 주식회사","   5,245,400"
"2535","312528","다담마이크로 주식회사","   5,242,000"
"2536","312019","(주)루시드네트웍스","   5,240,900"
"2537","610005","(주)산들네트웍스","   5,239,700"
"2537","202920","주식회사 아우라네트웍","   5,239,700"
"2539","202609","주식회사 등대씨엔씨","   5,236,900"
"2540","110493","주식회사 나노테크","   5,236,700"
"2541","310830","(주)이화정보통신","   5,236,500"
"2542","130101","(주)예흥정보통신","   5,236,100"
"2543","120558","국제시스템(주)","   5,235,400"
"2544","311331","(주)에스제이정보기술","   5,232,600"
"2545","112353","주식회사 화진","   5,231,600"
"2546","350496","주식회사 쇼앤프루브","   5,231,200"
"2547","310602","(주)한소리","   5,228,600"
"2548","640121","주식회사 미디어웍스","   5,228,300"
"2549","130339","주식회사 려","   5,221,000"
"2550","140091","이리텔레콤(주)","   5,220,000"
"2551","420463","(주)라이크소프트","   5,219,200"
"2552","111784","(주)합동전자산업","   5,218,400"
"2553","111054","(주)태주이엔지","   5,217,900"
"2554","140129","(주)한양이앤시","   5,217,700"
"2555","310049","(주)두원네트워크","   5,215,200"
"2556","540300","영진종합건설(주)","   5,213,300"
"2557","120722","(주)인넷","   5,206,700"
"2558","311052","주식회사 서보","   5,206,200"
"2559","311353","(주)성혜정보통신","   5,203,200"
"2560","120438","(주)효성파워택","   5,200,900"
"2561","203674","대방산업개발 주식회사","   5,200,500"
"2561","350405","주식회사 더마크","   5,200,500"
"2563","200480","(주)아리시스","   5,198,200"
"2564","311591","유진전기(주)","   5,197,600"
"2565","201667","두레에스텍(주)","   5,196,400"
"2566","110576","(주)부광네트워크","   5,194,400"
"2567","200904","(주)왈도시스템","   5,194,000"
"2568","140071","남양건설(주)","   5,193,500"
"2568","202231","(주)다온에스디","   5,193,500"
"2570","200378","(주)뉴콤","   5,189,500"
"2571","203703","주식회사 코넨컴즈","   5,188,500"
"2572","200443","주식회사 에스앤아이코퍼레이션 (S&I Corp.)","   5,187,200"
"2573","200482","(주)대호씨앤씨","   5,186,800"
"2573","310150","(주)신한오엔씨","   5,186,800"
"2575","430233","(주)하나다","   5,183,700"
"2575","112921","주식회사 휴앤소프트","   5,183,700"
"2577","610238","(유)인켈정보통신","   5,182,600"
"2578","120358","(유)신아종합","   5,180,900"
"2579","112755","(주)다성아이앤에스","   5,180,600"
"2580","350044","주식회사 나래정보통신","   5,178,500"
"2580","150367","(주)경북정보통신","   5,178,500"
"2582","310948","(주)센코","   5,178,400"
"2582","203644","주식회사 이젬코(eGemco Co., Ltd.)","   5,178,400"
"2584","150689","에이치씨테크(주)","   5,177,900"
"2585","204150","주식회사 넷세이프(Netsafe Inc.)","   5,176,000"
"2586","320136","(주)씨노텍","   5,174,700"
"2587","311239","(주)인씨스","   5,174,000"
"2588","630180","근남정보기술 주식회사","   5,172,400"
"2589","140186","인터엠미디어(주)","   5,170,300"
"2590","202855","인강오디오 주식회사","   5,168,900"
"2591","201691","(주)이투워크솔루션","   5,168,100"
"2592","203577","주식회사 경인정보통신","   5,167,000"
"2593","630006","(주)한국정보통신","   5,166,600"
"2594","200979","주식회사 한빛정보통신","   5,166,100"
"2595","350338","주식회사 유한테크","   5,165,200"
"2596","201726","유넷시스(주)","   5,162,900"
"2597","150059","(주)화성통신","   5,162,500"
"2598","202076","(주)엘케이시스코","   5,160,800"
"2599","550018","(주)아이비즈","   5,157,700"
"2600","111629","오엔씨네트웍스(주)","   5,157,300"
"2601","140455","(주)메가정보통신","   5,156,200"
"2602","170197","관동OA정보통신","   5,155,500"
"2603","311632","(주)뉴콤시스","   5,155,200"
"2604","540273","주영통신","   5,153,000"
"2605","112923","도드람정보기술(주)","   5,152,700"
"2606","112071","새한에이브이텍(주)","   5,151,100"
"2607","311495","사단법인 한국사회적일자리개발원","   5,149,900"
"2608","550348","주식회사 스마트시큐리티","   5,149,500"
"2609","350125","(주)대해전기통신","   5,148,200"
"2610","550080","아이에스동서(주)","   5,144,000"
"2611","550310","주식회사 링크로드","   5,142,900"
"2612","203474","주식회사 마글론이에프씨","   5,140,900"
"2613","310818","(주)오앤씨테크","   5,138,800"
"2614","140241","주식회사 운경","   5,133,400"
"2615","510717","주식회사 케이엔엔","   5,132,800"
"2616","201483","(주)인스웨어","   5,130,700"
"2617","110502","(주)하남통신","   5,129,700"
"2618","200385","엠앨캐스트(주)","   5,129,300"
"2619","201414","(주)아이티앤씨","   5,128,000"
"2620","170073","해강정보통신(주)","   5,125,900"
"2621","202283","주식회사 세이콘","   5,123,300"
"2622","550502","주식회사 하영기업","   5,122,400"
"2623","420486","주식회사 케이쓰리아이(K3I. Co., Ltd.)","   5,121,800"
"2624","550142","올넷피아(주)","   5,121,200"
"2625","150670","에프티(주)","   5,121,000"
"2626","140004","주식회사 구성이엔씨","   5,120,500"
"2627","120038","(주)엠텍정보통신공사","   5,118,700"
"2628","610270","주식회사 퍼스트넷","   5,115,400"
"2629","201532","피에스텍(주)","   5,114,600"
"2629","550311","주식회사 디에스테크놀러지","   5,114,600"
"2631","111232","건웅정보통신(주)","   5,114,400"
"2632","202840","주식회사 아이에스디앤피","   5,114,300"
"2633","550141","주식회사 보금","   5,112,500"
"2634","202400","주식회사 칸씨앤에스","   5,110,700"
"2635","110227","(주)하이게인안테나","   5,110,200"
"2636","202292","혜윰이엔씨 주식회사","   5,109,000"
"2637","200045","(주)세명에스엠지","   5,104,200"
"2638","510390","(주)오성텔레콤","   5,103,200"
"2639","112340","(주)씨제이텔레콤","   5,100,000"
"2640","310845","주식회사 새롬정보기술","   5,099,100"
"2641","311908","(주)샘물정보통신","   5,098,300"
"2642","202318","(주)사운드플레이스","   5,096,800"
"2643","203227","주식회사 케이에이치정보통신","   5,096,700"
"2643","610024","디유씨앤아이티(유)","   5,096,700"
"2645","540024","주성전기통신(주)","   5,095,200"
"2646","140244","(주)대보","   5,089,500"
"2647","311348","주식회사 천호정보통신","   5,089,000"
"2648","201658","(주)인포월드","   5,087,800"
"2649","203232","주식회사 티엔에스솔루션","   5,087,100"
"2650","320483","주식회사 알앤에이시스템","   5,083,500"
"2651","311624","삼덕이엔티 주식회사","   5,080,300"
"2652","610276","주식회사 대호이엔지","   5,076,600"
"2653","111717","주식회사 이레정보통신","   5,075,400"
"2654","410013","(주)씨엠","   5,075,300"
"2655","330177","주식회사 에스비텍","   5,074,800"
"2656","530453","장원씨앤아이 주식회사","   5,074,600"
"2657","110368","(주)세아네트웍스","   5,072,700"
"2658","640021","(주)인포마인드","   5,072,400"
"2659","203300","주식회사 디제이파워","   5,070,500"
"2660","203620","주식회사 직방(ZIGBANG Co., Ltd.)","   5,069,800"
"2661","202829","씨큐리티 주식회사(CECURITI Co.,Ltd)","   5,069,500"
"2662","203196","주식회사 매사","   5,069,300"
"2663","120467","새한정보통신","   5,068,400"
"2664","201633","(주)세나텍","   5,066,200"
"2665","310448","주식회사 앤로보틱스 (NRobotics Co., Ltd.)","   5,066,100"
"2666","110299","한담건설(주)","   5,066,000"
"2667","110883","(주)대경통신","   5,065,400"
"2668","312266","주식회사 하이브웍스","   5,064,700"
"2669","112620","(주)유진솔루션","   5,064,600"
"2670","204119","주이스 주식회사","   5,063,500"
"2671","530239","주식회사 아남아이티","   5,061,500"
"2672","311870","(주)에스씨정보통신","   5,060,200"
"2673","130107","(주)제이씨정보통신","   5,059,500"
"2674","120329","주식회사 대경무선통신","   5,059,300"
"2674","330129","주식회사 지원방송(Gangwon No.1 Broadcasting Co.)","   5,059,300"
"2676","130025","일광전설(주)","   5,058,600"
"2677","610189","천연테크놀러지","   5,057,400"
"2678","550187","(주)경봉","   5,055,300"
"2679","530334","주식회사 엠제이비전테크(MJVisionTech Co.,Ltd.)","   5,052,400"
"2680","420424","주식회사 요타","   5,047,500"
"2681","620284","주식회사 쌍용소프트웨어","   5,046,000"
"2682","311790","뉴테크원","   5,043,500"
"2683","160049","(주)경원통신건설","   5,041,800"
"2684","150604","(주)경동정보기술","   5,041,000"
"2685","201309","(주)구주네트웍","   5,039,300"
"2686","620046","아라텔레콤(유)","   5,037,900"
"2687","113057","(주)강인정보통신","   5,037,600"
"2688","150221","(주)신성에스아이","   5,036,600"
"2689","203043","주식회사 아이비피","   5,035,900"
"2690","202512","(주)맑은기술","   5,035,100"
"2691","203142","주식회사 범무시스템","   5,034,500"
"2692","530172","(주)삼성오토홈시스템","   5,033,800"
"2693","203019","주식회사 아이티아이비전","   5,033,000"
"2694","610117","(주)경원시스템","   5,032,900"
"2695","540214","(주)다원코리아","   5,031,100"
"2696","610253","청명(주)","   5,030,400"
"2696","410301","한성건설(주)","   5,030,400"
"2698","150341","(주)동원시스템","   5,029,500"
"2698","200483","(주)비트엔","   5,029,500"
"2700","311425","주식회사 은하","   5,027,700"
"2701","311071","(주)한승","   5,023,700"
"2702","111180","현대파워텍(주)","   5,020,700"
"2703","200844","(주)이넷시스","   5,018,100"
"2704","120016","창조정보통신","   5,014,400"
"2705","550283","주아정보 주식회사","   5,013,900"
"2706","540394","주식회사 코베트","   5,013,500"
"2707","202052","(주)이미넷","   5,012,900"
"2708","630104","유한회사 시영","   5,012,700"
"2709","200612","(주)한포넷","   5,010,400"
"2710","620374","유한회사 스마트21","   5,009,800"
"2711","330148","(주)엔클라우드","   5,007,800"
"2712","630204","유한회사 에스티원","   5,007,000"
"2713","202166","(주)시큐렉스","   5,006,800"
"2714","540313","(주)그린이지","   5,005,900"
"2715","200279","주식회사 인콤","   5,001,600"
"2716","430085","(주)조양","   5,000,100"
"2717","201642","케이투웹테크(주)","   4,999,200"
"2718","610136","대신아이씨티(주)","   4,997,600"
"2719","311344","(주)디지텍코리아","   4,996,200"
"2720","311171","(주)씨티아이앤씨","   4,994,900"
"2721","610074","세종하이텍(주)","   4,994,500"
"2722","202325","주식회사 케이비티정보통신","   4,992,000"
"2723","200156","노드링크(주)","   4,986,100"
"2724","202606","(주)한빛에스아이","   4,985,300"
"2725","410364","주식회사 하이텍이엔지","   4,984,500"
"2726","410206","해유건설 주식회사","   4,984,100"
"2727","202770","(주)멕서스","   4,983,200"
"2728","310117","(주)시스매니아","   4,983,100"
"2729","420169","동천하이테크(주)","   4,982,500"
"2730","201799","(주)벤처씨엔씨프라자","   4,982,400"
"2731","201442","주식회사 티사이언티픽","   4,981,600"
"2732","311885","주식회사 엠에스코리아","   4,980,700"
"2733","160115","(주)삼원텔레콤","   4,980,100"
"2734","320233","주식회사 아트원테크","   4,978,900"
"2734","420321","주식회사 휴라","   4,978,900"
"2736","320127","유닉디지털(주)","   4,978,300"
"2737","610235","주식회사 아이씨티","   4,977,400"
"2738","201052","현대아이티에스전자(주)","   4,977,000"
"2739","310925","(주)아바비젼","   4,975,000"
"2740","200444","(주)이디엔텍","   4,971,400"
"2741","530067","(주)데이타솔루션","   4,969,700"
"2742","620018","(주)프로텍","   4,968,600"
"2743","311384","(주)제나드이엔씨","   4,968,400"
"2744","310247","주식회사로스텍","   4,967,800"
"2745","420338","주식회사 유엔아이티","   4,967,300"
"2746","180078","주식회사 에이스전기통신","   4,965,900"
"2747","510264","(주)티에프오네트웍스","   4,964,400"
"2748","130433","(주)아이티아이에스","   4,963,800"
"2749","420287","에이치피씨코리아 주식회사","   4,959,700"
"2750","610240","(주)한영기전","   4,958,800"
"2751","160100","(유)비츠","   4,957,900"
"2752","110331","엘에스일렉트릭 주식회사(LS ELECTRIC Co., Ltd.)","   4,957,000"
"2753","530328","(주)디에스티","   4,956,400"
"2754","630215","주식회사 아이엠시티","   4,955,400"
"2755","202743","(주)오엔에스","   4,954,300"
"2756","640167","주식회사 제주아이티엘","   4,953,900"
"2757","140304","(주)옵티링크","   4,953,600"
"2758","510372","(주)탑네트웍스","   4,953,200"
"2759","311538","옵티시스(주)","   4,953,100"
"2760","150603","대한정보통신","   4,952,800"
"2761","110216","(주)신정","   4,951,800"
"2762","620227","(주)수호정보통신","   4,949,300"
"2763","111068","(주)융시스템","   4,948,900"
"2764","320482","주식회사 에이치포넷(H4net Co., Ltd)","   4,948,400"
"2765","201727","(주)인스젠시스템즈","   4,946,500"
"2766","202976","굿어스데이터 주식회사","   4,946,000"
"2767","200710","(주)우경이엔에스","   4,945,400"
"2768","130338","(주)아주엔지니어링","   4,943,400"
"2769","410214","웨스글로벌(주)","   4,943,000"
"2770","200677","(주)엑스퍼넷","   4,940,600"
"2771","150617","(주)동아텔레콤","   4,937,800"
"2772","113221","(주)아이티맨","   4,936,700"
"2773","410276","(주)엘디티","   4,932,500"
"2774","310047","신명엔지니어링(주)","   4,931,000"
"2775","530343","주식회사 엔슨소프트","   4,930,200"
"2776","530204","(주)하영이앤아이","   4,930,000"
"2777","160054","(주)세움테크윈","   4,928,300"
"2778","310813","주식회사 에스티씨안산","   4,927,700"
"2779","420236","(주)나루테크","   4,926,200"
"2780","350467","주식회사 에스비트","   4,925,000"
"2781","111222","한국전기통신(주)","   4,924,900"
"2782","350147","(주)에펠","   4,924,700"
"2783","311322","주식회사 포커스에이아이 (FOCUS AI Co., Ltd.)","   4,924,000"
"2784","311990","주식회사 엘리커뮤니티","   4,923,600"
"2785","112297","(주)케이더블유엠산업기술","   4,922,000"
"2786","202039","(주)아이페이지온","   4,918,100"
"2787","540396","주식회사 삼덕테크윈","   4,914,100"
"2788","200117","주식회사 포인트정보","   4,914,000"
"2789","540442","주식회사 제이원아이씨티","   4,913,400"
"2790","530223","(주)대원통신","   4,913,300"
"2791","111182","부광이앤씨 주식회사","   4,912,600"
"2792","630112","(유)세아정보통신공사","   4,911,800"
"2793","550178","엔아이테크(주)","   4,910,400"
"2794","112445","엔탑정보통신(주)","   4,903,300"
"2795","203752","주식회사 알파코엠앤에스","   4,901,600"
"2796","140224","(주)현진하이테크","   4,900,300"
"2797","120703","(주)금강항해통신","   4,897,300"
"2798","410349","주식회사 소망정보통신","   4,897,100"
"2799","310844","(주)두리넷","   4,896,000"
"2800","510332","(주)아이엠아이씨티","   4,893,500"
"2801","200232","(주)신세계전기","   4,891,300"
"2802","330045","(주)강원전산원네트웍스","   4,890,300"
"2803","312118","주식회사 옥타곤솔루션","   4,888,300"
"2804","510628","일에이엔 주식회사","   4,888,000"
"2805","180015","인켈전기통신 주식회사","   4,886,800"
"2806","350036","(주)안","   4,885,900"
"2807","111252","케이씨에스통신기술(주)","   4,885,000"
"2808","203478","주식회사 온앤오프미디어","   4,883,500"
"2809","140053","(주)협진정보","   4,880,800"
"2810","130195","(주)영전정보통신","   4,877,000"
"2811","530385","주식회사 제이솔루션","   4,876,600"
"2812","201482","(주)오메카","   4,876,300"
"2813","510547","주식회사 델타텔링크","   4,874,300"
"2814","112409","(주)광운통신","   4,873,400"
"2815","202713","(주)다원시스","   4,873,000"
"2816","180049","(주)KCTV제주방송","   4,872,300"
"2817","140481","(주)에프에이이","   4,872,100"
"2818","120272","(주)명가씨앤씨","   4,871,000"
"2819","310508","(주)이에스텍","   4,870,400"
"2820","410290","주식회사 씨에이테크","   4,867,900"
"2821","620332","(주)광주자동화시스템","   4,867,800"
"2822","110978","삼화전기정보통신공사","   4,867,600"
"2823","550470","주식회사 서경아이티","   4,865,200"
"2824","312166","주식회사 디비콤","   4,862,500"
"2825","160117","(주)대원정보시스템","   4,862,200"
"2826","201408","(주)윈더스코리아","   4,859,500"
"2827","112514","주식회사 엑시큐어하이트론 (EXICURE HITRON INC.)","   4,858,400"
"2828","610424","주식회사 아이케이에스","   4,857,800"
"2829","320260","(주)두원계전","   4,857,300"
"2830","160032","(유)제일통신건설","   4,857,200"
"2831","111911","(주)지티일렉콘","   4,855,800"
"2832","140127","(주)하이텍아이디티","   4,855,000"
"2833","110050","광통신산업(주)","   4,853,700"
"2833","410294","주식회사 우진정보통신","   4,853,700"
"2835","130171","하나정보통신(주)","   4,853,400"
"2836","130464","(주)내포정보통신공사","   4,852,300"
"2837","510495","광림IMS","   4,851,500"
"2838","203728","스마트네트웍스 주식회사","   4,851,000"
"2839","530365","주식회사 디에스시스템","   4,850,900"
"2840","620306","주식회사 화인테크","   4,850,800"
"2841","630148","주식회사 제이케이데이터시스템즈","   4,849,300"
"2842","111358","(주)맥스컴텍","   4,848,800"
"2843","350264","주식회사 에스앤케이","   4,848,000"
"2844","110719","하이넷텍(주)","   4,847,800"
"2845","112748","주식회사 케이엠이엔지","   4,846,600"
"2846","201464","(주)이루기술","   4,846,400"
"2847","310612","선진테크1 주식회사","   4,843,200"
"2848","202352","엘비휴넷(주)","   4,842,400"
"2849","350331","주식회사 티원정보","   4,842,100"
"2850","203468","주식회사 버텍스아이디","   4,840,500"
"2851","440018","(주)프라임아이씨티","   4,837,400"
"2852","540284","(주)이현정보통신","   4,834,400"
"2853","310013","(주)강산아이티","   4,832,200"
"2854","350317","주식회사 신한전력","   4,830,900"
"2855","312144","주식회사 상도아이씨티","   4,830,700"
"2856","200566","주식회사 에스티아이넷","   4,829,000"
"2857","530048","(주)유정보통신","   4,828,600"
"2858","510005","주식회사 테라정보통신","   4,828,200"
"2859","112351","(주)동보안전","   4,827,500"
"2860","140499","(주)공간","   4,825,900"
"2861","620348","주식회사 등화","   4,825,300"
"2862","110453","주식회사 홍원테크 (Hongwon tech. Co. Ltd.)","   4,823,900"
"2863","202684","한경정보기술(주)","   4,822,200"
"2864","630055","(주)씨티정보통신","   4,822,000"
"2865","350271","주식회사 디비전기통신","   4,821,900"
"2866","112389","봉산통신 주식회사","   4,821,500"
"2867","620215","주식회사 성진테크","   4,821,200"
"2868","202710","(사)한국나눔복지연합회","   4,821,100"
"2869","201322","(주)아인스에스엔씨","   4,817,500"
"2870","550218","(주)인텍비전","   4,817,300"
"2871","110833","주식회사 동남이앤아이","   4,817,200"
"2872","510097","(주)다인정보","   4,816,300"
"2873","310576","(주)프로엘코리아","   4,813,800"
"2874","113339","주식회사 창우","   4,813,300"
"2875","200070","남성기전(주)","   4,809,900"
"2876","311942","엔에스게이트 주식회사","   4,808,800"
"2877","620025","(주)화인전자","   4,805,100"
"2878","330107","(주)케이엘","   4,804,800"
"2879","110037","현대정보산업(주)","   4,804,200"
"2880","420180","(주)케이에스솔루션","   4,803,200"
"2881","330244","주식회사 원진미디어","   4,803,100"
"2882","420090","앤디피에스(주)","   4,802,700"
"2883","350267","이피정보통신주식회사","   4,801,700"
"2884","201674","(주)테크스피어","   4,801,500"
"2885","150666","(주)누리이엔씨","   4,800,700"
"2886","410119","(주)서해정보통신","   4,800,500"
"2887","201693","(주)에스에이정보기술","   4,790,400"
"2888","530200","(주)이튜","   4,789,100"
"2889","150543","(주)동남무선통신","   4,788,900"
"2890","200401","(주)풀굿","   4,788,100"
"2891","430248","주식회사 한빛통신","   4,788,000"
"2892","311400","(주)태영정보통신","   4,787,700"
"2893","120071","국제미디어(주)","   4,787,200"
"2894","311305","(주)우보재난시스템","   4,786,100"
"2895","204038","주식회사 퍼스트엑씨앤씨","   4,784,500"
"2896","620324","사단법인 아이티 케어복지회","   4,783,900"
"2897","140424","(주)유림","   4,781,900"
"2898","112208","주식회사 북동","   4,778,300"
"2899","112509","(주)웹센","   4,778,100"
"2900","350265","(주)와이비테크","   4,777,800"
"2901","201440","포에스미디어(주)","   4,776,400"
"2902","150120","주식회사 이엔티원우","   4,775,100"
"2903","520080","주식회사 수주","   4,773,400"
"2904","203716","주식회사 네이즈 (NAIZ Co. Inc.)","   4,769,400"
"2905","200153","에스에스브이","   4,769,100"
"2906","410247","(주)그린넷","   4,766,600"
"2907","201282","(주)하이텍영상","   4,764,200"
"2908","110224","아이코리아(주)","   4,763,000"
"2909","203403","시스템어소시에이츠 주식회사","   4,761,300"
"2910","420378","명진아이텍 주식회사","   4,761,000"
"2911","610099","(주)명인","   4,758,800"
"2912","310668","(주)우진일렉트","   4,757,600"
"2913","202259","(주)이케이시스","   4,756,400"
"2914","150494","(주)아이티아이에스","   4,755,100"
"2915","202175","(주)모비젠","   4,754,400"
"2916","203594","주식회사 하이퍼월(Hiperwall korea co., Ltd)","   4,754,200"
"2917","203298","주식회사 다온테크놀로지","   4,754,100"
"2918","330015","대성정보통신(주)","   4,753,900"
"2919","430112","(주)미래아이앤씨","   4,753,200"
"2920","202181","(주)성진텔레콤","   4,750,600"
"2921","330192","(주)누리정보통신기술","   4,749,500"
"2922","610419","해동에너지 주식회사","   4,746,800"
"2923","201901","(주)코스모티어","   4,744,900"
"2924","112178","주식회사 씨에스산업","   4,742,100"
"2925","120698","(주)티아이에스","   4,741,300"
"2926","110662","주식회사 아스텍통신","   4,737,800"
"2927","520161","주식회사 나눔오토메이션","   4,736,600"
"2928","310103","(주)디지털미디어","   4,736,300"
"2929","203057","주식회사 하나아이씨티","   4,735,700"
"2930","201593","에이치케이전기통신(주)","   4,734,600"
"2931","310536","(주)이룸아이앤씨","   4,731,000"
"2932","203549","주식회사 투비","   4,729,700"
"2933","510733","주식회사 이지지오","   4,728,900"
"2934","120707","성웅기술","   4,727,400"
"2935","320474","주식회사 에스씨엠네트웍","   4,727,200"
"2936","330120","(주)스마트네트웍스","   4,725,500"
"2937","203795","주식회사 보스테크","   4,724,800"
"2938","312048","주식회사 다윈정보기술","   4,724,100"
"2939","112912","태화전력(주)","   4,723,800"
"2940","350079","(주)서돌전자통신","   4,723,000"
"2941","202951","주식회사 사운드레이스","   4,722,500"
"2942","200084","(주)포트론","   4,722,200"
"2943","150140","삼렬정보통신(주)","   4,722,100"
"2944","420326","주식회사 테크아이","   4,721,400"
"2945","203063","주식회사 도원디에스","   4,720,600"
"2946","510314","(주)다인정보통신","   4,718,100"
"2947","150497","주식회사 에이치아이티","   4,718,000"
"2948","113315","(주)신화","   4,717,400"
"2949","311874","주식회사 더포스","   4,717,100"
"2950","130122","(주)금성에이브이","   4,716,000"
"2951","550210","웅지전기","   4,715,600"
"2952","202862","이노넷 주식회사","   4,713,900"
"2953","350353","(주)에스오씨코리아","   4,711,400"
"2954","200164","이노컴퍼니(주)","   4,710,100"
"2955","430282","주식회사 다온아이티","   4,708,800"
"2956","120645","(주)영창시스템","   4,708,400"
"2957","120608","주식회사 유얼","   4,708,300"
"2958","311767","주식회사 지니가치","   4,708,200"
"2959","312567","주식회사 클라이브","   4,708,100"
"2960","330043","주식회사 엔테크","   4,706,500"
"2961","330088","동화정보통신 주식회사","   4,706,300"
"2962","430020","(주)이엔씨테크","   4,705,700"
"2963","200093","주식회사 맥서브 (Maxerve Co.,Ltd.)","   4,698,200"
"2963","201854","(주)세종네트웍","   4,698,200"
"2965","312457","주식회사 에스텍솔루션스(S Tech solutions Co., Ltd.)","   4,696,100"
"2966","610168","(주)무강기업","   4,694,800"
"2967","320521","주식회사 두힘","   4,694,700"
"2968","420269","주식회사 케이아이티","   4,693,600"
"2969","540333","주식회사 이디에스","   4,692,000"
"2970","420183","오조씨엔에스(주)","   4,690,600"
"2971","140044","나누리통신 주식회사","   4,690,400"
"2972","410064","주식회사 더아미","   4,688,900"
"2973","530306","주식회사 케이스마트피아(K-SmartPia CO., LTD)","   4,687,600"
"2974","150063","대경아이티 주식회사","   4,687,000"
"2975","311180","(주)코맥스씨에스","   4,684,700"
"2976","420148","주식회사 라온통신","   4,681,100"
"2977","310152","(주)가보테크","   4,680,500"
"2978","640074","(주)넥스트이지","   4,680,300"
"2979","112829","태광텔레콤(주)","   4,679,800"
"2979","111572","세원전설(주)","   4,679,800"
"2981","350105","주식회사 두레시스템","   4,679,100"
"2982","610186","(주)대웅정보통신","   4,678,900"
"2982","540010","(주)필립정보통신","   4,678,900"
"2984","202936","주식회사 코콤텍","   4,678,200"
"2984","311078","(주)듀얼에스디","   4,678,200"
"2986","320110","(주)미코정보통신","   4,678,100"
"2987","203867","성현시스템 주식회사","   4,677,900"
"2988","130201","(주)에스엘티","   4,677,200"
"2989","320056","주식회사 현승","   4,676,200"
"2990","420127","케이엘정보통신(주)","   4,675,400"
"2991","550220","명송테크 주식회사","   4,674,600"
"2992","310193","(주)태림네트웍스","   4,673,600"
"2993","311470","(주)서아정보통신","   4,673,200"
"2994","530182","(주)태성미디어","   4,671,000"
"2995","110250","(합자)대성전업상사","   4,670,000"
"2996","610106","주식회사 태경엔지니어링","   4,669,400"
"2997","113260","(주)아이젠테크","   4,669,000"
"2998","350498","주식회사 제이와이 정보통신","   4,666,800"
"2999","130111","(주)인석텔","   4,664,500"
"3000","170186","아인네트웍시스템(주)","   4,664,200"
"3000","610318","주식회사 인지솔루션","   4,664,200"
"3002","311111","(주)아이티아이씨앤씨","   4,663,000"
"3003","201247","미르네트웍(주)","   4,661,200"
"3004","110704","(주)한진전자산업","   4,659,900"
"3005","550116","주식회사 디제이아이","   4,658,000"
"3006","510404","주식회사 지온","   4,657,100"
"3007","420243","(주)유엠로직스","   4,656,600"
"3008","201961","(주)휴버텍","   4,656,200"
"3009","201512","(주)더블유에프텍","   4,655,600"
"3010","200043","(주)야베스케이","   4,655,400"
"3011","550115","(주)한길정보통신","   4,654,700"
"3012","430210","케이정보기술 주식회사","   4,653,400"
"3013","420240","주식회사 티제이비","   4,652,300"
"3014","350187","(주)베이직테크","   4,652,000"
"3015","130392","(주)시온","   4,649,500"
"3016","203428","주식회사 자이닉스","   4,649,100"
"3017","311089","(주)에스엔제이정보통신","   4,647,700"
"3018","150230","(주)화신","   4,646,100"
"3018","150622","그린컴퓨터시스템","   4,646,100"
"3020","130420","주식회사 금광테크","   4,645,700"
"3021","610227","주식회사 우원산업","   4,643,600"
"3022","310183","(주)문아이앤시","   4,643,500"
"3023","111032","화진정보통신","   4,642,500"
"3024","201661","(주)엘리시스","   4,642,400"
"3025","550318","주식회사 하나아이씨티","   4,642,000"
"3026","620091","지엘씨티 주식회사","   4,639,100"
"3027","201802","주식회사 에이테크정보기술","   4,638,600"
"3028","150069","(주)세계로","   4,637,400"
"3029","201623","(주)스마트게이트","   4,636,500"
"3030","160209","(주)리퓨터","   4,636,400"
"3031","150280","(주)구구이앤씨","   4,635,600"
"3032","110142","제이시스템 주식회사","   4,634,600"
"3033","550277","주식회사 아름","   4,634,500"
"3034","350420","주식회사 올댓씨큐리티","   4,634,000"
"3035","112580","청보음향(주)","   4,633,600"
"3036","202495","(주)이준시스템","   4,632,500"
"3037","420489","주식회사 케이웍스","   4,632,000"
"3038","530234","주식회사 유민아이티","   4,628,900"
"3039","202442","(주)성원네트웍스","   4,627,700"
"3040","200044","(주)라인정보시스템","   4,627,100"
"3041","202071","주식회사 휴먼아고스 (Human Agos Co., Ltd.)","   4,626,700"
"3042","201722","두레옵트로닉스(주)","   4,626,100"
"3043","310994","인텍전기전자(주)","   4,626,000"
"3044","310651","온새미정보통신(주)","   4,625,100"
"3045","110288","옥성정보통신(주)","   4,623,600"
"3046","410072","주식회사 예스에너텍","   4,623,400"
"3047","311929","(주)아이티센","   4,621,300"
"3048","311917","신광정보통신주식회사","   4,621,000"
"3049","311288","주식회사 새솔정보통신","   4,620,100"
"3050","312326","주식회사 코어","   4,619,000"
"3050","550197","한신정보(주)","   4,619,000"
"3052","203611","주식회사 제이원아이엔씨(J won INC Co,.Ltd)","   4,618,800"
"3053","201083","(주)키월드정보통신","   4,618,000"
"3054","203498","주식회사 니치테크","   4,617,500"
"3055","110177","주식회사 지티앤","   4,616,900"
"3056","311789","주식회사 윈코어","   4,615,400"
"3056","311462","(주)씨엠네트워크","   4,615,400"
"3058","140335","(주)동아이앤씨","   4,615,100"
"3059","630217","주식회사 지원정보통신","   4,614,500"
"3060","203961","주식회사 티오피아이앤씨","   4,614,000"
"3060","550024","(주)경원통신공사","   4,614,000"
"3062","130475","(합)북일정보통신","   4,613,000"
"3063","112866","위너시스텍(주)","   4,611,800"
"3064","311245","(주)유신씨앤씨","   4,608,700"
"3065","310428","(주)주영일렉트로닉","   4,607,100"
"3066","110565","에스케이(주)","   4,605,400"
"3067","202851","주식회사 우진지앤에스","   4,605,100"
"3068","140401","(주)전일통신공사","   4,601,600"
"3069","203362","주식회사 이텍피엔지","   4,600,900"
"3070","120622","(주)제일시스템","   4,600,300"
"3071","204003","주식회사 링크앤존","   4,598,900"
"3072","203719","주식회사 스마트정보기술","   4,598,800"
"3073","640010","(주)미르메이트","   4,597,600"
"3074","202853","주식회사 파워테크닉 (Powertechnique Co.,Ltd)","   4,597,100"
"3075","420010","주식회사 세종기술","   4,595,800"
"3076","110206","(주)우광","   4,595,600"
"3077","130134","(주)이지정보통신","   4,592,400"
"3078","630001","(주)영산시스템","   4,590,300"
"3079","610203","(주)에스에스이엔지","   4,588,300"
"3080","203201","주식회사 동탄이엔씨","   4,587,800"
"3080","520112","주식회사 울산전기통신","   4,587,800"
"3082","350434","(주)다산엔지니어링","   4,587,700"
"3083","630336","주식회사 지안솔루션","   4,584,200"
"3084","550135","주식회사 인하씨엔티","   4,583,800"
"3085","420487","주식회사 케이파트너","   4,583,100"
"3086","312306","제이케이씨 주식회사","   4,582,600"
"3087","610268","주식회사 세강엔지니어링","   4,581,600"
"3088","530044","(주)유한정보통신","   4,580,600"
"3089","510394","(주)이천정보통신기술","   4,577,700"
"3090","330268","주식회사 강화이앤씨","   4,577,200"
"3091","540183","(주)다윈","   4,575,700"
"3092","610067","(주)엘시스","   4,575,500"
"3093","320284","에이치제이정보통신 주식회사","   4,573,800"
"3094","150310","강남정보통신 주식회사","   4,572,300"
"3095","170050","주식회사 정오이엔씨","   4,571,700"
"3095","200654","주식회사 세이프원","   4,571,700"
"3097","150412","주식회사 창성이엔씨","   4,570,600"
"3098","550261","주식회사 신한전기통신","   4,569,100"
"3099","630159","주식회사 휴먼이엔지","   4,568,500"
"3100","202798","세인트로그 주식회사","   4,568,300"
"3101","203476","디스플레이허브 주식회사(Display Hub Ltd.)","   4,565,600"
"3102","203044","주식회사 엠씨에스텍","   4,561,200"
"3103","130070","(주)신호","   4,560,100"
"3104","440050","주식회사 엑스코어시스템 (XCore System co., Ltd.)","   4,559,800"
"3105","320240","주식회사 아이엠엔씨에스","   4,559,200"
"3106","311354","제이와이전력 주식회사","   4,558,700"
"3107","150592","주식회사 에스","   4,557,800"
"3108","610086","(주)비온시이노베이터","   4,556,200"
"3109","330247","주식회사 케이엠씨엔씨","   4,555,700"
"3110","350416","주식회사 삼양소방","   4,554,000"
"3111","112050","주식회사 서윤네트워크","   4,552,200"
"3112","510666","주식회사 유림인포텍","   4,551,700"
"3113","440023","(주)태승정보통신","   4,549,100"
"3114","312499","주식회사 엔틱이엔씨","   4,547,200"
"3115","620030","(주)유진시스템","   4,546,800"
"3116","420313","주식회사 승리정보통신","   4,545,900"
"3117","111140","대광정보시스템(주)","   4,545,700"
"3118","610282","아이티협동조합","   4,545,400"
"3119","620036","한양공영(주)","   4,543,900"
"3120","510027","삼성영상보안(주)","   4,541,700"
"3121","330017","세광정보통신(주)","   4,541,400"
"3122","540028","(주)훈민아이티","   4,539,000"
"3123","140388","(주)나우시스템","   4,538,500"
"3124","350165","(주)덕분이엔씨","   4,537,200"
"3125","540209","(주)두현아이티에스","   4,537,000"
"3126","140444","동원안전시스템(주)","   4,535,200"
"3127","530157","(주)퓨전소프트","   4,534,000"
"3128","320396","진형정보통신 주식회사","   4,532,500"
"3129","620080","(주)유현정보통신","   4,532,200"
"3130","203271","주식회사 케이엔피네트웍스","   4,530,400"
"3131","201266","주식회사 모리트","   4,529,200"
"3132","350213","(주)케이원시스템","   4,528,400"
"3133","410412","주식회사 아리바이오홀딩스","   4,528,000"
"3134","510689","아이티 월드(IT. WORLD)","   4,527,300"
"3135","113138","(주)동명텔레콤","   4,525,000"
"3136","311080","(주)국민이엠씨","   4,524,000"
"3137","113413","현대위성네트워크(주)","   4,519,800"
"3138","120531","(주)알이시스","   4,519,700"
"3139","530424","주식회사 에이아이정보기술","   4,518,500"
"3140","440036","에스엠테크 주식회사","   4,518,100"
"3141","430346","(주)이니텍","   4,517,900"
"3142","410073","(주)성우시스텍","   4,514,100"
"3143","311968","주식회사그라디안","   4,512,700"
"3144","330094","(합자)하나오에이정보통신","   4,512,100"
"3145","310453","(주)코스텍시스템","   4,509,900"
"3146","201692","(주)케이텍솔루션","   4,508,200"
"3147","440071","주식회사 다움정보통신","   4,507,600"
"3148","550167","동양기전(주)","   4,507,300"
"3149","201178","(주)신영이엔티","   4,507,000"
"3150","312092","(주)와이씨앤","   4,504,900"
"3151","140223","(주)대오","   4,504,100"
"3152","202733","디에스인포시스 주식회사(DS Infosys Co.,Ltd.)","   4,503,400"
"3153","311754","사회적협동조합 어우리","   4,502,800"
"3154","311661","(주)두리안정보기술","   4,501,800"
"3155","510482","(주)부영정보통신","   4,500,000"
"3156","420461","(주)윌코모시스템즈","   4,499,800"
"3157","520067","주식회사 거성정보통신","   4,499,700"
"3158","202249","(주)디케이아이테크놀로지","   4,499,500"
"3159","311349","주식회사 퍼스트네트워크","   4,499,100"
"3160","420168","(주)소프트아이텍","   4,498,200"
"3161","530353","국동이엔티(주)","   4,497,200"
"3162","110424","올래디오 주식회사(allRadio Co., Ltd.)","   4,496,300"
"3163","420081","(주)호경에스앤씨","   4,495,000"
"3164","150580","(주)대륜통신","   4,492,300"
"3165","203369","주식회사 씨앤아이플러스","   4,492,200"
"3166","630232","주식회사 이모션(e-motion Co.,Ltd.)","   4,492,000"
"3167","150510","(주)드림넷코리아","   4,491,500"
"3167","430284","주식회사 모아기술","   4,491,500"
"3169","330197","주식회사 지오멕스소프트","   4,491,000"
"3170","420362","주식회사 이룸전기통신","   4,490,800"
"3171","310978","주식회사 푸름넷","   4,490,400"
"3172","111474","삼성이앤에이 주식회사(SAMSUNG E&A CO., LTD.)","   4,490,200"
"3173","550185","(주)예스정보통신","   4,490,000"
"3174","330047","(주)동양기전","   4,488,400"
"3175","203305","주식회사 엠에프솔루션","   4,486,000"
"3175","310917","(주)엑스큐시스템","   4,486,000"
"3177","312231","주식회사 이노스(innos Co.,Ltd.)","   4,485,400"
"3178","312130","주식회사 다온전기통신","   4,485,000"
"3179","311421","(주)인더스비젼","   4,484,800"
"3180","310800","공간정보기술(주)","   4,483,500"
"3181","203619","주식회사 엑센솔루션","   4,483,100"
"3182","201100","(주)아이비넥스트","   4,482,700"
"3182","311810","재영전기주식회사","   4,482,700"
"3184","640150","(주)디엘에스","   4,481,800"
"3185","610111","남부전력 주식회사","   4,481,600"
"3186","112832","팍스코이앤아이(주)","   4,481,400"
"3187","200290","현대무벡스 주식회사(HYUNDAI MOVEX CO., Ltd.)","   4,481,000"
"3188","550312","(주)티엔에스","   4,480,100"
"3189","203696","주식회사 코맥스강북점 (COMMAX GangBuk Co.,Ltd.)","   4,479,200"
"3190","420374","주식회사 제이아이티","   4,478,500"
"3191","110537","(주)에스앤아이","   4,476,500"
"3192","201624","(주)씨앤피테크","   4,475,600"
"3193","610466","주식회사 이솔씨엔에스","   4,475,000"
"3194","510318","(주)블루앤시스","   4,474,300"
"3195","510470","(주)제이큐브데이터","   4,473,200"
"3196","620199","주식회사 광성시스템","   4,471,800"
"3197","130307","신화전자(주)","   4,471,600"
"3198","150630","휴먼테크(주)","   4,469,600"
"3199","420104","에이스기전(주)","   4,469,500"
"3200","420189","(주)케이엔비씨","   4,465,200"
"3201","312010","(주)유디엔에스","   4,464,400"
"3202","202464","(주)동진이앤티","   4,463,900"
"3203","202833","주식회사 수호이미지랩스 (Suho Image Labs Co.,Ltd)","   4,461,000"
"3204","330101","(주)희성","   4,459,400"
"3205","311736","주식회사 자인인더스트리","   4,458,400"
"3206","530383","(주)대양전기","   4,458,300"
"3207","112811","(주)한양인프라넷","   4,458,200"
"3208","110763","(주)효원엔지니어링","   4,456,700"
"3209","510654","(주)정원아이티","   4,456,500"
"3210","550240","(주)우남아이씨티","   4,455,300"
"3211","130489","신흥통신(주)","   4,452,600"
"3212","111833","(주)나라정보기술","   4,451,800"
"3213","110986","광명정보통신(주)","   4,451,100"
"3214","112121","(주)디에이치미디어테크","   4,450,700"
"3215","540072","주식회사 파스칼","   4,442,400"
"3216","520089","(주)좋은인프라","   4,441,400"
"3217","203701","디씨에스아이 주식회사","   4,438,800"
"3218","130253","(주)아이티이엔지","   4,438,600"
"3219","420233","(주)솔탑","   4,438,200"
"3220","202066","(주)아이에스인텍","   4,436,600"
"3221","112707","주식회사 한통","   4,436,400"
"3221","201761","주식회사 선광이엔지","   4,436,400"
"3223","530185","(주)하이네트웍","   4,436,300"
"3224","310601","시너지네트워크","   4,434,600"
"3225","203208","주식회사 기창인포텍","   4,433,600"
"3226","350324","(사)아름다움나눔협회","   4,433,500"
"3227","310426","이에스이(주)","   4,433,400"
"3228","630367","스마트솔루션 유한회사","   4,433,100"
"3229","410343","주식회사 경동이앤지","   4,428,200"
"3230","111105","진아이티(주)","   4,427,000"
"3230","510355","주식회사 세인","   4,427,000"
"3232","420155","(주)엔케이아이티","   4,426,400"
"3233","202953","주봉정보시스템 주식회사","   4,425,700"
"3234","540252","주식회사 네오정보통신","   4,423,900"
"3235","203204","주식회사 태영엔에스","   4,423,800"
"3236","202988","사단법인 대한장애인복지협회","   4,423,700"
"3237","640194","주식회사 낙원전기통신","   4,422,900"
"3238","610207","주식회사 온유정보","   4,422,400"
"3239","350189","(주)나비시스템","   4,422,200"
"3240","130250","(주)대흥전설","   4,421,800"
"3241","620048","(주)이노탑","   4,421,400"
"3242","170196","(주)형우통신","   4,421,100"
"3243","420195","(주)엘피에스","   4,419,000"
"3244","170119","(주)새론에스엔씨","   4,418,200"
"3244","310826","(주)지오엔지스","   4,418,200"
"3246","540106","유현아이티(주)","   4,413,800"
"3247","311077","(주)맥스이엔씨","   4,410,200"
"3248","201450","유화전력(주)","   4,409,900"
"3249","112776","주식회사 온산","   4,408,900"
"3250","160152","(주)라인인포","   4,408,200"
"3251","200715","(주)텔코아","   4,407,800"
"3252","510398","케이시스 주식회사","   4,405,700"
"3253","520191","주식회사 지앤아이","   4,404,900"
"3254","120700","(주)지와이코맥스","   4,403,600"
"3255","202975","굿어스스마트솔루션 주식회사","   4,402,900"
"3256","540122","(주)엘아이엔씨","   4,402,700"
"3257","610320","(주)하나전력","   4,401,500"
"3258","310504","(주)엑스코하이텍","   4,401,300"
"3259","550324","레보론","   4,399,000"
"3260","202670","파나소닉코리아(주)","   4,398,400"
"3261","330075","삼성통신기술(주)","   4,397,400"
"3262","140206","(주)수창미디어","   4,395,700"
"3263","201894","(주)가온아이","   4,394,200"
"3264","110579","주식회사 영진씨엔씨","   4,393,500"
"3265","312408","주식회사 티에스한영","   4,393,200"
"3266","620244","주식회사 오정건설","   4,392,300"
"3267","203155","주식회사 제이투시스템","   4,392,000"
"3268","311727","(주)비즈메이드","   4,391,800"
"3269","140344","(주)에이엠피","   4,391,700"
"3270","140362","주식회사 이엘","   4,390,500"
"3271","311451","스마트한(주)","   4,389,100"
"3272","550034","가온소프트(주)","   4,388,800"
"3273","112481","(주)지오시스템","   4,387,300"
"3274","312500","주식회사 이음일렉콤","   4,387,100"
"3275","310848","(주)씨엘시스템즈","   4,385,800"
"3276","310982","주식회사 에이스티앤비(ACE T&B)","   4,384,800"
"3277","510101","주식회사 스카이엔에스","   4,384,300"
"3278","530037","한국안전기술네트(주)","   4,383,800"
"3279","120220","메타콤 주식회사","   4,382,800"
"3280","510227","우성에스앤지(주)","   4,379,500"
"3280","201386","(주)동명텔레콤","   4,379,500"
"3282","620182","광은비지니스(주)","   4,379,300"
"3283","350366","주식회사 아이원코리아","   4,378,900"
"3284","320179","주식회사 보아정보기술","   4,377,000"
"3285","410029","(주)삼성테크","   4,376,000"
"3286","130315","누리정보통신(주)","   4,375,700"
"3287","510016","(주)진 솔루션","   4,375,300"
"3288","203822","위더스컴퓨터 주식회사","   4,375,200"
"3289","201226","비젼텔링크(주)","   4,369,300"
"3290","310988","(주)트래콘건설","   4,368,300"
"3291","160114","(주)온시스템즈","   4,366,900"
"3292","200875","현대디지텍코어(주)","   4,365,300"
"3293","202954","주식회사 지에프씨코리아(GFC KOREA Co., Ltd.)","   4,364,700"
"3294","112926","(주)동국일렉콘스","   4,362,700"
"3295","311081","오픈스택(주)","   4,362,000"
"3296","203272","주식회사 주연전자서비스","   4,361,100"
"3297","540124","(주)파워텔레콤","   4,360,700"
"3298","530283","(주)대명이엔씨","   4,360,300"
"3299","420049","(주)지오정보통신","   4,360,200"
"3300","111002","새천년이엔씨(주)","   4,356,900"
"3301","510210","(주)조은시스템","   4,355,600"
"3302","310947","주식회사 블루웍스 (Blue Works .CO.,LTD)","   4,353,400"
"3303","310551","(주)듀얼아이","   4,353,000"
"3304","510181","(주)한라씨앤씨","   4,352,400"
"3304","312327","엑티브아이티 주식회사","   4,352,400"
"3306","201242","(주)이레씨즈","   4,352,300"
"3307","420360","주식회사 아이티케어","   4,350,200"
"3308","510758","주식회사 에이엑스네트웍스","   4,349,900"
"3309","200011","에이원네트워크(주)","   4,348,800"
"3310","510137","(주)나인텔레콤넷","   4,347,700"
"3311","202880","다린전력 주식회사","   4,347,300"
"3312","620013","주식회사 엔텍","   4,345,800"
"3313","430133","(주)연우정보","   4,343,900"
"3314","202321","(주)제이에스지테크","   4,342,800"
"3315","420048","(주)수경테크","   4,337,000"
"3316","202941","주식회사 엔하스","   4,335,100"
"3317","150377","동음전자","   4,334,200"
"3318","311568","(주)마루솔루션","   4,331,100"
"3319","112623","(주)한양티이씨","   4,329,600"
"3320","201012","(주)시에나텔레콤","   4,329,200"
"3321","203216","주식회사 디비인솔(DB Insoul Co., Ltd.)","   4,327,800"
"3321","430002","(주)두성이앤씨","   4,327,800"
"3323","311735","주식회사 경인텔레콤","   4,326,900"
"3324","202805","주식회사 피에스콤","   4,322,900"
"3325","530088","(주)청우정보시스템","   4,322,600"
"3326","180071","티엔정보기술(주)","   4,321,600"
"3327","410028","주식회사 한백시스템","   4,321,000"
"3328","200497","(주)디제이티","   4,320,300"
"3329","200795","(주)네오인아이텍","   4,319,800"
"3330","203657","주식회사 케이티클라우드(kt cloud Co.,Ltd)","   4,319,700"
"3331","610315","주식회사 제이엠테크","   4,319,300"
"3332","111844","염광전기통신(주)","   4,318,100"
"3333","530392","(주)융합기술","   4,316,700"
"3334","420455","주식회사 드림솔루션","   4,316,400"
"3335","110401","(주)성화","   4,316,300"
"3335","120701","승리정보통신(주)","   4,316,300"
"3337","200770","동해아이앤티(주)","   4,315,000"
"3338","312235","주식회사 세진테크","   4,313,100"
"3339","420419","주식회사 혼정보통신","   4,311,900"
"3340","430103","주식회사 신보산업","   4,311,400"
"3341","550356","조아텍(주)","   4,310,800"
"3342","111107","(주)코맥스정보통신","   4,310,000"
"3343","111188","주식회사 아빅스","   4,308,100"
"3344","610292","주식회사 세은정보기술","   4,307,700"
"3345","112229","(주)근영이엔씨","   4,307,600"
"3346","320102","매스콤시스템(주)","   4,307,100"
"3347","140029","(주)하나정보통신","   4,307,000"
"3348","540203","(주)나우(NAWOO)","   4,306,900"
"3349","110438","협진통신(주)","   4,306,400"
"3350","640045","(주)엠비에스","   4,305,000"
"3351","203659","주식회사 트러스(TRUSS Inc.)","   4,303,800"
"3352","311922","대은전자 주식회사","   4,301,700"
"3353","311153","(주)디투이노베이션","   4,301,100"
"3354","430123","주식회사 진영에스아이티","   4,301,000"
"3355","202021","(주)데스카","   4,300,400"
"3356","550289","주식회사 넥스에이아이티","   4,298,700"
"3357","203177","주식회사 튠미디어","   4,298,500"
"3358","350226","(주)성신전업","   4,298,300"
"3359","150384","경안정보기술(주)","   4,297,900"
"3360","310918","대호씨엔씨 주식회사(DAEHO C&C Co.Ltd.)","   4,296,800"
"3361","540204","에이존테크(주)","   4,296,700"
"3362","620323","디에스종합건설(주)","   4,296,600"
"3363","130187","서원정보통신(주)","   4,296,100"
"3364","620340","주식회사 엘렉슨미디어테크","   4,295,500"
"3365","350261","광영정보통신 주식회사","   4,295,400"
"3366","200865","(주)삼구정보통신","   4,294,600"
"3367","120114","(주)세인텍","   4,292,000"
"3368","550267","주식회사 파로스","   4,291,200"
"3369","310304","(주)티지에스","   4,290,100"
"3370","311120","(주)아즈넷","   4,289,800"
"3371","203670","비욘드데이터 주식회사","   4,288,200"
"3372","350026","주식회사하이패스텔","   4,287,900"
"3373","120065","(주)임택전기통신","   4,287,800"
"3374","530010","(주)화성개발","   4,287,300"
"3375","610220","(주)위너스엔지니어링","   4,286,100"
"3376","311825","아룸테크 주식회사","   4,285,400"
"3377","110259","(주)대진정보텔레콤","   4,284,400"
"3378","110456","주식회사 한통엔지니어링","   4,284,000"
"3379","202989","에이케이아이에스 주식회사","   4,283,700"
"3380","320354","(주)이언시스템","   4,283,300"
"3381","202079","(주)펀진","   4,283,000"
"3382","120129","오경이에스티 주식회사","   4,282,900"
"3383","311771","(주)이젠트리","   4,282,600"
"3383","180067","(주)영재정보통신","   4,282,600"
"3385","520037","태진미디어통신(주)","   4,281,100"
"3386","330213","주식회사 다인이엔에스","   4,279,700"
"3387","550336","주식회사 제일정보통신","   4,279,500"
"3388","550027","주식회사 명신이앤씨","   4,278,900"
"3389","420003","(주)좋은소리","   4,278,300"
"3390","120053","(주)삼우통신","   4,277,400"
"3390","113231","(주)테크미컴","   4,277,400"
"3392","112634","(주)참정보통신","   4,276,400"
"3393","510441","주식회사 유원씨앤씨","   4,276,300"
"3394","330270","(주)에스앤씨텍","   4,276,200"
"3395","350412","주식회사 지에프에스","   4,275,300"
"3396","113079","주식회사 두울","   4,271,800"
"3397","140422","삼영마린통신","   4,270,200"
"3398","350432","(주)오토게이트","   4,268,800"
"3399","201682","(주)태산이에이지","   4,268,400"
"3400","202566","(주)라코스시스템","   4,268,300"
"3401","202856","주식회사 마커스코리아","   4,267,400"
"3402","170126","금부전자통신(주)","   4,266,600"
"3403","112576","(주)윈플러스정보기술","   4,264,300"
"3404","350223","(주)콘포테크","   4,263,500"
"3405","420027","(주)대원정보기술","   4,263,400"
"3406","311119","(주)대성인포텍","   4,262,400"
"3407","530216","(주)씨엔비테크","   4,262,000"
"3408","202877","주식회사 한성기술개발","   4,261,800"
"3409","130445","티엔에스(주)","   4,261,600"
"3410","203761","주식회사 씨에이웨이브","   4,259,800"
"3411","310375","(주)씨케이테크피아","   4,259,000"
"3412","330237","주식회사 포인정보","   4,258,000"
"3412","310175","에스케이하이스텍(주)","   4,258,000"
"3414","510481","(주)씨텍","   4,256,700"
"3415","201752","(주)다산에스알","   4,255,900"
"3416","120746","(주)동성씨앤티","   4,254,900"
"3417","120369","(주)턴온전자","   4,254,700"
"3418","311206","(주)이츠","   4,254,500"
"3419","420279","주식회사 세원그룹","   4,252,600"
"3420","150130","(주)혜성정보통신","   4,252,300"
"3421","150319","(주)운산이엔씨","   4,251,500"
"3421","320124","(주)티엔아이넷","   4,251,500"
"3423","180066","주식회사 천우","   4,250,800"
"3424","510518","(주)일신기전","   4,250,000"
"3425","550216","미래전기주식회사","   4,249,700"
"3426","160196","(유)동아테크놀로지","   4,247,300"
"3427","312249","우암건설 주식회사","   4,246,700"
"3428","410229","(주)아이티마인드","   4,244,300"
"3429","203724","주식회사 다구현","   4,243,000"
"3430","520011","(주)삼경통신","   4,242,900"
"3431","310344","(주)웨더링크","   4,242,800"
"3432","311467","(주)다원아이엔씨","   4,239,300"
"3433","530101","(주)동서개발","   4,239,200"
"3434","510596","경동아이티 주식회사","   4,238,000"
"3435","140367","(주)나산이엔씨","   4,237,800"
"3436","150313","(주)성화이아이","   4,235,500"
"3437","200270","(주)에스에이텍","   4,235,400"
"3437","420291","덕산넵코어스 주식회사 (DUKSAN NAVCOURS CO.,LTD.)","   4,235,400"
"3439","312384","주식회사 상진이노베이션","   4,234,600"
"3440","202846","주식회사 미래엘케이시스템","   4,234,000"
"3441","180040","(주)제주안전시스템","   4,233,700"
"3442","350352","주식회사 지바오텍","   4,233,600"
"3443","203368","주식회사 노비텍","   4,232,800"
"3444","113478","윈스로드(주)","   4,231,800"
"3445","350197","(주)지앤에스이엔지","   4,230,500"
"3446","202068","(주)상부사종합건설","   4,230,300"
"3447","312515","주식회사 아람기술","   4,229,300"
"3448","130511","(주)웰정보통신","   4,228,700"
"3449","330142","한빛통신(주)","   4,228,100"
"3450","311270","(주)씨에스이엔지","   4,227,700"
"3451","530444","주식회사 다올인포텍","   4,227,200"
"3452","410133","디씨티준오 주식회사","   4,226,600"
"3453","202575","(주)원정보기술원","   4,225,900"
"3454","311366","에임시스템(주)","   4,225,600"
"3455","311129","(주)원업솔루션","   4,225,000"
"3456","112334","(주)명성","   4,224,900"
"3457","311579","(주)새빛테크놀러지","   4,223,400"
"3458","110637","(주)홍진전기","   4,221,300"
"3459","620064","(주)대덕지에스","   4,221,100"
"3460","110548","일조텔레콤(주)","   4,220,500"
"3461","200661","(주)서드웨이브","   4,218,700"
"3462","330297","주식회사 세종아이티","   4,217,600"
"3463","201306","(주)아트웨어","   4,216,800"
"3464","311859","주식회사 미소기술공사","   4,215,300"
"3465","640079","쓰리에스텍(주)","   4,212,700"
"3466","203400","삼동흥산 주식회사","   4,212,300"
"3466","540290","금수티아이 주식회사","   4,212,300"
"3468","510147","(주)유니스디","   4,212,200"
"3469","520092","유비네트웍스(주)","   4,209,100"
"3470","130393","(주)하나정보통신","   4,207,400"
"3471","610015","(주)대아전력","   4,207,100"
"3472","202238","(주)엔터그레인","   4,206,800"
"3473","140037","(주)송림정보통신","   4,206,100"
"3474","111069","대영유비텍(주)","   4,204,000"
"3475","350515","주식회사 씨엔컴즈","   4,203,900"
"3476","540166","(주)삼보정보통신","   4,203,000"
"3477","312027","고구려엔지니어링 주식회사","   4,200,400"
"3478","640099","주식회사 신설","   4,199,600"
"3479","350422","주식회사 씨엔테크","   4,197,300"
"3480","111744","(주)세빛전자통신","   4,197,000"
"3481","202416","에스큐앤티(주)","   4,194,800"
"3482","630252","유한회사 이디네트웍스","   4,193,300"
"3483","420346","주식회사 이룸아이씨티","   4,191,600"
"3484","204034","주식회사 이제이엔넷","   4,191,300"
"3485","530386","주식회사 에스엔텍","   4,190,300"
"3486","311438","(주)파이더스","   4,189,800"
"3487","310361","주식회사 쏜다 (SONDAR Co., Ltd.)","   4,189,500"
"3488","120131","(주)광양","   4,189,300"
"3489","120710","(주)온누리컴","   4,189,200"
"3489","201031","(주)혜인에스앤에스","   4,189,200"
"3491","203881","엔트로링크 주식회사","   4,188,000"
"3492","540427","주식회사 클립이엔지","   4,187,600"
"3493","111267","문엔지니어링(주)","   4,186,000"
"3494","630203","주식회사 시온","   4,185,600"
"3495","350426","봉신이앤씨(주)","   4,185,300"
"3496","311768","주식회사 조인잇","   4,184,700"
"3497","350081","비제이에코텍 주식회사","   4,184,400"
"3498","111765","(주)우리기업","   4,183,600"
"3499","430181","(주)제로정보기술","   4,183,500"
"3500","201979","(주)링크씨앤아이","   4,183,000"
"3501","203947","주식회사 포바이포 (4by4 Inc.)","   4,182,300"
"3502","180032","(주)대성정보기술","   4,181,700"
"3503","311574","(주)유니콤","   4,179,400"
"3504","110810","대한신호(주)","   4,178,600"
"3505","310483","코드네트웍스 주식회사","   4,178,200"
"3506","113172","(주)고려네트웍스","   4,176,400"
"3507","200063","(주)정운정보통신","   4,175,700"
"3508","111451","주식회사 한양전자피에이","   4,175,100"
"3509","113384","(주)다우텔레콤","   4,174,600"
"3510","150392","(주)대전사","   4,173,500"
"3511","204000","창희파워 주식회사","   4,173,400"
"3512","202511","(주)에스에이치전기","   4,173,100"
"3513","112217","엠에스전자통신(주)","   4,170,900"
"3514","203943","주식회사 상상솔루션","   4,170,500"
"3515","410006","(주)씨.에스시스템","   4,170,200"
"3516","610231","주식회사 남악테크","   4,169,800"
"3517","201392","에스지씨이앤씨 주식회사 (SGC E&C Co., Ltd.)","   4,169,500"
"3518","203082","주식회사 엘토브","   4,169,300"
"3519","510091","(주)투위즈넷","   4,168,400"
"3520","112373","(주)대운전설","   4,168,300"
"3520","140220","(주)청산뉴미디어","   4,168,300"
"3522","530269","주식회사 비손정보통신","   4,167,600"
"3523","310063","주식회사 피코씨엔아이","   4,165,900"
"3524","311643","주식회사 상지이엔씨","   4,165,000"
"3525","200702","(주)시원에스알아이","   4,163,500"
"3526","202520","주식회사 엔큐씨","   4,163,300"
"3527","350297","(주)에스티엔아이","   4,162,100"
"3528","540483","주식회사 이엔아이미디어","   4,161,800"
"3529","540062","주식회사 티에스","   4,161,500"
"3530","200390","한국랜트로비젼(주)","   4,161,000"
"3531","312532","세종네트웍스 주식회사","   4,160,700"
"3532","610123","(주)호경","   4,157,600"
"3533","630179","주식회사 금강정보통신","   4,155,500"
"3533","310864","동원건설산업(주)","   4,155,500"
"3535","140054","광주정보통신(주)","   4,153,700"
"3536","200074","(주)디지털우민","   4,152,200"
"3537","201740","(주)에이원아이티","   4,152,000"
"3538","430120","(주)이씨티","   4,148,300"
"3539","203411","주식회사 파인드텍","   4,145,200"
"3540","200514","주식회사 리드앤컴퍼니","   4,145,000"
"3541","140197","(유)무궁화통신건설","   4,143,200"
"3542","310798","주식회사 씨엔에스전기통신","   4,140,400"
"3543","330064","(주)범산","   4,140,300"
"3544","510715","주식회사 아이시큐","   4,139,600"
"3545","312252","제이디건설산업 주식회사","   4,136,200"
"3546","320216","(주)희수정보통신","   4,135,500"
"3547","430353","주식회사 열린정보기술","   4,133,700"
"3548","203443","한국방송통신산업협동조합","   4,132,000"
"3549","510516","(주)주원정보통신","   4,130,700"
"3550","312093","주식회사 위플러스","   4,129,000"
"3551","120523","대성텔레콤(주)","   4,127,900"
"3552","320345","주식회사 세아정보통신","   4,127,200"
"3553","203855","주식회사 유콘텍","   4,126,700"
"3554","550109","FT MARINE","   4,124,800"
"3555","540061","금강기술 주식회사","   4,124,400"
"3556","311969","주식회사 지니테크","   4,124,000"
"3557","310841","(주)민현테크","   4,123,600"
"3558","510365","유원이엔씨 주식회사","   4,123,300"
"3559","310178","(주)에디넷","   4,122,000"
"3560","430144","(주)시대정보통신","   4,121,900"
"3561","140141","세진네트웍스 주식회사","   4,121,100"
"3562","311026","에이스테크(주)","   4,120,600"
"3563","320180","주식회사 엠비아테크","   4,118,900"
"3564","620258","주식회사 포디텍","   4,117,400"
"3565","550333","주식회사 아이피캠프(IP Camp)","   4,114,500"
"3566","111530","대한민국상이군경회","   4,113,900"
"3567","203889","더파트 주식회사 (THE PART)","   4,112,300"
"3568","540271","(주)블루웨이","   4,111,700"
"3569","630297","유한회사 시온이엔씨","   4,110,400"
"3570","420288","주식회사 과학기술분석센타","   4,110,300"
"3570","112462","서우통신 주식회사","   4,110,300"
"3572","510110","블루센 주식회사 (Bluesen Co.,Ltd.)","   4,109,400"
"3572","200996","퍼스트아이앤씨(주)","   4,109,400"
"3574","420088","(주)옴니테크","   4,108,100"
"3575","170142","(주)일성텔레콤","   4,107,300"
"3576","350233","하나아이씨티","   4,107,100"
"3577","510632","주식회사 젠투","   4,106,700"
"3578","620205","주식회사 서진건설","   4,106,300"
"3579","620099","(주)지후","   4,105,900"
"3580","610144","(주)금호전력","   4,105,400"
"3581","150074","영남정보통신(주)","   4,103,600"
"3582","540189","인켈정보통신(주)","   4,102,200"
"3583","113250","네오에스티엠(주)","   4,101,300"
"3584","120325","(유)수호안전","   4,100,600"
"3585","120137","주식회사 주연","   4,100,500"
"3586","420122","(주)에즈웰","   4,100,400"
"3587","120458","(주)누리아이코리아","   4,100,200"
"3588","130153","주식회사 케이디지","   4,099,200"
"3589","540305","(주)씨티에스","   4,099,000"
"3590","120846","대성아이넷(주)","   4,098,300"
"3591","311808","주식회사 아이엘미디어","   4,097,900"
"3592","320389","주식회사 건하정보통신","   4,097,600"
"3593","113325","(주)지에프전력","   4,096,700"
"3594","540243","유징테크(주)","   4,096,600"
"3595","200488","(주)제일첨단테크","   4,094,800"
"3596","201245","(주)동화전설","   4,093,500"
"3597","610034","주식회사 로뎀씨엔씨","   4,091,800"
"3598","610288","주식회사 제온기술","   4,089,200"
"3598","311226","(주)테크인","   4,089,200"
"3600","311553","(주)네오아이에스","   4,088,800"
"3601","620377","주식회사 에프엔에스","   4,086,900"
"3602","200833","호근전기(주)","   4,085,700"
"3602","410053","유일엔지니어링(주)","   4,085,700"
"3604","550148","주식회사 백운전기통신","   4,083,800"
"3605","201960","주식회사 대운텔레시스(Dae Un Telesis Co., Ltd.)","   4,082,600"
"3606","200681","(주)신관산업","   4,080,400"
"3607","120395","(주)은광유비텍","   4,078,400"
"3608","120564","(주)제일정보통신","   4,077,400"
"3608","110204","태현정보통신(주)","   4,077,400"
"3610","520175","주식회사 인사이트온","   4,076,800"
"3611","420231","위즈테크놀로지(주)","   4,075,500"
"3612","202434","블루넷테크놀러지(주)","   4,074,100"
"3613","203669","주식회사 테크인스","   4,074,000"
"3614","150572","(주)라산전공","   4,073,900"
"3615","111193","주식회사 양지","   4,073,100"
"3616","150629","(주)미래이엔씨","   4,072,700"
"3617","420406","주식회사 한선이엔지","   4,072,000"
"3618","203971","주식회사 코리아아이씨티","   4,071,700"
"3619","110007","주식회사 더블유엔에스","   4,070,600"
"3620","510535","(주)명도정보통신","   4,068,600"
"3621","620307","주식회사 대덕전산","   4,067,700"
"3622","311706","(주)보고텍","   4,066,100"
"3623","510627","주식회사 에이티지","   4,065,700"
"3624","510051","(주)부일아이티","   4,065,200"
"3625","510059","주식회사 마테라아이티","   4,064,300"
"3626","202103","(주)위드네트웍스","   4,064,200"
"3627","540235","주식회사 벨류데이터","   4,063,000"
"3628","150446","삼덕정보통신(주)","   4,062,300"
"3629","202159","주식회사 글로웰시스템","   4,061,800"
"3630","610269","주식회사 그린에코텍","   4,060,800"
"3631","350408","주식회사 승현시스템","   4,059,900"
"3632","312056","주식회사 엔에프","   4,055,000"
"3633","311258","(주)에스티엔비","   4,053,700"
"3634","550334","주식회사 엔씨에스(NCS Co., Ltd)","   4,053,100"
"3635","113391","보스시큐리티(주)","   4,052,100"
"3636","202256","(주)경일전공","   4,051,800"
"3637","610407","주식회사 원탑정보기술","   4,051,100"
"3638","530201","주식회사 에스에이취 (SH)","   4,050,900"
"3639","204053","주식회사 한창기전","   4,050,300"
"3640","203937","주식회사 큐빅테크","   4,049,200"
"3641","203231","주식회사 벨아이앤에스","   4,048,400"
"3642","112236","(주)제일","   4,047,400"
"3643","170124","(주)유아이","   4,045,700"
"3644","630185","사단법인 꿈드래장애인협회","   4,044,800"
"3645","113121","(주)비욘드커뮤니케이션","   4,044,400"
"3646","520104","하이퍼미디어","   4,043,200"
"3647","550043","주식회사 우리통신","   4,042,600"
"3648","311075","에스피티씨(주)","   4,041,900"
"3649","350482","(주)피에스아이티","   4,041,500"
"3650","120711","(주)서경방송","   4,041,300"
"3651","410304","주식회사 공감아이티","   4,038,500"
"3652","201818","(주)피앤디아이앤씨","   4,037,700"
"3653","202356","(주)큐오텍","   4,037,100"
"3654","111695","세기정보통신(주)","   4,035,800"
"3655","201636","티에스퓨처(주)","   4,034,600"
"3656","120478","주식회사 세이브앤태원","   4,034,500"
"3657","311272","(주)하픽스","   4,034,300"
"3657","550075","(주)프로웰","   4,034,300"
"3659","150615","(주)나래","   4,033,700"
"3660","150084","(주)케이씨티","   4,033,300"
"3661","630008","주식회사 엘에프엔지니어링","   4,032,500"
"3662","110181","(주)세영통신","   4,032,400"
"3663","202117","아이투케이코리아(주)","   4,032,100"
"3664","310240","주식회사 건인티엔에스","   4,030,800"
"3665","610178","(주)세아정보기술","   4,029,300"
"3666","620040","(주)모든테크","   4,028,700"
"3667","310018","(주)지성정보통신","   4,025,700"
"3668","350082","(주)두주시스템","   4,025,500"
"3669","610383","주식회사 태화산업","   4,025,000"
"3670","150205","(주)대광시스템","   4,024,700"
"3671","202048","신호시스템(주)","   4,023,800"
"3672","550090","(주)제이엠텔레콤","   4,021,800"
"3673","112326","(주)알엠케이","   4,020,300"
"3674","312137","주식회사 태연","   4,019,300"
"3675","320329","(주)이너트론","   4,015,900"
"3676","201250","(주)아이제이일렉트론","   4,015,300"
"3677","410104","엘림네트웍스","   4,014,500"
"3678","310238","주은통신기술 주식회사","   4,013,600"
"3679","203568","주식회사 에이치엔와이(H&Y)","   4,013,500"
"3680","630229","주식회사 신화이앤씨","   4,011,800"
"3681","113084","코스모스티이에스(주)","   4,010,800"
"3682","200010","(주)가디엘","   4,009,600"
"3683","111862","지엔네텔(주)","   4,008,100"
"3684","410205","(주)파인정보통신","   4,006,400"
"3685","203691","주식회사 한강기전","   4,006,200"
"3686","440056","(주)태성정보통신","   4,006,000"
"3687","310897","(주)이루온","   4,005,100"
"3688","311196","(주)이노테크","   4,004,200"
"3689","550081","(주)대하정보통신","   4,003,900"
"3690","111545","남광정보통신(주)","   4,003,700"
"3691","110752","(주)넥선","   4,003,600"
"3692","201472","주식회사 시큐어원","   4,000,600"
"3693","201858","세움기술(주)","   3,999,600"
"3694","202703","주식회사 미강전력","   3,999,300"
"3695","203628","주식회사 아이버스씨앤아이(AIBUS CnI)","   3,998,600"
"3696","420192","(주)이오정보통신","   3,998,000"
"3697","202399","솔텍인포넷(주)","   3,995,900"
"3698","310027","주식회사 엠앤제이테크","   3,994,500"
"3699","160034","(주)중앙통신건설","   3,994,200"
"3700","111074","주식회사 애드테크","   3,994,000"
"3701","112069","(주)아이엘에스씨","   3,993,600"
"3702","311039","주식회사 두레이앤씨","   3,992,300"
"3703","112424","(주)동양산전","   3,991,500"
"3704","620154","동아비쥬얼테크놀로지(주)","   3,991,400"
"3705","204111","주식회사 모두아이티(ModuIT Co., Ltd.)","   3,991,200"
"3706","202402","(주)브레인컨설팅","   3,991,000"
"3707","520046","영창전설(주)","   3,989,000"
"3708","312176","주식회사 개성건설","   3,987,400"
"3708","510058","삼성지투비(주)","   3,987,400"
"3710","530325","시큐어텍","   3,986,800"
"3711","330086","(주)나라네트워크","   3,986,500"
"3712","330360","주식회사 서진아이티씨","   3,986,400"
"3713","310966","(주)예스정보통신","   3,986,100"
"3714","350375","주식회사 라온정보통신","   3,985,200"
"3715","110867","(주)원네트웍","   3,980,300"
"3716","203667","주식회사 브이게이트","   3,979,600"
"3717","112945","주식회사 성우일렉콤","   3,979,500"
"3718","203530","주식회사 다인테크","   3,979,000"
"3719","110287","(주)엔디에스","   3,978,100"
"3720","530139","오무전력 합자회사","   3,976,000"
"3721","310996","주식회사 두경테크","   3,975,700"
"3722","550450","주식회사 라임플러스","   3,975,200"
"3723","160203","(유)동아미디어정보","   3,972,700"
"3724","320429","주식회사 휴랜","   3,972,600"
"3725","203202","주식회사 이리야시스템","   3,972,200"
"3726","510215","(주)성진이엔씨","   3,970,600"
"3727","510330","(주)에스티에스시스템","   3,968,800"
"3728","110473","투빅스(주)","   3,966,500"
"3729","430220","(주)다나통신","   3,966,400"
"3730","110491","(주)명승아이티","   3,966,300"
"3731","202753","마스트아이엔씨(주)","   3,965,300"
"3732","320077","(주)신우테크","   3,964,200"
"3733","311953","주식회사 로제에이아이코리아 (RozeAI Korea Co., Ltd.)","   3,962,100"
"3734","200123","(주)넷솔테크","   3,961,700"
"3735","203465","주식회사 신성디아이디","   3,961,600"
"3736","410066","(주)로뎀산전","   3,961,300"
"3737","201646","(주)로버텍","   3,960,600"
"3738","200298","(주)액션테크","   3,960,000"
"3739","111834","동서이엔씨(주)","   3,957,600"
"3740","311696","주식회사 정우이엔씨에스","   3,956,800"
"3741","200573","(주)세인블루","   3,956,500"
"3742","130267","(주)충남정보통신","   3,955,800"
"3743","112458","(주)씽크테크","   3,955,200"
"3744","140491","(주)엔젠정보통신","   3,955,000"
"3745","120241","(주)유노아이티","   3,953,800"
"3746","140275","(주)이지정보통신","   3,953,600"
"3747","311818","한광정보통신 주식회사","   3,953,300"
"3748","330090","(합자)원진","   3,953,200"
"3749","113191","(주)래도","   3,951,300"
"3750","201900","나루씨앤씨(주)","   3,951,200"
"3751","311989","주식회사 에스제이엔이티","   3,950,800"
"3752","180045","(주)한울정보통신","   3,950,200"
"3753","410232","주식회사 새올정보기술","   3,948,500"
"3754","350161","(주)티제이텔레시스","   3,948,300"
"3755","120182","대신네트웍스(주)","   3,948,000"
"3756","202666","(주)엔에스티정보통신","   3,947,200"
"3757","630117","(유)동아테크","   3,946,400"
"3758","420359","(주)두드림정보","   3,943,300"
"3759","150081","(주)동우시스네트","   3,942,300"
"3760","311500","(주)라인시스텍","   3,941,700"
"3761","120627","하이콤(주)","   3,941,600"
"3761","510676","주식회사 성화에프티","   3,941,600"
"3763","113349","하나이티에프(주)","   3,940,600"
"3764","311856","제이씨앤에스","   3,940,500"
"3765","430167","(주)신안전력","   3,938,500"
"3766","200542","(사)한국장애인이워크협회","   3,934,700"
"3767","203694","주식회사 싸이버텍홀딩스","   3,934,400"
"3768","203487","주식회사 혁산정보시스템","   3,931,700"
"3769","150668","(주)평화","   3,931,500"
"3770","420300","HF테크","   3,931,100"
"3771","201930","(주)소프트넷","   3,930,000"
"3772","203085","주식회사 필라넷","   3,929,900"
"3773","311848","정원산업(주)","   3,929,300"
"3774","140306","(주)부원정보통신","   3,928,300"
"3775","330110","(주)디큐","   3,926,800"
"3775","510569","폴마켓","   3,926,800"
"3777","203839","프로티앤에스 주식회사","   3,924,500"
"3778","311247","(주)지비유데이터링크스","   3,924,100"
"3779","530156","주식회사 콘텍에스디","   3,922,900"
"3779","330294","주식회사 와이전력","   3,922,900"
"3781","110322","코스텔(주)","   3,922,600"
"3782","201639","제이엔에스텍(주)","   3,921,200"
"3783","113451","대한엔지니어링(주)","   3,918,100"
"3784","312548","주식회사 테라시스","   3,917,000"
"3785","120599","(주)하진테크","   3,916,100"
"3786","520100","주식회사 진정보통신","   3,914,900"
"3787","130098","(주)영진전기통신","   3,912,700"
"3788","311018","(주)에이티맥스","   3,911,900"
"3789","640110","주식회사 계림정보통신","   3,911,200"
"3790","520201","주식회사 대성미디어","   3,911,000"
"3791","120621","주식회사 우진이앤씨","   3,910,600"
"3792","310766","(주)신흥솔루션","   3,909,400"
"3793","320342","주식회사 비전제어시스템","   3,909,100"
"3794","112196","(주)디피엔","   3,908,300"
"3794","310159","(주)일산이엔씨","   3,908,300"
"3796","160206","유한회사 한울","   3,908,200"
"3797","120255","(주)에이치엠씨","   3,907,000"
"3798","201080","(주)위트콤","   3,906,900"
"3799","203105","주식회사 지투넥스","   3,906,700"
"3800","160171","(주)온고을정보통신","   3,906,600"
"3801","610062","(주)효주","   3,906,400"
"3802","320043","(주)아라정보","   3,905,800"
"3803","312344","이천정보통신 주식회사","   3,905,500"
"3803","540159","(주)마스터시스템","   3,905,500"
"3805","540296","(주)영남이엔지","   3,905,300"
"3806","312480","주식회사 위드네트","   3,903,500"
"3807","540371","(주)기준시스템","   3,902,900"
"3808","110936","남인천방송(주)","   3,902,500"
"3809","430158","주식회사 한울정보","   3,902,300"
"3810","311093","(주)삼인정보통신","   3,901,700"
"3811","120201","(주)다승텔레콤","   3,900,600"
"3812","110694","금강방송(주)","   3,900,500"
"3813","311211","미래정보기술(주)","   3,900,400"
"3814","120380","(주)비노기술","   3,899,900"
"3815","140191","(주)나인콤","   3,899,700"
"3816","350369","주식회사 사파시스템","   3,896,200"
"3817","540120","(주)영도정보통신","   3,895,200"
"3818","620305","주식회사 진우정보","   3,894,500"
"3818","203794","주식회사 넷엔씨큐","   3,894,500"
"3820","112160","(주)동부코리아통신","   3,893,800"
"3821","160027","(유)유성통신건설","   3,892,700"
"3822","550350","디지털네트워크 주식회사","   3,891,900"
"3823","510105","금호마린테크(주)","   3,891,500"
"3824","550233","주식회사 다컴","   3,890,400"
"3825","330127","주식회사 지산이앤씨","   3,890,300"
"3826","160224","(유)건일시앤시","   3,889,300"
"3827","204021","주식회사 잡매니아","   3,888,400"
"3828","410149","미호전공 주식회사","   3,887,400"
"3828","203663","주식회사 지유글로벌","   3,887,400"
"3830","510536","파이널위즈","   3,887,200"
"3831","111263","대승정보통신(주)","   3,885,500"
"3832","130184","인터엠음향정보통신(주)","   3,884,900"
"3833","200600","(주)아이퀸즈","   3,884,800"
"3834","540347","주식회사 서진아이앤씨(SEOJIN.INC)","   3,884,500"
"3835","310476","주식회사 새암정보통신","   3,884,300"
"3836","320198","(주)에스아이정보기술","   3,883,200"
"3837","202982","주식회사 영풍전력설비","   3,879,200"
"3838","430037","(주)대신정보통신","   3,878,800"
"3839","610321","주식회사 더솔루션스","   3,878,100"
"3840","110257","(주)전우사","   3,877,100"
"3841","112461","미디어텔레콤(주)","   3,875,200"
"3841","510315","삼일아이앤씨(주)","   3,875,200"
"3843","350419","(주)엠비씨플러스","   3,875,100"
"3844","420466","주식회사 이안세이프","   3,875,000"
"3845","120809","주식회사 가나","   3,872,400"
"3846","202226","주식회사 나이스음향정보통신","   3,871,500"
"3847","312084","주식회사 마이크로시스템","   3,870,200"
"3848","410217","(주)현진정보통신","   3,869,600"
"3848","202759","(주)이룸시스","   3,869,600"
"3850","510052","(주)에이에스정보통신","   3,867,700"
"3851","620275","주식회사 에스아이티","   3,866,000"
"3852","311477","에코정보 주식회사","   3,865,700"
"3853","530355","(주)경구정보통신","   3,865,300"
"3854","202821","주식회사 넥서스티앤씨","   3,864,800"
"3855","111129","성훈정보전기","   3,864,100"
"3856","410009","케이넷(주)","   3,864,000"
"3857","510276","(주)씨에스정보기술","   3,863,500"
"3857","201170","주식회사 지미션","   3,863,500"
"3859","610066","아이원정보기술(주)","   3,862,200"
"3860","111223","네트원정보통신(주)","   3,859,400"
"3861","110166","(주)호성일렉콤","   3,857,900"
"3862","520020","엑사정보기술(주)","   3,857,300"
"3863","150146","태경이엘피(주)","   3,856,600"
"3864","150654","(주)하나에스아이","   3,856,300"
"3865","202858","주식회사 다온텍","   3,854,600"
"3866","310876","(주)다인하이텍","   3,853,600"
"3867","111523","주식회사 삼신정보통신","   3,852,500"
"3868","130432","(주)브이아이테크","   3,852,000"
"3869","150582","우원정보(주)","   3,849,700"
"3870","410363","주식회사 동광지엔티","   3,848,100"
"3871","630103","(주)삼성토탈정보기기","   3,847,200"
"3872","140393","한결이엔지(주)","   3,845,700"
"3873","120770","(주)하이파이사운드","   3,843,300"
"3874","540055","새재전기통신소방","   3,840,800"
"3875","113106","(주)바른이엔씨","   3,839,500"
"3876","540053","(주)대신통신","   3,838,000"
"3877","204013","주식회사 엠비에프","   3,836,600"
"3878","610098","홍운이엔씨(주)","   3,835,100"
"3879","530430","프리비전 주식회사","   3,835,000"
"3880","320374","주식회사 비에스티그룹","   3,834,500"
"3881","111466","(주)시공테크","   3,833,100"
"3882","640169","주식회사 아이엔티정보통신","   3,831,700"
"3883","540093","주식회사 성운이엔씨","   3,829,200"
"3883","330002","(주)월드텍","   3,829,200"
"3885","620185","주식회사 씨피에스","   3,827,200"
"3886","610023","주식회사 케이디에스","   3,826,700"
"3887","113403","태진네트웍스","   3,826,200"
"3888","112710","한사랑엔지니어링(주)","   3,825,500"
"3889","201772","(주)경진네트워크","   3,825,400"
"3890","111398","앤아이에스(주)","   3,824,900"
"3891","520130","주식회사엔에스오엠","   3,824,300"
"3892","420512","주식회사 유토비즈","   3,823,500"
"3893","150466","(주)유성씨엔에스","   3,823,400"
"3893","201872","(주)아이티에스서비스","   3,823,400"
"3895","410329","주식회사 정림","   3,821,900"
"3896","110560","(주)부강이앤티","   3,821,800"
"3897","111613","풍성건설(주)","   3,821,100"
"3898","550488","주식회사 경남스마트","   3,819,400"
"3899","550409","주식회사 스피드정보","   3,817,600"
"3900","311703","부광아이티 주식회사","   3,817,100"
"3901","202458","(주)아이피로드","   3,816,800"
"3902","320245","주식회사 더존일렉스","   3,816,600"
"3903","312101","주식회사 이케이엠(EKM Co., Ltd.)","   3,815,900"
"3904","203010","주식회사 넷츠플러스","   3,814,100"
"3905","110025","주식회사 가델","   3,814,000"
"3906","130452","아셀씨앤씨티 주식회사","   3,813,700"
"3907","320426","주식회사 티닉스","   3,812,700"
"3908","311631","주식회사 옵티멀","   3,812,600"
"3909","630100","특수에이브이","   3,812,300"
"3910","113439","(주)서신정보통신","   3,812,100"
"3911","420222","(주)휴먼정보","   3,811,700"
"3912","310169","(주)유비프라임","   3,811,300"
"3913","204187","주식회사 리비젼프로젝트","   3,811,200"
"3914","310326","(주)니드테크","   3,811,100"
"3914","202571","다원아이엔에스(주)","   3,811,100"
"3916","202037","(주)트랜드플러스","   3,809,900"
"3917","110516","문명통신건설(주)","   3,809,100"
"3918","120346","(주)유일정보통신","   3,807,600"
"3919","312314","주식회사 엘에스씨시스템즈","   3,806,900"
"3920","200759","다올정보기술(주)","   3,806,600"
"3921","112000","성림시스템","   3,805,600"
"3922","202257","(주)제노글로벌","   3,805,400"
"3923","550322","대형웍스지와이티(주)","   3,805,100"
"3924","203900","주식회사 이노포스트","   3,804,600"
"3924","202177","(주)누리인프라","   3,804,600"
"3926","540212","(주)한국시스템","   3,803,900"
"3927","530241","(주)범우","   3,803,600"
"3928","311629","시큐어트리 주식회사","   3,802,400"
"3929","630271","사단법인 행복드림복지회","   3,801,700"
"3930","140218","대신네트웍스(주)","   3,801,300"
"3931","203454","켑코이에스 주식회사","   3,799,100"
"3932","203249","주식회사 제이제이에스티","   3,799,000"
"3933","201304","(주)지엠디텔레콤","   3,797,300"
"3934","540434","인플랩 주식회사(INPLAB Inc.)","   3,795,300"
"3935","120779","주식회사 성민","   3,794,700"
"3936","630274","유한회사 에이치디정보기술","   3,793,500"
"3937","510380","(주)대산글로벌","   3,793,300"
"3938","510175","(주)하이원넷","   3,792,900"
"3939","311855","주식회사 동호이엔씨","   3,792,600"
"3940","410165","(주)세종아이씨티","   3,790,800"
"3941","202032","(주)예준시스템","   3,787,900"
"3942","110369","삼영에이아이씨(주)","   3,785,000"
"3943","520196","에프엠테크 주식회사","   3,784,600"
"3944","203679","주식회사 아이티윈스(ITWEENS CO.,Ltd.)","   3,783,700"
"3944","201627","(주)아이즈넷","   3,783,700"
"3946","320362","주식회사 인필드정보통신","   3,782,900"
"3947","110017","(주)통광","   3,782,300"
"3948","202638","신해공영(주)","   3,781,700"
"3949","160031","(유)비제이솔루션","   3,779,600"
"3950","550146","주식회사 아이티지","   3,779,100"
"3951","202340","(주)콘텐츠브릿지","   3,779,000"
"3952","350598","주식회사 쓰리에스정보통신","   3,778,600"
"3953","202001","주식회사 잇츠비솔루션","   3,777,500"
"3954","200653","드림조이앤바투 주식회사","   3,777,300"
"3955","420241","(주)인텍","   3,776,600"
"3956","420194","(주)유솔","   3,775,900"
"3957","550258","(주)부흥전기소방공사","   3,775,200"
"3958","120432","(주)동진정보통신","   3,775,000"
"3959","530077","(주)제이에스시스템","   3,773,400"
"3960","350581","주식회사 세진정보통신","   3,771,800"
"3961","111751","다이아몬드전자(주)","   3,771,600"
"3962","350574","상현엔지니어링 주식회사","   3,771,300"
"3962","202937","대윤계기산업 주식회사","   3,771,300"
"3964","202688","(주)아이티온넷","   3,770,000"
"3965","410397","주식회사 이레아이티","   3,767,500"
"3966","620145","(주)종합시스템","   3,767,000"
"3967","310104","탑솔라 주식회사","   3,766,800"
"3968","410047","(주)현대종합사무기","   3,766,300"
"3969","330095","태영통신","   3,764,600"
"3970","430003","(주)한인정보통신","   3,764,300"
"3971","311993","주식회사 인피니티에코","   3,763,400"
"3972","550331","리더시스템","   3,763,300"
"3973","112484","(주)하이큐스","   3,762,500"
"3974","203944","주식회사 재미 (XEMI Co.,Ltd.)","   3,761,400"
"3975","310863","유비트론(주)","   3,761,300"
"3976","320176","강화정보통신(주)","   3,760,500"
"3977","311110","(주)유인프라웨이","   3,759,400"
"3978","312254","(주)엘렉스정보통신","   3,759,000"
"3979","312418","주식회사 에스디보안시스템","   3,758,400"
"3979","550417","주식회사 씨앤티정보기술","   3,758,400"
"3981","620166","(주)아이콘텍","   3,758,200"
"3982","610309","주식회사 담장","   3,756,400"
"3982","112671","주식회사 도아(到我)","   3,756,400"
"3984","430116","(주)영인미디어","   3,756,300"
"3985","620027","주식회사 승주이엔씨","   3,754,600"
"3986","610071","유한회사 한주엔지니어링","   3,754,500"
"3987","630401","주식회사 엠에이치소프트 (MH Soft Co., Ltd.)","   3,753,800"
"3988","550302","주식회사 케이아이에스","   3,753,600"
"3989","120826","(주)한일미디어","   3,751,500"
"3989","202241","한양전자산업(주)","   3,751,500"
"3991","204099","코리아디지탈 주식회사","   3,751,400"
"3992","202055","주식회사 에프에이일렉콤","   3,751,100"
"3993","510090","(주)디지컴","   3,751,000"
"3994","120293","영남통신","   3,750,500"
"3995","112513","(주)성근테크","   3,750,200"
"3995","310121","주식회사 비젼","   3,750,200"
"3997","202704","주식회사 에이엠넷","   3,748,000"
"3998","510050","(주)인타운","   3,747,800"
"3999","540121","(주)규림정보통신","   3,745,800"
"4000","150551","가나테크윈","   3,745,200"
"4000","530255","주식회사 제이웰","   3,745,200"
"4002","312227","주식회사 경원이앤씨","   3,744,100"
"4003","510128","씨링크전자(주)","   3,741,300"
"4004","310382","주식회사 제노코 (Genohco, Inc.)","   3,739,600"
"4005","510742","주식회사 아이알컴퍼니","   3,739,100"
"4005","430218","(주)시큐웨어","   3,739,100"
"4007","200059","셔블테크놀러지(주)","   3,738,600"
"4008","112371","(주)나노정보기술","   3,738,500"
"4009","312617","주식회사 새결","   3,738,200"
"4010","202013","(주)네오드림스","   3,737,700"
"4011","530083","대광시스템(주)","   3,736,900"
"4012","620254","주식회사 제이에이디엔씨","   3,736,700"
"4013","110944","원일통신(주)","   3,734,900"
"4014","430099","주식회사 영동정보통신","   3,733,500"
"4015","420390","주식회사 디에이치에스아이","   3,732,600"
"4016","410267","(주)서정아이씨티","   3,731,000"
"4017","203203","아이리스인포테크 주식회사(Iris Infotech Co., Ltd)","   3,730,700"
"4018","310608","넷진테크(주)","   3,729,900"
"4019","202786","주식회사 수민텔레콤","   3,728,500"
"4020","111472","(주)신광이엔씨","   3,728,300"
"4021","202082","(주)에스이든","   3,727,900"
"4022","202485","비테크코리아 주식회사","   3,727,200"
"4023","202354","(주)오트로닉스","   3,726,500"
"4024","420523","주식회사 두웰서비스","   3,726,300"
"4025","510595","(주)지팬스","   3,726,000"
"4026","620146","(주)예성이앤씨","   3,724,500"
"4027","112428","윈텍시스템(주)","   3,723,500"
"4028","112741","(주)사강통신","   3,722,800"
"4029","540210","비엔디정보통신(주)","   3,720,900"
"4030","350051","(주)하나넷","   3,720,500"
"4031","530092","(주)뉴피에스","   3,718,200"
"4032","130334","디지털정보통신(주)","   3,716,600"
"4033","203458","성온엘","   3,715,000"
"4034","120827","주식회사 해성아이씨티","   3,714,100"
"4035","420335","주식회사 윤성이엔지","   3,713,800"
"4036","430195","(주)씨앤씨","   3,712,900"
"4037","120347","주식회사 해림아이티","   3,712,000"
"4038","320291","주식회사 예향엔지니어링","   3,710,600"
"4039","111155","(주)휴먼","   3,710,500"
"4040","140135","주식회사 보은이엔시","   3,708,900"
"4041","110705","(주)삼보전자통신","   3,708,700"
"4042","420339","주식회사 에이원탑시큐리티","   3,708,600"
"4043","312357","주식회사 위더스넷","   3,708,500"
"4044","350142","(주)가온테크","   3,708,400"
"4045","140321","금산정보통신(주)","   3,708,100"
"4046","550231","(주)현대전기통신","   3,707,400"
"4047","311416","(주)월드씨엔에스","   3,706,800"
"4048","510528","(주)비엔티","   3,706,600"
"4049","350106","선명전자통신(주)","   3,706,500"
"4050","530293","(주)레이월드","   3,704,100"
"4051","310456","태창시스템(주)","   3,703,300"
"4052","420225","(주)엔에스솔루션","   3,702,500"
"4053","430294","주식회사 메타통신","   3,702,400"
"4054","530168","(주)에스이코리아","   3,700,200"
"4055","620372","주식회사 모두네트웍스","   3,698,200"
"4056","312317","주식회사 에스티에스비즈","   3,697,500"
"4057","540169","(주)이프","   3,696,700"
"4058","430076","(주)코드원","   3,694,300"
"4059","320434","주식회사 아이온텍","   3,694,200"
"4060","203088","케이디아이앤씨 주식회사","   3,693,700"
"4061","620032","주식회사 신아산업개발","   3,693,500"
"4062","620426","위디비 주식회사","   3,693,300"
"4063","520018","(주)미래산업","   3,691,600"
"4064","203073","주식회사 제이더블유씨네트웍스","   3,690,800"
"4065","610241","(주)금하테크","   3,690,600"
"4066","310669","(주)스타네트웍","   3,690,500"
"4067","202587","(주)가나이엔지","   3,690,400"
"4068","311338","한국도로전산(주)","   3,689,300"
"4069","530187","(주)드림메카텍","   3,689,200"
"4070","510599","주식회사 제이투정보통신","   3,688,900"
"4071","311432","(주)엑손텍","   3,688,000"
"4072","203499","주식회사 씨큐윈","   3,687,600"
"4073","420376","주식회사 포커스","   3,687,500"
"4074","312075","(주)씨케이투","   3,686,000"
"4075","120833","휴먼아이티에스(주)","   3,685,600"
"4076","203779","주식회사 유아이네트웍스","   3,684,200"
"4077","620096","(주)명민","   3,682,900"
"4078","350508","에이아이솔루션(AI Solution)","   3,682,800"
"4079","311431","(주)비젼코리아","   3,682,700"
"4080","150289","(주)대광정보통신","   3,681,400"
"4081","550384","대경정보통신기술","   3,680,800"
"4082","312103","주식회사 태화이엔씨","   3,680,600"
"4083","350239","케이엠디지털라인","   3,680,400"
"4084","311356","엘에스통신(주)","   3,680,300"
"4085","112044","(주)대덕","   3,680,000"
"4085","320340","주식회사 가하정보기술","   3,680,000"
"4087","510296","(주)에스알씨","   3,679,200"
"4088","620355","주식회사 엔이티","   3,677,900"
"4089","310860","에스제이텍(주)","   3,677,100"
"4090","130044","더블유아이티 주식회사(WIT Inc.)","   3,676,800"
"4091","530226","(주)테크모아","   3,676,200"
"4092","410087","을지정보통신(주)","   3,675,700"
"4093","540046","기남전기통신(주)","   3,673,900"
"4093","112368","(주)포오스","   3,673,900"
"4095","550380","하나정보통신","   3,672,200"
"4095","203359","주식회사 루트웰(RouteWell Co., Ltd)","   3,672,200"
"4097","120483","주식회사 금화통신","   3,671,900"
"4098","550447","주식회사 명성이엔티","   3,671,100"
"4099","610191","주식회사 엠스톤솔루션","   3,669,500"
"4100","550458","주식회사 대림네트","   3,669,400"
"4101","120669","주식회사 나경","   3,669,100"
"4101","203331","주식회사 삼아솔루션","   3,669,100"
"4103","550180","(주)온누리정보통신","   3,668,600"
"4104","610385","(주)삼신정보기술","   3,668,400"
"4105","180037","산기술(주)","   3,668,200"
"4106","540087","(주)세일시스템","   3,665,900"
"4107","201159","한빛인프라넷 주식회사","   3,664,000"
"4108","510288","(주)오토텍","   3,662,500"
"4109","150083","주식회사 진석테크윈","   3,661,100"
"4110","310231","우주통신(주)","   3,660,400"
"4111","170194","대건정보통신","   3,660,200"
"4112","203666","주식회사 신화시큐리티","   3,658,100"
"4113","120132","(주)동영이엔티","   3,658,000"
"4114","310803","주식회사 디텍(D-TEG Co.,Ltd.)","   3,657,700"
"4115","200906","(주)두올테크","   3,657,600"
"4116","170188","한길텔레콤(주)","   3,657,400"
"4116","200980","아이디스파워텔 주식회사 (IDIS POWERTEL CO.,Ltd)","   3,657,400"
"4116","110398","(주)선우커뮤니케이션","   3,657,400"
"4119","120360","(주)에이스네트웍스","   3,657,300"
"4120","170171","(주)에이텍","   3,656,200"
"4121","320502","주식회사 베율","   3,654,900"
"4121","530287","(주)데이타렉스아이티","   3,654,900"
"4123","202134","주식회사 연훈","   3,654,700"
"4124","130409","충남전기(주)","   3,651,200"
"4125","113092","(주)에스티탑","   3,650,500"
"4126","310149","엘림광통신(주)","   3,650,400"
"4127","420415","주식회사 엔에스엠","   3,648,700"
"4128","310950","거성일렉콤(주)","   3,647,700"
"4129","112318","(주)디에스텔레콤","   3,647,000"
"4130","202225","동부아이시티 주식회사","   3,646,400"
"4131","510537","(주)그린시스템","   3,646,000"
"4132","203870","주식회사 디메타 (D-meta, Corp.)","   3,645,800"
"4133","520169","주식회사 드림텔레콤","   3,644,500"
"4134","312438","주식회사 케이눅","   3,644,400"
"4135","311550","에스케이시큐리티(주)","   3,644,300"
"4136","312347","선문아이엔에스 주식회사","   3,643,000"
"4136","610256","주식회사 그리드텍","   3,643,000"
"4138","111651","(주)성창시스템","   3,642,900"
"4139","120528","거광이엔티","   3,642,800"
"4140","410272","(주)천우아이씨티","   3,642,300"
"4141","420412","주식회사 아이옵스","   3,642,200"
"4142","310665","(주)토탈음향","   3,641,300"
"4143","202949","주식회사 엠넷시스템즈","   3,640,800"
"4144","120469","삼진무선","   3,640,600"
"4145","150015","주식회사 유니이앤씨","   3,639,700"
"4146","203781","주식회사 크랜베리 (Cranberry Co., Ltd.)","   3,638,200"
"4147","550307","케이미디어","   3,638,100"
"4148","330162","주식회사 강원네트웍스","   3,637,900"
"4149","201944","(주)에이픽스","   3,637,400"
"4150","203391","주식회사 아로텍(Arotec Inc.)","   3,637,200"
"4151","140255","(주)한컴네트워크","   3,636,700"
"4152","410414","주식회사 비즈온정보기술","   3,635,100"
"4153","620073","(주)이안네트워크","   3,633,700"
"4154","201958","엠에스원디지털(주)","   3,632,700"
"4154","202634","(주)브로드씨엔에스","   3,632,700"
"4156","410143","그린아이티","   3,630,900"
"4157","120018","아이앤시텔레콤(주)","   3,630,700"
"4158","510573","주식회사 빛가람시스템","   3,629,300"
"4159","203150","주식회사 가이아이앤씨","   3,629,100"
"4160","320498","주식회사 하이브네트웍스","   3,626,900"
"4161","112666","파워전기통신(주)","   3,626,600"
"4162","540221","(주)미도정보기술","   3,625,900"
"4163","630088","주식회사 유성전기통신","   3,625,600"
"4164","111453","(주)예성시스템","   3,625,500"
"4165","420002","(주)지아이정보기술","   3,623,500"
"4166","610448","주식회사 에이앤티정보시스템","   3,623,400"
"4166","540444","주식회사 에스아이비전","   3,623,400"
"4168","160132","(유)금강시스템","   3,622,900"
"4169","170093","(주)무궁화정보통신","   3,622,400"
"4170","312193","주식회사 뉴테크시스템","   3,622,300"
"4171","430057","(주)에이치넷","   3,621,800"
"4172","201588","(주)성원통신","   3,621,200"
"4173","630322","주식회사 나인이즈","   3,620,800"
"4174","120630","(주)강동미디어","   3,620,000"
"4175","420207","현대디지탈시스템(주)","   3,619,600"
"4176","312041","주식회사 이티엠","   3,618,700"
"4177","350181","(주)유아이티","   3,618,300"
"4178","140387","(주)티디씨","   3,618,000"
"4179","202725","(주)휴톤","   3,617,700"
"4180","200272","(주)퓨쳐아이티","   3,617,300"
"4181","630242","주식회사 동승에스아이","   3,616,600"
"4182","310396","(주)콜사인테크놀러지","   3,615,600"
"4183","620128","(주)화신테크","   3,615,300"
"4184","430024","(주)나로","   3,614,800"
"4185","200818","(주)애드트로닉","   3,614,100"
"4186","530177","주식회사 대보전자통신","   3,612,800"
"4186","310491","(주)중흥테크놀러지","   3,612,800"
"4188","203406","주식회사 디지온","   3,612,400"
"4189","150012","(주)일해정보통신","   3,611,700"
"4190","430357","금석정보산업 주식회사","   3,611,500"
"4191","312006","주식회사 투투","   3,610,600"
"4192","510013","(주)컴테크텔레콤","   3,609,800"
"4193","200398","(주)다올씨앤씨","   3,609,000"
"4194","510154","혜인티엔에스(주)","   3,608,400"
"4195","320067","(주)인호이엔지","   3,608,300"
"4196","110894","천마정보통신(주)","   3,607,000"
"4197","311987","주식회사 티이엔","   3,606,800"
"4198","130226","(주)케이티엔티","   3,606,500"
"4199","204109","주식회사 유트론","   3,606,100"
"4200","201222","주식회사 유니온바이오메트릭스 (UNION biometrics Co., Ltd.)","   3,605,900"
"4201","350123","(주)금호비젼","   3,605,800"
"4202","350520","주식회사 에스넷","   3,604,000"
"4203","310234","대주씨앤에스(주)","   3,603,900"
"4204","510579","(주)원우전자통신","   3,603,800"
"4205","420314","광원테크놀로지 주식회사","   3,601,300"
"4206","312484","주식회사 디사이드","   3,599,900"
"4207","112943","(주)피닉스정보통신","   3,599,800"
"4208","204019","레드파인웍스 주식회사","   3,599,200"
"4209","540372","에스알 주식회사","   3,599,000"
"4209","201561","경인계측시스템(주)","   3,599,000"
"4211","310450","주식회사 태영이엔지","   3,598,600"
"4212","610112","(유)호남정보시스템","   3,598,200"
"4213","311383","(주)유넷컨버전스","   3,597,300"
"4214","610245","(주)제이에스정보통신","   3,596,000"
"4215","204121","주식회사 신도테크노","   3,595,100"
"4216","111376","주식회사 대신네트워크","   3,594,200"
"4217","201112","(주)에스엠엔네트워크","   3,592,700"
"4218","310119","우리전력(주)","   3,592,600"
"4219","111913","(주)비전에스엔씨","   3,592,200"
"4220","420305","주식회사 대흥솔루션","   3,591,900"
"4221","201489","(주)엘제이이엔지","   3,591,800"
"4222","113080","(주)이화일렉콤","   3,591,500"
"4223","350326","주식회사 피엠피테크","   3,591,200"
"4224","430326","화진정보 주식회사","   3,590,500"
"4225","201229","(주)서원티에스","   3,589,400"
"4226","630244","유한회사 노블이엔씨","   3,589,000"
"4227","113358","주식회사 다올테크","   3,588,900"
"4228","140340","유로통신","   3,587,800"
"4229","630262","유한회사 미들텍","   3,587,500"
"4230","410177","(주)서울전업공사","   3,586,400"
"4231","312102","주식회사 유에이아이","   3,586,100"
"4231","420228","(주)브이텍","   3,586,100"
"4233","310554","(주)스페이스인터","   3,585,900"
"4234","311697","주식회사 소노텍","   3,585,800"
"4235","311776","주식회사 티엘씨커뮤니케이션","   3,585,700"
"4236","350220","(주)대륙미디어","   3,585,000"
"4236","640119","주식회사 인다통신기술","   3,585,000"
"4238","201781","(주)엘에프아이티","   3,584,800"
"4239","320472","주식회사 엑스파워네트웍스","   3,584,600"
"4239","112282","한국네트웍엔지니어링(주)","   3,584,600"
"4241","170044","요진건설산업(주)","   3,583,900"
"4242","311959","큐릭스 주식회사","   3,582,200"
"4243","320119","(주)대건시스템즈","   3,582,100"
"4244","140086","(주)제이에이치전력","   3,579,800"
"4244","140501","(주)케이티에스정보통신","   3,579,800"
"4246","204047","주식회사 엠투아이티","   3,579,500"
"4247","630184","유한회사 드림솔루션","   3,579,100"
"4248","311517","주식회사 솔디아","   3,579,000"
"4249","130509","(주)충청넷","   3,578,200"
"4250","420442","(주)대영에스텍","   3,577,600"
"4251","310754","(주)하이드로넷","   3,577,200"
"4252","140371","(주)보선","   3,576,600"
"4253","440069","주식회사 씨앤","   3,576,000"
"4254","200527","(주)파란아이티","   3,574,700"
"4255","120603","상헌엔터테크(주)","   3,574,200"
"4256","310525","한국전력기술(주)","   3,573,100"
"4257","630107","(주)케이제이산업","   3,572,700"
"4258","204085","주식회사 엠아이티마스","   3,572,500"
"4259","311282","주식회사 우솔통신기술","   3,572,300"
"4260","610138","엔에스하이텍(주)","   3,572,200"
"4261","201742","(주)대청시스템스","   3,571,900"
"4262","312233","주식회사 태흥","   3,571,500"
"4263","203686","솔트웨어 주식회사","   3,569,500"
"4264","530345","주식회사 티앤제이","   3,569,000"
"4265","312390","주식회사 와이즈플러스 (WISE PLUS Co., Ltd.)","   3,568,800"
"4266","620416","주식회사 위치스","   3,568,700"
"4267","202513","(주)파인스닷컴","   3,568,400"
"4268","130030","세광정보통신(주)","   3,567,700"
"4269","130438","(주)원신정보통신","   3,567,300"
"4270","200520","(주)보다텍","   3,566,400"
"4271","630226","주식회사 명지정보기술","   3,564,200"
"4272","530243","지엔비테크 주식회사","   3,563,900"
"4272","201487","케이아이티밸리(주)","   3,563,900"
"4274","150631","코리아넷시스템(주)","   3,563,000"
"4275","530264","(주)대건정보통신","   3,562,200"
"4276","610369","(유)인터테크","   3,562,100"
"4277","202371","오티아이 주식회사(OTICo.Ltd)","   3,561,800"
"4278","203294","주식회사 엔피코어(NPCore, Inc.)","   3,561,500"
"4279","310883","(주)티앤에이치시스템","   3,561,400"
"4280","312459","주식회사 인터테크소프트","   3,560,200"
"4281","550066","한양무선통신","   3,560,100"
"4282","201062","에스케이텔링크(주)","   3,559,600"
"4283","320072","주식회사 파인클라우드","   3,559,400"
"4284","201294","주식회사 한싹 (Hanssak Co., LTD.)","   3,559,100"
"4285","203682","주식회사 티앤씨넷코리아","   3,558,300"
"4286","201092","(주)백선통신","   3,558,100"
"4287","350103","(주)라이크텍","   3,557,700"
"4288","202560","주식회사 바로","   3,556,300"
"4289","630114","이노네트웍스(주)","   3,555,100"
"4290","113099","(주)동남전기통신","   3,553,600"
"4291","201670","삼미정보시스템(주)","   3,552,200"
"4292","420021","(주)유피정보통신","   3,551,600"
"4293","310482","진명통신(주)","   3,551,500"
"4294","530455","주식회사 루트랩 (ROOT LAB)","   3,551,200"
"4295","150077","문경전기정보통신","   3,550,600"
"4296","311923","주식회사 소명시스템","   3,550,400"
"4297","420436","주식회사 오케이넷","   3,549,800"
"4298","203751","주식회사 미래아이엔텍","   3,549,000"
"4299","530417","주식회사 한림기술","   3,548,500"
"4300","540390","(주)성훈통신기술","   3,546,600"
"4301","111272","아함전자","   3,546,300"
"4302","200535","현우전기 주식회사","   3,545,600"
"4303","203847","주식회사 하이멕","   3,545,000"
"4304","640061","(주)건영","   3,543,200"
"4305","420016","(합자)보광전기","   3,542,600"
"4306","110762","(주)성삼","   3,541,500"
"4307","540309","(주)예인유엑스","   3,540,400"
"4308","510778","주식회사 에스아이그룹","   3,540,000"
"4309","430145","(주)이엔에스테크","   3,539,300"
"4310","202682","패트롤포콤(주)","   3,538,300"
"4311","312124","(주)신성테크원","   3,538,100"
"4312","150496","(주)누비텔레콤","   3,537,500"
"4313","350478","주식회사 성광이엔지","   3,537,100"
"4314","110597","티에이케이정보시스템(주)(TAK INFORMATION SYSTEMS)","   3,536,000"
"4315","420201","(주)인피니티시스템","   3,535,100"
"4316","410059","주식회사 삼성이엔씨","   3,534,900"
"4317","610386","주식회사 건우이엔지","   3,534,600"
"4318","140085","(주)홍석","   3,534,500"
"4319","202909","강남정보기술 주식회사","   3,534,300"
"4320","550198","주식회사 국제미디어","   3,534,200"
"4321","320055","(주)남경전력","   3,533,900"
"4322","430249","(주)우리티앤에스","   3,530,900"
"4323","620260","주식회사 문성통신","   3,529,300"
"4323","540011","(주)지음이엔지","   3,529,300"
"4323","312262","지미디어 주식회사","   3,529,300"
"4323","112557","(주)싸이버로지텍","   3,529,300"
"4327","202728","(주)씨씨티비네오텍","   3,529,200"
"4328","320416","주식회사 엘엔에스넷","   3,528,900"
"4329","620320","(주)가나엔터프라이즈","   3,528,700"
"4330","310341","삼성계기공업","   3,527,900"
"4330","113204","(주)나오디지탈","   3,527,900"
"4332","111973","(주)금성전기통신공사","   3,527,500"
"4333","203936","주식회사 푸름엘엔티","   3,527,400"
"4334","530421","에이스테크","   3,525,700"
"4335","203618","주식회사 유앤케이테크(UNKTECH Co.,Ltd)","   3,525,100"
"4336","610002","구례케이블티비시스템(주)","   3,524,600"
"4337","610041","주식회사 세영","   3,523,700"
"4338","320085","월드네트웍스(주)","   3,522,800"
"4339","530221","(주)티아젠정보","   3,521,600"
"4340","130477","온세계정보통신(주)","   3,521,000"
"4341","311686","(주)에스엔디테크","   3,520,700"
"4342","312623","주식회사 테크커넥트","   3,519,800"
"4343","350212","(주)두현","   3,519,600"
"4344","201846","콘텐츠스퀘어(주)","   3,519,300"
"4345","550227","(주)유디피시스","   3,518,500"
"4346","610476","선문 주식회사","   3,518,000"
"4347","204198","주식회사 세솔","   3,517,200"
"4348","350341","뉴.코리아정보통신","   3,516,600"
"4348","311413","(주)태성디앤에스","   3,516,600"
"4350","110954","뉴텔정보통신(주)","   3,516,300"
"4351","203230","주식회사 인피니티아이씨티(INFINITY ICT Co., Ltd.)","   3,514,800"
"4352","111781","태우산전","   3,514,700"
"4353","620296","태창미디어넷 주식회사","   3,513,800"
"4354","510223","(주)케이시스","   3,513,500"
"4355","200265","(주)디노시스","   3,511,300"
"4356","320273","제이케이이엔씨 주식회사","   3,511,100"
"4357","111231","대웅정보통신 주식회사 ","   3,509,900"
"4358","510539","케이제이엔지니어링(주)","   3,509,000"
"4359","310364","주식회사 태원시스템","   3,508,100"
"4360","110118","합동전자통신(주)","   3,506,400"
"4361","202964","주식회사 디지윌","   3,506,300"
"4362","150646","가람정보기술(주)","   3,505,300"
"4363","311108","(주)맨컴","   3,504,700"
"4364","410218","주식회사 스카이통신","   3,504,300"
"4365","620272","주식회사 엔씨엔","   3,503,400"
"4366","202273","(주)이레에너지테크","   3,503,100"
"4367","111991","주식회사 호반산업","   3,501,600"
"4368","201319","(주)셀퍼","   3,501,200"
"4369","201940","(주)유비스코프","   3,501,100"
"4370","113113","오푸스(주)","   3,499,600"
"4371","330324","주식회사 지오앤(Geo& Co.,Ltd.)","   3,499,400"
"4372","311014","주군이앤씨(주)","   3,499,100"
"4373","110956","(주)동양건설산업","   3,498,600"
"4374","130363","(주)비젼아이티","   3,497,800"
"4375","200675","주식회사 대덕에너지","   3,497,500"
"4376","201044","어니컴(주)","   3,497,100"
"4377","130310","주식회사 씨엠비","   3,496,500"
"4378","112579","주식회사 대영모빌리티 (DAEYOUNG Mobility Inc.)","   3,495,900"
"4379","550226","(주)헤드","   3,495,000"
"4380","550120","아몽솔루션(주)","   3,493,800"
"4381","320407","주식회사 월드싸운드","   3,493,700"
"4381","620102","디에스인포(주)","   3,493,700"
"4383","350278","스피드컴프라자","   3,493,400"
"4384","201409","(주)새한에이앤지","   3,493,300"
"4385","202018","(주)쎄븐정보기술","   3,492,800"
"4386","140203","주식회사 해진정보통신","   3,492,500"
"4387","120656","(주)동광정보통신","   3,492,200"
"4388","311621","우림계기(주)","   3,492,100"
"4388","311558","(주)이엔제이솔루션","   3,492,100"
"4390","202913","주식회사 이노테나 (Innotena, Inc.)","   3,491,700"
"4391","610406","주식회사 아이테크","   3,491,000"
"4392","201893","(주)위드컴","   3,490,600"
"4393","510374","(주)하림아이티","   3,490,500"
"4394","510474","지온통신기술 주식회사","   3,490,300"
"4395","410041","(주)씨유정보통신","   3,490,000"
"4396","113058","(주)플랜티넷","   3,489,900"
"4396","350335","주식회사 선우이엔씨","   3,489,900"
"4396","311957","지니언스 주식회사","   3,489,900"
"4396","202719","라온위즈 주식회사","   3,489,900"
"4396","203039","주식회사 앤트라인소프트","   3,489,900"
"4396","201225","텔코웨어(주)","   3,489,900"
"4396","203835","주식회사 엑스게이트 (AXGATE Co., Ltd.)","   3,489,900"
"4403","200442","주식회사 네트콤","   3,489,700"
"4404","620086","주식회사 대성정보","   3,487,400"
"4405","112817","유경제어(주)","   3,487,100"
"4406","111752","제이씨현시스템(주)","   3,486,300"
"4407","620271","진테크","   3,485,800"
"4408","200340","(주)여의시스템","   3,483,800"
"4409","112572","(주)한일테크닉스","   3,481,000"
"4410","311862","(주)진돗개보안","   3,480,700"
"4411","330104","에이텍(주)","   3,479,600"
"4412","610202","주식회사 백중","   3,478,900"
"4413","130218","웅진보안시스템(주)","   3,478,800"
"4414","311829","(주)코런","   3,478,400"
"4415","130294","(주)우리정보통신","   3,477,600"
"4416","312458","주식회사 카지트(CARGIT)","   3,476,900"
"4417","630153","(주)광회정보통신","   3,476,800"
"4418","310751","주식회사 유비텍정보기술","   3,476,700"
"4419","203635","시큐리타스코리아 주식회사","   3,476,100"
"4420","410069","(주)세종보안시스템","   3,475,700"
"4421","420009","(주)부성정보통신","   3,475,300"
"4422","630068","건일정보통신(주)","   3,474,500"
"4423","201019","한성정보기술(주)","   3,472,900"
"4424","200532","풍국전기(주)","   3,472,000"
"4425","111817","(주)선인","   3,471,700"
"4426","330050","(주)세명엔지니어링","   3,470,900"
"4427","310890","(주)진네트웍스","   3,470,500"
"4428","620224","(주)드림정보시스템","   3,470,300"
"4429","550455","주식회사 해인기술","   3,467,900"
"4430","201235","(주)경운전력","   3,467,400"
"4431","200019","(주)엠비에스엔지니어링","   3,465,800"
"4432","200206","효성중공업 주식회사","   3,465,500"
"4433","510494","와이디일렉트로닉스(주)","   3,464,400"
"4434","520155","주식회사 유피시앤에스","   3,463,700"
"4435","113101","(주)동광이엔씨","   3,463,500"
"4436","310985","(주)지오시스템리서치","   3,463,100"
"4437","311309","(주)주애기술","   3,462,200"
"4438","110991","(주)미래씨앤테크","   3,462,100"
"4439","202072","(주)조은네트웍스","   3,462,000"
"4440","311582","주식회사 에스웨이엠","   3,461,700"
"4441","311572","시설물안전연구원(주)","   3,461,100"
"4442","111050","(주)한신기전통신","   3,460,200"
"4443","201063","(주)네오텔링크","   3,459,300"
"4444","202207","극동음향(주)","   3,459,100"
"4445","320528","씨엔엔정보통신","   3,457,000"
"4446","310342","주식회사 명천전기통신","   3,455,900"
"4447","630089","주식회사 서진아이티씨","   3,455,800"
"4448","203056","로안테크 주식회사","   3,454,500"
"4449","620220","(주)오픈링크시스템","   3,453,100"
"4450","311355","에이디솔루션즈(주)","   3,452,700"
"4451","203737","한창이웨이 주식회사","   3,452,600"
"4452","311321","신도정보통신(주)","   3,450,900"
"4453","170051","주식회사 비앤에스","   3,450,500"
"4454","311092","주식회사 램스(LAMS Co., Ltd.)","   3,448,400"
"4455","610088","남화토건(주)","   3,447,800"
"4456","620208","주식회사 천산정보통신","   3,447,400"
"4457","420147","(주)기술사사무소한빛기술단","   3,447,100"
"4458","311336","주식회사 한국픽셀","   3,446,300"
"4459","550342","(주)와이컴","   3,445,800"
"4460","200261","앤에스씨정보시스템(주)","   3,445,000"
"4461","201554","낙스넷(주)","   3,444,700"
"4462","420375","채움정보통신 주식회사","   3,441,400"
"4463","311149","(주)포스웨이브(Force Wave Co., Ltd.)","   3,441,300"
"4464","320390","주식회사 정도정보통신","   3,440,900"
"4465","202749","(주)제이비티","   3,440,500"
"4466","310548","(주)루민비젼","   3,440,400"
"4467","420292","주식회사 스마트제어계측","   3,440,200"
"4468","202967","주식회사 리안시스템","   3,439,100"
"4469","204115","주식회사 이노인프라","   3,439,000"
"4469","312592","엠이엠시스템 주식회사","   3,439,000"
"4471","202427","케이엠이엔씨 주식회사","   3,438,800"
"4472","310564","(주)통해","   3,438,600"
"4473","310243","주식회사 엘아이지아큐버 (LIG Accuver Co., Ltd.)","   3,437,500"
"4473","510370","(주)모두텔","   3,437,500"
"4475","203797","주식회사 씨아이피시스템","   3,434,300"
"4476","120817","주식회사 대경이엔에스","   3,434,000"
"4477","201738","(주)서해종합건설","   3,433,500"
"4478","610266","유한회사 다담정보통신","   3,432,800"
"4479","202931","주식회사 아이링크시스템","   3,432,500"
"4480","311763","(주)헤리트","   3,432,400"
"4481","203306","주식회사 피에이시스","   3,431,800"
"4482","310987","으뜸정보통신","   3,431,700"
"4483","311813","주식회사 로뎀정보통신","   3,430,600"
"4484","312220","주식회사 씨큐리티에비던스","   3,430,500"
"4485","440035","세진정보 주식회사","   3,429,900"
"4486","520113","(주)가나엔터프라이즈","   3,429,600"
"4487","430152","(주)유진정보통신","   3,429,500"
"4488","140378","(주)서해전설","   3,429,100"
"4489","113032","일성미디어통신(주)","   3,428,000"
"4489","310562","(주)케이디티","   3,428,000"
"4491","311946","주식회사 진엔지니어링","   3,427,100"
"4492","510524","투썸데이타(주)","   3,426,900"
"4493","120493","아이에스엘정보통신(주)","   3,426,700"
"4493","203367","주식회사 케이시스템","   3,426,700"
"4495","112362","주식회사 이노파크텍","   3,426,500"
"4495","550096","디비이앤씨(주)","   3,426,500"
"4497","130005","(주)스완아나리티칼코리아","   3,426,300"
"4498","550374","주식회사 대진정보네트웍","   3,425,300"
"4499","311237","시앤시인스트루먼트(주)","   3,423,600"
"4500","150320","(주)서라벌씨앤아이","   3,422,800"
"4501","430191","주식회사 엑사엔터프라이즈","   3,422,100"
"4501","430139","(주)제이비파워텍","   3,422,100"
"4503","112378","(주)동양타브","   3,419,900"
"4504","610436","주식회사 에스엠소프트","   3,419,300"
"4505","202773","뉴아이텍(주)","   3,418,200"
"4506","203106","주식회사 다옴솔루션","   3,417,600"
"4507","130018","태양넷콤(주)","   3,417,400"
"4507","204233","주식회사 에스비아이앤씨","   3,417,400"
"4509","310318","나눔아이씨티 주식회사","   3,416,700"
"4510","311342","(주)아텍정보시스템","   3,416,200"
"4511","311193","(주)오픈네트웍시스템","   3,415,800"
"4512","160228","(유)아이디씨케이","   3,415,500"
"4513","202009","주식회사 광무 (Kwangmu Co.,Ltd.)","   3,414,900"
"4514","530402","주식회사 디티에스","   3,414,600"
"4515","630175","주식회사 인컴스","   3,414,200"
"4516","540008","(주)이엠맵정보","   3,413,800"
"4517","540416","주식회사 아이네트","   3,413,700"
"4518","202248","(주)비인텍","   3,413,500"
"4519","320286","(주)나인정보기술","   3,411,900"
"4520","130332","주식회사 우성넷콤","   3,411,400"
"4520","204086","주식회사 앤앤씨월드","   3,411,400"
"4522","202470","(주)제이에치코리아","   3,411,100"
"4523","312333","영원아이앤에스주식회사","   3,411,000"
"4523","312323","주식회사 한종","   3,411,000"
"4523","203442","주식회사 싸이크로스","   3,411,000"
"4526","201120","(주)아토스","   3,408,700"
"4527","520111","주식회사 지니넷","   3,408,500"
"4528","180076","동양전자통신","   3,407,400"
"4529","550366","주식회사 다인시스템","   3,405,000"
"4529","311292","글로벌아이씨티(주)","   3,405,000"
"4531","110688","대상정보기술(주)","   3,404,900"
"4532","320318","으뜸아이에스 주식회사","   3,404,800"
"4533","203170","주식회사 디에스에스지","   3,403,000"
"4534","130159","주식회사 아이원테크","   3,402,500"
"4535","110022","(주)진영이엔씨","   3,402,400"
"4536","330331","(주)이베스트엔지니어링","   3,401,800"
"4537","311327","(주)이안씨엔티","   3,400,400"
"4538","610306","주식회사 주원테크","   3,400,300"
"4539","120613","(주)자은","   3,400,100"
"4540","311634","(주)정호","   3,399,700"
"4541","201696","(주)지엘앤티","   3,399,500"
"4542","201757","성민전기(주)","   3,398,500"
"4542","201528","유토피아정보기술(주)","   3,398,500"
"4544","202791","주식회사 케이티에스테이트","   3,397,200"
"4545","111967","(주)한별휴스템","   3,394,800"
"4546","420237","퍼스트정보통신(주)","   3,394,500"
"4547","420199","(주)지플러스","   3,393,900"
"4548","510720","주식회사 테라비트","   3,393,700"
"4549","202557","(주)샌디아","   3,393,500"
"4550","202815","유림테크 주식회사","   3,393,300"
"4550","311494","(주)한성전자에이알엠","   3,393,300"
"4552","311564","(주)모드원","   3,393,100"
"4553","202120","주식회사 한정원","   3,393,000"
"4554","113214","(주)연합정보","   3,392,200"
"4555","202457","(주)가은씨앤에스","   3,391,600"
"4556","200682","(주)누리씨아이에스","   3,391,000"
"4557","140470","주식회사 다온이엔씨","   3,390,300"
"4558","203379","신영에스아이 주식회사","   3,390,200"
"4559","110580","도남정보통신 주식회사","   3,389,000"
"4560","200464","(주)나우티앤에스","   3,387,400"
"4561","311510","(주)쓰리에스전기통신","   3,387,100"
"4562","410098","(주)건영정보통신","   3,386,500"
"4562","540368","주식회사 유비","   3,386,500"
"4564","170107","한국종합통신","   3,386,200"
"4565","204090","주식회사 테이슨(teixon Co.,Ltd.)","   3,385,800"
"4566","311452","주식회사 에스엠메이커스(SMmakers Co.,Ltd.)","   3,385,700"
"4567","201233","주식회사 유알피","   3,385,200"
"4568","420532","이오아이알 주식회사","   3,385,000"
"4569","111462","주식회사 케이티에이치씨엔 (kt HCN Co., Ltd.)","   3,384,900"
"4570","350092","다산정보통신(주)","   3,382,600"
"4571","320092","아람정보기술(주)","   3,381,400"
"4572","530416","주식회사 하나테크놀러지","   3,381,100"
"4573","550413","주식회사 아르게스마린","   3,380,800"
"4574","620401","주식회사 엔씨커뮤니티","   3,380,700"
"4575","610056","신명유아이(주)","   3,377,700"
"4575","620328","(주)스페이스빌더스","   3,377,700"
"4575","113125","(주)두성미디어","   3,377,700"
"4578","640041","(주)코지라인","   3,376,100"
"4579","620100","(유)제이티솔루션","   3,375,700"
"4580","540441","휴미템","   3,375,600"
"4581","350507","스마트미터 주식회사","   3,375,100"
"4582","520071","주식회사 수산이앤에스(SOOSAN ENS)","   3,375,000"
"4582","201444","(주)안랩(AHNLAB, INC.)","   3,375,000"
"4584","530042","(주)아진정보통신","   3,374,100"
"4585","201569","(주)케이이에스전기공사","   3,373,600"
"4586","430017","금강전기산업(주)","   3,373,500"
"4587","110072","두리통신건설(주)","   3,373,100"
"4588","203071","주식회사 지란지교시큐리티","   3,372,900"
"4589","311822","알티컴 주식회사","   3,372,600"
"4589","203355","주식회사 베가프로젝트코리아","   3,372,600"
"4591","510414","(주)협성임프","   3,372,400"
"4592","410174","(주)조은통신","   3,372,100"
"4593","312173","화일정보산업","   3,371,900"
"4594","203434","주식회사 동한피앤에스","   3,371,600"
"4594","201344","(주)시큐브","   3,371,600"
"4594","312428","주식회사 엑시노스","   3,371,600"
"4594","530451","주식회사 귀뚜라미 범양냉방","   3,371,600"
"4598","420205","(주)에스유아이티","   3,370,800"
"4598","510309","(주)리얼허브","   3,370,800"
"4600","111574","주식회사 가교오씨아이","   3,370,700"
"4601","311006","(주)서인지엔티","   3,369,700"
"4602","113219","윤전기통신공사","   3,369,500"
"4603","320027","우리해양(주)","   3,369,200"
"4604","201873","(주)위버시스템즈","   3,368,700"
"4605","550499","주식회사 에이브이팀","   3,367,600"
"4606","140019","아이비젼(주)","   3,367,200"
"4607","311175","(주)엘케이일레븐","   3,365,800"
"4608","140369","창우이엔씨 주식회사","   3,364,200"
"4609","610031","(주)진성디지털","   3,363,600"
"4610","311952","동은정보기술 주식회사","   3,363,500"
"4611","540314","(주)썬정보통신","   3,363,400"
"4612","410254","(주)우성시큐리티","   3,362,200"
"4613","311267","(주)수리이엔씨","   3,362,100"
"4614","550319","주식회사 성진이엔씨","   3,361,800"
"4614","112624","(주)나이츠넷","   3,361,800"
"4616","203625","주식회사 장광","   3,361,700"
"4617","530362","주식회사 삼보컴퓨터 대구센터(TGS)","   3,361,300"
"4618","350218","(주)케이티비즈컴","   3,361,200"
"4619","550004","(주)반도통신","   3,360,700"
"4620","640031","(주)오름정보기술","   3,360,600"
"4621","202098","(주)대경시스텍","   3,360,400"
"4621","350095","아람이엔테크(주)","   3,360,400"
"4623","201825","(주)대한유비텍","   3,359,900"
"4624","350433","신호네트워크 주식회사","   3,359,800"
"4625","312441","주식회사 시더","   3,359,500"
"4626","510600","주식회사 블루넥스 (blunex Co., Ltd.)","   3,358,100"
"4627","120318","동신전기통신공사","   3,357,900"
"4627","550155","(주)링크로드","   3,357,900"
"4629","140036","(주)그린테크","   3,357,400"
"4630","530132","(주)두원이엔지","   3,357,300"
"4631","320249","주식회사테크에이엘","   3,355,400"
"4632","640077","우남전력(주)","   3,355,300"
"4633","320394","주식회사 정도양행","   3,353,600"
"4634","320205","첨단정보통신","   3,353,400"
"4635","320101","(주)디케이이앤씨","   3,353,100"
"4636","530252","(주)그린네트웍스","   3,353,000"
"4637","311325","주식회사 아이노바(AINOVA Co., Ltd.)","   3,352,100"
"4638","140412","주식회사 서경이엔씨","   3,351,300"
"4639","520019","세화정보통신(주)","   3,350,200"
"4639","350340","주식회사 위드플러스","   3,350,200"
"4641","320393","주식회사 비젼플러스","   3,348,800"
"4641","202179","(주)웰정보기술","   3,348,800"
"4643","200813","(주)윈어텍","   3,348,100"
"4644","112527","씨제이올리브네트웍스 주식회사","   3,347,600"
"4645","202107","(주)조아정보통신","   3,347,100"
"4646","311306","소울테크(주)","   3,346,200"
"4647","204033","주식회사 스페이스애드(Space Add Co.,Ltd.)","   3,345,900"
"4648","311276","주식회사 에이아이커넥트","   3,344,900"
"4649","350108","(주)와이지글로벌","   3,343,400"
"4650","311402","(주)앤시스테크놀러지","   3,343,300"
"4651","311799","에이치디에스주식회사","   3,342,700"
"4651","204042","주식회사 진승정보기술","   3,342,700"
"4653","310599","주식회사 브릭스컴퍼니","   3,342,300"
"4654","110328","주식회사 선우이엔씨","   3,341,200"
"4655","510623","(주)현진통신","   3,340,600"
"4656","120453","영동전기 주식회사","   3,340,200"
"4657","420112","(주)케이티지","   3,336,400"
"4658","311390","금화씨앤이(주)","   3,336,200"
"4659","200160","대성홀딩스(주)","   3,335,500"
"4660","311250","주식회사 삼승이엔씨","   3,335,400"
"4661","320104","(주)현이엔지","   3,335,100"
"4662","203789","주식회사 엠지데이터시스템","   3,334,900"
"4663","312131","주식회사 엔버스","   3,334,400"
"4664","640091","주식회사 엔아이네트웍스","   3,333,900"
"4665","620432","사단법인 어울림복지재단","   3,333,800"
"4666","311290","(주)프로브디지털","   3,333,600"
"4666","350283","에스엔지시스템","   3,333,600"
"4668","510670","주식회사 아레나","   3,333,200"
"4668","510646","(주)와이즈넷","   3,333,200"
"4670","420519","주식회사 이즈넷 (ISNET Co., Ltd.)","   3,332,700"
"4671","200334","주식회사 정안디엔씨","   3,332,100"
"4671","203344","주식회사 싸이웰시스템","   3,332,100"
"4671","630417","주식회사 스패셜티","   3,332,100"
"4671","350594","하이미르 주식회사","   3,332,100"
"4671","204238","주식회사 참마루건설","   3,332,100"
"4676","203096","주식회사 해빛씨엔에스","   3,330,400"
"4677","113008","(주)티엠정보통신","   3,329,200"
"4678","540153","명진전기(주)","   3,328,500"
"4679","111446","퓨처웨어 주식회사","   3,328,100"
"4680","201637","(주)엠텍정보시스템","   3,326,500"
"4681","540126","신화정보통신","   3,326,200"
"4681","203436","미르네트웍스 주식회사","   3,326,200"
"4683","140434","남양정보기술(주)","   3,326,100"
"4684","202091","(주)다람정보","   3,325,400"
"4685","203658","위츠넷 주식회사","   3,324,500"
"4686","410357","주식회사 계림엔지니어링","   3,324,000"
"4687","202342","(주)씨이기술","   3,323,000"
"4687","410409","주식회사 한맥기술","   3,323,000"
"4687","201830","광동정보통신 주식회사","   3,323,000"
"4690","203833","주식회사 한국인프라","   3,322,400"
"4691","140227","에이치테크(주)","   3,322,300"
"4692","430283","(주)씨씨에스충북방송","   3,321,800"
"4693","320420","주식회사 대림시스템","   3,321,100"
"4694","311030","(주)유윈정보통신","   3,319,000"
"4695","311973","(주)케이제이테크","   3,318,100"
"4696","420212","(주)에이텍정보기술","   3,316,600"
"4697","330063","(합자)광진전력","   3,316,500"
"4698","630130","(주)파이텍","   3,316,100"
"4699","202779","주식회사 이비즈테크","   3,315,700"
"4700","420503","주식회사 미디온","   3,314,600"
"4701","311428","(주)온누리정보통신","   3,314,100"
"4702","111114","대륭이엔지","   3,313,900"
"4703","203279","주식회사 제이엠티미디어","   3,313,500"
"4704","120835","보성선박전자장비(주)","   3,313,300"
"4705","130199","(주)라인통신","   3,312,600"
"4706","310592","주식회사 시원아이티","   3,312,500"
"4707","203446","주식회사 콕스(COX CO., LTD.)","   3,312,400"
"4708","111350","한국씨네텍(주)","   3,311,700"
"4709","420072","트롤네트웍스(주)","   3,310,900"
"4710","130057","남양이엔씨(주)","   3,310,600"
"4711","150574","(주)도스넷","   3,310,500"
"4712","310438","주식회사 풍정정보통신","   3,310,400"
"4713","150381","주식회사 비엠아이","   3,308,500"
"4714","203062","주식회사 아이티위너","   3,308,400"
"4715","202151","주식회사 싸이버원","   3,306,600"
"4716","201419","주식회사 트루넷","   3,304,500"
"4717","550193","(주)앤네트웍스","   3,304,300"
"4718","330013","(주)화창기업","   3,303,400"
"4719","160038","(유)정안정보","   3,302,000"
"4720","112128","에이플시스템즈(주)","   3,301,700"
"4721","310945","아임에버(주)","   3,301,500"
"4721","430173","(주)신우에스티","   3,301,500"
"4723","112809","솔루텍(주)","   3,300,900"
"4724","130422","(주)두일정보통신","   3,300,500"
"4725","520081","(주)투웰텍","   3,300,300"
"4726","202717","(주)태마루","   3,299,900"
"4727","311567","태평양이앤씨 주식회사","   3,298,600"
"4728","130348","LK통신","   3,296,300"
"4729","312206","주식회사 한진테크","   3,296,100"
"4730","202782","케이비드 주식회사","   3,295,600"
"4731","440013","주식회사 라인산업","   3,295,200"
"4732","410326","주식회사 비케이정보통신","   3,294,300"
"4733","430055","(주)서건","   3,294,000"
"4734","320258","주식회사 진승전기통신","   3,293,900"
"4735","110218","(주)세인미디어","   3,292,600"
"4736","312501","주식회사 라온에스","   3,292,300"
"4737","201811","주식회사 브랜드텍","   3,291,700"
"4738","201121","(주)우신정보시스템","   3,290,900"
"4739","200877","디비비전(주)","   3,290,700"
"4740","330024","(주)프로텔레콤","   3,290,600"
"4740","113036","(주)씨엠유니버샬","   3,290,600"
"4742","530301","주식회사 이아이에스","   3,290,100"
"4743","630158","(유)주성산업","   3,288,800"
"4744","203977","주식회사 포이시스","   3,288,600"
"4745","201824","(주)세기전자","   3,288,400"
"4746","120840","부원아이티(주)","   3,287,700"
"4747","120227","주식회사 디투제이","   3,287,000"
"4748","170192","주식회사 제이케이아이엔씨","   3,286,300"
"4749","203074","다원이엔지 주식회사","   3,286,100"
"4750","311209","(주)스톤헨지","   3,285,700"
"4751","310677","(주)알엠텍","   3,284,700"
"4752","620378","(주)사랑방미디어","   3,284,600"
"4753","203756","유니닥스 주식회사","   3,283,500"
"4753","312374","하나시스 주식회사","   3,283,500"
"4753","202620","리딩포인트(주)","   3,283,500"
"4756","610087","주식회사 줌네트웍스","   3,282,400"
"4757","430226","하나시스템","   3,282,300"
"4758","130346","(주)규원테크","   3,281,800"
"4759","430148","주식회사 한국통신공사","   3,279,100"
"4760","150635","주식회사 우전정보통신","   3,279,000"
"4761","310419","(주)동아넷","   3,276,300"
"4762","620127","(유)우전","   3,275,800"
"4763","202536","(주)미드키스","   3,275,000"
"4764","311988","웨이즈원 주식회사","   3,274,800"
"4765","630176","주식회사 다인테크","   3,273,900"
"4765","620329","(주)가민정보시스템","   3,273,900"
"4767","550106","삼선전기(주)","   3,273,300"
"4768","112766","(주)파인디지털","   3,272,700"
"4769","430209","주식회사 코드원에스에스 (CODEONE SS)","   3,270,400"
"4770","630412","유한회사 세움이엔지","   3,269,300"
"4771","180047","에스에스코리아 주식회사(SS COREA)","   3,268,800"
"4771","203163","주식회사 티아이지코리아","   3,268,800"
"4773","420289","주식회사 네바다정보통신","   3,268,700"
"4774","311218","(주)티스마트","   3,267,700"
"4775","430285","가온통신","   3,267,000"
"4776","111093","두우정보통신(주)","   3,266,600"
"4776","630306","유한회사 전라보안공사","   3,266,600"
"4778","111159","주식회사 현진정보통신","   3,265,900"
"4779","610475","주식회사 앤솔루션","   3,265,500"
"4780","610374","세경통신 주식회사","   3,264,800"
"4781","170035","(주)강원","   3,263,700"
"4782","312061","주식회사 제이엠테크","   3,262,500"
"4783","140426","주식회사 새빛날","   3,261,700"
"4784","200316","(주)서우전설","   3,260,300"
"4785","120774","(주)링크","   3,260,200"
"4786","111492","(주)석산텔레콤","   3,258,600"
"4786","113100","민네트워크(주)","   3,258,600"
"4788","120604","뉴마린엔지니어링(주)","   3,258,100"
"4789","630106","(주)아이앤씨코리아","   3,256,500"
"4790","312450","주식회사 굿브릿지(GOODBRIDGE INC.)","   3,256,100"
"4791","510377","(주)유씨네트웍스","   3,255,700"
"4792","320302","주식회사 유티스","   3,255,500"
"4793","201278","(주)제이아이티","   3,254,800"
"4794","202438","(주)유런테크","   3,254,500"
"4795","610010","(주)포스시스템","   3,254,200"
"4796","350262","(주)크레온유니티","   3,253,600"
"4797","120226","대립통신산업","   3,253,500"
"4798","320473","주식회사 송림정보통신","   3,253,000"
"4799","330257","주식회사 유비플러스","   3,251,700"
"4800","320464","주식회사 더블유티씨","   3,250,800"
"4801","200897","(주)가드텍","   3,248,300"
"4802","310858","(주)신한항업","   3,247,200"
"4802","112759","효성솔루션 주식회사","   3,247,200"
"4804","311061","(주)더지원네트웍스","   3,247,000"
"4804","310880","(주)지오투정보기술","   3,247,000"
"4806","630353","동원티앤씨 주식회사","   3,246,700"
"4807","320287","사단법인 대한용사장애인협회","   3,246,100"
"4808","203027","엑사아이엔티 주식회사","   3,245,400"
"4809","311084","(주)포도","   3,244,100"
"4809","204167","주식회사 이포넷","   3,244,100"
"4809","203266","라온시큐어 주식회사(RaonSecure Co., Ltd.)","   3,244,100"
"4812","201509","디케이엠텍 주식회사 (DK M-TECH Co., LTD.)","   3,243,400"
"4813","170003","주식회사 엘씨정보기술","   3,241,800"
"4814","200479","(주)새빛엔에스","   3,241,300"
"4815","150249","(주)세인전기정보통신","   3,241,200"
"4816","420262","(주)예원시스템","   3,240,600"
"4817","201638","(주)호서텔넷","   3,238,200"
"4818","550305","(주)삼성정보통신","   3,238,100"
"4819","540429","주식회사 에이치에스정보기술","   3,237,000"
"4820","620098","(주)나우씨앤아이","   3,236,100"
"4821","312555","하나텍플러스 주식회사","   3,235,700"
"4822","201086","에이치에스효성인포메이션시스템 주식회사","   3,234,900"
"4823","203168","피앤아이티 주식회사(P & IT CO., LTD)","   3,234,700"
"4824","312181","주식회사 고업","   3,234,300"
"4825","620330","주식회사 키스정보통신","   3,233,100"
"4826","550279","(주)하나로솔루션","   3,230,900"
"4826","510724","주식회사 연합통신건설","   3,230,900"
"4828","204068","주식회사 제이에스테크솔루션(JS-TECH SOLUTION Co., Ltd.)","   3,230,700"
"4829","312509","주식회사 보아텍","   3,230,100"
"4830","113104","한국통신인터넷기술(주)","   3,228,400"
"4831","110878","(주)거성에너지","   3,227,200"
"4832","530316","주식회사 서로네트웍","   3,226,900"
"4833","203378","주식회사 아이티리그","   3,226,800"
"4834","311545","제우스전기정보통신(주)","   3,224,400"
"4835","410314","(사)희망근로장애인협회","   3,222,600"
"4836","430225","(주)보성정보통신","   3,220,600"
"4837","201805","(주)다룸정보기술","   3,220,400"
"4838","201931","(주)델타정보통신","   3,220,300"
"4839","203410","주식회사 반디소프트","   3,219,900"
"4839","170170","명진전기통신(주)","   3,219,900"
"4841","113418","(주)태양유니스","   3,218,100"
"4841","350546","주식회사 다온통신","   3,218,100"
"4843","204093","그로윈(주)","   3,217,900"
"4844","112825","(주)스마트넷테크놀로지","   3,216,800"
"4845","311007","(주)삼정솔루션","   3,215,900"
"4846","320325","진성정보시스템 주식회사","   3,215,500"
"4847","430046","우신정보통신(주)","   3,215,100"
"4848","620067","(주)대산네트워크","   3,215,000"
"4849","312375","주식회사 포엠아이텍","   3,214,900"
"4850","330186","주식회사 바다정보통신","   3,214,800"
"4851","120596","주식회사 광일전기통신","   3,213,000"
"4852","110741","주식회사 디씨아이","   3,212,600"
"4853","310417","주식회사 대아전력","   3,211,500"
"4854","550073","(주)대한전설","   3,211,000"
"4855","311947","주식회사 에드원테크","   3,210,800"
"4856","160205","엔.퓨쳐(주)","   3,210,100"
"4857","203075","모토로라솔루션코리아 주식회사","   3,208,500"
"4858","204045","주식회사 비플","   3,207,600"
"4859","311998","주식회사 진정보통신","   3,207,100"
"4859","320225","성백산업개발(주)","   3,207,100"
"4861","203512","아리온통신 주식회사","   3,206,200"
"4862","311690","(주)두일테크","   3,205,900"
"4863","312443","진화이엔지 주식회사","   3,205,800"
"4864","312219","(주)인포인","   3,205,700"
"4865","110280","광명인터컴(주)","   3,205,000"
"4866","410324","주식회사 주성코퍼레이션","   3,204,600"
"4866","202844","케이디디아이코리아 주식회사","   3,204,600"
"4866","204072","주식회사 이루인포","   3,204,600"
"4866","204140","주식회사 클러쉬(Clush Inc.)","   3,204,600"
"4866","312601","중앙건설 주식회사","   3,204,600"
"4871","200196","(주)파워씨앤아이","   3,201,400"
"4872","150610","주식회사 세경하이텍","   3,201,300"
"4873","202586","주식회사 에스디정보통신","   3,200,800"
"4874","111210","(주)새한정보통신","   3,200,100"
"4875","630145","(유)가온정보통신","   3,199,300"
"4876","510568","파인넷","   3,199,200"
"4877","410310","(주)엠에이치정보통신","   3,198,900"
"4878","620201","단이정보통신 주식회사","   3,198,800"
"4879","202578","(주)세보엠이씨","   3,197,700"
"4879","202618","(주)아이티앤에스","   3,197,700"
"4881","510723","진성산전","   3,196,700"
"4882","610414","주식회사 오픈노트","   3,196,500"
"4883","350268","주식회사 길네트웍스","   3,196,300"
"4884","320417","주식회사 세운정보기술","   3,193,300"
"4885","311731","사단법인 한국장애인협회","   3,193,200"
"4886","410260","(주)하이테크미디어","   3,192,700"
"4886","140325","(주)다빈치넷","   3,192,700"
"4888","440046","주식회사 카프","   3,192,000"
"4889","420110","(주)동천아이엔씨","   3,191,500"
"4890","112039","원전기통신(주)","   3,189,400"
"4891","203542","주식회사 한결피아이에프","   3,189,200"
"4892","640101","주식회사 유영","   3,189,100"
"4893","200172","(주)팔팔이엔씨","   3,187,700"
"4894","540081","(주)심우에이앤씨","   3,186,700"
"4895","310430","신성정보통신(주)","   3,185,500"
"4896","630136","주식회사 피닉스아이티에스","   3,184,800"
"4897","203891","주식회사 블루포트 (BluePort, Inc.)","   3,184,000"
"4898","540302","주식회사 대경테크","   3,182,000"
"4899","311955","주식회사 쏠리드네트웍스","   3,179,800"
"4900","111352","(주)기양상사","   3,179,700"
"4901","520068","코어네트웍스","   3,179,400"
"4901","530415","주식회사 에스씨솔루션글로벌","   3,179,400"
"4903","430202","메가이엔씨","   3,179,200"
"4904","540004","주식회사 동원사운드","   3,177,500"
"4905","202852","구루멘토링 주식회사","   3,176,300"
"4906","530181","주식회사 티엠아이씨","   3,176,000"
"4907","620074","(주)창흥통신","   3,175,300"
"4908","130345","(주)두리전기통신","   3,174,900"
"4909","510429","(주)씨에이치테크","   3,174,400"
"4910","170027","유진정보(주)","   3,174,100"
"4911","200838","(주)포스콤에스아이","   3,173,900"
"4912","540164","(주)대한전기","   3,173,200"
"4913","310345","(주)나우테크","   3,173,100"
"4914","310552","주식회사 중앙일렉파워","   3,171,500"
"4915","112273","(주)승도이엔씨","   3,171,300"
"4916","420175","(주)테라네트웍스","   3,171,000"
"4916","130190","(주)명성정보통신","   3,171,000"
"4918","430287","케이에스이씨(주)","   3,169,800"
"4919","150240","(주)네트워크코리아","   3,169,700"
"4920","550309","주식회사 케이케이정보통신","   3,169,500"
"4921","610280","주식회사 순광전력","   3,169,100"
"4922","430286","(주)본시스","   3,168,900"
"4923","311406","누리텔레콤","   3,168,700"
"4924","510548","(주)에스유지","   3,168,100"
"4925","550228","(주)플러스넷","   3,167,900"
"4926","312246","주식회사 에스엔이엔씨(SNENC Co.,Ltd.)","   3,167,500"
"4927","310487","(주)윈윈텔레콤","   3,166,300"
"4928","140261","주식회사 새한이엔텔","   3,164,900"
"4929","550238","주식회사 가가정보","   3,163,200"
"4930","312072","주식회사 티온시스템","   3,162,800"
"4931","311938","주식회사 대광아이엔씨","   3,162,000"
"4932","530017","동보텔레콤(주)","   3,161,900"
"4933","610319","주식회사 스카이넷","   3,161,200"
"4934","110616","주식회사 청호아이씨티(CHUNGHO ICT CO., LTD.)","   3,159,900"
"4935","550223","자림솔루션(주)","   3,158,900"
"4935","201925","유니원아이앤씨(주)","   3,158,900"
"4937","112518","(주)한국에스알테크","   3,158,800"
"4937","112700","(주)이지넷콤","   3,158,800"
"4939","320002","시우넷","   3,157,300"
"4940","311170","케이에스정보기술(주)","   3,157,200"
"4941","510544","주식회사 산수","   3,157,100"
"4942","203561","주식회사 부민더블유엔피","   3,156,800"
"4943","200792","한서전자","   3,156,300"
"4943","610372","주식회사 유비코","   3,156,300"
"4945","204132","주식회사 아이코어이앤씨","   3,156,000"
"4945","203765","솔트정보시스템 주식회사","   3,156,000"
"4947","420373","주식회사 유성티엔에스","   3,155,200"
"4948","430193","더산테크 주식회사","   3,155,100"
"4949","113275","(주)한일환경테크","   3,154,900"
"4950","202835","주식회사 아이앤서브","   3,153,000"
"4951","311773","주식회사 테라시스","   3,152,300"
"4952","550339","(주)조은엔지니어링","   3,151,100"
"4953","130135","(주)마이크로닉","   3,148,900"
"4954","111534","(주)한국데이타통신","   3,146,400"
"4955","420254","기린정보통신(주)","   3,146,200"
"4956","203985","주식회사 에스에이치엔","   3,145,500"
"4957","420358","주식회사 삼인에이치엔티","   3,145,300"
"4958","410361","주식회사 더캠","   3,145,200"
"4959","350447","주식회사 미래엔텍","   3,144,900"
"4960","310230","(주)성진에스에스","   3,144,400"
"4961","311539","(주)소리통신기술","   3,143,300"
"4962","320087","(주)한얼미디어시스템","   3,142,600"
"4963","320290","주식회사 선진정보통신","   3,141,700"
"4964","620167","(주)인정보기술","   3,141,600"
"4965","310756","주식회사 이룸","   3,141,500"
"4966","510461","지원건설(주)","   3,140,700"
"4967","111502","(주)쏠리드(Solid, Inc.)","   3,140,400"
"4968","202448","(주)엘제이텍","   3,139,600"
"4969","610094","주식회사 스페이스링크","   3,139,400"
"4969","201753","주식회사 씨티","   3,139,400"
"4971","202002","주식회사 태영아이앤씨","   3,139,000"
"4972","111037","(주)써니텔레콤","   3,138,600"
"4973","540358","(주)케이에스기술통신","   3,138,500"
"4973","520103","돈오정보통신","   3,138,500"
"4975","203496","주식회사 일광테크","   3,137,800"
"4976","201616","(주)엠씨미디어솔루션","   3,135,300"
"4977","610371","주식회사 엠시드","   3,135,200"
"4978","620286","주식회사 범호전력","   3,135,100"
"4979","140375","(주)티엔정보기술","   3,134,200"
"4980","112421","주식회사 부일이엔씨","   3,132,900"
"4981","120317","(주)다해","   3,132,700"
"4982","130326","수영개발산업 주식회사","   3,131,500"
"4983","420427","주식회사 엑소텍","   3,131,300"
"4984","201152","매컴정보통신(주)","   3,131,000"
"4985","311551","(주)포콤","   3,130,100"
"4986","311573","(주)이랜드건설","   3,129,500"
"4987","112074","주식회사 만성","   3,129,200"
"4988","350163","(주)지에스씨","   3,126,700"
"4989","120286","동양전자통신","   3,126,000"
"4990","640018","광덕전력(주)","   3,125,000"
"4991","203016","주식회사 케이엔엑스정보통신","   3,124,300"
"4992","112847","하이웨이브(주)","   3,123,600"
"4993","201779","(주)넥스모어시스템즈","   3,122,800"
"4994","120539","(주)순흥이엔지","   3,122,700"
"4995","201879","(주)파인앤애플시스템즈","   3,122,100"
"4996","202126","주식회사 엘템","   3,121,100"
"4997","310726","씨티에스정보기술(주)","   3,120,000"
"4998","410176","에이트리정보통신(주)","   3,119,200"
"4999","311066","(주)티엠이앤씨","   3,119,000"
"4999","410242","(주)부원건설","   3,119,000"
"4999","202168","(주)에스에이치아이티","   3,119,000"
"5002","201210","(주)삼원홀딩스","   3,118,700"
"5003","203518","주식회사 리번드","   3,118,400"
"5004","113108","주식회사 창일","   3,117,900"
"5005","510625","(주)토탈소프트뱅크","   3,117,600"
"5006","550076","(주)에스앤에이치","   3,117,100"
"5006","430028","(주)마루지앤에스","   3,117,100"
"5008","111327","(주)홍남테크","   3,116,800"
"5009","620235","주식회사 도현이앤지","   3,116,700"
"5010","203269","리얼타임비쥬얼 주식회사","   3,116,600"
"5011","111983","(주)구남텍","   3,115,700"
"5012","203729","주식회사 지지56코리아(GG56 KOREA LIMITED)","   3,114,900"
"5012","204318","주식회사 뷰런테크놀로지","   3,114,900"
"5014","410365","주식회사 신흥이앤씨","   3,114,400"
"5015","540158","명성정보통신","   3,114,300"
"5016","312377","주식회사 엔플럭스","   3,113,000"
"5017","312492","비엘프로세스 주식회사","   3,112,800"
"5018","120096","(주)서진통신","   3,111,800"
"5019","640049","디지탈플랜","   3,110,000"
"5020","180072","한신이엔씨","   3,106,600"
"5021","430367","주식회사 지원이엔지","   3,106,200"
"5022","520091","(주)동양엔지니어링","   3,105,200"
"5023","510345","(주)씨엔마스타","   3,104,100"
"5024","113346","(주)지비엠아이엔씨","   3,104,000"
"5025","112970","우현전기(주)","   3,102,400"
"5026","630354","주식회사 라곤이엔씨","   3,101,600"
"5027","410062","주식회사 예인이엔지","   3,100,600"
"5028","201272","(주)엔비웨어","   3,100,100"
"5029","202637","오렌지시스 주식회사","   3,099,900"
"5030","610020","신아정보통신","   3,099,800"
"5031","330224","(주)한성정보시스템","   3,099,700"
"5032","311418","(주)아이앤씨테크놀로지","   3,098,900"
"5033","610092","(주)보성전력","   3,098,800"
"5034","510552","(주)앤츠","   3,098,600"
"5034","350396","주식회사 케이폴넷","   3,098,600"
"5036","113488","일광전기통신","   3,098,100"
"5037","160137","주식회사 제이엔","   3,097,700"
"5038","350273","주식회사 에이피솔루션","   3,097,200"
"5039","312677","주식회사 제이더블유","   3,096,900"
"5039","140201","(주)연암이엔지","   3,096,900"
"5041","200556","(주)대용와트스","   3,096,600"
"5042","204136","주식회사 길빛","   3,095,700"
"5043","111873","동방신에너지(주)","   3,095,400"
"5044","311659","(주)쏠리드윈텍","   3,094,500"
"5045","202000","주식회사 포니링크(PonyLink Co., Ltd.)","   3,093,200"
"5046","350511","주식회사 에이쓰리","   3,091,100"
"5047","510714","탑 솔루션","   3,091,000"
"5048","311607","주식회사 우신","   3,090,900"
"5049","430246","(주)제이디","   3,090,600"
"5050","350333","주식회사 아키브소프트","   3,090,300"
"5050","320097","(주)인찬","   3,090,300"
"5052","350151","(주)모아넷","   3,090,200"
"5053","540242","주식회사 대운정보","   3,090,100"
"5054","620297","주식회사 승호전력","   3,090,000"
"5055","410134","엔에스정보통신(주)","   3,089,500"
"5056","630376","유한회사 드림씨앤씨","   3,088,800"
"5057","350464","주식회사 씨엠디코리아","   3,087,600"
"5058","113268","제일음향정보통신(주)","   3,087,200"
"5059","350169","(주)누리정보시스템","   3,086,600"
"5060","201723","(주)디엠씨정보","   3,085,500"
"5060","530235","(주)씨투정보통신","   3,085,500"
"5062","200603","주식회사 한국에이브이산업","   3,085,200"
"5063","203026","주식회사 케이제이이엔씨","   3,084,400"
"5064","540033","신성통신 주식회사","   3,082,500"
"5065","311228","(주)세연아이씨티","   3,081,400"
"5066","420186","(주)쎄트렉아이","   3,080,500"
"5066","540143","세원정보통신","   3,080,500"
"5068","530015","주식회사 태림이앤씨","   3,080,300"
"5069","120097","(주)대원정보통신","   3,080,200"
"5069","350072","(주)성운이엔지","   3,080,200"
"5071","201827","(주)에이시스","   3,079,600"
"5072","610400","주식회사 시온테크닉스","   3,079,200"
"5073","201375","(주)크로스젠","   3,078,800"
"5074","311370","(주)앤솔루션","   3,078,400"
"5075","620250","주식회사 지호","   3,078,100"
"5076","140452","주식회사 은지정보통신","   3,077,700"
"5077","610129","(주)세진엔지니어링","   3,076,800"
"5078","203210","주식회사 에바테크놀러지(Evatechnology Co., Ltd.)","   3,076,300"
"5079","620404","에스엠이엔티 주식회사","   3,075,100"
"5080","130220","주식회사 신한네트웍스","   3,073,900"
"5081","140477","(주)국제정보통신","   3,073,700"
"5082","202119","케이티커머스(주)","   3,072,500"
"5082","120752","씨존테크","   3,072,500"
"5084","312339","주식회사 하이드로셈","   3,072,400"
"5085","610422","주식회사 시지아이","   3,071,800"
"5086","630245","주식회사 반디","   3,071,300"
"5087","150660","월드시스템 주식회사","   3,070,700"
"5088","203100","주식회사 큐엔큐","   3,070,100"
"5088","110049","(주)한일종합산업","   3,070,100"
"5090","320337","주식회사 로아아이앤씨","   3,069,800"
"5091","330155","(주)기성산업","   3,069,300"
"5092","350567","주식회사 미디어컨버전스","   3,068,600"
"5093","630039","호원건설(주)","   3,068,300"
"5094","410398","(주)세종윈","   3,067,500"
"5095","110202","케이비에스미디어(주)","   3,066,700"
"5096","203764","주식회사 앱이지","   3,066,600"
"5097","430302","주식회사 토탈플랜","   3,066,100"
"5098","312350","주식회사 알체라","   3,065,900"
"5099","200611","(주)에이피에스코퍼레이션","   3,065,700"
"5100","130386","(주)아이티인프라엔","   3,065,600"
"5101","540268","합자회사 기명이아이티","   3,064,100"
"5102","510562","(주)태영아이티","   3,063,600"
"5103","610055","주식회사 쏠에너지","   3,062,600"
"5104","410275","제이엔에스 주식회사","   3,062,300"
"5105","202562","(주)서울티엔에스","   3,061,400"
"5106","350284","(주)다인이엔에스","   3,061,000"
"5107","203448","거산테크 주식회사","   3,060,700"
"5108","202219","한독컴퓨터(주)","   3,059,900"
"5109","200658","(주)큰날개","   3,059,700"
"5110","540413","주식회사 비에이치","   3,059,600"
"5111","202983","주식회사 연일전력","   3,057,500"
"5112","311340","주식회사 이엘피케이뉴","   3,057,200"
"5113","200039","주식회사 엘티네트워크","   3,055,300"
"5114","140259","(주)다온전력","   3,055,200"
"5115","540229","다은정보통신(주)","   3,055,100"
"5116","350399","(주)알림시스템","   3,053,800"
"5117","630343","유한회사 세연정보시스템","   3,053,600"
"5118","112915","컨버젼스 주식회사","   3,052,900"
"5119","202969","주식회사 씨투아테크놀러지","   3,052,700"
"5120","111036","코맥스씨앤씨","   3,052,600"
"5121","550511","이수이엔지(주)","   3,051,700"
"5122","350075","기쁜전자통신(주)","   3,051,600"
"5123","311784","주식회사 피닉스씨엔씨","   3,050,800"
"5124","203031","주식회사 원우이엔지","   3,049,800"
"5125","312140","가온테크 주식회사","   3,048,900"
"5126","201239","화인씨엔이(주)","   3,047,600"
"5127","140336","(주)신성정보통신","   3,047,200"
"5128","201246","지에스네트웍스(주)","   3,047,000"
"5129","310660","(주)신영씨앤디","   3,046,900"
"5129","110359","주식회사 미래아이앤지(MiraeING.Co.,Ltd.)","   3,046,900"
"5131","202163","주식회사 우솔네트웍스","   3,045,900"
"5132","170178","(주)파워테크놀노지","   3,045,800"
"5132","630131","주식회사 더블유아이","   3,045,800"
"5134","140277","(주)동부이엔씨","   3,045,200"
"5135","310735","(주)미래네트웍스","   3,044,100"
"5136","520165","주식회사 위드이엔씨","   3,043,500"
"5137","530115","(주)이지스","   3,041,500"
"5138","420396","주식회사 에프비지코리아","   3,040,200"
"5139","310716","주식회사 폴라리스에이아이핸디(Polaris AI Handy Corp.)","   3,039,400"
"5140","530274","신네트웍스(주)","   3,039,300"
"5141","201963","(주)엑스큐어넷","   3,038,500"
"5142","320376","주식회사 자몽컴퍼니","   3,037,300"
"5143","311931","유티정보 주식회사","   3,037,100"
"5144","311274","(주)대한티피에스","   3,036,100"
"5145","202724","(주)코난테크놀로지","   3,036,000"
"5146","202903","주식회사 위드넷","   3,035,200"
"5147","110051","(주)영원텔레콤","   3,034,600"
"5148","320456","티.비.티. 주식회사","   3,034,300"
"5149","202641","(주)엔에스미디어","   3,031,800"
"5150","111402","성원정보통신(주)","   3,031,400"
"5151","610133","주식회사 탑천통신","   3,029,300"
"5152","550007","(주)탑이엔씨","   3,029,000"
"5153","311548","(주)가암테크","   3,028,100"
"5153","311409","퍼스트통신(주)","   3,028,100"
"5155","430280","한국건설연구소 주식회사","   3,027,300"
"5155","311090","(주)우리이엔시","   3,027,300"
"5157","550422","주식회사 성천정보통신","   3,027,200"
"5158","640192","주식회사 에코브레인","   3,026,800"
"5159","420164","(주)세화","   3,026,700"
"5160","350032","청석전기(주)","   3,026,300"
"5160","350013","두손(주)","   3,026,300"
"5162","111363","알에스전기통신(주)","   3,026,200"
"5163","610158","대한시스템 유한회사","   3,026,000"
"5164","200119","(주)산암텍","   3,025,600"
"5165","203006","주식회사 랩241","   3,025,500"
"5166","510430","주식회사 에이원파워텍","   3,024,700"
"5167","550065","영재정보통신(주)","   3,023,400"
"5168","203824","주식회사 트러스테이 (Trustay Co.,Ltd.)","   3,023,300"
"5169","350392","에스피엘아이에스코리아 주식회사","   3,023,200"
"5170","610367","주식회사 동현전기","   3,022,700"
"5171","120309","삼일정보시스템(주)","   3,021,500"
"5172","202209","(주)엘엔케이네트웍스","   3,021,400"
"5173","180050","(주)월드전자","   3,019,700"
"5174","420080","(주)미래정보통신","   3,018,800"
"5175","150509","부강전설(주)","   3,018,100"
"5176","310155","(주)이컴정보기술","   3,017,800"
"5177","312146","사회복지법인 성만원","   3,017,400"
"5178","202656","(주)에스지테크놀러지","   3,017,000"
"5179","510015","(주)한텍시스템","   3,013,000"
"5180","203709","주식회사 헤로스테크","   3,012,900"
"5181","330317","주식회사 원주사무기","   3,012,600"
"5182","530213","(주)정풍시큐리티","   3,011,700"
"5183","510483","청원전기(주)","   3,010,700"
"5184","510086","한울림네트웍(주)","   3,010,600"
"5184","200528","태양이엠씨(주)","   3,010,600"
"5186","410115","와이에이치테크","   3,010,000"
"5187","130196","주식회사 남양아이씨티","   3,009,800"
"5188","610275","주식회사 창현아이티","   3,008,700"
"5188","620236","(주)애니원(NE-ONE Co.,Ltd.)","   3,008,700"
"5190","510649","(주)엠디케이","   3,008,500"
"5191","350584","주식회사 정현정보","   3,007,700"
"5192","311307","(주)중앙에스엠씨","   3,007,300"
"5193","520040","(주)에스케이범통신","   3,006,600"
"5194","610449","주식회사 이연통신","   3,005,500"
"5195","510582","(주)에스씨티","   3,004,900"
"5196","320306","토탈이앤텍","   3,004,500"
"5196","330128","주식회사 도은","   3,004,500"
"5198","310274","(주)호성정보통신","   3,003,600"
"5199","630339","주식회사 엠에이치텍(MH TECH Co.,Ltd.)","   3,003,200"
"5200","202426","(주)나래젠","   3,002,400"
"5200","630253","주식회사 에이치케이","   3,002,400"
"5202","201844","주식회사 나노넷","   3,002,200"
"5203","201997","주식회사 엠디에스모빌리티(MDS Mobility Inc.)","   3,001,600"
"5204","310679","(주)텔컴","   3,001,200"
"5205","410021","예스정보기술(주)","   3,001,000"
"5206","610004","준상정보통신(주)","   3,000,800"
"5207","520055","주식회사 이에스아이티(ESIT Co.,Ltd.)","   2,999,900"
"5208","201632","(주)솔트룩스","   2,999,700"
"5209","112867","(주)대신","   2,999,100"
"5210","202116","(주)에어큐브","   2,999,000"
"5211","311850","주식회사 마테","   2,998,300"
"5212","120829","(주)태건","   2,998,200"
"5213","120135","평산정보통신(주)","   2,997,900"
"5214","310624","주식회사 진명전기통신","   2,997,700"
"5215","110631","주식회사 광진테크","   2,997,600"
"5216","510174","주식회사 보람정보통신","   2,997,400"
"5217","120083","세움정보통신 주식회사","   2,996,700"
"5218","540552","주식회사 플랜텍(PLANTEC Co., Ltd.)","   2,996,600"
"5218","203769","주식회사 알트에이","   2,996,600"
"5220","311188","(주)썬즈","   2,996,300"
"5221","430092","(주)엔씨미디어정보통신","   2,996,000"
"5222","130500","주식회사 레일","   2,995,700"
"5223","410288","비피에스테크 주식회사","   2,995,400"
"5224","420039","(주)해원이앤지","   2,994,800"
"5224","111241","(주)가람씨앤씨","   2,994,800"
"5226","160204","주식회사 파인테크","   2,994,600"
"5227","110649","(주)흥일통신","   2,993,900"
"5228","510356","비원이미지 주식회사","   2,992,200"
"5229","410147","주식회사 스마트정보기술","   2,992,100"
"5229","510193","(주)부경정보통신","   2,992,100"
"5231","640060","(주)글로비트","   2,992,000"
"5232","350154","(주)신성엔에스텍","   2,991,800"
"5233","200510","(주)엘트정보기술","   2,989,400"
"5234","410347","주식회사 티이케이","   2,988,600"
"5234","510748","주식회사 힘네트워크(HIM NETWORK Co., Ltd.)","   2,988,600"
"5236","310920","(주)비솔","   2,988,200"
"5237","320467","주식회사 비엔솔루션","   2,987,700"
"5238","312424","주식회사 가스트론","   2,987,400"
"5239","550367","에스에이치텔레콤 주식회사","   2,986,900"
"5240","312394","주식회사 엘다임","   2,986,800"
"5241","160065","(유)광명통신","   2,986,600"
"5241","203098","주식회사 크리에이티브솔루션","   2,986,600"
"5241","203194","키코아이비에스 주식회사","   2,986,600"
"5244","120295","백광미디어","   2,986,200"
"5245","510686","주식회사 다인","   2,985,300"
"5246","311324","와이에스티(주)","   2,984,800"
"5247","140440","(주)한누리테크","   2,984,000"
"5247","140314","(유)삼학무선전자장비","   2,984,000"
"5249","550105","주식회사 다해","   2,983,800"
"5250","111151","(주)흥화","   2,983,600"
"5251","420350","엘제이테크 주식회사","   2,980,900"
"5252","120277","비호시스템(주)","   2,979,600"
"5253","110749","주식회사 엔에스","   2,979,300"
"5254","350562","제이디네트워크 주식회사","   2,978,900"
"5254","330027","제이에스통신(주)","   2,978,900"
"5256","120098","(주)청원통신","   2,977,700"
"5257","550093","진우전자","   2,977,400"
"5258","203859","펜타린크 주식회사 (PentaLink Inc.)","   2,976,900"
"5258","202167","주식회사 하이디(HIGHD Co., Ltd)","   2,976,900"
"5258","203735","한별전기 주식회사","   2,976,900"
"5261","430289","주식회사 에스지앤아이 (SG&I Co., Ltd.)","   2,976,300"
"5262","320370","옹진전력 주식회사","   2,976,200"
"5263","150599","(주)티앤씨텍","   2,976,100"
"5264","180043","주식회사 동방전력","   2,974,000"
"5264","312003","주식회사 진광텔레콤","   2,974,000"
"5266","202902","주식회사 씨디엠비","   2,973,600"
"5267","200935","(주)제오네트웍스","   2,973,500"
"5268","110571","풍림산업(주)","   2,973,400"
"5269","111738","현진아이씨티 주식회사","   2,972,700"
"5269","550207","(주)대연애드","   2,972,700"
"5271","312097","주식회사 라온시스","   2,972,400"
"5272","410117","데이타링크시스템(주)","   2,972,000"
"5273","520151","주식회사 모은정보기술","   2,971,300"
"5274","350272","(주)이노씨앤정보통신","   2,971,200"
"5275","202709","(주)실로아이앤씨","   2,970,800"
"5276","610305","주식회사 이트랜드","   2,970,200"
"5277","203516","주식회사 아이티콘","   2,970,100"
"5278","203383","삼보과학 주식회사","   2,968,900"
"5279","310671","(주)아이비에스코리아","   2,967,100"
"5280","620344","주식회사 도원이엔씨","   2,966,900"
"5281","202413","에스케이에코플랜트 주식회사 (SK ecoplant Co., Ltd.)","   2,964,900"
"5281","311883","주식회사 득성정보통신","   2,964,900"
"5283","640068","(주)바우텍","   2,964,600"
"5284","530271","주식회사 에버이엔씨","   2,964,500"
"5285","320151","(주)다인미디어시스템","   2,964,100"
"5286","310873","(주)유디피시스","   2,963,300"
"5287","320399","에이치엠","   2,963,200"
"5288","203925","주식회사 버넥트 (VIRNECT CO., LTD.)","   2,963,000"
"5289","312503","주식회사 수성일렉트릭","   2,962,900"
"5290","200922","주식회사 케스피온 (KESPION Co., Ltd.)","   2,962,600"
"5291","120108","(주)팔팔전기통신소방","   2,961,800"
"5292","200805","(주)인텍하우징","   2,960,700"
"5293","201706","인터아이코리아(주)","   2,960,300"
"5294","200602","(주)대웅텔레콤","   2,958,800"
"5295","120149","(주)포스텍","   2,958,200"
"5296","203197","주식회사 두루안","   2,955,900"
"5297","420329","주식회사 정우시스템","   2,955,600"
"5298","320188","(주)대동기전","   2,955,400"
"5299","350461","주식회사 더블에스아이","   2,955,000"
"5300","112673","(주)론스텍","   2,953,900"
"5301","510319","한빛네트워크","   2,953,700"
"5302","550040","(주)퓨전아이티","   2,951,000"
"5303","510545","(주)비전테크","   2,950,100"
"5304","110059","흥화텔레콤(주)","   2,948,900"
"5305","120366","대진네트워크 주식회사","   2,948,400"
"5306","202053","리드정보기술(주)","   2,948,300"
"5306","311386","(주)맥스윈","   2,948,300"
"5308","120717","(주)삼산전자통신","   2,948,000"
"5308","203932","트리거정보기술 주식회사","   2,948,000"
"5308","312571","주식회사 포투","   2,948,000"
"5311","311466","(주)씨앤코","   2,947,600"
"5312","310513","(주)파스컴","   2,946,800"
"5312","320288","(주)대평전기","   2,946,800"
"5314","430275","주식회사 새봄정보통신","   2,946,700"
"5315","420399","주식회사 엠아이티산업","   2,945,900"
"5316","200320","젠트넷정보기술(주)","   2,945,800"
"5317","201758","(주)씨에스콘트롤즈","   2,945,100"
"5318","130166","한화통신(주)","   2,944,900"
"5319","350489","주식회사 이노씨앤에스","   2,941,700"
"5320","202984","주식회사 조은코디스","   2,941,600"
"5321","311484","(주)상아엠에스디","   2,941,200"
"5322","640172","주식회사 우리정보통신","   2,941,100"
"5323","203631","주식회사 에이텐시스템","   2,940,600"
"5324","111737","(주)선진콘트롤엔엑세스","   2,939,700"
"5325","201834","(주)타임게이트","   2,939,300"
"5326","330048","(주)대신피아이씨","   2,938,600"
"5327","201560","(주)신보기전","   2,937,700"
"5328","610397","남부산전 주식회사","   2,937,600"
"5329","203351","주식회사 인프로(INPRO Inc.)","   2,936,700"
"5329","204242","주식회사 딥파인(deepfine Co.,Ltd.)","   2,936,700"
"5331","311004","우성이엔디(주)","   2,935,400"
"5332","620248","다음산업개발 주식회사","   2,934,700"
"5333","112147","삼매정보통신(주)","   2,934,600"
"5334","203801","드림타워솔루션 주식회사","   2,934,500"
"5335","113495","(주)제이비네트웍스","   2,934,300"
"5336","312541","컴레이저 주식회사","   2,932,700"
"5336","310530","(주)케이엠미디어","   2,932,700"
"5338","203874","주식회사 비에이치에스","   2,931,500"
"5339","200243","신광씨앤티(주)","   2,930,900"
"5340","310840","성보정보통신(주)","   2,930,400"
"5341","120650","(주)성보시스템","   2,929,000"
"5342","520122","(주)현진전자","   2,928,800"
"5343","201498","(주)네오위드넷","   2,928,200"
"5344","420363","주식회사 세종통신","   2,926,700"
"5345","111603","한별정보통신","   2,926,500"
"5346","540382","주식회사 세양전기","   2,926,100"
"5347","410377","주식회사 선진이앤씨","   2,925,900"
"5348","430118","(주)신성미네랄","   2,925,700"
"5349","312504","주식회사 맥스네트워크","   2,924,400"
"5350","200628","세인에스앤씨(주)","   2,923,300"
"5351","410251","(주)티아이","   2,923,000"
"5352","312165","주식회사 다보링크","   2,922,500"
"5353","120077","주식회사 영데이타통신전기","   2,920,800"
"5354","120537","삼화텔콤","   2,920,500"
"5354","140219","(주)한백","   2,920,500"
"5354","311961","트리코스 주식회사","   2,920,500"
"5357","202178","주식회사 가나이엔씨","   2,920,400"
"5358","530427","주식회사 다우통신","   2,919,800"
"5359","130450","동원이엔지 합자회사","   2,919,600"
"5360","170144","주식회사 태림","   2,919,200"
"5361","160223","(유)비엔에스테크","   2,916,100"
"5362","630238","주식회사 서해정보통신","   2,915,400"
"5362","150167","신성정보통신","   2,915,400"
"5364","610415","주식회사 티이에프","   2,914,500"
"5365","510165","(주)한국에스시엔","   2,914,400"
"5366","110809","(주)스피드정보통신","   2,913,200"
"5367","203257","주식회사 웨이텍(WAYTECH CO.,LTD.)","   2,912,200"
"5368","112764","(주)태양이엔씨","   2,912,000"
"5369","170177","(주)서진멀티미디어통신","   2,911,100"
"5370","120559","(주)소리통신","   2,910,400"
"5371","202208","(주)비엠시스솔루션","   2,910,200"
"5372","201856","(주)지케스","   2,910,100"
"5373","420389","주식회사 디원","   2,909,600"
"5374","170141","(주)중앙텔레콤","   2,909,500"
"5375","310885","경기정보통신(주)","   2,909,400"
"5376","630195","주식회사 건하정보통신","   2,907,200"
"5377","620202","(주)피데스","   2,906,900"
"5378","312518","에너시스주식회사","   2,906,500"
"5379","203976","주식회사 파크원에이피에스","   2,904,400"
"5380","111108","정암전기통신(주)","   2,904,100"
"5381","201525","(주)큐앤아이티","   2,903,100"
"5382","312392","주식회사 이레에스엔씨","   2,901,400"
"5382","111701","주식회사 비엠더코리아","   2,901,400"
"5384","550375","(주)미래정보시스템","   2,901,000"
"5385","203233","주식회사 우성정보기술","   2,899,500"
"5386","530288","(주)태성전력","   2,899,200"
"5387","311035","(주)협성기전","   2,899,100"
"5388","204152","세이지 주식회사(SAIGE Co.,Ltd.)","   2,898,000"
"5389","203837","주식회사 에이아이텔레콤 (AI Telecom Co.,Ltd.)","   2,896,800"
"5390","510061","(주)대하테크","   2,895,900"
"5391","520052","주식회사 다올전기","   2,895,800"
"5392","120372","(주)누리정보기술","   2,893,900"
"5393","112630","(주)한국정보기술단","   2,892,600"
"5394","610035","(주)동양에너텍","   2,892,000"
"5395","310984","(주)연화엠텍","   2,890,900"
"5396","203149","주식회사 에이다루트 (AIDA Root Corp.)","   2,889,600"
"5397","201017","(주)유엘네트웍스","   2,889,500"
"5397","630332","유한회사 새롬정보통신","   2,889,500"
"5399","120834","베스트원(주)","   2,889,400"
"5400","203796","에이텐코리아 주식회사","   2,888,800"
"5401","520054","(주)컴넷","   2,888,500"
"5402","510661","주식회사 한민경테크","   2,887,800"
"5403","350593","에스엠피플스 주식회사","   2,887,200"
"5404","312614","세온시스템 주식회사","   2,886,900"
"5405","140448","(주)광진","   2,885,700"
"5406","610118","(주)옥주전력","   2,884,200"
"5407","111540","건영네트웍스(주)","   2,883,900"
"5408","530149","주식회사 샤론정보통신","   2,883,700"
"5409","201980","(주)동훈아이텍","   2,881,200"
"5410","430056","일송건설 주식회사","   2,880,800"
"5411","203550","주식회사 심플랫폼(Simplatform Co., Ltd.)","   2,879,300"
"5412","410224","주식회사 윤성워터텍","   2,878,100"
"5413","530126","(주)신라이앤씨","   2,877,900"
"5413","330236","주식회사 하나테크","   2,877,900"
"5415","202034","하나정보통신","   2,876,700"
"5416","410265","주식회사 뉴비엘","   2,876,400"
"5416","320204","주식회사 에스아이텍","   2,876,400"
"5418","530367","라온정보통신","   2,876,000"
"5419","540430","주식회사 서연","   2,875,900"
"5420","110375","(주)오성전기","   2,874,900"
"5420","610341","주식회사 이현정보","   2,874,900"
"5422","204134","주식회사 엔이티건설","   2,874,200"
"5423","610405","그린씨에스 주식회사","   2,874,000"
"5423","310722","(주)테라테코","   2,874,000"
"5425","550152","주식회사 정한전력","   2,872,900"
"5426","320173","(주)세명인포텍","   2,872,500"
"5427","201377","(주)다경시스템","   2,871,300"
"5428","620354","주식회사 지케이정보통신","   2,869,400"
"5429","312406","(주)한영파트너스에프에이치","   2,869,100"
"5429","203832","주식회사 경우시스테크","   2,869,100"
"5431","203678","비젼네트워크","   2,868,800"
"5432","312011","한국산업써비스 주식회사","   2,868,700"
"5433","550046","(주)성민전력","   2,868,400"
"5434","640111","(유)다복","   2,868,100"
"5435","203539","다인스 주식회사(Dains Co., Ltd.)","   2,867,400"
"5436","312224","주식회사 넥스텝(NEXTEP Co.,Ltd.)","   2,867,100"
"5437","320379","주식회사 참솔테크","   2,866,600"
"5438","111698","(주)신화정보통신","   2,865,800"
"5439","120614","(주)정우통신","   2,865,700"
"5440","330259","주식회사 미르정보기술","   2,864,900"
"5441","540294","주식회사 선엠","   2,864,700"
"5442","630057","(주)에스이","   2,864,300"
"5443","201600","주식회사 영호전기통신","   2,864,000"
"5444","420220","(주)데이터월드","   2,863,000"
"5445","310058","(주)해피로드","   2,862,000"
"5446","113135","태극정보통신","   2,861,700"
"5447","630331","엘티메트릭 주식회사","   2,860,300"
"5448","350516","주식회사 소프트제국","   2,859,400"
"5449","610222","한울통신(주)","   2,859,100"
"5450","311411","주식회사 케이비케이","   2,858,800"
"5451","530291","(주)나래이앤씨","   2,858,700"
"5452","150263","(주)에스디정보통신","   2,858,100"
"5453","311909","유솔정보통신 주식회사","   2,857,900"
"5454","510451","(주)하나정보통신","   2,857,800"
"5455","312467","주식회사 목림정보통신","   2,857,300"
"5456","201721","(주)엠티에스정보기술","   2,857,200"
"5457","310068","느티나무정보통신(주)","   2,856,200"
"5457","320501","주식회사 진솔루션즈","   2,856,200"
"5459","410401","주식회사 제이에스넷","   2,855,200"
"5460","150105","(주)대동정보통신","   2,852,700"
"5461","203898","주식회사 그립 (Grib Co.,Ltd)","   2,852,200"
"5462","201755","(주)동서티앤씨","   2,850,800"
"5463","420533","주식회사 엠제이솔루션","   2,850,300"
"5464","530002","주식회사 가람시스템","   2,849,400"
"5465","311999","주식회사 이노쓰리시스템즈","   2,847,900"
"5466","311150","에스케이플래닛(주)","   2,846,700"
"5467","330272","주식회사 제이에이치테크","   2,846,100"
"5468","610484","주식회사 더블유피","   2,845,100"
"5469","311916","이앤엠솔루션주식회사","   2,844,700"
"5470","203633","대성산업 주식회사(DAESUNG INDUSTRIAL CO.,LTD)","   2,843,700"
"5471","430164","양산전설(주)","   2,843,400"
"5471","140297","주식회사 바로씨앤에스","   2,843,400"
"5473","202277","엠에스피정보기술(주)","   2,842,500"
"5474","111622","대신네트웍스(주)","   2,842,400"
"5474","311229","(주)수인테크","   2,842,400"
"5476","110451","하프트인(주)","   2,840,800"
"5477","320335","주식회사 케이씨이","   2,839,800"
"5478","350003","세계전자","   2,839,000"
"5479","202135","(주)온피아","   2,838,500"
"5480","420247","한결아이씨티 주식회사(Hangeul ICT Co., Ltd.)","   2,837,900"
"5481","430311","(주)케이아이티씨엔씨","   2,837,800"
"5482","130254","(주)한길테크놀로지","   2,837,700"
"5483","420185","(주)유진아이티","   2,836,400"
"5484","530001","(주)동양테크","   2,835,600"
"5485","510033","(주)하나전설","   2,833,700"
"5486","130483","(주)티오피통신","   2,833,500"
"5487","120773","(주)서진정보통신","   2,833,300"
"5488","111625","(주)세계일렉컴","   2,833,200"
"5489","620133","(주)한페이시스","   2,833,000"
"5490","201746","(주)키미데이타","   2,832,800"
"5491","203548","미래일 주식회사","   2,830,700"
"5492","111567","씨아이토피아(주)","   2,830,600"
"5493","203607","주식회사 위피아","   2,830,100"
"5494","550006","주식회사 나이스이엔씨","   2,829,800"
"5495","530027","(주)대한에이브이","   2,829,200"
"5495","312028","주식회사 제이엔아이티","   2,829,200"
"5497","312291","정한인프라 주식회사","   2,827,900"
"5498","430317","케이원","   2,827,500"
"5499","201577","주식회사 스마트캅스","   2,826,700"
"5500","202712","낙원기업(주)","   2,826,500"
"5501","202148","대성엔에스(주)","   2,826,400"
"5502","201712","미래아이티 주식회사","   2,826,300"
"5502","640146","주식회사 올레전자","   2,826,300"
"5504","540066","(주)비엘텍","   2,826,100"
"5505","420245","(주)영민시스템","   2,825,800"
"5506","202842","주식회사 위우너스","   2,825,400"
"5507","510349","주식회사 세화전설","   2,825,300"
"5508","540211","컴라인","   2,824,700"
"5509","410125","(유)다함","   2,824,000"
"5509","620393","주식회사 에스디테크(SD Tech Inc.)","   2,824,000"
"5511","110707","(주)엔오에스","   2,823,700"
"5511","130040","(주)오아이티","   2,823,700"
"5513","350314","주식회사 다인이엔씨","   2,822,500"
"5514","202086","(주)디에스티인터내셔날","   2,821,800"
"5515","112940","(주)현성인포컴","   2,821,500"
"5516","540524","주식회사 이지네트워크(Ez Network Co.,LTD)","   2,820,500"
"5517","610258","시그널테크 주식회사","   2,819,800"
"5518","410105","(주)이노셋","   2,818,600"
"5519","311628","(주)에이스엘이디","   2,817,200"
"5520","620031","(주)다정한넷","   2,816,900"
"5521","410130","(주)믿음정보통신","   2,815,600"
"5522","430212","주식회사 홍우","   2,813,900"
"5523","201891","(주)인디넷","   2,812,800"
"5524","111965","주식회사 에스엘정보통신","   2,812,700"
"5525","310787","(주)리드텍","   2,812,500"
"5526","320463","주식회사 트인아이엔티","   2,812,100"
"5527","112422","태지종합건설(주)","   2,808,800"
"5528","111827","주식회사 케이에스엔지니어링","   2,808,500"
"5529","320140","주식회사 샤인뷰","   2,808,200"
"5530","150385","주식회사 시온정보통신","   2,806,600"
"5531","311184","(주)위스텍","   2,806,200"
"5532","311653","주식회사 씨케이미디어","   2,806,100"
"5533","202124","(주)스마트파워시스템","   2,806,000"
"5534","203614","주식회사 이상시스템","   2,805,600"
"5535","430235","주식회사 수도전기제어","   2,805,500"
"5536","202506","(주)루트온플러스","   2,805,300"
"5537","311486","(주)참좋은넷","   2,804,500"
"5538","312260","주식회사 세이브인시스템","   2,804,400"
"5539","540464","주식회사 중앙정보통신","   2,804,200"
"5539","201168","주식회사 원넷시스템(One-Net System Co.,Ltd.)","   2,804,200"
"5539","320021","(주)유일시스템","   2,804,200"
"5542","310675","(주)제이에스정보통신","   2,804,100"
"5543","120326","나우엔지니어링 주식회사","   2,803,800"
"5544","312189","주식회사 엠투엠테크(M2M Tech Co.,Ltd.)","   2,803,700"
"5544","530051","동우정보통신","   2,803,700"
"5546","320010","이앤텔(주)","   2,802,700"
"5547","311073","주식회사 서치이앤씨 (Seochi E&C)","   2,802,300"
"5548","203228","주식회사 소어텍(soartech Co.,Ltd.)","   2,801,800"
"5549","520035","울산컴퓨터뱅크","   2,801,400"
"5550","111084","(주)유앤후레쉬","   2,801,200"
"5551","202776","주식회사 비스무트","   2,800,700"
"5552","420345","주식회사 이아이에스","   2,800,500"
"5553","110344","(주)유일통신","   2,800,200"
"5554","530378","(주)에이원넷","   2,800,000"
"5555","111259","세진시스콤(주)","   2,799,100"
"5556","201275","(사)한국노인생활지원재단","   2,799,000"
"5557","510650","에이원시스템","   2,798,800"
"5558","202504","주식회사 지엔아이티","   2,798,400"
"5559","630213","주식회사 엔콤","   2,797,300"
"5560","203916","주식회사 광야","   2,796,600"
"5561","310969","(주)씨엔케이솔루션","   2,796,400"
"5562","311704","금강종합건설(주)","   2,794,800"
"5563","310561","(주)호현시스템","   2,794,200"
"5564","200253","주식회사 안영전기공사","   2,793,900"
"5565","350277","주식회사 대산정보통신","   2,793,300"
"5566","150153","일광정보통신","   2,791,200"
"5567","203829","주식회사 지에스디랩(GSDlab Co., Ltd)","   2,790,200"
"5568","350327","주식회사 디앤샤인","   2,790,100"
"5569","530395","합자회사 스타엔지니어링","   2,789,900"
"5570","110922","(주)다우기술","   2,788,700"
"5571","630072","주식회사 나노엔지니어링","   2,786,900"
"5572","510565","비타민전자","   2,786,400"
"5573","320008","한국요꼬가와전기(주)","   2,786,000"
"5574","201328","(주)더솔텍이엔지","   2,785,900"
"5575","201312","주식회사 농협네트웍스","   2,785,700"
"5576","310348","(주)에이엠알시스템","   2,783,100"
"5577","202859","주식회사 하성씨앤아이","   2,782,800"
"5578","112731","호맘디앤씨 주식회사","   2,782,300"
"5579","320210","(주)건화티에스","   2,782,100"
"5580","530401","주식회사 창조전기통신","   2,781,500"
"5581","202101","인프라소프트(주)","   2,781,000"
"5581","420540","주식회사 누림소프트","   2,781,000"
"5583","200645","인콤아이에스(주)","   2,780,100"
"5584","430328","(주)태진정보","   2,779,900"
"5584","160142","(주)하나로","   2,779,900"
"5586","111304","삼양데이타시스템(주)","   2,779,400"
"5587","111686","(주)씨텍","   2,778,200"
"5588","540176","창조데이타","   2,776,200"
"5589","510311","(주)지에스티","   2,775,500"
"5590","311766","주식회사 태영티에스","   2,774,800"
"5591","202795","유비라커산업 주식회사","   2,774,600"
"5592","201518","(주)효성정보통신","   2,774,500"
"5593","640145","주식회사 코리아정보","   2,774,300"
"5593","202573","(주)스마컴","   2,774,300"
"5595","350191","주식회사 평강정보통신","   2,773,500"
"5596","311599","(주)진성이엔지","   2,771,900"
"5597","420432","주식회사 성주통신","   2,771,800"
"5598","430342","주식회사 세원정보통신","   2,771,700"
"5599","430227","(주)한창엔지니어링","   2,770,000"
"5600","130211","(주)서광전기통신","   2,769,200"
"5601","620351","주식회사 다원디엔에스","   2,768,800"
"5602","430065","(주)큰별토탈","   2,768,700"
"5603","620251","우호정보통신 주식회사","   2,767,400"
"5604","311183","(주)다산네트웍솔루션즈","   2,767,300"
"5605","630137","(주)세진파워텍","   2,767,200"
"5606","203333","주식회사 다음정보시스템즈","   2,766,300"
"5607","510359","주식회사 삼화정보","   2,766,200"
"5608","310828","(주)우정하이텍","   2,765,800"
"5609","510002","(주)무진산업기술","   2,764,900"
"5610","420367","주식회사 아스트론아이씨티","   2,764,000"
"5611","140179","케이탑솔루션 주식회사","   2,763,900"
"5612","620419","주식회사 행복이앤씨","   2,763,600"
"5613","170109","명성이앤지","   2,763,400"
"5614","430083","(주)세종아이티","   2,762,700"
"5615","310907","(주)다원아이티","   2,762,600"
"5616","203763","주식회사 토브넷 (Tovnet Corp.)","   2,761,100"
"5617","410095","이지정보통신","   2,759,900"
"5617","311157","(주)씨티넷","   2,759,900"
"5619","410169","주식회사 민테크","   2,759,500"
"5620","620075","태건(주)","   2,759,100"
"5621","204059","주식회사 해피링크","   2,758,900"
"5622","620317","대명전기 주식회사","   2,758,700"
"5623","201136","(주)오성에이브이시스템","   2,758,100"
"5623","430115","메가정보기술","   2,758,100"
"5625","203843","주식회사 에오스 (EOS Co., Ltd)","   2,756,800"
"5626","311286","(주)일진메가텍","   2,756,000"
"5627","510388","(주)드림정보기술","   2,755,800"
"5628","320382","주식회사 대산파워텍","   2,755,300"
"5629","510709","주식회사 창정보통신","   2,752,900"
"5630","111953","엘티정보통신 주식회사","   2,751,400"
"5631","540330","(주)광진기업","   2,749,600"
"5632","610137","(주)제이엠정보통신","   2,749,400"
"5633","350470","이엔아이에스 주식회사","   2,749,200"
"5634","540364","주식회사 현희정보통신","   2,748,300"
"5635","410226","(주)대광전설","   2,748,100"
"5636","430234","주식회사 이엘정보통신","   2,745,800"
"5637","610134","주식회사 준네트웍스","   2,744,300"
"5638","550030","주식회사 디콤","   2,744,200"
"5639","630115","우주에즈원 주식회사(WOOJOOASONE Inc.)","   2,743,600"
"5640","112933","주식회사 에이스","   2,743,500"
"5640","112021","(주)옵텔콤","   2,743,500"
"5642","610362","주식회사 하나이엔지전력","   2,743,000"
"5643","203125","주식회사 아임솔텍","   2,742,900"
"5644","202081","주식회사 케이엘에스티","   2,742,400"
"5645","110092","(주)신기정보통신","   2,742,000"
"5646","111423","(주)기산텔레콤","   2,741,700"
"5647","550439","신일전산 주식회사","   2,741,500"
"5648","110540","발안정보통신","   2,741,200"
"5649","620315","(주)한세시큐리티","   2,741,100"
"5650","150293","우신통신(주)","   2,740,700"
"5651","350458","주식회사 웨이텍이엔지","   2,740,100"
"5652","130149","주식회사 금화전통","   2,739,800"
"5653","610345","주식회사 대성전기","   2,739,700"
"5654","530363","주식회사 삼건","   2,739,000"
"5655","320457","주식회사 에스지옵티컬","   2,738,800"
"5656","311220","주식회사 대경테크","   2,738,000"
"5657","160214","선박전자통신","   2,737,200"
"5658","201887","(주)휴먼인텍","   2,737,100"
"5659","550437","주식회사 부경넷","   2,736,900"
"5660","200294","(주)이서","   2,736,700"
"5661","610239","주식회사 달빛","   2,736,500"
"5662","201909","(주)액트솔루션","   2,736,200"
"5663","310775","(주)마루텔레콤","   2,735,600"
"5664","410140","대천통신(주)","   2,734,200"
"5665","312264","주식회사 혜림","   2,734,100"
"5666","310659","거룡전력(주)","   2,733,100"
"5667","111440","경일위성전자","   2,732,800"
"5668","204194","주식회사 에이디엔노뜨","   2,732,700"
"5669","120584","엔에스시스템(주)","   2,731,900"
"5670","530372","주식회사 삼정디지탈정보","   2,731,300"
"5670","320377","주식회사 오아이씨코리아","   2,731,300"
"5672","111221","(주)씨엘에이에스","   2,731,100"
"5673","150331","(주)대상정보","   2,730,300"
"5674","160235","대승정보통신","   2,729,200"
"5675","430124","(주)삼한정보통신","   2,728,800"
"5676","150224","(주)대구정보","   2,728,400"
"5677","550359","한영전기 주식회사","   2,728,000"
"5678","112822","은하수정보통신(주)","   2,727,800"
"5679","410309","주식회사 디엘정보통신","   2,726,300"
"5680","420278","(주)원광전기","   2,726,100"
"5681","620242","주식회사 명승미디어넷","   2,725,300"
"5682","112048","(주)코어넷","   2,724,700"
"5683","311746","주식회사 제이앤에스통신","   2,723,700"
"5684","150309","삼성그린텔서비스","   2,723,200"
"5685","610201","(주)청림이에프씨","   2,721,600"
"5686","120207","주식회사 미르","   2,721,300"
"5687","420260","(주)자이솜","   2,721,000"
"5688","310822","(주)디지털알에프코리아","   2,720,400"
"5689","410244","탑아이티 주식회사","   2,719,700"
"5690","202455","캐논코리아 주식회사","   2,719,500"
"5691","510304","여송전자","   2,719,400"
"5692","410389","선광테크 주식회사","   2,719,300"
"5692","430128","(주)건우전력","   2,719,300"
"5694","160011","(유)대원통신건설","   2,718,100"
"5695","311387","(주)에코아이씨티","   2,717,900"
"5696","120776","(주)성전사","   2,716,000"
"5697","111727","(주)한얼누리","   2,713,900"
"5698","510519","주식회사 원넷","   2,713,100"
"5699","312105","주식회사 모네에스앤씨(MONE S&C CO., LTD.)","   2,712,800"
"5700","510153","(주)자명기술정보","   2,712,300"
"5700","510731","근영테크","   2,712,300"
"5702","201849","(주)제일보안네트","   2,711,000"
"5703","540288","민정보시스템","   2,710,600"
"5704","201615","주영전자통신 주식회사","   2,710,100"
"5705","630224","주식회사 본테크 ","   2,709,300"
"5706","610169","한국경보(주)","   2,708,900"
"5707","112510","(주)에스에스통신","   2,706,700"
"5708","630345","주식회사 엘앤디테크 (L&D TECH Co.,Ltd)","   2,706,600"
"5709","203394","주식회사 정도아이넷","   2,705,100"
"5710","203546","주식회사 아이에이엠(IAM Co., Ltd.)","   2,705,000"
"5711","350599","주식회사 한성유니티","   2,704,800"
"5712","140017","(주)백승통신","   2,704,400"
"5712","540177","에이스정보통신","   2,704,400"
"5714","350627","(주)유진엘이디","   2,704,200"
"5715","350485","주식회사 지오케이","   2,704,100"
"5716","111883","(주)미래윈정보통신","   2,703,900"
"5716","620024","디오텍 주식회사","   2,703,900"
"5718","111308","(주)대흥데이타통신","   2,703,600"
"5719","520159","석우정보기술 주식회사","   2,703,200"
"5720","410178","삼흥전기 주식회사","   2,703,100"
"5721","112472","(주)마이크로넷","   2,702,800"
"5722","311724","미래이앤시 주식회사","   2,702,400"
"5723","203453","드림디엔엠 주식회사","   2,702,300"
"5724","312170","주식회사 티미","   2,702,200"
"5724","510297","주식회사 성하정보통신","   2,702,200"
"5726","201277","(주)디지탈씨오에스","   2,702,000"
"5727","120066","(주)한성전기","   2,701,600"
"5728","204342","주식회사 제머나이소프트","   2,701,500"
"5729","420496","주식회사 인큐버스","   2,700,600"
"5730","202295","주식회사 주왕정보통신","   2,700,500"
"5731","630293","주식회사 더원티이씨","   2,700,100"
"5732","350097","(주)엘아이지시스템","   2,699,900"
"5733","201393","(유)실릭스","   2,699,500"
"5734","630273","블루텍 유한회사","   2,699,400"
"5735","110054","주식회사 큐브프로퍼티서비스","   2,697,600"
"5736","140411","가나안정보통신(주)","   2,697,400"
"5737","510415","주식회사 엔에이치","   2,696,800"
"5738","540386","주식회사 코네트","   2,696,400"
"5739","440083","주식회사 쿠치 (CWTCH Co.,Ltd.)","   2,695,000"
"5740","410257","(주)나눔정보","   2,694,600"
"5740","350413","주식회사 에이치투테크","   2,694,600"
"5742","640042","(주)진우소프트이노베이션","   2,694,400"
"5743","140022","(유)삼화전설","   2,694,200"
"5743","620294","사단법인 다솜복지회","   2,694,200"
"5745","203479","주식회사 세인엔에스","   2,693,500"
"5746","201609","(주)한남이앤씨","   2,692,000"
"5747","112029","한화호텔앤드리조트 주식회사","   2,691,400"
"5748","120548","주식회사 대명정보통신","   2,691,100"
"5749","310747","주식회사 더원","   2,690,500"
"5749","530129","(주)제윤","   2,690,500"
"5751","201015","지음이엔아이(주)","   2,690,100"
"5752","630009","(유)넥스정보통신","   2,690,000"
"5753","640050","(주)신성정보통신","   2,687,400"
"5753","310759","주식회사 진광엔지니어링건축사사무소","   2,687,400"
"5753","510088","(주)솔루윈스","   2,687,400"
"5756","203905","주식회사 지티알 (GTR Inc.)","   2,684,900"
"5757","610461","주식회사 정원이알텍","   2,684,400"
"5758","540197","(주)제이유테크","   2,684,200"
"5758","430228","(주)코레이트","   2,684,200"
"5758","540213","포우기전(주)","   2,684,200"
"5761","201759","(주)인텍앤컴퍼니","   2,683,900"
"5761","201709","(주)알토","   2,683,900"
"5763","203393","제노솔루션 주식회사","   2,683,800"
"5764","610016","(주)동양에이브이전자통신","   2,683,100"
"5765","203739","이에이트 주식회사 (E8IGHT Co., Ltd.)","   2,682,400"
"5766","120685","(주)위넥","   2,681,700"
"5767","311576","(주)인프라아이씨티","   2,681,000"
"5768","202545","주식회사 시공이엔씨","   2,680,400"
"5769","620217","(유)혜민통신","   2,680,200"
"5770","311734","에스비이엔디 주식회사","   2,679,400"
"5771","320177","(주)지투","   2,678,800"
"5772","510508","(주)유안테크","   2,677,800"
"5773","330243","이화정보통신 주식회사","   2,677,400"
"5774","550536","주식회사 원종합관리","   2,677,100"
"5775","312180","주식회사 다인콘트롤","   2,677,000"
"5776","630160","(주)아이티네트웍스","   2,676,600"
"5777","420047","상강기술(주)","   2,676,300"
"5778","550153","대성정보기술(주)","   2,676,100"
"5779","120350","(주)케이넷통신기술","   2,675,800"
"5780","330141","(주)삼원씨앤지","   2,675,700"
"5781","111591","신성정보통신 주식회사","   2,675,600"
"5782","510209","(주)대웅전기","   2,673,800"
"5783","350192","(주)미디어보성","   2,673,700"
"5784","320496","주식회사 에이제이씨앤씨","   2,672,700"
"5785","510083","동영기업(주)","   2,671,300"
"5786","310824","삼우솔루션 주식회사","   2,668,800"
"5787","203630","주식회사 디브이네스트","   2,668,500"
"5788","540255","지오종합건설(주)","   2,668,100"
"5789","550108","(주)티와이씨엔","   2,667,700"
"5790","180029","대신네트웍스(주)","   2,666,500"
"5791","311460","(주)지우정보기술","   2,666,400"
"5792","312022","제이에스네트웍스","   2,666,300"
"5793","320313","신광전기 주식회사","   2,665,200"
"5794","430238","(주)모아정보통신","   2,663,800"
"5795","430101","(주)제일정보통신","   2,662,800"
"5796","510735","주식회사 무스마(MUSMA Co., Ltd.)","   2,662,700"
"5797","350209","메가일렉(주)","   2,662,600"
"5798","120721","(주)지산미디어통신","   2,662,500"
"5799","111487","한마음통신","   2,662,100"
"5799","530418","주식회사 더원정보","   2,662,100"
"5801","610090","아이앤피통신(주)","   2,661,600"
"5802","112100","(주)엠쏘","   2,660,700"
"5803","530426","주식회사 금오정보통신","   2,660,400"
"5804","630086","(주)정석","   2,659,900"
"5805","311473","주식회사 루다이엔씨","   2,659,600"
"5806","202546","(주)용백전설","   2,658,700"
"5807","203029","주식회사 디토시스","   2,658,600"
"5808","111620","주식회사 태광이엔지","   2,657,900"
"5809","320538","주식회사 제이엘테크놀로지","   2,657,000"
"5810","311253","주식회사 비엘아이앤씨","   2,656,700"
"5811","440054","(주)스마트웨이","   2,655,900"
"5812","311597","(주)어웨이프롬","   2,654,800"
"5813","312043","주식회사 로드맵","   2,654,500"
"5814","540359","주식회사 교림정보통신","   2,654,200"
"5815","311899","(주)스마일서브","   2,652,900"
"5816","203386","주식회사 에이원네트웍스","   2,652,100"
"5817","170153","(주)서흥","   2,651,100"
"5818","311457","주식회사 케이에스시엔시","   2,650,700"
"5819","310792","브이에스이앤티(주)","   2,650,200"
"5820","430204","와이즈넷(주)","   2,649,900"
"5821","203072","기린전자 주식회사","   2,649,600"
"5822","630218","주식회사 베스트정보통신","   2,648,900"
"5823","113284","주식회사 극동이엔씨","   2,648,700"
"5824","420294","주식회사 프레이즈","   2,648,500"
"5825","550160","(주)남해전기","   2,647,900"
"5826","330230","케이티정보통신 주식회사","   2,647,700"
"5827","200916","(주)디지컴아이엔씨","   2,647,200"
"5827","540517","주식회사 한강네트웍스","   2,647,200"
"5829","310166","(주)그레이스정보통신","   2,646,900"
"5830","312272","시흥용사촌안흥합성 주식회사","   2,645,600"
"5831","350344","주식회사 비즈앤컴","   2,645,400"
"5832","310129","그린정보통신","   2,645,100"
"5833","130053","주식회사 디씨앤아이","   2,642,600"
"5834","200955","(주)동일그린시스","   2,642,000"
"5835","550144","(주)원정보통신","   2,641,000"
"5835","120127","주식회사 혜정정보기술","   2,641,000"
"5837","312099","아우시스템 주식회사","   2,640,900"
"5838","113229","하누리정보기술(주)","   2,639,300"
"5838","160121","(유)건창통신","   2,639,300"
"5840","311981","주식회사 투비정보기술","   2,637,800"
"5841","550280","주식회사 대우네트웍스","   2,635,400"
"5841","320408","주식회사 더메이테크","   2,635,400"
"5843","310553","(주)넷마루","   2,634,400"
"5843","550086","(주)유림정보통신","   2,634,400"
"5845","510364","주식회사 지티이앤지","   2,633,700"
"5846","550237","남해조명전기","   2,633,200"
"5847","130017","(주)벽우","   2,632,300"
"5848","202315","(주)엔지엔테크(NGNTech)","   2,631,600"
"5849","203084","주식회사 유진에스엔티","   2,629,400"
"5850","140167","주식회사 신일정보통신","   2,629,000"
"5851","112865","주식회사 동천전력","   2,628,700"
"5852","330025","(주)이젠네트웍스","   2,628,600"
"5853","510765","주식회사 비아이자이로","   2,628,400"
"5854","112253","주식회사 세화텔링크","   2,626,900"
"5855","420097","(주)코어링크","   2,626,500"
"5856","203923","우리정보","   2,625,700"
"5857","130224","(합)나라정보통신","   2,625,600"
"5858","320312","마루이엔씨","   2,625,500"
"5859","530265","휴먼테크","   2,625,300"
"5860","610051","이아이시텍(주)","   2,624,500"
"5861","113054","(주)하나컴퓨터","   2,622,800"
"5862","140162","(주)동우커뮤니케이션","   2,622,600"
"5863","201634","트라이콤텍(주)","   2,622,300"
"5864","410246","주식회사 에스에이","   2,621,900"
"5865","111565","(주)태영정보통신공사","   2,621,600"
"5865","203804","주식회사 모아소프트","   2,621,600"
"5867","202781","주식회사 에스엔에이","   2,619,000"
"5868","320513","주식회사 라이커든","   2,618,600"
"5869","310283","(주)엔이에스","   2,618,300"
"5869","350203","(주)이컴기술","   2,618,300"
"5871","203253","주식회사 기광전기","   2,617,800"
"5872","310194","오케이통신(주)","   2,617,200"
"5873","510136","(주)범한네트웍스","   2,616,700"
"5874","110990","(주)성찬정보통신","   2,616,600"
"5875","620222","다진건설 주식회사","   2,616,200"
"5876","311930","주식회사 티엔피컴","   2,615,900"
"5877","311483","주식회사 소정정보통신","   2,615,700"
"5878","330031","(주)석미","   2,615,300"
"5879","311655","주식회사 크리웨이브이엔지","   2,615,200"
"5880","311412","주식회사 윈즈 (Winz Co., Ltd.)","   2,614,400"
"5881","530108","주식회사 코어라이트","   2,614,200"
"5882","120845","지오넷 주식회사","   2,613,400"
"5883","430264","주식회사 이솜","   2,611,700"
"5884","110298","삼부토건(주)","   2,610,400"
"5885","113323","유비아이티","   2,609,400"
"5886","410036","사성정보통신(주)","   2,608,800"
"5887","201240","(주)포커스타임","   2,608,400"
"5888","350555","주식회사 바른씨에스","   2,605,900"
"5889","203699","주식회사 유니정보","   2,604,900"
"5890","510684","주식회사 비에이치통신","   2,604,700"
"5891","312115","주식회사 세광산업조명","   2,602,900"
"5892","430179","(주)동일전기이앤지","   2,602,300"
"5893","540510","주식회사 모닝아이티","   2,601,900"
"5893","203473","주식회사 티아이피","   2,601,900"
"5895","140467","동양인터엠","   2,601,800"
"5896","310603","(주)휴먼테크","   2,600,300"
"5897","550340","주식회사 대경정보통신 ","   2,599,900"
"5898","610263","주식회사 정토건설","   2,599,800"
"5899","320299","(주)아이티코","   2,599,600"
"5900","630352","신우산업 주식회사","   2,599,300"
"5901","350282","주식회사 경기종합통신","   2,598,400"
"5902","410355","주식회사 대성이앤지","   2,597,000"
"5903","200905","주식회사 한국네트웍스(HANKOOK NETWORKS CO., LTD.)","   2,596,800"
"5904","520115","(주)태영아이씨티","   2,596,700"
"5905","200106","주식회사 클로버플러스","   2,595,300"
"5906","510272","마린전자상사","   2,595,000"
"5907","320355","(주)유비컴","   2,594,300"
"5908","520147","주식회사 태성아이오티","   2,594,200"
"5909","440070","주식회사 아이티써미트","   2,592,900"
"5910","330173","(주)강원브레닉스","   2,592,400"
"5911","202128","(주)신석","   2,592,000"
"5911","130312","(주)금강정보","   2,592,000"
"5913","310156","주식회사 풀빛네트웍","   2,591,900"
"5914","510185","인프리콘(주)","   2,591,800"
"5915","312307","주식회사 케이엠파크","   2,590,300"
"5916","110041","주식회사 동아씨엔아이","   2,590,200"
"5917","203841","주식회사 씨엠지","   2,589,700"
"5918","310542","(주)해창건설","   2,589,500"
"5919","311474","주식회사 퍼스트텍","   2,589,400"
"5920","330159","주식회사 에스에스전력","   2,588,400"
"5921","311890","주식회사 모아데이타","   2,588,300"
"5922","320391","주식회사 다인글로벌산업개발","   2,587,600"
"5923","520072","신현대텔레콤(주)","   2,587,500"
"5924","540426","주식회사 엔에스정보시스템","   2,586,400"
"5925","540178","(주)지오씨엔아이","   2,585,300"
"5926","510382","(주)알엠에이","   2,585,100"
"5927","550092","월드정보통신","   2,584,900"
"5928","350455","주식회사 엔비시스템","   2,584,400"
"5929","510601","(주)도울정보기술","   2,583,800"
"5930","540275","주식회사 예스","   2,583,100"
"5931","510352","(주)일주지앤에스","   2,582,600"
"5932","202762","(주)크루메이트","   2,582,100"
"5932","520186","주식회사 엔소프트","   2,582,100"
"5934","120816","한국이미지시스템(주)","   2,582,000"
"5935","111949","주식회사 해비치이앤티","   2,581,800"
"5935","312210","(주)스위트케이","   2,581,800"
"5935","630002","(주)아진테크노피아","   2,581,800"
"5938","610285","주식회사 파란시스템","   2,581,500"
"5939","204066","주식회사 타스통신","   2,581,000"
"5940","120253","늘푸른통신","   2,578,800"
"5941","530396","아이티솔루션주식회사","   2,578,600"
"5942","410291","주식회사 보람","   2,578,500"
"5943","202417","(주)승일전력산업","   2,577,600"
"5944","510199","(주)명성하이텍","   2,576,900"
"5945","550262","위팩트(WIFECT)","   2,576,700"
"5946","540321","(주)조은시스템","   2,576,400"
"5947","410156","(주)하나기전","   2,576,200"
"5948","140120","한국방송통신(주)","   2,576,000"
"5949","170032","보승개발(주)","   2,575,600"
"5950","420158","(주)일호정보통신","   2,575,400"
"5951","202878","뱅크웨어글로벌 주식회사","   2,574,700"
"5952","620339","주식회사 샤론테크","   2,574,000"
"5952","540185","아이엔티정보통신","   2,574,000"
"5954","550465","주식회사 태원기술정보","   2,573,200"
"5955","510362","진성항해통신","   2,573,000"
"5955","203922","주식회사 에프원시큐리티 (F1 Security Inc.)","   2,573,000"
"5957","610410","(주)에프앤에프네트웍스","   2,572,700"
"5958","520198","주식회사 진성기전","   2,572,600"
"5959","420311","주식회사 남양이. 엔. 지","   2,572,500"
"5960","200917","(주)이스텍","   2,572,200"
"5961","330052","가아전기(주)","   2,572,100"
"5962","420491","에이스이엔지 주식회사","   2,571,700"
"5963","150427","(주)광명정보통신","   2,571,200"
"5964","202865","주식회사 투아이스","   2,570,200"
"5965","200680","(주)포스코에이앤씨건축사사무소","   2,569,800"
"5966","110137","(주)성강통신기술사사무소","   2,569,700"
"5967","203179","디에이치정보 주식회사","   2,569,600"
"5968","610349","주식회사 시원","   2,569,200"
"5969","350348","주식회사 디오에프","   2,569,100"
"5970","510335","(주)방주전기","   2,568,600"
"5971","430010","옥천사무기","   2,567,000"
"5972","311505","(주)와이즈콘","   2,566,500"
"5973","311410","케비스전자(주)","   2,566,000"
"5974","202616","(주)토마토시스템","   2,564,800"
"5975","112638","유림씨스템통신(주)","   2,564,300"
"5976","550132","주식회사 세기","   2,564,200"
"5977","610193","(주)제이앤비","   2,564,100"
"5978","430125","일통정보(주)","   2,563,600"
"5978","202421","난방산업(주)","   2,563,600"
"5980","312666","주식회사 솔라테크","   2,562,400"
"5981","311742","주식회사 피씨로","   2,562,300"
"5981","330189","한일통신 주식회사","   2,562,300"
"5983","550362","주식회사 일성정보통신","   2,562,200"
"5984","120445","주식회사 이우아이엔씨","   2,562,100"
"5985","640053","한서정보통신(주)","   2,561,900"
"5986","130270","(주)고려안전","   2,561,200"
"5987","530218","가인정보시스템","   2,559,800"
"5988","112747","주식회사 대야에스디","   2,558,800"
"5988","510687","주식회사 지엠티엔지니어링","   2,558,800"
"5990","320443","주식회사 세상","   2,558,200"
"5991","640006","일송 주식회사","   2,558,100"
"5992","510629","주식회사 감마미디어정보통신","   2,557,100"
"5993","110071","주식회사 이레이앤씨","   2,556,800"
"5993","203427"," 주식회사 이에이엔테크놀로지","   2,556,800"
"5995","170172","(주)광파통신","   2,556,200"
"5996","130519","(주)조은정보통신","   2,555,400"
"5997","510693","주식회사 신한아이피에스","   2,554,400"
"5998","510613","(주)진성정보통신","   2,554,100"
"5998","530080","(주)네오정보기술","   2,554,100"
"6000","630284","(유)이솜정보통신","   2,553,600"
"6001","320465","주식회사 비바","   2,551,800"
"6002","140397","(주)나노텔레콤","   2,551,300"
"6003","130423","태웅이엔에스(주)","   2,550,900"
"6004","201551","진성정보기술","   2,550,300"
"6005","620159","(주)미래정보","   2,550,000"
"6006","550110","(주)태영텔레콤","   2,548,600"
"6007","320203","(주)아이씨쥐","   2,548,300"
"6008","610290","한길정보통신 주식회사","   2,547,100"
"6009","111856","(주)월드린시스템즈","   2,547,000"
"6010","350462","주식회사 모리아정보통신","   2,546,500"
"6011","203390","동문건설 주식회사","   2,546,000"
"6012","550163","우리아이티에스(주)","   2,545,900"
"6013","350251","주식회사 그레이스컴퍼니","   2,543,500"
"6014","610310","다온정보기술 주식회사","   2,543,400"
"6015","312511","주식회사 에이에스티홀딩스","   2,542,700"
"6016","430113","신우아이앤에스","   2,542,500"
"6017","312269","주식회사 엔케이시스템","   2,541,100"
"6018","130358","신호전자통신","   2,539,900"
"6019","610444","주식회사 아이엠","   2,539,400"
"6020","312530","주식회사 케이티피앤엠","   2,538,300"
"6021","202006","(주)애니베스트","   2,538,100"
"6022","530332","청우디지털정보통신","   2,537,100"
"6022","120578","주식회사 에이치와이이앤씨","   2,537,100"
"6024","201717","펜타시스템테크놀러지(주)","   2,536,700"
"6025","312044","주식회사 에프엠이엔지(FMEnG)","   2,536,600"
"6026","311105","(주)선광기전","   2,535,700"
"6026","150620","주식회사 제이정보통신","   2,535,700"
"6028","520074","(주)그린정보통신","   2,535,500"
"6029","202892","에이비넷 주식회사 (ABnet Co., Ltd.)","   2,535,000"
"6030","350586","주식회사 태성아이앤씨","   2,534,200"
"6031","640032","(주)남호테크","   2,534,100"
"6032","440004","나로텔레콤(주)","   2,532,900"
"6033","420425","KS전기제어","   2,529,900"
"6034","550397","신비텍","   2,529,500"
"6035","201641","(주)경동원","   2,528,300"
"6035","540199","(주)금천산업개발","   2,528,300"
"6037","111354","강산건설(주)","   2,527,800"
"6038","203581","주식회사 넥스톤(NEXTONE Co., Ltd.)","   2,527,700"
"6039","201837","(주)메가서브","   2,527,300"
"6040","310911","(주)유민에쓰티","   2,527,100"
"6041","530131","(주)성창전기","   2,526,400"
"6042","150055","신성통신(주)","   2,524,600"
"6043","130493","다모정보통신(주)","   2,523,800"
"6044","540088","동명아이티(주)","   2,523,300"
"6045","510303","씨더블유정보통신(주)","   2,523,200"
"6046","203380","주식회사 정호디에스","   2,523,000"
"6047","420426","주식회사 나로정보통신","   2,521,900"
"6048","420249","주식회사 비앤스산업","   2,521,600"
"6049","201082","(주)넥타르소프트","   2,521,500"
"6050","203725","주식회사 오엔시스템즈","   2,520,500"
"6051","150516","대건정보통신","   2,520,300"
"6052","110748","(주)대한전기","   2,519,200"
"6053","410181","태양정보통신(주)","   2,519,000"
"6054","610127","한국위성시스템(주)","   2,518,500"
"6055","311717","주식회사 코어전기통신","   2,518,100"
"6055","620262","휴테크엘이디 유한회사","   2,518,100"
"6057","110680","하나로넷(주)","   2,517,900"
"6058","530309","이텍솔루션","   2,517,500"
"6059","311283","주식회사 가나안정보통신","   2,517,100"
"6060","111369","오션파워콤(주)","   2,516,900"
"6061","510132","(주)이지텍","   2,514,600"
"6062","410369","주식회사 도하미디어텍","   2,514,200"
"6063","530389","(주)태광전력","   2,514,100"
"6063","510138","(주)씨아이앤씨","   2,514,100"
"6063","530411","주식회사 에스엠일렉트릭","   2,514,100"
"6066","150251","삼호통신(주)","   2,513,200"
"6067","610284","주식회사 다일시스템","   2,513,000"
"6067","540138","(주)태성정보기술","   2,513,000"
"6069","350115","미래정보통신","   2,511,800"
"6070","203576","주식회사 케이씨이이앤씨","   2,510,600"
"6071","420422","주식회사 핸텍","   2,509,500"
"6072","510754","효한전기 주식회사","   2,508,800"
"6073","550268","수미디어","   2,508,600"
"6074","311702","신화소방(주)","   2,507,000"
"6075","110827","태웅미디어(주)","   2,506,600"
"6076","510541","이지정보통신","   2,505,900"
"6077","320527","주식회사 하이브랜드","   2,505,700"
"6077","620322","주식회사 이즈소프트","   2,505,700"
"6079","311102","로지시스템(주)","   2,503,900"
"6080","311422","(주)고페르 아이티","   2,503,600"
"6081","170165","주식회사 유동","   2,503,400"
"6082","520192","주식회사 네오윈","   2,502,700"
"6083","440028","(주)대명기전","   2,501,900"
"6084","540226","(주)모든정보통신","   2,501,100"
"6085","112618","(주)다산지앤지","   2,501,000"
"6086","111432","한국정보공학(주)","   2,500,500"
"6087","510704","주식회사 리더캠","   2,500,400"
"6088","510755","주식회사 우영아이티","   2,500,200"
"6088","510368","(주)명문이엔지","   2,500,200"
"6090","510442","(주)태경전기","   2,499,900"
"6091","430189","인터엠미디어텍","   2,499,400"
"6092","203456","주식회사 킴스프로젝트(Kimsproject Co.,Ltd)","   2,498,900"
"6093","312524","주식회사 트리바이브","   2,498,500"
"6094","330216","주식회사 스카이텍","   2,498,300"
"6095","120340","대림통신(주)","   2,497,900"
"6096","320189","주식회사 유승건설","   2,497,100"
"6097","430198","(주)제이케이씨큐리티","   2,496,700"
"6097","203385","주식회사 테크제이솔루션","   2,496,700"
"6099","610070","호준전업(주)","   2,496,400"
"6100","202058","진솔이앤에스(주)","   2,495,500"
"6101","510243","부광통신(주)","   2,494,900"
"6102","203567","주식회사 알앤씨미디어","   2,494,700"
"6102","520156","주식회사 엔엑스(NX Co., Ltd.)","   2,494,700"
"6104","320279","토탈정보통신","   2,494,500"
"6105","610289","유한회사 서현기전","   2,494,400"
"6106","610001","주식회사 거양이앤씨","   2,492,800"
"6107","420381","주식회사 바름","   2,492,600"
"6108","320431","주식회사 기가시스템","   2,492,400"
"6108","170183","대성정보통신(주)","   2,492,400"
"6110","410297","(주)오라테크","   2,492,000"
"6111","610185","(주)일산","   2,491,900"
"6112","312008","일진이앤씨 주식회사","   2,491,700"
"6113","312379","주식회사 남경텔레콤","   2,491,000"
"6114","113362","(주)예원정보통신","   2,489,800"
"6115","430156","(주)지에스이엔지","   2,489,600"
"6116","510787","주식회사 장인기술단","   2,488,900"
"6117","550168","(주)대호아이앤티","   2,488,300"
"6118","510744","주식회사 에이스미디어","   2,486,900"
"6119","430206","(주)삼일이엔씨","   2,486,700"
"6120","310737","(주)티엔아이정보","   2,486,600"
"6121","311933","주식회사 피플가드","   2,486,300"
"6122","640043","태영전자(주)","   2,486,100"
"6123","200380","(주)태영에스엔에스","   2,485,100"
"6124","111707","(주)코맥스디에스씨","   2,484,600"
"6125","311442","주식회사 동일아이씨티","   2,484,400"
"6126","150430","(주)삼보통신","   2,484,300"
"6127","200981","금하개발(주)","   2,484,200"
"6128","120592","주식회사 대양미디어통신","   2,484,000"
"6129","530339","대건통신(주)","   2,483,200"
"6130","312066","주식회사 케이넷","   2,481,700"
"6131","312292","미르이디에스 주식회사","   2,481,600"
"6132","130207","한국전설(주)","   2,481,500"
"6132","311976","율림테크 주식회사","   2,481,500"
"6134","113069","(주)올댓이엔티","   2,479,900"
"6135","311501","(주)하이앤텍","   2,478,500"
"6136","202074","(주)프리네트시스템","   2,478,000"
"6137","202057","(주)제이엠시스","   2,477,300"
"6138","201053","(주)이지전력","   2,476,700"
"6139","550297","튜브솔루션(주)","   2,476,400"
"6139","350252","주식회사 서현","   2,476,400"
"6141","202298","(주)하몬소프트","   2,474,800"
"6142","420051","(주)이음정보통신","   2,474,200"
"6143","311802","주식회사 휴미디어","   2,474,000"
"6144","112177","(주)한국스카다","   2,473,000"
"6145","540260","(주)금일이앤티","   2,472,900"
"6146","350528","주식회사 씨큐아이티(SECUIT Co.,Ltd.)","   2,472,000"
"6147","610502","주식회사 신호","   2,471,800"
"6148","110836","영일정보통신(주)","   2,471,200"
"6149","130318","선진통신","   2,470,700"
"6150","520143","주식회사 화인씨앤엠","   2,469,300"
"6151","320350","주식회사 인포센","   2,468,800"
"6152","510696","주식회사 리드앤텍","   2,467,600"
"6153","202820","주식회사 비앤아이테크","   2,466,700"
"6154","510313","주식회사 현대씨엠","   2,465,600"
"6155","550328","드림에스앤아이","   2,465,000"
"6156","200286","(주)씨엔피테크","   2,464,300"
"6157","550173","세아전기 주식회사","   2,463,400"
"6158","130357","합자회사 일진정보","   2,463,000"
"6159","312396","세원엔디이 주식회사","   2,462,600"
"6160","150662","(주)플라넷정보통신","   2,461,600"
"6161","550044","주식회사 남선알미늄","   2,460,800"
"6162","311109","엘에스케이전자통신(주)","   2,458,500"
"6163","311992","주식회사 그레이트","   2,457,900"
"6164","311878","주식회사 나라정보","   2,457,800"
"6165","440059","주식회사 시큐어이즈","   2,457,600"
"6165","201878","세원아이티(주)","   2,457,600"
"6167","410391","주식회사 제이에스텍","   2,457,500"
"6168","420446","주식회사 이음아이씨티","   2,455,700"
"6169","201601","주식회사 두굿이엔지","   2,455,200"
"6170","150257","(주)신성정보기술","   2,455,100"
"6171","201219","유테크 주식회사","   2,454,700"
"6172","310926","에스지디지털(주)","   2,454,600"
"6172","203580","주식회사 비엔아이엔씨(BN I&C Co., Ltd)","   2,454,600"
"6172","204008","주식회사 퍼스트정보","   2,454,600"
"6175","640080","주식회사 자람정보기술","   2,454,500"
"6176","311995","주식회사 카카오엔터프라이즈","   2,452,000"
"6177","430219","(주)제타솔루션즈","   2,451,500"
"6177","203553","주식회사 케이아이티앤씨","   2,451,500"
"6179","530169","스토리엔네트웍스(주)","   2,451,300"
"6180","202882","큐보스 주식회사","   2,451,000"
"6181","530240","(주)아이링크","   2,449,100"
"6182","312035","주식회사 금상테크","   2,448,900"
"6183","620206","(주)에스에스시스템","   2,448,800"
"6184","120106","주식회사 이루시스","   2,448,500"
"6185","520194","주식회사 동강네트웍스","   2,448,300"
"6185","550064","텔콤","   2,448,300"
"6187","330191","주식회사 국민전기통신","   2,448,000"
"6188","312560","주식회사 케이탑정보기술","   2,447,400"
"6189","510263","스피드텔레콤","   2,446,900"
"6190","204106","주식회사 스윙크","   2,446,000"
"6191","203933","주식회사 메이커스테크놀로지","   2,445,600"
"6191","120459","(주)은성정보통신","   2,445,600"
"6193","310663","주식회사 이동의즐거움","   2,445,500"
"6193","204058","주식회사 시너지온(SYNERGION Co., LTD.)","   2,445,500"
"6193","201276","(주)비시텍코리아","   2,445,500"
"6196","150339","디엠아이티(주)","   2,445,000"
"6197","140144","(주)성현정보통신","   2,443,000"
"6198","550271","주식회사 에스이엔지","   2,442,800"
"6198","550308","디케이엔에스(주)","   2,442,800"
"6200","202604","(주)상현엔지니어링","   2,441,500"
"6201","202790","삼성전기산업(주)","   2,441,400"
"6202","620396","주식회사 더원네트웍스","   2,441,200"
"6203","112223","경인엔지니어링(주)","   2,441,100"
"6204","200023","(주)제일데이타에듀케이션","   2,440,500"
"6205","201972","(주)젠시스","   2,440,200"
"6206","320489","주식회사 미르아이티","   2,440,000"
"6207","312057","나시스 주식회사(NaSys Inc.)","   2,439,600"
"6208","120734","(주)태원테크","   2,439,300"
"6208","200892","(주)한성아이티엘","   2,439,300"
"6210","510511","엔지엘(주)","   2,438,900"
"6211","111497","(주)로지시스","   2,437,900"
"6212","311560","(주)핌","   2,437,100"
"6213","311542","주식회사 더원정보통신","   2,437,000"
"6214","310039","주식회사 예진이엔씨","   2,435,800"
"6215","520162","은재정보통신","   2,435,200"
"6216","540236","(주)제이엠","   2,434,500"
"6217","530370","다스텍 주식회사","   2,432,900"
"6218","540264","주식회사 한신전기","   2,431,800"
"6219","540142","(주)제이더블유엠","   2,431,500"
"6219","410058","예산삼성컴퓨터","   2,431,500"
"6221","120768","(주)유벤어스","   2,431,200"
"6222","320439","주식회사 연홍개발","   2,430,600"
"6223","330199","티앤에스정보통신 주식회사","   2,430,500"
"6224","510434","(주)영의","   2,430,300"
"6225","510435","(주)아이티포스","   2,429,600"
"6225","150038","(주)미도이앤씨","   2,429,600"
"6227","350551","주식회사 프라임컨트롤","   2,429,100"
"6227","312434","주식회사 하이브원","   2,429,100"
"6229","170120","동광정보통신(주)","   2,427,500"
"6230","113473","주식회사 아이원이엔씨","   2,427,300"
"6231","540132","(주)다산통신","   2,427,200"
"6232","350182","(주)지엔아이","   2,426,800"
"6233","113177","(주)신우일렉스","   2,425,400"
"6234","111349","주식회사 세종정보통신","   2,425,100"
"6235","530134","정원전설(주)","   2,424,900"
"6236","111664","한국전자통신","   2,424,700"
"6237","311719","청암엔지니어링","   2,423,500"
"6238","330029","(주)링크로드씨앤씨","   2,423,300"
"6239","202654","키마시스템즈(주)","   2,423,000"
"6240","430060","고려이엔티(주)","   2,422,900"
"6241","330005","(주)에스에이치네트워크","   2,422,600"
"6242","110985","샬롬엔지니어링(주)","   2,422,300"
"6243","204108","세담아이엔씨 주식회사","   2,422,000"
"6244","510011","남광전기(주)","   2,420,000"
"6245","320458","주식회사 해찬시스템","   2,419,800"
"6245","630075","주식회사 주왕산업","   2,419,800"
"6247","620114","(주)인성시스템","   2,419,400"
"6248","420063","(주)아이티정보통신","   2,419,000"
"6249","630377","(주)대성전기통신","   2,418,100"
"6250","510032","(주)선진텔레콤","   2,417,800"
"6251","202532","쿨사인(주)","   2,417,100"
"6252","130508","(주)성산전기통신","   2,417,000"
"6253","420101","주식회사 유리시스템즈","   2,416,700"
"6254","203849","주식회사 동아종합전력","   2,416,200"
"6255","430241","(주)대성무선","   2,416,000"
"6256","201737","에이원게이트 주식회사(A1 GATE,, CO.)","   2,415,500"
"6257","203850","주식회사 소프트원","   2,415,200"
"6258","540145","구미이앤티(주)","   2,415,000"
"6259","110829","주식회사 인티큐브 (Inticube Co., Ltd.)","   2,414,700"
"6260","550166","(주)태양전기통신","   2,414,600"
"6261","203615","주식회사 코탁스","   2,414,200"
"6262","110660","바로이엔티 주식회사","   2,414,100"
"6263","311570","(주)세종네트웍스","   2,413,900"
"6264","111384","신원전자","   2,413,600"
"6265","110384","다임정보통신기술(주)","   2,413,400"
"6266","540175","영주인켈정보통신 주식회사","   2,412,200"
"6267","203532","청명이엔지 주식회사","   2,412,000"
"6268","350293","(주)동남시스템즈","   2,410,900"
"6269","310734","(주)송원이앤씨","   2,410,700"
"6270","550464","명진아이씨티 주식회사(MyeongJinICT Corp.)","   2,410,500"
"6271","510538","주식회사 성진시스템","   2,409,800"
"6272","120008","(주)태광통신","   2,408,200"
"6273","111907","건웅신호산전(주)","   2,408,100"
"6274","312337","주식회사 아이디에스","   2,407,700"
"6275","120825","(주)남일","   2,406,900"
"6276","112441","(주)코리아라인","   2,405,700"
"6277","203654","주식회사 경동티에스","   2,405,400"
"6278","312682","주식회사 디포그","   2,405,100"
"6279","311227","(주)씨큐앤비","   2,405,000"
"6280","550372","주식회사 부성정보통신","   2,404,800"
"6281","510589","(주)한국시엠알","   2,404,000"
"6282","550313","주식회사 필명","   2,403,300"
"6283","630251","한민산업 주식회사","   2,401,700"
"6283","110533","(주)하이테크","   2,401,700"
"6285","510427","(주)연일정보통신","   2,401,600"
"6286","350442","성용테크 주식회사 ","   2,399,800"
"6287","140405","가가이지텍(주)","   2,399,700"
"6288","203713","주식회사 대건일렉트릭","   2,398,200"
"6289","620417","서안이앤씨 주식회사","   2,398,100"
"6290","550029","(주)장유정보통신","   2,397,900"
"6291","112886","이비인프라(주)","   2,397,200"
"6292","430132","주식회사 미르이앤씨","   2,396,500"
"6293","430094","아라온정보통신(주)","   2,396,300"
"6294","540377","주식회사 조이","   2,395,700"
"6295","312404","주식회사 제이에이치솔루션","   2,395,200"
"6296","170094","(주)중앙개발","   2,392,900"
"6297","540256","디에치피 주식회사","   2,392,100"
"6298","312199","주식회사 에스시스템즈","   2,388,900"
"6299","550485","우진네트웍스","   2,388,500"
"6300","312296","닛시시스템 주식회사","   2,388,100"
"6301","410256","주식회사 오성에이치앤비","   2,388,000"
"6302","330028","주식회사 열방이엔지","   2,385,700"
"6303","120262","해성전화공사","   2,385,200"
"6303","310825","(주)보성공업","   2,385,200"
"6305","440005","(주)에스엠엔지니어링","   2,384,900"
"6306","203008","주식회사 세진종합이엔씨","   2,384,800"
"6307","330285","주식회사 엘이에이치","   2,384,400"
"6308","630061","(유)산돌","   2,384,100"
"6308","540099","(주)수길정보통신","   2,384,100"
"6310","200569","양우건설(주)","   2,384,000"
"6311","310314","화영일렉콤(주)","   2,383,500"
"6312","420161","(유)다함","   2,383,400"
"6313","350242","코디텍(주)","   2,381,400"
"6314","420526","주식회사 심스리얼리티","   2,380,800"
"6315","350150","(주)명동전기공사","   2,380,700"
"6316","202948","주식회사 명인이노","   2,380,500"
"6317","350527","온누리이앤씨 주식회사","   2,379,600"
"6317","620371","주식회사 인테크","   2,379,600"
"6319","410110","(주)에너지코리아","   2,379,300"
"6319","111880","해냄기업(주)","   2,379,300"
"6319","202227","브렉셀(주)","   2,379,300"
"6322","312629","주식회사 스마트밸류","   2,379,200"
"6322","620190","(주)성원정보통신","   2,379,200"
"6324","320116","노바일렉트로닉(주)","   2,378,400"
"6325","140216","주식회사 효원정보통신","   2,377,600"
"6326","430229","두레정보통신","   2,375,300"
"6327","311757","한빛통신건설 주식회사","   2,374,900"
"6328","311514","주식회사 앤트정보통신","   2,374,100"
"6329","112508","단암시스템즈(주)","   2,373,000"
"6330","201743","(주)대교이앤에스","   2,372,800"
"6331","111470","(주)리트코","   2,371,900"
"6332","310590","주식회사 휘영","   2,371,600"
"6333","410091","(주)지원정보통신","   2,371,000"
"6334","610291","주식회사 마크로텍","   2,370,800"
"6335","201519","(주)씨큐넷","   2,370,500"
"6336","420431","주식회사 피엔티시스템","   2,369,800"
"6337","120040","두산에너빌리티 주식회사(DOOSAN ENERBILITY CO., LTD.)","   2,369,000"
"6338","150190","대한정보통신 주식회사","   2,368,400"
"6339","120708","(주)대림테크","   2,368,000"
"6340","430356","K.COM(K닷컴)","   2,367,600"
"6341","550314","주식회사 케이시스","   2,367,500"
"6342","311248","주식회사 위지트에너지","   2,367,200"
"6343","420303","주식회사 케이앤에스아이앤씨","   2,367,100"
"6344","120541","(주)아람정보통신","   2,367,000"
"6345","200264","후지쯔코리아테크놀러지(주)","   2,366,900"
"6346","203171","주식회사 디지털포캐스트","   2,366,800"
"6347","550503","주식회사 이도","   2,366,600"
"6348","540170","(주)에이치씨","   2,365,800"
"6349","113050","삼덕전기(주)","   2,365,000"
"6350","620403","주식회사 에스오에스랩","   2,364,900"
"6351","311821","주식회사 이든이앤씨","   2,362,600"
"6352","311154","(주)제트로정보통신","   2,362,400"
"6353","610273","유한회사 빛나는정보통신","   2,361,300"
"6353","311554","(주)아너스코리아","   2,361,300"
"6355","620072","(주)탑통신","   2,360,800"
"6356","113361","주식회사 에스엘콤(SL Com. Co.,Ltd)","   2,360,400"
"6357","610197","(주)동양화학","   2,360,100"
"6358","203514","주식회사 서이시스템","   2,357,900"
"6359","430095","(주)코아콤","   2,356,900"
"6360","203009","두전네트웍스 주식회사","   2,356,800"
"6361","350441","주식회사 어썸웨이","   2,356,600"
"6362","311671","(주)제이투컴퍼니","   2,356,300"
"6362","510585","(주)대진정보통신","   2,356,300"
"6364","202680","(주)천명시스템","   2,356,200"
"6365","620345","주식회사 대원정보기술","   2,356,000"
"6366","620196","(주)현민정보통신","   2,355,400"
"6367","201459","(주)타이호인스트","   2,355,100"
"6368","170167","주식회사 해주정보통신","   2,353,500"
"6369","312245","정현네트웍스","   2,353,300"
"6369","420070","주식회사 삼일정보통신","   2,353,300"
"6369","320115","(주)에스엠티엔씨","   2,353,300"
"6372","201754","(주)지에스엔시스템즈","   2,353,200"
"6373","610312","주식회사 한우리정보통신","   2,353,000"
"6374","120487","(주)울산전자","   2,352,700"
"6375","550028","주식회사 라인","   2,352,600"
"6376","510488","(주)아이소프트","   2,352,400"
"6377","311561","이맥시스템(주)","   2,352,100"
"6378","202549","주식회사 태원아이앤씨","   2,351,800"
"6378","630223","유한회사 알파고","   2,351,800"
"6380","202657","(주)마인드올","   2,351,700"
"6381","203675","주식회사 노바이앤씨","   2,351,400"
"6382","610490","주식회사 은광이엔시","   2,350,700"
"6383","410193","(주)동원정보통신","   2,350,400"
"6384","530063","(주)울산통신공사","   2,349,800"
"6385","110864","우선이엔씨(주)(Woosun ENC Co., Ltd.)","   2,348,300"
"6385","110350","주식회사 보군","   2,348,300"
"6387","203552","주식회사 라인업코리아","   2,347,900"
"6388","201291","(주)허그웰시스템","   2,347,700"
"6389","202409","(주)상지일렉스","   2,346,900"
"6390","311639","(주)협인","   2,346,700"
"6391","320444","서경하이텍 주식회사","   2,342,900"
"6392","130517","충북통신(주)","   2,342,400"
"6393","311695","(주)테라시스","   2,341,800"
"6394","530448","주식회사 이노스벤 (INNOSVEN CO., LTD.)","   2,341,300"
"6395","140473","(주)삼흥전력","   2,341,200"
"6396","350143","거인전자시스템","   2,340,700"
"6397","130301","(주)피앤티정보통신","   2,340,400"
"6398","201018","(주)유니디아","   2,339,800"
"6398","203213","주식회사 사운드허브","   2,339,800"
"6400","630340","주식회사 아이티존","   2,339,200"
"6401","140268","주식회사 만년","   2,338,900"
"6402","203928","주식회사 가시","   2,338,000"
"6403","510139","(주)필텍시스템","   2,337,200"
"6404","630172","주식회사 광명이엔지","   2,336,900"
"6405","330184","(주)제일전력","   2,336,700"
"6405","111675","동원오비텍(주)","   2,336,700"
"6407","540410","주식회사 태산종합","   2,336,600"
"6408","630327","주식회사 더케이(The K Co.,Ltd)","   2,336,400"
"6408","312183","주식회사 일신테크","   2,336,400"
"6410","350052","(주)동하통신기술","   2,335,300"
"6411","530091","동양정보통신","   2,334,600"
"6411","610141","주식회사 넷온","   2,334,600"
"6413","110313","주식회사 엘텔레콤","   2,334,500"
"6414","610166","특수AV전자통신","   2,333,100"
"6415","312091","주식회사 이든넷","   2,332,900"
"6416","160037","(유)동양정보통신","   2,332,600"
"6417","202808","주식회사 모션시스템즈","   2,330,700"
"6418","180051","한솔정보통신(주)","   2,330,600"
"6419","350240","주식회사 신성정보통신","   2,330,300"
"6420","201998","재성전기(주)","   2,330,000"
"6421","203979","주식회사 엠브이에스시스템즈","   2,329,800"
"6422","630351","주식회사 진환정보통신","   2,329,700"
"6423","630037","(유)세운","   2,329,400"
"6423","201046","(주)유니씨엔에스","   2,329,400"
"6425","630230","주식회사 한울테크","   2,328,900"
"6426","160166","(유)누리미르정보통신","   2,328,100"
"6427","202610","시엔스 주식회사","   2,327,700"
"6428","420392","지엔소프트 주식회사","   2,327,100"
"6429","203014","주식회사 쓰리에스소프트","   2,326,800"
"6430","140189","(유)한양테크","   2,326,400"
"6430","520021","(주)길리","   2,326,400"
"6432","330170","(주)아이원","   2,325,900"
"6433","203346","주식회사 브이티더블유(VTW Co.,Ltd)","   2,325,500"
"6434","620174","(주)노쓰정보기술","   2,325,300"
"6435","110857","(주)서일엔지니어링","   2,325,000"
"6436","140217","서경정보통신","   2,324,800"
"6437","311633","주식회사 티에스엠테크놀로지","   2,323,900"
"6437","202827","주식회사 제너시스템","   2,323,900"
"6439","120673","주식회사 선운전기통신","   2,323,600"
"6440","410203","주식회사 예강정보통신","   2,323,000"
"6441","330275","주식회사 동진파워텍","   2,322,900"
"6442","130239","주식회사 성하이엔지","   2,322,300"
"6443","200574","주식회사 티머니(Tmoney Co., Ltd.)","   2,322,200"
"6444","410220","삼보OA","   2,322,000"
"6445","550346","(주)이즈파크","   2,321,700"
"6446","140485","(주)하이콤정보시스템","   2,321,000"
"6447","550486","주식회사 아울이앤디","   2,320,900"
"6448","630143","(주)천하정보통신","   2,320,700"
"6449","630386","진원 주식회사","   2,320,100"
"6450","110595","화성전기건설(주)","   2,319,500"
"6451","630043","(유)이지정보통신","   2,319,300"
"6452","203080","주식회사 피엘시스템즈","   2,318,500"
"6453","540133","주식회사 케이엠에스정보통신","   2,316,600"
"6454","540123","(주)은창아이티","   2,316,100"
"6455","111112","청화하이테크 주식회사","   2,316,000"
"6456","203438","주식회사 이츠유(IT's u)","   2,315,900"
"6457","550388","주식회사 비에이블텍","   2,315,600"
"6458","550038","(주)삼한전기통신공사","   2,312,600"
"6459","530082","(주)비전정보통신","   2,312,300"
"6460","202224","셀코정보기술(주)","   2,310,700"
"6461","312222","주식회사 인프라원","   2,310,500"
"6462","620144","(주)상하이엔지","   2,310,200"
"6463","330009","(주)강원통신","   2,309,600"
"6464","320515","주식회사 다온플러스","   2,309,200"
"6465","311005","동양씨엔티(주)","   2,308,800"
"6466","410198","엠케이정보기술 주식회사","   2,308,400"
"6467","420336","주식회사 동평기술","   2,307,700"
"6468","120343","동양정보통신","   2,307,500"
"6469","430307","(주)에이엔비트","   2,307,000"
"6470","320438","주식회사 태승전설","   2,306,900"
"6471","430265","(주)대우에스티","   2,306,800"
"6472","150485","원테크솔루션 주식회사","   2,306,500"
"6473","201815","(주)용천전력","   2,305,900"
"6474","200182","주식회사 이앤아이시티 (E&ICT CO.,LTD)","   2,305,600"
"6475","310139","(주)텔라이프","   2,303,400"
"6476","113223","명진전력 주식회사","   2,303,300"
"6477","510658","주식회사 엘로이미디어","   2,302,600"
"6478","140291","(합)자유이엔씨","   2,302,300"
"6479","201884","(주)고덕종합건설","   2,302,100"
"6480","410245","주식회사 백경정보기술","   2,301,300"
"6481","620162","(주)포유엔터스","   2,300,600"
"6482","540530","주식회사 한길정보통신","   2,299,900"
"6483","203469","자인테크놀로지 주식회사","   2,299,300"
"6484","330093","합자회사 유비넷","   2,298,500"
"6484","311144","주식회사 신명미디어","   2,298,500"
"6486","350522","주식회사 자유아이씨티","   2,297,700"
"6487","311965","주식회사 지누지앤아이","   2,297,300"
"6488","550103","(주)한누리시스템","   2,296,800"
"6489","311562","(주)다경테크","   2,296,400"
"6490","430271","광명전력(주)","   2,296,000"
"6491","110941","(주)하이눈정보통신","   2,295,300"
"6492","440021","주식회사 더원이앤씨","   2,291,900"
"6493","510284","나래시스템","   2,290,800"
"6494","311482","(주)엠디에스코리아","   2,289,700"
"6495","120671","선박전자마트","   2,288,800"
"6496","202766","주식회사 인젠트 (Inzent Co., Ltd.)","   2,288,000"
"6497","350057","(주)포스트큐브","   2,287,800"
"6497","410261","주식회사 제이에스시스템 (JS system co., LTD.)","   2,287,800"
"6499","311970","인성테크이엔씨 주식회사","   2,286,900"
"6500","202186","(주)에이시에스","   2,286,000"
"6501","150476","(주)삼우아이.티","   2,284,000"
"6502","202901","주식회사 에이쓰리시큐리티","   2,282,300"
"6503","202789","광원시스템 주식회사","   2,281,900"
"6503","312689","주식회사 케이티팝스","   2,281,900"
"6505","130094","(주)무한기술","   2,281,700"
"6506","310870","(주)이시컨트롤","   2,281,600"
"6507","330227","주식회사 라인","   2,281,000"
"6508","610378","유한회사 엘에스시스템즈","   2,280,800"
"6508","112296","(주)남일기업","   2,280,800"
"6508","311508","(주)광진테크","   2,280,800"
"6511","312626","주식회사 상상하는사람들","   2,280,400"
"6512","204327","주식회사 테라정보보호","   2,279,200"
"6512","112277","거산음향통신(주)","   2,279,200"
"6514","311048","(주)이룸아이엔씨","   2,279,100"
"6515","620176","영진이앤지 주식회사","   2,278,100"
"6516","550405","주식회사 나래씨앤아이","   2,277,900"
"6517","330121","주식회사 나루정보통신","   2,277,100"
"6518","320524","주식회사 아콘스","   2,277,000"
"6519","311391","(주)넥스쳐컴","   2,276,600"
"6520","530173","영한산업 주식회사","   2,276,400"
"6521","111034","(주)아이티씨","   2,275,600"
"6522","202771","넥스트라인 주식회사","   2,274,400"
"6523","112588","주식회사 주광전기","   2,274,300"
"6524","203484","뮤지엄아이 주식회사","   2,273,800"
"6525","311298","(주)고전사","   2,273,700"
"6526","410302","주식회사 혁신아이씨티","   2,273,300"
"6527","150110","금오이엔시(주)","   2,273,000"
"6527","110916","세계정보시스템(주)","   2,273,000"
"6529","630255","주식회사 태원텍","   2,272,800"
"6530","203952","주식회사 벨텍소프트 (Beltechsoft Co.,Ltd.)","   2,272,400"
"6531","510572","코드텍","   2,272,000"
"6532","140483","주식회사 삼부시스템","   2,271,700"
"6533","150394","(주)보우기전","   2,271,600"
"6534","140114","동광건설(주)","   2,269,900"
"6535","204186","주식회사 미래네트웍(MIRAE NETWORK Co., Ltd.)","   2,269,800"
"6535","330074","(주)사운드폭스코리아","   2,269,800"
"6537","410170","(주)하이테크솔루션","   2,269,700"
"6538","201929","(주)퓨처젠","   2,269,200"
"6539","140121","빛고을정보통신(주)","   2,269,000"
"6540","201741","우일계전공업(주)","   2,268,800"
"6541","202745","주식회사 테트라(TETRA co., Ltd)","   2,268,700"
"6542","203396","한성티에스 주식회사(HanSungTS)","   2,268,200"
"6543","630303","유한회사 유엔에스테크","   2,267,800"
"6544","160159","유한회사 경성뱅크","   2,267,600"
"6545","312343","주식회사 삼인공간정보","   2,266,300"
"6546","111333","주식회사 두전네오시스템","   2,265,700"
"6547","440051","(주)세종디지털통신","   2,265,500"
"6548","160131","대주정보산업(주)","   2,264,600"
"6549","201143","금상디엔씨(주)","   2,264,200"
"6550","112059","대원에스엔티(주)","   2,264,100"
"6551","204208","선진이엔씨","   2,264,000"
"6552","203680","피나클나인 주식회사 (PINNACLE 9 Co., Ltd.) ","   2,263,400"
"6553","150067","동산통신 주식회사","   2,263,300"
"6554","640067","옴니크래프트 주식회사","   2,261,300"
"6555","120211","(주)청운정보시스템","   2,261,200"
"6556","430084","(주)에스웨이","   2,260,600"
"6557","112583","승호시스템(주)","   2,260,000"
"6558","113083","(주)유유엔","   2,258,500"
"6559","530072","주식회사 아이비즈","   2,257,800"
"6560","150088","(주)우방","   2,257,500"
"6561","203877","주식회사 에임투지(AimToG)","   2,257,200"
"6562","550295","세이프롬 정보","   2,255,700"
"6563","550321","신영테크","   2,254,800"
"6564","410127","한뜻정보시스템(주)","   2,254,600"
"6565","120775","(주)세진정보통신","   2,254,100"
"6566","540432","주식회사 대광","   2,252,900"
"6567","110743","(주)정우정보통신","   2,252,600"
"6568","310308","(주)케이디파워","   2,252,300"
"6569","350430","청보이엔지 주식회사","   2,252,100"
"6570","203013","주식회사 엠엔지이엔티","   2,251,600"
"6570","330222","(주)금호시스템","   2,251,600"
"6572","140493","종합무선통신","   2,250,600"
"6573","112118","차일정보통신(주)","   2,250,500"
"6574","112828","다몬전기통신공사","   2,250,200"
"6575","170090","(주)가산정보통신","   2,249,200"
"6576","202980","제스프로 주식회사","   2,248,300"
"6577","540179","주식회사 이넷아이씨티","   2,248,100"
"6578","113014","주식회사 유니텔정보기술","   2,247,400"
"6579","320009","대우산업개발(주)","   2,247,100"
"6580","111859","정정보통신(주)","   2,246,600"
"6580","204142","주식회사 바넷정보기술","   2,246,600"
"6582","640106","주식회사 신승","   2,245,600"
"6583","350016","(주)에스제이링크","   2,245,200"
"6584","111091","우진이앤씨 주식회사","   2,243,400"
"6585","310362","(주)에이씨앤티시스템","   2,243,100"
"6586","520145","주식회사 이레","   2,241,800"
"6587","311920","(주)바른정보기술","   2,240,800"
"6588","130356","(주)훼미리정보통신","   2,239,300"
"6589","130397","주식회사 라온테크엔지니어링","   2,239,200"
"6590","140324","주식회사 서화통신","   2,237,700"
"6591","350101","(주)서광기전","   2,236,600"
"6591","610119","(주)빛을꿈꾸는사람들","   2,236,600"
"6593","180036","에이디텔레콤(주)","   2,236,300"
"6594","203820","주식회사 케어비즈","   2,236,200"
"6594","204129","주식회사 아이온퓨처","   2,236,200"
"6596","110355","삼기정보통신","   2,235,900"
"6597","630380","유한회사 이룸엔지니어링","   2,234,800"
"6598","112881","(주)피치테크","   2,234,200"
"6599","111007","동하시티개발(주)","   2,233,900"
"6600","311827","(주)엔제이정보통신","   2,233,700"
"6601","200021","대조전설(주)","   2,231,100"
"6602","620053","첨단산업","   2,231,000"
"6602","320016","한국음향","   2,231,000"
"6604","630073","(주)스카이","   2,230,600"
"6605","311619","주식회사 제이에스네트웍스","   2,230,300"
"6606","201842","(주)세윤씨앤에스","   2,229,800"
"6607","312378","주식회사 해토이엔지","   2,229,400"
"6608","630267","주식회사 라온시스템","   2,229,200"
"6609","610348","주식회사 드림씨엔씨","   2,228,600"
"6609","320327","(주)아미티엘","   2,228,600"
"6611","320526","엠케이제어시스템","   2,228,500"
"6612","550250","주식회사 디엠","   2,228,400"
"6613","440002","동천하이테크세종(주)","   2,227,000"
"6614","350073","(주)제닉인프라","   2,226,100"
"6615","530128","(합자)근화기업","   2,225,400"
"6616","203167","주식회사 듀델코리아","   2,224,600"
"6617","410192","주식회사 지앤아이","   2,223,400"
"6618","120324","삼화정보통신","   2,222,900"
"6619","510526","(주)우노","   2,222,800"
"6620","330103","세영정보통신","   2,222,600"
"6620","550145","(주)알컴서비스","   2,222,600"
"6622","430188","단양이노앤텍 주식회사","   2,221,600"
"6623","203464","주식회사 레이컴","   2,220,400"
"6624","420301","주식회사 명인정보통신","   2,220,200"
"6625","311520","예성","   2,220,100"
"6626","111673","금양산업","   2,219,400"
"6627","430245","보국이엔지 주식회사","   2,218,500"
"6628","311375","(주)일우인터내셔날","   2,218,200"
"6628","540063","주식회사 진승","   2,218,200"
"6630","350210","(주)아이티이즈넷","   2,217,900"
"6631","350536","주식회사 티에이피","   2,217,100"
"6632","201840","(주)케이넷","   2,216,700"
"6633","201133","신우이엔지(주)","   2,216,600"
"6634","113089","(주)한걸음정보통신","   2,216,500"
"6635","610120","주식회사 금광","   2,216,400"
"6636","540439","주식회사 글로벌텍","   2,216,200"
"6636","540431","주식회사 한명정보통신","   2,216,200"
"6638","203486","헬스커넥트 주식회사","   2,215,900"
"6639","610328","주식회사 태라","   2,215,600"
"6640","530260","(주)포위즈시스템","   2,215,500"
"6641","150389","주식회사 엠티에스이엔씨","   2,215,400"
"6642","203164","에이비씨네트워크 주식회사","   2,215,200"
"6643","200032","(주)선진솔루션","   2,213,900"
"6644","130418","(주)중앙탑","   2,213,800"
"6645","420190","(주)아레스","   2,212,800"
"6646","111256","주식회사 한결테크","   2,212,400"
"6647","203354","주식회사 에이콘컴퍼니","   2,212,300"
"6648","201714","(주)노바코스","   2,211,800"
"6649","203035","주식회사 에스지아이코리아","   2,211,600"
"6649","311074","미래통신기술(주)","   2,211,600"
"6649","202729","네오프랜드(주)","   2,211,600"
"6652","311437","주식회사 나래","   2,211,500"
"6653","203812","이지씨엔티 주식회사","   2,210,900"
"6654","550304","안택건설 주식회사","   2,209,600"
"6655","110003","디지탈정보통신(주)","   2,209,500"
"6656","530278","(주)건대","   2,209,400"
"6657","112544","한국씨앤텍 주식회사","   2,208,300"
"6658","311645","버튼솔루션 주식회사","   2,208,200"
"6659","330280","제이플러스","   2,207,800"
"6660","204175","케이디에프에스 주식회사","   2,207,400"
"6661","203992","주식회사 코드쓰리","   2,207,100"
"6662","180041","(주)삼구","   2,207,000"
"6663","112784","이룸테크 주식회사","   2,206,400"
"6664","112075","에스케이와이아이앤씨 주식회사","   2,206,000"
"6665","202319","누리종합전기 주식회사","   2,205,400"
"6666","440048","주식회사 케이제이산업","   2,205,300"
"6666","550012","(주)가야정보시스템","   2,205,300"
"6668","312218","주식회사 트리톤넷(TritonNet Co., Ltd.)","   2,204,900"
"6669","620228","(주)금성이엔씨","   2,204,400"
"6670","330327","오성미래기술 주식회사","   2,204,300"
"6671","510604","맥큐브(주)","   2,203,700"
"6672","202806","국제컨트로닉스 주식회사","   2,203,600"
"6673","520131","주식회사 세기기술","   2,203,400"
"6674","312050","주식회사 에스이씨아이티","   2,201,400"
"6675","310086","(주)아이스기술","   2,201,300"
"6676","430096","상인엔지니어링 주식회사","   2,201,000"
"6677","530118","(주)진유통신","   2,200,900"
"6678","610206","주식회사 태양소방통신","   2,200,300"
"6679","320378","유니스타스 주식회사","   2,198,900"
"6680","550386","주식회사 테이크네트웍스","   2,198,800"
"6681","312322","주식회사 진원","   2,198,500"
"6682","110877","뉴텔레콤(주)","   2,197,600"
"6683","510463","(주)세정테크","   2,197,500"
"6684","202735","(주)다윈시스템","   2,197,200"
"6685","310712","국제엔지이(주)","   2,197,100"
"6686","203814","주식회사 뉴엔브이","   2,196,200"
"6687","111507","우주미디어정보통신(주)","   2,195,600"
"6688","350244","(유)우진이엔지","   2,194,000"
"6689","312419","주식회사 제이에이치엠","   2,193,800"
"6690","530295","(주)진원통신","   2,193,600"
"6691","110844","금성텔레콤","   2,193,300"
"6692","201334","미래시스텍 주식회사","   2,193,000"
"6693","420273","주식회사 미르정보기술","   2,191,300"
"6694","120647","대원전기통신 주식회사","   2,191,200"
"6694","540316","주식회사 세진씨엔에이","   2,191,200"
"6696","203413","주식회사 성진디에스피","   2,189,800"
"6697","312496","다원정보통신 주식회사","   2,189,200"
"6698","350322","(주)행복의 날개","   2,187,800"
"6699","420379","주식회사 에이엔알","   2,187,400"
"6700","150076","대한정보통신(주)","   2,187,200"
"6701","320323","주식회사 신영통신","   2,187,000"
"6702","430069","(주)정석정보기술","   2,186,500"
"6703","630019","(유)청림씨에스","   2,185,700"
"6704","130435","(주)미래종합전기통신","   2,185,400"
"6705","111594","허브정보기술(주)(HUBINFOTECH Co.,Ltd.)","   2,184,600"
"6705","420497","에스엔비정보통신","   2,184,600"
"6707","312033","주식회사 네오트래픽","   2,184,300"
"6708","540092","(주)유원정보통신","   2,184,200"
"6709","312160","(주)유안이엔씨","   2,183,600"
"6710","201999","(주)올레이어","   2,183,300"
"6711","610355","주식회사 팔마정보통신","   2,182,900"
"6712","550382","주식회사 아이트래픽이엔지","   2,182,000"
"6713","420087","(주)라스테크","   2,181,800"
"6714","430075","(주)다인","   2,180,600"
"6715","420304","주식회사 대연아이앤티","   2,179,800"
"6716","610223","주식회사 코말(Komal co.,LTD)","   2,179,600"
"6717","110779","(주)미주전통","   2,179,400"
"6718","204133","주식회사 미소테크","   2,179,200"
"6719","430093","(주)대영음향정보통신","   2,178,700"
"6720","550114","주식회사 두원","   2,178,600"
"6721","350556","주식회사 지안","   2,177,900"
"6722","180068","부원전기통신(주)","   2,176,400"
"6723","112052","한라인포넷(주)","   2,175,300"
"6724","410159","다우정보(주)","   2,175,000"
"6725","203515","주식회사 신성씨앤에스","   2,174,500"
"6726","330200","주식회사 케이엠콘트롤","   2,174,400"
"6727","410081","(주)그린산전","   2,173,500"
"6727","312309","주식회사 포투샛컴","   2,173,500"
"6729","110691","보성파워텍(주)","   2,173,400"
"6730","550104","(주)타키온네트워크","   2,173,000"
"6731","110318","한려정보통신(주)","   2,172,200"
"6732","520062","(주)케이지에프","   2,171,600"
"6733","610080","(주)진일","   2,170,100"
"6734","550214","재담","   2,169,900"
"6735","540373","(주)제이원","   2,169,700"
"6736","204127","주식회사 넥스트림","   2,169,500"
"6737","420272","드림아이씨티 주식회사","   2,168,900"
"6738","204161","주식회사 웨스컴(WESSCOM Co., Ltd.)","   2,168,700"
"6739","610409","주식회사 승은","   2,168,600"
"6740","350253","주식회사하이테크비젼","   2,168,100"
"6741","110448","주식회사 태광이알텍","   2,167,700"
"6742","120401","(주)쌍용전기.통신.소방","   2,167,300"
"6743","410014","(주)카프","   2,166,500"
"6744","312021","주식회사 라인에스텍","   2,166,300"
"6745","310631","(주)상지정보시스템","   2,165,800"
"6746","320202","엘씨 주식회사","   2,165,600"
"6747","410207","우리전력(주)","   2,165,100"
"6747","202152","스트라토 주식회사 (Strato Co.,Ltd.)","   2,165,100"
"6749","110487","한솔피엔에스(주)","   2,164,900"
"6750","640126","한국에너지종합기술 주식회사","   2,164,700"
"6751","540116","주식회사 보광전기통신","   2,162,500"
"6752","610368","주식회사 태광통신","   2,160,900"
"6753","111127","주식회사 세진네트워크","   2,160,600"
"6754","320341","주식회사 한울티엔씨","   2,159,100"
"6755","540160","(주)씨앤티","   2,158,700"
"6756","530431","주식회사 천호","   2,158,600"
"6757","430087","오뚜기전자통신주식회사","   2,158,500"
"6758","420007","위수전기 주식회사","   2,158,400"
"6759","610430","주식회사 세정","   2,158,300"
"6759","550281","주식회사 케이엔","   2,158,300"
"6761","311927","주식회사 다해","   2,157,900"
"6762","140100","광양이엔씨(주)","   2,157,700"
"6762","130444","(주)화인시스템","   2,157,700"
"6764","200679","리조이스통신(주)","   2,157,400"
"6765","540218","삼성이앤씨","   2,157,200"
"6766","330303","주식회사 이엔씨파워","   2,156,900"
"6767","202603","백영전자 주식회사","   2,156,400"
"6768","310618","(주)규보시스템","   2,155,400"
"6769","203974","주식회사 에스디아이씨티 (SDICT Co., Ltd.)","   2,154,700"
"6770","112869","STX엔진(주)","   2,154,600"
"6771","540219","(주)삼성피씨정보통신","   2,154,400"
"6771","630355","주식회사 신성솔루션","   2,154,400"
"6773","203782","주식회사 지에스넷비전","   2,154,000"
"6774","330363","주식회사 소리넷","   2,152,800"
"6774","150114","(주)신화정보시스템","   2,152,800"
"6776","510571","(주)신명정보","   2,152,000"
"6777","111902","(주)스마트테크","   2,151,800"
"6777","540493","주식회사 주원엔지니어링","   2,151,800"
"6779","540250","(주)북경","   2,151,600"
"6780","312157","주식회사 케이폴시큐리티","   2,151,100"
"6781","112338","한성씨앤엔(주)","   2,151,000"
"6782","550143","이수이 주식회사","   2,150,000"
"6783","510258","우정아이앤씨","   2,149,700"
"6783","540263","신화ENC","   2,149,700"
"6783","430059","우리통신","   2,149,700"
"6786","311676","(주)아이티퍼플","   2,149,400"
"6787","110390","대륭중공건설(주)","   2,149,100"
"6788","410362","주식회사 웨이크","   2,148,600"
"6789","312385","주식회사 코위","   2,147,900"
"6789","310938","(주)발해이엔지","   2,147,900"
"6791","320322","주식회사 두루정보통신","   2,147,600"
"6792","640029","앤에스정보통신","   2,147,200"
"6792","410230","(주)토건","   2,147,200"
"6794","312029","동일테크 주식회사","   2,147,100"
"6795","550127","(주)태창씨에스","   2,145,100"
"6796","550089","유비트정보통신(주)","   2,144,400"
"6797","111598","주식회사 서명","   2,144,200"
"6798","350076","플라이넷(주)","   2,144,100"
"6799","430182","(주)중앙시스템","   2,143,800"
"6800","112791","주식회사 피에스정보","   2,141,600"
"6801","330252","주식회사 대림정보통신","   2,141,100"
"6802","550282","주식회사 더원시스템","   2,141,000"
"6803","620308","주식회사 케이제이씨엔에스","   2,140,800"
"6804","330058","(주)동호엔지니어링","   2,140,400"
"6805","311854","오피전력기술(주)","   2,139,200"
"6806","202138","(주)텍센","   2,139,100"
"6807","312302","소프트캠프 주식회사","   2,138,800"
"6808","550247","(주)태강","   2,137,900"
"6809","330092","(주)한성기술단","   2,137,800"
"6810","620221","주식회사 유투","   2,137,100"
"6811","620325","주식회사 비전앤컴퍼니","   2,136,900"
"6812","311556","(주)동양타브","   2,136,600"
"6813","204122","주식회사 포트녹스","   2,135,000"
"6814","311313","(주)이은네트웍스","   2,134,900"
"6815","550479","주식회사 웨더코리아","   2,134,800"
"6816","540311","대신네트웍스(주)","   2,133,000"
"6817","430190","(주)씨엠3","   2,129,900"
"6818","112845","제일영상이엔씨","   2,128,900"
"6819","112726","(주)천일정보통신","   2,128,500"
"6820","120605","(주)아이케이이앤지","   2,127,400"
"6821","112184","씨엔에스코리아(주)","   2,127,100"
"6822","330133","(주)드림정보통신","   2,127,000"
"6823","430153","오성네트웍스","   2,126,600"
"6824","530351","주식회사 원아이티","   2,126,200"
"6825","200662","(주)노바투스","   2,124,800"
"6826","320449","젊은기술 주식회사","   2,122,600"
"6827","200631","주식회사 에스아이티컴","   2,122,100"
"6828","310658","동양정보산업(주)","   2,121,900"
"6828","430253","나라전력(주)","   2,121,900"
"6830","112209","(주)비젼텔레콤","   2,121,700"
"6831","120150","주식회사 와이제이정보기술","   2,121,100"
"6832","350330","동신정보기술 주식회사","   2,120,600"
"6833","620303","주식회사 한길커뮤니티","   2,120,200"
"6834","150619","대원경제","   2,120,000"
"6835","201860","한길씨앤씨(주)","   2,119,900"
"6835","530045","신원전설(주)","   2,119,900"
"6837","204200","주식회사 아이오티스페이스(IOT SPACE Co., Ltd.)","   2,119,400"
"6838","420538","주식회사 이츠아이","   2,118,300"
"6839","112399","(주)진영전기통신","   2,117,800"
"6840","330258","주식회사 합성","   2,117,000"
"6841","200721","(주)디지털지구안테나","   2,116,100"
"6842","520032","제이씨엔울산중앙방송(주)","   2,114,300"
"6843","520024","(주)엘씨유니택","   2,113,700"
"6844","540341","주식회사 동양정보통신","   2,113,200"
"6845","410241","온(ON)","   2,113,100"
"6846","530236","주식회사 신라시스템","   2,112,200"
"6847","130180","태양정보통신","   2,111,200"
"6848","330040","원시스템 주식회사","   2,111,000"
"6848","203677","주식회사 바오밥테크놀로지","   2,111,000"
"6850","310250","주식회사 이지비앤티","   2,110,300"
"6851","203041","주식회사 심시스글로벌","   2,110,200"
"6852","203193","주식회사 비상정보통신","   2,107,900"
"6853","630319","주식회사 다온정보기술","   2,107,000"
"6854","140468","금안미디어텍","   2,106,900"
"6855","350431","세종일렉트릭 주식회사","   2,106,400"
"6856","540414","주식회사 엔스텝","   2,106,200"
"6857","204130","주식회사 휴먼네트","   2,106,100"
"6858","203906","주식회사 명지아이앤씨","   2,106,000"
"6859","430267","주식회사 브렌티","   2,105,700"
"6860","200709","(주)나사씨엔에스","   2,105,500"
"6861","610100","주식회사 모아","   2,104,400"
"6862","510020","(주)온누리넷컴","   2,104,200"
"6863","312107","주식회사 티알정보시스템","   2,102,000"
"6864","410071","(주)프리텍","   2,101,700"
"6865","430186","주식회사 서경씨엔티","   2,101,400"
"6866","510189","(주)이엠시스텍","   2,101,000"
"6867","200337","(주)울트라텔레콤","   2,099,100"
"6868","610163","우리기술산업 주식회사","   2,099,000"
"6869","140184","대성에프에이(주)","   2,098,800"
"6870","410298","주식회사 대한이엔지","   2,097,900"
"6871","203924","주식회사 이더넷","   2,097,600"
"6872","540349","동아전자","   2,096,100"
"6872","320442","킹프라이스 주식회사","   2,096,100"
"6874","530055","유안정보통신(주)","   2,095,900"
"6875","610049","주식회사 통인","   2,095,700"
"6876","330136","태성텔레콤(주)","   2,095,300"
"6877","310077","주식회사 세진인포","   2,095,000"
"6878","202598","(주)티앤아이씨티","   2,093,000"
"6879","311647","주식회사 디에스아이씨","   2,092,900"
"6880","204026","주식회사 공신데이타","   2,092,300"
"6881","350176","(주)시선테크인","   2,092,200"
"6882","203308","주식회사 테눅스","   2,091,500"
"6883","120729","부영정보통신","   2,091,300"
"6884","620156","주식회사 율원전력","   2,090,500"
"6885","203883","주식회사 티앤티솔루션","   2,090,200"
"6886","204211","에이스종합관리 주식회사","   2,089,900"
"6886","630310","주식회사 은성에스아이티","   2,089,900"
"6888","540225","주식회사 태원전기통신","   2,089,400"
"6889","350488","주식회사 상상티엔에스","   2,089,300"
"6890","112475","아미정보통신","   2,088,900"
"6891","130499","주식회사 인컴엔지니어링","   2,088,500"
"6892","330278","부광하이텍 주식회사","   2,088,200"
"6893","310101","리뉴어스 주식회사 (renewus Co., Ltd.)","   2,088,100"
"6894","201750","중앙전자통신","   2,087,400"
"6895","203159","주식회사 하랑에스아이(HARANG SI Co., Ltd.)","   2,087,000"
"6896","311994","우수테크","   2,086,600"
"6897","203984","주식회사 엔와이컴퓨터","   2,085,700"
"6898","610338","주식회사 신광테크","   2,085,200"
"6899","320478","주식회사 원시스템(Won system Co.,Ltd.)","   2,084,600"
"6900","530382","주식회사 백두안전공사","   2,084,200"
"6901","312053","주식회사 에프에스티테크놀로지","   2,083,400"
"6902","620397","(주)에이티에스인","   2,082,200"
"6903","202078","(주)케이사인","   2,082,100"
"6904","130375","(주)성신이앤씨","   2,081,900"
"6905","440064","에스시티 주식회사","   2,081,300"
"6906","320530","주식회사 청해정보기술","   2,081,000"
"6907","550275","(주)쇼우테크","   2,080,200"
"6908","540335","보문아이티통신 주식회사","   2,079,800"
"6909","330111","(주)서부전설","   2,079,600"
"6910","610069","하늘데이타통신(주)","   2,079,400"
"6911","201297","승림이앤씨 주식회사","   2,079,200"
"6911","110869","(주)메디오피아테크","   2,079,200"
"6913","202383","(주)프로에스콤","   2,077,600"
"6914","200455","신화아이에스 주식회사","   2,077,200"
"6914","204088","주식회사 아이엑스코(IEXCO Co., Ltd.)","   2,077,200"
"6916","200578","(주)다누아이앤티","   2,077,000"
"6917","510310","(주)이지에버텍","   2,076,200"
"6917","550432","주식회사 금해","   2,076,200"
"6919","330135","주식회사 제이에스정보통신","   2,076,100"
"6920","150217","주식회사 한림정보","   2,075,500"
"6921","620218","(주)디비테크","   2,075,400"
"6922","203287","주식회사 리산테크","   2,075,100"
"6923","550191","주식회사 가나아이씨티","   2,075,000"
"6924","620247","주식회사 아이씨티","   2,074,200"
"6925","530337","(주)지브이에스","   2,073,700"
"6926","430031","(주)엔케이정보통신","   2,073,600"
"6927","311118","(주)한국종합기술","   2,072,700"
"6928","201435","(주)하나윈정보기술","   2,072,600"
"6929","110612","(주)태전사","   2,071,800"
"6930","420408","주식회사 예스컴","   2,071,100"
"6931","110203","흥진통신(주)","   2,069,500"
"6932","130481","(주)제일전력","   2,068,800"
"6933","630237","(주)더썬아이에스","   2,067,700"
"6934","320149","아이정보시스템","   2,066,900"
"6935","420246","잉스정보통신(주)","   2,066,700"
"6936","610058","주식회사 운조정보통신","   2,066,300"
"6937","150667","로얄무선통신","   2,066,100"
"6938","200331","앱솔루트시스템(주)","   2,065,800"
"6939","530414","주식회사 트라피스(Trapeace Co. , Ltd.)","   2,065,200"
"6940","311578","에스에이치통신","   2,064,800"
"6941","203641","주식회사 아이포웨이","   2,064,700"
"6942","312087","드림테크놀로지","   2,064,100"
"6942","630212","제이에스엔 주식회사","   2,064,100"
"6944","540533","주식회사 이웃","   2,064,000"
"6945","350015","주식회사 이에스테크","   2,063,000"
"6946","620277","주식회사 시그널","   2,062,400"
"6947","350222","(주)새한이엔씨","   2,062,100"
"6948","610358","주식회사 은창","   2,061,200"
"6948","201214","(주)진코퍼레이션","   2,061,200"
"6948","311722","참빛파워텍 주식회사","   2,061,200"
"6951","170130","주식회사 성원전기","   2,060,800"
"6952","610073","하늘기업(주)","   2,060,300"
"6953","203955","주식회사 수림건설","   2,060,100"
"6953","120762","(주)연합전설","   2,060,100"
"6955","310943","(주)인성전기통신","   2,060,000"
"6956","540239","(주)무림지앤아이","   2,058,700"
"6956","203535","자이씨앤에이 주식회사 (XI C&A Co., Ltd.)","   2,058,700"
"6958","140128","(주)부국전력통신공사","   2,057,700"
"6958","200940","지안넥스(주)","   2,057,700"
"6960","520093","아이에스정보기술(주)","   2,057,600"
"6961","310652","(주)포스텍","   2,057,300"
"6962","120172","서광인포컴(주)","   2,057,200"
"6963","540234","에이원정보통신","   2,056,100"
"6963","640154","주식회사 모아","   2,056,100"
"6965","410335","주식회사 대산정보통신","   2,055,300"
"6966","112683","(주)아이디테크","   2,054,800"
"6967","640174","다함테크 ","   2,054,500"
"6968","410083","(주)타키온","   2,054,400"
"6969","610149","(주)코스원","   2,054,100"
"6970","312145","키엔컴 주식회사","   2,054,000"
"6971","200901","주식회사 아름전력","   2,053,700"
"6972","311142","주식회사 알파앤오메가","   2,053,600"
"6973","312311","가이아스 주식회사","   2,053,400"
"6974","330288","주식회사 에이아이오투오","   2,053,100"
"6975","203639","주식회사 아이즈온솔루션","   2,052,800"
"6976","312216","주식회사 트리즈엠에스","   2,052,400"
"6976","330223","케이디음향","   2,052,400"
"6978","610458","호반블루에너지 주식회사","   2,050,700"
"6979","310650","(주)메가이엔지","   2,050,300"
"6980","530281","주식회사 한국","   2,049,500"
"6981","311164","(주)한성엔지니어링","   2,048,900"
"6982","200267","주원통신기술(주)","   2,048,500"
"6983","620189","(주)신화이엔씨","   2,047,600"
"6984","130242","상유정보통신","   2,045,900"
"6985","120576","(주)오션컴","   2,045,500"
"6985","203645","대월기전 주식회사","   2,045,500"
"6987","202605","(주)넥스트코어테크놀로지","   2,045,300"
"6987","110439","델타전자통신","   2,045,300"
"6989","310055","주식회사 비즈넷정보통신","   2,045,000"
"6990","430008","주식회사 세왕","   2,044,700"
"6991","203466","주식회사 세인시스","   2,043,500"
"6992","203866","주식회사 루트브이","   2,043,400"
"6993","430142","주식회사 중앙엔지니어링","   2,043,300"
"6993","510242","삼우기전","   2,043,300"
"6995","410266","(주)수성엔지니어링","   2,043,200"
"6995","550415","주식회사 가나일렉트릭","   2,043,200"
"6997","112155","동화피에이산업(주)","   2,042,800"
"6998","510278","(주)에이넷시스템","   2,042,500"
"6999","610457","주식회사 제이케이","   2,040,500"
"7000","430232","금화통신 주식회사","   2,039,800"
"7001","630098","(유)삼보정보통신","   2,039,500"
"7002","113370","(주)에스티","   2,039,200"
"7003","630221","주식회사 나인미디아","   2,038,600"
"7004","311343","(주)디오","   2,038,000"
"7005","112652","(주)세진전설","   2,035,500"
"7006","420480","주식회사 바스텍","   2,034,900"
"7007","140165","남도건설(주)","   2,034,800"
"7007","201654","지엘에스이(주)","   2,034,800"
"7009","530331","명가종합건설 주식회사","   2,034,500"
"7010","320208","주식회사 성진에이앤씨","   2,034,200"
"7011","330139","(주)누리넷","   2,033,400"
"7012","203299","주식회사 보미건설","   2,033,300"
"7013","540198","(주)대경이엠씨","   2,032,600"
"7014","204212","주식회사 유니윈즈","   2,032,300"
"7015","202331","빅테크 주식회사","   2,032,200"
"7016","311691","주식회사 세경이엔지","   2,031,800"
"7017","530191","태성씨앤씨(주)","   2,031,100"
"7018","112524","한국아이비엠(주)","   2,031,000"
"7019","540329","(주)삼진일렉컴","   2,030,600"
"7020","610324","신정일통신","   2,030,500"
"7021","320356","주식회사 유림전기통신","   2,030,400"
"7022","620252","주식회사 지엔아이","   2,029,700"
"7023","610251","(주)승촌전기통신","   2,028,600"
"7024","311718","(주)메가클라우드","   2,028,100"
"7025","311234","주식회사 티제이정보통신","   2,028,000"
"7026","630307","주식회사 마루정보통신","   2,027,900"
"7027","160194","(유)글로벌네트웍스","   2,027,500"
"7028","410402","(주)현대이엔지","   2,026,900"
"7029","130321","여명정보통신(주)","   2,025,100"
"7030","520152","스피드컴 주식회사","   2,025,000"
"7031","410144","주식회사 지성이앤씨","   2,024,800"
"7032","530085","(주)제일테크","   2,024,300"
"7033","440080","코드시스템 주식회사","   2,024,200"
"7034","430074","주식회사 바로테크","   2,024,000"
"7034","350553","주식회사 엠포더스","   2,024,000"
"7036","540425","주식회사 아진정보기술","   2,023,200"
"7037","530062","화인시스템(주)","   2,022,600"
"7038","330124","주식회사 믿음이엔지","   2,022,400"
"7039","640095","조아 주식회사","   2,021,700"
"7040","311345","(주)광명네트워크","   2,021,300"
"7040","140450","(주)비앤케이아이씨티","   2,021,300"
"7042","200580","주식회사 제이티이앤씨","   2,020,000"
"7043","550420","아이티웰 주식회사","   2,019,300"
"7044","201480","다온정보통신 주식회사","   2,018,700"
"7045","620265","주식회사 제이앤피정보통신","   2,018,600"
"7046","311601","(주)알파정보통신","   2,016,700"
"7046","201804","포스텍네트웍스(주)","   2,016,700"
"7048","150627","(주)세종정보시스템","   2,016,100"
"7049","201705","(주)혜성이티에스","   2,015,800"
"7050","110602","(주)이화엔지니어링","   2,015,600"
"7051","110026","(주)지엔테크","   2,013,700"
"7052","204146","주식회사 쓰리에이치에스","   2,013,100"
"7053","320418","브니엘네이처 주식회사","   2,012,900"
"7054","202142","에스비엠텔레콤(주)","   2,012,800"
"7055","320346","(주)에이펙스이에스씨","   2,012,700"
"7056","170199","주식회사 태승","   2,011,700"
"7057","350487","엘케이엠테크 주식회사","   2,010,200"
"7058","540154","(주)건아정보기술","   2,009,800"
"7058","420159","(주)아름씨엔씨","   2,009,800"
"7058","520148","주식회사 진솔루션","   2,009,800"
"7061","312361","주식회사 싱스웰","   2,009,600"
"7062","312158","주식회사 알티알 씨스템","   2,009,400"
"7063","312197","(주)넘버원시큐리티","   2,008,900"
"7064","430259","(주)대건전기","   2,008,700"
"7065","130240","주식회사 엠아이테크","   2,008,300"
"7066","610135","유한회사 삼인정보","   2,007,900"
"7067","610298","주식회사 멀티스퀘어 (MULTISQUARE)","   2,007,200"
"7068","520164","성광정보통신","   2,006,800"
"7069","203414","주식회사 에이치티엠","   2,006,000"
"7070","320419","주식회사 씨앤에이치","   2,005,700"
"7071","610246","유한회사 유니온","   2,004,800"
"7072","440058","디에스에스아이 주식회사","   2,004,300"
"7073","550523","화성정보통신 주식회사","   2,003,700"
"7074","202501","(주)미디어플랜","   2,003,400"
"7075","530403","주식회사 유비엔","   2,003,300"
"7076","202543","(주)디지털코리아","   2,002,900"
"7077","311285","(주)아주건설","   2,002,700"
"7077","540058","대명텔레콤","   2,002,700"
"7079","312289","모아정보통신 주식회사","   2,002,400"
"7080","530209","(주)엔아이씨","   2,001,600"
"7080","350166","(주)하늘영상통신기술","   2,001,600"
"7082","620155","(주)씨젠이엔지","   2,001,100"
"7083","203787","주식회사 소와소","   2,000,600"
"7084","312250","주식회사 디 알 에스","   2,000,300"
"7085","120785","런네트시스템","   1,999,100"
"7085","150262","주식회사 태림정보통신","   1,999,100"
"7087","550125","해양전자","   1,998,600"
"7088","510012","주식회사 대산시스템","   1,997,600"
"7089","203634","주식회사 에스엔에이글로벌","   1,996,500"
"7090","310762","(주)케이아이정보통신","   1,996,400"
"7090","200777","(주)영전사","   1,996,400"
"7092","530248","(주)유디넷","   1,996,300"
"7092","530393","(주)더아이엠씨","   1,996,300"
"7092","201034","(주)이엠피서비스","   1,996,300"
"7095","350288","(주)다올아이티에스","   1,995,900"
"7096","530457","주식회사 씨엔케이네트워크","   1,995,600"
"7097","311752","주식회사 티제이솔루션","   1,994,000"
"7098","420513","주식회사 제이케이네트워크","   1,993,600"
"7099","550265","주식회사 대신전력","   1,993,500"
"7100","200568","에이브이에스텍(주)","   1,993,200"
"7101","203563","주식회사 엘엑스","   1,991,500"
"7102","130065","주식회사 엠제이정보통신","   1,991,300"
"7103","203868","주식회사 디엑스티앤","   1,991,100"
"7103","530049","주식회사 정우이엔씨","   1,991,100"
"7105","311380","주식회사 올인원시스템","   1,990,900"
"7106","430161","주식회사 하랑정보","   1,990,000"
"7107","530308","주식회사 로그인","   1,989,400"
"7108","550286","(주)부경아이티씨(BugyeongITC Inc.)","   1,989,100"
"7109","112968","(주)씨그테크","   1,989,000"
"7110","311515","(주)태경정보통신","   1,988,900"
"7111","140443","(주)네트워크다온","   1,988,400"
"7112","112063","주식회사 선명정보통신","   1,988,000"
"7113","620362","아름통신 주식회사","   1,986,900"
"7114","610366","주식회사 창언정보","   1,986,800"
"7115","520049","(주)비앤에스","   1,986,600"
"7116","140074","(주)코맥스넷","   1,986,000"
"7117","620300","주식회사 상상오","   1,985,300"
"7118","630313","유한회사 포머스","   1,984,500"
"7119","350266","주식회사 이인아이씨티","   1,983,200"
"7120","420232","퀀텀엣지 주식회사","   1,983,000"
"7120","150502","(주)에이텔정보기술","   1,983,000"
"7122","520110","주식회사 민성","   1,982,800"
"7123","550208","주식회사 이지정보기술","   1,982,700"
"7124","203884","주식회사 케이티씨씨엠","   1,982,500"
"7124","202947","주식회사 코어시스템즈","   1,982,500"
"7126","620321","유한회사 디에스정보통신","   1,982,300"
"7127","420079","(주)두전정보통신","   1,981,700"
"7128","510392","(주)아이티스","   1,980,600"
"7128","311210","신우산전","   1,980,600"
"7130","111681","주식회사 월드미디어","   1,978,800"
"7131","201026","새론정보통신","   1,978,700"
"7132","330333","주식회사 이앤이(ENE Co.,Ltd)","   1,977,600"
"7133","170147","국민통신","   1,976,800"
"7134","201831","소리콤(주)","   1,976,500"
"7135","330158","주식회사 천지","   1,975,500"
"7136","330196","주식회사 블루케이","   1,974,700"
"7137","160053","(유)딕스","   1,974,200"
"7138","550320","주식회사 경복전력","   1,974,000"
"7139","420330","주식회사 아이서티","   1,973,900"
"7140","150541","(주)지성전설","   1,973,700"
"7141","410390","주식회사 청연이엔지","   1,973,400"
"7142","310316","(주)엑스컴정보통신","   1,972,500"
"7143","330359","주식회사 이즈온","   1,972,200"
"7144","312368","텔스타에이전틱로보틱스 주식회사","   1,971,900"
"7145","550202","주식회사 이륙","   1,971,200"
"7146","440063","주식회사 이도아이티에스","   1,970,900"
"7147","320106","주식회사 준서전력","   1,970,000"
"7148","540435","문경컴퓨터정보통신","   1,969,800"
"7149","530114","(주)청구통신","   1,969,500"
"7150","550266","(주)누리아이티","   1,969,400"
"7150","330067","(주)보배이에스씨","   1,969,400"
"7152","540005","중원전력(주)","   1,969,200"
"7153","311441","(주)제이씨정보통신","   1,968,600"
"7154","310720","(주)엔텍시스템","   1,967,300"
"7155","320461","은오아이티","   1,966,800"
"7156","330054","(주)한국알파시스템","   1,966,600"
"7157","130232","주식회사 정우아이티","   1,966,400"
"7158","630059","(주)천성정보통신","   1,965,800"
"7159","350004","(주)재성이엔씨","   1,965,300"
"7160","201926","(주)경원전력","   1,964,400"
"7161","420227","투윈스 주식회사","   1,964,300"
"7162","620382","주식회사 제브라","   1,963,800"
"7163","203330","주식회사 와이비정보시스템","   1,961,600"
"7164","640117","주식회사 신광네트워크","   1,961,400"
"7165","204050","주식회사 아이피코어","   1,961,300"
"7166","330198","파워텍 주식회사","   1,960,100"
"7167","510607","(주)강림아이티에스","   1,959,900"
"7168","111988","주식회사 엔티티코리아솔루션즈(NTT Korea Solutions Inc.)","   1,959,400"
"7169","540054","(주)원광","   1,958,800"
"7170","350336","주식회사 수성이앤씨","   1,958,200"
"7171","320167","(주)아성넷","   1,957,400"
"7172","530452","주식회사 태원아이티","   1,956,900"
"7173","630219","주식회사 제이이엔씨","   1,956,700"
"7174","120470","삼현네트웍","   1,956,600"
"7175","620231","(주)유로전력","   1,956,500"
"7176","510045","유비넷(주)","   1,956,100"
"7177","430203","주식회사 네오정보기술","   1,956,000"
"7178","204158","주식회사 한성디자인기획","   1,955,800"
"7179","540461","주식회사 다온아앤씨","   1,955,700"
"7180","311526","(주)아와소프트","   1,953,900"
"7181","320348","케일 주식회사","   1,953,400"
"7182","320336","미르정보기술","   1,953,200"
"7183","540534","주식회사 더블유아이티","   1,952,300"
"7184","311860","주식회사 우공시스템","   1,951,600"
"7185","202137","주식회사 유비솔루션","   1,951,400"
"7186","420223","(주)에세텔","   1,950,600"
"7186","410427","주식회사 스마트정보 (SMART INFORMATION.CO.,LTD)","   1,950,600"
"7188","310619","(주)아이필넷","   1,950,300"
"7189","620083","주식회사 루하","   1,950,200"
"7190","610340","연우정보통신 주식회사","   1,950,100"
"7191","510753","대은정보","   1,949,000"
"7192","201327","(주)케이앤비시스템","   1,948,700"
"7193","510183","주식회사 에이치엠아이","   1,948,400"
"7193","312049","주식회사 금강에너텍","   1,948,400"
"7195","410216","(주)삼양전자통신","   1,948,200"
"7195","410164","주식회사 동부전기","   1,948,200"
"7197","630150","(주)코스코","   1,947,900"
"7197","350395","유니테크 주식회사","   1,947,900"
"7199","330096","(주)케이씨엔","   1,947,100"
"7200","200775","주식회사 삼현전력","   1,947,000"
"7201","110399","주식회사 제이에스일렉","   1,946,800"
"7202","311895","주식회사 다온시스템","   1,946,400"
"7203","202389","(주)인프라엔이(INFRA&ECo.,LTD)","   1,945,700"
"7204","330372","에스아이 주식회사","   1,945,600"
"7205","350119","(주)에스제이이엔씨","   1,945,300"
"7206","610322","주식회사 대승정보","   1,944,600"
"7207","203600","주식회사 오펜하임시스템즈","   1,944,100"
"7208","330082","대진정보통신(주)","   1,943,800"
"7209","540322","(주)룩스정보","   1,943,500"
"7210","420285","샤인엔지니어링 주식회사","   1,943,200"
"7211","112920","주식회사 광명전기통신","   1,942,300"
"7211","111309","주식회사 명성","   1,942,300"
"7213","110171","(주)뉴넷팝","   1,942,000"
"7214","610377","주식회사 원테크","   1,941,700"
"7215","202917","주식회사 다온앤","   1,941,600"
"7216","630186","주식회사 대방지","   1,941,400"
"7217","350410","주식회사 인큐비젼","   1,941,200"
"7218","203140","주식회사 화성전력","   1,940,900"
"7219","202170","(주)아이에스솔루션즈","   1,939,400"
"7220","200837","(주)신해전기건설","   1,939,100"
"7221","203636","대명지이씨 주식회사","   1,938,400"
"7222","312121","주식회사 에이아이씨티","   1,937,800"
"7223","201662","주식회사 투지시스템","   1,936,600"
"7224","640011","(주)한결이엔씨","   1,936,300"
"7225","130492","(주)극동통신","   1,935,900"
"7226","110386","주식회사 성원","   1,935,600"
"7227","620198","(주)무현정보통신","   1,935,200"
"7228","311352","(주)대명이앤씨","   1,935,000"
"7229","350364","비전텔레콤(주)","   1,933,900"
"7230","170160","브라보정보통신(주)","   1,932,800"
"7231","550300","주식회사 경남씨앤텍","   1,931,100"
"7232","201339","주식회사 베이넥스","   1,930,700"
"7232","202243","시큐솔루션(주)","   1,930,700"
"7234","312436","주식회사 대한이엔씨","   1,930,200"
"7235","111840","코리아정보통신","   1,930,100"
"7236","640144","청강아이씨티 주식회사","   1,929,500"
"7237","430250","(주)더블유에스네트워크","   1,928,800"
"7238","510551","(주)미주정보통신","   1,928,100"
"7239","160174","(유)하나통신","   1,927,900"
"7240","110873","덕일이앤티(주)","   1,926,700"
"7241","330049","주식회사 한진","   1,926,500"
"7242","330328","주식회사 에이치엘건설","   1,926,100"
"7243","440010","주식회사 스마트이엔씨","   1,926,000"
"7244","120121","(주)은진텔레콤","   1,925,500"
"7245","630132","(유)신도정보통신","   1,925,300"
"7246","620309","미디어테크","   1,924,900"
"7247","350473","주식회사 에스에이씨솔루션","   1,924,500"
"7248","520118","(주)대준아이씨티","   1,924,000"
"7249","610261","주식회사 웨이소프트","   1,923,800"
"7250","440007","주식회사 서하","   1,923,700"
"7251","410381","주식회사 프라임이앤씨","   1,923,500"
"7252","120466","(주)대흥기업","   1,923,100"
"7253","630305","주식회사 디제이엔지니어링","   1,923,000"
"7254","520129","태영이엔지 주식회사","   1,922,500"
"7255","430351","주식회사 윌코모시스템즈","   1,922,100"
"7256","430297","주식회사 이수이엔아이","   1,921,900"
"7257","111632","백두전기통신(주)","   1,921,800"
"7258","350494","(주)에프엠","   1,921,500"
"7259","610247","유한회사 에이탑","   1,920,300"
"7260","112749","(주)쓰리컴에스","   1,918,900"
"7261","140164","주식회사 인터엠테크","   1,918,700"
"7262","410166","(주)구구전기통신","   1,918,500"
"7263","202756","(주)에스비엠","   1,918,100"
"7264","310410","세진텔레시스(주)","   1,917,800"
"7265","350111","(주)보경이엔지","   1,917,400"
"7266","510201","(주)태산엔지니어링 건축사사무소","   1,916,800"
"7267","430239","(주)석창통신","   1,916,600"
"7268","540007","영주정보통신(주)","   1,916,200"
"7268","203418","주식회사 그레이프네트웍스","   1,916,200"
"7270","204155","주식회사 티원시스(T-ONE SYS Co.,Ltd.)","   1,915,900"
"7271","630178","세움종합건설 주식회사","   1,915,800"
"7272","203972","주식회사 에스앤브이테크 (SNVTECH CO.,LTD)","   1,915,700"
"7273","550270","오성정보통신(주)","   1,915,200"
"7274","330056","주식회사 동지전력","   1,914,800"
"7275","113227","(주)중선아이티씨","   1,914,400"
"7276","550209","고정전기통신 주식회사","   1,913,700"
"7276","200343","(주)에버비젼","   1,913,700"
"7278","111444","(주)청효이씨이","   1,913,400"
"7279","203277","주식회사 에티버스이피에이 (ETEVERS ePA CO.,LTD.)","   1,913,100"
"7279","201774","드림라인(주)","   1,913,100"
"7281","330118","다한지엔에스(주)","   1,912,900"
"7282","202060","(주)네오플러스","   1,912,700"
"7283","620390","가람네오텍 주식회사","   1,911,200"
"7284","410271","주식회사 하랑정보통신","   1,910,600"
"7285","610081","(주)대산이엔씨","   1,910,500"
"7286","330277","(주)삼부연","   1,909,400"
"7287","310134","주식회사 디에스원","   1,908,600"
"7288","150677","이한전력 주식회사","   1,908,300"
"7289","550492","창원정보테크 주식회사","   1,908,200"
"7290","120688","(주)마스타통신","   1,907,600"
"7291","540315","주식회사 케이탑테크","   1,907,300"
"7292","350098","주식회사 서진이앤아이","   1,906,800"
"7293","150198","한국개발(주)","   1,906,100"
"7294","350428","한양기전공업 주식회사","   1,906,000"
"7295","310098","(주)세홍산전","   1,905,500"
"7295","203714","주식회사 에스피엔텍","   1,905,500"
"7297","110125","삼정정보통신","   1,904,800"
"7298","140248","(주)한텔","   1,904,700"
"7299","201399","위즈팩토리(주)","   1,904,200"
"7300","520085","(주)서현텔레콤","   1,904,000"
"7301","330122","세종기업(주)","   1,903,800"
"7302","202594","(주)틴들코리아","   1,903,700"
"7303","330356","(주)오성이엔씨","   1,900,100"
"7304","110598","한국후지쯔(주)","   1,899,500"
"7305","110405","삼성전자(주)","   1,899,300"
"7306","540220","광명전기","   1,898,000"
"7307","430314","주식회사 케이알넷","   1,896,500"
"7308","620337","주식회사 아이엠알","   1,895,900"
"7309","310600","(주)디비엔","   1,895,700"
"7310","350532","제이씨와이 주식회사","   1,894,800"
"7310","320387","주식회사 명성이엔씨","   1,894,800"
"7312","640033","(주)코리아파워","   1,894,700"
"7313","410190","(주)동천아이엔씨","   1,894,300"
"7314","430251","(주)세명이앤씨","   1,894,200"
"7315","110508","(주)신한종합정보통신","   1,893,200"
"7316","150595","주식회사 케이알정보통신","   1,892,700"
"7317","420475","케이워터기술 주식회사","   1,891,400"
"7318","350160","주식회사 에이스","   1,891,300"
"7319","320414","주식회사 다올정보통신","   1,891,000"
"7319","202109","(주)유투에스알","   1,891,000"
"7321","510448","(주)동양전력","   1,890,900"
"7322","130076","삼정전기통신(주)","   1,890,700"
"7323","540231","(주)케이정보","   1,890,200"
"7324","620349","주식회사 패밀리아","   1,889,900"
"7325","550441","주식회사 코아넷","   1,889,200"
"7326","112240","주식회사 동아테크솔루션","   1,888,800"
"7327","112995","주식회사 다온에프앤씨","   1,888,100"
"7328","200038","(주)넥시스정보","   1,887,800"
"7329","350475","주식회사 위드시스","   1,887,000"
"7330","311128","주식회사 오리온아이(Orion I Co.,Ltd.)","   1,886,400"
"7331","610335","유한회사 해주","   1,886,300"
"7332","202678","(주)새누","   1,886,100"
"7333","140221","디에스앤피플 주식회사","   1,885,900"
"7334","610021","주식회사 국일전력","   1,885,300"
"7335","410094","(주)유동전력통신","   1,884,600"
"7336","202875","주식회사 한성(HANSUNG CO.,  LTD.)","   1,883,900"
"7337","311611","주식회사 원영아이앤씨","   1,883,100"
"7337","120784","에이스통신","   1,883,100"
"7339","510226","(주)네온텍","   1,882,700"
"7340","610255","주식회사 이노테크","   1,881,800"
"7340","350381","주식회사 성우이엔지","   1,881,800"
"7342","120312","(주)세화정보통신","   1,881,000"
"7343","201922","(주)그루젠","   1,880,800"
"7343","110197","(주)지디시","   1,880,800"
"7345","110351","(주)고광","   1,880,700"
"7346","311333","(주)에프비정보통신","   1,880,400"
"7347","112394","금성통신건설(주)","   1,880,300"
"7348","410030","다움이앤씨(주)","   1,878,000"
"7349","420383","(주)제이앤씨시스템 ","   1,877,900"
"7350","540247","엔티시스템 주식회사","   1,877,800"
"7351","620318","주식회사 엠알티","   1,877,500"
"7352","620301","케이원","   1,877,400"
"7353","312190","주식회사 삼정엔지니어링","   1,877,200"
"7353","200494","(주)엘티정보통신","   1,877,200"
"7355","540258","정우통신","   1,876,900"
"7356","311361","웨이브넷 주식회사","   1,876,600"
"7356","420293","주식회사 한컴인스페이스","   1,876,600"
"7358","330178","주식회사 대원","   1,876,300"
"7359","540449","주식회사 다온이엔씨","   1,875,900"
"7360","201870","(주)에이케이지씨","   1,875,800"
"7361","610331","주식회사 가온이알텍","   1,875,200"
"7362","630368","주식회사 삼파랑","   1,874,900"
"7363","320331","주식회사 비스페이스","   1,874,800"
"7364","311403","주식회사 성연아이앤씨","   1,874,700"
"7365","120686","(주)대저건설","   1,874,500"
"7366","203158","이노인포컴","   1,874,400"
"7367","311911","주식회사 한영정보통신","   1,874,200"
"7368","410082","(주)신화네트웍스","   1,873,400"
"7369","130167","(주)지엘정보통신","   1,873,200"
"7370","550392","주식회사 라인미디어","   1,872,400"
"7371","520185","주식회사 선명아이씨티","   1,872,200"
"7372","630235","주식회사 서한글로벌","   1,872,000"
"7372","510700","주식회사 케이씨티 (KCT co.,Ltd)","   1,872,000"
"7374","350134","이에스피(주)","   1,871,900"
"7375","160124","(유)성현정보통신","   1,871,200"
"7376","550330","씨에이치천해정보통신(주)","   1,870,300"
"7377","610339","주식회사 프롬","   1,869,700"
"7378","520168","에스넷정보통신","   1,869,500"
"7379","610232","주식회사 니즈","   1,869,300"
"7380","200650","주식회사 에이치제이","   1,869,200"
"7381","112230","주식회사 유현정보통신","   1,869,000"
"7382","202952","주식회사 나이스포유","   1,868,800"
"7382","170135","주식회사 보광","   1,868,800"
"7384","150259","한국케이블티브이푸른방송(주)","   1,868,500"
"7385","111674","주식회사 제이에스넷","   1,868,200"
"7386","410113","원광이앤지(주)","   1,867,900"
"7387","630316","주식회사 네모","   1,866,900"
"7388","550373","주식회사 씨앤시스","   1,866,800"
"7389","110984","청보엔지니어링 주식회사","   1,866,200"
"7390","640157","주식회사 테크원시스템","   1,865,700"
"7391","350206","(주)한울","   1,865,500"
"7392","530036","주식회사 구룡전기","   1,864,400"
"7392","510743","천광전업 주식회사","   1,864,400"
"7394","312606","주식회사 에이치제이앤씨","   1,864,200"
"7395","130158","주식회사 포항이앤씨","   1,862,900"
"7396","610477","주식회사 패스테크","   1,862,600"
"7397","510255","신아정보통신","   1,862,500"
"7398","520078","마리타임레디오","   1,861,700"
"7399","112051","알폰스테크(주)","   1,861,500"
"7400","320357","와이즈정보기술","   1,861,400"
"7401","111355","주식회사 정음전력","   1,860,800"
"7402","540401","주식회사 달빛테크","   1,860,100"
"7403","350292","에스엠넷 주식회사","   1,859,700"
"7404","530443","주식회사 이안정보기술","   1,859,600"
"7405","113074","(주)신광전기","   1,859,500"
"7406","203373","티비엠테크 주식회사","   1,859,200"
"7407","540279","(주)화인엠앤에스","   1,858,800"
"7408","530006","(주)세종통신","   1,858,400"
"7409","420306","금성건설 주식회사","   1,858,300"
"7410","113165","케이웨더(주)","   1,857,800"
"7411","540479","주식회사 테라시큐어","   1,857,700"
"7412","510009","주식회사 해연정보기술","   1,857,500"
"7413","312196","주식회사 에이치에스피","   1,856,900"
"7414","420353","주식회사 지앤씨엔지니어링","   1,856,600"
"7415","202718","(주)에이치애비뉴앤컴퍼니","   1,855,000"
"7416","420494","주식회사 기술법인세종","   1,854,800"
"7417","120787","(주)호원정보통신","   1,854,400"
"7418","110063","대건통신건설(주)","   1,853,600"
"7419","550487","(주)테스콤","   1,853,400"
"7420","120451","두성선박전자(주)","   1,853,300"
"7421","200743","보타리에너지(주)","   1,853,100"
"7422","203068","주식회사 치우아이티","   1,853,000"
"7423","420394","코스타이엔지 주식회사","   1,852,800"
"7424","430155","(주)알파네트웍스","   1,852,700"
"7425","410344","(주)정인이앤씨","   1,850,400"
"7426","203732","주식회사 페리도트테크 (PeridotTech Co., Ltd)","   1,850,000"
"7427","130078","코어네트웍스(주)","   1,848,700"
"7428","320175","(주)경원씨앤에스","   1,847,900"
"7429","410240","뉴아이티 주식회사","   1,847,300"
"7430","550085","조은정보통신","   1,847,000"
"7431","530125","경북통신","   1,846,300"
"7432","550364","주식회사 케이엔에스경남보안","   1,846,100"
"7433","311745","주식회사 뉴탑엔지니어링","   1,845,400"
"7434","630220","상명이엔씨 주식회사","   1,845,300"
"7435","350178","(주)국제미디어","   1,845,200"
"7436","203154","육일전기공사 주식회사","   1,844,900"
"7437","550045","지원아이앤씨 주식회사","   1,843,900"
"7438","520031","씨에스정보기술","   1,843,800"
"7439","630196","주식회사 유피플러스","   1,843,000"
"7440","550179","주식회사 다온지능정보","   1,842,600"
"7441","201423","(주)라인테크","   1,842,400"
"7442","410197","주식회사 원","   1,841,900"
"7443","311729","주식회사 바로","   1,841,800"
"7444","202960","주식회사 에스티로직","   1,840,700"
"7445","140381","(유)원탑정보통신건설","   1,840,600"
"7446","120709","(주)엠텍통신","   1,840,300"
"7447","202303","주식회사 에코파워산업","   1,840,200"
"7448","610482","주식회사 신도종합사무기","   1,839,700"
"7449","350214","주식회사 라인전기공사","   1,838,100"
"7450","320386","주식회사 삼우에스비","   1,837,600"
"7451","320519","주식회사 스마트아진","   1,837,400"
"7452","610059","주식회사 에스에이이앤씨","   1,836,400"
"7453","320139","(주)강남전기","   1,835,700"
"7454","620173","(주)비즈정보통신","   1,834,800"
"7455","312610","주식회사 디에스네트웍스","   1,834,700"
"7456","204061","주식회사 젠솔소프트","   1,834,200"
"7457","540074","한보전설(주)","   1,833,900"
"7458","540505","주식회사 미르텍","   1,833,300"
"7459","311663","주식회사 영진","   1,833,100"
"7460","312525","헤브런 주식회사","   1,832,300"
"7461","200538","주식회사 우남이엔지","   1,832,100"
"7462","330087","주식회사 가온","   1,831,800"
"7462","420302","주식회사 커뮤","   1,831,800"
"7464","120316","(주)하람정보통신","   1,831,400"
"7464","550011","하늘통신","   1,831,400"
"7466","312349","주식회사 아이엔티컴퍼니","   1,831,000"
"7467","130316","동양통신기술 주식회사","   1,830,700"
"7468","110035","(주)한울네트웍","   1,830,600"
"7468","111360","우석전자씨스템(주)","   1,830,600"
"7470","630109","주식회사 윈테크시스템","   1,830,300"
"7471","530069","세진시스템","   1,829,500"
"7472","420115","(주)명품시스템","   1,829,000"
"7473","630285","주식회사 에스엠","   1,828,700"
"7474","310502","주식회사 에스디","   1,827,600"
"7475","111696","(주)서울정보컴","   1,827,500"
"7476","201599","(주)안국정보통신","   1,827,100"
"7477","430303","하누리광통신","   1,826,900"
"7478","640138","주식회사 지오앤에스","   1,826,800"
"7479","150674","아이엔지텍(주)","   1,826,600"
"7480","310933","(주)다인시스","   1,826,100"
"7481","510170","주식회사 수우","   1,825,700"
"7482","430081","(주)인에스","   1,825,500"
"7483","130496","(주)창승전력","   1,824,800"
"7484","510769","주식회사 부산정보기술","   1,823,700"
"7485","320334","주식회사 두원넷","   1,822,800"
"7486","202933","청우기전 주식회사","   1,821,600"
"7487","410007","주식회사 한국방재기술단","   1,821,200"
"7487","510208","세명미디어","   1,821,200"
"7489","310613","(주)신성네트워크","   1,821,000"
"7490","430172","광진이엔지(주)","   1,820,700"
"7491","510449","세빌(주)","   1,820,300"
"7492","312303","해랑정보기술(주)","   1,820,100"
"7493","203495","주식회사 윈텍정보통신","   1,820,000"
"7494","311232","주식회사 이오테크","   1,819,600"
"7494","350367","와이넷 주식회사","   1,819,600"
"7496","312470","일양전설 주식회사","   1,819,100"
"7497","120457","광진통신(주)","   1,818,400"
"7498","510087","(주)코콤네트워크","   1,817,000"
"7499","120447","신정테크","   1,816,800"
"7500","610210","두리통신 주식회사","   1,816,500"
"7500","120364","주식회사 화인이앤씨","   1,816,500"
"7502","640104","주식회사 제주이앤지","   1,815,600"
"7503","430320","금강종합건설 주식회사","   1,815,000"
"7504","350295","이쎌 주식회사","   1,814,600"
"7505","203425","주식회사 테라텍","   1,813,800"
"7505","620357","(주)티움인프라","   1,813,800"
"7507","330283","(주)연희정보통신기술","   1,813,700"
"7508","311072","(주)위드유통신","   1,813,600"
"7508","311954","주식회사 신화데이타","   1,813,600"
"7510","510238","주식회사 일성정보기술","   1,813,500"
"7511","150219","성호통신","   1,812,900"
"7512","510457","(주)무진아이앤씨","   1,812,300"
"7513","410249","(주)테라이에프씨","   1,811,800"
"7514","320029","대도정보통신","   1,811,100"
"7515","630193","주식회사 지에스","   1,810,900"
"7516","620392","(주)건우전기","   1,810,400"
"7516","440008","주식회사 퀀텀커뮤니케이션","   1,810,400"
"7518","311296","(주)메디전자","   1,809,600"
"7518","420032","한진전자통신(주)","   1,809,600"
"7520","112456","(주)에이치제이통신","   1,808,700"
"7521","200413","양우종합건설 주식회사(Yang Woo Engineering & Construction Co., Ltd.)","   1,808,300"
"7522","520170","주식회사 아이엔","   1,808,100"
"7523","350484","주식회사 연성정보통신","   1,807,600"
"7524","430159","(주)아이피","   1,807,100"
"7525","530422","주식회사 토코스(TOCOS Co.,Ltd.)","   1,806,900"
"7526","640047","주식회사 현우전력","   1,806,700"
"7527","410075","(주)성진","   1,806,200"
"7528","630317","주식회사 미르엘코","   1,805,400"
"7528","170055","(주)영진","   1,805,400"
"7530","550460","하나통신","   1,805,300"
"7531","312171","주식회사 윤우아이에스","   1,805,100"
"7532","320400","주식회사 헤라넷(HERA NET Co., Ltd.)","   1,805,000"
"7533","610365","주식회사 뉴미디어","   1,804,800"
"7533","320031","(주)인우이앤지","   1,804,800"
"7535","620398","주식회사 커넥트온","   1,804,300"
"7536","510611","(주)삼정시스템","   1,804,200"
"7537","610317","유한회사 지명정보","   1,803,100"
"7538","620352","(주)휴넷가이아","   1,802,600"
"7539","120492","(주)대명통신","   1,802,200"
"7540","201592","(주)투비리더스","   1,801,700"
"7540","112619","(주)아이티시스","   1,801,700"
"7540","202822","주식회사 더올아이티","   1,801,700"
"7543","311095","(주)그린플로우","   1,801,200"
"7544","200938","(주)이스턴네트웍스","   1,800,900"
"7545","630333","주식회사 이에스테크","   1,800,500"
"7545","140475","(주)정담통신","   1,800,500"
"7547","110393","(주)국민산업","   1,800,300"
"7548","160112","주식회사 이케이","   1,797,100"
"7549","113248","현대통신공사","   1,795,900"
"7550","310736","모루시스템(주)","   1,795,400"
"7551","330300","(주)수호시스템","   1,794,900"
"7552","410086","제일정보통신(합)","   1,794,700"
"7553","330030","(유)티엠네트웍스","   1,793,000"
"7554","113253","주식회사 태양전기","   1,792,900"
"7555","111694","(주)삼일통신","   1,792,700"
"7556","320255","주식회사 한솔정보","   1,792,600"
"7557","150362","(주)한양전자통신","   1,792,400"
"7558","430106","(주)에스제이네트웍스","   1,791,600"
"7559","510647","주식회사 신세계아이씨티","   1,791,300"
"7560","610473","주식회사 에스제이정보통신","   1,791,000"
"7561","550368","주식회사 에스유에스","   1,790,300"
"7562","430009","(주)삼성정보통신","   1,789,800"
"7563","430130","진성네트웍스주식회사","   1,788,400"
"7564","312086","엘투이 주식회사","   1,788,200"
"7565","311328","주식회사 제이에스전기통신","   1,788,000"
"7566","111169","(주)웅비정보통신","   1,787,900"
"7567","201644","(주)후니드","   1,786,900"
"7568","203767","주식회사 유플렉스소프트","   1,786,800"
"7569","202595","에스피에스주차관제(주)","   1,786,600"
"7570","311043","피앤씨테크(주)","   1,786,400"
"7570","200420","(주)아이티벨리","   1,786,400"
"7572","430201","주식회사 이케이전력","   1,786,200"
"7573","510617","이한기술단(주)","   1,785,600"
"7574","350521","주식회사 세인티(SAINTI Inc.)","   1,785,500"
"7575","203652","주식회사 선우네트워크","   1,784,900"
"7576","350188","주식회사 플러스전력","   1,784,700"
"7576","312481","주식회사 해성이엔지","   1,784,700"
"7578","440053","(주)켐트로닉스","   1,784,600"
"7578","620131","주식회사 블루넷","   1,784,600"
"7580","150623","고려정보통신공사","   1,784,400"
"7581","140425","(주)동일","   1,784,300"
"7582","170080","대주정보통신","   1,784,000"
"7583","630294","유한회사 지우","   1,783,700"
"7584","312356","주식회사 디케이테크인","   1,783,500"
"7585","550394","제이에스정보통신 주식회사","   1,783,300"
"7586","330352","합자회사 현진","   1,783,200"
"7586","110111","아주전자시스템(주)","   1,783,200"
"7588","350236","(주)케이비글로벌미디어","   1,783,000"
"7588","540411","아이팜 주식회사(i-farm Co., Ltd.)","   1,783,000"
"7590","311891","(주)담인","   1,782,800"
"7591","550512","동방전기 주식회사","   1,782,600"
"7592","111090","우석전자통신공업","   1,781,700"
"7593","111891","(주)한국공항정보기술","   1,781,600"
"7594","410285","3tech","   1,781,500"
"7595","203195","주식회사 아리아","   1,781,300"
"7596","120766","우원정보기술(주)","   1,780,300"
"7597","410026","예원정보통신(주)","   1,778,500"
"7598","312150","선백송전기 주식회사","   1,778,400"
"7599","640022","제승정보통신","   1,778,000"
"7600","312397","주식회사 일성정보통신","   1,777,500"
"7601","200415","(주)씨앤씨전력","   1,777,200"
"7602","203517","주식회사 경우테크(KYUNG WOO TECH)","   1,777,000"
"7603","170201","(주)승원네트웍스","   1,776,700"
"7604","200014","(주)콤텍피엔씨","   1,776,500"
"7605","620343","주식회사 금수정보테크","   1,775,700"
"7606","202996","주식회사 아이티아이즈","   1,774,400"
"7607","140253","(유)한일통신","   1,774,200"
"7608","610297","주식회사 가람산업개발","   1,773,700"
"7609","410318","(주)지우정보통신","   1,773,600"
"7610","430266","한솔미디어","   1,773,400"
"7611","630194","유한회사 스마트코리아","   1,773,200"
"7612","203909","주식회사 칼라","   1,773,000"
"7613","350385","(주)에이아이이엔지","   1,772,700"
"7614","130262","주식회사 태광정보통신","   1,772,600"
"7614","203845","주식회사 에이비씨오토매틱 (ABCautomatic Inc.)","   1,772,600"
"7616","510638","(주)이레정보통신기술","   1,772,500"
"7617","204035","주식회사 제이엠미디어테크","   1,772,100"
"7618","200426","주식회사 대현정보통신","   1,772,000"
"7619","203545","주식회사 인투정보","   1,771,800"
"7620","201357","(주)애린테크","   1,771,700"
"7621","202456","(주)코마","   1,771,600"
"7622","510716","주식회사 인프라","   1,771,300"
"7623","550171","알파","   1,771,200"
"7624","610179","(주)엘씨케이","   1,770,600"
"7625","312557","하우솔루션주식회사","   1,770,400"
"7625","201176","(주)스마트디앤씨","   1,770,400"
"7627","420453","주식회사 엘에스아이","   1,768,700"
"7628","311530","골든엑세스(주)","   1,768,000"
"7628","510683","주식회사 그랜드썬기술단","   1,768,000"
"7630","112888","(주)대원네시스","   1,767,700"
"7631","540298","큰나무 주식회사","   1,767,000"
"7632","201499","주식회사 엠브이트론","   1,766,900"
"7633","530285","상하정보기술","   1,766,600"
"7634","530071","(주)현성","   1,766,500"
"7634","110562","주식회사 대한전력","   1,766,500"
"7636","630348","주식회사 엔지아이","   1,765,200"
"7637","150214","(주)한보테크","   1,765,000"
"7638","150481","주식회사 인정이엔씨","   1,764,400"
"7639","540286","HP정보통신","   1,764,300"
"7640","202589","주식회사 피스코이엔씨","   1,764,200"
"7640","202576","(주)오투정보통신","   1,764,200"
"7642","350502","(주)모빌리티정보통신","   1,764,100"
"7643","420274","주식회사 에버정보기술","   1,763,900"
"7644","610260","주식회사 유이피","   1,763,700"
"7645","420026","주식회사 재현산업","   1,762,200"
"7646","530327","주식회사 유성네트웍스","   1,761,400"
"7647","200800","동아건설산업(주)","   1,760,800"
"7648","320511","주식회사 제이에스솔루션","   1,760,000"
"7649","150587","(주)대한정보","   1,759,400"
"7650","620060","(주)한솔엔지니어링","   1,757,400"
"7651","112798","다람정보통신","   1,757,200"
"7652","150519","태극전기통신","   1,757,000"
"7653","540265","삼영전자통신","   1,756,300"
"7654","310185","주식회사 신화아이티","   1,755,600"
"7655","510229","(주)예스텍","   1,755,400"
"7656","620172","대유통신(주)","   1,755,100"
"7656","320161","티오티시스템(주)","   1,755,100"
"7658","111637","신한종합건설(주)","   1,754,900"
"7659","630225","유한회사 번영","   1,754,600"
"7659","540190","봉화정보통신(주)","   1,754,600"
"7661","320276","미가건설 주식회사","   1,754,100"
"7662","420297","주식회사 계룡전기","   1,753,800"
"7662","311712","해광전력(주)","   1,753,800"
"7664","201427","지심전기(주)","   1,753,700"
"7665","620241","우리네트웍스(주)","   1,753,000"
"7665","620246","브이산업 주식회사","   1,753,000"
"7667","330284","주식회사 삼영이티씨산업","   1,752,700"
"7668","110242","(주)범양이엔씨","   1,752,600"
"7669","550323","주식회사 예섬","   1,752,500"
"7670","550133","일성정보통신","   1,752,000"
"7670","550069","(주)하나로네트웍스","   1,752,000"
"7672","430268","주식회사 씨앤에스미디어","   1,751,700"
"7673","640017","세방전지총판(주)","   1,751,200"
"7674","420462","주식회사 와이정보통신","   1,750,600"
"7675","330273","(주)큐센텍","   1,750,100"
"7676","550253","대지정보통신(주)","   1,749,600"
"7677","312367","두성이앤씨주식회사","   1,749,500"
"7678","430270","이령통신","   1,749,300"
"7679","203405","주식회사 미디어캔(MEDIACAN Co., Ltd.)","   1,748,900"
"7680","203610","주식회사 드림전자피에이","   1,748,600"
"7681","550107","부광정보통신","   1,748,100"
"7682","311884","주식회사 범진아이앤씨","   1,747,200"
"7683","310200","피벗텍시스템","   1,747,100"
"7684","610387","주식회사 중앙정보기술","   1,747,000"
"7685","520157","영광전설 주식회사","   1,746,400"
"7686","510077","(주)세종통신","   1,746,200"
"7687","310915","주식회사 경북부강","   1,745,500"
"7688","202391","주식회사 온택","   1,745,100"
"7688","640175","주식회사 디에이씨엔에스","   1,745,100"
"7690","204005","주식회사 인터포스트","   1,744,900"
"7691","312310","태현전력 주식회사","   1,744,600"
"7692","610343","주식회사 백석정보통신","   1,743,000"
"7693","630265","유한회사 미래정보통신","   1,741,800"
"7694","170179","주식회사 수성정보통신","   1,741,600"
"7695","510443","(주)나래솔루션","   1,741,500"
"7695","620233","주식회사 동인지앤씨","   1,741,500"
"7697","110115","(주)혁신전공사","   1,741,200"
"7697","540301","네트로(주)","   1,741,200"
"7699","520200","주식회사 볼로랜드","   1,740,700"
"7700","540157","주식회사 대원정보통신","   1,740,400"
"7701","610451","찬빈전력 주식회사","   1,739,700"
"7702","410336","주식회사 뉴아이티","   1,738,500"
"7703","520077","코리아넷","   1,738,100"
"7704","110988","금부통신(주)","   1,737,400"
"7705","320267","신진아이앤씨(주)","   1,735,800"
"7706","330202","이노앤텍 주식회사","   1,735,500"
"7707","630087","딕스비전(주)","   1,735,300"
"7708","610361","주식회사 아이웍스","   1,734,900"
"7709","630298","주식회사 새길","   1,734,400"
"7710","111966","(주)씨엔씨네트","   1,734,300"
"7711","200933","한전산업개발(주)","   1,734,100"
"7712","430200","(주)더클탑","   1,733,900"
"7713","200540","(주)비에스텍","   1,733,800"
"7714","430300","인텍","   1,733,200"
"7715","312038","(주)대정아이씨티","   1,731,800"
"7716","420052","화성전기(주)","   1,731,700"
"7717","312365","현진산업 주식회사","   1,730,700"
"7718","550033","이레정보통신","   1,730,600"
"7718","320265","주식회사 이엠플러스정보기술","   1,730,600"
"7720","150594","천수정보통신","   1,730,400"
"7721","320385","일광통신","   1,730,300"
"7722","510373","(주)명성씨앤씨","   1,729,600"
"7723","203392","주식회사 이너엔","   1,729,400"
"7724","630214","주식회사 디딤네트웍","   1,729,000"
"7725","540232","우리정보통신(주)","   1,728,400"
"7725","550001","주식회사 세아네트워크","   1,728,400"
"7727","203726","주식회사 미래디앤에스","   1,728,200"
"7728","640131","주식회사 나인정보통신","   1,727,200"
"7729","201767","(주)엑스파트넷","   1,726,600"
"7730","440003","태성이엔씨 주식회사","   1,726,500"
"7731","610334","고흥컴퓨터랜드","   1,726,300"
"7732","330146","(주)현정보통신","   1,726,100"
"7733","420407","주식회사 희광통신","   1,724,900"
"7734","311616","나무에이엑스 주식회사 (NAMU AX Corp.)","   1,724,400"
"7735","530024","한스정보통신","   1,724,300"
"7735","630190","주식회사 거북이정보통신","   1,724,300"
"7737","420539","주식회사 와이지","   1,724,100"
"7738","130367","대한통신(주)","   1,724,000"
"7739","430071","(주)아주아이앤씨","   1,723,900"
"7740","520133","진화이엔씨주식회사","   1,723,400"
"7741","430213","(주)월드아이티시(ITC) ","   1,722,700"
"7742","440026","나래아이시티 주식회사","   1,722,600"
"7743","350401","주식회사 가온정보통신","   1,722,200"
"7744","312042","에이원 주식회사","   1,722,100"
"7745","140237","광일테크(주)","   1,722,000"
"7746","150611","(주)광명전기","   1,721,900"
"7747","430347","(주)다은전기","   1,721,700"
"7748","140286","주식회사 원이앤씨","   1,721,500"
"7749","540325","(주)코러싱(Chorusing Co. Ltd)","   1,720,800"
"7750","310728","모건인프라 주식회사","   1,720,700"
"7751","530374","주식회사 지에스테크","   1,720,600"
"7752","550495","주식회사 율테크","   1,720,400"
"7753","203430","드림마크원 주식회사","   1,720,100"
"7753","140421","(주)지 아이 티","   1,720,100"
"7755","550404","조양정보통신","   1,719,800"
"7756","350043","(주)파워네트웍","   1,719,600"
"7756","203302","엔제이정보통신","   1,719,600"
"7758","510477","엘티삼보 주식회사","   1,718,600"
"7759","610125","(주)성진","   1,717,800"
"7760","200047","비케이전기통신(주)","   1,717,700"
"7761","550278","주식회사 폴라리스","   1,717,600"
"7762","150315","케이비정보통신 주식회사","   1,715,900"
"7763","630381","포이스트 주식회사","   1,715,700"
"7764","430339","(주)삼도","   1,715,600"
"7765","120843","빅히트아이앤씨 주식회사","   1,715,300"
"7766","540420","주식회사 신우일렉콤","   1,714,900"
"7766","320409","주식회사 동우이엔티","   1,714,900"
"7768","202387","주식회사 아성엠","   1,713,800"
"7769","510680","씨엘아이티 주식회사","   1,713,700"
"7770","310977","오리엔트전자(유)","   1,713,500"
"7771","130488","(주)충청라인","   1,713,400"
"7772","202800","주식회사 영도시큐리티","   1,712,800"
"7773","203602","솔라윈시스템 주식회사","   1,712,300"
"7774","550126","주식회사 동영전력","   1,712,200"
"7775","620264","주식회사 브레인컨설팅 호남","   1,711,900"
"7776","410155","정광산업 주식회사","   1,711,300"
"7776","111756","양지전기(주)","   1,711,300"
"7778","610147","남광에너지(주)","   1,710,500"
"7779","550235","이성정보통신 주식회사","   1,710,400"
"7780","130414","에스콤아이엔씨(주)","   1,709,700"
"7780","550387","주식회사 진주정보통신","   1,709,700"
"7782","350459","태호전기통신 주식회사","   1,709,200"
"7783","350566","주식회사 원테크산업","   1,709,100"
"7784","150016","경원통신","   1,708,100"
"7785","630211","주식회사 하이테크","   1,707,000"
"7786","550358","주식회사 케이엔엘이디","   1,706,900"
"7787","530299","주식회사 신일이앤씨","   1,706,500"
"7788","350468","주식회사 에스와이시스템","   1,706,400"
"7789","540202","(주)우주종합상사","   1,706,200"
"7790","540319","(주)광희종합전설","   1,705,400"
"7791","140458","(주)서광텔레콤","   1,705,100"
"7792","330228","(주)신범이엔씨","   1,704,700"
"7793","310275","(주)코원건설","   1,704,500"
"7794","510597","(주)정호텍코리아","   1,704,300"
"7795","420439","주식회사 나인에코","   1,704,000"
"7796","200704","주식회사 지큐이앤씨 (G.Q.ENC Co., Ltd)","   1,703,200"
"7797","410163","라온컴","   1,702,800"
"7798","311934","주식회사 키움","   1,701,000"
"7799","640090","주식회사 디오정보통신","   1,700,900"
"7800","610323","주식회사 엑스엠인더스트리즈","   1,700,100"
"7801","510024","토마토전자(주)","   1,699,600"
"7802","140288","(주)구일","   1,699,400"
"7803","120468","남해전화공사","   1,699,000"
"7804","201040","(주)진성전력","   1,698,500"
"7805","640097","주식회사 다우이앤씨","   1,698,400"
"7806","120099","(주)현대종합이앤지","   1,698,300"
"7807","320533","주식회사 대제종합건설","   1,698,200"
"7808","420361","주식회사 대건소프트","   1,695,600"
"7809","111164","주식회사 대경통신","   1,695,500"
"7810","430192","유진미디어","   1,695,400"
"7811","430151","(주)세딕스","   1,694,900"
"7812","130505","주식회사 새연","   1,694,700"
"7813","510640","(주)금강시스템스","   1,694,500"
"7814","112342","하이파워테크(주)","   1,693,800"
"7815","420181","한빛이디에스(주)","   1,693,400"
"7816","311956","한일이앤씨 주식회사 (HANIL E&C CO., LTD.)","   1,693,100"
"7817","111153","중앙이엔에프 주식회사","   1,692,900"
"7818","170137","(주)이비엔","   1,692,700"
"7819","200080","주식회사 이엠아이플랜트(EMI PLANT)","   1,692,600"
"7820","320214","더사운드 주식회사","   1,692,400"
"7821","111261","(주)신한이엔아이","   1,691,000"
"7822","350457","주식회사 다온","   1,690,700"
"7823","350497","주식회사 포앤솔루션","   1,690,500"
"7824","120246","태양정보통신","   1,689,900"
"7825","120074","삼조전기통신(주)","   1,689,800"
"7826","420188","(주)시티음향통신","   1,689,400"
"7827","640037","(주)엘지정보기술","   1,688,700"
"7828","630388","주식회사 벤투스","   1,688,500"
"7829","440045","(주)아이넷시스템즈","   1,688,200"
"7830","410277","(주)디에스씨","   1,687,900"
"7830","620313","국제전자시스템 주식회사","   1,687,900"
"7832","112582","(주)자연교육정보","   1,687,400"
"7833","510619","주식회사 대산정보","   1,687,200"
"7834","311379","(주)씨지티","   1,686,600"
"7835","150306","인터엠옥정","   1,686,300"
"7836","320480","주식회사 오피스톡","   1,685,800"
"7836","111806","(주)동진일렉콤","   1,685,800"
"7838","410411","주식회사 엠에이치","   1,685,600"
"7839","312290","뉴파워 주식회사","   1,685,500"
"7840","120794","제이정보통신","   1,685,400"
"7841","112076","(주)나인","   1,684,900"
"7841","140073","정일통신공사","   1,684,900"
"7843","620180","주식회사 나래정보통신","   1,684,400"
"7844","530349","주식회사 수성아이텍","   1,684,200"
"7844","610027","(주)용산전력","   1,684,200"
"7846","311603","(주)소울인포테크","   1,683,900"
"7847","312096","주식회사 디스엔지니어링","   1,682,100"
"7847","410239","주식회사 하나보안","   1,682,100"
"7849","350472","주식회사 하늘시스템","   1,682,000"
"7850","510203","주식회사 제이디기술","   1,681,600"
"7851","540152","(주)뮤테크(MuTech)","   1,681,400"
"7852","630050","(유)옥천정보통신","   1,681,300"
"7852","610153","(주)현대기전","   1,681,300"
"7854","312380","주식회사 다온아이씨티","   1,681,100"
"7855","610420","주식회사 아라","   1,680,800"
"7856","110320","프라미스유 주식회사","   1,680,500"
"7857","203560","성우에이치에스 주식회사","   1,679,500"
"7858","630302","주식회사 에프원기술","   1,679,400"
"7859","312030","주식회사 연호통신","   1,679,200"
"7860","610417","주식회사 비케이","   1,678,900"
"7861","610082","씨엠파워 주식회사","   1,678,000"
"7862","630247","유한회사 평강앤알파","   1,677,800"
"7863","510331","에스디(SD)정보통신","   1,677,300"
"7864","510739","구로 정보통신","   1,676,500"
"7865","311446","(주)진보","   1,676,100"
"7866","200736","주식회사 지에스씨앤씨","   1,676,000"
"7867","350575","주식회사 비에이엠네트웍스","   1,675,600"
"7868","320366","주식회사 아라이엔지","   1,674,400"
"7869","530244","주식회사 대산전기통신","   1,673,700"
"7870","350316","한빛아이티솔루션","   1,673,000"
"7870","610110","(주)태형정보통신","   1,673,000"
"7872","430034","주식회사 범산","   1,672,600"
"7873","410167","(주)엔에스정보통신","   1,672,300"
"7874","330035","(주)성창","   1,672,200"
"7874","201965","(주)성도이엔지","   1,672,200"
"7876","630165","한국음향영상","   1,672,100"
"7877","312360","참빛싸인 주식회사","   1,671,100"
"7878","420068","(주)중앙스카이","   1,670,800"
"7879","540140","동신전기통신","   1,670,700"
"7880","540504","에이스기전 주식회사","   1,670,600"
"7881","203603","주식회사 우리강산시스템","   1,670,000"
"7882","550248","(주)일등정보통신","   1,669,500"
"7883","430146","(주)서원정보통신","   1,669,200"
"7884","610344","주식회사 다원텍","   1,668,900"
"7885","540095","그린통신","   1,667,400"
"7886","120597","주식회사 형제사","   1,666,900"
"7887","120022","(주)한성텔레콤","   1,666,700"
"7888","350547","주식회사 원에어테크","   1,665,600"
"7889","430149","주식회사 광현","   1,664,900"
"7890","410035","(주)새한전기통신공사","   1,664,800"
"7891","510366","한울정보시스템","   1,664,500"
"7892","410184","주식회사 세라비아이티","   1,663,900"
"7893","520140","주식회사 조은안전","   1,663,700"
"7893","410235","주식회사 서룡전기","   1,663,700"
"7895","510767","주식회사 정원통신","   1,663,300"
"7896","550139","(주)비에스이엔씨","   1,662,500"
"7897","420507","대보디엑스 주식회사","   1,662,200"
"7898","550088","(주)다음통신기술","   1,661,700"
"7899","610308","주식회사 에스케이테크","   1,661,000"
"7900","550121","(합)대신전기공업사","   1,659,500"
"7901","410213","(주)에스엘정보통신","   1,659,300"
"7901","311901","(주)비아비스","   1,659,300"
"7903","530377","주식회사 부마스","   1,659,000"
"7904","311580","(주)이현","   1,658,500"
"7905","201115","(주)자바네트웍스","   1,658,200"
"7906","640073","(주)푸른정보기술","   1,658,000"
"7906","430126","유니정보통신","   1,658,000"
"7908","350193","주식회사 명지전기통신","   1,657,900"
"7909","311358","엔에이치엔인재아이엔씨 주식회사(NHN Injeinc. Corp.)","   1,657,800"
"7910","430278","주식회사 두리정보","   1,657,300"
"7911","350246","주식회사 디앤에스","   1,657,100"
"7912","330366","주식회사 미래","   1,657,000"
"7913","130260","티앤케이 주식회사","   1,656,900"
"7914","540278","하나정보통신","   1,655,700"
"7915","201041","한양네트웍스(주)","   1,655,000"
"7916","111031","세기정보통신","   1,654,600"
"7917","620261","정보시스템 주식회사","   1,654,500"
"7918","112346","영진전기통신공사","   1,654,400"
"7918","140502","영신정보통신","   1,654,400"
"7920","620383","주식회사 봉명","   1,654,300"
"7921","410123","(주)초아","   1,654,100"
"7922","204044","주식회사 아파트허브","   1,652,600"
"7923","330292","주식회사 영우","   1,652,500"
"7924","200963","(주)베스트케이에스","   1,652,200"
"7925","630281","주식회사 알투","   1,651,900"
"7926","311831","청명전기 주식회사","   1,651,600"
"7927","410367","이엔아이","   1,651,300"
"7928","320495","엘정보통신","   1,650,700"
"7929","530256","(주)평화전력","   1,650,200"
"7929","630375","유한회사 이노정보통신기술","   1,650,200"
"7931","540205","주식회사 지에스정보통신","   1,649,500"
"7932","620239","(주)지승전력","   1,649,100"
"7933","312466","다온넷 주식회사(DaonNet Co.,Ltd)","   1,648,800"
"7934","610468","주식회사 티원에이아이","   1,648,600"
"7934","160047","금원 주식회사","   1,648,600"
"7936","510673","주식회사 조흥전력공사","   1,648,500"
"7937","120328","남해정보통신(주)","   1,647,700"
"7938","350526","월드정보통신","   1,647,200"
"7939","202673","주식회사 금강전설","   1,647,000"
"7940","430247","(주)현승이엔씨","   1,646,100"
"7941","310184","승민전자통신","   1,645,300"
"7942","130077","(주)광성통신","   1,644,900"
"7943","311748","신우코맥스","   1,644,700"
"7943","540276","(주)윈티앤에스","   1,644,700"
"7945","310022","(주)인터컴","   1,644,200"
"7946","130138","세광전기(주)","   1,644,100"
"7947","510322","대경기술(주)","   1,642,900"
"7948","430091","(주)해성아이씨티","   1,642,800"
"7949","550352","주식회사 엠에스전기정보통신","   1,641,100"
"7950","200311","(주)태양","   1,640,900"
"7950","550150","주식회사 제이케이네트웍스","   1,640,900"
"7952","202812","주식회사 아이콘정보통신","   1,640,000"
"7953","203422","주식회사 티엠미디어(TM Media Co., Ltd.)","   1,639,800"
"7954","312475","주식회사 다원티에스","   1,639,100"
"7955","410250","(주)도원이엔씨","   1,639,000"
"7956","140123","광신콘트롤(주)","   1,638,700"
"7957","201109","주식회사 경천일렉콤","   1,638,100"
"7958","112778","현대통신기술","   1,638,000"
"7959","202435","(주)에스엠전력","   1,637,900"
"7960","110412","서현정보통신(주)","   1,637,800"
"7961","630243","주식회사 루트","   1,637,200"
"7962","630278","주식회사 사물네트워크기술","   1,637,100"
"7963","312615","주식회사 더엘림네트웍스","   1,637,000"
"7964","410281","서우이엔씨(주)","   1,636,200"
"7965","520027","(주)부신전력","   1,635,400"
"7966","312510","주식회사 엘루다코리아","   1,634,100"
"7967","330097","동진전기(주)","   1,633,900"
"7968","320339","케이에스씨","   1,633,800"
"7969","630312","라이트온 주식회사","   1,633,600"
"7969","310698","(주)동방통신","   1,633,600"
"7971","610173","(주)나모이엔지","   1,633,500"
"7972","550097","가가정보통신(주)","   1,633,400"
"7972","320448","주식회사 닙스시스템","   1,633,400"
"7974","550325","미진정보통신","   1,633,300"
"7975","150296","아카데미정보통신(주)","   1,632,800"
"7976","630324","주식회사 유현정보통신","   1,632,600"
"7976","112337","주식회사 대윤","   1,632,600"
"7978","410308","주식회사 고려산전","   1,632,300"
"7979","550201","(주)서일","   1,631,600"
"7980","510460","삼영이에스티","   1,631,500"
"7981","410279","(주)미래정보통신소방","   1,631,000"
"7982","410145","(주)혜민이엔지","   1,630,400"
"7983","120706","(주)동성","   1,630,200"
"7984","530225","(주)광림","   1,629,400"
"7985","203662","주식회사 스마일로그","   1,628,500"
"7985","203060","주식회사 멜레아","   1,628,500"
"7987","610146","가온통신 주식회사","   1,628,400"
"7988","310325","주식회사 우진전기통신","   1,628,000"
"7989","420203","(주)원전사","   1,627,500"
"7990","350571","주식회사 만나정보통신","   1,627,300"
"7991","311177","에스제이정보통신","   1,626,500"
"7992","510648","에스에이치전력(주)","   1,625,900"
"7993","420525","마스터기술","   1,625,700"
"7994","630030","그린미디어","   1,624,200"
"7995","202757","(주)제일전기통신","   1,623,200"
"7996","410219","주식회사 강한전기통신","   1,622,800"
"7997","550353","주식회사 스마트에스","   1,622,400"
"7998","320508","주식회사 미도전력","   1,622,100"
"7999","160113","주식회사 민진","   1,621,800"
"8000","350078","주식회사 모건","   1,621,600"
"8001","610404","디지탈사무기","   1,620,900"
"8002","350055","에이피엘모아 주식회사","   1,620,800"
"8003","510241","(주)준영통신","   1,620,600"
"8004","310620","세기산전(주)","   1,619,500"
"8004","430336","주식회사 다온이엔씨","   1,619,500"
"8006","550183","세진정보통신","   1,619,300"
"8007","312658","주식회사 더조은솔루션","   1,618,900"
"8008","312400","주식회사 진성이엔지","   1,617,900"
"8009","410135","(주)포인정보기술","   1,617,700"
"8010","430306","대광정보통신","   1,617,600"
"8011","120254","주식회사 나누리정보시스템","   1,617,200"
"8012","510567","(주)에스엠에스정보통신","   1,617,100"
"8013","203997","베스핀글로벌 주식회사 (Bespin Global Inc.)","   1,616,600"
"8014","630320","주식회사 나우리","   1,616,400"
"8014","620379","주식회사 은하이앤씨","   1,616,400"
"8016","520183","다원아이티","   1,616,000"
"8016","140327","(주)에스디","   1,616,000"
"8018","430291","원덤정보통신(주)","   1,615,700"
"8019","120526","용화전기(주)","   1,614,900"
"8019","630069","(주)디지털뱅크","   1,614,900"
"8021","350542","주식회사 삼영전기","   1,613,600"
"8022","203500","에이치티액세스 주식회사","   1,613,500"
"8023","310814","주식회사 라성정보","   1,613,400"
"8024","130233","태경전기 주식회사","   1,613,100"
"8025","310421","대한통신공사","   1,613,000"
"8026","201780","주식회사 아이네트웍스","   1,612,000"
"8027","311689","주식회사 아이엑스비 (IXB Co.,Ltd.)","   1,611,800"
"8028","320164","에이브이뱅크","   1,611,400"
"8028","530148","(주)다누리전기기술공사","   1,611,400"
"8030","550525","주식회사 이앤시스","   1,610,600"
"8031","330342","주식회사 지일","   1,610,500"
"8032","311399","(주)엠알솔루텍","   1,609,900"
"8033","410327","에스엘케이정보통신","   1,609,400"
"8034","540194","(주)대호전설","   1,608,800"
"8035","150305","(주)경일정보통신공사","   1,608,700"
"8035","640055","금장정보통신(주)","   1,608,700"
"8037","530335","대건통신","   1,608,200"
"8038","620281","주식회사 서영정보","   1,607,200"
"8039","550537","주식회사 레미테크(REMITECH Co.,Ltd)","   1,606,900"
"8039","111348","(주)효성이엔지","   1,606,900"
"8041","201889","(주)정원시큐","   1,606,800"
"8042","203190","주식회사 엠엠씨정보통신","   1,606,700"
"8042","410372","디엑스정보통신 주식회사","   1,606,700"
"8044","610384","주식회사 제이넷","   1,606,400"
"8045","311823","주식회사 이지정보통신","   1,606,300"
"8046","540299","(주)금하","   1,606,100"
"8047","610454","주식회사 포스코지와이솔루션","   1,605,600"
"8048","310836","성진이앤씨(주)","   1,605,500"
"8049","530155","주식회사 유일정보통신","   1,605,400"
"8050","630146","(주)사삼정보통신","   1,604,100"
"8051","350086","(사회복지법인)홍애원","   1,603,700"
"8052","630170","주식회사 한성정보통신","   1,602,600"
"8053","630321","주식회사 주섬","   1,602,300"
"8054","630060","유한회사 혁신엔지니어링","   1,601,500"
"8055","540357","주식회사 대유정보통신","   1,600,900"
"8056","540192","(주)금성테크윈","   1,600,700"
"8057","410337","동성건설(주)","   1,600,100"
"8058","610012","대불통신","   1,599,400"
"8059","120385","주식회사 다누리이엔씨","   1,599,000"
"8060","111040","신용전기통신(주)","   1,598,800"
"8061","510713","바름기술","   1,598,700"
"8062","510529","(주)일진앤드","   1,598,600"
"8063","530302","주식회사 케이정보통신","   1,597,500"
"8063","330165","오륜전기통신 주식회사","   1,597,500"
"8065","510588","(주)종합전력","   1,597,200"
"8066","201014","(주)남전","   1,597,000"
"8067","550317","광보통신 주식회사","   1,596,100"
"8067","201198","(주)진영이엔씨","   1,596,100"
"8069","330140","주식회사 천윤","   1,595,500"
"8070","540026","신광정보통신","   1,594,600"
"8071","350334","주식회사 이지테크","   1,594,100"
"8071","530354","한스미디어","   1,594,100"
"8073","550396","주식회사 엔이앤씨","   1,593,700"
"8074","530436","주식회사 영원이앤에스","   1,593,300"
"8075","630032","주식회사 거창엔지니어링","   1,592,800"
"8076","140198","(주)호남정보통신","   1,592,300"
"8077","311945","이안아이티(주)","   1,592,200"
"8077","550303","케이이피엔지니어링 주식회사","   1,592,200"
"8079","610470","에이제이인포텍 주식회사","   1,591,200"
"8080","201038","(주)대영정보통신","   1,590,100"
"8081","410221","(주)엠택","   1,589,600"
"8082","202646","주식회사 엠지시스","   1,589,300"
"8083","630085","(유)천세","   1,588,000"
"8084","350301","(주)엔택","   1,587,600"
"8085","330349","주식회사 피앤엘","   1,587,400"
"8085","201580","(주)제이엔비인포텍","   1,587,400"
"8087","311983","주식회사 아이티원","   1,587,000"
"8088","204273","시큐어하이텍 주식회사","   1,585,900"
"8089","410300","주식회사 백석아이씨티","   1,585,800"
"8090","120462","오성씨앤아이 주식회사","   1,585,700"
"8091","310934","(주)링크텍","   1,585,500"
"8092","550451","주식회사 다이은네트웍스","   1,584,500"
"8093","310172","(주)대양종합전기","   1,584,000"
"8094","620179","(주)케이알이앤지","   1,582,700"
"8095","130324","(주)삼화전기","   1,582,200"
"8096","320270","(주)피란하시스템즈","   1,581,900"
"8097","620373","주식회사 유씨랩","   1,581,300"
"8098","540481","주식회사 그린정보통신","   1,581,100"
"8099","430105","주식회사 건주","   1,581,000"
"8099","201618","주식회사 우진이엔씨","   1,581,000"
"8101","311397","제우전력(주)","   1,580,400"
"8102","620119","(주)에이원이엔씨","   1,580,100"
"8103","140377","제타정보기술(주)","   1,579,900"
"8104","130089","에스비산업 주식회사","   1,579,700"
"8105","203186","주식회사 에버그린티앤씨","   1,579,400"
"8106","620164","(주)이에스인포","   1,578,700"
"8107","350509","(주)건창정보기술","   1,577,300"
"8107","200487","에스제이넷 주식회사","   1,577,300"
"8109","311490","주식회사 디포그시스템","   1,576,400"
"8110","510602","(합자)기전사","   1,574,900"
"8111","630408","주식회사 도담솔루션","   1,574,300"
"8112","130140","(합)한길통신","   1,573,500"
"8113","312268","주식회사 태신정보","   1,573,200"
"8114","540282","(주)서전이엔씨","   1,572,200"
"8115","510794","주식회사 장천","   1,571,400"
"8116","310899","(주)비트정보통신","   1,571,100"
"8117","111245","주식회사 환경전력","   1,570,800"
"8118","330053","(합자)우진정보통신","   1,569,900"
"8119","510300","(주)포커스정보","   1,569,800"
"8120","430005","(주)다산정보기술","   1,569,200"
"8121","201158","(주)알비에스테크(RBS Tech Co.,Ltd.)","   1,569,000"
"8122","312108","주식회사 라온미디어(Laon Media Co., Ltd.)","   1,568,200"
"8123","540531","주식회사 아이넥스","   1,568,100"
"8124","201865","(주)부뜰정보시스템","   1,567,900"
"8125","350529","케이테크정보통신 주식회사","   1,567,800"
"8126","201962","덕성이엔씨 주식회사","   1,567,100"
"8127","610363","주식회사 찬빈","   1,566,700"
"8127","320392","주식회사 미래정보","   1,566,700"
"8129","120823","(주)신원정보통신","   1,566,600"
"8129","130437","(주)유현정보통신","   1,566,600"
"8129","202262","(주)천하정보기술","   1,566,600"
"8132","320566","주식회사 팔네트웍스","   1,566,400"
"8133","312670","주식회사 휴스텍아이씨티","   1,565,100"
"8134","201803","(주)청아정보통신(CHUNGA CO., Ltd.)","   1,565,000"
"8135","410315","주식회사 보령제어시스템(Borueong Control System Co.,Ltd.)","   1,564,800"
"8136","350248","주식회사 성윤아이앤티","   1,564,200"
"8136","610350","강호정보통신 주식회사 ","   1,564,200"
"8138","110621","창공정보통신(주)","   1,564,100"
"8139","130384","(주)현대엔지니어링","   1,564,000"
"8140","320481","주식회사 다원데이터","   1,562,600"
"8141","430281","주식회사 저스트원","   1,561,700"
"8142","540181","(주)명신전기통신","   1,561,200"
"8143","201506","(주)코리아퍼스텍","   1,560,800"
"8144","200648","(주)하이파킹","   1,560,000"
"8145","200353","주식회사 에이피텔","   1,559,900"
"8146","610037","(주)유닉스","   1,559,500"
"8147","630210","유한회사 우리전력","   1,559,400"
"8148","320352","주식회사 동아기술","   1,559,200"
"8149","620194","(주)위즈씨엔아이","   1,558,900"
"8150","630258","주식회사 호덕아이앤씨","   1,558,800"
"8151","330286","비전정보통신 주식회사","   1,558,300"
"8152","440006","세종방송통신 주식회사","   1,558,200"
"8153","150307","(주)태인이엔지","   1,557,900"
"8154","530350","주식회사 아리텔","   1,557,200"
"8155","330109","(주)동부전력","   1,556,800"
"8156","320213","새한정보통신","   1,556,100"
"8157","320451","주식회사 대연이노텍","   1,555,700"
"8158","203879","주식회사 알티에스정보기술","   1,555,500"
"8159","111700","주식회사 성실데이터통신","   1,555,400"
"8160","530366","주식회사 케이디미디어","   1,555,000"
"8161","311415","(주)이림엔지니어링","   1,554,300"
"8162","203286","주식회사 이투비비(ETOBB Co., Ltd.)","   1,554,000"
"8163","510525","(주)세이브텔레콤","   1,553,800"
"8164","640038","주식회사 서호테크","   1,552,900"
"8165","540262","대왕전기공사","   1,552,700"
"8166","330205","주식회사 솔루션엔","   1,552,200"
"8167","430324","(주)현정보시스템","   1,551,600"
"8168","350409","현대이텔레콤 주식회사","   1,551,500"
"8169","510553","주식회사 성민기술","   1,551,400"
"8170","120349","(주)은성정보통신","   1,550,800"
"8171","430305","(주)상정정보통신","   1,550,300"
"8172","203326","주식회사 포뎁스","   1,550,000"
"8173","180060","(주)삼양전자통신","   1,549,600"
"8174","420438","주식회사 유클리드소프트","   1,549,300"
"8175","312123","(주)대한이앤씨","   1,549,200"
"8176","311291","주식회사 신세계이앤씨","   1,549,000"
"8176","311915","주식회사 대진정보통신","   1,549,000"
"8178","110321","주식회사 두타이엔씨","   1,548,400"
"8179","350319","주식회사 노드이엔씨","   1,547,600"
"8180","510419","(주)준호기전","   1,547,500"
"8181","120598","데이타콤","   1,546,400"
"8182","203238","주식회사 유더블유에스","   1,545,600"
"8182","311893","주식회사 와이앤씨스마트앱스","   1,545,600"
"8184","311289","(주)케이엠파워","   1,545,000"
"8184","410138","신한이엔지(주)","   1,545,000"
"8186","430121","(주)유진테크시스템","   1,544,900"
"8187","202364","중앙씨앤티(주)","   1,544,400"
"8187","204341","주식회사 아스타아이비에스","   1,544,400"
"8189","510126","(주)성림코리아","   1,544,100"
"8190","430021","(주)우진산전","   1,543,900"
"8191","410048","아산정보통신(주)","   1,543,600"
"8192","111207","대원 주식회사","   1,543,400"
"8193","311699","주식회사 제이에스이엔씨","   1,542,700"
"8194","130361","대영종합건설주식회사","   1,542,400"
"8195","311112","신광정보기술(주)","   1,542,200"
"8196","350190","(주)한솔전기통신","   1,542,000"
"8197","310738","주식회사 태승","   1,541,400"
"8198","113269","(주)주암전기통신","   1,541,100"
"8199","310717","일신컴","   1,541,000"
"8200","330293","주식회사 장천이엔지","   1,540,700"
"8201","540257","제이에스(JS)정보","   1,540,300"
"8202","312362","맹가노니시스템","   1,539,600"
"8202","410264","(주)신우정보통신","   1,539,600"
"8204","311728","주식회사 디에이치정보기술","   1,539,500"
"8205","610236","예은아이엔시 주식회사","   1,538,900"
"8206","130459","주식회사 대산전력소방","   1,538,800"
"8207","312529","주식회사 헬로커넥트앤","   1,538,500"
"8208","201608","한빛인프라소닉(주)","   1,538,400"
"8209","311747","주식회사 티씨엔","   1,537,300"
"8210","520176","주식회사 에프아이티","   1,537,000"
"8211","200492","승리하이텍(주)","   1,536,800"
"8212","312533","주식회사 아이닉스","   1,536,000"
"8212","330298","주식회사 성현인포텍 (Seonghyun Infotech)","   1,536,000"
"8214","440055","다경아이씨티 주식회사","   1,535,500"
"8215","610115","주식회사 포넷","   1,534,400"
"8216","540421","주식회사 삼영","   1,533,600"
"8217","350449","주식회사 유티넷","   1,532,400"
"8218","410016","비에스건설(주)","   1,532,300"
"8219","113467","(주)유티즌","   1,532,100"
"8220","640023","주식회사 이투지 (E2Z Co., Ltd.)","   1,530,900"
"8220","312521","주식회사 더블유이엔지","   1,530,900"
"8222","420369","주식회사 테크인","   1,530,700"
"8223","311687","(주)인앤아웃이앤지","   1,530,300"
"8224","160055","주식회사 광민","   1,529,700"
"8225","610394","(주)엔에스","   1,528,400"
"8225","510041","주식회사 영주정보통신","   1,528,400"
"8225","350342","주식회사 에이엑스씨","   1,528,400"
"8228","312411","주식회사 이지패스","   1,528,000"
"8229","320298","세이콘(주)","   1,527,500"
"8230","330134","부성통신","   1,527,300"
"8231","310408","(주)주은코퍼레이션","   1,526,200"
"8232","180054","남양티엔씨 주식회사","   1,525,700"
"8233","312657","주식회사 이음시스","   1,525,200"
"8234","312127","주식회사 남전엔지니어링","   1,525,000"
"8235","330322","주식회사 에스디포","   1,524,900"
"8236","204255","주식회사 라이언","   1,524,800"
"8237","630199","남도전자통신","   1,524,300"
"8238","620203","(주)감성","   1,523,900"
"8239","510422","주식회사 에이치앤에스(H&S Co.,Ltd.)","   1,523,400"
"8240","540496","주식회사 케이앤엘 정보시스템","   1,523,300"
"8241","610097","(주)이레미디어","   1,521,800"
"8242","320165","(주)한국코스모","   1,521,500"
"8243","610299","주식회사 웨더케이","   1,521,400"
"8244","530078","주식회사 이온테크","   1,521,000"
"8245","202622","주식회사 유스이앤씨","   1,520,900"
"8246","410208","주식회사 엠케이이앤씨","   1,520,800"
"8247","203673","주식회사 재원정보","   1,520,600"
"8248","120268","주식회사 케이원네트워크","   1,520,200"
"8249","312247","주식회사 동경티앤씨","   1,520,100"
"8249","540248","풍산아이씨티","   1,520,100"
"8251","620225","태화통신(주)","   1,517,500"
"8252","410060","주식회사 가엘비젼","   1,517,300"
"8253","630418","유한회사 온성","   1,517,200"
"8254","520048","금호전업(주)","   1,516,900"
"8255","350031","수도전기(주)","   1,516,700"
"8256","550177","(주)옥승이엔씨","   1,512,800"
"8256","630111","주식회사 대정솔루션","   1,512,800"
"8258","530147","신명네트워크","   1,512,300"
"8258","311898","주식회사 우광이엔씨","   1,512,300"
"8260","520179","주식회사 리얼시큐","   1,512,200"
"8261","130347","(주)남양전기통신","   1,512,000"
"8262","110509","(주)강성티이씨","   1,511,800"
"8262","540233","주식회사 에스이넷포항방송","   1,511,800"
"8264","430070","(주)상원테크","   1,511,200"
"8265","120507","부성정보통신","   1,510,900"
"8266","530381","메타시스 주식회사","   1,510,400"
"8267","420202","(주)영진스마트","   1,509,700"
"8267","140079","주식회사 공영통신","   1,509,700"
"8269","510504","(주)오토기술","   1,509,300"
"8270","540237","(주)대신테크","   1,508,300"
"8271","112072","보명정보통신","   1,508,100"
"8272","111799","주식회사 자이온티앤에스","   1,507,700"
"8272","203426","주식회사 천일엠이씨","   1,507,700"
"8272","350463","에스엠씨앤에스","   1,507,700"
"8275","330003","(주)파즈테크","   1,507,500"
"8276","610356","주식회사 이음아이씨티","   1,507,400"
"8277","312320","주식회사 빛나전자","   1,507,300"
"8277","510418","엘에스지(LSG)정보시스템","   1,507,300"
"8279","410063","(주)비케이정보통신","   1,507,100"
"8280","430365","주식회사 보다","   1,506,900"
"8280","204222","주식회사 델타시스템","   1,506,900"
"8282","620394","주식회사 제이통신","   1,506,600"
"8283","420490","주식회사 더에스엘","   1,506,500"
"8284","120639","(주)에이온텍","   1,505,800"
"8285","203573","라이트비전 주식회사(LightVision Inc.)","   1,505,500"
"8286","320315","남서울통신","   1,504,300"
"8287","440085","주식회사 대진","   1,504,100"
"8288","550122","(주)포토비젼제일","   1,504,000"
"8289","180074","삼부하이텍","   1,503,700"
"8290","630108","주식회사 대한전공","   1,502,300"
"8290","160185","(유)주성이엔씨","   1,502,300"
"8292","120336","주식회사 중앙이엔티","   1,501,900"
"8293","310827","(주)온빛텔","   1,501,800"
"8293","150095","홍성기업사","   1,501,800"
"8293","310107","주식회사 태완기전","   1,501,800"
"8296","620216","주식회사 와이에스씨엔에스","   1,501,400"
"8297","330226","(주)한서","   1,500,600"
"8298","550514","주식회사 라이프테크","   1,500,500"
"8299","312331","주식회사 해오름이엔에스","   1,500,100"
"8300","203303","주식회사 동조전력","   1,499,300"
"8300","203399","주식회사 긱스퍼","   1,499,300"
"8302","530229","주식회사 래경 (來炅)","   1,499,000"
"8303","204203","주식회사 엔코블(Nkoble Inc.)","   1,497,900"
"8304","530297","(주)데이타뱅크","   1,497,600"
"8305","620298","주식회사 대한이엔지","   1,497,300"
"8306","130308","우성정보통신","   1,497,100"
"8307","203407","주식회사 시큐리티허브","   1,496,600"
"8307","312329","주식회사 프로티앤씨","   1,496,600"
"8309","410287","(주)디센트솔루션","   1,496,100"
"8310","111033","(주)가은정보통신","   1,494,600"
"8311","312267","주연아이티 주식회사","   1,494,400"
"8311","113401","세움전기(주)","   1,494,400"
"8313","610395","에코비엠 주식회사","   1,493,500"
"8313","420488","주식회사 대호테크","   1,493,500"
"8315","430011","(주)명원정보통신","   1,492,900"
"8315","203543","주식회사 케이제이에스랩","   1,492,900"
"8317","630295","엔네트워크 유한회사","   1,492,800"
"8318","510220","(주)유티스","   1,492,100"
"8319","420433","주식회사 제이앤밸류","   1,492,000"
"8320","540215","중앙정보통신 주식회사","   1,491,500"
"8321","311826","주식회사 지테크","   1,491,400"
"8321","540367","포인드(주)","   1,491,400"
"8323","610307","주식회사 한강아이씨티(ICT)","   1,490,500"
"8324","112482","주식회사 극동이앤씨","   1,489,500"
"8325","420154","창평통신 주식회사","   1,489,200"
"8326","150099","(주)성신통신","   1,487,500"
"8327","620016","효진 주식회사","   1,486,500"
"8327","350137","(주)씨큐앤","   1,486,500"
"8329","540383","(주)금호이엔씨","   1,486,000"
"8330","510549","(주)명성아이티","   1,485,400"
"8331","111176","인터엠 전자음향","   1,484,400"
"8331","510534","주식회사 호암이엘","   1,484,400"
"8333","350582","주식회사 스마트위드","   1,483,900"
"8334","630052","멘토정보통신","   1,483,700"
"8335","202768","(주)유니드인포","   1,483,600"
"8335","203616","주식회사 하늘빛전기통신","   1,483,600"
"8337","330343","주식회사 우리이엔지","   1,483,100"
"8337","640066","주식회사 유앤","   1,483,100"
"8339","510550","엘엔에스","   1,483,000"
"8340","112112","(주)신성건설","   1,482,000"
"8341","620175","거산전설 주식회사","   1,481,900"
"8342","140346","(유)지이씨","   1,481,600"
"8343","311926","주식회사 이현테크윈","   1,481,500"
"8343","150111","주식회사 민경통신","   1,481,500"
"8345","330218","엠씨이엔지 주식회사","   1,480,000"
"8346","510111","미래정보네트워크","   1,479,700"
"8347","630138","(유)원우이엔지","   1,479,400"
"8348","630110","(주)동서엔지니어링","   1,479,300"
"8349","330080","(주)해동전기","   1,478,400"
"8350","203131","민성정보통신","   1,477,100"
"8351","510708","주식회사 비트밸리","   1,477,000"
"8352","620406","다온솔루션 주식회사","   1,476,800"
"8352","150531","대동통신","   1,476,800"
"8354","330160","(주)우성이엔지","   1,476,100"
"8355","540168","(주)아이티에스","   1,475,300"
"8356","410228","(주)용봉전기통신","   1,475,100"
"8357","312381","주식회사 코리아정보통신","   1,474,100"
"8358","202471","(주)엑사엔시스","   1,473,700"
"8359","330323","주식회사 기가테크놀러지","   1,473,600"
"8360","410368","주식회사 대현시스템","   1,473,500"
"8361","203226","주식회사 원광전력","   1,472,400"
"8362","170169","선일전기산업(주)","   1,471,400"
"8363","312589","주식회사 하늘이엔지","   1,471,000"
"8364","630329","주식회사 에이치에스정보기술","   1,470,700"
"8365","150415","(주)태호이앤씨","   1,470,300"
"8366","620061","매일정보통신 주식회사","   1,469,800"
"8367","550215","정원씨앤아이","   1,469,300"
"8368","110143","정우이앤씨","   1,469,100"
"8369","350184","뉴테크정보통신주식회사","   1,469,000"
"8370","150675","하나네트워크(주)","   1,468,500"
"8371","430180","(주)에스오투","   1,468,000"
"8372","111011","(주)파워일렉","   1,467,200"
"8373","510719","주식회사 아인기술","   1,466,500"
"8373","320232","(주)영전이엔씨","   1,466,500"
"8375","350071","주식회사 평화전력","   1,463,600"
"8376","630155","주식회사 삼광전력","   1,463,200"
"8377","550165","주식회사 케이피넷","   1,463,000"
"8378","350099","그린정보통신","   1,462,000"
"8379","510286","(주)오션텍","   1,460,400"
"8380","150032","금아정보통신(주)","   1,460,000"
"8380","201349","주식회사 삼현정보통신 (株式會社 三玄情報通信)","   1,460,000"
"8382","202110","주식회사 승호","   1,459,800"
"8383","202849","주식회사 투씨에스지","   1,459,100"
"8384","160086","주식회사 금명이엔씨","   1,458,600"
"8385","410325","주식회사 국제정보통신","   1,458,500"
"8386","530368","채비 주식회사","   1,458,200"
"8387","350347","주식회사 에스에이치정보기술","   1,457,100"
"8388","200898","우영메카(주)","   1,456,700"
"8389","420434","주식회사 태오","   1,456,300"
"8390","430369","주식회사 하루테크","   1,456,100"
"8391","312456","주식회사 아이티온","   1,456,000"
"8392","201511","(주)쌍봉교역","   1,454,400"
"8393","510321","디엘이주식회사","   1,453,900"
"8394","350453","티에스정보통신","   1,453,300"
"8395","540208","주식회사 동해이엔에스","   1,452,900"
"8396","330108","(주)영동네트웍스","   1,451,600"
"8396","201290","(주)복개전설","   1,451,600"
"8396","630076","(주)해밀","   1,451,600"
"8399","203773","주식회사 비트네이션","   1,451,100"
"8400","610083","(주)백림정보","   1,450,700"
"8400","510475","(주)범진","   1,450,700"
"8402","620259","주식회사 전기안전","   1,450,400"
"8403","630308","아이즈원","   1,449,900"
"8404","111026","태멘시스템 주식회사","   1,449,600"
"8405","311215","주식회사 해솔피앤씨","   1,449,300"
"8406","430080","(주)해종","   1,449,200"
"8407","150357","국민정보통신","   1,448,800"
"8408","430263","(주)세이정보기술","   1,448,700"
"8409","312355","다알시스 주식회사","   1,448,300"
"8409","530237","아주정보통신","   1,448,300"
"8411","620408","성호아이티 주식회사","   1,448,000"
"8412","202695","주식회사 태성정보통신","   1,447,300"
"8413","640103","주식회사 태산정보통신","   1,447,000"
"8414","311360","(주)프릭스미디어시스템즈","   1,446,700"
"8415","203365","주식회사 한국클라우드(HANKOOK CLOUD Inc.)","   1,446,600"
"8416","130177","동양통신","   1,446,500"
"8417","620121","(주)에프앤비","   1,445,600"
"8418","311414","디에스아이씨티(주)","   1,445,500"
"8419","200772","재리강정보기술 주식회사","   1,445,300"
"8420","410313","주식회사 신성엠티씨","   1,444,900"
"8421","550254","탑네트워크 주식회사","   1,444,600"
"8422","540532","주식회사 에스케이전기통신","   1,444,500"
"8423","430050","주식회사 에스에이치정보통신","   1,443,800"
"8423","310289","새일시스템즈(주)","   1,443,800"
"8425","640129","(주)인프라케이","   1,443,400"
"8426","202621","주식회사 현대아이티","   1,443,100"
"8427","550428","주식회사 리우통신","   1,441,700"
"8428","630397","주식회사 이디에스원","   1,441,100"
"8429","120506","하나종합통신","   1,441,000"
"8430","420178","주식회사 송림전기","   1,440,900"
"8431","312088","주식회사 두두","   1,440,600"
"8432","540400","주식회사 하나전기","   1,439,900"
"8432","540195","광선전설(주)","   1,439,900"
"8434","312489","주식회사 아이에이치솔루션","   1,439,500"
"8435","350583","주식회사 에시르","   1,438,200"
"8436","311761","케이디네트웍스","   1,437,700"
"8437","640036","(주)송명정보통신","   1,437,500"
"8438","630399","유한회사 오투","   1,437,100"
"8439","610336","주식회사 원탑","   1,436,200"
"8440","620288","디멕스 주식회사(dMax Co..Ltd.)","   1,436,000"
"8441","630227","미동이엔씨 주식회사","   1,435,700"
"8442","200647","유프로시스(주)","   1,435,400"
"8443","420457","주식회사 태원시스템","   1,434,900"
"8444","203569","주식회사 케이티엔에스티","   1,433,100"
"8445","330321","광명기업","   1,432,800"
"8446","330232","주식회사 제이투","   1,432,500"
"8447","420468","다우건설 주식회사","   1,431,900"
"8448","350417","주식회사 디에스정보기술","   1,431,800"
"8449","203598","주식회사 카이저솔루션","   1,431,300"
"8449","620412","가람정보기술 주식회사","   1,431,300"
"8451","550263","주식회사 유림이엔씨","   1,430,900"
"8451","202344","주식회사 창성테크","   1,430,900"
"8453","320564","더클-넷","   1,430,600"
"8453","120224","(주)쌍용전설","   1,430,600"
"8455","330194","주식회사 에스씨엔","   1,430,100"
"8456","420136","(주)서진전기","   1,429,600"
"8457","510681","주식회사 엘케이플러스","   1,428,300"
"8458","311264","아토리서치(주)","   1,428,000"
"8459","201595","태영건설산업 주식회사","   1,427,700"
"8460","520124","주식회사 정인이엔지","   1,427,600"
"8461","350600","오성기전 주식회사","   1,426,900"
"8462","350141","주식회사 유신","   1,426,500"
"8463","203130","주식회사 제이엔티시스템","   1,425,700"
"8464","420263","주식회사 대양이엔씨","   1,425,600"
"8465","310691","(주)대양씨아이에스","   1,425,200"
"8466","202763","주식회사 디에이치","   1,423,000"
"8467","112311","주식회사 명승정보통신","   1,422,500"
"8468","120323","(합명)흥일통신공업사","   1,422,400"
"8469","540100","(주)서울전설","   1,421,900"
"8470","550469","피알미 주식회사","   1,421,500"
"8471","203788","주식회사 에이치엔링크","   1,421,300"
"8471","430341","(주)신화일렉트릭","   1,421,300"
"8473","311426","한창기전(주)","   1,421,200"
"8474","350391","(주)한성전력","   1,421,100"
"8475","202890","주식회사 근우(KEUNWOO CO.,LTD.)","   1,420,900"
"8476","350372","주식회사 다온테크놀로지","   1,420,800"
"8477","320196","(주)에이치엠정보기술","   1,420,300"
"8478","310571","일광이앤씨 주식회사(ILKWANG E&C Co.,LTD.)","   1,420,200"
"8478","312076","주식회사 이레넷텍","   1,420,200"
"8480","540417","에스엠테크 주식회사","   1,419,400"
"8481","203981","주식회사 나라지식정보","   1,418,700"
"8482","150237","황제전기통신","   1,418,600"
"8483","311608","(주)이루텔럭키","   1,418,500"
"8483","203957","주식회사 다올정보통신","   1,418,500"
"8485","510795","진기로지스틱","   1,418,400"
"8486","113344","(주)단아","   1,418,000"
"8487","540038","동양정보통신공사","   1,417,900"
"8488","510344","유림정보시스템 주식회사","   1,417,400"
"8489","410348","조아유기술 주식회사","   1,417,200"
"8490","160013","(주)남형통신건설","   1,417,000"
"8491","350035","주식회사 아원정보통신","   1,416,700"
"8491","310179","(주)보고넷","   1,416,700"
"8493","620078","한림정보통신","   1,416,500"
"8494","530439","주식회사 데이콤","   1,415,300"
"8494","320507","주식회사 아이티에이","   1,415,300"
"8496","540393","주식회사 코스정보통신","   1,414,200"
"8497","540111","이광이엔씨 주식회사","   1,414,000"
"8498","350235","주식회사 시티건설","   1,413,000"
"8499","550489","휴먼베이스 오토메이션 (Human Base Automation)","   1,412,600"
"8500","530388","삼익상사","   1,412,300"
"8501","640149","정우전기통신 주식회사","   1,412,000"
"8502","410142","삼성통신(주)","   1,411,600"
"8503","410061","(주)우성테크","   1,410,900"
"8504","530170","(주)에스콤테크","   1,410,100"
"8505","620310","(주)아이티에스시스템","   1,409,900"
"8506","350321","주식회사 다이노","   1,409,800"
"8507","320506","주식회사 제이씨아이(JCI Co.,Ltd.)","   1,409,200"
"8508","312498","주식회사 이든엠","   1,409,100"
"8509","112348","대성미디어","   1,407,900"
"8510","111676","(주)레이텍","   1,407,600"
"8511","310676","(주)그리마건설","   1,407,400"
"8512","130045","(주)대명통신","   1,406,700"
"8513","110607","두합정보통신","   1,406,100"
"8514","150648","대통산업(주)","   1,405,900"
"8515","330249","주식회사 태성정보통신","   1,405,600"
"8516","550285","에이스시스템 주식회사","   1,405,500"
"8517","520066","주식회사 조은정보통신","   1,405,400"
"8518","202946","시큐리티앤맵 주식회사 (Security&Map Co., Ltd.)","   1,405,100"
"8519","120004","세기정보통신","   1,404,400"
"8520","530429","마리정보통신","   1,404,000"
"8521","203967","153오디오랩 주식회사 (153audiolab Co.,Ltd.)","   1,403,400"
"8521","350186","(주)태영미디어","   1,403,400"
"8523","530450","주식회사 인테크워터","   1,403,200"
"8524","320305","시큐리티맥","   1,402,600"
"8525","200604","주식회사 대웅전기","   1,402,500"
"8526","610154","주식회사 마루종합전기","   1,402,200"
"8527","420476","알파네트웍스","   1,402,100"
"8528","150376","중앙정보통신","   1,401,800"
"8529","320450","이지노브 주식회사(EZNOV INC.)","   1,401,300"
"8530","510531","금호이엔에스","   1,400,500"
"8531","530249","(주)코맥스통신","   1,399,300"
"8532","610296","주식회사 솔로몬기술","   1,398,600"
"8532","312046","(주)선경이에스티","   1,398,600"
"8534","312527","주식회사 온어스네트웍스","   1,397,200"
"8534","311502","신화정보통신공사","   1,397,200"
"8536","320041","유인정보통신주식회사","   1,396,100"
"8537","311139","도우디지텍(주)","   1,396,000"
"8538","111554","중앙통신","   1,395,100"
"8539","540345","주식회사 영진전기","   1,394,400"
"8540","111334","주식회사 하랑이엔씨정보","   1,394,300"
"8541","410323","주식회사 나은기술","   1,393,500"
"8542","630209","유한회사 코스타정보통신","   1,393,300"
"8543","200505","주식회사 온누리전기","   1,393,000"
"8544","150279","금강정보통신(주)","   1,392,900"
"8545","120536","부영정보통신공사","   1,392,800"
"8546","510280","아세아전기(주)","   1,392,500"
"8547","420319","(주)재신전력","   1,392,300"
"8548","350424","주식회사 신비","   1,392,000"
"8549","510282","(주)세종이엔지","   1,391,500"
"8550","202824","주식회사 그린주의","   1,391,400"
"8551","312236","주식회사 에스제이전기통신","   1,391,300"
"8552","350133","주식회사 영민","   1,391,100"
"8553","350378","하나일렉콤 주식회사","   1,389,800"
"8553","510603","(주)아이티캠","   1,389,800"
"8553","202301","(주)지니온","   1,389,800"
"8556","430362","주식회사 디에스이엔지","   1,389,400"
"8557","410049","중앙시스템 주식회사","   1,389,300"
"8557","201347","(주)브이아이티정보통신","   1,389,300"
"8559","540419","주식회사 나인","   1,389,200"
"8560","510324","(주)비에스","   1,389,000"
"8561","530180","주식회사 거산이앤씨","   1,388,700"
"8562","630360","주식회사 하랑","   1,388,400"
"8563","630341","주식회사 현영정보통신","   1,388,200"
"8564","510277","(주)아이테크","   1,388,100"
"8564","620063","영풍전력정보(주)","   1,388,100"
"8566","312142","주식회사 대민이엔씨","   1,387,700"
"8567","540110","미래전기(주)","   1,387,500"
"8568","200632","주식회사 천지정보통신","   1,387,300"
"8569","640120","주식회사 성훈전력","   1,386,800"
"8570","430236","주식회사 주영","   1,386,700"
"8571","510606","우행통신","   1,386,400"
"8572","630270","주식회사 광희테크윈","   1,386,000"
"8573","203156","미디어아이씨티 주식회사 (Media ICT Co.,Ltd.)","   1,385,000"
"8574","610441","주식회사 바인컴","   1,384,900"
"8575","311533","(주)오에스정보통신","   1,384,700"
"8576","203304","주식회사 연수이앤씨","   1,384,500"
"8576","620415","유한회사 건영정보기술","   1,384,500"
"8578","140404","(유)동민정보통신","   1,384,100"
"8579","160056","주식회사 봄","   1,384,000"
"8579","430330","주식회사 씨앤아이","   1,384,000"
"8579","410150","태성네트웍스(주)","   1,384,000"
"8579","430332","주식회사 인정이엔씨","   1,384,000"
"8583","530352","경인전력 주식회사","   1,383,900"
"8584","330042","(합자)한진통신","   1,383,500"
"8585","510747","주식회사 포플랜트","   1,383,000"
"8586","203963","주식회사 태양전기","   1,381,700"
"8586","550407","다온인포","   1,381,700"
"8588","430018","(주)지투기술","   1,381,500"
"8589","201899","(주)경원","   1,381,200"
"8590","610357","주식회사 엠케이전력","   1,380,700"
"8591","111923","주식회사 광림전력","   1,380,500"
"8592","350320","(주)테로스정보통신","   1,380,300"
"8592","520108","우진통신","   1,380,300"
"8594","203547","에스케이에코엔지니어링 주식회사 (SK ecoengineering Co., Ltd.)","   1,379,300"
"8594","610456","주식회사 드림캐처","   1,379,300"
"8596","111291","한마음정보시스템","   1,379,000"
"8597","120799","한길정보기술","   1,378,900"
"8597","610440","로이앤테크 주식회사","   1,378,900"
"8599","420474","케이폴 주식회사","   1,378,200"
"8600","430211","(주)대청정보통신","   1,377,900"
"8601","540418","뉴정보통신","   1,377,300"
"8602","330282","주식회사 엔엔티","   1,376,900"
"8603","111678","엘지정보기술(주)","   1,376,000"
"8604","203297","엔에이정보통신 주식회사","   1,375,900"
"8605","630249","주식회사 리더킹","   1,375,800"
"8606","311996","제이엔제이정보통신주식회사","   1,375,600"
"8607","640155","굿짝(Good Jjack)정보통신","   1,375,400"
"8608","150567","(주)유테라시스","   1,375,300"
"8609","312045","새빛이앤엘(주)","   1,375,200"
"8609","320125","(주)솔로몬시스템","   1,375,200"
"8611","203948","광일이엔씨 주식회사","   1,374,800"
"8612","312453","주식회사 계림","   1,374,700"
"8613","350129","현성교통건설 주식회사","   1,374,100"
"8614","530423","주식회사 나눔컴오에이(NanumComOA Co.,Ltd.)","   1,373,600"
"8615","520128","영시스템","   1,372,800"
"8616","350355","(주)서경에스지씨","   1,372,600"
"8617","540343","주식회사 웅부정보기술","   1,372,000"
"8618","510791","주식회사 제이정보통신","   1,371,900"
"8619","520163","주식회사 배가넷","   1,371,500"
"8619","430254","주식회사 다산테크","   1,371,500"
"8621","610411","주식회사 바램","   1,371,400"
"8622","110845","태성통신","   1,370,900"
"8623","311049","(주)예도시스템","   1,370,200"
"8624","330320","승혜전력 주식회사","   1,370,100"
"8625","620391","주식회사 로반","   1,369,900"
"8625","630191","주식회사 미래하이테크","   1,369,900"
"8627","201596","(주)비에스파워","   1,369,800"
"8627","112158","(주)보룡건설","   1,369,800"
"8629","204014","주도정보통신","   1,369,400"
"8630","203882","유호토건 주식회사","   1,369,300"
"8631","310817","주식회사 코스텍정보통신","   1,369,100"
"8632","110919","(주)동양이엔씨","   1,368,700"
"8633","311549","성광미디어통신(주)","   1,368,600"
"8634","350585","주식회사 반석","   1,367,200"
"8635","202705","주식회사 그린전기","   1,366,900"
"8635","530458","주식회사 조은캠프","   1,366,900"
"8637","350569","하나정보통신","   1,366,800"
"8638","330290","(주)인프라큐브","   1,366,500"
"8639","510740","주식회사 포앰","   1,366,100"
"8639","120636","(주)환영통신","   1,366,100"
"8641","310791","이에스아이 주식회사","   1,365,200"
"8642","430310","초아정보시스템 주식회사","   1,364,900"
"8643","160139","주식회사 삼경이엔지","   1,364,400"
"8644","350552","주식회사 이베로","   1,364,300"
"8645","510408","(주)두레정보통신","   1,363,800"
"8646","540134","(주)덕송통신","   1,363,600"
"8647","330215","(주)아이캠","   1,363,300"
"8648","112413","주식회사 삼일네트웍","   1,363,200"
"8649","203664","주식회사 에이알텍","   1,361,400"
"8650","130221","창성이엔지 주식회사","   1,360,500"
"8651","630279","주식회사 좋은내일","   1,360,300"
"8651","311924","주식회사 위버아이엔티","   1,360,300"
"8653","311726","중앙정보","   1,359,800"
"8654","430049","(주)테크윈","   1,359,700"
"8655","530096","(주)유엔텔","   1,359,400"
"8656","200646","주식회사 금천정보기술","   1,359,200"
"8657","112541","그린아이티 주식회사","   1,359,100"
"8658","310582","주식회사 다현정보통신","   1,358,700"
"8659","410215","주식회사 드림정보","   1,358,500"
"8660","350481","주식회사 에이원정보통신","   1,358,400"
"8661","140357","(주)대성전자","   1,358,200"
"8662","110768","(주)세종하이테크","   1,358,100"
"8662","510636","(주)아이오티솔루션","   1,358,100"
"8664","510400","주식회사 우림이앤씨","   1,358,000"
"8665","630292","유한회사 케이엠정보시스템","   1,357,900"
"8665","620209","(주)디아이정보통신","   1,357,900"
"8667","310043","우주특수A.V","   1,357,800"
"8667","201462","(주)비앤엠","   1,357,800"
"8669","430150","(주)삼우이엔씨","   1,357,700"
"8670","610416","주식회사 에스아이텍","   1,356,900"
"8671","410051","(주)밝은전기","   1,356,800"
"8672","130313","(주)삼성정보통신","   1,356,100"
"8673","350046","화진전기 주식회사","   1,355,900"
"8674","530322","주식회사 시스윌","   1,355,800"
"8675","610459","주식회사 연우정보","   1,355,700"
"8676","510257","동부산엘리텍(주)","   1,355,500"
"8677","350380","두주정보기술","   1,354,900"
"8678","330312","(주)하진","   1,353,600"
"8679","350285","(주)아이씨티 코리아","   1,353,500"
"8680","111671","협진전기통신공사","   1,352,400"
"8680","610064","주식회사 씨에스홀딩스","   1,352,400"
"8682","204025","주식회사 엔터테크","   1,352,300"
"8682","550239","이앤텍","   1,352,300"
"8684","150469","(주)제타플러스","   1,351,900"
"8685","312702","주식회사 영진","   1,351,500"
"8686","130204","(주)태양전기통신","   1,351,300"
"8687","130426","우리정보(주)","   1,350,800"
"8688","420384","블루시스템","   1,350,700"
"8689","311864","주식회사 가온정보통신","   1,350,600"
"8690","350350","(주)시테크코리아","   1,350,200"
"8691","540331","주식회사 디에이치테크","   1,349,600"
"8692","203135","주식회사 진성씨지테크","   1,349,500"
"8693","510100","심우계전","   1,349,300"
"8694","550519","주식회사 케이엠티","   1,349,200"
"8695","201010","서전엔지니어링(주)","   1,349,000"
"8696","430134","하나통신","   1,348,600"
"8697","630156","(주)코리트","   1,348,200"
"8698","550466","주식회사 시온이엔씨","   1,346,900"
"8699","420261","주식회사 오르네","   1,346,700"
"8700","120387","대양전자공업사","   1,346,600"
"8701","620341","대로클래스 주식회사","   1,346,300"
"8702","320194","우리정보통신","   1,346,000"
"8703","510587","(주)비전씨엔엘","   1,345,500"
"8704","530136","(주)시스아이티","   1,344,300"
"8705","640083","주식회사 남도","   1,344,000"
"8706","202515","우영씨티(주)","   1,342,300"
"8706","320129","(주)현우이엔씨","   1,342,300"
"8708","150316","(주)태성정보통신","   1,341,800"
"8708","203692","텔레플러스 주식회사","   1,341,800"
"8710","150243","광음통신공사","   1,341,300"
"8711","203637","주식회사 부린","   1,340,800"
"8712","540348","일신이앤지","   1,340,700"
"8713","312032","주식회사 하늘이엔씨","   1,340,600"
"8714","150537","삼성정보통신","   1,340,300"
"8714","320333","주식회사 협주","   1,340,300"
"8716","610437","주식회사 쿠로엔시스","   1,339,900"
"8717","610347","주식회사 아이티정보통신","   1,339,700"
"8718","330371","대성종합전자","   1,339,200"
"8719","112558","(주)대보통신","   1,339,000"
"8720","510413","(주)아이비엠씨","   1,338,800"
"8721","350247","(주)만양","   1,337,600"
"8722","530165","(주)엘투테크","   1,336,400"
"8723","330319","부원정보 주식회사","   1,336,300"
"8724","140469","(주)신우정보통신","   1,335,700"
"8725","520098","(주)제이비","   1,334,700"
"8726","310388","대유정보통신(주)","   1,334,600"
"8727","203934","주식회사 주야플랜트","   1,334,400"
"8728","630349","승승에너지 주식회사","   1,333,800"
"8728","111177","주식회사 신화전기","   1,333,800"
"8730","112120","(주)성은전설","   1,333,500"
"8731","350281","(주)시티","   1,333,400"
"8731","200738","한국메가와트(주)","   1,333,400"
"8733","201718","(주)인타임정보","   1,332,600"
"8734","312116","주식회사 에코원","   1,332,000"
"8735","140330","(주)흥양정보기술","   1,331,900"
"8736","320405","주식회사 코원이앤씨","   1,331,800"
"8736","311783","이삭엔지니어링 주식회사","   1,331,800"
"8738","610177","주식회사 송림안전","   1,331,700"
"8739","330150","주식회사 모든하이테크","   1,331,500"
"8740","430345","주식회사 다산정보통신","   1,331,300"
"8741","550379","주식회사 웰캅","   1,331,200"
"8742","410131","(주)에이원정보통신","   1,330,500"
"8742","312241","주식회사 블루텍정보통신","   1,330,500"
"8744","312215","주식회사 소공","   1,329,700"
"8745","312433","주식회사 연우텔레콤","   1,329,500"
"8745","110004","한국하니웰(주)","   1,329,500"
"8747","330145","일성전력 주식회사","   1,329,000"
"8748","430240","(주)스마트캠","   1,328,600"
"8749","440001","티앤에스(주)","   1,328,500"
"8750","202885","벼리테크","   1,328,400"
"8751","310930","(주)윈디에스","   1,326,700"
"8752","202131","(주)느루디지텍","   1,326,600"
"8753","540402","주식회사 선양","   1,326,400"
"8754","111870","주식회사 케이에이치넥스","   1,326,200"
"8755","520141","주식회사 다름","   1,325,500"
"8756","150129","제일기업","   1,325,400"
"8757","540384","주식회사 에스제이전기","   1,324,100"
"8758","120693","(주)네스아이","   1,323,900"
"8759","350309","아이넷정보통신","   1,323,400"
"8760","320532","에덴기업 주식회사","   1,323,100"
"8761","112057","수연정보통신","   1,322,900"
"8762","111875","(주)일신이앤드씨","   1,322,400"
"8763","630358","주식회사 솔빛","   1,320,900"
"8764","330347","주식회사 로아솔루션(ROA Solution Inc.)","   1,320,600"
"8765","430349","(주)대우이앤지","   1,320,000"
"8765","350387","세진전력 주식회사","   1,320,000"
"8767","130289","(주)구이","   1,319,200"
"8768","540308","주식회사 한명아이씨티","   1,318,600"
"8769","201470","(주)에스에이치아이앤씨","   1,317,800"
"8770","330077","(주)원정보통신","   1,316,900"
"8771","550477","주식회사 에스엔에프","   1,316,500"
"8772","540342","(주)선일일렉콤","   1,316,400"
"8773","110999","주식회사 그린텔","   1,316,100"
"8774","540292","(주)부성전기","   1,316,000"
"8775","430231","누리정보","   1,313,300"
"8775","630208","주식회사 드림지에스(DreamGS Co.,Ltd","   1,313,300"
"8777","640134","주식회사 블루앤아이","   1,312,800"
"8777","111077","샛별정보통신공사","   1,312,800"
"8779","110391","대지통신공사","   1,312,600"
"8780","150048","(주)태정이앤아이","   1,312,300"
"8781","130011","광정보통신","   1,312,200"
"8782","112971","(주)이피이","   1,311,600"
"8783","510075","동우기술(주)","   1,311,000"
"8784","150682","스피드정보통신","   1,310,900"
"8785","310465","(주)아이넷텔","   1,310,100"
"8786","510663","주식회사 라이프정보기술","   1,309,200"
"8787","530004","주식회사 아셀","   1,308,700"
"8788","550533","주식회사 에스디엠기술","   1,308,000"
"8789","530410","주식회사 소프트플러스","   1,307,600"
"8789","420529","주식회사 브리츠이엔지","   1,307,600"
"8791","510527","(주)정엔지니어링","   1,307,300"
"8792","202189","주식회사 영진이엔에스","   1,307,200"
"8793","111295","(주)대성전력","   1,306,300"
"8794","550545","광득건설 주식회사","   1,304,900"
"8795","620161","(주)대동계전","   1,304,800"
"8796","111921","석진전설","   1,304,600"
"8797","630277","광림네트웍스 주식회사","   1,304,100"
"8798","312294","주식회사 에스와이시스템","   1,304,000"
"8799","203844","주식회사 티포스","   1,303,800"
"8800","320296","주식회사 건영일렉스","   1,303,700"
"8801","420167","(주)진원시스템","   1,303,200"
"8802","430316","(주)휴먼씨","   1,302,200"
"8803","530198","주식회사 영진정보통신","   1,302,100"
"8804","410282","주식회사 광명전력","   1,301,900"
"8804","540440","주식회사 세운바이오","   1,301,900"
"8804","420382","한국정보통신협동조합","   1,301,900"
"8807","520095","(주)국제산업개발","   1,301,800"
"8808","610250","유한회사 삼환","   1,301,700"
"8808","540462","세한이엔씨 주식회사","   1,301,700"
"8810","620387","주식회사 트로닉스","   1,301,600"
"8811","540498","(HL)전자통신","   1,301,200"
"8812","350329","주식회사 광화기업","   1,301,100"
"8813","330281","주식회사 오엔","   1,301,000"
"8814","200836","주식회사 아진이앤씨","   1,300,500"
"8815","330180","(주)강원아이티","   1,299,900"
"8816","420440","컴한정보통신 주식회사","   1,299,800"
"8817","312014","주식회사 엘케이엔지니어링","   1,299,700"
"8818","311863","벧엘전력 주식회사","   1,299,500"
"8819","201792","주식회사 건영정보기술","   1,298,800"
"8820","120141","주식회사 일원정보통신","   1,298,500"
"8821","610170","(주)태화전기","   1,298,400"
"8822","350607","주식회사 티제이테크","   1,297,400"
"8823","201271","영인아이티기술사사무소","   1,297,200"
"8824","310245","(주)플러스원정보통신","   1,296,100"
"8825","110383","(주)대호엔지니어링","   1,296,000"
"8826","620279","유한회사 엠탑코리아","   1,295,700"
"8827","203137","비젼텔레콤","   1,295,500"
"8828","203852","주식회사 정현이엔지","   1,295,300"
"8829","430293","주식회사 대명파워텍","   1,295,000"
"8830","150491","경일건설(주)","   1,294,800"
"8831","140132","(주)케이이엔티","   1,294,700"
"8832","350286","한수전기통신공사","   1,293,900"
"8833","202627","주식회사 경신정보통신","   1,293,600"
"8834","330344","주식회사 우리","   1,293,500"
"8835","350068","주식회사 루마린","   1,293,200"
"8836","620150","(주)송현전력","   1,293,000"
"8837","200247","성도전자","   1,291,000"
"8838","410421","주식회사 해태통신","   1,290,900"
"8839","120308","(주)동방전설","   1,290,000"
"8840","350437","주식회사 엘에스정보통신","   1,289,300"
"8840","150325","우성전자통신","   1,289,300"
"8842","610337","주식회사 비전","   1,288,800"
"8842","540280","(주)지엠티(GMT Co. Ltd)","   1,288,800"
"8844","630361","신도익산센터","   1,288,300"
"8845","320316","주식회사 세영","   1,288,100"
"8845","550406","주식회사 아진네트워크","   1,288,100"
"8845","330348","케이정보통신 주식회사","   1,288,100"
"8848","200036","대웅기전(주)","   1,287,800"
"8849","420421","엔에이티통신기술","   1,287,700"
"8850","420342","주식회사 파란시큐어","   1,287,600"
"8851","540082","(주)우송전기","   1,287,500"
"8852","410350","주식회사 혜승기술연구소","   1,286,200"
"8852","630065","주식회사 서화전력","   1,286,200"
"8854","202563","제이티비씨미디어텍 주식회사","   1,286,000"
"8854","410043","주식회사 서울","   1,286,000"
"8856","550299","주식회사 청평","   1,285,800"
"8857","170146","(주)우광전기통신","   1,285,500"
"8858","320422","에어텍아이앤씨(주)","   1,285,400"
"8859","430122","삼원전력(주)","   1,284,300"
"8859","540515","주식회사 보임","   1,284,300"
"8861","440074","크리에이티브넷","   1,284,100"
"8862","510768","하이컨스 주식회사","   1,284,000"
"8863","420324","주식회사 세종정보통신기술","   1,283,700"
"8864","510671","아라무선 주식회사","   1,283,600"
"8864","203873","영진정보통신","   1,283,600"
"8866","330068","(주)일진이에프씨","   1,283,500"
"8867","311314","엠씨테크","   1,283,400"
"8868","310506","대민정보통신","   1,283,300"
"8869","420239","성한 주식회사","   1,282,700"
"8869","201481","주식회사 국제비엠에스","   1,282,700"
"8871","550515","주식회사 엠에스티","   1,282,600"
"8872","540293","서정미디어","   1,282,200"
"8873","610216","푸르나테크(주)","   1,281,300"
"8874","440075","로드이앤씨(주)","   1,280,800"
"8875","320089","청양정보통신 주식회사","   1,280,600"
"8876","540182","주식회사 쓰리디비엠","   1,280,500"
"8877","610303","주식회사 엠에스엘테크놀로지","   1,280,100"
"8878","203683","삼보종합이앤씨 주식회사","   1,279,800"
"8879","310510","비에스앤시스템즈 주식회사","   1,279,300"
"8880","203646","주식회사 동양(TONGYANG Inc.)","   1,278,700"
"8881","203746","새론아이씨티 주식회사 (SAERON-ICT CO.LTD.)","   1,278,100"
"8882","610314","산이건설(주)","   1,277,800"
"8882","530220","주식회사 세인전력","   1,277,800"
"8884","640116","지에이치정보통신 주식회사","   1,277,600"
"8885","410076","주식회사 새연통신","   1,277,500"
"8886","312572","주식회사 케이에스엠에스","   1,277,300"
"8887","201466","(주)삼광전기","   1,276,000"
"8888","203651","주식회사 넷원시스템","   1,275,800"
"8889","420163","(주)디와이기전","   1,275,200"
"8890","510732","함일정보통신","   1,275,000"
"8891","201659","(주)한일이앤씨","   1,274,300"
"8892","120849","(주)제일종합통신","   1,274,000"
"8893","540238","(주)씨에스텍","   1,273,900"
"8894","510598","(주)비에이치이","   1,273,700"
"8895","440030","가나정보통신","   1,273,400"
"8896","430127","주식회사 태광","   1,273,300"
"8896","410040","천우전기(주)","   1,273,300"
"8898","410415","주식회사 오케이유시스템 (okU system Co., Ltd.)","   1,273,100"
"8899","202907","주식회사 오에스테크","   1,272,900"
"8900","410052","ACRO정보통신","   1,272,800"
"8900","202932","진화전기 주식회사","   1,272,800"
"8902","540069","(주)비아이티","   1,272,000"
"8903","111041","(주)희망정보통신","   1,271,800"
"8904","420430","주식회사 태성정보통신","   1,271,200"
"8905","350255","(주)원일포스","   1,271,000"
"8906","311660","주식회사 세현전기통신","   1,270,500"
"8907","203444","주식회사 엘씨네트웍스","   1,270,400"
"8908","410384","건우이앤지(주)","   1,270,300"
"8909","204131","영정보통신 주식회사","   1,269,700"
"8910","140309","(유)해광정보통신","   1,268,900"
"8911","140399","(주)씨엔아이텔레콤","   1,268,800"
"8912","203338","지디엘테크 주식회사","   1,268,300"
"8913","430051","(주)기전사","   1,268,200"
"8914","130148","(주)세종파워텍","   1,268,100"
"8915","530059","(주)무건전기통신","   1,268,000"
"8916","330238","리미트정보가전","   1,267,900"
"8917","111020","(합자)부원전기","   1,267,500"
"8918","540466","케이에스시스템","   1,267,200"
"8919","610160","(유)은혜전기","   1,267,000"
"8920","311082","(주)문연전기","   1,266,700"
"8921","430042","(주)월드미디어","   1,266,600"
"8922","120690","현대미디어","   1,265,600"
"8922","410162","주식회사 이지통신","   1,265,600"
"8924","312449","주식회사 대경기술단","   1,265,500"
"8925","150300","왕건전기(주)","   1,265,100"
"8926","111307","엘지전자통신공사","   1,264,700"
"8927","510063","대경정보통신","   1,262,700"
"8928","150311","주식회사 한국 ","   1,262,300"
"8928","311888","해광전기 주식회사","   1,262,300"
"8930","311618","주식회사 아이씨티솔루션스","   1,262,200"
"8931","140057","(주)화승이엔아이","   1,261,900"
"8932","120719","국제이엔지(주)","   1,261,600"
"8933","410109","(주)벧엘산전","   1,261,400"
"8934","312253","네오딕정보기술","   1,261,000"
"8935","530035","구문전력 주식회사","   1,260,100"
"8936","203416","주식회사 원이앤에스","   1,259,700"
"8937","550443","가온뫼복지재단 사회적협동조합","   1,259,400"
"8938","510039","(주)허브정보통신","   1,258,900"
"8938","150267","주식회사 라인아이티(Line IT Co,.Ltd)","   1,258,900"
"8940","202531","(주)금화이엔씨","   1,258,100"
"8941","310667","나래엔시스","   1,258,000"
"8942","510486","(주)성진정보기술","   1,257,800"
"8943","311376","(주)태형씨엔씨","   1,257,000"
"8944","140496","주식회사 지디이엔티","   1,255,900"
"8944","410172","(주)두원","   1,255,900"
"8946","111047","주택관리공단(주)","   1,255,800"
"8947","204234","주식회사 아이나래컴퍼니","   1,253,300"
"8948","510347","씨엔엔정보통신","   1,253,000"
"8949","350518","블루미디어 주식회사","   1,252,600"
"8949","640071","주식회사 파라컴","   1,252,600"
"8951","410121","디지정보시스템","   1,252,400"
"8952","311657","진훈전기정보통신","   1,252,100"
"8953","630240","유한회사 도원정보통신","   1,251,800"
"8953","320103","모아정보기술","   1,251,800"
"8955","202475","주식회사 어반링크","   1,251,500"
"8956","530323","주식회사 대건텔","   1,251,100"
"8957","520125","아이시티산업(ICT)","   1,250,400"
"8958","202112","주식회사 가산이앤씨","   1,250,300"
"8959","203114","주식회사 더시스템스코리아","   1,249,800"
"8960","550500","주식회사 해광통신","   1,249,400"
"8961","610460","아현정보","   1,249,200"
"8962","113016","탑스에이브이(주)","   1,248,400"
"8963","550217","태흥통신","   1,248,000"
"8964","410070","하나계전 주식회사","   1,247,600"
"8965","150633","도원아이티","   1,246,300"
"8966","620353","주식회사 무진전력","   1,245,900"
"8967","312083","주식회사 이노젼","   1,244,800"
"8967","203762","주식회사 미래전설","   1,244,800"
"8967","520083","울산미디어통신","   1,244,800"
"8967","140328","애드넷","   1,244,800"
"8971","520059","주식회사 정민전력공사","   1,244,000"
"8972","203445","주식회사 모건시스","   1,243,900"
"8973","160172","한국무선","   1,243,800"
"8974","312359","윌테크놀로지 주식회사","   1,243,700"
"8975","201363","세왕전력(주)","   1,243,300"
"8975","170149","강원종합통신","   1,243,300"
"8975","120715","LG금강전자","   1,243,300"
"8978","420521","주식회사 소사이어티","   1,243,000"
"8979","530441","주식회사 더젠 (The-gen)","   1,242,900"
"8980","550113","데이타솔루션(주)","   1,241,800"
"8981","550461","주식회사 로드아이티","   1,241,600"
"8982","320460","네오테크 주식회사(NEOTECH Co., Ltd)","   1,241,300"
"8983","110490","대영통신산업(주)","   1,241,000"
"8984","150488","김천정보통신공사","   1,240,400"
"8985","630027","(유)건양정보통신","   1,240,100"
"8986","410118","(주)대보에스앤","   1,239,200"
"8987","320252","(주)아이엔텍","   1,238,900"
"8988","430176","(주)두성정보통신","   1,238,600"
"8989","620257","다원씨에스 주식회사","   1,238,200"
"8990","330204","주식회사 대호","   1,238,000"
"8991","311332","(주)에스지정보기술","   1,237,300"
"8991","350495","주식회사 일오정보통신","   1,237,300"
"8993","112503","주식회사 왕선전설","   1,237,200"
"8994","330210","주식회사 정한","   1,237,100"
"8994","520142","주식회사 복산종합전기","   1,237,100"
"8996","203584","주식회사 템피스트정보통신","   1,237,000"
"8997","160179","국제무선","   1,236,600"
"8998","640105","(주)석광엔지니어링","   1,236,200"
"8999","140137","(주)아진통신","   1,235,900"
"9000","120740","모던정보통신","   1,235,600"
"9001","630272","유한회사 케이아이텍","   1,235,500"
"9002","510431","오앤피","   1,235,400"
"9003","310157","(주)벽상이앤씨","   1,234,900"
"9004","550363","주식회사 가드뱅크","   1,234,800"
"9005","510563","(주)씨큐테크","   1,234,600"
"9006","430252","주식회사 코테스","   1,234,300"
"9007","310534","(주)화산에스티아이","   1,234,200"
"9008","520001","주식회사 동부정보통신","   1,233,900"
"9009","610155","(유)한빛이엔씨","   1,233,800"
"9010","550456","주식회사 제일이앤에이","   1,233,600"
"9010","330329","주식회사 제이와이","   1,233,600"
"9012","320300","씨에이이앤씨 주식회사(CA E&C Co., Ltd.)","   1,232,800"
"9013","120449","주식회사 빛이라","   1,232,500"
"9014","311725","이티정보통신","   1,232,400"
"9015","540495","주식회사 이성","   1,232,300"
"9016","204188","주식회사 이비스프라임","   1,232,000"
"9017","540253","화인정보통신(주)","   1,231,500"
"9018","311974","주식회사 아이티코어스","   1,231,000"
"9019","203148","주식회사 기가넷시스템","   1,230,900"
"9020","630405","주식회사 레이테크","   1,230,500"
"9021","320237","(주)에스에스전기","   1,230,300"
"9022","311480","(주)리베고","   1,230,200"
"9022","202497","(주)스마트넷","   1,230,200"
"9024","610413","주식회사 지오통신","   1,230,000"
"9025","540409","동성계전 주식회사","   1,229,500"
"9026","130192","성무이씨에스(주)","   1,229,100"
"9027","430352","주식회사 대현이앤씨","   1,228,900"
"9028","330071","(주)상건","   1,228,600"
"9029","202945","주식회사 원탑이앤티","   1,228,300"
"9029","350085","성진머티리얼즈 주식회사","   1,228,300"
"9031","550341","하나통신 ","   1,227,800"
"9032","202267","(주)디앤아이시스템","   1,227,500"
"9033","311513","(주)에스유아이씨티","   1,227,300"
"9033","320447","주식회사 케이엔씨","   1,227,300"
"9035","320509","주식회사 더오름","   1,226,600"
"9035","550343","진선테크","   1,226,600"
"9037","610446","주식회사 씨엠쓰리네트워크","   1,226,500"
"9038","630420","주식회사 이스터","   1,226,200"
"9039","530438","(주)제이피에스","   1,226,100"
"9040","200417","(주)대한종합산전","   1,225,900"
"9041","312209","대한민국씨씨티비협동조합(Korea CCTV Cooperative Organization)","   1,225,600"
"9042","420410","(주)엔알","   1,225,100"
"9043","150329","(주)유신전력","   1,224,600"
"9044","420170","(주)에스디새롬","   1,223,900"
"9045","312435","주식회사 에스엠솔루션","   1,223,700"
"9046","540283","(주)대산전기","   1,223,600"
"9047","311835","아이티코리아 주식회사","   1,223,200"
"9048","312133","주식회사 네오비젼(NEO VISION Co., Ltd.)","   1,222,900"
"9049","203711","주식회사 바른엔씨티","   1,222,200"
"9050","203395","주식회사 드림하이테크","   1,222,100"
"9051","130472","(주)동방정보통신","   1,221,500"
"9052","510697","주식회사 더원에코파워텍","   1,220,800"
"9053","620443","건도기업(주)","   1,220,700"
"9054","530358","주식회사 모스전자","   1,220,100"
"9055","312255","주식회사 광원","   1,219,600"
"9056","204024","보람아이앤씨 주식회사","   1,219,500"
"9057","203896","주식회사 원아이티엠","   1,219,400"
"9058","120426","주식회사 비앤","   1,219,300"
"9059","350539","에스지건설전기 주식회사","   1,219,100"
"9060","440076","가온아이티에스 주식회사","   1,218,400"
"9061","510328","주식회사 비케이에너지","   1,217,900"
"9061","312285","주식회사 이수시스템","   1,217,900"
"9063","630413","정주건설 주식회사","   1,217,700"
"9064","550326","주식회사 제일전기","   1,217,000"
"9065","420449","씨에스테크","   1,216,900"
"9066","610143","예성전력(주)","   1,216,800"
"9066","550398","주식회사 씨엔정보통신","   1,216,800"
"9068","640153","주식회사 지안","   1,216,600"
"9069","350200","주식회사 대산","   1,216,500"
"9070","350407","주식회사 태영일렉","   1,216,200"
"9071","204069","부팅 주식회사(Booting Co., Ltd.)","   1,215,800"
"9071","312580","주식회사 네트코리아","   1,215,800"
"9073","112395","(주)씨티크리스탈","   1,215,200"
"9074","110613","유호전기공업(주)","   1,214,800"
"9075","350232","주식회사 에스지엠","   1,214,700"
"9076","203123","주식회사 대림기술","   1,214,500"
"9077","203049","주식회사 케이엔테크","   1,214,300"
"9078","312281","우리정보통신 주식회사","   1,214,200"
"9079","530289","(주)이티씨","   1,214,000"
"9080","130225","(주)삼원전기통신공사","   1,213,600"
"9081","520006","(주)고려","   1,213,100"
"9081","430006","(주)전광이앤아이","   1,213,100"
"9083","201890","(주)삼일기업공사","   1,213,000"
"9084","610434","주식회사 경민이엔지","   1,212,000"
"9085","610018","이레삼성정보통신","   1,211,600"
"9086","620402","주식회사 오에이나라","   1,211,000"
"9087","150685","(주)영신전기","   1,210,900"
"9088","330313","주식회사 강원인에스","   1,210,000"
"9089","113251","영화엔지니어링","   1,209,900"
"9090","540406","주식회사 민이엔씨","   1,209,700"
"9090","410354","주식회사 경민","   1,209,700"
"9092","550446","주식회사 소프트윙스","   1,208,900"
"9093","111537","동일정보통신공사","   1,208,800"
"9093","640118","미성시스템 주식회사","   1,208,800"
"9095","420013","태경정보통신(주)","   1,208,400"
"9096","312257","주식회사 우리전력","   1,208,200"
"9097","330132","명인정보기술(주)","   1,207,800"
"9098","610402","주식회사 원아이티","   1,207,600"
"9098","610379","(유)이오전기","   1,207,600"
"9100","130342","주식회사 태화전설","   1,207,500"
"9101","311161","엠네트워크(주)","   1,207,200"
"9102","200439","벽산엔지니어링(주)","   1,207,000"
"9103","112397","주식회사 양광시스템","   1,206,900"
"9103","140194","주식회사 롬","   1,206,900"
"9105","150641","(주)풍양기업","   1,206,800"
"9106","160212","부경엔지니어링(주)","   1,206,200"
"9107","620052","(주)천운정보통신","   1,205,800"
"9108","203028","주식회사 휴메카정보통신","   1,205,700"
"9109","550516","주식회사 메타플러스","   1,205,600"
"9110","510771","주식회사 삼룡","   1,205,500"
"9111","330221","주식회사 성보시스템","   1,204,500"
"9112","170091","동도전력(주)","   1,204,200"
"9113","640069","(주)세종기업","   1,203,800"
"9114","510396","(주)태화전력","   1,203,700"
"9114","630261","에스시지제이비 주식회사","   1,203,700"
"9116","203069","존슨콘트롤즈인터내셔널코리아 주식회사","   1,203,400"
"9117","530166","주식회사 경도기술단","   1,202,700"
"9118","201221","(주)공간하이테크","   1,202,100"
"9119","350174","성보건설산업(주)","   1,201,800"
"9120","430322","주식회사 더호암","   1,201,300"
"9121","630291","주식회사 유피엘","   1,201,200"
"9122","320433","사단법인 한국근로장애인진흥회","   1,200,800"
"9122","350452","(주)공감솔루션","   1,200,800"
"9122","111499","(주)엠티케이코리아","   1,200,800"
"9125","201702","원진전력(주)","   1,200,100"
"9126","510168","야베스텍(주)","   1,199,800"
"9127","120273","건길통신 주식회사","   1,199,500"
"9128","160060","일우정보통신 ","   1,199,400"
"9129","550269","미래전자통신","   1,199,000"
"9129","203902","주식회사 에듀트론","   1,199,000"
"9131","330248","주식회사 가람","   1,198,400"
"9132","540480","주식회사 기린","   1,198,300"
"9132","550429","주식회사 메타정보통신","   1,198,300"
"9134","350042","(주)휴먼앤드","   1,198,100"
"9134","630200","노빅 주식회사","   1,198,100"
"9136","610075","(주)차임이엔지","   1,197,800"
"9137","312243","경기전설 주식회사","   1,197,100"
"9138","310050","청운정보통신(주)","   1,196,600"
"9138","203564","주식회사 태연정보","   1,196,600"
"9140","320424","주식회사 마이즈(Mize Inc.)","   1,196,500"
"9141","203138","주식회사 한텍컨버전스(Hantec Convergence Co.,Ltd.)","   1,196,200"
"9142","630286","주식회사 태원건설","   1,196,000"
"9143","203930","주식회사 우영전력","   1,195,700"
"9144","120109","중앙전기통신(합)","   1,195,400"
"9145","112142","중앙텔콤(주)","   1,194,800"
"9146","113310","주식회사 에스피링크","   1,194,600"
"9146","430014","주식회사 리우","   1,194,600"
"9148","350062","(주)이명전기","   1,193,200"
"9148","320471","주식회사 제이엠테크닉스","   1,193,200"
"9148","130086","(주)세기사","   1,193,200"
"9151","201447","(주)비앤씨솔루션","   1,193,000"
"9152","410418","주식회사 대진방재","   1,192,600"
"9153","113216","주식회사 씨제이전력","   1,192,100"
"9154","204236","주식회사 지오이스트","   1,191,800"
"9155","330152","주식회사 가나전기공사","   1,190,500"
"9156","203862","주식회사 윈비트","   1,190,300"
"9157","630259","주식회사 대일썬파워","   1,190,000"
"9158","112218","(주)제일전력","   1,189,900"
"9159","110415","주식회사 에릭슨코리아파트너스 (Ericsson Korea Partners Co., Ltd.)","   1,189,200"
"9160","311213","(주)씨엠네트웍스","   1,189,100"
"9161","610175","주식회사 광주기술정보원","   1,188,900"
"9162","330201","주식회사 대산전력","   1,188,600"
"9163","112987","영우정보통신","   1,188,000"
"9164","550072","(주)진영","   1,187,700"
"9164","610113","(유)대광정보통신","   1,187,700"
"9166","550002","한솔테크(주)","   1,186,700"
"9166","202211","바스코리아(주)","   1,186,700"
"9168","520202","에스라인정보통신","   1,186,300"
"9169","110659","(주)해우정보시스템","   1,185,800"
"9170","430026","이상통신","   1,185,500"
"9171","120472","삼광무선설비","   1,185,400"
"9172","203982","홍문종합건설 주식회사","   1,184,800"
"9172","330023","(주)정진","   1,184,800"
"9174","200324","주식회사 위더스시스템(Withus system. Co.,Ltd.)","   1,184,700"
"9175","320556","주식회사 튜닝맥가이버정보통신","   1,184,500"
"9176","640076","금호정보통신","   1,184,000"
"9177","202872","주식회사 해나정보통신","   1,183,900"
"9178","610452","주식회사 신화이앤씨","   1,183,800"
"9179","410320","한길정보통신","   1,183,500"
"9180","140436","(주)삼보실업","   1,182,800"
"9181","200786","(주)솔버스","   1,182,700"
"9182","530454","주식회사 파텍","   1,182,500"
"9183","530013","우리넷정보기술","   1,182,400"
"9184","320510","현대홈테크","   1,182,300"
"9185","120522","주식회사 에스엠이앤시","   1,180,900"
"9186","550481","이츠정보통신","   1,180,600"
"9187","150049","대원통신(주)","   1,180,300"
"9188","350234","주식회사 삼현","   1,179,500"
"9189","430331","주식회사 희성","   1,179,300"
"9190","630062","아이오티씨큐 유한회사","   1,177,700"
"9191","530348","파로스 주식회사","   1,177,500"
"9192","312661","주식회사 제타럭스시스템","   1,177,200"
"9193","620422","사단법인 벗나래복지회","   1,176,900"
"9194","180075","대국전기통신공사","   1,176,200"
"9195","150405","(주)오리엔탈에이브이","   1,175,800"
"9196","350388","주식회사 진산종합기술","   1,175,700"
"9197","203643","주식회사 성문엔지니어링","   1,175,600"
"9198","112332","주식회사 대원아이씨티","   1,175,500"
"9199","201689","(주)인포텔앤텍","   1,175,000"
"9200","520158","주식회사 대운통신","   1,174,900"
"9201","620299","주식회사 에스씨앤아이","   1,174,400"
"9202","610214","신화통신 주식회사","   1,174,200"
"9203","630296","주식회사 서정정보기술","   1,174,100"
"9204","130335","대창전력(주)","   1,173,300"
"9205","630045","주식회사 테마이엔씨","   1,173,000"
"9206","510290","(주)제이케이알에스티","   1,172,900"
"9207","330265","명화아이티 주식회사","   1,172,800"
"9208","310839","엔씨정보통신(주)","   1,172,200"
"9209","610281","주식회사 신세기통신","   1,172,100"
"9210","440065","주식회사 에스제이시 (SJC Co., Ltd.)","   1,171,600"
"9211","610271","사이텍 주식회사","   1,171,400"
"9212","410396","씨엠정보통신","   1,171,100"
"9213","410012","(주)천우","   1,170,900"
"9214","203325","주식회사 강남전기공사","   1,170,500"
"9215","330010","현대아산(주)","   1,170,000"
"9216","203526","경안이엔지 주식회사","   1,169,600"
"9216","320368","태일전기 주식회사","   1,169,600"
"9218","311614","주식회사 뉴우진","   1,169,500"
"9219","120078","(주)두레통신기술","   1,169,300"
"9220","640115","주식회사 인터시스템","   1,169,100"
"9221","112648","에스엠컴","   1,168,800"
"9222","140116","주식회사 주아","   1,168,600"
"9223","350480","주식회사 한국씨씨앤","   1,168,200"
"9224","120480","보금기업 주식회사","   1,168,100"
"9224","320144","(주)신화전기","   1,168,100"
"9226","410222","주식회사 현승","   1,167,800"
"9227","550337","해성전자","   1,167,300"
"9228","202183","주식회사 엔키텍(NKEETECH Co., Ltd.)","   1,166,800"
"9229","420331","엘큐정보통신 주식회사","   1,166,600"
"9229","330266","주식회사 하이테크","   1,166,600"
"9231","610462","주식회사 뉴보성","   1,166,200"
"9232","510710","소리나무","   1,165,200"
"9233","510808","주식회사 동남기술단","   1,164,900"
"9234","350275","주식회사 아이티엠에스","   1,163,400"
"9235","312432","주식회사 디에스시스템","   1,163,000"
"9236","312478","주식회사 이지네트웍스","   1,162,000"
"9237","200780","주식회사 도원이엔씨","   1,161,900"
"9238","120197","주식회사 대명기전","   1,161,800"
"9239","350504","주식회사 더미래","   1,161,600"
"9240","203165","주식회사 비케이정보시스템","   1,160,900"
"9240","630056","티앤제이건설(주)","   1,160,900"
"9240","201921","영진정보통신","   1,160,900"
"9243","170046","(주)일광통신","   1,160,600"
"9244","120802","대지전설(주)","   1,160,400"
"9244","510499","씨나비정보기술(주)","   1,160,400"
"9246","530257","제이비솔루션 주식회사","   1,158,800"
"9247","610007","(유)월드정보소프트밸리","   1,158,700"
"9248","610248","금산전력(주)","   1,158,100"
"9249","140433","화성정보통신(주)","   1,158,000"
"9250","630280","드림방송시스템","   1,157,000"
"9251","311849","주식회사 대건전설","   1,156,500"
"9252","550365","주식회사 대성이엔지(ENG)","   1,156,400"
"9252","610072","(주)현대계전","   1,156,400"
"9254","120512","진영텔레콤","   1,156,200"
"9254","311937","주식회사 제이더블유","   1,156,200"
"9256","320428","주식회사 더블유제이워터솔루션","   1,156,000"
"9257","311683","주식회사 제이에스 이엔지","   1,155,300"
"9258","330318","주식회사 제이엠정보통신","   1,155,100"
"9258","320430","대영정보기술 주식회사","   1,155,100"
"9260","350400","주식회사 씨에스텍경기","   1,155,000"
"9261","350306","(주)애니테크","   1,154,800"
"9262","610230","(주)정우엔지니어링","   1,153,500"
"9263","111731","(주)제이에스넷","   1,153,200"
"9264","203690","주식회사 지앤티솔루션","   1,153,100"
"9265","550164","(주)대한전력","   1,152,600"
"9266","530034","유토피아정보기술(주)","   1,152,300"
"9267","312110","주식회사 미르텍","   1,152,200"
"9268","430260","(주)넥스트윈","   1,151,900"
"9269","130298","일산종합건설(주)","   1,151,400"
"9270","640030","대교정보통신","   1,151,200"
"9271","610389","주식회사 한들","   1,151,100"
"9272","640058","(주)제현티씨에스","   1,150,400"
"9272","310992","아이펙스 주식회사 (IPECS Co., Ltd.)","   1,150,400"
"9274","510774","주식회사 효성기술단","   1,150,300"
"9275","330253","주식회사 트루텍","   1,149,500"
"9276","610373","제이에스","   1,149,400"
"9277","640062","(주)대경엔지니어링","   1,149,300"
"9278","430325","주식회사 대광전력","   1,148,800"
"9279","630169","주식회사 영일전설","   1,148,400"
"9280","310695","빛탑건설 주식회사","   1,147,500"
"9281","201433","(주)삼우리정보통신","   1,147,300"
"9282","200584","(주)본네트시큐","   1,147,200"
"9283","350617","주식회사 가람정보기술","   1,147,000"
"9284","113183","조영일렉컴(주)","   1,146,600"
"9285","203415","송암산업 주식회사","   1,146,200"
"9286","203095","유한회사 대원엔지니어링","   1,145,700"
"9287","330315","주식회사 가나전력","   1,145,200"
"9288","610234","유한회사 유연정보시스템","   1,145,000"
"9289","201952","(주)와치텍","   1,143,800"
"9290","510702","주식회사 이정이앤씨","   1,143,400"
"9291","203980","주식회사 모르제","   1,142,100"
"9291","311635","코디오 주식회사 ","   1,142,100"
"9293","203018","주식회사 세연테크","   1,142,000"
"9294","420481","주식회사 디에이치앤테크","   1,141,900"
"9294","320183","백상건설(주)(BAEKSANG CONSTRUCTION ","   1,141,900"
"9296","630309","주식회사 제이에스테크","   1,141,800"
"9297","540470","조은정보통신","   1,141,400"
"9298","180081","(주)에이에스정보통신","   1,141,200"
"9299","202737","다남전기(주)","   1,140,500"
"9300","350415","주식회사 충일전자","   1,140,400"
"9300","420511","대전에이티에스 주식회사","   1,140,400"
"9302","640086","(주)컴온웍스","   1,140,100"
"9303","550026","원시스템","   1,139,100"
"9304","112099","(주)청호전기","   1,138,900"
"9305","311088","(주)디엘테크","   1,138,600"
"9306","350195","(주)센서라인","   1,138,500"
"9306","420452","한성엔지니어링","   1,138,500"
"9308","120756","오션통신산업","   1,137,500"
"9309","410128","에스아이시(SIC)정보통신인켈피에이(PA)","   1,137,300"
"9310","330336","(주)이엔에이치시스템","   1,136,900"
"9311","430170","지(G)통신","   1,136,800"
"9312","630414","(주)디엔아이코퍼레이션","   1,136,500"
"9313","420174","(주)세광정보","   1,136,400"
"9314","310584","(주)고려시스템즈","   1,135,700"
"9315","150332","중앙전자통신","   1,135,600"
"9316","201455","(주)아이씨스템","   1,135,100"
"9317","140413","주식회사 우명","   1,134,600"
"9318","330073","포스정보(주)","   1,134,000"
"9319","312286","주식회사 보광아이엔씨","   1,133,800"
"9320","130427","(주)아이지엠","   1,133,700"
"9321","350469","주식회사 성운테크","   1,133,600"
"9321","550534","주식회사 케이씨피시스","   1,133,600"
"9323","312211","주식회사 대성티엠씨","   1,133,500"
"9324","310011","(주)포앤티","   1,132,900"
"9325","320477","주식회사 알비테크아이씨티","   1,132,500"
"9326","630164","(유)누리이엔지","   1,132,400"
"9327","640151","주식회사 인터비젼","   1,132,300"
"9328","200689","주식회사 대유기전공사","   1,131,800"
"9329","200208","주식회사 다해","   1,131,600"
"9330","520026","(주)에스아이인포콤","   1,131,200"
"9331","550206","(주)세원이앤티","   1,131,100"
"9332","312586","지노아이티스 주식회사","   1,130,700"
"9333","620386","명서산업 주식회사","   1,130,600"
"9334","203375","나비사회적협동조합","   1,130,300"
"9335","350436","(주)두일이엔씨","   1,129,800"
"9336","310871","(주)포에스에스","   1,129,500"
"9337","312212","주식회사 한신이엔씨","   1,129,400"
"9338","312600","주식회사 이에스테크","   1,129,200"
"9338","350175","아이팁스(주)","   1,129,200"
"9338","201078","금아이엔지 주식회사","   1,129,200"
"9341","150258","주식회사 한미전기","   1,129,000"
"9342","150442","(주)동우통신보안","   1,128,800"
"9342","410346","주식회사 한국정보","   1,128,800"
"9344","550101","주식회사 도원이에프씨","   1,128,700"
"9345","312100","명지전기 주식회사","   1,128,100"
"9346","640152","주식회사 지디케이(GDK Co.,Ltd.)","   1,128,000"
"9347","510228","에이블컴(주)","   1,127,600"
"9348","311873","LG대양정보통신","   1,127,400"
"9349","330241","주식회사 봉화조명정보기술","   1,127,200"
"9350","202668","(주)에스디에스테크놀로지","   1,127,000"
"9351","150356","동양이앤씨","   1,126,000"
"9351","320308","주식회사 아이탑이엔지","   1,126,000"
"9353","180026","주식회사 한영이엔씨","   1,125,500"
"9354","410385","주식회사 백산이엔지","   1,125,200"
"9355","530391","주식회사 백년전설","   1,125,000"
"9356","201954","주식회사 범양전력","   1,124,800"
"9357","540295","(주)대도산업","   1,124,400"
"9358","202088","(주)포인엑스","   1,123,900"
"9359","312109","주식회사 에피넷","   1,123,400"
"9360","430295","(주)대산정보통신","   1,123,200"
"9361","610183","주식회사 더원씨앤에이","   1,122,700"
"9362","530456","이지텍","   1,122,600"
"9362","312417","주식회사 아이콤정보통신","   1,122,600"
"9364","320347","주식회사 가람이앤씨","   1,122,100"
"9365","180033","(주)성원정보통신","   1,121,900"
"9366","203993","주식회사 힐탑아이씨티","   1,121,400"
"9367","410103","나래이엔지(주)","   1,120,800"
"9368","430199","스카이라이프(주)","   1,120,300"
"9369","201431","오씨에스정보(주)","   1,119,600"
"9369","312214","주식회사 영우건설","   1,119,600"
"9371","170025","주식회사 춘천종합통신","   1,119,400"
"9372","201645","(주)세원이엔피디","   1,119,300"
"9373","630391","유한회사 신성시엔시","   1,119,100"
"9374","530412","진흥전기 주식회사","   1,118,500"
"9375","330195","주식회사 형보정보통신","   1,118,000"
"9376","311732","창성비케이 주식회사","   1,117,500"
"9377","312679","민준이엔씨","   1,117,300"
"9378","320365","(주)남부 이.엔.지","   1,116,900"
"9379","110442","태진정보통신(주)","   1,116,400"
"9380","630314","유한회사 유성티앤케이","   1,116,200"
"9380","312644","주식회사 딥사이닝","   1,116,200"
"9380","630254","주식회사 백산기업","   1,116,200"
"9383","610259","주식회사 가야전기","   1,115,800"
"9384","310118","주식회사 엠아이씨인포컴","   1,115,600"
"9385","312669","제이앤에이치정보통신 주식회사","   1,115,300"
"9385","350250","삼보네트워크","   1,115,300"
"9387","201160","원앤원산업개발(주)","   1,113,900"
"9388","540346","주식회사 일신정보통신","   1,113,700"
"9388","111869","삼지데이타","   1,113,700"
"9388","510652","주식회사 부경네트워크","   1,113,700"
"9391","410339","내포CCTV","   1,113,500"
"9392","640034","태성전설(주)","   1,112,800"
"9393","203485","주식회사 아이티오티넷","   1,112,600"
"9394","111597","성보전자통신","   1,112,500"
"9395","320486","예감정보기술","   1,112,400"
"9396","330339","(주)신우이엔지","   1,111,600"
"9397","150444","대민통신(주)","   1,111,300"
"9398","310078","(주)태영종합건설","   1,110,800"
"9399","410352","주식회사 하나전기통신","   1,110,400"
"9400","620388","주식회사 이룸시스템","   1,109,800"
"9400","410084","주식회사 세이소프트","   1,109,800"
"9402","530159","(주)삼부시스템","   1,109,500"
"9403","540379","드림넷","   1,109,000"
"9404","550467","주식회사 화승전력","   1,108,500"
"9405","330262","에스지에이강원 주식회사","   1,108,300"
"9406","111260","(주)승원에이씨오","   1,108,100"
"9407","620256","주식회사 모아종합건설","   1,108,000"
"9408","320344","(주)비손테크","   1,107,700"
"9409","350058","가보(주)","   1,107,100"
"9410","330188","주식회사 동인전력","   1,107,000"
"9411","550399","주식회사 렉터슨","   1,106,700"
"9412","311841","주식회사 한울전설","   1,106,600"
"9413","202176","바른인포테크(주)","   1,105,600"
"9414","120653","주식회사 아이티솔루션","   1,104,700"
"9415","150299","신라전기통신","   1,104,300"
"9416","120252","(주)해인정보통신","   1,104,200"
"9417","540077","대진지피아이 주식회사","   1,102,700"
"9418","540161","주식회사 신우전설","   1,102,500"
"9419","510605","주식회사 두텍아이티","   1,102,200"
"9420","203920","주식회사 재연이엔씨","   1,102,100"
"9420","640072","세인전기 주식회사","   1,102,100"
"9422","640198","주식회사 한성이엔지","   1,102,000"
"9423","550296","유광전력","   1,101,700"
"9424","620028","광주경보시스템","   1,101,400"
"9425","320222","뉴텍정보통신 주식회사","   1,101,300"
"9426","201610","주식회사 대상파워텍","   1,101,200"
"9427","410317","(주)엠아이티소프트","   1,101,000"
"9428","550531","주식회사 초원씨엔에스","   1,100,900"
"9429","410074","신세기통신(주)","   1,100,100"
"9430","630402","주식회사 링크롤 (Linkrol Co.,Ltd.)","   1,099,900"
"9431","530341","중앙정보시스템(중앙I.S.)","   1,099,800"
"9432","320537","주식회사 틸리언씨앤씨","   1,099,600"
"9433","420268","주식회사 아이디","   1,099,300"
"9434","510593","대한정보기술","   1,099,200"
"9435","312069","(주)인화전기공사","   1,099,000"
"9436","312593","사단법인 희망장애인협회","   1,098,400"
"9437","620338","주식회사 아이원정보","   1,097,900"
"9438","203324","주식회사 한맥시스템","   1,097,800"
"9439","160189","(주)다우","   1,097,400"
"9440","113061","(주)이너스텍","   1,096,800"
"9441","311200","주식회사 영남전기공사","   1,096,500"
"9442","140285","한라산업개발(주)","   1,096,100"
"9442","510080","(주)동원개발","   1,096,100"
"9444","203527","주식회사 스펙엔지니어링와이엔피","   1,095,900"
"9444","540490","주식회사 모도리정보기술","   1,095,900"
"9446","150001","(주)장원정보통신","   1,095,600"
"9447","203931","주식회사 데우스 (DEUS Inc.)","   1,095,400"
"9448","550424","아이티마크","   1,094,600"
"9449","330214","에스씨동해 주식회사","   1,094,500"
"9450","320294","주식회사 지엠티일렉트릭","   1,093,600"
"9451","610388","주식회사 한길이앤씨","   1,093,000"
"9452","320488","주식회사 용성아이씨티","   1,092,900"
"9452","120260","삼원전기건설(주)","   1,092,900"
"9454","201539","(주)신창전기","   1,092,800"
"9455","150134","세양통신","   1,088,700"
"9456","630315","유한회사 엘파워닉스","   1,088,200"
"9457","113107","주식회사 명성전력","   1,087,600"
"9458","610105","(주)흥진","   1,087,500"
"9459","620429","주식회사 유림정보통신","   1,087,300"
"9460","311851","(주)제이티코어","   1,087,000"
"9460","550082","주식회사 대원시스템즈","   1,087,000"
"9462","113160","대림전력(주)","   1,086,900"
"9463","320269","주식회사 유에스","   1,086,800"
"9464","200147","주식회사 왕산전기","   1,085,800"
"9465","430329","(주)두원전기소방","   1,085,500"
"9466","630197","주식회사 하나테크","   1,085,400"
"9466","311374","주식회사 케이앤에프 (K & F Co., Ltd.)","   1,085,400"
"9468","320412","동문정보통신 주식회사","   1,085,000"
"9469","320166","(주)삼영컴퍼니","   1,084,500"
"9469","311057","(주)인테라에이브이씨","   1,084,500"
"9471","540399","주식회사 구주전력","   1,084,400"
"9472","630205","주식회사 서진","   1,084,300"
"9473","610325","주식회사 서밋통신","   1,084,200"
"9474","112908","티엔에스정보통신","   1,084,100"
"9474","330245","주식회사 국제전업사","   1,084,100"
"9476","130229","보성전기통신(주)","   1,082,900"
"9477","320503","한샘오토메이션","   1,082,700"
"9478","510393","세명전력(주)","   1,081,000"
"9479","311472","DIOSYS 이천대리점","   1,080,800"
"9480","110353","보성통신","   1,080,600"
"9481","540354","해동이엔씨","   1,079,800"
"9482","311259","신화엔지니어링(주)","   1,079,100"
"9483","540310","(주)에이케이정보통신","   1,078,900"
"9484","620042","영재전기(주)","   1,078,400"
"9485","540539","(주)에스엔케이","   1,078,200"
"9486","610426","주식회사 차이","   1,077,900"
"9487","112526","광인정보통신(주)","   1,077,100"
"9488","530397","주식회사 에쓰지(SG co.)","   1,076,900"
"9489","550518","주식회사 이룸통신","   1,076,800"
"9489","203481","주식회사 지투아이넷","   1,076,800"
"9491","540448","주식회사 세영정보","   1,076,700"
"9492","630357","동우엔지니어링","   1,076,300"
"9493","204157","어벤투스모빌리티 주식회사(Aventus Mobility Co.,Ltd.)","   1,076,100"
"9494","610244","(주)은성시스템","   1,075,900"
"9495","620002","(주)서포전기통신","   1,075,800"
"9496","180030","주식회사  중앙정보통신","   1,075,400"
"9497","630266","주식회사 케이엠에스","   1,075,200"
"9497","610352","주식회사 가온","   1,075,200"
"9499","350170","주식회사 윤성이엔씨","   1,074,700"
"9500","520126","주식회사 리드아이씨티","   1,074,600"
"9501","150226","주식회사 건영전기통신","   1,074,500"
"9502","430097","화랑정보통신","   1,074,100"
"9503","540443","세원정보통신","   1,074,000"
"9504","550161","(주)석광아이티에스","   1,073,900"
"9504","120406","주식회사 성원이엔씨","   1,073,900"
"9506","550528","주식회사 나이스아이엠에스","   1,073,500"
"9507","201785","(주)김스애드","   1,073,200"
"9508","630222","주식회사 에스와이이엔씨","   1,072,900"
"9509","410306","주식회사 컨텍","   1,072,300"
"9510","200742","주식회사 우일전력","   1,072,200"
"9511","310887","(주)아이비테크","   1,071,900"
"9511","202888","주식회사 케이이씨디바이스","   1,071,900"
"9513","310764","(주)수인정보통신","   1,071,800"
"9514","113211","錦光電設 株式會社","   1,071,400"
"9515","111787","(주)광명텔레콤","   1,071,300"
"9516","201630","주식회사 하성씨앤씨","   1,071,100"
"9517","510336","해성통신 주식회사","   1,071,000"
"9518","202376","한솔코에버 주식회사","   1,070,400"
"9518","330012","(주)이레","   1,070,400"
"9520","202787","주식회사 대원전력","   1,070,200"
"9521","550414","인넷 아이텍","   1,069,700"
"9521","540521","한시스템 주식회사","   1,069,700"
"9521","204169","대성이앤티 주식회사","   1,069,700"
"9524","410342","(주)에이아이리더","   1,069,400"
"9525","610432","주식회사 하늘이엔씨","   1,069,000"
"9526","640123","주식회사 국보전력","   1,068,700"
"9527","520167","한일전력 주식회사","   1,067,900"
"9527","410080","자연콤(주)","   1,067,900"
"9529","320069","주식회사 단아통신","   1,067,000"
"9529","202214","두승전력(주)","   1,067,000"
"9531","140301","우주통신공사","   1,066,400"
"9531","540340","한빛제어","   1,066,400"
"9533","203869","주식회사 포킨 (FOKIN)","   1,066,200"
"9534","120001","다온이엔씨 주식회사","   1,066,000"
"9535","610126","(주)청해이엔씨","   1,065,700"
"9536","312549","주식회사 슈어텍","   1,065,300"
"9537","640190","주식회사 두일","   1,065,200"
"9538","410004","(주)서광","   1,065,100"
"9539","111133","안세정보통신(주)","   1,064,500"
"9540","630152","유한회사 실라","   1,064,200"
"9541","540223","(주)삼보정보통신","   1,063,900"
"9542","630228","인버터기술 주식회사","   1,063,700"
"9543","520043","가람정보통신","   1,063,600"
"9543","540445","주식회사 준네트웍스","   1,063,600"
"9545","150127","세원정보통신","   1,063,100"
"9546","203480","주식회사 시그널아이씨티(SIGNAL ICT Co., Ltd.)","   1,062,600"
"9547","430301","주식회사 세움","   1,062,300"
"9548","630097","(주)대유통신","   1,061,800"
"9549","610399","주식회사 상정이엔지","   1,061,300"
"9550","640013","태흥네트웍스","   1,061,000"
"9551","410268","(주)케이피에스","   1,060,400"
"9552","312401","주식회사 이스타엔텍","   1,060,000"
"9553","510239","(주)알에프영상시스템","   1,059,900"
"9554","520061","한일전설(주)","   1,058,500"
"9555","620282","주식회사 투케이시스템","   1,057,700"
"9556","550463","주식회사 오투드림","   1,057,600"
"9557","312338","주식회사 블루밴드","   1,057,400"
"9558","350027","(주)영일이앤씨","   1,056,700"
"9559","510385","주식회사 단비전력","   1,056,500"
"9560","200678","주식회사 바른물산","   1,056,100"
"9560","203743","주식회사 삼우전력","   1,056,100"
"9560","120198","(주)광명일렉","   1,056,100"
"9563","203489","드라발 주식회사","   1,055,700"
"9563","110370","청원정보통신(주)","   1,055,700"
"9565","630379","유한회사 에이치디기술","   1,055,500"
"9566","510265","한국인프라관리(주)","   1,055,100"
"9566","111775","주식회사 삼익전설","   1,055,100"
"9566","120811","(주)에스지","   1,055,100"
"9566","550288","주식회사 한마음통신","   1,055,100"
"9570","150400","제이와이케이 주식회사","   1,054,900"
"9571","630318","주식회사 우석엔지니어링","   1,054,800"
"9572","540172","주식회사 영진통신","   1,054,500"
"9573","540508","주식회사 미래이앤씨","   1,054,200"
"9574","330171","(주)성광전력","   1,054,100"
"9575","312353","재성종합건설 주식회사","   1,054,000"
"9576","610131","새천년종합건설(주)","   1,053,900"
"9577","330346","주식회사 현성시스템","   1,053,600"
"9578","150441","(주)성보전기통신","   1,053,300"
"9579","203574","주식회사 드림온네트워크","   1,053,100"
"9580","330341","성화정보기술","   1,052,700"
"9581","330326","주식회사 엠에스파워","   1,052,200"
"9581","330206","주식회사 유남전력","   1,052,200"
"9583","510389","(주)아이티정보기술","   1,050,900"
"9583","610450","주식회사 아이티통신","   1,050,900"
"9585","610229","조도전자","   1,050,800"
"9586","610445","주식회사 영은정보","   1,050,500"
"9587","130255","삼보통신공사","   1,050,000"
"9588","540324","주식회사 동산시스템","   1,049,800"
"9589","430029","(주)제이","   1,049,700"
"9590","311886","에이직","   1,049,000"
"9591","204217","윤네트웍스 주식회사","   1,048,900"
"9592","312270","주식회사 세종전기","   1,048,800"
"9593","110918","(주)뉴비젼이엔지","   1,047,300"
"9593","320445","주식회사 원패스통신","   1,047,300"
"9593","550349","산청정보통신 주식회사","   1,047,300"
"9596","312280","주식회사 글로위드이앤씨","   1,047,000"
"9597","150254","나래전자통신","   1,046,700"
"9598","620115","주식회사 장원전력","   1,046,600"
"9599","510316","(주)지엔데이타콤","   1,046,000"
"9599","110095","주식회사 우주전력","   1,046,000"
"9601","640112","주식회사 해성전력","   1,045,500"
"9602","620109","청담미디어 주식회사","   1,045,400"
"9603","311497","에이스원네트웍스(주)","   1,045,100"
"9604","150375","(주)스마일전기통신","   1,044,700"
"9605","430221","(주)두림전설","   1,044,300"
"9606","530103","(주)인포텔","   1,044,000"
"9607","312244","세운이엔씨","   1,043,700"
"9608","640177","제이아이엔시스템 주식회사","   1,043,600"
"9609","110575","(주)제이티테크","   1,043,500"
"9610","620266","주식회사 디에이치정보","   1,043,100"
"9611","203938","주식회사 리움정보통신","   1,042,600"
"9612","170033","주식회사 프라임이앤씨","   1,042,200"
"9613","111649","(주)화인네트웍스","   1,041,900"
"9614","112756","대경정보통신(주)","   1,041,600"
"9615","630177","유한회사 우보인","   1,041,300"
"9615","320522","주식회사 동진전력","   1,041,300"
"9617","510770","주식회사 온비치","   1,041,200"
"9618","204156","주식회사 제이씨비전텍","   1,041,000"
"9619","550301","해양전자","   1,040,400"
"9619","430256","주식회사 티에스이엔지","   1,040,400"
"9621","420135","(주)이엑스쏠라","   1,040,200"
"9622","430174","우신전설(주)","   1,040,100"
"9623","203700","주식회사 다옴브릿지","   1,039,600"
"9624","330098","주식회사 동아사무기와알파문구","   1,039,000"
"9625","150435","(주)경도","   1,038,500"
"9625","630250","주식회사 나전테크","   1,038,500"
"9627","430030","(주)성진","   1,037,300"
"9628","420484","주식회사 대박종합시스템","   1,037,100"
"9628","140181","주식회사 진우","   1,037,100"
"9630","530361","주식회사 대일이에프씨","   1,036,800"
"9631","312031","주식회사 제이티통신","   1,036,600"
"9631","510004","(주)삼정전자통신","   1,036,600"
"9633","610277","가람정보통신 주식회사","   1,036,500"
"9634","630207","주식회사 유성씨앤씨","   1,036,000"
"9635","110847","(주)우리기술","   1,035,700"
"9636","350201","(주)지앤드티","   1,034,500"
"9637","510062","진명전력(주)","   1,034,200"
"9638","202904","주식회사 대광사업단","   1,034,100"
"9638","201070","현대씨앤알(주)","   1,034,100"
"9638","200099","주식회사 신도전설","   1,034,100"
"9641","204089","위즈네트워크 주식회사(wisNetwork.CO., Ltd.)","   1,033,900"
"9642","310869","주식회사 이앤엘엔지니어링","   1,033,300"
"9643","112602","케이에스엔시(주)(KSNC Co. ,Ltd.)","   1,033,200"
"9644","202802","주식회사 제이엘넷","   1,033,000"
"9644","111238","세원시스텍(주)","   1,033,000"
"9646","120399","현금전자산업","   1,032,400"
"9647","130419","대륭정보통신(주)","   1,031,200"
"9648","201406","(주)도원시스템즈","   1,031,000"
"9649","111280","한국기술서비스(주)","   1,030,500"
"9650","550256","우리전력(주)","   1,029,900"
"9650","170084","(주)명승기업","   1,029,900"
"9652","330130","(주)우진","   1,029,700"
"9653","311506","(주)인문이엔씨","   1,029,600"
"9654","520178","CS미디어","   1,029,500"
"9654","310979","(주)태원전력","   1,029,500"
"9656","170140","주식회사 덕산전기","   1,029,000"
"9657","201236","(주)윤익계전","   1,028,900"
"9657","200539","주식회사 청림씨엔에스","   1,028,900"
"9659","610351","주식회사 잎새","   1,028,500"
"9660","330231","가람이엔지 주식회사","   1,028,100"
"9661","310418","세광건설(주)","   1,027,500"
"9662","110674","(주)한양케이앤이","   1,027,400"
"9663","310136","단일전력(주)","   1,027,300"
"9664","312558","주식회사 아이씨티원 (ICT-ONE Corp.)","   1,025,800"
"9665","420508","유한회사 수현전력","   1,025,700"
"9666","180061","마하 주식회사","   1,025,500"
"9667","620116","(주)실라전자","   1,024,900"
"9668","312074","주식회사 휴먼아이티","   1,024,500"
"9669","110485","남광통신","   1,024,400"
"9670","203731","주식회사 중앙데이타통신기술","   1,024,300"
"9671","200873","주식회사 지선통신","   1,024,000"
"9672","520181","주식회사 태영전기","   1,023,400"
"9673","320540","주식회사 성원시스템즈","   1,022,900"
"9674","330018","대성텔레콤(주)","   1,022,700"
"9675","350543","주식회사 임팩트럼","   1,022,600"
"9676","350308","한별오에이(OA)","   1,022,400"
"9676","112398","(주)아이피엑스","   1,022,400"
"9678","312106","주식회사 엠에스테크","   1,022,000"
"9679","110075","주식회사 큰빛전력","   1,021,200"
"9680","540457","이현정보통신","   1,021,000"
"9681","550454","정우개발 주식회사","   1,020,800"
"9681","130228","주식회사 동남전기통신","   1,020,800"
"9683","312321","주식회사 이레아","   1,019,800"
"9684","610401","성원","   1,019,700"
"9685","130154","(주)테라","   1,018,900"
"9686","510662","주식회사 티엔에스파크","   1,018,600"
"9687","111152","지멘스(주)","   1,018,200"
"9688","113116","주식회사 지아이이앤씨","   1,017,500"
"9689","620302","주식회사 태송전력","   1,016,900"
"9690","420388","주식회사 레딕스","   1,016,500"
"9691","350476","주식회사 예감","   1,016,100"
"9691","530022","구룡전기 주식회사","   1,016,100"
"9693","202205","주식회사 대성아이씨티","   1,015,900"
"9694","120398","(주)덕양이엔티","   1,015,800"
"9695","550411","주식회사 비담","   1,015,700"
"9696","320401","주식회사 부영에너텍","   1,015,400"
"9697","120299","주식회사 디에이치","   1,015,100"
"9698","202694","(주)래오시스","   1,014,700"
"9699","510406","(주)네오네트웍스","   1,014,500"
"9700","204103","주식회사 디파인미디어","   1,014,200"
"9701","540326","휘안시스템(주)","   1,014,000"
"9701","430013","(주)원성","   1,014,000"
"9703","160208","(유)신명전기설비공사","   1,013,800"
"9703","510295","제이몬 주식회사","   1,013,800"
"9705","113435","이스타건설 주식회사","   1,013,400"
"9706","200956","주식회사 나진","   1,013,300"
"9707","112040","주식회사 에스티에스정보기술","   1,013,000"
"9708","410238","주식회사 대호이앤씨","   1,012,900"
"9709","610300","주식회사 원탑이앤티","   1,012,800"
"9710","430243","주식회사 서정","   1,012,600"
"9711","430108","주식회사 엠앤에스","   1,012,000"
"9712","410031","(주)블루네트웍스","   1,011,900"
"9713","410136","(주)조은아이티","   1,011,800"
"9714","540146","(주)신성이엔아이","   1,011,700"
"9715","410096","(주)한국전기","   1,011,300"
"9716","350523","주식회사 세타","   1,011,100"
"9717","410067","주식회사 수덕","   1,011,000"
"9718","510503","(주)키스톤에너지","   1,010,300"
"9719","530428","주식회사 주성통신","   1,010,200"
"9720","150274","(주)가람","   1,009,600"
"9721","410042","주식회사 태성정보통신기술","   1,009,400"
"9722","550400","에이치피(HP)테크","   1,009,300"
"9723","112725","이수정보통신","   1,009,200"
"9724","330046","주식회사 다원이엔지","   1,009,100"
"9724","312675","주식회사 와사비","   1,009,100"
"9726","140256","동일건설(주)","   1,009,000"
"9727","311463","주식회사 유원 (U WON, Co,. Ltd．)","   1,008,600"
"9728","530313","주식회사 경신파킹","   1,008,500"
"9729","520029","영진 주식회사","   1,008,400"
"9730","550444","주식회사 에스에이치","   1,007,600"
"9730","202590","주식회사 아이씨티이산업","   1,007,600"
"9732","203665","주식회사 고도기술","   1,007,100"
"9732","312383","주식회사 씨엘인포텍","   1,007,100"
"9734","350274","주식회사 태왕전기","   1,007,000"
"9735","540473","형신정보통신 주식회사","   1,006,400"
"9735","312637","(주)진텍엔지니어링","   1,006,400"
"9737","620008","세림이엔씨(주)","   1,005,800"
"9738","311751","(주)부원","   1,005,600"
"9739","430187","(주)영화산업","   1,004,900"
"9739","620158","(주)한미전력","   1,004,900"
"9741","350007","코마정보통신(주)","   1,004,700"
"9741","350548","주식회사 에이스네트웍","   1,004,700"
"9743","550354","(주)세븐아이티 ","   1,004,600"
"9744","610393","전산정보시스템","   1,003,800"
"9745","510509","(주)광성계측기","   1,003,200"
"9746","350493","주식회사 휴먼네트워크","   1,003,100"
"9747","311896","주식회사 위코테크","   1,003,000"
"9748","420569","유진이엔씨 주식회사","   1,002,200"
"9749","410333","대명시스템솔루션(주)","   1,001,200"
"9750","540380","혜성이앤티","   1,001,100"
"9751","430032","주식회사 화승전력","   1,000,800"
"9752","160215","삼성정보통신","   1,000,100"
"9753","311638","주식회사 대한전기기술단","     999,900"
"9754","201146","(주)와이드큐브","     999,700"
"9755","420144","주식회사 혜성정보통신","     999,400"
"9756","203076","주식회사 미라클산업","     999,200"
"9757","140023","광주통신","     998,700"
"9757","120059","주식회사 진솔테크","     998,700"
"9759","330022","(주)서광통신","     998,000"
"9760","311256","제네시스이앤씨","     997,900"
"9761","410093","(주)제우씨앤아이","     997,800"
"9762","530371","성우아이티 주식회사","     997,700"
"9763","310962","한양이엔지(주)","     997,600"
"9764","640048","주식회사 라눅스","     997,500"
"9765","510453","(주)골드이엔지","     997,300"
"9766","111672","주식회사 지원정보통신","     997,200"
"9767","610044","성일전기 주식회사","     996,700"
"9768","200919","(주)진우엠앤씨","     996,300"
"9769","610242","(주)백두기연","     996,200"
"9770","550421","주식회사 세인에스비","     995,900"
"9771","310874","에이스콘트롤 주식회사 (Ace Control Co., Ltd.)","     995,800"
"9772","610474","주식회사 스마트오션","     995,100"
"9772","320425","주식회사 아이티팩(ITFEC. Co., Ltd)","     995,100"
"9774","120530","(주)박전사","     994,900"
"9775","311190","주식회사 성욱산업","     994,600"
"9776","540491","태양이앤씨","     994,500"
"9777","410161","주식회사 디와이 (DY Co., Ltd.)","     994,200"
"9778","201505","주식회사 삼성이엔지","     993,300"
"9779","112041","대명건설 주식회사","     993,100"
"9780","420527","주식회사 테라인포메이션","     992,400"
"9781","610211","(유)엑스포전력","     991,800"
"9782","550419","주식회사 나린정보기술","     991,700"
"9783","430222","(주)남경기전","     991,600"
"9783","420309","안성전기 주식회사","     991,600"
"9785","330250","주식회사 동광전력","     991,300"
"9786","180028","진일정보통신","     991,200"
"9787","140106","대한전기통신(주)","     990,900"
"9788","350505","주식회사 티엘엑스","     990,600"
"9789","410387","주식회사 미르정보통신","     990,400"
"9790","203768","주식회사 기어 (Gere Co.,Ltd.)","     989,400"
"9791","310110","서울전력 주식회사","     989,100"
"9792","510560","(주)동아네트웍스","     989,000"
"9792","200477","이화공영(주)","     989,000"
"9792","410253","(주)엠에프이앤아이","     989,000"
"9795","550438","태임전설 주식회사","     988,000"
"9796","420522","민테크","     987,900"
"9797","610472","주식회사 승호이엔지","     987,700"
"9797","510751","주식회사 제이에스아이씨티","     987,700"
"9799","410199","주식회사 시아","     987,100"
"9800","410399","주식회사 디바이스전기통신","     986,900"
"9801","150655","남도전기(주)","     986,600"
"9801","330044","(주)유큐브","     986,600"
"9803","630287","주식회사 정강","     986,300"
"9804","430136","씨제이보안정보통신(주)","     985,800"
"9805","620240","인셀(주)","     985,600"
"9806","310262","(주)성운아이티","     985,500"
"9807","530107","대일코리아 주식회사","     985,400"
"9808","430216","만경엔지니어링 주식회사","     985,000"
"9809","620405","유한회사 플러스정보통신","     984,900"
"9809","550257","주식회사 아이비에스티","     984,900"
"9811","540017","(주)마하정보통신","     984,800"
"9812","111960","인터컴넷(주)","     984,400"
"9812","620407","O&C system","     984,400"
"9814","202794","태흥산업기전(주)","     983,900"
"9815","320388","주식회사 삼우세이프테크","     983,400"
"9815","510454","(자)명신건설","     983,400"
"9817","312248","주식회사 이안정보통신","     982,400"
"9818","540320","주식회사 이솔정보기술","     981,900"
"9819","140322","(주)해림테크","     979,800"
"9820","202202","대흥전기통신공사","     979,500"
"9821","312704","주식회사 담비기술","     979,000"
"9822","113209","LG미래정보통신","     978,400"
"9823","350554","한빛전력주식회사","     978,300"
"9824","630393","휴먼시스템","     978,200"
"9825","430230","주식회사 진정보통신","     978,100"
"9826","430143","주식회사 영제이 (YOUNG J Co., Ltd.)","     977,900"
"9827","330357","주식회사 인포텍(INFOTECH Corp.)","     977,700"
"9827","312020","주식회사 해토주차시스템","     977,700"
"9829","202221","(주)케이엠데이타","     977,500"
"9830","200467","(주)태융정보통신","     977,300"
"9830","630016","(주)이원","     977,300"
"9832","510612","(주)타임넷","     976,600"
"9833","540477","에스이네트웍스 주식회사","     976,500"
"9834","170004","(주)삼영기업","     976,400"
"9835","113332","일진종합전설(주)","     975,500"
"9836","310916","(주)신일전기통신공사","     975,400"
"9837","111311","주식회사 태산","     974,400"
"9837","430036","(주)동성이앤씨","     974,400"
"9839","320359","(주)보주정보통신","     974,000"
"9840","312483","주식회사 아이앤원정보통신","     973,900"
"9841","112026","(주)신양","     973,800"
"9841","120261","기대전기통신(주)","     973,800"
"9843","510584","(주)두리정보통신","     973,700"
"9844","550425","주식회사 원이엔씨","     973,600"
"9845","540336","명진전력 주식회사","     973,400"
"9846","620088","(주)아름정보","     973,100"
"9847","540113","성산전력(주)","     972,600"
"9847","510699","주식회사 엠바이지","     972,600"
"9849","312278","주식회사 제이케이인(JKIN Co., Ltd.)","     971,600"
"9850","540020","대원정보통신","     971,500"
"9851","204278","주식회사 티더블유앤씨","     971,400"
"9852","200259","한경기전(주)","     970,900"
"9853","350136","뉴성진파워 주식회사","     970,800"
"9854","350005","청평전력공사","     970,200"
"9855","410383","(주)메트로정보통신","     970,100"
"9856","312025","미성전력 주식회사","     969,500"
"9857","350587","주식회사 알비이엔씨","     969,400"
"9858","630206","주식회사 에스엠테크","     969,200"
"9859","540516","주식회사 세명기업","     966,900"
"9860","540437","주식회사 케이엔아이티","     966,800"
"9861","350121","주식회사 시티종합건설","     966,000"
"9861","140394","(주)대성텔레콤","     966,000"
"9863","110329","주식회사 서영","     965,600"
"9863","610102","(주)태운전력산업","     965,600"
"9865","202930","주식회사 대연씨앤아이","     965,100"
"9865","320497","주식회사 선경기전","     965,100"
"9867","630166","보림기전","     964,600"
"9868","330310","주식회사 신아산전","     964,400"
"9868","410406","주식회사 에스솔루션","     964,400"
"9870","320459","주식회사 호성","     963,500"
"9871","630187","(주)다올통신","     963,400"
"9872","330240","주식회사 에코정보통신","     963,300"
"9873","312564","주식회사 성공시스템","     962,900"
"9874","202264","주식회사 아틀라스디엑스","     962,200"
"9875","640184","주식회사 나임네트웍스","     962,100"
"9876","130265","(주)경보전설","     960,800"
"9876","312284","주식회사 희망나누기","     960,800"
"9878","312410","주식회사 제이에스일렉트릭","     960,700"
"9879","110976","(주)테크미디어","     960,300"
"9880","203878","주식회사 에스제이이에프씨","     960,100"
"9881","320410","주식회사 보성엔지니어링","     960,000"
"9882","540049","주식회사 경산전설","     959,900"
"9883","112125","(주)우진파워텍","     959,500"
"9884","510081","(주)오토원","     959,300"
"9885","120117","원창정보건설","     958,900"
"9886","510140","주식회사 더베스트이앤씨","     958,500"
"9887","312277","거맥전설 주식회사","     958,400"
"9888","120337","(주)창진","     958,300"
"9889","550242","동우전기통신(주)","     958,200"
"9890","330078","(주)와이이씨","     958,100"
"9891","120041","강서정보","     957,700"
"9891","203854","주식회사 티에스엠이앤씨","     957,700"
"9893","130161","(주)한넷텍","     957,400"
"9894","311622","주식회사 디노","     957,000"
"9895","160108","주식회사 한광","     956,900"
"9896","203671","도원이엔아이 주식회사","     956,700"
"9897","530478","주식회사 도경홀딩스","     956,200"
"9898","540040","(주)삼화정보통신","     955,900"
"9899","610043","주식회사 지공이엔씨","     955,700"
"9900","200970","주식회사 스마트솔루션","     955,600"
"9900","540424","주식회사 엘림","     955,600"
"9900","640179","주식회사 세경이엔씨","     955,600"
"9903","330072","주식회사 성봉전설","     955,200"
"9904","180053","주식회사 삼정이앤씨","     955,100"
"9905","640158","주식회사 동양파킹시스템","     955,000"
"9906","550329","주식회사 의령정보통신","     954,900"
"9907","630394","유한회사 해은","     954,700"
"9908","410171","SIC정보통신","     954,300"
"9909","312059","제이에스파킹 주식회사","     954,100"
"9910","160177","부일건설(주)","     953,700"
"9911","510741","주식회사 유나전기","     953,600"
"9912","410413","건우정보통신","     953,300"
"9913","330255","가온정보통신 주식회사","     953,200"
"9914","530095","주식회사 성도전자","     953,100"
"9915","330332","주식회사 제이케이전기","     952,500"
"9916","312678","주식회사 유니시스템즈","     952,400"
"9917","550048","(주)대진종합전기","     952,000"
"9917","330308","주식회사 이원네트웍스","     952,000"
"9919","550273","원미디어정보통신","     951,800"
"9920","620376","주식회사 성한이엔지","     951,100"
"9921","130421","서진텔레콤(주)","     950,500"
"9922","640133","대성전기","     950,400"
"9923","630168","주식회사 에스이씨","     950,100"
"9924","311485","(주)신영정보기술","     950,000"
"9925","510749","디지마린 주식회사(DG Marine Inc.)","     949,800"
"9926","203012","주식회사 파르이앤씨(PAR E&C Co., LTD.)","     949,500"
"9927","110136","문화전기 주식회사","     949,400"
"9928","350560","주식회사 대우전기건설공사","     948,600"
"9929","610254","주식회사 화광이엔씨","     948,300"
"9929","420387","주식회사 세진","     948,300"
"9931","201745","(주)오픈잇","     947,900"
"9932","110174","주식회사 주원시스템","     947,100"
"9933","130330","(주)동형","     946,900"
"9933","620183","(주)청우개발","     946,900"
"9935","530105","다윤월드(주)","     946,400"
"9936","112894","수자원기술(주)","     946,200"
"9937","640156","주식회사 제주정보통신","     945,900"
"9937","320206","케이에프이(주)","     945,900"
"9939","420116","한양이이씨 주식회사","     945,200"
"9940","113463","주식회사 에스에이엠","     945,100"
"9940","640195","드림정보기술","     945,100"
"9942","430102","삼주전기 주식회사","     944,300"
"9943","610408","(주)호반엔지니어링","     944,100"
"9944","203048","주식회사 건영이앤씨","     943,500"
"9945","202537","한국공인피엠오(주)","     943,300"
"9945","130479","(주)스타엔지니어링","     943,300"
"9947","550430","위고(WEGO)","     943,000"
"9948","113274","주식회사 광운정보통신","     942,700"
"9949","203260","주식회사 미미엔지니어링","     942,000"
"9950","170115","동일전력(주)","     941,900"
"9951","203133","주식회사 파인솔라","     941,400"
"9951","640085","주식회사 동은전력","     941,400"
"9953","110871","명승파워넷(주)","     941,000"
"9954","350386","주식회사 현성","     940,500"
"9955","330304","주식회사 천운","     940,200"
"9956","203888","주식회사 네스터원","     940,100"
"9957","204100","주식회사 신성지앤이","     939,200"
"9958","320114","진돗개시큐리티 주식회사","     938,200"
"9959","540465","주식회사 이루라","     937,800"
"9959","430338","이지시스템","     937,800"
"9961","180008","한라전설(주)","     937,600"
"9962","330369","주식회사 시야인사이트","     937,300"
"9963","540287","HK시스템","     937,200"
"9964","550094","주식회사 동인플러스에스","     936,900"
"9964","420214","나은시스템(주)","     936,900"
"9966","330062","(주)삼원파워텍","     936,500"
"9967","311971","주식회사 비에스씨엔지니어링","     935,800"
"9967","311151","(주)보보스","     935,800"
"9969","180058","주식회사 삼조","     935,400"
"9970","550098","하나넷(주)","     934,900"
"9971","112592","(주)대금이앤아이","     934,500"
"9971","201534","두성건설(주)","     934,500"
"9973","202559","주식회사 유석전기","     934,200"
"9974","620149","에스케이씨앤에스(주)","     934,100"
"9974","203964","주식회사 극동파워테크","     934,100"
"9976","530364","주식회사 이소전력","     933,900"
"9976","430272","주식회사 제이엔지니어링","     933,900"
"9978","140486","금양통신","     933,600"
"9979","550506","주식회사 우리정보전기통신","     933,300"
"9980","312023","주식회사 서부전력","     933,200"
"9981","610412","주식회사 선우건설","     932,900"
"9982","150395","태흥정보통신","     932,200"
"9983","350606","하이퍼링크 주식회사","     931,800"
"9984","312537","주식회사 동안이엔씨","     931,600"
"9985","203015","주식회사 해인이티에프","     931,500"
"9986","310347","동광기업(주)","     930,800"
"9987","550452","메가텔 주식회사","     930,700"
"9987","112960","광원전설(주)","     930,700"
"9989","320154","(주)삼우통상","     930,400"
"9990","330225","한울이앤씨(주)","     930,300"
"9991","200857","주식회사 다보파워코리아","     930,000"
"9992","510491","케이와이전자","     929,800"
"9993","150213","주식회사 팔공","     928,300"
"9994","310497","미송전기(주)","     927,600"
"9995","410295","세창정보","     927,300"
"9996","420053","(주)광전기통신","     927,100"
"9997","540486","주식회사 엠케이피이앤씨(MKP E&C)","     926,800"
"9998","312239","주식회사 지정보통신","     926,100"
"9998","202565","(주)성림전설","     926,100"
"9998","610481","주식회사 문산이엔지","     926,100"
"10001","202519","(주)에디슨전기","     925,700"
"10001","113087","세한통신(주)","     925,700"
"10003","510444","(주)마린하이텍","     925,600"
"10004","310666","(주)피앤케이파워시스","     925,400"
"10005","310808","(주)한솔이십일","     925,200"
"10006","620097","(주)성신전력","     924,700"
"10007","140349","주식회사 경기기술공사","     924,600"
"10007","111657","(주)금강엔지니어링","     924,600"
"10009","540528","만능이앤씨","     924,400"
"10010","202692","(주)부일","     924,200"
"10011","110840","경림전기(주)","     923,800"
"10012","160089","주식회사 삼원전기","     923,700"
"10013","640191","주식회사 지에이정보","     923,400"
"10014","202114","주식회사 청한이티엔","     923,300"
"10014","420308","대하테크원 주식회사","     923,300"
"10016","202422","주식회사 미르통신","     922,400"
"10017","312304","주식회사 기대이앤씨","     921,900"
"10018","311781","주식회사 그린비","     921,200"
"10019","550457","주식회사 성심","     920,800"
"10020","630276","주식회사 삼안","     920,500"
"10021","320343","(주)유티에스","     920,100"
"10021","311522","(주)보명아이엔씨","     920,100"
"10023","610453","도우새 사회적협동조합","     919,900"
"10024","420290","주식회사 제이디시스템","     919,300"
"10025","312351","주식회사 스마트파워","     919,100"
"10026","320534","인천에이티에스 주식회사(Incheon ATS Co.,Ltd.)","     918,900"
"10027","410223","(주)케이에스비","     918,400"
"10028","630080","주식회사 다온이엔지","     918,300"
"10029","330246","씨에스건설 주식회사 ","     918,200"
"10030","530459","이고르 정보통신","     917,900"
"10031","311905","(주)토탈계장","     917,400"
"10032","410263","진보전력(주)","     917,100"
"10032","330157","주식회사 서희전기","     917,100"
"10032","530468","주식회사 다온시스","     917,100"
"10032","430162","(주)이레정보통신","     917,100"
"10036","430315","주식회사 두산엔지니어링","     916,900"
"10037","112868","(주)번개이엔지","     915,600"
"10038","630366","성원기술개발 주식회사","     915,500"
"10038","550473","주식회사 구룡정보통신","     915,500"
"10040","550471","(주)만성전기","     915,200"
"10040","350287","주식회사 성원이앤씨","     915,200"
"10040","312630","주식회사 대호이엔티","     915,200"
"10043","112294","(주)삼보엔지니어링","     915,100"
"10044","112440","(주)공항엔지니어링","     914,800"
"10045","330337","주식회사 케이피전력","     914,100"
"10046","150393","(주)지케이이","     913,900"
"10047","201570","장원정보기술","     913,500"
"10048","430197","(주)미성","     913,300"
"10049","310614","(주)신세계토건","     913,100"
"10050","201051","주식회사 국전사","     911,500"
"10051","202807","주식회사 재경이엔씨","     911,200"
"10052","310268","에이치엘비일렉(주)","     911,000"
"10053","410393","주식회사 제이원정보통신","     910,700"
"10054","420473","주식회사 시언","     910,400"
"10055","113480","신우전기통신공사","     909,900"
"10056","520177","주식회사 더원","     909,600"
"10057","540117","(주)다웅네트웍스","     909,200"
"10058","320224","하늘정보통신","     909,000"
"10059","203785","주식회사 네콤 (Natcom)","     908,500"
"10060","550013","유비큐테크놀로지(주)","     908,000"
"10061","610382","주식회사 아이에스피","     907,900"
"10062","530461","주식회사 우경전기통신","     907,800"
"10063","203477","하스트 주식회사","     907,400"
"10064","630275","장수전력","     906,800"
"10065","170157","국제전설(주)","     906,700"
"10066","170108","진성정보통신 주식회사","     905,500"
"10067","311125","주식회사 뉴포어텍","     904,900"
"10068","201351","(주)현대종합기술","     904,800"
"10069","202777","엘에스빌드윈 주식회사","     904,300"
"10070","200354","(주)성운티에스피","     903,900"
"10071","540057","주식회사 지에스기전","     903,600"
"10072","520033","다올산전 주식회사","     903,500"
"10073","200453","신동전자(주)","     903,200"
"10074","610390","(주)세현","     902,400"
"10075","203956","주식회사 광성기전","     902,200"
"10075","311378","(주)씨엔정보통신","     902,200"
"10077","204165","주식회사 동성이앤씨원(ENC1)","     902,100"
"10077","111134","원흥이엔씨 주식회사","     902,100"
"10079","640135","주식회사 정우계전","     901,500"
"10079","202935","청목이앤아이 주식회사","     901,500"
"10081","510785","주식회사 이티텍","     901,300"
"10082","410341","주식회사 스마트캅스","     901,100"
"10082","540423","주식회사 신화전설","     901,100"
"10084","140438","주식회사 라인건설","     900,900"
"10085","330115","탑종합건설 주식회사","     900,200"
"10085","510685","성협정보통신","     900,200"
"10087","550205","대보전력(주)","     899,500"
"10088","310126","우성기업(주)","     899,300"
"10089","630356","샘기술 주식회사","     898,600"
"10089","200624","주식회사 서광전기통신","     898,600"
"10091","410394","주식회사 네오릭스","     898,500"
"10092","140313","주식회사 제이에이테크","     898,300"
"10093","550440","주식회사 성민전기통신소방","     897,800"
"10094","203740","주식회사 극동이에프씨","     897,500"
"10095","204020","주식회사 디아이씨티","     897,300"
"10096","630288","(주)엠제이","     897,000"
"10097","640056","유나전력 주식회사","     896,900"
"10098","520182","동건산업전설 주식회사","     896,800"
"10099","200939","(주)대창전력","     896,400"
"10100","111715","주식회사 건원이에프티","     895,800"
"10101","150046","(주)명성전력","     894,400"
"10102","620151","(주)다원이엔씨","     893,800"
"10103","630410","엔시스 유한회사","     893,500"
"10104","112795","한양전기(주)","     893,000"
"10105","150536","주식회사 건우엔지니어링","     892,000"
"10105","610429","주식회사 미래이엔지","     892,000"
"10107","110716","주식회사 두배라","     891,800"
"10107","312297","주식회사 에프아이시스템","     891,800"
"10109","203579","주식회사 예본아이디","     891,700"
"10110","350411","주식회사 토탈솔루션","     891,400"
"10111","111782","주현전기(주)","     891,000"
"10111","630344","주식회사 가온누리","     891,000"
"10113","350538","주식회사 에스엠아이","     890,200"
"10114","204114","주식회사 티제이비전","     889,600"
"10115","310471","(주)단성","     888,900"
"10116","311876","(주)빌리언이십일","     887,900"
"10117","540222","주식회사 와이앤디정보기술","     887,700"
"10118","310859","엘케이전력(주)","     887,600"
"10119","170193","진안전설 주식회사","     887,500"
"10120","410124","세종신호에너지 주식회사","     887,100"
"10121","640081","(주)윤엔지니어링","     886,200"
"10122","530214","(주)삼진씨앤씨","     886,100"
"10123","201189","유석산업(주)","     885,800"
"10124","350466","주식회사 주은정보통신","     885,700"
"10125","410286","서해무선","     885,500"
"10126","320452","에스케이비인포","     885,100"
"10127","530408","신천전설(주)","     885,000"
"10128","130146","일양정보통신","     884,600"
"10129","510575","(주)벽진엔지니어링","     884,100"
"10129","310583","한울정보통신","     884,100"
"10131","430114","(주)명문전기","     883,400"
"10131","130197","주식회사 초이스일렉콤","     883,400"
"10133","150158","주식회사 우성통신","     882,900"
"10134","410189","천둥이앤지 주식회사","     882,700"
"10134","130448","주식회사 경기종합기술","     882,700"
"10136","311205","(주)코리아통신","     882,400"
"10137","620428","주식회사 우리정보통신","     881,400"
"10137","130506","홍성데이타통신","     881,400"
"10139","160126","디지털코리아","     881,100"
"10140","430327","대성아이앤씨 주식회사","     881,000"
"10141","202889","주식회사 선우정보통신","     879,900"
"10142","420251","주식회사 번성이앤씨","     879,800"
"10143","510439","동남산전(주)","     879,500"
"10144","160024","주식회사 길호","     879,300"
"10145","630337","주식회사 해누리이엔지","     878,700"
"10146","204149","새봄이엔지건축사사무소 주식회사","     878,000"
"10147","111144","동일전업사","     877,600"
"10148","140078","나사(주)","     877,300"
"10149","202254","(주)금성전력기술","     876,800"
"10150","204139","주식회사 불꽃","     876,500"
"10151","330229","현대씨앤이 주식회사 (HYUNDAI C&E Co.,Ltd)","     875,500"
"10152","610421","유한회사 태호","     875,200"
"10153","440022","(주)인정보기술","     875,100"
"10154","540459","엔컴정보통신","     874,900"
"10155","180079","그린정보통신","     874,800"
"10156","420477","세중전력 주식회사","     874,400"
"10156","610267","주식회사 더한아이엔씨","     874,400"
"10158","204343","에스에이치네트웍 주식회사","     874,300"
"10158","510804","주식회사 광명토탈엔지니어링","     874,300"
"10160","312312","신구건설 주식회사","     874,100"
"10161","203188","주식회사 무한정보기술","     874,000"
"10162","610354","해동건설 주식회사","     873,900"
"10163","204248","중앙이앤씨 주식회사","     873,800"
"10163","311056","위즐리앤컴퍼니(주)","     873,800"
"10165","160128","대일정보통신","     873,700"
"10165","350100","주식회사 다옴건설","     873,700"
"10167","540059","(합자)두창이앤에스","     873,600"
"10168","540036","대경전기(주)","     872,900"
"10168","640171","주식회사 인성전력","     872,900"
"10170","311871","주식회사 정호","     872,600"
"10171","520139","(주)성창이앤지","     871,700"
"10172","610392","(주)우창이엔지","     871,400"
"10173","530347","주식회사 경도기술단","     870,900"
"10174","550434","태성이엔지","     870,700"
"10175","550517","주식회사 영광기전","     870,600"
"10176","530400","에스더블유이앤씨(주)","     869,800"
"10177","203986","동건이앤씨 주식회사","     869,400"
"10178","310961","주식회사 시드렙","     868,900"
"10179","330217","유한회사 현대전기","     868,600"
"10180","200822","주식회사 동우이에프씨","     868,000"
"10181","510248","(주)비즈콤","     867,600"
"10181","330100","한성전력(주)","     867,600"
"10183","170122","동아전업사","     867,200"
"10184","510677","서융시스템","     866,700"
"10184","312618","주식회사 바른정보통신","     866,700"
"10186","540557","주식회사 비전네트","     866,200"
"10186","320485","선우계전","     866,200"
"10188","310628","삼남전기 주식회사","     865,900"
"10189","310472","주식회사 에이치에스씨엠티(HS CMT Co.,LTD)","     865,700"
"10190","620312","(주)도일전력","     865,600"
"10191","630301","이룸정보통신 유한회사","     865,200"
"10192","130179","(주)고성전력","     864,900"
"10193","620311","(주)경일","     864,400"
"10194","640178","주식회사 제라클이앤지(JERACLE ENG Co.,Ltd.)","     864,200"
"10195","410416","퀀텀테크 주식회사","     864,000"
"10196","430073","동해이앤씨 주식회사","     863,000"
"10197","420500","주식회사 이오텍","     862,800"
"10198","440081","주식회사 코디스","     862,000"
"10198","550543","주식회사 아이윌","     862,000"
"10200","204172","주식회사 비앤비네트웍스","     861,900"
"10201","112324","주식회사 아라랏(Ararat Co.,Ltd)","     861,600"
"10202","203757","주식회사 드림엔지니어링","     861,500"
"10203","430163","우일건설주식회사","     861,200"
"10203","630363","주식회사 라인","     861,200"
"10205","540289","씨에스테크","     860,800"
"10205","630091","(주)현대전력","     860,800"
"10207","113419","라인월드정보","     860,700"
"10207","320476","중양산업건설 주식회사","     860,700"
"10209","540469","세광통신 주식회사","     860,100"
"10210","311684","탑스이앤씨 주식회사","     860,000"
"10210","320174","동신전기사(주)","     860,000"
"10212","640142","주식회사 산남전력","     859,800"
"10213","312376","엘제이시스템 주식회사","     859,600"
"10214","200018","주식회사 문화전력","     859,200"
"10215","310793","(주)제일전기","     858,600"
"10216","350377","주식회사 에스피엠","     858,500"
"10217","201832","세일","     858,400"
"10218","430154","예광전설(주)","     857,500"
"10219","312491","주식회사 케이엠테크","     857,300"
"10220","550403","주식회사 와이제이솔루션","     857,100"
"10221","160148","남원통신공사","     856,900"
"10221","630385","유한회사 승현","     856,900"
"10223","530284","주식회사 제일전기","     856,600"
"10223","350091","(주)신우전기엔지니어링","     856,600"
"10223","630201","주식회사 리우","     856,600"
"10226","430321","주식회사 세심산업개발","     855,300"
"10227","330325","주식회사 유피에스","     855,200"
"10228","111160","(주)우진통신","     854,900"
"10229","550431","(주)부경전기통신","     854,700"
"10230","610427","(주)남도전력","     854,500"
"10231","110895","세빈테크 주식회사","     854,300"
"10231","311223","제이에스시스템 주식회사","     854,300"
"10233","610467","주식회사 테크온","     854,100"
"10234","204271","주식회사 링크넷코리아","     853,900"
"10235","410305","주식회사 에스알에너지(SR ENERGY)","     853,700"
"10236","312184","(주)자딘","     853,600"
"10237","112478","유아이티  정보통신","     853,300"
"10237","311323","(주)녹십자이엠","     853,300"
"10239","610398","주식회사 동신","     853,200"
"10240","530212","주식회사 마스터원","     853,100"
"10241","202561","(주)대상기업","     853,000"
"10242","620171","주식회사 현대미디어","     852,800"
"10243","550480","두원이엔지 주식회사","     852,500"
"10244","540412","주식회사 호암전력","     851,900"
"10244","620399","주식회사 현대텍","     851,900"
"10246","420429","주식회사 쓰리디아이","     851,600"
"10247","201996","엔케이전기(주)","     851,300"
"10248","150156","승리통신공사","     849,600"
"10249","410034","일신이앤씨(주)","     849,300"
"10249","410426","주식회사 비케이앤오름","     849,300"
"10251","111157","진흥전기통신(주)","     849,200"
"10252","540475","비에스원 주식회사","     848,800"
"10253","540478","주식회사 일류파워텍","     848,700"
"10254","320398","삼영쎌레트라 주식회사","     848,600"
"10255","120572","(주)비트엘앤디","     848,500"
"10256","312155","(주)뉴이앤택","     847,900"
"10256","311777","주식회사 일엔티","     847,900"
"10258","320178","삼아산업(주)","     847,000"
"10259","320132","주식회사 이나인파워텍","     846,900"
"10260","160103","(주)신성건설","     846,800"
"10260","620434","다함기술산업(주)","     846,800"
"10262","320404","주식회사 디에이건설","     846,500"
"10263","510421","창조전기(주)","     846,400"
"10264","550376","주식회사 와이이에스","     846,100"
"10264","540353","주식회사 와이앤에이치","     846,100"
"10264","311447","한일테크(주)","     846,100"
"10267","160239","(주)도원","     845,700"
"10267","310783","지승건설(주)","     845,700"
"10269","203753","주식회사 건호엔지니어링","     845,600"
"10270","540467","주식회사 삼진전력","     845,300"
"10271","620136","(주)창연정보","     844,700"
"10272","330126","(주)대림엔지니어링","     844,600"
"10273","530357","주식회사 유엔이","     843,800"
"10274","610478","주식회사 세온아이씨티","     843,600"
"10275","201025","한산시피에스(주)","     843,500"
"10276","410386","주식회사 신한전기통신","     843,400"
"10277","410196","주식회사 월산이앤씨","     843,300"
"10278","110586","(주)동아일렉콤","     842,700"
"10279","120553","주식회사 더아이앤씨","     842,400"
"10279","112777","주식회사 원천정보통신","     842,400"
"10281","113238","주식회사 가람전기","     842,300"
"10282","320239","플러스전기(주)","     842,100"
"10283","130116","유한회사 태진전력","     841,900"
"10284","311278","(주)우현씨엔에스","     841,700"
"10285","203089","주식회사 21세기정보기술","     841,300"
"10285","420483","모던테크","     841,300"
"10287","200593","주식회사 휴텍이앤이","     841,200"
"10288","640183","주식회사 소프텍","     840,900"
"10289","112643","주식회사 일조이에스","     840,700"
"10290","330309","오스타건설 주식회사","     840,600"
"10291","330211","주식회사 현대기전","     840,500"
"10292","330271","주식회사 민성","     840,300"
"10293","640163","주식회사 태림전력","     840,000"
"10294","640035","(주)제이와이네트웍","     839,900"
"10295","330256","주식회사 이원전기","     839,800"
"10296","630113","(유)맥스","     839,700"
"10297","310951","씨앤지하이테크(주)","     838,900"
"10298","310459","(주)현화아이티에스","     838,800"
"10299","530251","(주)준석신호","     838,200"
"10300","510576","이성씨엔아이(주)","     838,100"
"10301","610132","주식회사 천광이엔지","     838,000"
"10301","203910","주식회사 서원엠이씨","     838,000"
"10303","320549","주식회사 제이에스네트웍스","     837,900"
"10304","540381","수정정보통신","     837,800"
"10305","610463","주식회사 팜쟁이","     837,500"
"10306","330335","주식회사 한결","     837,200"
"10307","640162","신아이엔씨 주식회사  ","     836,600"
"10308","110470","(주)동명이엔지","     836,500"
"10308","311666","유니퀘스트(주)","     836,500"
"10310","510484","제이에스티(JST)","     836,400"
"10311","510301","성림종합건설(주)","     836,200"
"10312","630124","(유)신아통신건설","     835,700"
"10313","410225","주식회사 우리이엔지","     835,400"
"10314","350427","대연네트워크 주식회사","     835,000"
"10314","620427","주식회사 백두산업개발","     835,000"
"10316","330358","주식회사 사조기술단","     834,800"
"10316","510412","케이아이씨","     834,800"
"10318","530254","(주)아석전기","     833,800"
"10318","180055","대우산업통신","     833,800"
"10320","510718","아몽일렉트로 주식회사","     833,700"
"10321","640025","동양정보기술(주)","     833,600"
"10322","111060","(주)에어텍시스템","     833,400"
"10323","550345","주식회사 만성전기공사","     832,100"
"10324","640087","주식회사 고산","     830,900"
"10325","203987","주식회사 넥스","     830,400"
"10325","312730","주식회사 컴테크","     830,400"
"10327","610302","주식회사 앤트윈","     829,700"
"10328","530484","케이에스티앤티","     829,400"
"10329","150563","(주)게이트시스템","     828,800"
"10330","112388","주식회사 신라전력","     828,500"
"10330","420528","주식회사 태양전기조명이엔지","     828,500"
"10332","200049","(주)제이앤비이노베이션","     828,100"
"10332","180035","삼영정보통신(주)","     828,100"
"10334","200859","(주)와이엔오비","     827,900"
"10335","550174","(합)자유전력","     827,600"
"10336","510423","(주)거성개발","     827,400"
"10336","312164","(주)프리다임","     827,400"
"10338","150318","주식회사 이로","     827,000"
"10339","410284","주식회사 서해전력","     826,800"
"10340","510630","(주)디엠티","     826,300"
"10341","430224","(주)라온","     826,000"
"10342","530273","(주)에스제이에스일렉트릭","     825,700"
"10343","201032","(주)미르에스디아이","     825,300"
"10344","610283","에녹 주식회사","     824,300"
"10345","620420","주식회사 다온인포","     824,000"
"10346","540043","주식회사 동성전기","     823,500"
"10346","510445","명성전기","     823,500"
"10348","150128","주식회사 중부정보통신","     823,400"
"10349","312631","현대전기주식회사","     823,000"
"10350","630371","유한회사 지에이시스템","     822,800"
"10351","410338","주식회사 한성정보통신","     822,300"
"10352","312647","주식회사 바른기술단","     821,400"
"10352","312573","시현이앤씨 주식회사","     821,400"
"10354","530407","주식회사 신화전기","     821,000"
"10355","312448","주식회사 이레에프에이","     820,700"
"10356","200244","바투 주식회사","     820,400"
"10357","530061","(주)동광전기","     820,000"
"10357","150285","주식회사 강북전설","     820,000"
"10359","203529","주식회사 파인네트웍스","     819,900"
"10360","430169","보람전설(주)","     819,700"
"10361","630392","군산IT","     819,400"
"10362","540511","주식회사 일신전기통신","     819,300"
"10363","640070","주식회사 광동전력","     819,200"
"10364","430066","금평전설(주)","     818,300"
"10365","350090","(주)트라콘스","     818,200"
"10366","330338","철원전기 주식회사","     817,900"
"10367","202643","중원기전(주)","     817,300"
"10368","610029","(주)한광","     816,700"
"10369","312609","디오아이오티(DoIoT)","     816,600"
"10370","130216","주식회사 이담테크","     816,500"
"10371","630342","삼보OA시스템","     816,400"
"10372","320547","승영전기통신","     816,300"
"10372","320122","(주)다인전설","     816,300"
"10374","610381","주식회사 청우기술단","     816,200"
"10375","203566","주식회사 더시스","     816,000"
"10376","410330","(주)탑티엔씨","     815,900"
"10377","120463","(주)동주이엔씨","     815,500"
"10378","310500","주식회사 피앤아이티","     814,900"
"10378","204081","주식회사 정안이엔지","     814,900"
"10380","202111","(주)금강전력","     814,600"
"10380","550361","세진전기통신 주식회사","     814,600"
"10382","120051","주식회사 유림아이티","     814,500"
"10383","610114","(주)진도전력","     814,300"
"10384","203810","주식회사 유포러스","     813,700"
"10385","312169","주식회사 이수정보","     812,400"
"10386","420403","주식회사 세화넥스텍","     811,400"
"10387","330368","주식회사 유일전력","     811,200"
"10388","330350","주식회사 호신","     811,100"
"10388","540562","솔텍정보통신","     811,100"
"10388","320266","(주)에프알에쓰","     811,100"
"10391","510240","(주)리얼시큐","     811,000"
"10392","620361","제이아이건설 주식회사","     810,800"
"10392","112242","주식회사 인강","     810,800"
"10394","630157","주식회사 세이브에너지","     809,800"
"10394","410296","주식회사 온천신호","     809,800"
"10396","620132","(자)서전사","     809,100"
"10397","640130","흥원통신","     808,700"
"10398","310809","동우에스지이(주)","     808,400"
"10398","200361","주식회사 태환","     808,400"
"10400","550507","주식회사 링크아이엔씨(Link I&C Co., Ltd.)","     807,500"
"10401","350332","주식회사 금성정보통신","     807,400"
"10401","111199","청명엔지니어링","     807,400"
"10403","130411","신양전업(주)","     807,300"
"10404","140280","영일전설(주)","     807,000"
"10405","203623","주식회사 태양기술개발","     806,900"
"10406","350456","주식회사 태산트래픽","     806,400"
"10406","510703","주식회사 포앤텍","     806,400"
"10408","640001","아프로정보통신 주식회사","     806,300"
"10409","150463","(주)경창전력","     805,500"
"10410","140417","(주)탑스","     804,900"
"10411","630174","삼보정보통신 주식회사","     804,800"
"10411","201866","금호석유화학(주)","     804,800"
"10413","310006","(주)광명전기","     804,400"
"10414","140196","(주)삼아산업개발","     803,800"
"10415","202374","진일전기 주식회사","     803,300"
"10415","520187","한성전력 주식회사","     803,300"
"10417","111726","하이테크텔(주)","     802,300"
"10417","140476","(주)대동전기","     802,300"
"10419","520174","주식회사 리스크제로","     801,800"
"10419","530376","주식회사 더킴","     801,800"
"10421","520116","주식회사 대전전기기술","     801,500"
"10422","202348","주식회사 대한전업사","     801,400"
"10423","112095","피엘 주식회사","     800,400"
"10423","203807","주식회사 케이에스메이트","     800,400"
"10425","610480","주식회사 삼인","     800,100"
"10426","630122","삼오전기(주)","     799,500"
"10427","140293","주식회사 라인엔지니어링","     799,300"
"10428","610095","주식회사 정원이알텍","     799,100"
"10429","550316","주식회사 정선전력","     798,200"
"10430","312370","주식회사 오성전기","     797,700"
"10431","202253","(주)화일이엔에프","     796,800"
"10432","320395","주식회사 태화기전","     796,700"
"10432","202237","(주)이일엔지니어링","     796,700"
"10434","520146","주식회사 제이정보통신","     796,600"
"10435","320241","(주)샤인에너지","     796,400"
"10436","610047","주식회사 대경이엔씨","     796,000"
"10437","150102","대광건설 주식회사","     795,800"
"10438","110994","한국전기교통(주)","     795,700"
"10439","204336","주식회사 투케이엠","     795,400"
"10439","312757","주식회사 넥서스이앤씨","     795,400"
"10441","410045","(주)보명전설","     794,800"
"10442","140208","주식회사 해성전기","     794,700"
"10443","150087","주식회사 한벌전설","     794,600"
"10443","620331","주식회사 타리정보통신","     794,600"
"10445","350604","세하정보시스템 주식회사","     794,000"
"10446","630263","씨제이에이치 주식회사(CJH Co.,Ltd)","     793,800"
"10446","204214","주식회사 제이앤와이지","     793,800"
"10448","311063","(주)한국안전기술단","     793,700"
"10449","620101","주식회사 에스디파워","     792,800"
"10449","312699","주식회사 에이치글로벌","     792,800"
"10451","630378","주식회사 도하에스앤디","     792,100"
"10452","330330","주식회사 케이링크","     791,800"
"10453","420076","주식회사 서진전력","     791,700"
"10454","540012","세원건설(주)","     791,600"
"10455","530320","주식회사 유화테크","     791,000"
"10456","330299","주식회사 비전아이씨티","     789,700"
"10456","550505","주식회사 와이정보통신","     789,700"
"10458","610199","주식회사 대연이에프씨","     789,300"
"10459","204330","주식회사 아쿠론(ACURON)","     789,200"
"10460","203117","주식회사 라온텍","     789,100"
"10461","540512","주식회사 에스엔케이아이티(Snk-It, Corp)","     788,800"
"10462","310936","(주)금강전기","     788,700"
"10462","130372","(주)광전사","     788,700"
"10464","550493","주식회사 현준파워텍","     788,600"
"10465","204331","메티온 주식회사(Metion Co., Ltd)","     788,300"
"10466","203766","원스정보통신","     788,200"
"10466","202881","에스트랜스포트 주식회사","     788,200"
"10468","110043","(주)광명전기","     788,100"
"10469","112134","주식회사 바인시스템","     787,500"
"10470","610465","주식회사 제이에스글로벌","     787,200"
"10471","312546","씨엠정보통신 주식회사","     786,800"
"10472","350228","주식회사 가우테크닉스","     786,700"
"10473","510707","(주)진민전력","     786,000"
"10474","200524","(주)재신정보","     785,800"
"10475","330190","주식회사 지엔","     785,600"
"10476","510635","주식회사 와이케이테크","     785,500"
"10477","630396","주식회사 에스아이티","     785,100"
"10478","203784","주식회사 지앤솔루션","     784,700"
"10479","550524","도도정보통신 주식회사","     784,100"
"10480","112627","(주)한국전설엔지니어링","     784,000"
"10481","150328","(주)한국전기","     783,700"
"10482","610496","주식회사 남도테크닉스","     783,600"
"10483","430038","(주)율성","     783,500"
"10483","530230","석원 주식회사","     783,500"
"10485","170166","주식회사 한울전기통신","     783,400"
"10486","320332","(주)청연인프라","     782,300"
"10487","202493","주식회사 가교전력","     782,200"
"10488","150200","주식회사 화인전설","     781,900"
"10489","420444","주식회사 위진전기통신","     781,400"
"10490","550338","(주)유니콘전설","     781,200"
"10491","420546","위더스 주식회사","     780,600"
"10492","311141","마스타씨스템(주)","     779,500"
"10493","350471","금호이엔지(주)","     779,100"
"10494","150521","(주)신호전자","     778,800"
"10495","350237","유영이앤씨(주)","     778,500"
"10496","430242","주식회사 한국전기정보통신","     778,000"
"10497","620304","씨엔에스 주식회사","     777,700"
"10498","111442","서광통신(주)","     777,600"
"10499","610161","(유)금화이엔에스","     777,500"
"10500","610376","엔에스인포 주식회사","     777,400"
"10501","430355","주식회사 일등정보통신","     777,300"
"10502","410438","서호정보통신 주식회사","     777,000"
"10503","202258","(주)코젠","     776,300"
"10504","610443","주식회사 이수정보통신","     776,000"
"10505","311334","(주)태스콘","     775,500"
"10506","120573","주식회사 엠지전기통신","     775,300"
"10507","204323","주식회사 엠지토탈서비스","     774,900"
"10508","201077","주식회사 가인지엔티","     774,800"
"10508","201426","(주)삼영전업사","     774,800"
"10508","550532","주식회사 뷰어라이트","     774,800"
"10511","540317","주식회사 일성정보","     774,600"
"10512","420333","버드파크테크놀로지 주식회사","     774,100"
"10513","201396","(주)리우솔루션","     773,800"
"10514","111220","주식회사 임하이앤씨","     773,700"
"10515","420537","주식회사 태주전력","     773,400"
"10516","113039","맥슨씨아이씨(주)","     773,300"
"10517","130062","주식회사 우일이앤씨","     773,000"
"10517","202940","주식회사 한빛데이타","     773,000"
"10517","540544","주식회사 제로원정보기술","     773,000"
"10520","640075","주식회사 명원전기","     772,200"
"10521","420561","탑이앤씨 주식회사","     771,600"
"10522","540002","영재전력 주식회사","     771,500"
"10523","330168","세경산전(주)","     771,300"
"10524","520009","금영전자","     770,800"
"10525","410212","(주)컴플러스","     770,700"
"10526","540240","(주)양진이앤티","     770,000"
"10526","630373","주식회사 지아이","     770,000"
"10528","520149","주식회사 나우","     769,900"
"10529","540507","주식회사 윤이앤지","     769,000"
"10530","510559","주식회사 형제전기통신","     768,400"
"10531","620433","주식회사 정인정보","     768,200"
"10532","201365","(주)대산엔지니어","     768,100"
"10533","140274","주식회사 형제전기통신","     767,500"
"10533","540080","(합)경화계전","     767,500"
"10535","311454","대성이엔에프(주)","     767,400"
"10536","330151","주식회사 덕양소방","     767,200"
"10537","540267","주식회사 탑","     766,900"
"10538","140155","주식회사 명은","     766,500"
"10539","540488","광도전력 주식회사","     766,300"
"10539","320383","주식회사 가인전력","     766,300"
"10541","311304","(주)진웅아이티시그널","     766,200"
"10542","320479","가을정보통신","     765,500"
"10543","312482","화성전기(주)","     765,300"
"10544","630389","주식회사 뉴아이정보","     765,000"
"10544","310894","(주)유로시스템","     765,000"
"10546","200870","주식회사 씨에스플러스","     764,500"
"10547","312486","주식회사 더아이프","     764,400"
"10548","630134","(주)포올이앤씨","     763,700"
"10549","540344","코콤에스아이 주식회사","     763,600"
"10550","201473","(주)미래전기소방에너지","     763,300"
"10550","130417","(주)대하전기통신","     763,300"
"10552","110219","(주)상상이엔티","     763,100"
"10553","201877","(주)한스웰","     763,000"
"10554","420391","상원엔지니어링 주식회사","     762,700"
"10554","620212","주식회사 이앤에스전력","     762,700"
"10556","310081","(주)대성전설","     762,600"
"10557","610423","주식회사 주안정보통신","     762,300"
"10558","410243","주식회사 동민전기통신","     762,100"
"10559","310878","주식회사 아인스","     761,900"
"10560","640188","(주)동부이엔엘","     761,100"
"10560","630012","(주)동인기업","     761,100"
"10562","203313","주식회사 와이즈인포텍","     761,000"
"10563","201983","주식회사 형제종합건설","     760,700"
"10564","310462","한강정보통신","     760,500"
"10565","510756","에스와이씨앤씨(주)","     759,700"
"10566","630299","주식회사 씨앤에스이엔지","     759,500"
"10566","640166","해인전력통신 주식회사","     759,500"
"10568","640196","주식회사 마루이엔지","     759,400"
"10568","520034","금양그린파워 주식회사","     759,400"
"10570","150484","주식회사 신용이엔지","     759,300"
"10570","550527","에스앤씨","     759,300"
"10572","430025","세대전력(주)","     758,800"
"10573","610479","주식회사 아시아이엔지","     758,100"
"10574","610014","(주)금강전력","     757,800"
"10575","320562","주식회사 시그널","     757,700"
"10576","620369","아이엠일렉트릭 주식회사","     757,600"
"10577","201416","세종전기(주)","     756,800"
"10578","530472","경원기업 주식회사","     756,000"
"10578","204314","주식회사 가온데이터","     756,000"
"10580","630338","주식회사 대용산업개발","     755,900"
"10581","540527","경포통신 주식회사","     755,700"
"10582","320058","(주)케이디이앤씨","     755,400"
"10583","120662","영일이앤씨 주식회사","     755,200"
"10584","320512","신한정밀 주식회사","     754,800"
"10585","312122","주식회사 누리온","     754,500"
"10586","202469","(주)대상전력","     754,200"
"10587","312156","주식회사 동현전력","     754,100"
"10588","204097","주식회사 인빌트","     754,000"
"10589","180042","길영이엔씨 주식회사","     753,700"
"10590","204078","주식회사 티에이치전력","     753,300"
"10591","312389","주식회사 민애이엔지","     752,800"
"10591","410180","대영전기(주)","     752,800"
"10593","430363","진천정보통신","     752,300"
"10594","311575","(주)신세기전력","     752,200"
"10595","550509","주식회사 울트라이엔지","     752,100"
"10596","204321","주식회사 그린월드","     751,900"
"10596","620436","주식회사 새희망","     751,900"
"10598","610139","(주)하늘천","     751,600"
"10599","200100","주식회사 두산이엔씨","     751,300"
"10600","520188","안성산업 주식회사","     750,800"
"10601","640028","(주)피앤피","     750,700"
"10602","112802","(주)일광","     750,300"
"10602","110466","대우조선해양건설(주)","     750,300"
"10604","630120","(유)유복이엔지","     749,600"
"10605","320363","에스디 유한책임회사","     749,200"
"10605","530464","새로이","     749,200"
"10607","530440","금정코리아 주식회사","     748,900"
"10608","640189","주식회사 윤슬","     748,800"
"10609","310558","(주)신아시스템","     747,400"
"10610","350506","뉴테크 주식회사","     747,100"
"10611","630423","(주)미르엘텍","     746,300"
"10611","312512","주식회사 한영이엔씨","     746,300"
"10613","510204","주식회사 광덕기업","     746,200"
"10614","110771","용진하이테크에너지(주)","     745,900"
"10615","640005","백광기업(주)","     745,500"
"10615","202461","알티엘산업(주)","     745,500"
"10615","610455","위본건설 주식회사","     745,500"
"10618","311023","(주)휴먼","     745,300"
"10619","540060","주식회사 성광전력","     745,100"
"10619","310137","신동아종합건설(주)","     745,100"
"10619","420559","디그리드 주식회사","     745,100"
"10622","550494","와스(WAS)","     744,600"
"10623","540167","(주)제이에스통신","     744,000"
"10624","610403","주식회사 서원이엔지(ENG)","     743,500"
"10625","311625","주식회사 디씨이엑스","     743,400"
"10626","204232","주식회사 흥해전설","     743,300"
"10627","510803","주식회사 덕성해양개발","     743,000"
"10628","540103","루미나 주식회사","     742,900"
"10629","620358","주식회사 마스이노테크","     742,700"
"10630","630234","주식회사 혜인이엔씨","     742,000"
"10631","550423","주식회사 동양전력","     741,500"
"10632","430274","기산전설 주식회사","     741,400"
"10633","630125","(유)창원","     741,300"
"10634","330234","(주)오엑스솔루션","     741,200"
"10635","350596","주식회사 컴텍","     740,400"
"10636","610418","주식회사 수수전력","     739,900"
"10637","320160","금동전기 주식회사","     739,500"
"10638","540360","주식회사 현대정보통신","     739,300"
"10639","312522","주식회사 이담","     739,000"
"10640","312594","경기에이티에스 주식회사","     738,400"
"10641","510574","(주)해천","     737,800"
"10642","630395","주식회사 하늘정보통신","     737,300"
"10643","120477","(주)모든정보통신","     737,200"
"10644","203340","주식회사 동명이엔에스","     737,000"
"10645","610085","(주)에스이테크","     736,500"
"10646","202196","(주)유강이엔씨","     736,400"
"10647","320576","주식회사 신화전기소방","     736,300"
"10648","330334","에이스아이티 주식회사","     736,000"
"10648","440047","주식회사 진진","     736,000"
"10650","312295","주식회사 우수지엔에스","     735,900"
"10651","310460","주식회사 울트라정보통신","     735,500"
"10652","540119","(주)디엔알","     735,300"
"10652","312078","주식회사 주원이엔씨","     735,300"
"10654","420126","주식회사 합동전기","     734,200"
"10655","630311","유한회사 서흥정보통신 (SUNHHUNG LC.)","     734,100"
"10656","550246","금오에너지융합(주)","     734,000"
"10657","610033","주식회사 수현","     733,800"
"10657","640015","주식회사 현무","     733,800"
"10659","540453","부성전기 기술용역","     733,700"
"10660","510690","(주)영진인포텍","     733,100"
"10661","620333","주식회사 해원전력","     732,500"
"10662","204266","삼주이앤씨 주식회사","     732,200"
"10662","620442","주식회사 부길정보통신","     732,200"
"10664","530462","미래로통신 기술사사무소","     732,000"
"10665","410248","주식회사 신성","     731,700"
"10666","150135","(주)한우기업","     731,600"
"10667","204010","에스비엠정보통신","     731,400"
"10668","320553","에스플러스","     730,200"
"10669","312596","주식회사 민성이엘씨","     729,900"
"10670","640093","주식회사 에이스엔지니어링","     729,500"
"10671","112877","주식회사 대창일렉스","     729,000"
"10672","203994","주식회사 다온이앤씨","     728,800"
"10673","203389","주식회사 랜공사사람들","     728,700"
"10674","203199","주식회사 뉴타운전력","     728,600"
"10675","312345","니어아이티 주식회사","     728,500"
"10675","150108","(주)안동통신","     728,500"
"10677","440038","주식회사 제이에스아이엔씨","     727,800"
"10678","610190","신안종합건설 주식회사","     727,200"
"10679","550510","주식회사 하나정보","     727,000"
"10680","111101","주식회사 스카이정보통신","     726,900"
"10680","630407","유한회사 백두엔지니어링","     726,900"
"10682","550175","한진전기공업(주)","     726,600"
"10683","201529","(주)엑스오비스","     726,500"
"10684","112089","(주)디투엔지니어링","     725,900"
"10684","110083","주식회사 리치이엔씨","     725,900"
"10686","320017","(주)화승전력","     725,700"
"10687","640140","주식회사 금오름전력","     725,600"
"10688","110745","(주)나라컨트롤","     725,100"
"10689","310406","주식회사 동연전설","     724,500"
"10690","200707","(주)신왕","     724,400"
"10691","430373","주식회사 남상정보통신","     724,300"
"10692","620066","(주)한국전기","     723,800"
"10693","120157","(주)티.이.씨","     723,700"
"10694","610353","주식회사 신우이엔지","     723,600"
"10695","203284","주식회사 진원엔지니어링","     722,900"
"10696","620135","주식회사 위택","     722,300"
"10697","170012","주식회사 가보","     721,500"
"10698","430027","주식회사 온누리넷","     721,000"
"10699","130309","세광전설(주)","     720,900"
"10700","150428","(주)유성기업사","     720,800"
"10701","430171","(주)나노시스","     720,700"
"10702","430098","(주)광성전기","     720,500"
"10703","640128","주식회사 연우","     720,400"
"10704","202084","이에스콘트롤스(주)","     720,300"
"10705","320453","주식회사 정원엘피","     720,100"
"10706","540206","엔에스전기 주식회사","     719,500"
"10707","630149","(주)장일엔지니어링","     719,400"
"10708","530409","주식회사 대부전력","     719,300"
"10709","620087","(주)세한전력","     719,200"
"10709","610050","대덕 주식회사","     719,200"
"10711","510417","서진콘트롤스","     719,100"
"10712","610107","주식회사 지안인더스트리","     719,000"
"10713","530465","군위보안시스템 & 문구","     718,700"
"10714","550498","주식회사 성지산업","     718,100"
"10715","120611","대성전력(주)","     717,700"
"10716","312067","주식회사 엔에스케이정보기술","     717,200"
"10716","312440","삼중전력 주식회사","     717,200"
"10718","620314","주식회사 주성파워텍","     716,900"
"10719","430131","(주)우림","     716,600"
"10720","204293","주식회사 블록코어(Block Core Inc.)","     716,500"
"10720","204320","주식회사 서비스플러스","     716,500"
"10720","420542","주식회사 쎄스 (CES Co.,Ltd.)","     716,500"
"10720","204311","주식회사 이원하이텍","     716,500"
"10724","520195","(주)신원전기통신","     716,300"
"10725","550169","경도전력 주식회사","     716,100"
"10726","203314","주식회사 성창기전","     715,400"
"10727","311359","우진전기 주식회사","     715,100"
"10728","610488","유한회사 한국시스템","     715,000"
"10729","200150","범진성업(주)","     714,700"
"10729","203533","주식회사 이안알앤씨","     714,700"
"10731","610150","(주)광진전력","     714,200"
"10732","201683","주식회사 알리바바정보통신","     714,100"
"10733","410079","(주)동훈전설","     714,000"
"10734","620278","주식회사 하이시선","     713,800"
"10735","620238","경승건설 주식회사","     713,500"
"10735","640040","진성전력(주)","     713,500"
"10737","203880","주식회사 자이언트스텝 (GIANTSTEP Inc.)","     713,400"
"10738","150261","(주)한남전기통신공사","     713,300"
"10739","510783","주식회사 참조은이앤씨(CHAMJOEUN ENC Co., Ltd.)","     713,100"
"10740","640109","주식회사 엘정보통신","     712,900"
"10741","540064","주식회사 동명전력","     712,800"
"10742","320120","(주)피앤씨네트워크","     712,200"
"10743","330261","주식회사 신일전력","     711,500"
"10744","430258","주식회사 다온누리","     711,300"
"10745","550157","대일전기(주)","     711,000"
"10746","112944","(주)동방에스앤에스","     710,900"
"10747","201688","주식회사 선경전기","     710,400"
"10747","312237","주식회사 서전기전","     710,400"
"10749","630078","주식회사 비케이솔루션","     710,100"
"10750","150449","(주)대주통신","     710,000"
"10751","203248","호곡종합건설 주식회사","     709,900"
"10752","630090","유한회사 해옥","     709,300"
"10753","530117","(주)명전사","     709,200"
"10753","520189","울산통신 주식회사","     709,200"
"10755","320557","유테크솔루션","     708,900"
"10755","140463","주식회사 오정산업","     708,900"
"10757","202500","율림건설(주)","     708,700"
"10758","620085","(주)거성","     708,500"
"10759","320573","주식회사 지오네트웍스","     708,400"
"10760","204334","주식회사 한빛안전기술단","     708,300"
"10761","420471","태원건설산업 주식회사","     707,900"
"10762","311834","(주)오티티이앤씨","     706,800"
"10763","410345","신성홀딩스 주식회사","     706,700"
"10764","111227","대우전기 주식회사","     706,200"
"10765","350568","주식회사 서진이엔씨","     705,900"
"10766","150365","삼호산업개발(주)","     705,400"
"10767","310567","주식회사 하나디앤에스","     704,900"
"10768","110264","(주)누리엔에스","     704,800"
"10769","350325","에너지엑스 주식회사(Energy X Inc.)","     704,600"
"10769","430354","주식회사 인우이엔지","     704,600"
"10771","640100","남도기업(주)","     704,400"
"10772","310458","주식회사 우도전기","     704,100"
"10772","111878","동화전자통신","     704,100"
"10774","203897","주식회사 정안에스앤티","     703,500"
"10775","330374","동명정보 주식회사","     703,400"
"10776","140326","주식회사 대경","     702,700"
"10776","203289","주식회사 신지전설","     702,700"
"10778","150276","육일전기","     702,100"
"10778","520117","부명엔프로엔지니어링 주식회사","     702,100"
"10780","430129","(주)국토","     702,000"
"10781","110892","와이에이씨 주식회사 (YAC Co., Ltd.)","     701,900"
"10782","202978","주식회사 다올엠에스","     701,800"
"10783","310158","(주)그린월드","     701,400"
"10784","202132","대덕전력 주식회사","     701,300"
"10785","540375","주식회사 동진전기통신","     701,200"
"10786","310366","(주)에이텍네트웍스","     700,800"
"10787","410431","주식회사 유비크시스템","     700,600"
"10788","203144","주식회사 동진에스앤디","     700,000"
"10789","550496","종합전기 주식회사","     699,400"
"10789","540369","주식회사 원전","     699,400"
"10791","620367","주식회사 정안산업개발","     698,500"
"10792","630139","(유)승대전설","     698,300"
"10793","310767","(주)나노정보통신","     698,200"
"10794","110129","거우전설(주)","     698,000"
"10795","640161","주식회사 다영전기통신","     697,800"
"10796","312773","주식회사 이누미디어","     696,800"
"10796","312762","주식회사 블리치넷웍스","     696,800"
"10796","540560","주식회사 알파닛시","     696,800"
"10799","113319","(주)씨엠비젼전기통신","     696,500"
"10799","330370","주식회사 세한","     696,500"
"10801","110998","주식회사 청우전설","     696,300"
"10802","630411","티케이솔루션 유한회사","     696,200"
"10803","430368","주식회사 경성이엔지","     695,700"
"10804","140060","(주)버들시스템","     695,400"
"10804","530476","주식회사 수산아이티에스","     695,400"
"10806","540090","(주)동호","     695,100"
"10807","410395","주식회사 와이비네트웍스","     695,000"
"10808","640159","주식회사 대산","     694,500"
"10809","312703","주식회사 미르씨앤씨","     694,400"
"10810","310986","한울씨엔에스(주)","     694,200"
"10811","203151","주식회사 아코이엔씨 (AKO Engineering & Construction CO.,Ltd.)","     693,700"
"10812","110917","주식회사 금강이엔티","     693,600"
"10813","310369","주식회사 예스코 (yesco)","     693,100"
"10814","410433","주식회사 지아이텍","     692,700"
"10814","312709","주식회사 서원이엔지","     692,700"
"10814","540107","소백아이티","     692,700"
"10817","410328","대한전기","     692,400"
"10818","150042","신한전기 주식회사","     691,500"
"10819","202689","(주)파이런텍","     691,400"
"10820","540328","(주)광림전기","     691,200"
"10821","350241","주식회사 미라클정보통신","     691,000"
"10822","420456","주식회사 동진네트웍스","     690,100"
"10823","640160","우성정보통신","     689,900"
"10824","610045","지오이앤에프 주식회사","     689,100"
"10824","200436","주식회사 명성이엔씨","     689,100"
"10824","204012","나눔인프라","     689,100"
"10827","550501","주식회사 영진테크","     687,900"
"10828","420567","주식회사 코어노드","     687,700"
"10829","430318","중원정보통신","     686,600"
"10830","202085","에스엠이엔지(주)","     686,300"
"10831","410255","(주)논산전력","     684,400"
"10831","620130","(주)아이티라인","     684,400"
"10833","312646","주식회사 사운드프로페셔날","     683,800"
"10834","330274","주식회사 성운","     683,700"
"10835","200408","주식회사 지아이네트웍스 (GI & NETWORKS)","     683,600"
"10836","410410","지은네트웍스","     683,100"
"10837","610156","케이에스원(주)","     682,800"
"10838","200409","한우이앤에스(주)","     682,600"
"10839","201364","(주)스테이지넷","     682,100"
"10839","640193","우리기술단 주식회사","     682,100"
"10841","180057","주식회사 비엠케이네트웍스","     681,500"
"10842","312599","주식회사 리치시스템기술","     681,200"
"10843","201415","(주)도화엔지니어링(DOHWA ENGINEERING Co.,Ltd)","     681,000"
"10844","140497","주식회사 미루이엔씨","     680,800"
"10845","630335","에스이에너지","     680,600"
"10846","640108","주식회사 금원전력","     680,500"
"10847","203621","한빛디엔에스 주식회사","     680,400"
"10847","312632","주식회사 하나에프티앤","     680,400"
"10849","140278","주식회사 진우전력","     680,300"
"10850","630400","주식회사 파이렌","     680,100"
"10851","312667","주식회사 누리웍스","     680,000"
"10852","550513","주식회사 엔에이치엔지니어링","     679,900"
"10853","310292","주식회사 대성이엔씨","     679,800"
"10854","311337","주식회사 영광이씨에스","     679,700"
"10855","312167","대신전력(주)","     679,600"
"10856","510790","주식회사 아이리온","     679,300"
"10857","610294","주식회사 에스엠테크","     678,900"
"10858","640027","주식회사 도암엔지니어링","     678,800"
"10859","410371","주식회사 대경이엔지","     678,300"
"10860","520069","(주)뉴텍","     677,900"
"10860","510173","주식회사 성보종합건설","     677,900"
"10862","420541","주식회사 신진이엔지","     677,800"
"10863","530445","주식회사 케이전력","     677,100"
"10863","320568","주식회사 알토솔루션즈","     677,100"
"10865","410102","(주)한진이엔씨","     676,700"
"10866","510730","일성테크원 주식회사","     676,500"
"10867","430288","(주)한강전기","     676,300"
"10867","202750","씨앤에치아이앤씨(주)","     676,300"
"10869","510191","한국산전(주)","     675,800"
"10869","410360","우리이앤아이 주식회사","     675,800"
"10871","510789","주식회사 에이엠티웨이브","     675,400"
"10872","201127","나날에스엠아이 주식회사(Nanal SMI)","     675,100"
"10873","540131","주식회사 한빛전기통신","     674,800"
"10874","330069","정웅전기공사","     674,700"
"10875","640164","주식회사 광현전력","     674,300"
"10876","200233","태흥(주)","     674,000"
"10877","111276","제우일렉스(주)","     673,700"
"10878","111846","덕산메카시스(주)","     673,500"
"10878","530390","주식회사 스마트시스템","     673,500"
"10880","550077","(주)나산전기산업","     673,200"
"10881","530258","천일전기(주)","     672,900"
"10881","430313","주식회사 직지아이씨티","     672,900"
"10883","200276","오다엔지니어링(주)","     671,200"
"10884","204324","티웨이브솔루션 주식회사","     671,100"
"10885","320227","킹스엔지니어링(주)","     670,700"
"10886","430257","부강이엔에스(주)","     670,500"
"10887","420534","주식회사 대경이앤씨","     669,500"
"10888","310239","(주)대성신호","     668,700"
"10889","320217","(주)한백엔지니어링","     668,400"
"10890","130244","주식회사 에이제이이피에스","     668,300"
"10891","111482","(주)승진정보","     668,000"
"10892","200846","(주)나온웍스","     667,900"
"10893","510026","리안넷 주식회사","     667,100"
"10894","203876","엔에스이노텍 주식회사","     667,000"
"10895","550478","동아OA.정보통신","     666,500"
"10896","140030","(주)남도","     665,900"
"10897","410120","주식회사 에이비전기","     665,100"
"10898","200641","주식회사 누리플렉스","     664,600"
"10899","550284","동선전기(주)","     664,500"
"10900","530065","(주)진광전력","     664,400"
"10901","410160","규암전력 주식회사","     664,300"
"10902","311222","(주)탑시스템이엔씨","     664,200"
"10903","203945","창대하이텍 주식회사","     664,000"
"10903","510738","에스정보","     664,000"
"10905","320437","주식회사 피아이전기건설","     663,800"
"10905","202727","홈앤서비스(주)","     663,800"
"10907","111143","남양전기통신(주)","     663,700"
"10908","530442","주식회사 대가전력","     662,500"
"10909","350354","주식회사 미래아이엔지(MIRAEING Co.,LTD.)","     662,400"
"10910","430343","우리솔루션","     661,700"
"10911","350414","사회적협동조합 가온누리","     661,600"
"10912","200301","일렉파워(주)","     661,200"
"10913","530215","세진에코 주식회사","     660,800"
"10914","420560","키엔컴플러스 주식회사","     660,700"
"10915","610265","주식회사 월드정보통신","     659,900"
"10916","310146","(주)금성계전","     659,700"
"10917","550476","주식회사 와이에이치이엔씨","     658,600"
"10918","312447","신화전설공사 주식회사","     658,500"
"10919","540034","지이티시스템(주)","     658,300"
"10920","610428","주식회사 마린테크","     658,200"
"10921","350499","주식회사 퓨어시스템","     657,900"
"10922","201798","(주)대산시스템","     657,600"
"10923","204299","대경전자솔루션 주식회사","     657,400"
"10923","320587","에스케이와이넷","     657,400"
"10925","320559","인탑","     657,200"
"10925","312744","주식회사 더블제이테크","     657,200"
"10925","330254","동양이앤아이 주식회사","     657,200"
"10928","550521","(주)플렛디스","     657,000"
"10929","112222","대기해양(주)","     656,000"
"10930","540312","(주)삼부자전기통신","     655,800"
"10931","530380","주식회사 현대보안공사","     655,300"
"10932","202272","(주)한국해양기상기술","     654,900"
"10932","630350","주식회사 미디아","     654,900"
"10932","320475","나노조명","     654,900"
"10935","540405","주식회사 대운전력","     654,800"
"10936","204333","주식회사 하이콘소프트","     653,300"
"10936","330387","주식회사 새론","     653,300"
"10936","540543","주식회사 에이아이정보","     653,300"
"10936","610511","주식회사 하나산전","     653,300"
"10940","410437","주식회사 디자인세아 (DESIGN SEA Inc,)","     653,000"
"10941","110824","(주)상신","     652,500"
"10942","630202","주식회사 창대전력","     652,000"
"10943","200225","주식회사 유니원이엔지","     651,900"
"10944","520134","보광전기주식회사","     651,800"
"10945","530471","삼토토건 주식회사","     651,600"
"10945","610492","모든시스템","     651,600"
"10947","610109","(유)엔젤시스템","     651,100"
"10948","540518","(주)삼화전기","     650,700"
"10949","312472","주식회사 아이원","     649,600"
"10950","510546","(주)나이스에너지엔지니어링","     648,600"
"10950","310021","주식회사 대명전설","     648,600"
"10952","540436","주식회사 아이텍","     648,500"
"10953","311532","주식회사 이엔에스일렉트릭(ENS ELECTRIC CO., LTD.)","     648,300"
"10954","520172","주식회사 이앤티코리아 (E&T KOREA inc)","     648,200"
"10955","311471","에스엔아이정보통신(주)","     648,100"
"10956","320468","주식회사 이앤피","     648,000"
"10957","610221","주식회사 신화커뮤니케이션","     647,600"
"10958","202957","주식회사 세명테크","     647,400"
"10959","550391","(주)대연","     647,000"
"10960","410373","주식회사 화신코리아","     646,600"
"10961","201555","(주)피케이앤티","     645,900"
"10962","320535","명신전기통신 주식회사","     645,800"
"10963","540363","새움정보통신 주식회사","     645,400"
"10964","170125","(합자)진광전기소방","     645,000"
"10965","630369","(주)금도건설","     643,700"
"10966","202299","(주)유일엔지니어링","     643,400"
"10967","310349","(주)씨에스아이엔테크","     643,100"
"10968","620316","주식회사 피디","     642,900"
"10969","113077","(주)한백에스아이","     642,800"
"10970","111970","주식회사 아이넷","     642,000"
"10971","620439","주식회사 백인아이씨티","     641,800"
"10972","312444","에스엔아이티 주식회사","     641,600"
"10973","204286","주식회사 한국전기시스템","     641,500"
"10974","311902","(주)신승티엘","     641,000"
"10974","330353","에스와이통신","     641,000"
"10976","204295","주식회사 이니노스","     640,600"
"10977","530014","(주)현진이앤씨","     640,500"
"10977","420493","주식회사 원창전력","     640,500"
"10979","630346","효성중전기 주식회사","     640,200"
"10980","350609","주식회사 우세정보통신","     640,100"
"10980","620423","주식회사 더앤","     640,100"
"10982","410420","주식회사 스마트씨엔티","     640,000"
"10983","620413","주식회사 반석시스템","     639,900"
"10984","320546","주식회사 인젠소프트","     638,900"
"10985","330361","서림종합건설 주식회사","     638,500"
"10985","520184","주식회사 무찬","     638,500"
"10987","330089","(주)정도전기통신","     638,100"
"10988","550435","한샘전력","     638,000"
"10989","312715","주식회사 소몬","     637,700"
"10989","510800","주식회사 풍원기공","     637,700"
"10989","204345","주식회사 시큐어스 (Secu Us)","     637,700"
"10989","320577","드림넥스아이티 주식회사","     637,700"
"10989","320579","주식회사 반석이래엠이씨","     637,700"
"10994","430359","두원스마트앤그린 주식회사","     637,400"
"10995","540501","주식회사 용운정보통신","     637,300"
"10996","540537","우리정보통신 주식회사","     636,900"
"10997","610316","(주)에스제이","     636,400"
"10998","320293","(주)제이에이치에너지","     636,200"
"10999","320560","성원이앤에프 주식회사","     635,700"
"11000","310295","샤론일렉콤(주)","     635,200"
"11001","204346","썬덴코리아 주식회사","     635,100"
"11001","150222","(주)중앙전설","     635,100"
"11001","410153","주식회사 윤앤서","     635,100"
"11004","410419","주식회사 엔젤아이티에스","     635,000"
"11005","430157","신일전기공업(주)","     634,800"
"11006","610486","주식회사 포스","     634,300"
"11007","430299","엠씨아이 주식회사","     633,900"
"11008","312324","주식회사 케이커머스","     633,700"
"11009","410195","(주)시공","     633,000"
"11010","312673","넥서스링크 주식회사","     632,700"
"11011","550522","네오콤","     632,400"
"11012","630260","주식회사 대일하이텍","     632,000"
"11013","630304","주식회사 건국","     631,900"
"11013","610447","주식회사 우리승리전력","     631,900"
"11013","203684","주식회사 맥스스마트(MAX SMART.CO.Ltd)","     631,900"
"11016","540366","주식회사 금록정보통신","     631,500"
"11017","350002","(주)거성","     631,300"
"11018","320238","주식회사 칸라이팅","     631,000"
"11019","540535","주식회사 넥스온","     630,900"
"11020","640084","주식회사 신명","     630,700"
"11021","640168","금운전력 주식회사","     630,600"
"11022","110070","(주)정석","     630,400"
"11023","630142","(주)신일","     628,300"
"11023","112442","주식회사 신성전력","     628,300"
"11025","550548","주식회사 대성전기","     627,800"
"11026","540446","유하 주식회사","     627,000"
"11027","620293","주식회사 남전","     626,700"
"11028","410379","장원전기 주식회사","     626,500"
"11029","311440","(주)고려시스템","     626,300"
"11030","610089","우리산업개발(주)","     626,200"
"11031","203895","에스엠에스전기 주식회사","     625,900"
"11032","204283","주식회사 서브","     625,800"
"11033","540472","주식회사 포스코피에이치솔루션","     625,400"
"11034","203064","주식회사 이지위드","     624,900"
"11034","320575","새빛장애인 사회적협동조합","     624,900"
"11036","111230","주식회사 오창이엔씨","     624,800"
"11037","350227","주식회사 비티에스","     624,500"
"11038","120013","주식회사 수인정보","     624,200"
"11039","420445","신영이엔씨 주식회사","     623,900"
"11040","201400","주식회사 앤트","     623,500"
"11040","312688","주식회사 하이브리드","     623,500"
"11040","150193","(주)삼원종합전기","     623,500"
"11043","620039","(주)삼원전력","     623,300"
"11044","410278","(주)대림엠이씨","     623,200"
"11045","150503","(주)비케이이씨에프","     623,100"
"11046","610435","에스아이이앤씨 주식회사","     623,000"
"11047","170020","세국전력(주)","     622,500"
"11048","203366","주식회사 케이넷츠(K-NETZ Co., Ltd.)","     621,900"
"11049","520190","주식회사 동명오피스","     621,800"
"11049","312402","이츠온 주식회사","     621,800"
"11051","201760","(주)한북통신기술","     620,700"
"11052","350602","주식회사 아이리넥스","     620,300"
"11053","540555","주식회사 토브네트웍스","     619,800"
"11054","112997","(주)한국가스기술공사","     619,500"
"11055","311950","주식회사 케이피엘티","     619,300"
"11056","202384","정한상사","     619,000"
"11057","350394","주식회사 메타","     618,900"
"11058","201621","(주)한일이앤에스","     618,300"
"11059","430376","주식회사 엔비아이티시스템","     617,900"
"11059","320571","주식회사 와이케이텔레콤","     617,900"
"11059","330381","주식회사 가교시스템(GAGYOSYSTEM Co.,Ltd.)","     617,900"
"11059","312712","주식회사 엔티에스아이씨티","     617,900"
"11059","204268","주식회사 엘아이지휴세코","     617,900"
"11059","540558","프로시스템","     617,900"
"11065","610485","주식회사 와이엠정보통신","     616,200"
"11065","440049","주식회사 삼영기업","     616,200"
"11067","201065","(주)세광","     616,000"
"11068","112593","(주)온누리이엔씨","     615,300"
"11069","520120","대경산전(주)","     615,200"
"11070","420549","상왕기업 주식회사","     614,400"
"11070","410200","주식회사 원기업","     614,400"
"11072","510030","주식회사 시원전기","     614,300"
"11073","203778","주식회사 티에스코어 (TS Core Co., Ltd.)","     614,100"
"11074","430378","주식회사 디지텍정보통신","     613,900"
"11075","203101","무원이엔씨 주식회사","     613,800"
"11076","610375","주식회사 도건시스템","     611,600"
"11076","630384","유한회사 엠블","     611,600"
"11078","320061","(주)유성계전","     611,200"
"11079","310550","(주)네콘시스","     610,900"
"11080","550538","에너비스 주식회사","     610,200"
"11081","180064","(주)건우정보통신","     610,000"
"11082","110437","삼환기업(주)","     609,200"
"11082","530205","(주)신흥건설","     609,200"
"11084","203419","주식회사 인코어드테크놀로지스(ENCORED Technologies,Inc.)","     608,500"
"11084","112443","하나로기술(주)","     608,500"
"11086","640059","주식회사 남광","     608,000"
"11087","540492","주식회사 앤플러스시스템","     607,600"
"11088","430364","한세전력 주식회사","     607,000"
"11088","320563","리치시스템 주식회사","     607,000"
"11090","640054","피앤씨(주)","     606,900"
"11091","520073","(주)태양전력","     606,300"
"11092","530112","경남전력 주식회사","     605,700"
"11093","204256","주식회사 하이퍼시티 (HYPerCITY)","     605,100"
"11094","550468","주식회사 동현건설","     604,900"
"11095","203748","주식회사 청호네트웍스","     604,800"
"11096","610257","주식회사 태화","     604,500"
"11097","202599","(주)좋은통신","     603,600"
"11098","610469","씨일렉 주식회사","     603,500"
"11098","350603","큐웨이브정보통신 주식회사","     603,500"
"11100","550416","(주)명성전력","     603,200"
"11101","610209","한일기전(주)","     603,000"
"11102","540482","유성","     602,700"
"11103","630283","주식회사 대건이앤씨","     602,200"
"11104","310070","(주)이피에스솔루션","     602,000"
"11105","640180","주식회사 아이알","     601,900"
"11106","110253","(주)한진","     601,600"
"11107","540529","주식회사 동우시스템","     601,300"
"11108","420398","주식회사 명운","     600,800"
"11109","203693","주식회사 발렉스서비스","     600,500"
"11110","202411","정일씨엔아이(주)","     600,100"
"11111","203322","이피코리아 주식회사","     599,600"
"11112","203968","주식회사 케이티링스","     599,000"
"11113","510805","주식회사 정이엔지","     598,200"
"11113","350629","주식회사 영광이엔씨","     598,200"
"11113","550555","주식회사 비온모빌리티(BION Mobility Co.,Ltd.)","     598,200"
"11113","410441","주식회사 신성이엔지","     598,200"
"11113","410432","주식회사 삼화이엔지","     598,200"
"11113","440089","주식회사 해림이엔지","     598,200"
"11119","510478","(주)타키온정보기술","     597,700"
"11120","540526","주식회사 신성전기","     597,400"
"11121","530279","서창전기통신(주)","     596,400"
"11121","510333","아세아전기 주식회사","     596,400"
"11123","202915","주식회사 청화정보기술","     596,300"
"11124","530346","주식회사 주성전력","     596,200"
"11125","630424","(주)예운씨엔티","     596,000"
"11126","510691","주식회사 고산지에스","     595,400"
"11127","520199","탑이앤지 주식회사","     594,800"
"11128","320446","한양전기 주식회사","     594,600"
"11128","110610","그린이앤씨 주식회사","     594,600"
"11130","312604","주식회사 마르스시스템","     594,500"
"11131","204163","주식회사 유코스텍","     594,400"
"11132","410322","주식회사 대한전기","     594,200"
"11132","410173","우수이앤씨 주식회사","     594,200"
"11134","610507","주식회사 제일전기","     594,100"
"11135","620255","한걸음 주식회사","     593,900"
"11136","311312","가후자동화기술(주)","     593,700"
"11137","620120","주식회사 더원이에스","     593,600"
"11138","540352","경전사","     593,300"
"11139","510694","주식회사 호민이엔지","     593,000"
"11139","312664","주식회사 인플럭스","     593,000"
"11141","550221","주식회사 서경알엔디","     592,900"
"11142","204183","주식회사 포텍에너지","     592,200"
"11142","204240","주식회사 태승전기","     592,200"
"11144","550474","주식회사 엠","     592,000"
"11145","630372","주식회사 위에너지 (WE Energy Co.,Ltd)","     591,600"
"11146","430319","(주)빛나라전기","     591,400"
"11147","540370","(주)에어릭스","     591,000"
"11148","200485","트라이톤시스템즈(주)","     590,900"
"11149","510496","주식회사 금성전력","     590,800"
"11150","320455","주식회사 오케이시스템","     590,700"
"11151","420128","가림전기 주식회사","     590,200"
"11151","311208","주식회사 파맥스테크","     590,200"
"11151","430377","주식회사 비앤케이정보통신","     590,200"
"11154","540499","주식회사 세운전력","     590,100"
"11154","630425","주식회사 나무","     590,100"
"11156","311320","주식회사 우진기전 (WOOJIN MECHANICAL AND ELECTRIC CO., LTD.)","     590,000"
"11157","430375","상승네트워크","     589,900"
"11158","610217","원광전력(주)","     589,700"
"11158","350517","제이네트웍스 주식회사(J Networks Co., Ltd.)","     589,700"
"11160","610508","보영파워테크 주식회사","     588,700"
"11160","320168","(주)청우디엔시","     588,700"
"11162","202950","아이브스 주식회사 (IVS Inc.)","     588,600"
"11163","420558","엠비에스 주식회사","     588,400"
"11164","610295","에스케이시그넷 주식회사(SK Signet Inc.)","     588,000"
"11165","620438","주식회사 봅텍(VOVTECH Inc.)","     587,400"
"11166","150571","(주)아이티공간","     587,000"
"11167","311642","주식회사 주빅스","     586,900"
"11168","203710","주식회사 라인전기","     586,500"
"11168","111618","경창계전(주)","     586,500"
"11168","200618","시큐에스(주)","     586,500"
"11171","311067","(주)제이앤제이파워스","     586,000"
"11172","630070","(주)원반도체","     585,700"
"11173","311581","(주)남산이엔지","     585,600"
"11174","203278","동양비엠에스 주식회사","     585,100"
"11175","510200","성원산전(주)","     584,700"
"11176","640024","(주)태영전력","     584,600"
"11176","310474","(주)거창","     584,600"
"11176","310904","주식회사 디엑스지","     584,600"
"11179","550484","주식회사 태민전력","     584,400"
"11179","311935","에스엠파워텍 주식회사","     584,400"
"11181","203503","주식회사 한세스","     583,900"
"11181","550520","주식회사 다원아이엔씨","     583,900"
"11183","312731","강남에스씨티 주식회사","     583,700"
"11184","620400","주식회사 문호","     583,600"
"11185","312578","주식회사 피앤씨전기","     582,600"
"11186","620014","(주)창경","     582,500"
"11187","610493","주식회사 거상정보통신","     582,400"
"11188","620389","로제비앙건설 주식회사","     579,900"
"11188","510556","주식회사 태영","     579,900"
"11190","320143","(주)대동전력","     579,800"
"11191","630426","(주)부강건설","     578,900"
"11192","540545","주식회사 성암","     578,500"
"11192","550539","주식회사 남부디자인","     578,500"
"11192","610503","주식회사 여수아이티신도리코","     578,500"
"11195","201686","(주)태원전기","     578,400"
"11196","311507","(주)케이엠에스","     576,900"
"11197","620090","(주)에스제이이엔지","     576,400"
"11198","112511","(주)유원이씨에스","     576,000"
"11199","203783","주식회사 미소정보기술","     575,400"
"11200","320525","주식회사 더이레(THE IRE CO.,LTD.)","     575,100"
"11201","610438","삼우테크 주식회사","     574,800"
"11202","110023","신용통신(주)","     574,700"
"11203","630189","주식회사 베스텍이앤지","     574,100"
"11204","150598","(주)디피아이","     573,600"
"11205","312656","주식회사 디원정보통신","     573,100"
"11206","120696","주식회사 한솔정보이앤시","     573,000"
"11207","550530","주식회사 순금","     572,800"
"11207","312191","주식회사 유신전기","     572,800"
"11209","204312","프라이빗에이아이 주식회사 (PRIBIT AI Inc.)","     572,700"
"11209","204261","주식회사 마키나락스(MakinaRocks Co.,Ltd.)","     572,700"
"11209","312387","퍼스트디앤씨 주식회사","     572,700"
"11212","420515","주식회사 천광이엔씨","     572,500"
"11213","620430","(주)블루커넥트","     572,100"
"11214","204141","대명에너지 주식회사","     570,800"
"11215","203537","주식회사 유한이엔씨","     570,700"
"11216","610396","건영전기(주)","     570,600"
"11217","620418","사단법인 샘물복지회","     569,800"
"11217","530379","(주)명진전력","     569,800"
"11219","311644","주식회사 비비테크","     569,600"
"11220","203750","주식회사 백산전기","     569,200"
"11221","410440","주식회사 국제그린빌드","     568,600"
"11222","200027","(주)메가크래프트","     568,300"
"11222","420055","(주)풍성","     568,300"
"11224","312535","주식회사 한길테크","     568,000"
"11225","203288","주식회사 시울에너지","     567,600"
"11226","540392","경일엔지니어링 주식회사","     567,200"
"11227","311595","부영산전(주)","     567,000"
"11228","640002","(주)세경","     566,900"
"11229","200075","엘아이지디펜스앤에어로스페이스 주식회사(LIG Defense&Aerospace Co., Ltd.)","     566,200"
"11230","202556","(주)티팩토리","     566,000"
"11231","550453","오페 주식회사","     565,800"
"11232","204076","주식회사 삼정이엔엠","     565,600"
"11233","510788","주식회사 신성전기공사","     565,300"
"11234","410332","(주)아이티에스","     564,900"
"11235","203818","샘코씨앤디 주식회사","     564,000"
"11235","320274","주식회사 한마루이엔씨 (E&C)","     564,000"
"11237","410299","청정테크 주식회사","     563,100"
"11238","311997","산일전기 주식회사","     563,000"
"11239","310223","스피맥스(주)","     562,900"
"11240","540536","태경정보통신 주식회사","     562,600"
"11241","620280","사단법인 힘찬장애인복지회","     561,700"
"11242","530404","주식회사 문창","     561,600"
"11243","110052","주식회사 넥서스네트웍스","     561,100"
"11244","110657","(주)한국전설","     560,900"
"11245","330382","주식회사 삼봉정보통신","     560,400"
"11246","111125","보성전기산업(주)","     559,900"
"11247","320505","주식회사 유진일렉트로닉스","     559,700"
"11248","510609","(주)세풍전기","     559,100"
"11249","620346","주식회사 리채","     559,000"
"11250","204260","주식회사 라온어스","     558,800"
"11250","204315","아이비전","     558,800"
"11250","204348","우창정보기술 주식회사","     558,800"
"11250","204258","주식회사 세종오토메이션","     558,800"
"11254","620059","주식회사 대승전력소방건설","     558,500"
"11255","204138","주식회사 가람아이티","     557,500"
"11256","312414","주식회사 아이온스","     557,400"
"11257","120695","주식회사 경서통신","     557,100"
"11258","620385","화성엔지니어링","     556,800"
"11259","203483","장학건설 주식회사","     556,300"
"11260","550472","(주)여명라이팅","     556,200"
"11261","312415","주식회사 엔투테크","     556,100"
"11262","620213","보광종합건설 주식회사","     555,800"
"11263","120191","주식회사 건우","     555,500"
"11264","311571","(주)에이치엔에이치","     555,400"
"11265","510799","주식회사 케이에스정보통신","     554,700"
"11265","320582","주식회사 한주","     554,700"
"11267","204276","주식회사 와이엠엑스(YMX Inc.)","     554,200"
"11268","540474","주식회사 태인전력","     553,900"
"11268","620411","주식회사 나래이엔씨","     553,900"
"11270","620342","주식회사 청우아이티","     553,800"
"11271","540549","태영이엔씨 주식회사","     553,300"
"11272","204319","위템 주식회사(Wetem Co.,Ltd)","     553,000"
"11273","510772","주식회사 피에이","     552,800"
"11273","410425","주식회사 명신일렉트릭","     552,800"
"11273","430340","주식회사 에스피일렉트릭","     552,800"
"11276","540115","(주)중앙전기공사","     551,600"
"11276","550482","주식회사 대룡전력","     551,600"
"11278","312627","이엔피알 주식회사","     551,100"
"11279","312559","주식회사 필그림","     550,400"
"11279","630382","주식회사 신원건설","     550,400"
"11281","510813","주식회사 티케이시스템(tksystem Inc.)","     548,900"
"11282","520193","주식회사 하나에이텍","     547,600"
"11283","311880","태극아이비에이 주식회사","     547,500"
"11284","540398","우성기전 주식회사","     547,200"
"11285","311914","(주)제이온테크","     547,100"
"11286","420545","에스티에프엔지니어링 주식회사","     547,000"
"11287","630374","주식회사 동서기술","     546,300"
"11288","540522","라온 주식회사","     545,600"
"11289","320138","(주)제이엔에스","     545,100"
"11290","312668","주식회사 서우일렉트","     542,700"
"11290","410382","주식회사 충남인에스","     542,700"
"11292","630364","주식회사 아이즈텍","     542,200"
"11293","410380","주식회사 중앙일렉트릭","     541,900"
"11294","320384","주식회사 정문씨앤씨","     541,600"
"11295","200042","(주)미래일렉스","     541,100"
"11296","430068","주식회사 우연시스템","     540,600"
"11297","203332","주식회사 케이제이이엔지","     540,500"
"11298","320569","주식회사 제이에치테크","     540,400"
"11299","311964","올라이트라이프 주식회사","     540,100"
"11300","540485","(주)피앤피","     540,000"
"11301","420470","주식회사 다빈이앤씨","     539,900"
"11302","350017","덕성전력(주)","     539,800"
"11303","312213","이원이앤이 주식회사","     539,300"
"11304","312611","주식회사 아올시스템","     539,100"
"11304","430379","주식회사 드림씨앤티","     539,100"
"11304","620441","정평시스템 주식회사","     539,100"
"11304","312741","주식회사 덕우","     539,100"
"11304","310322","주식회사 오르비스","     539,100"
"11304","610504","유한회사 미래솔루션","     539,100"
"11310","430334","주식회사 도담","     539,000"
"11311","530359","주식회사 한성이엔지","     538,400"
"11312","610079","주식회사 디와이이","     537,900"
"11313","204039","파워메카 주식회사","     537,100"
"11313","113157","(주)다솔이앤씨","     537,100"
"11315","420516","지니정보시스템","     536,900"
"11316","310414","환경에너지솔루션 주식회사(Environment & Energy Solution CO., LTD.)","     536,800"
"11317","610442","주식회사 현광엔지니어링","     535,300"
"11318","312768","주식회사 청송건설","     535,000"
"11319","312725","대보건설 주식회사","     534,500"
"11320","320536","금성전기공사","     534,000"
"11321","540546","올바른시스템","     533,700"
"11321","120607","코리아통신공사","     533,700"
"11323","310072","(주)중앙컴정보통신","     533,600"
"11323","520204","에이치원","     533,600"
"11325","312577","주식회사 시스텍","     533,300"
"11326","630409","유한회사 새일기술산업","     533,000"
"11327","311833","주식회사 한성테크","     532,900"
"11328","203848","사단법인 행복일자리운동본부","     532,800"
"11329","540538","호광","     532,300"
"11330","330364","주식회사 한일티앤씨","     532,100"
"11330","540523","대경파워텍(주)","     532,100"
"11332","430366","주식회사 대한기계설비성능점검원","     531,300"
"11333","113001","(주)건양전기신호","     530,700"
"11333","410376","스카이솔라 주식회사","     530,700"
"11335","320277","성림전설 주식회사","     529,400"
"11336","430371","케이엘아이티 주식회사 (KLIT Inc.)","     527,100"
"11336","204280","주식회사 보고넷","     527,100"
"11338","310351","(주)파워토스","     526,700"
"11339","113337","주식회사 광원","     526,300"
"11340","640185","(주)에코파워텍","     525,400"
"11340","540395","주식회사 케이디","     525,400"
"11340","203488","유원엔지니어링 주식회사","     525,400"
"11343","350537","주식회사 옥토","     524,400"
"11344","312151","주식회사 비에스에너지(BS ENERGY Co.,Ltd.)","     524,300"
"11345","610212","삼일엔지니어링 주식회사","     523,300"
"11346","311104","(주)포윈","     522,200"
"11347","640187","(주)우주주차","     521,500"
"11348","312490","봄해랑사회적협동조합","     521,000"
"11349","550549","주식회사 엘컴퍼니","     520,500"
"11350","202854","구네보코리아 주식회사","     520,200"
"11351","204339","주식회사 캡시스(KEPSYS Co.,Ltd)","     519,300"
"11351","510810","주식회사 정안전기술단","     519,300"
"11351","312409","주식회사 하나이엔지","     519,300"
"11351","204270","대신파트너스 주식회사(DaiShin Partners Co., Ltd)","     519,300"
"11351","312723","주식회사 제이스통신","     519,300"
"11351","312724","주식회사 청해엘엔에스","     519,300"
"11351","311716","(주)에스엠엔디","     519,300"
"11358","312748","주식회사 진성","     519,100"
"11359","610501","주식회사 에스에이치테크","     518,400"
"11360","630370","주식회사 태성전설","     517,500"
"11361","530475","주식회사 다온아이티에스","     517,100"
"11362","202343","(주)참정보기술","     516,600"
"11363","350224","두원산업(주)","     515,900"
"11364","510737","주식회사 아이엠지로드","     515,600"
"11365","540554","태경정보통신","     515,300"
"11365","540550","미래엔테크 주식회사","     515,300"
"11365","530479","주식회사 제이에이치엔지니어링","     515,300"
"11365","530485","아이비스 주식회사","     515,300"
"11365","550561","주식회사 카이젠","     515,300"
"11370","630334","주식회사 블루이","     514,600"
"11371","201540","주식회사 포스코와이드(POSCO WIDE)","     514,400"
"11372","311268","(주)디원이엔지","     514,200"
"11373","540497","케이앤에스","     514,000"
"11374","312721","주식회사 케이지파워","     513,600"
"11374","312738","주식회사 기성이엔지","     513,600"
"11374","311565","주식회사 원익피앤이(WONIK PNE CO., LTD.)","     513,600"
"11377","350514","주식회사 이현전기","     513,500"
"11378","510779","주식회사 에너제닉","     513,300"
"11379","112976","서경전기(주)","     512,500"
"11380","311140","(주)글로리이앤씨","     511,900"
"11381","350616","주식회사 모든테크","     511,400"
"11382","410422","주식회사 엔에스컴퍼니","     511,200"
"11383","111865","(주)금화시스템","     510,500"
"11384","430269","(주)명성에이앤티","     510,400"
"11385","630264","주식회사 세우테크윈","     510,300"
"11386","610491","주식회사 명인전기","     510,200"
"11387","150212","주식회사 가원엔지니어링","     509,100"
"11387","312595","주식회사 이지테크리","     509,100"
"11389","312366","주식회사 제이디씨에스 (JDCS)","     508,900"
"11390","640181","스마트아이티","     508,600"
"11391","201130","아이포콤(주)","     508,500"
"11392","320567","스마트한시스템","     508,100"
"11393","312547","주식회사 디오이","     507,500"
"11394","620424","한빛디스플레이","     506,300"
"11395","620191","대양종합솔라팅 주식회사","     506,000"
"11396","203826","주식회사 코너스 (CORNERS CO.,LTD)","     504,800"
"11397","140101","대양종합전력 주식회사","     504,700"
"11397","350047","(주)케이텔","     504,700"
"11399","311021","라이트팹","     504,300"
"11399","203224","주식회사 이노시뮬레이션(INNOSIMULATION CO., LTD.)","     504,300"
"11401","410097","에이치엘에코텍 주식회사(HL Ecotech Co., Ltd.)","     503,700"
"11402","330376","진정보통신","     503,500"
"11402","312739","주식회사 건일이엔지","     503,500"
"11404","610487","휴안 주식회사","     502,900"
"11405","440088","주식회사 첫눈","     502,400"
"11406","312413","태영산업","     502,100"
"11407","610512","씨에스테크 주식회사","     500,900"
"11408","203586","하우텍씨엔알건설(주)","     500,300"
"11409","204350","양창이엔씨 주식회사","     499,600"
"11409","204304","주식회사 테라시스템","     499,600"
"11409","204306","주식회사 뮤텍스","     499,600"
"11409","204310","주식회사 윈즈아이티","     499,600"
"11409","410428","아이플러스 (iplus)","     499,600"
"11409","330385","주식회사 인성이엔지","     499,600"
"11409","420566","주식회사 장원토건","     499,600"
"11409","320580","(주)엘에스파워텍","     499,600"
"11409","410430","주식회사 넥스텝","     499,600"
"11409","312750","주식회사 일광","     499,600"
"11419","310064","(주)빅텍","     499,300"
"11420","311675","주식회사 모노테크","     499,000"
"11421","312065","주식회사 삼호이앤에프","     498,700"
"11422","350605","주식회사 유니크이앤씨","     497,700"
"11422","312583","주식회사 가진이엔지","     497,700"
"11424","312000","주식회사 대성전력건설","     497,300"
"11425","540452","주식회사 대경정보통신","     497,200"
"11426","410392","주식회사 동아전기공사","     496,600"
"11427","420423","클릭소프트(주)","     496,500"
"11428","410434","주식회사 우리전기통신","     496,400"
"11429","540451","주식회사 태성종합기술","     495,500"
"11430","203617","주식회사 엘빅스(ELBIGS co.ltd)","     495,000"
"11431","312554","주식회사 엠아이시스","     494,200"
"11432","540553","주식회사 미라클","     493,800"
"11433","530463","보민종합건설 주식회사","     491,900"
"11433","530466","주식회사 동영","     491,900"
"11435","510726","사단법인 골든장애인협회","     491,400"
"11436","312141","대한전력전자 주식회사","     490,300"
"11436","350060","(주)우호건설","     490,300"
"11438","520099","에이치엔이노밸리 주식회사(HN INNOVALLEY Co., Ltd.)","     489,800"
"11438","630428","주식회사 아람솔루션","     489,800"
"11440","610500","유한회사 제이원","     487,400"
"11441","312776","우리들행복일자리 사회적협동조합","     486,400"
"11442","202346","에스에이씨티(주)","     485,800"
"11443","311341","(주)에프코이엔티","     485,000"
"11444","320555","인우건설 주식회사","     484,900"
"11445","420176","(주)한성시스코","     484,100"
"11446","312427","주식회사 일렉콤","     483,600"
"11447","201936","(주)삼천리이에스","     483,000"
"11448","312625","주식회사 선진이디에스","     482,800"
"11449","201161","(주)유비와이울산병영용사촌","     481,800"
"11450","510523","(주)신우하이텍","     481,700"
"11451","620336","주식회사 유오케이","     481,000"
"11451","201932","(주)아이마켓코리아","     481,000"
"11453","540404","주식회사 조은통신","     480,700"
"11454","204267","주식회사 알에이치에스엔씨","     480,300"
"11455","610509","주식회사 에이치유통신","     479,900"
"11455","320585","주식회사 노바텍스","     479,900"
"11455","540561","주식회사 재백미디어시스템","     479,900"
"11455","204285","팀케이투건설 주식회사","     479,900"
"11455","204300","주식회사 포커스테크놀로지","     479,900"
"11455","312714","주식회사 제이디원","     479,900"
"11461","330373","주식회사 초석전력","     478,000"
"11462","311814","호스트웨이아이디씨 주식회사","     477,100"
"11463","320523","케이시스 주식회사","     477,000"
"11464","330354","주식회사 코레드","     476,400"
"11465","311805","주식회사 씨엘시스템","     476,100"
"11466","540503","네이처아이 주식회사","     476,000"
"11467","204259","주식회사 케이디티콘트롤","     475,800"
"11468","204171","주식회사 하나티앤아이","     475,500"
"11469","111215","신성정보통신공사","     473,300"
"11470","203770","한광전기공업 주식회사 (HANKWANG ELECTRIC Co., Ltd.)","     471,000"
"11470","204166","케이텍이엔씨 주식회사","     471,000"
"11472","312729","주식회사 케이비엘앤티","     469,100"
"11473","350117","(주)발해정보통신","     468,300"
"11474","312194","주식회사 피오텍","     467,400"
"11475","203349","주식회사 한국장애인복지일자리나눔","     467,300"
"11476","550550","주식회사 에이아이네트워크","     466,300"
"11477","420570","주식회사 디에스티솔루션","     464,100"
"11478","320131","(주)우경일렉텍","     464,000"
"11479","640182","주식회사 아진","     463,600"
"11480","203828","주식회사 그린도트","     463,500"
"11481","420200","(주)파워이십일","     461,100"
"11481","540520","주식회사 운산전력","     461,100"
"11483","312772","주식회사 바나나그래픽스","     460,200"
"11483","312766","주식회사 더존통신전기","     460,200"
"11485","350621","주식회사 이지텍인터내셔널","     460,000"
"11486","112486","(주)우원일렉티","     458,100"
"11487","610301","범우이앤씨(주)","     456,500"
"11488","620207","주식회사 가람이엔씨","     456,100"
"11489","510674","주식회사 캔코","     455,700"
"11490","310956","(주)담스테크","     455,000"
"11491","610304","한국건설 주식회사","     454,900"
"11492","311903","주식회사 솔라위즈","     454,700"
"11493","320500","(주)삼주이엔씨","     454,600"
"11494","204335","명화공업 주식회사","     454,400"
"11494","630406","루미컴 주식회사","     454,400"
"11496","620410","진영토건 주식회사","     453,500"
"11497","610433","주식회사 글리제","     452,800"
"11498","350397","주식회사 아이티앤","     451,800"
"11499","140226","남해종합개발 주식회사","     451,500"
"11500","202993","주식회사 티시스","     449,800"
"11501","202758","현대계장공업(주)","     449,400"
"11502","510308","성보전기공업(주)","     448,800"
"11503","530481","주식회사 맨투맨","     448,200"
"11504","312579","주식회사 코리아엔지니어링","     447,200"
"11505","610172","드림텍시스템(주)","     445,200"
"11506","204340","주식회사 이레시스(IRESYS Co.,Ltd)","     444,300"
"11507","430360","(주)오션엔지니어링","     443,000"
"11508","620409","주식회사 아텍","     441,400"
"11509","320545","주식회사 홈네트워크코리아","     439,100"
"11510","620380","(주)엠아이소프트","     438,700"
"11511","310520","한화에너지 주식회사","     435,900"
"11512","204337","주식회사 대명이십일","     434,700"
"11512","312717","주식회사 우일정보통신","     434,700"
"11512","410435","주식회사 부강이엔지","     434,700"
"11512","620440","주식회사 호그린에어","     434,700"
"11516","620334","주식회사 에니트(ENITT Co., Ltd.)","     434,600"
"11517","204269","주식회사 인티어리(Intheory co.,ltd.)","     434,500"
"11518","202329","와이피피(주)","     434,400"
"11519","113291","(주)카스","     433,500"
"11519","312485","한화모멘텀 주식회사","     433,500"
"11521","312643","주식회사 다온전력","     429,600"
"11522","440084","주식회사 나인소프트","     429,000"
"11523","203243","주식회사 피앤씨솔루션","     428,100"
"11524","311815","우리이엔지 주식회사","     426,700"
"11525","620421","이지테크","     424,700"
"11526","204204","주식회사 씨앤씨라이트웨이(C&C LIGHTWAY, INC)","     423,700"
"11527","204279","주식회사 제이소프트랩","     418,800"
"11528","330156","주식회사 미성테크","     415,200"
"11529","204289","사단법인 대한민국공무원 공상유공자회","     413,800"
"11530","540484","주식회사 위즈플러스","     412,300"
"11531","204294","주식회사 나원이엔씨","     409,900"
"11532","312633","주식회사 세화","     409,200"
"11532","320209","주식회사 대주이엔지","     409,200"
"11534","510766","주식회사 스타칸(STAR KHAN Co.,Ltd.)","     409,000"
"11535","350589","소리사운드","     408,400"
"11536","350634","주식회사 네오지에스","     405,500"
"11537","204322","주식회사 가전각색","     404,900"
"11538","350083","이브이시스 주식회사","     403,600"
"11539","410303","주식회사 코스모산전","     403,100"
"11540","530399","주식회사 우리통신","     402,900"
"11541","540407","신성이앤에스 주식회사","     402,200"
"11542","350549","주식회사 서광","     401,800"
"11543","204303","주식회사 조은아이티엑스","     401,200"
"11544","530473","주식회사 로진아이티","     401,100"
"11545","312745","주식회사 웰크론한텍","     400,200"
"11546","320542","이든스퀘어 주식회사","     399,800"
"11547","510802","주식회사 선진통신","     399,100"
"11548","640147","라온건설 주식회사","     398,200"
"11549","320578","디아이정보통신","     394,100"
"11550","610483","주식회사 에스와이이앤씨","     393,800"
"11551","202102","(주)에스이랩","     390,400"
"11552","312607","협화전기공업 주식회사","     388,700"
"11553","113143","(주)한국미디어테크","     387,600"
"11554","630427","(유)우리종합관리","     387,400"
"11555","201343","유니모테크놀로지(주)","     386,400"
"11556","204264","주식회사 클라우드앤","     385,200"
"11557","440034","세종환경기술(주)","     384,900"
"11558","510378","(주)신태양건설","     384,300"
"11559","203276","주식회사 플루멘코리아 (FLUMEN KOREA Co.,Ltd.)","     382,400"
"11560","440078","가로등이야기 주식회사","     381,300"
"11561","330185","주식회사 지에이","     380,100"
"11562","311738","베올리아산업개발코리아 주식회사","     379,800"
"11563","530447","주식회사 에이젠코어 (AGENCORE CO.,LTD.)","     378,000"
"11564","112288","유광미디어","     376,000"
"11565","540304","에이펙스인텍(주)","     365,700"
"11566","201948","텍넷(주)","     365,300"
"11567","311214","(주)리테일테크","     364,600"
"11568","204077","주식회사 에스코한국(ESCO Korea Co., Ltd.)","     362,700"
"11569","203629","포커스미디어코리아 주식회사","     360,200"
"11570","350572","코스모전기 주식회사","     359,600"
"11571","510665","에스디전력 주식회사","     358,400"
"11572","202289","(주)금란텔레콤","     356,200"
"11573","312543","주식회사 지구시스템","     354,900"
"11574","610498","주식회사 로커스","     354,600"
"11574","430308","대성쎌틱에너시스(주)","     354,600"
"11576","620291","주식회사 유탑건설","     351,900"
"11577","530360","주식회사 라온에이치씨","     351,300"
"11578","204262","주식회사 폭스커넥트","     349,600"
"11579","202899","주식회사 퍼셉트 (Percept Co., Ltd.)","     342,400"
"11580","312104","주식회사 실라벌","     340,500"
"11580","312182","주식회사 키프코우주항공","     340,500"
"11582","620431","수인개발","     331,900"
"11583","420498","이엠시티 주식회사","     331,300"
"11584","350513","주식회사 포유디지탈","     330,400"
"11585","350614","주식회사 다다정보통신","     329,100"
"11586","320221","명인씨앤씨 주식회사","     326,000"
"11586","312259","주식회사 에스티엔","     326,000"
"11588","311583","비바아이티에스(주)","     324,700"
"11589","203401","주식회사 이지차저(Easy Charger Co., Ltd)","     323,000"
"11589","201043","(주)도전하는사람들","     323,000"
"11589","312476","주식회사 엘프테크","     323,000"
"11589","203904","주식회사 플럭시티 (Pluxity Co., Ltd.)","     323,000"
"11593","203381","주식회사 제로원아이티","     317,800"
"11594","203509","주식회사 스누아이랩","     317,600"
"11595","312760","주식회사 동인이엔지","     310,200"
"11596","420551","이음넥스트","     301,900"
"11597","312665","주식회사 준이엔지","     299,400"
"11598","420544","주식회사 아라드네트웍스","     294,400"
"11599","311094","동우건설 주식회사","     292,900"
"11600","520096","태평양시스템 주식회사","     291,100"
"11600","203497","주식회사 넷세이프코리아","     291,100"
"11602","320427","주식회사 성일시스템","     290,600"
"11603","311824","(주)세븐미어캣","     289,300"
"11604","311435","주식회사 세진테크 ","     285,500"
"11605","311544","(주)에스디테크놀러지","     285,300"
"11606","201813","하하정보통신(주)","     284,100"
"11607","203447","에이엔티코리아 주식회사","     283,500"
"11607","202210","포인트아이 주식회사(POINTI Co., Ltd.)","     283,500"
"11609","630347","제이엠정보통신","     283,000"
"11610","312071","주식회사 디에이치디","     274,700"
"11611","311041","창성건설(주)","     273,200"
"11612","630326","유한회사 아이티솔루션","     272,500"
"11613","110646","효성티앤에스 주식회사","     271,300"
"11614","540389","(주)에스알디코리아","     270,700"
"11615","201285","주식회사 엠알바스","     267,400"
"11616","110362","한일건설(주)","     266,000"
"11617","203903","주식회사 쿼드마이너","     252,000"
"11618","200638","주식회사 에티버스 (ETEVERS CO.,LTD.)","     249,800"
"11619","203180","주식회사 비에이인프라","     245,400"
"11620","201810","(주)새하컴즈","     244,100"
"11620","310186","(주)오맥스","     244,100"
"11620","203153","주식회사 프리티(FreeT, Inc.)","     244,100"
"11623","350531","주식회사 에이스전자","     240,000"
"11624","200315","(주)케이씨이아이","     230,800"
"11625","440066","주식회사 새롬아이씨티","     227,500"
"11626","520082","중앙미디어네트워크(주)","     227,300"
"11627","203449","주식회사 타이드(TIDE Co., Ltd.)","     225,400"
"11627","203335","청안미디어","     225,400"
"11629","201651","(주)엑스엔시스템즈","     207,800"
"11630","203451","주식회사 데이터스트림즈","     205,700"
"11631","420531","주식회사 줄탁동시소프트","     204,600"
"11631","312372","올테크","     204,600"
"11631","204083","주식회사 코어빌더(CoreBuilder Co., Ltd.)","     204,600"
"11631","203432","스탠다드네트웍스 주식회사","     204,600"
"11635","310373","주식회사 성우","     190,400"
"11636","310914","(주)유스텍","     187,800"
"11637","113070","주식회사 청화이엔씨","     184,800"
"11638","630013","(주)비젼웨이브","     183,200"
"11639","200957","주식회사 씨아이에스엠텍(CISMTECH Co., Ltd)","     170,700"
"11640","203805","에이제이아이씨티 주식회사 (AJ ICT Co. Ltd.)","     165,200"
"11641","203200","비엠텍시스템 주식회사(BM Tech System Co., Ltd.)","     146,500"
