대분류,중분류,순위,상호,대표자,소재지,등록번호,시공능력평가액,공사실적평가액,경영평가액,기술능력평가액,신인도평가액,건설공사실적,기술자수
소방설비,소방시설공사업(전문),1,삼성물산 주식회사,오세철,서울,2016-02-00340,263008900,,,,,,
소방설비,소방시설공사업(전문),2,(주)우현이앤지,조기남,서울,제강남2001-20호,242507300,,,,,,
소방설비,소방시설공사업(전문),3,(주)세보엠이씨,김우영,서울,제서초 85-15호,211000300,,,,,,
소방설비,소방시설공사업(전문),4,(주)파라텍,박선기,충남,2022-02-00383,206753300,,,,,,
소방설비,소방시설공사업(전문),5,아이파크현대산업개발 주식회사,정경구,서울,제용산85-4호,203730600,,,,,,
소방설비,소방시설공사업(전문),6,(주)지에프에스,김현식,경기(북),제의정부 93-03호,202478800,,,,,,
소방설비,소방시설공사업(전문),7,주식회사 정도,이우형,서울,제송파 1992-7호,196835800,,,,,,
소방설비,소방시설공사업(전문),8,유한책임회사 엠케이지,한혜숙,경기(남),경기하남 제2004-2호,186783500,,,,,,
소방설비,소방시설공사업(전문),9,주식회사 무경,김명섭,울산,제 2003-5호,184116300,,,,,,
소방설비,소방시설공사업(전문),10,화성엔지니어링 주식회사,김도형,서울,2019-02-00276,168039300,,,,,,
소방설비,소방시설공사업(전문),11,(주)케이텔,김용기,경기(북),제경기의정부 2006-7호,167017100,,,,,,
소방설비,소방시설공사업(전문),12,세일이엔에스(주),이성규,서울,제강남97-17호,163850700,,,,,,
소방설비,소방시설공사업(전문),13,(주)대한이엔지,박미숙,부산,제90-86호,156714100,,,,,,
소방설비,소방시설공사업(전문),14,(주)세방테크,강치성,서울,2018-02-00137,154083300,,,,,,
소방설비,소방시설공사업(전문),15,디엘건설 주식회사,여성찬,인천,제2008-11호,150655300,,,,,,
소방설비,소방시설공사업(전문),16,(주)대우건설,김보현,서울,2019-02-00278,146465300,,,,,,
소방설비,소방시설공사업(전문),17,롯데건설(주),오일근,서울,제서초85-7호,144765100,,,,,,
소방설비,소방시설공사업(전문),18,에이치디씨랩스(주),이준형,서울,2022-02-00168,141207200,,,,,,
소방설비,소방시설공사업(전문),19,중원엔지니어링(주),박정필,서울,제광진 1998-5호,135560500,,,,,,
소방설비,소방시설공사업(전문),20,(주)신동양기업,박태은,대구,제2015-8호,134609700,,,,,,
소방설비,소방시설공사업(전문),21,(주)서희건설,김원철,경기(남),2023-02-00282,133655800,,,,,,
소방설비,소방시설공사업(전문),22,대하산업개발(주),이기준,전남광주(광주),제2013-마-6호,128953100,,,,,,
소방설비,소방시설공사업(전문),23,(주)삼호이앤에프,이성호,경기(남),경기수원 제2009-61호,121181200,,,,,,
소방설비,소방시설공사업(전문),24,(주)건국이엔아이,박정렬,서울,제광진 2005-8호,120380500,,,,,,
소방설비,소방시설공사업(전문),25,제일건설(주),허만공,전남광주(광주),2026-02-00012,104706400,,,,,,
소방설비,소방시설공사업(전문),26,윤창기공(주),김경규,서울,제송파 1997-8호,103303600,,,,,,
소방설비,소방시설공사업(전문),27,(주)호반건설,박철희,서울,2022-02-00244,99834900,,,,,,
소방설비,소방시설공사업(전문),28,에스케이에코플랜트(주),장동현,서울,제종로1985-17호,97502900,,,,,,
소방설비,소방시설공사업(전문),29,대진공무(주),박종옥,서울,제광진1988-3호,96371500,,,,,,
소방설비,소방시설공사업(전문),30,(주)남경,이원득,부산,제99-12호,91876500,,,,,,
소방설비,소방시설공사업(전문),31,(주)케이씨이앤씨,정순찬,서울,제강남2012-10호,91224300,,,,,,
소방설비,소방시설공사업(전문),32,(주)우진아이엔에스,홍경모,서울,제서초 85-1호,88521500,,,,,,
소방설비,소방시설공사업(전문),33,대아이앤씨(주),배형기,서울,2017-02-00396,88211400,,,,,,
소방설비,소방시설공사업(전문),34,(주)삼영기업,금동흠,서울,제서초 97-17호,87921700,,,,,,
소방설비,소방시설공사업(전문),35,(주)창원기전,김귀범,경기(남),경기분당 제2011-6호,84364100,,,,,,
소방설비,소방시설공사업(전문),36,(주)캐스트윈,김낙희,서울,제강남 94-1호,81412100,,,,,,
소방설비,소방시설공사업(전문),37,(주)진화이앤씨,박종원,서울,제서초 85-3호,81002500,,,,,,
소방설비,소방시설공사업(전문),38,웰시스템(주),김종길,경기(북),경기남양주제2008-6호,75231100,,,,,,
소방설비,소방시설공사업(전문),39,현대건설(주),이한우,서울,제종로1985-4호,73102300,,,,,,
소방설비,소방시설공사업(전문),40,(주)백산이엔씨,김주환,대구,제2001-3호,72936000,,,,,,
소방설비,소방시설공사업(전문),41,(주)반도건설,이정렬,서울,2017-02-00017,70616500,,,,,,
소방설비,소방시설공사업(전문),42,(주)비전엔지니어링,이현수,경기(남),경기수원제2013-07호,70079800,,,,,,
소방설비,소방시설공사업(전문),43,다스코 주식회사,한상원,전남광주(전남),2026-02-00180,69323600,,,,,,
소방설비,소방시설공사업(전문),44,진성산업개발(주),손경석,전북,2016-02-00513,68414300,,,,,,
소방설비,소방시설공사업(전문),45,(주)성보엔지니어링,김형철,서울,제서초 2004-34호,66694300,,,,,,
소방설비,소방시설공사업(전문),46,프로테크(주),구현민,경기(북),경기포천 제2005-06호,64648300,,,,,,
소방설비,소방시설공사업(전문),47,덕신건업(주),조인제,경남,진주1993-2호,62618100,,,,,,
소방설비,소방시설공사업(전문),48,코오롱글로벌(주),김영범,경기(남),경기과천 제99-3호,61870400,,,,,,
소방설비,소방시설공사업(전문),49,(주)한은이엔씨,이진수,서울,제강남85-32호,61792800,,,,,,
소방설비,소방시설공사업(전문),50,(주)홍익엔지니어링,정종익,경기(남),경기성남 제2004-3호,61099800,,,,,,
소방설비,소방시설공사업(전문),51,백제소방 주식회사,신기호,대전,제2015-7호,59119400,,,,,,
소방설비,소방시설공사업(전문),52,삼언전공(주),공석복,서울,제광진1998-3호,59021400,,,,,,
소방설비,소방시설공사업(전문),53,두산건설(주),이정환,서울,강남92-1호,57501000,,,,,,
소방설비,소방시설공사업(전문),54,지에스건설(주),허윤홍,서울,제종로1985-23호,57467900,,,,,,
소방설비,소방시설공사업(전문),55,주식회사 에스엠테크뉴,"조송연,김은식",경기(북),2021-02-00188,57110900,,,,,,
소방설비,소방시설공사업(전문),56,삼화건업(주),변화곤,대구,제96-30호,56509900,,,,,,
소방설비,소방시설공사업(전문),57,구보공영(주),이상영,서울,제서초85-17호,56323900,,,,,,
소방설비,소방시설공사업(전문),58,(주)삼아에코빌,박민준,부산,제1990-91호,55707600,,,,,,
소방설비,소방시설공사업(전문),59,(주)일우엠이씨,피일용,경기(북),2023-02-00375,55069300,,,,,,
소방설비,소방시설공사업(전문),60,(주)동방방재,민경인,경기(남),경기용인 제1997-13호,54766400,,,,,,
소방설비,소방시설공사업(전문),61,지에스네오텍(주),남기정,서울,제구로94-2호,54691200,,,,,,
소방설비,소방시설공사업(전문),62,(주)세이프시스템,이창혁,경기(남),2016-02-00571,54118000,,,,,,
소방설비,소방시설공사업(전문),63,(주)서한,조종수,대구,제17호,53804700,,,,,,
소방설비,소방시설공사업(전문),64,동부건설(주),윤진오,서울,2020-02-00561,52927000,,,,,,
소방설비,소방시설공사업(전문),65,주식회사 한화,김우석,서울,2018-02-00321,52645800,,,,,,
소방설비,소방시설공사업(전문),66,주식회사 포스코이앤씨,송치영,경북,2023-02-00007,51833100,,,,,,
소방설비,소방시설공사업(전문),67,(주)김앤드이,이준희,서울,강남85-6호,50112100,,,,,,
소방설비,소방시설공사업(전문),68,(주)영동이앤씨,박정일,전남광주(전남),제1985-13호,48719800,,,,,,
소방설비,소방시설공사업(전문),69,(주)진성방재,서명기,경기(북),2022-02-00095,48612100,,,,,,
소방설비,소방시설공사업(전문),70,을지공영(주),서정호,서울,제구로97-15호,48364000,,,,,,
소방설비,소방시설공사업(전문),71,대광이엔지 주식회사,강신창,전남광주(광주),2017-02-00375,47542200,,,,,,
소방설비,소방시설공사업(전문),72,알티엘산업(주),이근태,서울,제송파1992-2호,47118600,,,,,,
소방설비,소방시설공사업(전문),73,환경이엔지(주),유창수,서울,2020-02-00215,46968400,,,,,,
소방설비,소방시설공사업(전문),74,대신산업설비(주),김재업,부산,제88-5호,46695600,,,,,,
소방설비,소방시설공사업(전문),75,(주)신보,유정섭,서울,제마포97-1호,46128900,,,,,,
소방설비,소방시설공사업(전문),76,주식회사 비에스한양,최인호,인천,2025-02-00016,45634300,,,,,,
소방설비,소방시설공사업(전문),77,(주)우리이엔씨,한영일,경기(남),경기의왕 제2014-04호,44857200,,,,,,
소방설비,소방시설공사업(전문),78,존슨콘트롤즈인터내셔널코리아 주식회사,김건수,서울,2017-02-00542,42857000,,,,,,
소방설비,소방시설공사업(전문),79,(주)국도설비,정하섭,대전,제92-14호,42548200,,,,,,
소방설비,소방시설공사업(전문),80,대영이앤디(주),박준철,서울,제송파1985-8호,42340300,,,,,,
소방설비,소방시설공사업(전문),81,(주)오에스엘이엔지,한수진,서울,제송파 2007-13호,41900700,,,,,,
소방설비,소방시설공사업(전문),82,(주)엡스엔지니어링,도윤선,인천,인천공단 제2014-08호,40879400,,,,,,
소방설비,소방시설공사업(전문),83,(주)형원이엔지,김정환,경기(북),2015-02-00404,40656500,,,,,,
소방설비,소방시설공사업(전문),84,(주)에이치제이중공업,송경한,부산,99-35,40497800,,,,,,
소방설비,소방시설공사업(전문),85,준제이엔씨(주),고형준,서울,제강남 99-22호,39891500,,,,,,
소방설비,소방시설공사업(전문),86,(주)환승이엔지,정현진,울산,제 2007-7호,39854300,,,,,,
소방설비,소방시설공사업(전문),87,유한회사 삼하기업,박승주,전남광주(광주),제북구96-라-2호,39759500,,,,,,
소방설비,소방시설공사업(전문),88,대호전기(주),최윤채,전남광주(전남),제2009-차-1호,39578000,,,,,,
소방설비,소방시설공사업(전문),89,올라이트라이프(주),김진옥,경기(남),경기안양 제2006-27호,39540400,,,,,,
소방설비,소방시설공사업(전문),90,(주)동위,송창선,대구,제2009-2호,39525600,,,,,,
소방설비,소방시설공사업(전문),91,(주)성도이엔지,이언웅,서울,제강남 2002-14호,39148000,,,,,,
소방설비,소방시설공사업(전문),92,디엘이앤씨 주식회사,박상신,서울,2025-02-00284,38358900,,,,,,
소방설비,소방시설공사업(전문),93,(유)대진소방,정인숙,대전,제2007-24호,37729000,,,,,,
소방설비,소방시설공사업(전문),94,대현기건(주),조연행,서울,제구로97-17호,37681800,,,,,,
소방설비,소방시설공사업(전문),95,(주)대청엔지니어링,성열구,대전,제92-10호,37217300,,,,,,
소방설비,소방시설공사업(전문),96,(주)이에이테크놀로지,전영길,전남광주(광주),2021-02-00245,37028300,,,,,,
소방설비,소방시설공사업(전문),97,(주)광장이엠씨,황갑주,서울,제관악 94-1호,36683900,,,,,,
소방설비,소방시설공사업(전문),98,해성산업개발(주),이연풍,전남광주(광주),제1997-나-01호,36458200,,,,,,
소방설비,소방시설공사업(전문),99,우미건설(주),김영길,전남광주(광주),2023-02-00227,35896600,,,,,,
소방설비,소방시설공사업(전문),100,(주)중앙엔지니어링,정유근,경기(남),2016-02-00445,35678500,,,,,,
소방설비,소방시설공사업(전문),101,(주)태영건설,이강석,경기(남),2022-02-00156,35595900,,,,,,
소방설비,소방시설공사업(전문),102,(주)우노건설,최성열,서울,제강남 2003-7호,35032500,,,,,,
소방설비,소방시설공사업(전문),103,(주)대정기업,김형락,부산,제2004-34호,34858700,,,,,,
소방설비,소방시설공사업(전문),104,상지이앤씨(주),노현상,서울,제광진2013-7호,34754100,,,,,,
소방설비,소방시설공사업(전문),105,(주)금호소방,이재훈,전남광주(광주),제북부 99-라-2호,34576100,,,,,,
소방설비,소방시설공사업(전문),106,에스지씨이앤씨 주식회사,이창모,서울,제서초2002-24호,34375500,,,,,,
소방설비,소방시설공사업(전문),107,에이치에스화성 주식회사,이종원,대구,제9호,34108300,,,,,,
소방설비,소방시설공사업(전문),108,노불방재(주),오경택,서울,구로 2000-6호,34079800,,,,,,
소방설비,소방시설공사업(전문),109,(주)유인엔지니어링,류훈희,대구,제2006-4호,34057000,,,,,,
소방설비,소방시설공사업(전문),110,진성산업(주),손성덕,전북,전주덕진 제2012-5호,33047100,,,,,,
소방설비,소방시설공사업(전문),111,대창설비(주),김영준,대전,제99-1호,32763500,,,,,,
소방설비,소방시설공사업(전문),112,(주)부현전기,김홍수,인천,2019-02-00442,32498700,,,,,,
소방설비,소방시설공사업(전문),113,이케이네이션 주식회사,백정준,대전,제2010-12호,31982100,,,,,,
소방설비,소방시설공사업(전문),114,(주)정진설비,김종배,부산,제94-18호,31949700,,,,,,
소방설비,소방시설공사업(전문),115,씨엔지건설(주),우순정,경기(남),2016-02-00282,31878000,,,,,,
소방설비,소방시설공사업(전문),116,한신공영(주),전재식,경기(남),경기용인 제2003-3호,31755300,,,,,,
소방설비,소방시설공사업(전문),117,지오이앤에프 주식회사,서철,전남광주(광주),2021-02-00587,30920700,,,,,,
소방설비,소방시설공사업(전문),118,현대엔지니어링(주),주우정,서울,제종로2001-7호,30882900,,,,,,
소방설비,소방시설공사업(전문),119,주식회사 지에프아이,이상섭,경기(남),2020-02-00455,30822800,,,,,,
소방설비,소방시설공사업(전문),120,(주)대림,정인,서울,2015-02-00062,30808000,,,,,,
소방설비,소방시설공사업(전문),121,태영종합설비(주),정재영,경기(북),경기고양 제2014-01호,30562500,,,,,,
소방설비,소방시설공사업(전문),122,익전건설(주),박경종,서울,제강서2013-2호,30139200,,,,,,
소방설비,소방시설공사업(전문),123,(주)동우방재,김재모,경기(남),경기성남 제2012-7호,30066700,,,,,,
소방설비,소방시설공사업(전문),124,진흥설비(주),송호용,전북,제2000-124호,30036200,,,,,,
소방설비,소방시설공사업(전문),125,두로산전(주),이윤재,경기(북),경기고양 제2010-03호,29734900,,,,,,
소방설비,소방시설공사업(전문),126,동부엔텍 주식회사,홍문기,서울,2020-02-00299,29712900,,,,,,
소방설비,소방시설공사업(전문),127,(주)대승이엔지,서영민,서울,2023-02-00126,29670200,,,,,,
소방설비,소방시설공사업(전문),128,(합)대선소방설비산업,박대환,충남,2018-02-00192,29536200,,,,,,
소방설비,소방시설공사업(전문),129,(주)태왕이앤씨,노기원,대구,제95-5호,29478800,,,,,,
소방설비,소방시설공사업(전문),130,(자)동화,김연회,경기(남),경기안양 제2004-13호,29450000,,,,,,
소방설비,소방시설공사업(전문),131,지멘스(주),정하중,서울,2022-02-00211,28867700,,,,,,
소방설비,소방시설공사업(전문),132,(자)현대소방시설공사,정병철,전남광주(광주),제북부96-라-7호,28561800,,,,,,
소방설비,소방시설공사업(전문),133,주식회사 디비월드,윤순균,서울,2025-02-00323,28487900,,,,,,
소방설비,소방시설공사업(전문),134,우일기업(주),김종성,대구,제99-8호,28466200,,,,,,
소방설비,소방시설공사업(전문),135,(주)삼진일렉스,김성관,서울,제강남 92-7호,28304200,,,,,,
소방설비,소방시설공사업(전문),136,삼호건영(주),이재현,서울,제서초 86-3호,28106300,,,,,,
소방설비,소방시설공사업(전문),137,효진 주식회사,김인중,전남광주(전남),2026-02-00045,27957100,,,,,,
소방설비,소방시설공사업(전문),138,태림엔지니어링(주),정철,전남광주(광주),제2012-라-4호,27853200,,,,,,
소방설비,소방시설공사업(전문),139,(주)진흥이엔지,이창운,전남광주(광주),2017-02-00089,27841200,,,,,,
소방설비,소방시설공사업(전문),140,경일이엔지(주),권영일,경기(북),경기남양주 제2006-8호,27793400,,,,,,
소방설비,소방시설공사업(전문),141,대우소방산업(주),강호섭,경북,포항2000-1호,27445800,,,,,,
소방설비,소방시설공사업(전문),142,(자)태성산업사,유지연,경북,2019-02-00290,27309200,,,,,,
소방설비,소방시설공사업(전문),143,비봉기업(주),최봉호,전남광주(전남),제2006-가-21호,27263900,,,,,,
소방설비,소방시설공사업(전문),144,보성테크(주),이용술,경기(북),경기파주 제2009-5호,27139200,,,,,,
소방설비,소방시설공사업(전문),145,(주)두형엔지니어링,서승옥,서울,제서초2000-1호,27105900,,,,,,
소방설비,소방시설공사업(전문),146,(주)원건설,이상용,충북,제2005-16호,26468700,,,,,,
소방설비,소방시설공사업(전문),147,주식회사 디와이시,박상용,충남,2020-02-00159,26304600,,,,,,
소방설비,소방시설공사업(전문),148,(유)성전이엔씨,정효관,전남광주(전남),제88-13호,26218700,,,,,,
소방설비,소방시설공사업(전문),149,주식회사 이지스소방,박준길,울산,제2010-4호,26052600,,,,,,
소방설비,소방시설공사업(전문),150,(주)대한엔지니어링,신기호,울산,제 2009-4호,25985600,,,,,,
소방설비,소방시설공사업(전문),151,금호건설 주식회사,조완석,전남광주(전남),제2006-14호,25507500,,,,,,
소방설비,소방시설공사업(전문),152,계룡건설산업(주),윤길호,대전,제85-12호,25280000,,,,,,
소방설비,소방시설공사업(전문),153,(주)성화설비,황용호,경남,제 2008-07호,24970900,,,,,,
소방설비,소방시설공사업(전문),154,종로전기(주),박동천,부산,85-8호,24874100,,,,,,
소방설비,소방시설공사업(전문),155,(주)남양계전,민강기,서울,제서초1996-1호,24846200,,,,,,
소방설비,소방시설공사업(전문),156,미주설비(주),김현천,인천,인천남부제2014-02호,24725600,,,,,,
소방설비,소방시설공사업(전문),157,성일기계(주),오민환,서울,제마포 94-3호,24656800,,,,,,
소방설비,소방시설공사업(전문),158,원광이앤지(주),임연성,충남,천안서북 제2006-1호,24541000,,,,,,
소방설비,소방시설공사업(전문),159,(주)케이씨씨건설,심광주,서울,제서초85-4호,24039900,,,,,,
소방설비,소방시설공사업(전문),160,주식회사 정안산업개발,최장영,전남광주(광주),2021-02-00206,23513800,,,,,,
소방설비,소방시설공사업(전문),161,(주)가나다산업,박성민,서울,제영등포2002-11호,23102300,,,,,,
소방설비,소방시설공사업(전문),162,주식회사 원엔지니어링,이정복,대전,제2014-10호,22988000,,,,,,
소방설비,소방시설공사업(전문),163,대일소방산업(주),김연중,부산,제1986-3호,22890900,,,,,,
소방설비,소방시설공사업(전문),164,태윤엔지니어링 주식회사,윤선채,전남광주(광주),2017-02-00668,22656800,,,,,,
소방설비,소방시설공사업(전문),165,우양기건(주),강세명,서울,제서초 88-1호,22614700,,,,,,
소방설비,소방시설공사업(전문),166,주식회사 이근기전,이형덕,경북,2015-02-00216,22359000,,,,,,
소방설비,소방시설공사업(전문),167,(주)경우이앤씨,이성일,경기(남),2026-02-00017,22296500,,,,,,
소방설비,소방시설공사업(전문),168,(주)비에스이엔지,김철환,경기(남),경기안양 제2005-10호,22280300,,,,,,
소방설비,소방시설공사업(전문),169,(주)태진이에스브이,이정석,경기(남),2017-02-00444,22134300,,,,,,
소방설비,소방시설공사업(전문),170,삼우설비(주),노원석,서울,제강남 91-1호,22115000,,,,,,
소방설비,소방시설공사업(전문),171,(주)성지기공,이호석,인천,2019-02-00456,22079200,,,,,,
소방설비,소방시설공사업(전문),172,(주)광신전설,이범선,경기(남),경기성남 제2003-2호,21969500,,,,,,
소방설비,소방시설공사업(전문),173,주식회사 강남소방이엔씨,윤용중,경북,2016-02-00215,21725300,,,,,,
소방설비,소방시설공사업(전문),174,대종엔지니어링(주),임호빈,서울,2015-02-00053,21649100,,,,,,
소방설비,소방시설공사업(전문),175,영한산업 주식회사,권태인,경기(북),2021-02-00023,21592400,,,,,,
소방설비,소방시설공사업(전문),176,세현건설 주식회사,이성종,서울,제영등포2014-5호,21592100,,,,,,
소방설비,소방시설공사업(전문),177,근영이엔지(주),김중기,서울,2017-02-00317,21422400,,,,,,
소방설비,소방시설공사업(전문),178,(주)현대소방,권순용,전남광주(전남),제2015-마-1호,21226200,,,,,,
소방설비,소방시설공사업(전문),179,우정설비건설(주),김용희,경기(남),경기부천 제2006-20호,21225300,,,,,,
소방설비,소방시설공사업(전문),180,주식회사 제이에스이엔씨,김정현,경기(남),2018-02-00128,21153100,,,,,,
소방설비,소방시설공사업(전문),181,한샘전력(주),김봉호,전남광주(전남),제2009-마-1호,21149700,,,,,,
소방설비,소방시설공사업(전문),182,(주)동산테크,박상순,서울,제마포 92-1호,21073800,,,,,,
소방설비,소방시설공사업(전문),183,바른소방 주식회사,이준범,경기(남),2017-02-00173,21046700,,,,,,
소방설비,소방시설공사업(전문),184,(주)오성엔지니어링,권태정,서울,제서초2008-23호,21038100,,,,,,
소방설비,소방시설공사업(전문),185,피에프에스 주식회사,김형호,경기(북),2018-02-00147,20929400,,,,,,
소방설비,소방시설공사업(전문),186,(주)유경기업,이재근,부산,제1988-50호,20808700,,,,,,
소방설비,소방시설공사업(전문),187,(유)동성엔지니어링,김연태,전북,제2007-1호,20484900,,,,,,
소방설비,소방시설공사업(전문),188,해광이엔씨(주),박시영,서울,제영등포98-8호,20242000,,,,,,
소방설비,소방시설공사업(전문),189,우암건설 주식회사,김영수,경기(남),2020-02-00662,20227200,,,,,,
소방설비,소방시설공사업(전문),190,주식회사 이삭,민은정,경기(북),2020-02-00462,20086200,,,,,,
소방설비,소방시설공사업(전문),191,(주)효산개발,박철우,부산,제2011-26호,20076000,,,,,,
소방설비,소방시설공사업(전문),192,(주)동호이엔씨,성명환,경기(남),경기화성 제2008-26호,20020000,,,,,,
소방설비,소방시설공사업(전문),193,청암기업(주),강종규,제주,제91-1호,20018700,,,,,,
소방설비,소방시설공사업(전문),194,주식회사 창인산업,최선아,경기(남),2017-02-00027,19999100,,,,,,
소방설비,소방시설공사업(전문),195,(주)코원이앤씨,조창규,서울,제광진2002-9호,19918100,,,,,,
소방설비,소방시설공사업(전문),196,창득설비(주),송주창,서울,제용산 2006-1호,19912600,,,,,,
소방설비,소방시설공사업(전문),197,주식회사 진흥전력,박정숙,전남광주(광주),2020-02-00119,19772600,,,,,,
소방설비,소방시설공사업(전문),198,(주)탐진이엔지,박경례,경기(남),2025-02-00353,19648900,,,,,,
소방설비,소방시설공사업(전문),199,(주)초록이노텍,양광호,서울,제구로 92-3호,19418100,,,,,,
소방설비,소방시설공사업(전문),200,세종텔레콤(주),이상철,경기(남),2019-02-00008,19322500,,,,,,
소방설비,소방시설공사업(전문),201,엠앤케이소방 주식회사,김종민,경기(북),2017-02-00321,19321100,,,,,,
소방설비,소방시설공사업(전문),202,진흥기업(주),김태균,인천,인천공단 제2011-4호,19270700,,,,,,
소방설비,소방시설공사업(전문),203,영난이엔지(주),유명열,서울,제영등포2013-3호,19006700,,,,,,
소방설비,소방시설공사업(전문),204,다원씨에스(주),최인성,전남광주(광주),제2012-다-08호,18778900,,,,,,
소방설비,소방시설공사업(전문),205,세종엔지니어링(주),김평용,서울,제송파 1999-7호,18641300,,,,,,
소방설비,소방시설공사업(전문),206,(주)신화전공,최형진,경기(북),경기고양 제2010-06호,18368900,,,,,,
소방설비,소방시설공사업(전문),207,부경엔지니어링(주),구종회,충남,2015-02-00092,18302300,,,,,,
소방설비,소방시설공사업(전문),208,두원이에프씨(주),장병민,서울,제강남85-17호,18292700,,,,,,
소방설비,소방시설공사업(전문),209,주식회사 엠솔루션,정희섭,충북,2019-02-00079,18177200,,,,,,
소방설비,소방시설공사업(전문),210,진성설비(주),우용길,부산,제2015-05호,18130700,,,,,,
소방설비,소방시설공사업(전문),211,(자)신화소방,배남진,전남광주(전남),제88-8호,18086400,,,,,,
소방설비,소방시설공사업(전문),212,(주)한국소방엔지니어링,권혁진,인천,제2015-05호,17958800,,,,,,
소방설비,소방시설공사업(전문),213,(주)세창전기,이종호,경남,김해2004-7호,17893400,,,,,,
소방설비,소방시설공사업(전문),214,(주)신화방재,이명호,경기(북),2024-02-00189,17847800,,,,,,
소방설비,소방시설공사업(전문),215,(주)제일기건,박창재,충남,천안서북 제2003-1호,17697300,,,,,,
소방설비,소방시설공사업(전문),216,종합전기(주),김유훈,서울,제동대문 1985-1호,17690400,,,,,,
소방설비,소방시설공사업(전문),217,(주)토탈방재,배대순,충남,제충남서산 2007-6호,17500100,,,,,,
소방설비,소방시설공사업(전문),218,승아전기(주),김태훈,강원,2019-02-00169,17486600,,,,,,
소방설비,소방시설공사업(전문),219,(주)고려소방,윤창석,대전,제97-5호,17384500,,,,,,
소방설비,소방시설공사업(전문),220,(주)엠비엠이엔지,김정곤,서울,제동대문2009-5호,17285100,,,,,,
소방설비,소방시설공사업(전문),221,(주)청운기공,천용환,서울,제서초 99-2호,17267600,,,,,,
소방설비,소방시설공사업(전문),222,(주)청연이엔지,김석철,경기(남),2022-02-00078,17254100,,,,,,
소방설비,소방시설공사업(전문),223,(주)이랜드건설,정승훈,경기(남),2017-02-00590,17190300,,,,,,
소방설비,소방시설공사업(전문),224,더블루종합설비 주식회사,염정열,경남,2018-02-00295,17008800,,,,,,
소방설비,소방시설공사업(전문),225,(주)호성기건,김만섭,서울,제양천2014-02호,17006700,,,,,,
소방설비,소방시설공사업(전문),226,대흥설비(주),이기조,전남광주(광주),제2007-다-10호,16902400,,,,,,
소방설비,소방시설공사업(전문),227,이수건설(주),김학봉,서울,서초97-12호,16790900,,,,,,
소방설비,소방시설공사업(전문),228,두복산전(주),이영두,서울,2019-02-00025,16788300,,,,,,
소방설비,소방시설공사업(전문),229,(주)새서울엔지니어링,송진모,서울,제구로98-2호,16786800,,,,,,
소방설비,소방시설공사업(전문),230,강우기업(주),이준목,서울,제서초2010-22호,16720500,,,,,,
소방설비,소방시설공사업(전문),231,현대소방설비(주),노환병,대전,제88-28호,16621700,,,,,,
소방설비,소방시설공사업(전문),232,태양방재산업(주),장현석,경기(남),경기오산 제2014-5호,16474100,,,,,,
소방설비,소방시설공사업(전문),233,(주)탑엔지니어링,최성달,경기(남),경기수원 제2009-6호,16442000,,,,,,
소방설비,소방시설공사업(전문),234,(주)하나전기,김선식,서울,제강남2003-25호,16390400,,,,,,
소방설비,소방시설공사업(전문),235,주식회사 더플러스,이재혁,전남광주(광주),2018-02-00361,16385400,,,,,,
소방설비,소방시설공사업(전문),236,(주)미동이엔씨,이우희,서울,제서초 85-6호,16365100,,,,,,
소방설비,소방시설공사업(전문),237,대일전기산업(주),임태원,서울,제용산 1997-1호,16275800,,,,,,
소방설비,소방시설공사업(전문),238,(주)건국소방공사,김형성,전남광주(광주),제서부2006-나-01호,16275500,,,,,,
소방설비,소방시설공사업(전문),239,삼보건축설비(주),박행섭,서울,제송파1994-7호,16237100,,,,,,
소방설비,소방시설공사업(전문),240,베솜 주식회사,하천용,경기(남),2016-02-00186,16215900,,,,,,
소방설비,소방시설공사업(전문),241,(주)창하엔지니어링,김기성,서울,제광진2011-2호,16142800,,,,,,
소방설비,소방시설공사업(전문),242,삼성방재(주),박종철,경기(남),경기수원 제2009-67호,16002200,,,,,,
소방설비,소방시설공사업(전문),243,(주)청우공영,장용석,인천,인천계양 제2012-1호,15962600,,,,,,
소방설비,소방시설공사업(전문),244,대보건설(주),김성호,경기(남),경기화성 제2008-27호,15940500,,,,,,
소방설비,소방시설공사업(전문),245,뉴성진파워(주),이인선,경기(남),경기평택 제2012-1호,15866700,,,,,,
소방설비,소방시설공사업(전문),246,우민전기(주),이학표,서울,2017-02-00440,15707500,,,,,,
소방설비,소방시설공사업(전문),247,기룡이엔씨 주식회사,이중선,경기(남),2017-02-00156,15677900,,,,,,
소방설비,소방시설공사업(전문),248,(주)엠이씨이엔지,송지훈,서울,제동작 2005-7호,15571900,,,,,,
소방설비,소방시설공사업(전문),249,신신이앤씨 주식회사,하상청,서울,2016-02-00628,15540800,,,,,,
소방설비,소방시설공사업(전문),250,동원설비(주),현동수,제주,제제주-2008-2호,15413900,,,,,,
소방설비,소방시설공사업(전문),251,반도산전(주),서보석,부산,제부산2008-5호,15382000,,,,,,
소방설비,소방시설공사업(전문),252,(주)아윤엠이씨,윤승용,경기(남),2016-02-00659,15203400,,,,,,
소방설비,소방시설공사업(전문),253,중앙통신 주식회사,한의동,대전,2026-02-00226,15184200,,,,,,
소방설비,소방시설공사업(전문),254,(주)까뮤이앤씨,권순영,경기(남),경기이천 제2013-03호,15162800,,,,,,
소방설비,소방시설공사업(전문),255,다원엠테크(주),강명훈,인천,2017-02-00328,15145500,,,,,,
소방설비,소방시설공사업(전문),256,(주)건국방재엔지니어링,임완재,서울,제송파1998-10호,14999100,,,,,,
소방설비,소방시설공사업(전문),257,(주)명신화이어이엔지,김일규,서울,송파2003-21호,14957500,,,,,,
소방설비,소방시설공사업(전문),258,(주)한양건설,김헌욱,경기(남),2016-02-00416,14863100,,,,,,
소방설비,소방시설공사업(전문),259,(주)아세아방재,나판주,서울,송파1997-6호,14686100,,,,,,
소방설비,소방시설공사업(전문),260,한성건설(주),송용상,충남,2016-02-00074,14627400,,,,,,
소방설비,소방시설공사업(전문),261,(유)태영설비,이성수,경남,창원2002-19호,14522500,,,,,,
소방설비,소방시설공사업(전문),262,(주)미래지앤씨,양동훈,부산,2017-02-00065,14485500,,,,,,
소방설비,소방시설공사업(전문),263,진우공영(주),이철기,충북,제2004-8호,14257300,,,,,,
소방설비,소방시설공사업(전문),264,세안이엔씨(주),이은상,서울,제강남 88-2호,14247100,,,,,,
소방설비,소방시설공사업(전문),265,(주)해광공영,황용학,경북,제포항 1997-5호,14210400,,,,,,
소방설비,소방시설공사업(전문),266,진호실업(주),김민모,서울,2016-02-00207,14207800,,,,,,
소방설비,소방시설공사업(전문),267,일성건설(주),백종탁,경기(남),2024-02-00128,14155200,,,,,,
소방설비,소방시설공사업(전문),268,(주)빅스타건설,김지윤,경북,2021-02-00520,14086800,,,,,,
소방설비,소방시설공사업(전문),269,(주)신우엔지니어링,김팔원,경북,제구미2014-08호,14052000,,,,,,
소방설비,소방시설공사업(전문),270,주식회사 대명기전,박태주,전남광주(전남),2016-02-00683,14013600,,,,,,
소방설비,소방시설공사업(전문),271,세양개발(주),천명수,울산,제 1999-10호,13949600,,,,,,
소방설비,소방시설공사업(전문),272,경인엔지니어링(주),정재원,경기(남),경기군포 제2006-6호,13900800,,,,,,
소방설비,소방시설공사업(전문),273,서경기술공사(주),민병훈,경남,제김해 2002-5호,13721900,,,,,,
소방설비,소방시설공사업(전문),274,(주)세영이앤지,박영균,서울,제송파2005-39호,13691700,,,,,,
소방설비,소방시설공사업(전문),275,아이앤피 주식회사,최송우,경기(남),2017-02-00569,13606800,,,,,,
소방설비,소방시설공사업(전문),276,주식회사 서경,김평태,경남,경남김해제2011-06호,13568900,,,,,,
소방설비,소방시설공사업(전문),277,주식회사 엘제이 이앤에스,이은석,부산,2018-02-00109,13546700,,,,,,
소방설비,소방시설공사업(전문),278,(주)청림,임원진,경북,제구미2010-6호,13531100,,,,,,
소방설비,소방시설공사업(전문),279,주식회사 성화플러스,신현호,서울,2020-02-00517,13513800,,,,,,
소방설비,소방시설공사업(전문),280,경우전기(주),김한정,서울,제광진 1985-2호,13457300,,,,,,
소방설비,소방시설공사업(전문),281,(유)아남설비사,권홍훈,경남,2018-02-00073,13411200,,,,,,
소방설비,소방시설공사업(전문),282,해오름건설(주),김길수,경기(남),경기안양 제2004-24호,13374100,,,,,,
소방설비,소방시설공사업(전문),283,주식회사 용성이엔지,천대권,전남광주(광주),2016-02-00607,13354400,,,,,,
소방설비,소방시설공사업(전문),284,주식회사 힘찬이엔지,임은빈,전남광주(광주),2020-02-00095,13323100,,,,,,
소방설비,소방시설공사업(전문),285,신동아건설(주),김세준,경기(남),2018-02-00087,13267300,,,,,,
소방설비,소방시설공사업(전문),286,공항시설관리(주),임동만,서울,제강서 2005-1호,13246500,,,,,,
소방설비,소방시설공사업(전문),287,주식회사 양지,윤준영,경기(북),2019-02-00473,13231100,,,,,,
소방설비,소방시설공사업(전문),288,(주)동천산업,곽기융,부산,제2007-4호,13200700,,,,,,
소방설비,소방시설공사업(전문),289,승원엔지니어링(주),김의석,경기(남),경기용인 제2010-01호,13136900,,,,,,
소방설비,소방시설공사업(전문),290,유한회사 포유,이강식,대전,2018-02-00327,13088000,,,,,,
소방설비,소방시설공사업(전문),291,산이건설(주),고형운,전남광주(전남),제2012-아-3호,13012300,,,,,,
소방설비,소방시설공사업(전문),292,주식회사 라미드,이명,대전,2019-02-00213,12975900,,,,,,
소방설비,소방시설공사업(전문),293,금양그린파워(주),이윤철,울산,제 1997-35호,12929000,,,,,,
소방설비,소방시설공사업(전문),294,(주)현진소방엔지니어링,이한홍,경기(남),2018-02-00491,12907600,,,,,,
소방설비,소방시설공사업(전문),295,(주)녹십자이엠,박충권,경기(남),2022-02-00097,12903000,,,,,,
소방설비,소방시설공사업(전문),296,태흥소방산업(주),최민호,서울,제강동95-1호,12815300,,,,,,
소방설비,소방시설공사업(전문),297,에이치엘디앤아이한라 주식회사,홍석화,서울,제송파 1992-5호,12792800,,,,,,
소방설비,소방시설공사업(전문),298,엠케이이엔지 주식회사,김원열,대전,2021-02-00584,12727800,,,,,,
소방설비,소방시설공사업(전문),299,주식회사 동해소방설비,양다엘,강원,2018-02-00031,12640800,,,,,,
소방설비,소방시설공사업(전문),300,주식회사 동강플랜텍,이정주,전남광주(전남),2017-02-00030,12625000,,,,,,
소방설비,소방시설공사업(전문),301,(주)태경소방,정권수,경남,창원2004-5호,12614800,,,,,,
소방설비,소방시설공사업(전문),302,주식회사 제이디엠테크,이우형,서울,2020-02-00188,12609800,,,,,,
소방설비,소방시설공사업(전문),303,주식회사 신승에프앤티,박남준,전남광주(광주),2017-02-00202,12506000,,,,,,
소방설비,소방시설공사업(전문),304,(주)케이알산업,박희성,경기(남),경기이천 제2003-4호,12504900,,,,,,
소방설비,소방시설공사업(전문),305,(주)거산기연,정영근,서울,제노원2011-1호,12485100,,,,,,
소방설비,소방시설공사업(전문),306,주식회사 이앤엠테크,홍정구,경기(북),2019-02-00128,12483500,,,,,,
소방설비,소방시설공사업(전문),307,(주)온세이엔씨,안영식,경기(남),2017-02-00358,12443500,,,,,,
소방설비,소방시설공사업(전문),308,쌍용건설(주),김인수,서울,제송파 1985-5호,12428900,,,,,,
소방설비,소방시설공사업(전문),309,씨제이대한통운(주),민영학,서울,2018-02-00151,12409100,,,,,,
소방설비,소방시설공사업(전문),310,강산건설(주),김성현,서울,제강남86-3호,12385100,,,,,,
소방설비,소방시설공사업(전문),311,이에스방재(주),김은수,경기(북),2021-02-00667,12330800,,,,,,
소방설비,소방시설공사업(전문),312,(주)건동엔지니어링,유경숙,서울,제강북2007-1호,12321300,,,,,,
소방설비,소방시설공사업(전문),313,(주)동승전기,이건선,대전,제97-2호,12283400,,,,,,
소방설비,소방시설공사업(전문),314,한전KPS(주),김홍연,전남광주(전남),제2014-라-08호,12269700,,,,,,
소방설비,소방시설공사업(전문),315,신세계건설(주),강승협,서울,2025-02-00361,12233600,,,,,,
소방설비,소방시설공사업(전문),316,로엠텍(주),박민구,울산,2015-02-00442,12229200,,,,,,
소방설비,소방시설공사업(전문),317,계룡소방이엔지(주),길영웅,대전,제2007-21호,12156100,,,,,,
소방설비,소방시설공사업(전문),318,에스더전자(주),김명화,서울,제구로2002-14호,12148700,,,,,,
소방설비,소방시설공사업(전문),319,(주)이엔티파워,장정수,서울,제마포2009-12호,12135500,,,,,,
소방설비,소방시설공사업(전문),320,에이원엠엔씨(주),김성규,경기(북),2026-02-00086,12071900,,,,,,
소방설비,소방시설공사업(전문),321,(주)경기방재,최대현,경기(북),제의정부 95-11호,12056000,,,,,,
소방설비,소방시설공사업(전문),322,(주)성운티에스피,이지현,경기(남),2017-02-00240,11997100,,,,,,
소방설비,소방시설공사업(전문),323,금강종합건설(주),김춘희,경기(남),2015-02-00259,11978800,,,,,,
소방설비,소방시설공사업(전문),324,우리화재산업(주),김재삼,경기(남),경기광명 제2014-1호,11957700,,,,,,
소방설비,소방시설공사업(전문),325,(주)진흥소방산업,김준환,전남광주(전남),2024-02-00356,11889700,,,,,,
소방설비,소방시설공사업(전문),326,(주)삼성소방공사,위성출,전남광주(전남),제1999-10호,11868900,,,,,,
소방설비,소방시설공사업(전문),327,(주)선우오토텍,김제환,울산,제2014-5호,11852400,,,,,,
소방설비,소방시설공사업(전문),328,삼해인더스트리(주),이종복,대구,2016-02-00280,11813200,,,,,,
소방설비,소방시설공사업(전문),329,대명전력(주),백철승,부산,제2000-31호,11761400,,,,,,
소방설비,소방시설공사업(전문),330,주식회사 신아산업개발,조해선,전남광주(광주),제서부2002-나-5호,11758700,,,,,,
소방설비,소방시설공사업(전문),331,디투유이앤씨(주),공세종,경기(남),2017-02-00315,11733900,,,,,,
소방설비,소방시설공사업(전문),332,(주)한일소방,이대근,울산,제 1997-15호,11732900,,,,,,
소방설비,소방시설공사업(전문),333,오케이엔지니어링(주),오두익,서울,2015-02-00314,11728400,,,,,,
소방설비,소방시설공사업(전문),334,(주)주흥건영,김주문,서울,제구로2000-12호,11717500,,,,,,
소방설비,소방시설공사업(전문),335,(주)서울방재전문기술단,김민종,서울,제서초98-9호,11716800,,,,,,
소방설비,소방시설공사업(전문),336,(주)선민엔지니어링,이용숙,인천,인천남동 제2006-4호,11710700,,,,,,
소방설비,소방시설공사업(전문),337,에이치이티엔(주),박승현,인천,2021-02-00050,11696400,,,,,,
소방설비,소방시설공사업(전문),338,대명산업개발(주),정동진,전남광주(전남),2016-02-00281,11667000,,,,,,
소방설비,소방시설공사업(전문),339,오성방재(주),장경윤,울산,제 2006-4호,11642100,,,,,,
소방설비,소방시설공사업(전문),340,한산시피에스(주),강상윤,경기(남),경기광명 제2011-4호,11628500,,,,,,
소방설비,소방시설공사업(전문),341,(주)우진일렉트,박현식,경기(남),2025-02-00160,11580400,,,,,,
소방설비,소방시설공사업(전문),342,(주)시티건설,김기민,서울,2015-02-00277,11500500,,,,,,
소방설비,소방시설공사업(전문),343,(주)국제플랜트,최진영,부산,제97-10호,11475500,,,,,,
소방설비,소방시설공사업(전문),344,(주)신일이엔씨,김영술,대전,제2012-1호,11467400,,,,,,
소방설비,소방시설공사업(전문),345,(주)보성설비,강혁,대구,제95-1호,11354600,,,,,,
소방설비,소방시설공사업(전문),346,(주)화인메컨,백문길,서울,2016-02-00632,11331400,,,,,,
소방설비,소방시설공사업(전문),347,(주)도원디에스,이정우,서울,제구로2009-9호,11280400,,,,,,
소방설비,소방시설공사업(전문),348,(주)유림,윤보선,전남광주(광주),제2003-마-5호,11263400,,,,,,
소방설비,소방시설공사업(전문),349,우광기전(주),이기진,서울,2019-02-00089,11255600,,,,,,
소방설비,소방시설공사업(전문),350,오무전력 합자회사,김성호,대구,제98-7호,11253500,,,,,,
소방설비,소방시설공사업(전문),351,극동건설(주),박용득,경기(남),2018-02-00028,11211600,,,,,,
소방설비,소방시설공사업(전문),352,(주)종우앤종우소방기술단,허동필,경기(남),2021-02-00304,11200500,,,,,,
소방설비,소방시설공사업(전문),353,주식회사 범진이엔지,마창심,전남광주(광주),2016-02-00669,11198400,,,,,,
소방설비,소방시설공사업(전문),354,(주)케이디이앤씨,최수현,경기(남),2017-02-00430,11185500,,,,,,
소방설비,소방시설공사업(전문),355,파인건설(주),이광수,대전,2015-02-00206,11178800,,,,,,
소방설비,소방시설공사업(전문),356,(주)대영아이엔디,임채국,울산,제 2002-5호,11028600,,,,,,
소방설비,소방시설공사업(전문),357,(주)광안이앤씨,정성우,전남광주(전남),2017-02-00632,11011000,,,,,,
소방설비,소방시설공사업(전문),358,(주)호성EC,손일한,부산,제90-82호,10875300,,,,,,
소방설비,소방시설공사업(전문),359,(주)대일소방,이웅기,전남광주(전남),제2007-마-1호,10872100,,,,,,
소방설비,소방시설공사업(전문),360,경남기업(주),이기동,충남,충남아산 제2004-4호,10836000,,,,,,
소방설비,소방시설공사업(전문),361,(주)정원씨앤에스,박주일,서울,2021-02-00535,10807800,,,,,,
소방설비,소방시설공사업(전문),362,대호방재(주),이순규,서울,송파2001-12호,10789600,,,,,,
소방설비,소방시설공사업(전문),363,(주)경성방재설비,송태호,인천,인천부평2004-1호,10787600,,,,,,
소방설비,소방시설공사업(전문),364,(주)다산기업,권춘오,부산,제부산2001-29호,10782100,,,,,,
소방설비,소방시설공사업(전문),365,(주)유신방재,허근,서울,제강남 98-14호,10758100,,,,,,
소방설비,소방시설공사업(전문),366,육송 주식회사,신경림,경기(남),2019-02-00347,10755100,,,,,,
소방설비,소방시설공사업(전문),367,금호전업(주),성환준,울산,제 1997-21호,10751800,,,,,,
소방설비,소방시설공사업(전문),368,남광토건(주),김종수,경기(남),2016-02-00252,10751700,,,,,,
소방설비,소방시설공사업(전문),369,(주)우리소방,우성석,경남,경남김해제2014-07호,10716600,,,,,,
소방설비,소방시설공사업(전문),370,태양이엔지(주),박철,대전,2019-02-00049,10601000,,,,,,
소방설비,소방시설공사업(전문),371,와이에스에프에스(주),김종남,경기(남),경기안양 제2012-22호,10542300,,,,,,
소방설비,소방시설공사업(전문),372,효성중공업 주식회사,우태희,서울,2018-02-00312,10540600,,,,,,
소방설비,소방시설공사업(전문),373,(주)광덕전력,이복희,대구,제98-11호,10500100,,,,,,
소방설비,소방시설공사업(전문),374,광명건설 주식회사,장경래,서울,2025-02-00260,10485500,,,,,,
소방설비,소방시설공사업(전문),375,(주)삼손공영,손병철,인천,제2005-5호,10472400,,,,,,
소방설비,소방시설공사업(전문),376,혜성소방(주),주문태,울산,제 1997-6호,10456300,,,,,,
소방설비,소방시설공사업(전문),377,(주)한방,김태원,서울,제강남99-14호,10396000,,,,,,
소방설비,소방시설공사업(전문),378,(주)에이스에프에스,박병권,충남,제충남서산 2010-3호,10394700,,,,,,
소방설비,소방시설공사업(전문),379,(합)동아소방,황형태,경남,2018-02-00185,10391600,,,,,,
소방설비,소방시설공사업(전문),380,(주)세이브이앤씨,김강환,경기(북),2015-02-00333,10371600,,,,,,
소방설비,소방시설공사업(전문),381,(주)덕진엔지니어링,이정영,대구,제2001-7호,10367000,,,,,,
소방설비,소방시설공사업(전문),382,(주)중앙소방이앤지,김정섭,인천,인천부평 제2003-1호,10286300,,,,,,
소방설비,소방시설공사업(전문),383,부민공영(주),신성욱,경기(남),2017-02-00232,10285200,,,,,,
소방설비,소방시설공사업(전문),384,주식회사 호반산업,김용일,경기(남),2017-02-00494,10266100,,,,,,
소방설비,소방시설공사업(전문),385,남광전기(주),남기찬,부산,제2006-1호,10230800,,,,,,
소방설비,소방시설공사업(전문),386,(주)유진엔지니어링,최낙진,경기(남),경기안산제2013-12호,10161800,,,,,,
소방설비,소방시설공사업(전문),387,대선이엔씨(주),최준재,서울,제서초1991-2호,10141900,,,,,,
소방설비,소방시설공사업(전문),388,동원건설산업(주),조성진,경기(남),2019-02-00254,10112100,,,,,,
소방설비,소방시설공사업(전문),389,(주)웰크론한텍,이영규,경기(남),2016-02-00188,10106400,,,,,,
소방설비,소방시설공사업(전문),390,(주)박전사,신세하,부산,제96-1호,10074100,,,,,,
소방설비,소방시설공사업(전문),391,(주)국보디자인,황창연,서울,2019-02-00033,10038500,,,,,,
소방설비,소방시설공사업(전문),392,(주)하나전설,정경구,부산,제98-32호,10034500,,,,,,
소방설비,소방시설공사업(전문),393,(합)국일소방설비사,서병옥,대전,제88-5호,10025800,,,,,,
소방설비,소방시설공사업(전문),394,(주)대진소방,문종오,서울,제마포 2006-1호,9939500,,,,,,
소방설비,소방시설공사업(전문),395,신원종합개발(주),김성민,경기(남),경기화성 제2008-8호,9876300,,,,,,
소방설비,소방시설공사업(전문),396,(주)정호시스템,김병호,부산,2002-27호,9862700,,,,,,
소방설비,소방시설공사업(전문),397,(주)태건씨앤씨,김복수,서울,제광진2015-03호,9853400,,,,,,
소방설비,소방시설공사업(전문),398,세원전설(주),최영래,서울,제마포 98-2호,9802200,,,,,,
소방설비,소방시설공사업(전문),399,(주)조양테크,심연순,서울,2016-02-00242,9775000,,,,,,
소방설비,소방시설공사업(전문),400,(주)세림소방,곽홍민,대구,제2007-14호,9764700,,,,,,
소방설비,소방시설공사업(전문),401,(주)에스원엠이씨,손상현,경기(남),2019-02-00273,9761800,,,,,,
소방설비,소방시설공사업(전문),402,(주)케이엠에스,김용한,전남광주(전남),2016-02-00029,9701300,,,,,,
소방설비,소방시설공사업(전문),403,해음전기(주),김년봉,서울,2022-02-00444,9658500,,,,,,
소방설비,소방시설공사업(전문),404,(주)금성백조주택,김영환,대전,제92-13호,9635000,,,,,,
소방설비,소방시설공사업(전문),405,진양에프엔에스(주),홍순선,서울,제송파1999-8호,9632400,,,,,,
소방설비,소방시설공사업(전문),406,씨아이에스이엔지 주식회사,문진희,충남,2019-02-00492,9626600,,,,,,
소방설비,소방시설공사업(전문),407,경운기술산업(주),장은성,경기(남),2023-02-00298,9590400,,,,,,
소방설비,소방시설공사업(전문),408,(유)전북소방,오희석,전북,전북군산 제2001-19호,9526800,,,,,,
소방설비,소방시설공사업(전문),409,(주)세움테크윈,이원일,세종,제2013-1-60호,9525100,,,,,,
소방설비,소방시설공사업(전문),410,(주)세한이엔씨,조영일,충북,2018-02-00008,9505100,,,,,,
소방설비,소방시설공사업(전문),411,(주)강화이엔씨,김철수,전남광주(전남),제2005-11호,9483100,,,,,,
소방설비,소방시설공사업(전문),412,신세계이엔씨 주식회사,이순재,대전,제2005-1호,9452800,,,,,,
소방설비,소방시설공사업(전문),413,유화산업개발(주),이상찬,울산,제 2007-14호,9416700,,,,,,
소방설비,소방시설공사업(전문),414,조은건설(주),이성욱,경기(북),2017-02-00606,9391900,,,,,,
소방설비,소방시설공사업(전문),415,(주)현대이엔티,윤문숙,부산,제부산 99-36호,9358300,,,,,,
소방설비,소방시설공사업(전문),416,우일계전공업(주),백노현,서울,제중랑2012-2호,9346400,,,,,,
소방설비,소방시설공사업(전문),417,대방건설(주),구찬우,경기(북),경기일산 제 2007-4호,9339000,,,,,,
소방설비,소방시설공사업(전문),418,(주)협성기전,김경현,경기(남),2016-02-00474,9300800,,,,,,
소방설비,소방시설공사업(전문),419,(주)광진,이은화,전남광주(전남),2016-02-00542,9290500,,,,,,
소방설비,소방시설공사업(전문),420,(주)대양엔지니어링,채희만,충북,2025-02-00132,9238200,,,,,,
소방설비,소방시설공사업(전문),421,미래소방이엔지 주식회사,안현균,울산,제 2008-6호,9203500,,,,,,
소방설비,소방시설공사업(전문),422,(주)명신기공,방기복,서울,송파1994-2호,9186300,,,,,,
소방설비,소방시설공사업(전문),423,(주)참조은이엔지,강낙관,부산,제2006-02호,9159100,,,,,,
소방설비,소방시설공사업(전문),424,삼부토건(주),오일록,서울,2025-02-00227,9144300,,,,,,
소방설비,소방시설공사업(전문),425,(주)새한에이치테크,오봉진,서울,제강남2007-34호,9143800,,,,,,
소방설비,소방시설공사업(전문),426,(주)삼흥전력,정석만,전남광주(전남),제2003-13호,9132300,,,,,,
소방설비,소방시설공사업(전문),427,신화소방(주),정영옥,경기(남),경기안양 제2002-11호,9128400,,,,,,
소방설비,소방시설공사업(전문),428,동림엔지니어링(주),장병호,충북,제99-4호,9107900,,,,,,
소방설비,소방시설공사업(전문),429,(주)정안디엔씨,이학용,서울,2024-02-00038,9100700,,,,,,
소방설비,소방시설공사업(전문),430,(주)경일소방,이승민,대구,제90-10호,9049000,,,,,,
소방설비,소방시설공사업(전문),431,(주)성원산업,이재형,부산,제2010-4호,9035200,,,,,,
소방설비,소방시설공사업(전문),432,보국이엔씨(주),박현준,경기(남),경기안성제2004-5호,9035200,,,,,,
소방설비,소방시설공사업(전문),433,두원이엔지 주식회사,권태욱,경기(남),2023-02-00001,9035100,,,,,,
소방설비,소방시설공사업(전문),434,(주)지엠이엔씨,최해길,경북,제칠곡 2008-2호,9021000,,,,,,
소방설비,소방시설공사업(전문),435,재영전기(주),오세화,경기(남),경기안성 제2011-5호,9009600,,,,,,
소방설비,소방시설공사업(전문),436,(주)파이어테크,임봉식,울산,제 2000-8호,8995600,,,,,,
소방설비,소방시설공사업(전문),437,경원에프앤씨(주),배영탁,경기(남),경기안산 제2002-3호,8976600,,,,,,
소방설비,소방시설공사업(전문),438,(주)신우전력,윤우혁,전남광주(전남),제2004-14호,8972600,,,,,,
소방설비,소방시설공사업(전문),439,(자)해양소방,신석호,경북,제구미 88-20호,8938600,,,,,,
소방설비,소방시설공사업(전문),440,주식회사 도아,박기덕,경기(남),2021-02-00559,8936500,,,,,,
소방설비,소방시설공사업(전문),441,주식회사 세정이엔지,박하채,전남광주(광주),2022-02-00183,8935600,,,,,,
소방설비,소방시설공사업(전문),442,(주)일도엔지니어링,이정한,전남광주(광주),2021-02-00579,8930400,,,,,,
소방설비,소방시설공사업(전문),443,이화공영(주),한주희,서울,제마포 86-1호,8925000,,,,,,
소방설비,소방시설공사업(전문),444,(자)새한소방설비사,이승재,대전,제85-8호,8910100,,,,,,
소방설비,소방시설공사업(전문),445,(주)창성에이스산업,이의용,경기(남),경기분당 제99-15호,8874400,,,,,,
소방설비,소방시설공사업(전문),446,주식회사 이수엔지니어링,이선미,대전,2019-02-00321,8816500,,,,,,
소방설비,소방시설공사업(전문),447,(주)원진엔지니어링,백승열,서울,제영등포99-08호,8797300,,,,,,
소방설비,소방시설공사업(전문),448,(주)남해전기,박갑봉,경남,남해 제2000-8호,8777300,,,,,,
소방설비,소방시설공사업(전문),449,지엠방재산업(주),김태형,서울,제서초2013-18호,8776100,,,,,,
소방설비,소방시설공사업(전문),450,(주)경원소방기술단,임권철,서울,2019-02-00014,8758700,,,,,,
소방설비,소방시설공사업(전문),451,(주)이남성,김경아,전남광주(전남),제2008-가-2호,8741800,,,,,,
소방설비,소방시설공사업(전문),452,주식회사 화영이엔씨,장원순,경기(북),2018-02-00069,8735700,,,,,,
소방설비,소방시설공사업(전문),453,(주)대주전력,여영규,경기(남),경기광명 제2008-2호,8695100,,,,,,
소방설비,소방시설공사업(전문),454,(주)하이맥스,김강호,경기(남),경기성남 제2005-6호,8691100,,,,,,
소방설비,소방시설공사업(전문),455,(주)서우건설산업,이자영,서울,2023-02-00338,8689900,,,,,,
소방설비,소방시설공사업(전문),456,(주)서광전기공사,한현기,경기(남),2021-02-00307,8667300,,,,,,
소방설비,소방시설공사업(전문),457,(주)제이원방재,박종국,경기(남),2024-02-00337,8632900,,,,,,
소방설비,소방시설공사업(전문),458,현대방재엔지니어링(주),문장열,울산,제 2005-14호,8562400,,,,,,
소방설비,소방시설공사업(전문),459,(유)부건소방설비,정준호,전북,제2005-3호,8529700,,,,,,
소방설비,소방시설공사업(전문),460,(주)대륙기업,김종욱,대전,제2007-5호,8521400,,,,,,
소방설비,소방시설공사업(전문),461,우성전자(주),송해영,경기(남),경기군포 제2009-5호,8503100,,,,,,
소방설비,소방시설공사업(전문),462,부림방재(주),권기철,경북,제포항 2002-2호,8485100,,,,,,
소방설비,소방시설공사업(전문),463,은진기업(주),노수문,대전,제2006-12호,8469300,,,,,,
소방설비,소방시설공사업(전문),464,명진방재산업(주),김선수,전남광주(광주),제2011-나-13호,8460400,,,,,,
소방설비,소방시설공사업(전문),465,(주)진흥이엔지,김용진,경기(남),경기군포 제2013-4호,8437200,,,,,,
소방설비,소방시설공사업(전문),466,(주)새한이엔씨,김현미,경기(북),제경기남양주 2005-9호,8430000,,,,,,
소방설비,소방시설공사업(전문),467,(주)유명이앤씨,김계진,대구,제2011-4호,8413700,,,,,,
소방설비,소방시설공사업(전문),468,(유)대신산업개발,최용호,전북,제88-2호,8409300,,,,,,
소방설비,소방시설공사업(전문),469,현대아산(주),이백훈,강원,제135호,8391600,,,,,,
소방설비,소방시설공사업(전문),470,(유)대현소방,백부현,전북,2020-02-00415,8386900,,,,,,
소방설비,소방시설공사업(전문),471,(유)대한방재기술,윤석로,전북,2019-02-00139,8344400,,,,,,
소방설비,소방시설공사업(전문),472,대우산업개발(주),김승석,인천,인천공단 제2012-5호,8341200,,,,,,
소방설비,소방시설공사업(전문),473,중부소방산업(주),이정완,경기(남),경기안산 제99-8호,8299800,,,,,,
소방설비,소방시설공사업(전문),474,(주)거륜에너텍,박기환,경기(남),경기부천 제2013-08호,8293100,,,,,,
소방설비,소방시설공사업(전문),475,(주)준마,김상진,대전,제99-18호,8277500,,,,,,
소방설비,소방시설공사업(전문),476,보령전력(주),이병길,경기(남),경기화성 제2008-28호,8273600,,,,,,
소방설비,소방시설공사업(전문),477,주식회사 거담방재,안흥진,서울,2021-02-00325,8228900,,,,,,
소방설비,소방시설공사업(전문),478,(주)도원방재,김근배,경기(남),경기성남 제2012-2호,8168700,,,,,,
소방설비,소방시설공사업(전문),479,(주)후지타(영업소),남종국,서울,제중부2006-8호,8166000,,,,,,
소방설비,소방시설공사업(전문),480,(주)지티일렉콘,고광열,서울,제강남97-21호,8133500,,,,,,
소방설비,소방시설공사업(전문),481,(주)동부,김재홍,울산,2016-02-00526,8116000,,,,,,
소방설비,소방시설공사업(전문),482,동아건설산업(주),임동복,서울,2021-02-00308,8114900,,,,,,
소방설비,소방시설공사업(전문),483,성신이엔씨(주),김경범,전남광주(전남),제2015-마-2호,8102000,,,,,,
소방설비,소방시설공사업(전문),484,(주)경기방재소방공사,이현태,경기(남),경기안양 제2002-12호,8091000,,,,,,
소방설비,소방시설공사업(전문),485,주식회사 주은에프에스,진은수,서울,2017-02-00171,8035500,,,,,,
소방설비,소방시설공사업(전문),486,합자회사 보광전기,박희근,대전,제2002-1호,8032800,,,,,,
소방설비,소방시설공사업(전문),487,대정소방 주식회사,손경숙,전남광주(전남),제2015-나-2호,8013400,,,,,,
소방설비,소방시설공사업(전문),488,(주)단성,김천호,경기(남),경기수원 제2009-36호,8008000,,,,,,
소방설비,소방시설공사업(전문),489,진양기공(주),홍성용,경기(남),경기수원 제2009-89호,7976600,,,,,,
소방설비,소방시설공사업(전문),490,(주)한양티이씨,조형국,서울,제광진 1997-3호,7960500,,,,,,
소방설비,소방시설공사업(전문),491,(주)엘에이치방재,함재영,경기(남),2022-02-00333,7945400,,,,,,
소방설비,소방시설공사업(전문),492,(주)명하이앤지,박정수,경기(남),경기하남제2014-02호,7930400,,,,,,
소방설비,소방시설공사업(전문),493,조영일렉컴(주),김용곤,경기(남),경기분당 제2004-12호,7905600,,,,,,
소방설비,소방시설공사업(전문),494,주식회사 한국소방공사,양종석,경기(북),2022-02-00127,7882900,,,,,,
소방설비,소방시설공사업(전문),495,(주)거산이앤지,이용철,경기(남),2016-02-00146,7880700,,,,,,
소방설비,소방시설공사업(전문),496,(주)천우산업,최성준,경기(남),경기광주 제2012-03호,7865200,,,,,,
소방설비,소방시설공사업(전문),497,(주)장수플랜트,한병용,서울,2019-02-00468,7860700,,,,,,
소방설비,소방시설공사업(전문),498,이니스방재(주),정상우,대전,제2007-7호,7840900,,,,,,
소방설비,소방시설공사업(전문),499,하이스산업 주식회사,정재권,충남,2023-02-00136,7779400,,,,,,
소방설비,소방시설공사업(전문),500,(주)지앤에스이엔지,박선영,경기(북),제경기일산 2008-1호,7774400,,,,,,
소방설비,소방시설공사업(전문),501,해원산업(주),이용재,울산,제2011-1호,7773200,,,,,,
소방설비,소방시설공사업(전문),502,동문건설(주),이상주,서울,제영등포 2006-2호,7746800,,,,,,
소방설비,소방시설공사업(전문),503,(주)명진소방설비,박진호,경북,경주 97-1,7738600,,,,,,
소방설비,소방시설공사업(전문),504,(주)동보기술단,최경열,서울,제광진2008-4호,7734600,,,,,,
소방설비,소방시설공사업(전문),505,지음이엔아이(주),유형민,경기(북),2015-02-00312,7725300,,,,,,
소방설비,소방시설공사업(전문),506,(주)대공,이석순,울산,2017-02-00471,7616100,,,,,,
소방설비,소방시설공사업(전문),507,삼다이엔지(주),고문섭,제주,제제주-2010-08호,7612500,,,,,,
소방설비,소방시설공사업(전문),508,아벤종합건설(주),박윤이,경기(남),경기안양 제2014-16호,7598700,,,,,,
소방설비,소방시설공사업(전문),509,한화오션 주식회사,김희철,경남,2024-02-00199,7590700,,,,,,
소방설비,소방시설공사업(전문),510,해유건설(주),한세우,충남,충남아산제2015-02호,7582500,,,,,,
소방설비,소방시설공사업(전문),511,(주)우리방재산업,정종현,경기(남),경기광명 제2006-3호,7580900,,,,,,
소방설비,소방시설공사업(전문),512,삼보종합이앤씨 주식회사,공갑배,서울,2020-02-00245,7549000,,,,,,
소방설비,소방시설공사업(전문),513,(주)동양,정진학,서울,2018-02-00172,7500000,,,,,,
소방설비,소방시설공사업(전문),514,탑이엔지(주),이승주,경기(남),2018-02-00131,7498800,,,,,,
소방설비,소방시설공사업(전문),515,(주)지승엔지니어링,남성택,경남,2017-02-00279,7443900,,,,,,
소방설비,소방시설공사업(전문),516,(주)보성티엔씨,박종태,서울,제서초2009-13호,7443600,,,,,,
소방설비,소방시설공사업(전문),517,(주)신우방재,김재운,부산,제부산2005-6호,7431900,,,,,,
소방설비,소방시설공사업(전문),518,우선이엔씨(주),김광수,서울,제송파1999-9호,7391400,,,,,,
소방설비,소방시설공사업(전문),519,(주)세민,송원석,전남광주(광주),2017-02-00155,7355200,,,,,,
소방설비,소방시설공사업(전문),520,(주)성광이앤지,서용돈,경기(남),경기수원 제2009-78호,7354100,,,,,,
소방설비,소방시설공사업(전문),521,(주)플래닝에프,이용,대전,제2011-14호,7348800,,,,,,
소방설비,소방시설공사업(전문),522,(주)세신엔지니어링,강일만,대구,제2009-18호,7342800,,,,,,
소방설비,소방시설공사업(전문),523,주식회사 세움소방기술단,송현숙,전북,2017-02-00247,7333400,,,,,,
소방설비,소방시설공사업(전문),524,(주)한국방재,이영수,울산,제 2005-8호,7325600,,,,,,
소방설비,소방시설공사업(전문),525,(주)신한전기,신현출,전남광주(전남),제2007-바-4호,7313300,,,,,,
소방설비,소방시설공사업(전문),526,주식회사 두힘,황병우,인천,2018-02-00543,7300800,,,,,,
소방설비,소방시설공사업(전문),527,(주)현일이엔지,김기옥,인천,2019-02-00220,7293500,,,,,,
소방설비,소방시설공사업(전문),528,(주)정밀기공,김일중,인천,인천중부 제2012-03호,7268600,,,,,,
소방설비,소방시설공사업(전문),529,(주)우리소방,윤주헌,충남,제천안동남 2015-2호,7239200,,,,,,
소방설비,소방시설공사업(전문),530,(주)성모건설,최남순,전남광주(전남),제2000-6호,7238100,,,,,,
소방설비,소방시설공사업(전문),531,두성이엔지(주),이현정,경기(남),경기평택 제2011-1호,7225200,,,,,,
소방설비,소방시설공사업(전문),532,대명지이씨(주),김한욱,서울,2021-02-00434,7201600,,,,,,
소방설비,소방시설공사업(전문),533,(주)유니스디,서광설,부산,제2007-20호,7197500,,,,,,
소방설비,소방시설공사업(전문),534,태호이엔지 주식회사,박교진,인천,2016-02-00644,7157500,,,,,,
소방설비,소방시설공사업(전문),535,(합)제일소방전설공사,서현석,대전,제88-4호,7143500,,,,,,
소방설비,소방시설공사업(전문),536,(주)대경소방,장병호,대구,제98-21호,7106700,,,,,,
소방설비,소방시설공사업(전문),537,동도건설(주),황영식,서울,제영등포2007-24호,7094000,,,,,,
소방설비,소방시설공사업(전문),538,주식회사 비앤지,윤희승,경기(남),2019-02-00198,7091400,,,,,,
소방설비,소방시설공사업(전문),539,(주)피스코이엔씨,조기현,서울,2021-02-00248,7089100,,,,,,
소방설비,소방시설공사업(전문),540,일메테크(주),김대성,경기(남),경기수원 제2009-21호,7082700,,,,,,
소방설비,소방시설공사업(전문),541,(주)세명방재,고영준,제주,제2005-61호,7077600,,,,,,
소방설비,소방시설공사업(전문),542,주식회사 명성에스앤에프,조희정,서울,2020-02-00123,7058100,,,,,,
소방설비,소방시설공사업(전문),543,(주)동화이엔씨,이재원,서울,제영등포2002-4호,7045500,,,,,,
소방설비,소방시설공사업(전문),544,대우소방(주),윤수헌,인천,인천부평 제1993-14호,7015500,,,,,,
소방설비,소방시설공사업(전문),545,울산소방주식회사,김덕환,울산,2017-02-00637,6984100,,,,,,
소방설비,소방시설공사업(전문),546,유한회사 에스티이엔씨,김성택,서울,2019-02-00054,6968000,,,,,,
소방설비,소방시설공사업(전문),547,(유)유복이엔지,신동식,전북,전주덕진 제2011-1호,6966700,,,,,,
소방설비,소방시설공사업(전문),548,(주)트래콘건설,김종필,경기(남),2019-02-00092,6962500,,,,,,
소방설비,소방시설공사업(전문),549,(유)일석,조인환,충남,2019-02-00146,6938700,,,,,,
소방설비,소방시설공사업(전문),550,에스엠이서브텍(주),남형열,경기(남),2016-02-00414,6938000,,,,,,
소방설비,소방시설공사업(전문),551,삼정종합전기(주),이종관,경남,제2005-04호,6928600,,,,,,
소방설비,소방시설공사업(전문),552,(주)미래,박기수,부산,제2005-41호,6928300,,,,,,
소방설비,소방시설공사업(전문),553,(주)신세계전기,구본주,경기(남),2019-02-00373,6898100,,,,,,
소방설비,소방시설공사업(전문),554,선제이앤씨(주),전면식,경기(북),2020-02-00405,6894000,,,,,,
소방설비,소방시설공사업(전문),555,경동건설주식회사,박재석,부산,제98-30호,6868200,,,,,,
소방설비,소방시설공사업(전문),556,주식회사 콤파스이앤씨,지용근,서울,2017-02-00212,6867500,,,,,,
소방설비,소방시설공사업(전문),557,에스케이티엔에스 주식회사,이해천,서울,2015-02-00430,6864200,,,,,,
소방설비,소방시설공사업(전문),558,(주)우리방재,김상철,울산,제2012-4호,6860200,,,,,,
소방설비,소방시설공사업(전문),559,(주)엑신건업,김재선,서울,제서초2011-19호,6858800,,,,,,
소방설비,소방시설공사업(전문),560,(주)세종이엔지,박관순,대전,제2011-13호,6852900,,,,,,
소방설비,소방시설공사업(전문),561,(주)중원,류재관,전남광주(광주),제2006-라-5호,6841400,,,,,,
소방설비,소방시설공사업(전문),562,(주)경성엠이씨,박용표,서울,2016-02-00388,6832700,,,,,,
소방설비,소방시설공사업(전문),563,일진소방(주),이일석,충북,제2004-2호,6830800,,,,,,
소방설비,소방시설공사업(전문),564,(주)두원전기소방,김동욱,충북,제2006-14호,6829400,,,,,,
소방설비,소방시설공사업(전문),565,(주)용화전기통신,송승길,경기(남),경기안양 제2010-7호,6826600,,,,,,
소방설비,소방시설공사업(전문),566,(주)세기티엔씨,박종일,서울,2017-02-00384,6797700,,,,,,
소방설비,소방시설공사업(전문),567,동신이엔씨(주),최준식,울산,제 2005-10호,6793300,,,,,,
소방설비,소방시설공사업(전문),568,주식회사 진환경,강석식,경기(북),2026-02-00065,6790500,,,,,,
소방설비,소방시설공사업(전문),569,(주)이손아이에스,이승현,경기(남),경기의왕 제2011-01호,6788700,,,,,,
소방설비,소방시설공사업(전문),570,(주)신화소방,엄석준,경남,제경남김해2007-05호,6775200,,,,,,
소방설비,소방시설공사업(전문),571,(주)재연이엔씨,이성일,서울,제구로2003-6호,6770900,,,,,,
소방설비,소방시설공사업(전문),572,세일기계설비(주),김성식,서울,2020-02-00011,6751800,,,,,,
소방설비,소방시설공사업(전문),573,(주)현대엔지니어링,박외관,부산,2021-02-00212,6728800,,,,,,
소방설비,소방시설공사업(전문),574,주식회사 우진이앤씨,최진섭,대구,2016-02-00126,6723400,,,,,,
소방설비,소방시설공사업(전문),575,성원종합설비(주),이창수,서울,제서초2005-25호,6717000,,,,,,
소방설비,소방시설공사업(전문),576,주식회사 동성엔지니어링,기삼도,경기(북),2016-02-00377,6695400,,,,,,
소방설비,소방시설공사업(전문),577,나라기업(주),우희석,경남,제2006-05호,6677200,,,,,,
소방설비,소방시설공사업(전문),578,유한회사 서해소방,김갑배,전북,2024-02-00253,6659200,,,,,,
소방설비,소방시설공사업(전문),579,신우플랜트(주),김성완,부산,제2014-21호,6649000,,,,,,
소방설비,소방시설공사업(전문),580,(주)에스엠네트웍스,박상준,경기(남),경기시흥제2015-03호,6639300,,,,,,
소방설비,소방시설공사업(전문),581,(주)상보소방,조유진,대구,2016-02-00475,6635100,,,,,,
소방설비,소방시설공사업(전문),582,(주)유승산업개발,손영권,강원,제138호,6625200,,,,,,
소방설비,소방시설공사업(전문),583,중앙설비(주),김지수,서울,제강서85-2호,6624500,,,,,,
소방설비,소방시설공사업(전문),584,주식회사 은민에스엔디,이승성,서울,2023-02-00295,6620300,,,,,,
소방설비,소방시설공사업(전문),585,원화이엔지(주),김민진,서울,제서초 2006-31호,6619800,,,,,,
소방설비,소방시설공사업(전문),586,(주)영진소방,김민서,경남,제2007-05호,6610800,,,,,,
소방설비,소방시설공사업(전문),587,(주)성한,박순종,전남광주(광주),제2011-나-15호,6610000,,,,,,
소방설비,소방시설공사업(전문),588,디오이앤씨 주식회사,김재윤,서울,제마포2015-03호,6608300,,,,,,
소방설비,소방시설공사업(전문),589,대창설비(주),민광호,서울,제노원2015-1호,6595800,,,,,,
소방설비,소방시설공사업(전문),590,다린전력(주),오승한,서울,제관악2008-7호,6564700,,,,,,
소방설비,소방시설공사업(전문),591,(주)송민엔지니어링,안대성,경남,경남김해제2014-12호,6536300,,,,,,
소방설비,소방시설공사업(전문),592,주식회사 삼환전기산업,이의형,경기(북),2026-02-00194,6527500,,,,,,
소방설비,소방시설공사업(전문),593,유원이엔씨(주),김도형,부산,제2013-09호,6520300,,,,,,
소방설비,소방시설공사업(전문),594,(주)대한진호산업,최창호,서울,제영등포 99-1호,6518500,,,,,,
소방설비,소방시설공사업(전문),595,국도건설 주식회사,이근철,경기(남),2015-02-00315,6515300,,,,,,
소방설비,소방시설공사업(전문),596,신흥방재(주),변종혁,울산,제2013-5호,6466300,,,,,,
소방설비,소방시설공사업(전문),597,(주)대원종합이엔지,고정근,인천,인천서부제2011-10호,6461800,,,,,,
소방설비,소방시설공사업(전문),598,일일구소방설비(주),김영재,대전,제2002-12호,6444700,,,,,,
소방설비,소방시설공사업(전문),599,서광전기통신공사(주),임희일,대전,제2007-23호,6437800,,,,,,
소방설비,소방시설공사업(전문),600,주식회사 주연기술,김기영,전남광주(전남),2019-02-00085,6420500,,,,,,
소방설비,소방시설공사업(전문),601,(주)선진콘트롤엔엑세스,신종수,서울,제송파2004-19호,6415200,,,,,,
소방설비,소방시설공사업(전문),602,(주)에이스이엔지,이동관,부산,제2012-24호,6391100,,,,,,
소방설비,소방시설공사업(전문),603,(주)썬전력,박윤희,충북,2015-02-00265,6380900,,,,,,
소방설비,소방시설공사업(전문),604,동은엔지니어링(주),임장순,충남,2016-02-00085,6378200,,,,,,
소방설비,소방시설공사업(전문),605,이원이앤이 주식회사,신찬균,경기(남),2016-02-00269,6377600,,,,,,
소방설비,소방시설공사업(전문),606,(주)대흥디씨티,박준석,경기(남),2016-02-00227,6360900,,,,,,
소방설비,소방시설공사업(전문),607,(주)나라,설쌍숙,경남,거제2003-1호,6360800,,,,,,
소방설비,소방시설공사업(전문),608,풍국전기(주),홍성도,경북,제영천 2007-01호,6357900,,,,,,
소방설비,소방시설공사업(전문),609,(주)아이티에스,양진석,충남,제2004-1호,6357200,,,,,,
소방설비,소방시설공사업(전문),610,(주)부영에너텍,김상규,인천,인천공단 제2008-07호,6344200,,,,,,
소방설비,소방시설공사업(전문),611,(주)희승이엔지,곽계정,부산,2017-02-00295,6339600,,,,,,
소방설비,소방시설공사업(전문),612,(주)엔케이이엔씨,나의상,경기(남),2017-02-00469,6328400,,,,,,
소방설비,소방시설공사업(전문),613,주식회사 개성건설,박형국,경기(남),2017-02-00409,6315500,,,,,,
소방설비,소방시설공사업(전문),614,동방전기(주),성기수,경남,경남창원제2011-03호,6313200,,,,,,
소방설비,소방시설공사업(전문),615,하우텍씨엔알건설(주),하동규,서울,2019-02-00311,6309600,,,,,,
소방설비,소방시설공사업(전문),616,(유)대하종합설비,이용철,충남,천안서북 제1994-1호,6308400,,,,,,
소방설비,소방시설공사업(전문),617,(유)육영건설,김종원,전북,전북익산제2014-01호,6307600,,,,,,
소방설비,소방시설공사업(전문),618,주식회사 뉴탑이앤지,신기영,충북,2016-02-00003,6304700,,,,,,
소방설비,소방시설공사업(전문),619,주식회사 건일이엔지,김종옥,경기(남),2019-02-00307,6299500,,,,,,
소방설비,소방시설공사업(전문),620,주식회사 인성이엔지,전시홍,전남광주(광주),2020-02-00298,6295700,,,,,,
소방설비,소방시설공사업(전문),621,(주)지.에스엔지니어링,유종소,경기(남),경기안양 제2007-05호,6277400,,,,,,
소방설비,소방시설공사업(전문),622,(주)지엘플랜트,한동희,서울,제양천2011-7호,6267000,,,,,,
소방설비,소방시설공사업(전문),623,태성소방설비(주),최성희,인천,2019-02-00360,6265700,,,,,,
소방설비,소방시설공사업(전문),624,(주)현대방재시스템,유원성,경남,김해2005-4호,6254000,,,,,,
소방설비,소방시설공사업(전문),625,(주)금봉설비,허광현,서울,제광진 1986-2호,6252200,,,,,,
소방설비,소방시설공사업(전문),626,럭키소방 주식회사,조치현,경기(북),2024-02-00276,6245200,,,,,,
소방설비,소방시설공사업(전문),627,(주)디투엔지니어링,김평래,서울,2022-02-00397,6235900,,,,,,
소방설비,소방시설공사업(전문),628,(주)다원앤컴퍼니,조서윤,서울,2020-02-00619,6233000,,,,,,
소방설비,소방시설공사업(전문),629,주식회사 유경엔지니어링,김광환,부산,제92-15호,6217800,,,,,,
소방설비,소방시설공사업(전문),630,양우종합건설 주식회사,고애림,경기(남),경기안양 제2009-11호,6214800,,,,,,
소방설비,소방시설공사업(전문),631,주식회사 진산이엔지,김왕순,경기(남),2017-02-00366,6210900,,,,,,
소방설비,소방시설공사업(전문),632,(주)21세기소방,윤장헌,충북,제2011-1호,6198300,,,,,,
소방설비,소방시설공사업(전문),633,파크리오건설(주),정순심,서울,2018-02-00446,6179900,,,,,,
소방설비,소방시설공사업(전문),634,(주)거산지엔에스,이용순,경기(남),경기부천 제99-4호,6179700,,,,,,
소방설비,소방시설공사업(전문),635,주식회사 네패스이앤씨,이상태,서울,2020-02-00086,6176000,,,,,,
소방설비,소방시설공사업(전문),636,(주)청수엔지니어링,이상욱,경기(북),경기구리제2012-3호,6158800,,,,,,
소방설비,소방시설공사업(전문),637,주식회사 운산전력,박춘희,경북,제구미2011-10호,6155400,,,,,,
소방설비,소방시설공사업(전문),638,(주)상지건설,김영신,서울,2017-02-00210,6149800,,,,,,
소방설비,소방시설공사업(전문),639,유림공영(주),강신승,부산,제2005-18호,6139000,,,,,,
소방설비,소방시설공사업(전문),640,(주)농협네트웍스,송병환,서울,2015-02-00067,6126700,,,,,,
소방설비,소방시설공사업(전문),641,다원이엔지(주),김다슬,강원,제291호,6120400,,,,,,
소방설비,소방시설공사업(전문),642,우현전기(주),채광식,서울,제영등포97-12호,6114500,,,,,,
소방설비,소방시설공사업(전문),643,주식회사 이에이홀딩스,민경환,전남광주(광주),2024-02-00091,6112800,,,,,,
소방설비,소방시설공사업(전문),644,안심소방건설 주식회사,윤학수,경기(남),2024-02-00311,6108900,,,,,,
소방설비,소방시설공사업(전문),645,(주)광명산업,이학수,경기(남),경기수원 제2009-86호,6094400,,,,,,
소방설비,소방시설공사업(전문),646,(주)선우이엔씨,송영주,경기(북),2018-02-00519,6082700,,,,,,
소방설비,소방시설공사업(전문),647,(주)동양전력,한영주,경남,경남김해 제2010-03호,6053900,,,,,,
소방설비,소방시설공사업(전문),648,(주)대광건영,박병일,전남광주(광주),제2008-나-1호,6049400,,,,,,
소방설비,소방시설공사업(전문),649,(주)나이스이엔씨,윤미정,충북,청주서부소방서 제2014-24호,6035300,,,,,,
소방설비,소방시설공사업(전문),650,금호소방산업(주),이기현,대구,제2009-16호,6028400,,,,,,
소방설비,소방시설공사업(전문),651,(주)대건기업,홍석범,전북,제2009-1호,6025100,,,,,,
소방설비,소방시설공사업(전문),652,지원건설 주식회사,박영호,부산,2016-02-00335,5992300,,,,,,
소방설비,소방시설공사업(전문),653,삼중테크(주),최종완,서울,2018-02-00037,5992000,,,,,,
소방설비,소방시설공사업(전문),654,영진종합건설 주식회사,하태준,경북,2017-02-00024,5987200,,,,,,
소방설비,소방시설공사업(전문),655,(주)동성엔지니어링,한천우,경기(남),경기부천 제2015-07호,5982700,,,,,,
소방설비,소방시설공사업(전문),656,백상건설(주),김중권,서울,제마포2010-12호,5977500,,,,,,
소방설비,소방시설공사업(전문),657,대창산업설비(주),장재호,경남,제2008-14호,5967100,,,,,,
소방설비,소방시설공사업(전문),658,주식회사 티시스,이재석,서울,제중부2010-3호,5965900,,,,,,
소방설비,소방시설공사업(전문),659,대상건설(주),채승철,경기(북),2022-02-00284,5958600,,,,,,
소방설비,소방시설공사업(전문),660,주식회사 이래엠이씨,김미자,경기(남),경기부천 제2011-07호,5952500,,,,,,
소방설비,소방시설공사업(전문),661,주식회사 에덴이앤씨,홍하담,경기(남),2021-02-00044,5949200,,,,,,
소방설비,소방시설공사업(전문),662,(주)신화에프이원,오석열,서울,제영등포 2004-11호,5932000,,,,,,
소방설비,소방시설공사업(전문),663,(주)지에프전력,임왕식,경기(남),경기안양 제2011-17호,5925500,,,,,,
소방설비,소방시설공사업(전문),664,주식회사 영진,이현섭,경기(남),2021-02-00368,5924400,,,,,,
소방설비,소방시설공사업(전문),665,신한이엔지(주),정지윤,충남,천안서북 제2011-3호,5896600,,,,,,
소방설비,소방시설공사업(전문),666,(주)건우전기,이지영,전남광주(전남),2015-02-00437,5892200,,,,,,
소방설비,소방시설공사업(전문),667,(주)엠에스소방,이영선,서울,제강동 2001-6호,5891300,,,,,,
소방설비,소방시설공사업(전문),668,(주)성암전력,박상호,경기(남),경기시흥 제2010-4호,5886600,,,,,,
소방설비,소방시설공사업(전문),669,(주)상호소방,김호신,제주,제93-20호,5870200,,,,,,
소방설비,소방시설공사업(전문),670,강산이엔씨(주),정원진,경기(남),2023-02-00139,5866900,,,,,,
소방설비,소방시설공사업(전문),671,에스에이치소방(주),박달진,경북,제구미2011-15호,5848800,,,,,,
소방설비,소방시설공사업(전문),672,주식회사 나노엔지니어링,김성희,전북,전주덕진 제2007-16호,5848300,,,,,,
소방설비,소방시설공사업(전문),673,샘코씨앤디 주식회사,김용훈,경기(남),2016-02-00140,5832800,,,,,,
소방설비,소방시설공사업(전문),674,(주)삼일기업공사,박종웅,서울,제강남2013-6호,5829100,,,,,,
소방설비,소방시설공사업(전문),675,(주)하나설비,장부식,부산,제2005-2호,5821900,,,,,,
소방설비,소방시설공사업(전문),676,대영기업 주식회사,김영택,제주,2015-02-00369,5783300,,,,,,
소방설비,소방시설공사업(전문),677,(주)경북소방,김경록,경북,제구미2005-9호,5747800,,,,,,
소방설비,소방시설공사업(전문),678,남화토건(주),최재훈,전남광주(전남),제2012-카-3호,5746100,,,,,,
소방설비,소방시설공사업(전문),679,주식회사 두영소방,김두만,전남광주(전남),2023-02-00211,5743800,,,,,,
소방설비,소방시설공사업(전문),680,금강방재주식회사,정진이,경북,제포항남부2011-02호,5732100,,,,,,
소방설비,소방시설공사업(전문),681,(주)한국방재써비스,김진석,서울,제강남 85-30호,5724900,,,,,,
소방설비,소방시설공사업(전문),682,유진전기(주),김명호,경기(남),경기시흥 제2003-6호,5720500,,,,,,
소방설비,소방시설공사업(전문),683,(주)우리텍유앤알,백학열,서울,2016-02-00042,5712100,,,,,,
소방설비,소방시설공사업(전문),684,주식회사 유성산업,이성구,경남,2016-02-00434,5709900,,,,,,
소방설비,소방시설공사업(전문),685,주식회사 태영전기,이경숙,경기(남),2024-02-00247,5694700,,,,,,
소방설비,소방시설공사업(전문),686,(주)부원이엔지,이승원,부산,제2012-02호,5694100,,,,,,
소방설비,소방시설공사업(전문),687,하얀산업(주),손해동,경기(남),2026-02-00113,5685000,,,,,,
소방설비,소방시설공사업(전문),688,다온기술(주),김희중,경기(남),2021-02-00002,5685000,,,,,,
소방설비,소방시설공사업(전문),689,(주)한국이엔씨,강석대,강원,2018-02-00003,5683600,,,,,,
소방설비,소방시설공사업(전문),690,(주)성일시스템,오기철,인천,2019-02-00225,5680100,,,,,,
소방설비,소방시설공사업(전문),691,동신건설(주),김근한,경북,제안동95-2호,5666900,,,,,,
소방설비,소방시설공사업(전문),692,참빛파워텍(주),남찬우,경기(남),경기의왕제2013-04호,5652100,,,,,,
소방설비,소방시설공사업(전문),693,금석개발 주식회사,전수연,인천,2017-02-00459,5641000,,,,,,
소방설비,소방시설공사업(전문),694,주식회사 서일플랜트,김상권,충남,2019-02-00287,5627700,,,,,,
소방설비,소방시설공사업(전문),695,주식회사 이화이앤씨,김민욱,전남광주(광주),2016-02-00666,5625800,,,,,,
소방설비,소방시설공사업(전문),696,가람소방방재 주식회사,김정희,대구,2016-02-00062,5591200,,,,,,
소방설비,소방시설공사업(전문),697,(주)건화,이덕식,울산,제2009-1호,5588300,,,,,,
소방설비,소방시설공사업(전문),698,(주)에이원방재산업,조보훈,경기(남),경기군포제2009-02호,5577600,,,,,,
소방설비,소방시설공사업(전문),699,(주)일신기전,이정훈,부산,제2004-25호,5562100,,,,,,
소방설비,소방시설공사업(전문),700,조은엔지니어링(주),주현철,강원,제229호,5558000,,,,,,
소방설비,소방시설공사업(전문),701,한걸음 주식회사,신영태,전남광주(광주),2016-02-00421,5557100,,,,,,
소방설비,소방시설공사업(전문),702,주식회사 광원전설,박건일,부산,2018-02-00170,5552000,,,,,,
소방설비,소방시설공사업(전문),703,(주)지오엔지니어링,이삼기,전북,2018-02-00048,5548400,,,,,,
소방설비,소방시설공사업(전문),704,(주)엔에스컴퍼니,이종화,충남,2016-02-00231,5540700,,,,,,
소방설비,소방시설공사업(전문),705,(주)화승이엔씨,임성수,부산,제2007-16호,5540500,,,,,,
소방설비,소방시설공사업(전문),706,(주)정평이앤씨,김경진,인천,2015-02-00057,5540100,,,,,,
소방설비,소방시설공사업(전문),707,(주)성화이엔씨,김종갑,충남,제2006-01호,5539000,,,,,,
소방설비,소방시설공사업(전문),708,주식회사 한국소방기술,정수평,전남광주(전남),2018-02-00108,5536500,,,,,,
소방설비,소방시설공사업(전문),709,(주)정원이앤씨,김정배,전남광주(전남),제2003-33호,5535500,,,,,,
소방설비,소방시설공사업(전문),710,(주)한백이엔지,김길복,울산,제2004-1호,5530200,,,,,,
소방설비,소방시설공사업(전문),711,주식회사 대선이엔지,박채곤,전남광주(전남),2020-02-00323,5528700,,,,,,
소방설비,소방시설공사업(전문),712,(주)협진엔지니어링,조중현,경기(남),경기안산 제93-3호,5523100,,,,,,
소방설비,소방시설공사업(전문),713,(주)아성엔지니어링,박대수,부산,제2014-24호,5504900,,,,,,
소방설비,소방시설공사업(일반·전기),1,주식회사 서울영상테크,한두성,경기(남),2021-02-00252,5501700,,,,,,
소방설비,소방시설공사업(전문),714,주식회사 칸라이팅,곽광호,경기(남),2018-02-00480,5499300,,,,,,
소방설비,소방시설공사업(전문),715,지구전문건설(주),조경현,경기(남),경기안양 제96-2호,5489300,,,,,,
소방설비,소방시설공사업(전문),716,성인산업(주),손회식,울산,제 1997-40호,5484000,,,,,,
소방설비,소방시설공사업(전문),717,(주)대왕산전,지봉구,충북,제2010-04호,5483100,,,,,,
소방설비,소방시설공사업(전문),718,(주)유림이엔지,임재규,경기(남),경기이천 제2010-05호,5475600,,,,,,
소방설비,소방시설공사업(전문),719,(주)중앙이엔지,황상철,경남,경남김해 제2008-02호,5470300,,,,,,
소방설비,소방시설공사업(전문),720,(주)상부사종합건설,이상만,서울,2021-02-00577,5466900,,,,,,
소방설비,소방시설공사업(전문),721,아람이엔테크(주),정충선,경기(남),경기양평제2015-01호,5440900,,,,,,
소방설비,소방시설공사업(전문),722,(주)홍영건설,김희주,부산,제2001-38호,5440100,,,,,,
소방설비,소방시설공사업(전문),723,대성전력(주),권광식,전북,전북고창 제2006-3호,5436200,,,,,,
소방설비,소방시설공사업(전문),724,(주)투데이,김지윤,대전,2020-02-00139,5398400,,,,,,
소방설비,소방시설공사업(전문),725,부명엔프로엔지니어링(주),손찬영,울산,2017-02-00034,5392000,,,,,,
소방설비,소방시설공사업(전문),726,(합)태백소방,정지영,경북,제1990-10호,5383900,,,,,,
소방설비,소방시설공사업(전문),727,대성방재(주),박운식,서울,제동작2005-10호,5382800,,,,,,
소방설비,소방시설공사업(전문),728,주식회사 정덕이앤씨,김호중,대구,2022-02-00100,5377700,,,,,,
소방설비,소방시설공사업(전문),729,(주)세종방재설비,오재구,인천,2015-02-00171,5369100,,,,,,
소방설비,소방시설공사업(전문),730,주식회사 한빛안전기술단,조용선,서울,제구로2014-16호,5365000,,,,,,
소방설비,소방시설공사업(전문),731,인우이앤씨 주식회사,채윤주,서울,2020-02-00460,5339200,,,,,,
소방설비,소방시설공사업(전문),732,대성방재건설(주),홍순호,경기(남),경기안산 제98-03호,5336200,,,,,,
소방설비,소방시설공사업(전문),733,유한회사 명보,김점석,전남광주(전남),2016-02-00219,5334100,,,,,,
소방설비,소방시설공사업(전문),734,(유)대일소방이엔지,김유봉,전남광주(전남),제2011-나-3호,5325700,,,,,,
소방설비,소방시설공사업(전문),735,남양방재(주),김천용,경기(북),2021-02-00451,5321200,,,,,,
소방설비,소방시설공사업(전문),736,(주)대산이엔씨,남준우,전남광주(전남),2015-02-00225,5318900,,,,,,
소방설비,소방시설공사업(전문),737,(주)광진설비,송영익,서울,2025-02-00115,5310400,,,,,,
소방설비,소방시설공사업(전문),738,(주)이레소방이엔지,이영신,서울,제영등포2012-7호,5293500,,,,,,
소방설비,소방시설공사업(전문),739,(주)신원전기통신,박태정,울산,제 2007-13호,5292600,,,,,,
소방설비,소방시설공사업(전문),740,삼화전력 주식회사,김경희,경기(남),2017-02-00362,5286900,,,,,,
소방설비,소방시설공사업(전문),741,대명에너지 주식회사,서종현,서울,2025-02-00165,5282600,,,,,,
소방설비,소방시설공사업(전문),742,(주)이명전기,이명덕,경기(북),제경기가평 2008-3호,5265500,,,,,,
소방설비,소방시설공사업(전문),743,대화공영(주),최연수,경기(남),경기안양 제2006-13호,5261400,,,,,,
소방설비,소방시설공사업(전문),744,주식회사 세원소방,김은희,경기(남),2019-02-00291,5244700,,,,,,
소방설비,소방시설공사업(전문),745,천광 주식회사,김상규,충북,제2006-13호,5243900,,,,,,
소방설비,소방시설공사업(전문),746,주식회사 성찬정보통신,이언순,경기(남),2016-02-00273,5240300,,,,,,
소방설비,소방시설공사업(전문),747,(주)태거,배경애,경남,제창원 2003-2호,5238500,,,,,,
소방설비,소방시설공사업(전문),748,(주)성일엔지니어링,양제민,전북,전북군산제2014-07호,5236200,,,,,,
소방설비,소방시설공사업(전문),749,메가일렉(주),이경화,경기(북),경기고양제2013-06호,5228500,,,,,,
소방설비,소방시설공사업(전문),750,주식회사 삼영기업,김순애,세종,2017-02-00661,5222100,,,,,,
소방설비,소방시설공사업(전문),751,(주)통광,박용준,서울,제성북86-1호,5219500,,,,,,
소방설비,소방시설공사업(전문),752,주식회사 세한이엔아이,김석진,전남광주(전남),2016-02-00548,5216500,,,,,,
소방설비,소방시설공사업(전문),753,중흥토건(주),김해근,전남광주(광주),2019-02-00469,5206700,,,,,,
소방설비,소방시설공사업(전문),754,(주)아산소방,노진호,충남,충남아산 2010-3,5193700,,,,,,
소방설비,소방시설공사업(전문),755,주식회사 덕인이엔씨,신동일,경북,2024-02-00019,5190400,,,,,,
소방설비,소방시설공사업(전문),756,(주)용원토탈솔루션,정재욱,부산,제2014-12호,5184100,,,,,,
소방설비,소방시설공사업(전문),757,(주)대동기전,정창일,인천,인천강화 제2009-1호,5176200,,,,,,
소방설비,소방시설공사업(전문),758,주식회사 신성이앤지,유병수,경기(남),2017-02-00189,5160200,,,,,,
소방설비,소방시설공사업(전문),759,주식회사 진흥소방,이재옥,전남광주(광주),2021-02-00418,5155300,,,,,,
소방설비,소방시설공사업(전문),760,(주)거산소방공사,최훈,전남광주(전남),제2001-15호,5152600,,,,,,
소방설비,소방시설공사업(전문),761,(주)영선엔지니어링,김상준,경기(남),경기수원 제2009-27호,5147900,,,,,,
소방설비,소방시설공사업(전문),762,(주)민성,권택장,울산,제2012-3호,5144800,,,,,,
소방설비,소방시설공사업(전문),763,(주)세계소방설비,이창현,대전,제2011-8호,5144200,,,,,,
소방설비,소방시설공사업(전문),764,(주)동민이앤지,최현석,인천,2025-02-00210,5144100,,,,,,
소방설비,소방시설공사업(전문),765,주식회사 선전이앤씨,조대철,전북,2021-02-00555,5142500,,,,,,
소방설비,소방시설공사업(전문),766,현대전설(주),김겸수,서울,제강동97-1호,5135400,,,,,,
소방설비,소방시설공사업(전문),767,"주식회사 화신(HWASHIN CO.,LTD.)",홍진혁,충북,2016-02-00468,5133000,,,,,,
소방설비,소방시설공사업(전문),768,주식회사 세운소방전기,김혜자,경남,창원1994-5호,5131800,,,,,,
소방설비,소방시설공사업(전문),769,주식회사 케이티엔지니어링,김병균,서울,2021-02-00312,5126400,,,,,,
소방설비,소방시설공사업(전문),770,(주)태양이엔지,신맹균,부산,제2005-45호,5126100,,,,,,
소방설비,소방시설공사업(전문),771,장한전산(주),이상철,서울,제동작 1999-2호,5126100,,,,,,
소방설비,소방시설공사업(전문),772,주식회사 리엔종합건설,심중경,서울,2017-02-00656,5125300,,,,,,
소방설비,소방시설공사업(전문),773,부강전설(주),박영근,경북,제칠곡2007-06호,5114700,,,,,,
소방설비,소방시설공사업(전문),774,(주)창승전력,허창구,대전,제2008-12호,5113700,,,,,,
소방설비,소방시설공사업(전문),775,(주)아진기계설비,정경철,경기(남),경기안양 제2003-5호,5105500,,,,,,
소방설비,소방시설공사업(전문),776,(주)가가이엔지,김호협,부산,제1992-19호,5094900,,,,,,
소방설비,소방시설공사업(전문),777,금산소방방재(주),이수미,충남,제2014-2호,5084100,,,,,,
소방설비,소방시설공사업(전문),778,(주)은하,천상포,부산,2016-02-00060,5075500,,,,,,
소방설비,소방시설공사업(전문),779,유한회사 호연비에스,전행진,전북,2016-02-00453,5060200,,,,,,
소방설비,소방시설공사업(전문),780,(주)영일소방,안병욱,울산,제2009-7호,5054400,,,,,,
소방설비,소방시설공사업(전문),781,(주)세양전기,김형재,서울,제송파2010-15호,5053000,,,,,,
소방설비,소방시설공사업(전문),782,(주)벧엘이엔지,차진구,인천,2015-02-00400,5052300,,,,,,
소방설비,소방시설공사업(전문),783,(주)일오이엔지,염혜진,경기(남),2020-02-00481,5051200,,,,,,
소방설비,소방시설공사업(전문),784,(주)건주,안병만,충북,제제천 97-10호,5043700,,,,,,
소방설비,소방시설공사업(전문),785,(주)엑사파이어,박경희,서울,2021-02-00261,5038000,,,,,,
소방설비,소방시설공사업(전문),786,(주)한결,조은정,경기(북),2016-02-00577,5027800,,,,,,
소방설비,소방시설공사업(전문),787,삼성이앤지(주),배석한,충북,청주동부 제2012-06호,5025900,,,,,,
소방설비,소방시설공사업(전문),788,대승전기(주),차준석,전남광주(전남),2016-02-00609,5019600,,,,,,
소방설비,소방시설공사업(전문),789,(주)윤진엔지니어링,우청제,대전,제2003-3호,5015800,,,,,,
소방설비,소방시설공사업(전문),790,(유)대원엔지니어링,박윤규,서울,2016-02-00692,5010600,,,,,,
소방설비,소방시설공사업(전문),791,재성전기(주),유한성,경기(북),제파주 2000-19호,5008800,,,,,,
소방설비,소방시설공사업(전문),792,세광산업(주),김진배,경기(남),경기안양 제2011-08호,4999700,,,,,,
소방설비,소방시설공사업(전문),793,(유)신강이엔지,성동진,전북,2017-02-00100,4998900,,,,,,
소방설비,소방시설공사업(전문),794,별내 주식회사,김명수,서울,2020-02-00526,4996700,,,,,,
소방설비,소방시설공사업(전문),795,부루 주식회사,오선기,경기(남),2015-02-00189,4995200,,,,,,
소방설비,소방시설공사업(전문),796,대원전기(주),권세원,충북,2021-02-00373,4990100,,,,,,
소방설비,소방시설공사업(전문),797,(주)일성이엔지,손주달,대구,2017-02-00096,4989600,,,,,,
소방설비,소방시설공사업(전문),798,주식회사 광신종합건설,이경노,전남광주(전남),2016-02-00635,4985000,,,,,,
소방설비,소방시설공사업(전문),799,(주)웹센,심달호,경기(남),2017-02-00518,4974500,,,,,,
소방설비,소방시설공사업(전문),800,주식회사 태한건설,임이철,대전,2020-02-00472,4968100,,,,,,
소방설비,소방시설공사업(전문),801,영동건업(주),김석환,경기(남),경기성남 제2010-2호,4966600,,,,,,
소방설비,소방시설공사업(전문),802,(주)한국안전기술단,김용만,경기(남),경기안산 제2006-5호,4959800,,,,,,
소방설비,소방시설공사업(전문),803,중앙방재(주),송상호,울산,제 1997-4호,4952600,,,,,,
소방설비,소방시설공사업(전문),804,주식회사 대양이엔씨,박찬현,대전,제2012-3호,4939700,,,,,,
소방설비,소방시설공사업(전문),805,(합)대신전기공업사,박기태,경남,고성 제2009-04호,4930300,,,,,,
소방설비,소방시설공사업(전문),806,(주)삼영,정병태,경기(남),2022-02-00264,4926000,,,,,,
소방설비,소방시설공사업(전문),807,주식회사 하나엔지니어링,나경주,경기(남),2022-02-00146,4920500,,,,,,
소방설비,소방시설공사업(전문),808,두원소방 주식회사,이장원,충북,2018-02-00546,4914300,,,,,,
소방설비,소방시설공사업(전문),809,(주)청명엔지니어링,이병장,경기(남),경기화성 제2012-08호,4913700,,,,,,
소방설비,소방시설공사업(전문),810,주식회사 금도건설,문창,전북,2023-02-00093,4911900,,,,,,
소방설비,소방시설공사업(전문),811,유림기계설비 주식회사,정수원,서울,2016-02-00355,4911100,,,,,,
소방설비,소방시설공사업(전문),812,(주)자유전설,김상중,서울,제은평 2008-6호,4909900,,,,,,
소방설비,소방시설공사업(전문),813,(주)서해종합건설,김상동,서울,2019-02-00024,4909300,,,,,,
소방설비,소방시설공사업(전문),814,(주)진양씨스템이앤지,하윤규,인천,2020-02-00009,4900300,,,,,,
소방설비,소방시설공사업(전문),815,주식회사 서정이엔씨,이정원,경기(남),2019-02-00151,4899700,,,,,,
소방설비,소방시설공사업(전문),816,(주)세종이앤씨,김진영,경기(남),2016-02-00418,4896300,,,,,,
소방설비,소방시설공사업(전문),817,(주)협인,이병천,경기(남),2018-02-00141,4886800,,,,,,
소방설비,소방시설공사업(전문),818,(주)경진이앤지,변길자,부산,제2004-29호,4886200,,,,,,
소방설비,소방시설공사업(전문),819,금문테크(주),최민성,서울,2024-02-00027,4876000,,,,,,
소방설비,소방시설공사업(전문),820,미래전력 주식회사,이병주,전남광주(광주),2016-02-00106,4868000,,,,,,
소방설비,소방시설공사업(전문),821,(주)엔에스건설,김동우,경기(남),경기화성 제2012-14호,4854100,,,,,,
소방설비,소방시설공사업(전문),822,(유)한성소방,김옥성,전북,제97-65호,4852100,,,,,,
소방설비,소방시설공사업(전문),823,(주)더베스트이앤씨,박병진,부산,제2004-23호,4850700,,,,,,
소방설비,소방시설공사업(전문),824,(주)조은방재기술단,장재명,부산,제2007-12호,4842600,,,,,,
소방설비,소방시설공사업(전문),825,주식회사 피앤에스프로,박영재,경기(남),2021-02-00141,4837300,,,,,,
소방설비,소방시설공사업(전문),826,주식회사 케이디기공,최낙경,부산,2018-02-00275,4830400,,,,,,
소방설비,소방시설공사업(전문),827,주식회사 부경이엔지,강해수,경기(남),2017-02-00410,4830400,,,,,,
소방설비,소방시설공사업(전문),828,에이치엔이노밸리 주식회사,우기성,울산,2017-02-00199,4829900,,,,,,
소방설비,소방시설공사업(전문),829,(주)이레소방엔지니어링,황환성,경기(북),경기파주제2015-4호,4829300,,,,,,
소방설비,소방시설공사업(전문),830,일광이앤씨 주식회사,반극헌,경기(남),2021-02-00257,4823900,,,,,,
소방설비,소방시설공사업(전문),831,(합)부원전기,김용민,경북,2017-02-00435,4823600,,,,,,
소방설비,소방시설공사업(전문),832,대방산업개발 주식회사,윤대인,서울,2020-02-00344,4818000,,,,,,
소방설비,소방시설공사업(전문),833,(주)에스에이치전기,김성태,경기(북),2026-02-00192,4813500,,,,,,
소방설비,소방시설공사업(전문),834,회성종합건설(주),황금신,제주,제2007-94호,4813400,,,,,,
소방설비,소방시설공사업(전문),835,(주)백두기연,양정승,전남광주(전남),제2006-가-13호,4811200,,,,,,
소방설비,소방시설공사업(전문),836,(유)일광산업사,조계석,전북,전주덕진제2014-4호,4801100,,,,,,
소방설비,소방시설공사업(전문),837,(주)대가산업개발,오우식,부산,제2014-16호,4798100,,,,,,
소방설비,소방시설공사업(전문),838,동방에프에이시스템 주식회사,송정헌,충남,2022-02-00062,4789700,,,,,,
소방설비,소방시설공사업(전문),839,(주)용성소방,고경실,제주,제98-34호,4788700,,,,,,
소방설비,소방시설공사업(전문),840,창성전력 주식회사,김태홍,경기(북),2023-02-00119,4769800,,,,,,
소방설비,소방시설공사업(전문),841,(주)진영엔지니어링,심한식,전남광주(전남),제2015-바-3호,4763200,,,,,,
소방설비,소방시설공사업(전문),842,(주)한성플랜트,김진호,대구,제2009-13호,4758000,,,,,,
소방설비,소방시설공사업(전문),843,내덕건설(주),박영찬,경기(북),제일산 2005-21호,4755700,,,,,,
소방설비,소방시설공사업(전문),844,(주)리트코,박종운,서울,제강남 2002-23호,4753400,,,,,,
소방설비,소방시설공사업(전문),845,(주)동원소방설비,김호현,부산,제2004-6호,4750700,,,,,,
소방설비,소방시설공사업(전문),846,주식회사 비케이산업,김봉문,경기(북),2021-02-00636,4746200,,,,,,
소방설비,소방시설공사업(전문),847,(주)삼주이엔씨,유득수,인천,인천남동 제91-2호,4745100,,,,,,
소방설비,소방시설공사업(전문),848,(주)지엠이앤씨,이강섭,전남광주(광주),제2014-마-1호,4740500,,,,,,
소방설비,소방시설공사업(전문),849,(주)태호이앤씨,송수정,인천,2017-02-00507,4739000,,,,,,
소방설비,소방시설공사업(전문),850,주식회사 대선산업개발,염귀화,전북,2020-02-00614,4738800,,,,,,
소방설비,소방시설공사업(전문),851,국제엔지이(주),박광국,경기(남),2019-02-00147,4730900,,,,,,
소방설비,소방시설공사업(전문),852,(주)국제소방,권홍숙,충북,제2000-2호,4728400,,,,,,
소방설비,소방시설공사업(전문),853,주연소방(주),김성권,경기(남),2015-02-00374,4716600,,,,,,
소방설비,소방시설공사업(전문),854,주식회사 태양소방통신,김주성,전남광주(전남),제2006-가-19호,4715200,,,,,,
소방설비,소방시설공사업(전문),855,(주)세종전기,신희경,경기(남),2020-02-00199,4711200,,,,,,
소방설비,소방시설공사업(전문),856,주식회사 에스앤티엔지니어링,이동락,대구,2019-02-00540,4702700,,,,,,
소방설비,소방시설공사업(전문),857,(주)만길엔지니어링,이용만,대구,2018-02-00360,4695800,,,,,,
소방설비,소방시설공사업(전문),858,건설전업(주),안희명,세종,제세종시소방 2012-1-5호,4694800,,,,,,
소방설비,소방시설공사업(전문),859,(주)금성전력기술,김일혁,서울,제강남2005-25호,4690900,,,,,,
소방설비,소방시설공사업(전문),860,(주)제이콘,홍대성,울산,2016-02-00024,4690100,,,,,,
소방설비,소방시설공사업(전문),861,주식회사 광동전력,오창진,제주,서귀포-2009-4,4675500,,,,,,
소방설비,소방시설공사업(전문),862,(유)서해소방공사,박지혜,전북,전북군산 제2011-1호,4660600,,,,,,
소방설비,소방시설공사업(전문),863,(자)삼성소방,최신걸,강원,제111호,4657400,,,,,,
소방설비,소방시설공사업(전문),864,주식회사 와이제이이엔지,허상문,인천,2019-02-00477,4656800,,,,,,
소방설비,소방시설공사업(전문),865,(주)에스제이엔지니어링,설진일,경기(북),제구리 2005-9호,4651000,,,,,,
소방설비,소방시설공사업(전문),866,남양건설(주),마찬호,전남광주(전남),제89-1호,4643900,,,,,,
소방설비,소방시설공사업(전문),867,티앤제이건설(주),고태유,전북,2021-02-00582,4641800,,,,,,
소방설비,소방시설공사업(전문),868,(주)서보,이소원,경북,제성주2011-02호,4640400,,,,,,
소방설비,소방시설공사업(전문),869,동서이엔씨(주),한계현,경기(남),2017-02-00294,4637700,,,,,,
소방설비,소방시설공사업(전문),870,하나기업 주식회사,부석용,제주,2021-02-00087,4636600,,,,,,
소방설비,소방시설공사업(전문),871,주식회사 영진이엔지,김영재,전남광주(전남),2020-02-00131,4626500,,,,,,
소방설비,소방시설공사업(전문),872,주식회사 제이엠이엔지,위승철,충남,2018-02-00017,4626100,,,,,,
소방설비,소방시설공사업(전문),873,(주)진명파워택,이명규,서울,2021-02-00544,4620200,,,,,,
소방설비,소방시설공사업(전문),874,(주)국제소방,장태규,부산,제2002-14호,4608300,,,,,,
소방설비,소방시설공사업(전문),875,(주)고현이엔지,박현영,경기(남),경기화성제2011-6호,4607100,,,,,,
소방설비,소방시설공사업(전문),876,(주)스마트이앤씨,곽효석,경기(남),경기화성 제2008-24호,4601300,,,,,,
소방설비,소방시설공사업(전문),877,(주)가진엔지니어링,박종호,경기(북),2020-02-00096,4595900,,,,,,
소방설비,소방시설공사업(전문),878,미래앤테크(주),윤호경,서울,2018-02-00126,4591000,,,,,,
소방설비,소방시설공사업(전문),879,주식회사 경성이엔지,박찬영,충북,2022-02-00332,4590800,,,,,,
소방설비,소방시설공사업(전문),880,(주)창성소방엔지니어링,박상순,충남,제2003-2호,4578700,,,,,,
소방설비,소방시설공사업(전문),881,(주)동부소방,강수성,부산,제2008-28호,4575700,,,,,,
소방설비,소방시설공사업(전문),882,대영방재시스템(주),허창성,서울,제동대문2004-11호,4575400,,,,,,
소방설비,소방시설공사업(전문),883,유일전척(주),유수영,경기(남),경기하남 제2007-1호,4574900,,,,,,
소방설비,소방시설공사업(전문),884,주식회사 스마트 119,한두영,경기(남),2017-02-00101,4568000,,,,,,
소방설비,소방시설공사업(전문),885,주식회사 유영,송원관,제주,2021-02-00585,4567200,,,,,,
소방설비,소방시설공사업(전문),886,동북전력 주식회사,이해권,서울,2021-02-00564,4561300,,,,,,
소방설비,소방시설공사업(전문),887,주식회사 화인씨앤엠,양청미,울산,2019-02-00041,4559500,,,,,,
소방설비,소방시설공사업(전문),888,(주)현대방재,이동필,부산,제2007-35호,4552600,,,,,,
소방설비,소방시설공사업(전문),889,주식회사 삼화전기,성백린,경기(남),2017-02-00158,4550900,,,,,,
소방설비,소방시설공사업(전문),890,주식회사 영진전기,우인숙,세종,2017-02-00528,4550300,,,,,,
소방설비,소방시설공사업(전문),891,(주)영진건업,문필재,대구,제2010-1호,4547900,,,,,,
소방설비,소방시설공사업(전문),892,광진개발(주),최재호,부산,제2012-19호,4545700,,,,,,
소방설비,소방시설공사업(전문),893,(주)화성개발,김창희,대구,제93-15호,4540400,,,,,,
소방설비,소방시설공사업(전문),894,(주)주광전기,이승훈,서울,제영등포 97-4호,4520600,,,,,,
소방설비,소방시설공사업(전문),895,(주)일신기술단,이영애,부산,제 2007-47 호,4518500,,,,,,
소방설비,소방시설공사업(전문),896,(주)성우에프씨,이승희,충북,제2008-8호,4518400,,,,,,
소방설비,소방시설공사업(전문),897,(주)합동소방설비,김봉원,대구,제90-2호,4507600,,,,,,
소방설비,소방시설공사업(전문),898,해솔이엔씨 주식회사,황동준,경기(북),2017-02-00106,4503400,,,,,,
소방설비,소방시설공사업(전문),899,(주)태일방재,안효빈,충북,제2006-9호,4493500,,,,,,
소방설비,소방시설공사업(전문),900,주식회사 파인티엠이,안경법,서울,2022-02-00024,4479800,,,,,,
소방설비,소방시설공사업(전문),901,(주)혜인이엔지,노석순,인천,2019-02-00315,4478500,,,,,,
소방설비,소방시설공사업(전문),902,원진기술산업(주),김재균,경기(남),경기하남 제2008-1호,4475800,,,,,,
소방설비,소방시설공사업(전문),903,(주)KBS비즈니스,이재환,서울,제강서2013-4호,4468800,,,,,,
소방설비,소방시설공사업(전문),904,한국개발(주),윤영호,경북,경산 제85-12-19호,4453000,,,,,,
소방설비,소방시설공사업(전문),905,(주)서하,서성달,세종,제2012-1-1호,4452700,,,,,,
소방설비,소방시설공사업(전문),906,(주)푸른소방이엔지,성기만,충남,천안서북 제2001-1호,4448300,,,,,,
소방설비,소방시설공사업(전문),907,(주)크레스터이엔지,고외환,서울,제서초 2006-16호,4438300,,,,,,
소방설비,소방시설공사업(전문),908,(주)대한산업공사,오용호,전남광주(전남),2023-02-00076,4433600,,,,,,
소방설비,소방시설공사업(전문),909,(주)청림이에프씨,정길용,전남광주(전남),제2011-차-5호,4428100,,,,,,
소방설비,소방시설공사업(전문),910,(주)동양이엔씨,최두현,경기(남),2023-02-00156,4424100,,,,,,
소방설비,소방시설공사업(전문),911,주식회사 다우파워텍,선종민,세종,제2014-1-33호,4423700,,,,,,
소방설비,소방시설공사업(전문),912,주영설비(주),서영주,울산,제2009-6호,4420700,,,,,,
소방설비,소방시설공사업(전문),913,(주)만성전기,제봉석,경남,제거제 2006-1호,4418600,,,,,,
소방설비,소방시설공사업(전문),914,주식회사 한울이엔씨,박주현,경기(북),2022-02-00380,4414800,,,,,,
소방설비,소방시설공사업(전문),915,(주)중앙파이어,정택우,인천,제2003-4호,4411900,,,,,,
소방설비,소방시설공사업(전문),916,(주)도명디앤이,김동진,경기(남),경기하남 제2011-01호,4408000,,,,,,
소방설비,소방시설공사업(전문),917,주식회사 큐에스엔지니어링,조서구,서울,2016-02-00237,4406300,,,,,,
소방설비,소방시설공사업(전문),918,(주)선진엔지니어링,권선진,대전,제2012-7호,4406300,,,,,,
소방설비,소방시설공사업(전문),919,천둥방재소방(주),나기영,충남,천안서북 제2013-4호,4403600,,,,,,
소방설비,소방시설공사업(전문),920,주식회사 진진,김지혜,경기(남),2017-02-00653,4401400,,,,,,
소방설비,소방시설공사업(전문),921,희상건설(주),이경범,서울,제서초2013-4호,4400300,,,,,,
소방설비,소방시설공사업(전문),922,금성방재기술 주식회사,황선우,서울,2019-02-00549,4394600,,,,,,
소방설비,소방시설공사업(전문),923,(주)도이전기,원경연,대구,제2002-7호,4382400,,,,,,
소방설비,소방시설공사업(전문),924,(주)경남소방엔지니어링,강종만,경남,마산2005-2호,4379400,,,,,,
소방설비,소방시설공사업(전문),925,주식회사 유원이씨에스,유명종,서울,제광진1985-6호,4376200,,,,,,
소방설비,소방시설공사업(전문),926,(주)신화건설산업,문선배,부산,2024-02-00399,4371500,,,,,,
소방설비,소방시설공사업(전문),927,선원건설(주),김학선,경기(북),2020-02-00125,4368100,,,,,,
소방설비,소방시설공사업(전문),928,주식회사 홍우,최정희,충북,2019-02-00262,4366600,,,,,,
소방설비,소방시설공사업(전문),929,(주)서연,김진우,경북,김천제2013-3호,4358900,,,,,,
소방설비,소방시설공사업(전문),930,세광건설(주),김종두,경기(남),경기용인 제2001-1호,4358400,,,,,,
소방설비,소방시설공사업(전문),931,정인소방(주),정철,제주,제제주-2009-4호,4344400,,,,,,
소방설비,소방시설공사업(전문),932,오월소방설비 주식회사,이원석,경기(남),2021-02-00477,4339500,,,,,,
소방설비,소방시설공사업(전문),933,대창테크 주식회사,김광수,대구,2020-02-00413,4330500,,,,,,
소방설비,소방시설공사업(전문),934,(주)시스템하나,임양석,서울,2021-02-00661,4330300,,,,,,
소방설비,소방시설공사업(전문),935,(주)일성종합소방,남기진,충북,제2002-6호,4329600,,,,,,
소방설비,소방시설공사업(전문),936,(유)한빛이엔씨,조은아,전남광주(전남),2015-02-00213,4329300,,,,,,
소방설비,소방시설공사업(전문),937,(주)광명일렉,박해완,부산,제86-54호,4324000,,,,,,
소방설비,소방시설공사업(전문),938,(주)광원전력,원진희,충남,제충남천안 2008-7호,4318100,,,,,,
소방설비,소방시설공사업(전문),939,(주)강남소방,김효정,서울,제강남 2005-4호,4317500,,,,,,
소방설비,소방시설공사업(전문),940,혜윰이엔씨 주식회사,윤한봉,경기(남),2023-02-00256,4317300,,,,,,
소방설비,소방시설공사업(전문),941,주식회사 대운소방,오찬수,충남,2017-02-00053,4311000,,,,,,
소방설비,소방시설공사업(전문),942,주식회사 고산지에스,하홍대,부산,제98-11호,4309200,,,,,,
소방설비,소방시설공사업(전문),943,(주)세림소방,우현의,경북,포항남부제2006-5호,4290600,,,,,,
소방설비,소방시설공사업(전문),944,(주)그린이엔지,권진의,부산,제2003-18호,4290500,,,,,,
소방설비,소방시설공사업(전문),945,보승개발(주),강송숙,강원,제137호,4289200,,,,,,
소방설비,소방시설공사업(전문),946,(주)지정소방,김창호,부산,제2011-16호,4284900,,,,,,
소방설비,소방시설공사업(전문),947,(주)농은이앤씨,김귀진,서울,제노원2009-2호,4280600,,,,,,
소방설비,소방시설공사업(전문),948,(주)이앤에프,이재혁,전남광주(광주),2021-02-00376,4278100,,,,,,
소방설비,소방시설공사업(전문),949,한성개발산업 주식회사,이상민,경기(남),2020-02-00008,4275500,,,,,,
소방설비,소방시설공사업(전문),950,주한소방(주),오승진,제주,제2005-63호,4273700,,,,,,
소방설비,소방시설공사업(전문),951,주식회사 금강뉴이앤씨,변형식,경기(남),경기평택 제1998-2호,4267900,,,,,,
소방설비,소방시설공사업(전문),952,(주)금강이엔에프,임정혁,부산,제2005-5호,4262900,,,,,,
소방설비,소방시설공사업(전문),953,남양종합건설(주),오상추,강원,제7호,4258700,,,,,,
소방설비,소방시설공사업(전문),954,(주)세종공영,성기석,대구,제98-18호,4255400,,,,,,
소방설비,소방시설공사업(전문),955,주식회사 라온에프에스,도대진,서울,2017-02-00108,4254800,,,,,,
소방설비,소방시설공사업(전문),956,(주)에스케이소방,최광일,충남,제충남당진 2011-1호,4246400,,,,,,
소방설비,소방시설공사업(전문),957,(주)인성이엔씨,김규만,서울,제용산2011-2호,4245500,,,,,,
소방설비,소방시설공사업(전문),958,주식회사 다울이엔지,강경옥,전남광주(광주),2021-02-00597,4245200,,,,,,
소방설비,소방시설공사업(전문),959,대영엠이씨 주식회사,이은웅,경기(남),2017-02-00300,4245000,,,,,,
소방설비,소방시설공사업(전문),960,원진소방(주),이상구,충북,제97-14호,4244800,,,,,,
소방설비,소방시설공사업(전문),961,주식회사 협주,전해청,인천,인천남동 제2006-11호,4240000,,,,,,
소방설비,소방시설공사업(전문),962,주식회사 신진이엔지,박보석,전남광주(전남),제2008-바-4호,4238300,,,,,,
소방설비,소방시설공사업(전문),963,유한회사 하늘이엔지,오성희,전북,2018-02-00347,4232700,,,,,,
소방설비,소방시설공사업(전문),964,주식회사 청오플랜트,엄종섭,울산,2022-02-00398,4228400,,,,,,
소방설비,소방시설공사업(전문),965,(주)대한전기,장면섭,경기(북),경기파주 제2013-2호,4223400,,,,,,
소방설비,소방시설공사업(전문),966,(주)장안소방공사,홍현표,충북,제2008-6호,4218500,,,,,,
소방설비,소방시설공사업(전문),967,금성종합방재(주),서동성,충북,제 청주서부 2014-11호,4216000,,,,,,
소방설비,소방시설공사업(전문),968,(주)필소방,고필문,전남광주(광주),2023-02-00021,4206900,,,,,,
소방설비,소방시설공사업(전문),969,(주)대해일렉스,김광수,강원,2017-02-00461,4201700,,,,,,
소방설비,소방시설공사업(전문),970,주식회사 하나소방이엔지,신상수,서울,2018-02-00522,4196000,,,,,,
소방설비,소방시설공사업(전문),971,(주)부석이엔씨,남인호,인천,2021-02-00385,4182600,,,,,,
소방설비,소방시설공사업(전문),972,(주)혜성,유계호,제주,제제주-2012-3호,4182400,,,,,,
소방설비,소방시설공사업(전문),973,(주)삼영이엔씨,홍장표,서울,제양천2010-3호,4177500,,,,,,
소방설비,소방시설공사업(전문),974,(주)주복공영,박상준,인천,2020-02-00381,4174000,,,,,,
소방설비,소방시설공사업(전문),975,(주)원성,조민용,충북,제97-3호,4169700,,,,,,
소방설비,소방시설공사업(전문),976,범일건설(주),설병덕,경기(남),2020-02-00150,4158600,,,,,,
소방설비,소방시설공사업(전문),977,주식회사 대진,황윤재,세종,2018-02-00098,4155800,,,,,,
소방설비,소방시설공사업(전문),978,탑솔라 주식회사,유병진,전남광주(전남),2016-02-00525,4148700,,,,,,
소방설비,소방시설공사업(전문),979,(주)금강전력,류재선,전남광주(전남),제1998-4호,4146000,,,,,,
소방설비,소방시설공사업(전문),980,(주)청신에프이,김순수,서울,제노원 2007-1호,4144600,,,,,,
소방설비,소방시설공사업(전문),981,(주)혜성이티에스,이상영,서울,2018-02-00498,4142900,,,,,,
소방설비,소방시설공사업(전문),982,(주)제일소방방재,김국일,대구,제2007-31호,4142100,,,,,,
소방설비,소방시설공사업(전문),983,주식회사 진성소방,권만수,경남,2017-02-00046,4140200,,,,,,
소방설비,소방시설공사업(전문),984,주식회사 대림기업,박정준,강원,2019-02-00279,4139300,,,,,,
소방설비,소방시설공사업(전문),985,신일전기(주),박두경,경남,2021-02-00227,4138800,,,,,,
소방설비,소방시설공사업(전문),986,(주)경원소방,문성환,부산,제98-34호,4133900,,,,,,
소방설비,소방시설공사업(전문),987,(주)대주이엔지,김준수,경기(남),경기군포 제2003-4호,4132800,,,,,,
소방설비,소방시설공사업(전문),988,주식회사 명진이엔지,김영석,경기(남),2018-02-00198,4132400,,,,,,
소방설비,소방시설공사업(전문),989,동일이앤씨,최원미,충북,제99-2호,4131900,,,,,,
소방설비,소방시설공사업(전문),990,(주)엠브이피소방,진형주,서울,제송파2015-08호,4127900,,,,,,
소방설비,소방시설공사업(전문),991,(주)해주개발,유성준,경북,포항99-2,4127000,,,,,,
소방설비,소방시설공사업(전문),992,(주)서림소방,임광식,부산,제97-06호,4126900,,,,,,
소방설비,소방시설공사업(전문),993,원진엔지니어링 주식회사,이근우,경남,경남김해 제2011-11호,4118300,,,,,,
소방설비,소방시설공사업(전문),994,주식회사 석미,원현주,강원,제12호,4116900,,,,,,
소방설비,소방시설공사업(전문),995,(주)대제종합건설,배한열,인천,2019-02-00255,4110200,,,,,,
소방설비,소방시설공사업(전문),996,신일소방(주),한창용,울산,제 1997-12호,4109400,,,,,,
소방설비,소방시설공사업(전문),997,안택건설(주),강병길,경남,2017-02-00329,4108900,,,,,,
소방설비,소방시설공사업(전문),998,(주)세신소방엔지니어링,현승순,경기(남),경기안산 제99-3호,4103600,,,,,,
소방설비,소방시설공사업(전문),999,주식회사 한선이엔지,김인석,경기(남),2022-02-00074,4102800,,,,,,
소방설비,소방시설공사업(전문),1000,주식회사 백산이엔지,노기호,충남,2020-02-00364,4099500,,,,,,
소방설비,소방시설공사업(전문),1001,동인이엔씨(주),이찬호,경기(남),경기용인 제2009-4호,4098600,,,,,,
소방설비,소방시설공사업(전문),1002,(주)신해전기건설,이세윤,서울,제동대문 92-1호,4098300,,,,,,
소방설비,소방시설공사업(전문),1003,주식회사 보우기전,노곡달,경북,영주 2005-1,4096400,,,,,,
소방설비,소방시설공사업(전문),1004,주식회사 뉴우진,강완형,경기(남),2022-02-00322,4095000,,,,,,
소방설비,소방시설공사업(전문),1005,유원이앤에프(주),이광흠,경기(남),2025-02-00321,4082800,,,,,,
소방설비,소방시설공사업(전문),1006,(주)케이이에스전기공사,강성진,서울,제서초 2007-6호,4076700,,,,,,
소방설비,소방시설공사업(전문),1007,삼원소방(주),안병진,대전,제2006-15호,4072300,,,,,,
소방설비,소방시설공사업(전문),1008,(주)국제이엔지,최현아,전남광주(전남),제2012-카-28호,4067300,,,,,,
소방설비,소방시설공사업(전문),1009,주식회사 강현이엔씨,이민준,인천,2019-02-00465,4060800,,,,,,
소방설비,소방시설공사업(전문),1010,(주)동신,구자무,부산,제2008-13호,4054900,,,,,,
소방설비,소방시설공사업(전문),1011,제이에스이엔씨(주),김영춘,전남광주(전남),제2011-나-5호,4051400,,,,,,
소방설비,소방시설공사업(전문),1012,(주)선정소방,이창환,경기(남),2018-02-00068,4042800,,,,,,
소방설비,소방시설공사업(전문),1013,상림종합전설(주),박한서,경기(남),2015-02-00012,4039400,,,,,,
소방설비,소방시설공사업(전문),1014,(주)호선이엔씨,정우경,서울,2018-02-00197,4038700,,,,,,
소방설비,소방시설공사업(전문),1015,티케이지우당 주식회사,임홍석,경기(남),경기용인 제2007-13호,4035900,,,,,,
소방설비,소방시설공사업(전문),1016,화성전기건설(주),김찬일,인천,2015-02-00217,4025300,,,,,,
소방설비,소방시설공사업(전문),1017,주식회사 명인전기,최하경,대전,2019-02-00239,4020800,,,,,,
소방설비,소방시설공사업(전문),1018,삼진공영(주),한상경,인천,인천남부 제2007-10호,4019100,,,,,,
소방설비,소방시설공사업(전문),1019,(주)한국유닉스,강혜숙,부산,제2005-27호,4018100,,,,,,
소방설비,소방시설공사업(전문),1020,(주)송우방재,황성호,경기(북),경기포천제2006-01호,4009000,,,,,,
소방설비,소방시설공사업(전문),1021,주식회사 대선전설,하정숙,부산,2015-02-00004,4007100,,,,,,
소방설비,소방시설공사업(전문),1022,라온이엔씨 주식회사,권성미,강원,2018-02-00431,4006300,,,,,,
소방설비,소방시설공사업(전문),1023,(주)예일소방,정채진,경남,2018-02-00021,4002300,,,,,,
소방설비,소방시설공사업(전문),1024,대보건설(주),황준희,경기(남),2017-02-00473,4001500,,,,,,
소방설비,소방시설공사업(전문),1025,(주)선진이앤에스,허동현,서울,제광진2012-5호,3996300,,,,,,
소방설비,소방시설공사업(전문),1026,태금기계(주),위영,전남광주(전남),2021-02-00031,3996000,,,,,,
소방설비,소방시설공사업(전문),1027,프라임이엔씨 주식회사,김회택,서울,제강서 2005-4호,3987200,,,,,,
소방설비,소방시설공사업(전문),1028,(주)부국전력통신공사,김기수,전남광주(광주),2015-02-00006,3983900,,,,,,
소방설비,소방시설공사업(전문),1029,우성설비(주),정윤희,서울,제동대문2012-4호,3983200,,,,,,
소방설비,소방시설공사업(전문),1030,태양이엔에스(주),최광석,서울,제중랑 2004-3호,3982500,,,,,,
소방설비,소방시설공사업(전문),1031,주식회사 에스엠씨,문성배,부산,2018-02-00461,3981900,,,,,,
소방설비,소방시설공사업(전문),1032,우성기업(주),이해준,경기(남),경기화성 제2011-13호,3972200,,,,,,
소방설비,소방시설공사업(전문),1033,(주)송현엔지니어링,김을영,경기(북),제고양 2007-1호,3971000,,,,,,
소방설비,소방시설공사업(전문),1034,(주)옥수기건,김정덕,부산,제2003-7호,3958500,,,,,,
소방설비,소방시설공사업(전문),1035,(주)현우이엠씨,조현갑,경남,경남창원 제2010-3호,3953000,,,,,,
소방설비,소방시설공사업(전문),1036,(주)계명,이완용,경기(남),2015-02-00084,3951900,,,,,,
소방설비,소방시설공사업(전문),1037,현대소방(주),최문진,강원,제221호,3950400,,,,,,
소방설비,소방시설공사업(전문),1038,한결소방(주),양홍용,제주,제제주2006-84호,3949800,,,,,,
소방설비,소방시설공사업(전문),1039,(유)대성소방,윤선태,전남광주(전남),제2006-가-23호,3948800,,,,,,
소방설비,소방시설공사업(전문),1040,안동소방 주식회사,이정훈,경북,2016-02-00679,3940500,,,,,,
소방설비,소방시설공사업(전문),1041,(주)풍원기공,변성준,부산,제2006-22호,3938900,,,,,,
소방설비,소방시설공사업(전문),1042,(주)기광전기,이음복,경기(남),2020-02-00366,3936600,,,,,,
소방설비,소방시설공사업(전문),1043,삼광전력(주),류석종,대구,제2011-5호,3926800,,,,,,
소방설비,소방시설공사업(전문),1044,(주)근호소방,옥은희,경남,거제 제2011-01호,3922500,,,,,,
소방설비,소방시설공사업(전문),1045,(주)용마루이엔지,이행규,경남,제마산 2007-1호,3915700,,,,,,
소방설비,소방시설공사업(전문),1046,(주)태양소방,김병재,부산,2016-02-00113,3911500,,,,,,
소방설비,소방시설공사업(전문),1047,일렉파워(주),김성호,서울,제강남 2007-6호,3911500,,,,,,
소방설비,소방시설공사업(전문),1048,주식회사 나로,박혜리,충북,2017-02-00099,3911100,,,,,,
소방설비,소방시설공사업(전문),1049,신동해전력(주),이종욱,경북,2017-02-00180,3907400,,,,,,
소방설비,소방시설공사업(전문),1050,에스지건설 주식회사,조형범,강원,2019-02-00590,3906900,,,,,,
소방설비,소방시설공사업(전문),1051,(주)대경방재,김태영,경북,제경산 2006-02호,3904500,,,,,,
소방설비,소방시설공사업(전문),1052,(주)용원테크,최기열,경기(북),2026-02-00133,3904200,,,,,,
소방설비,소방시설공사업(전문),1053,(주)세광이앤씨,우성진,경기(남),경기화성제2015-04호,3902400,,,,,,
소방설비,소방시설공사업(전문),1054,(주)정림,정연화,서울,2021-02-00073,3900300,,,,,,
소방설비,소방시설공사업(전문),1055,대동종합전설(주),윤명숙,경기(북),2017-02-00552,3899600,,,,,,
소방설비,소방시설공사업(전문),1056,(주)창진,조영래,부산,제2006-24호,3896200,,,,,,
소방설비,소방시설공사업(전문),1057,(주)미도종합건설,전재준,경북,2024-02-00332,3895300,,,,,,
소방설비,소방시설공사업(전문),1058,주식회사 대유기전공사,권오종,대구,제2012-13호,3886700,,,,,,
소방설비,소방시설공사업(전문),1059,청명전기(주),안상연,경기(북),경기일산 제2010-2호,3881000,,,,,,
소방설비,소방시설공사업(전문),1060,용화전기(주),임정식,부산,제2001-7호,3871400,,,,,,
소방설비,소방시설공사업(전문),1061,중앙건설(주),임상후,경남,2016-02-00443,3868200,,,,,,
소방설비,소방시설공사업(전문),1062,(주)동일이엔씨,곽준철,충북,제2004-3호,3862000,,,,,,
소방설비,소방시설공사업(전문),1063,유한회사 성전소방이엔지,정삼한,전남광주(전남),2017-02-00159,3860400,,,,,,
소방설비,소방시설공사업(전문),1064,(주)대진전력,김현순,전남광주(전남),2024-02-00375,3857600,,,,,,
소방설비,소방시설공사업(전문),1065,한국소방설비 합자회사,류호기,충북,제90-14호,3857500,,,,,,
소방설비,소방시설공사업(전문),1066,주식회사 대신공영,김양기,서울,2015-02-00153,3855100,,,,,,
소방설비,소방시설공사업(전문),1067,(주)동아종합전력,민정기,서울,2018-02-00174,3849700,,,,,,
소방설비,소방시설공사업(전문),1068,(유)하나소방,문병수,경남,2022-02-00318,3846600,,,,,,
소방설비,소방시설공사업(전문),1069,(주)범강기연,김영기,서울,2020-02-00295,3838300,,,,,,
소방설비,소방시설공사업(전문),1070,(주)두민,김상래,경기(남),2018-02-00349,3835800,,,,,,
소방설비,소방시설공사업(전문),1071,(주)대일공영,엄동용,인천,남부제2015-1호,3835100,,,,,,
소방설비,소방시설공사업(전문),1072,대일소방건설(주),임규영,서울,제구로 95-8호,3834200,,,,,,
소방설비,소방시설공사업(전문),1073,이룸건설주식회사,박현주,경남,제사천2014-01호,3825400,,,,,,
소방설비,소방시설공사업(전문),1074,혁진건설(주),박형국,강원,제23호,3824200,,,,,,
소방설비,소방시설공사업(전문),1075,(주)도원전기,김혜진,경남,2019-02-00585,3817400,,,,,,
소방설비,소방시설공사업(전문),1076,주식회사 경인엠이씨,정남숙,인천,2024-02-00121,3814400,,,,,,
소방설비,소방시설공사업(전문),1077,광진기공(주),박정순,경기(남),2021-02-00237,3812400,,,,,,
소방설비,소방시설공사업(전문),1078,(주)신흥이엔지,지철환,강원,제180호,3811500,,,,,,
소방설비,소방시설공사업(전문),1079,(주)대금이앤아이,김종우,서울,제중부 1997-1호,3810800,,,,,,
소방설비,소방시설공사업(전문),1080,(합)동신소방설비,전성표,강원,제90호,3787700,,,,,,
소방설비,소방시설공사업(전문),1081,(주)우성소방,엄영욱,충북,제2001-5호,3786400,,,,,,
소방설비,소방시설공사업(전문),1082,양지전기(주),박승연,서울,제강남97-23호,3775400,,,,,,
소방설비,소방시설공사업(전문),1083,주식회사 고려,이선빈,부산,제96-13호,3775100,,,,,,
소방설비,소방시설공사업(전문),1084,영승방재(주),오경록,부산,부산-99-40,3773900,,,,,,
소방설비,소방시설공사업(전문),1085,(주)세인텍,신승우,경남,경남김해 제2009-02호,3773700,,,,,,
소방설비,소방시설공사업(전문),1086,(주)구룡전기,박실용,대전,제2011-2호,3770900,,,,,,
소방설비,소방시설공사업(전문),1087,(주)린텍,김한지,부산,2020-02-00563,3770000,,,,,,
소방설비,소방시설공사업(전문),1088,(주)이산전설,조금준,경기(남),경기수원 제2009-16호,3769300,,,,,,
소방설비,소방시설공사업(전문),1089,(주)서강,신현을,전북,전주완산제2008-6호,3768400,,,,,,
소방설비,소방시설공사업(전문),1090,주식회사 기백,백승희,강원,2018-02-00492,3765600,,,,,,
소방설비,소방시설공사업(전문),1091,금하개발(주),김명준,서울,제동작 2002-1호,3760700,,,,,,
소방설비,소방시설공사업(전문),1092,(주)천일,이민자,경기(북),경기일산제2013-02호,3760300,,,,,,
소방설비,소방시설공사업(전문),1093,(주)호만엠이씨,이근호,서울,제마포2015-01호,3759600,,,,,,
소방설비,소방시설공사업(전문),1094,주식회사 엠케이소방,이봉기,전북,전주덕진 제2012-6호,3755400,,,,,,
소방설비,소방시설공사업(전문),1095,대경전기(주),임태이,경북,김천 제2005-2호,3752800,,,,,,
소방설비,소방시설공사업(전문),1096,(주)봄내이엔씨,백기창,강원,제166호,3750900,,,,,,
소방설비,소방시설공사업(전문),1097,현대방재기술 주식회사,이상환,인천,인천중부 제2008-2호,3749400,,,,,,
소방설비,소방시설공사업(전문),1098,주식회사 경기전력,남기태,충북,2021-02-00107,3749000,,,,,,
소방설비,소방시설공사업(전문),1099,합자회사 천내전력,김미외,대구,제2010-05호,3748900,,,,,,
소방설비,소방시설공사업(전문),1100,주식회사 에이치케이씨,채희관,충남,2017-02-00505,3746300,,,,,,
소방설비,소방시설공사업(전문),1101,(자)천안소방설비공사,장인수,충남,2019-02-00462,3743100,,,,,,
소방설비,소방시설공사업(전문),1102,(주)북원소방,유기창,강원,제142호,3740100,,,,,,
소방설비,소방시설공사업(전문),1103,주식회사 대한전기,이대채,경기(남),2016-02-00027,3739900,,,,,,
소방설비,소방시설공사업(전문),1104,주식회사 도담소방엔지니어링,김성욱,경남,2018-02-00020,3737600,,,,,,
소방설비,소방시설공사업(전문),1105,주식회사 국민방재산업,박진형,서울,2015-02-00176,3730800,,,,,,
소방설비,소방시설공사업(전문),1106,에스지소방 주식회사,이정운,세종,2019-02-00212,3726600,,,,,,
소방설비,소방시설공사업(전문),1107,삼성이앤에이 주식회사,남궁홍,서울,제강동92-5호,3724800,,,,,,
소방설비,소방시설공사업(전문),1108,(주)삼건이엔지,전강환,경기(남),경기광주 제2004-03호,3722900,,,,,,
소방설비,소방시설공사업(전문),1109,에프씨방재 주식회사,오주환,인천,2021-02-00083,3712200,,,,,,
소방설비,소방시설공사업(전문),1110,(주)국민소방,정우영,울산,제 2000-3호,3712000,,,,,,
소방설비,소방시설공사업(전문),1111,청화설비(주),김강복,강원,제231호,3704400,,,,,,
소방설비,소방시설공사업(전문),1112,(주)하이앤텍,임세용,경기(남),2018-02-00489,3699600,,,,,,
소방설비,소방시설공사업(전문),1113,세광전기(주),이성만,충남,제2000-3호,3694800,,,,,,
소방설비,소방시설공사업(전문),1114,주식회사 에스디와이이엔씨,김상길,대전,2021-02-00203,3690400,,,,,,
소방설비,소방시설공사업(전문),1115,(주)우림산업,김인성,경기(남),경기안양 제2001-23호,3687800,,,,,,
소방설비,소방시설공사업(전문),1116,(주)효승이엔지,김재정,부산,제2010-27호,3686600,,,,,,
소방설비,소방시설공사업(전문),1117,주식회사 근우,김재진,서울,제서초 2006-4호,3683100,,,,,,
소방설비,소방시설공사업(전문),1118,분천이엔지(주),강호준,서울,제광진2006-4호,3680100,,,,,,
소방설비,소방시설공사업(전문),1119,(주)영남이엔지,홍종표,경남,김해제2002-4호,3672100,,,,,,
소방설비,소방시설공사업(전문),1120,(주)대산전기,이종칠,경북,2017-02-00006,3671800,,,,,,
소방설비,소방시설공사업(전문),1121,(주)삼양소방,백승준,경기(북),2021-02-00603,3667000,,,,,,
소방설비,소방시설공사업(전문),1122,(주)현대소방,백현진,경남,경남 거창 제2008-6호,3661000,,,,,,
소방설비,소방시설공사업(전문),1123,경기산업(주),김성기,경기(남),경기안양 제2014-10호,3659600,,,,,,
소방설비,소방시설공사업(전문),1124,호근전기(주),문원호,경기(남),2016-02-00234,3658800,,,,,,
소방설비,소방시설공사업(전문),1125,주식회사 에스엠에너텍,김진남,인천,2019-02-00313,3657700,,,,,,
소방설비,소방시설공사업(전문),1126,(주)동방소방,전재완,대구,제2015-4호,3652200,,,,,,
소방설비,소방시설공사업(전문),1127,(유)금성소방,오대헌,전남광주(전남),제여수95-1호,3641300,,,,,,
소방설비,소방시설공사업(전문),1128,(주)진영이앤씨,이연정,전남광주(전남),제2012-카-15호,3638800,,,,,,
소방설비,소방시설공사업(전문),1129,주식회사 고암,김용준,서울,2019-02-00029,3634900,,,,,,
소방설비,소방시설공사업(전문),1130,주식회사 진영전기,김성수,충남,2017-02-00168,3633500,,,,,,
소방설비,소방시설공사업(전문),1131,(주)보현소방,노경호,경남,제2012-02호,3630100,,,,,,
소방설비,소방시설공사업(전문),1132,(주)용천전력,이용천,충남,2015-02-00287,3628600,,,,,,
소방설비,소방시설공사업(전문),1133,(주)한림미다스,김영성,경기(남),2021-02-00265,3626400,,,,,,
소방설비,소방시설공사업(전문),1134,금성건설(주),김주일,대전,제98-11호,3625900,,,,,,
소방설비,소방시설공사업(전문),1135,(주)엘이티,이응수,인천,인천공단 제2014-11호,3621700,,,,,,
소방설비,소방시설공사업(전문),1136,진보이엔지 주식회사,진영란,충남,2018-02-00117,3615600,,,,,,
소방설비,소방시설공사업(전문),1137,주식회사주원방재,정윤수,울산,제2014-6호,3614600,,,,,,
소방설비,소방시설공사업(전문),1138,(주)한양소방,서병열,서울,제구로90-1호,3614000,,,,,,
소방설비,소방시설공사업(전문),1139,(주)두성에프엔씨,오승만,경기(북),경기고양 제2011-04호,3607100,,,,,,
소방설비,소방시설공사업(전문),1140,주식회사 삼진에이치에스,하광수,전남광주(광주),2021-02-00363,3602500,,,,,,
소방설비,소방시설공사업(전문),1141,(주)동양소방,이금주,충남,제92-10호,3602100,,,,,,
소방설비,소방시설공사업(전문),1142,주식회사 오션,성종부,경남,2019-02-00334,3601900,,,,,,
소방설비,소방시설공사업(전문),1143,(주)우리기업,신원섭,경북,경북울진 제2008-02호,3596800,,,,,,
소방설비,소방시설공사업(전문),1144,범진성업(주),최병권,경기(북),경기고양 제2007-10호,3595100,,,,,,
소방설비,소방시설공사업(전문),1145,한국산업안전관리원(주),이상용,경기(남),경기안산 제2009-05호,3594700,,,,,,
소방설비,소방시설공사업(전문),1146,(주)에스에이치엔지니어링,김재현,경기(남),2015-02-00248,3592500,,,,,,
소방설비,소방시설공사업(전문),1147,우석전자씨스템(주),이석우,경기(남),경기시흥 제98-9호,3588000,,,,,,
소방설비,소방시설공사업(전문),1148,진명전력(주),배장수,경북,제문경 2007-2호,3586600,,,,,,
소방설비,소방시설공사업(전문),1149,주식회사 협성이엔지,유대호,경기(남),2017-02-00434,3580600,,,,,,
소방설비,소방시설공사업(전문),1150,지승건설(주),권민석,경기(남),경기안양 제2012-07호,3579200,,,,,,
소방설비,소방시설공사업(전문),1151,(주)청산엔지니어링,이창주,서울,제강동98-1호,3572500,,,,,,
소방설비,소방시설공사업(전문),1152,(주)계룡소방공사,한승호,충남,제2005-1호,3568100,,,,,,
소방설비,소방시설공사업(전문),1153,(주)세진종합이엔씨,박근덕,경기(남),2019-02-00186,3565400,,,,,,
소방설비,소방시설공사업(전문),1154,주식회사 대승,김도봉,강원,제167호,3562200,,,,,,
소방설비,소방시설공사업(전문),1155,(주)두림전설,문기형,충북,2022-02-00248,3560100,,,,,,
소방설비,소방시설공사업(전문),1156,(주)지에스방재,이익규,경기(남),경기하남 제2011-02호,3557700,,,,,,
소방설비,소방시설공사업(전문),1157,(주)남산이엔지,조광현,인천,2021-02-00125,3556400,,,,,,
소방설비,소방시설공사업(전문),1158,(주)대아전력,추길호,경남,진주 제2012-05호,3552800,,,,,,
소방설비,소방시설공사업(전문),1159,(주)대한소방공사,신명수,부산,제2011-1호,3544800,,,,,,
소방설비,소방시설공사업(전문),1160,호곡종합건설(주),박성환,서울,제마포99-5호,3541400,,,,,,
소방설비,소방시설공사업(전문),1161,(주)아이에스이앤씨,박기자,경기(남),경기하남 제2008-4호,3539500,,,,,,
소방설비,소방시설공사업(전문),1162,(주)남경이엔지,김경숙,부산,제부산2006-16호,3538800,,,,,,
소방설비,소방시설공사업(전문),1163,대신종합전기(주),최봉열,경남,제김해 2007-1호,3538200,,,,,,
소방설비,소방시설공사업(전문),1164,(주)홍진전기,진영두,경기(남),경기화성 제2008-9호,3534500,,,,,,
소방설비,소방시설공사업(전문),1165,(주)디에이치전설,정인수,충남,제2009-9호,3533600,,,,,,
소방설비,소방시설공사업(전문),1166,주식회사 태은설비,김효윤,경남,제2008-10호,3533000,,,,,,
소방설비,소방시설공사업(전문),1167,(주)도원,김영탁,전북,전북군산 제2013-01호,3531200,,,,,,
소방설비,소방시설공사업(전문),1168,(유)세원안전소방공사,유계엽,전북,제99-101호,3525400,,,,,,
소방설비,소방시설공사업(전문),1169,유진방재(주),이정남,전남광주(광주),제2006-나-8호,3524900,,,,,,
소방설비,소방시설공사업(전문),1170,대주이엔티(주),황광수,인천,인천중부 제2009-07호,3524800,,,,,,
소방설비,소방시설공사업(전문),1171,(주)성지기업,김성익,제주,제2006-74호,3523900,,,,,,
소방설비,소방시설공사업(전문),1172,두양산전(주),윤동준,전남광주(전남),제2008-마-1호,3520500,,,,,,
소방설비,소방시설공사업(전문),1173,(주)금성소방,구중근,경남,경남창원 제2002-1호,3519400,,,,,,
소방설비,소방시설공사업(전문),1174,(주)스마트소방,김기욱,대전,2016-02-00363,3516100,,,,,,
소방설비,소방시설공사업(전문),1175,(주)밝은전기,송종선,충남,제2010-2호,3514500,,,,,,
소방설비,소방시설공사업(전문),1176,경기소방전기(주),한동현,경기(남),경기분당 제2006-4호,3505100,,,,,,
소방설비,소방시설공사업(전문),1177,요진건설산업(주),송선호,강원,제108호,3502900,,,,,,
소방설비,소방시설공사업(전문),1178,(주)포레스트건설,이윤형,서울,제광진2011-14호,3500000,,,,,,
소방설비,소방시설공사업(전문),1179,(주)금화소방설비공사,심부규,전남광주(전남),제98-21호,3495000,,,,,,
소방설비,소방시설공사업(전문),1180,(주)우남전기소방,우영택,충북,제2009-11호,3494900,,,,,,
소방설비,소방시설공사업(전문),1181,주식회사 한국설비공사,박형원,인천,2018-02-00024,3494000,,,,,,
소방설비,소방시설공사업(전문),1182,주식회사 김앤드이청주,이준희,충북,2024-02-00340,3493800,,,,,,
소방설비,소방시설공사업(전문),1183,한경기전(주),정경윤,경기(남),2026-02-00094,3493600,,,,,,
소방설비,소방시설공사업(전문),1184,(주)오라,양인종,제주,2008-103,3489000,,,,,,
소방설비,소방시설공사업(전문),1185,주식회사 삼경이엔지,이민형,전북,2022-02-00132,3485100,,,,,,
소방설비,소방시설공사업(전문),1186,(주)케이아이에프,허남동,부산,제2011-13호,3483500,,,,,,
소방설비,소방시설공사업(전문),1187,(주)대아건설,김민규,경남,제2008-06호,3475300,,,,,,
소방설비,소방시설공사업(전문),1188,(주)우진방재,변종옥,제주,제제주 2001-47호,3474500,,,,,,
소방설비,소방시설공사업(전문),1189,(자)세기전력,이상석,대구,제2003-16호,3469900,,,,,,
소방설비,소방시설공사업(전문),1190,도남건설 주식회사,이진형,충북,2016-02-00117,3466900,,,,,,
소방설비,소방시설공사업(전문),1191,주식회사 화인포스텍,박문선,충남,제충남천안 2008-3호,3461500,,,,,,
소방설비,소방시설공사업(전문),1192,(주)동아방재,김광일,울산,제 1999-4호,3457600,,,,,,
소방설비,소방시설공사업(전문),1193,주식회사 범양이엔씨,이병길,경기(남),경기안양제2013-15호,3456400,,,,,,
소방설비,소방시설공사업(전문),1194,고려소방건설(주),정동환,인천,인천남동 제87-3호,3453600,,,,,,
소방설비,소방시설공사업(전문),1195,(주)태신이엔지,김재환,인천,인천서부제2013-09호,3451400,,,,,,
소방설비,소방시설공사업(전문),1196,(주)성신전력,노봉희,전남광주(광주),제2008-마-1호,3450600,,,,,,
소방설비,소방시설공사업(전문),1197,세진건설(주),전상철,전남광주(광주),제2011-나-09호,3441900,,,,,,
소방설비,소방시설공사업(전문),1198,(주)영재에프에스,조영귀,전남광주(광주),제2006-다-2호,3433400,,,,,,
소방설비,소방시설공사업(전문),1199,(주)신일,도은섭,경북,제문경 2006-2호,3431900,,,,,,
소방설비,소방시설공사업(전문),1200,주식회사 덕산,양희종,인천,인천부평 제1999-43호,3427100,,,,,,
소방설비,소방시설공사업(전문),1201,해동소방 주식회사,안치성,경남,2020-02-00353,3423400,,,,,,
소방설비,소방시설공사업(전문),1202,주식회사 광민,김주홍,전북,2015-02-00337,3421400,,,,,,
소방설비,소방시설공사업(전문),1203,(주)갑산전기,이현자,대구,2016-02-00424,3419900,,,,,,
소방설비,소방시설공사업(전문),1204,주식회사 경상전력,노인숙,경북,2018-02-00401,3419300,,,,,,
소방설비,소방시설공사업(전문),1205,주식회사 대건엔지니어링,노하상,경남,2019-02-00356,3415500,,,,,,
소방설비,소방시설공사업(전문),1206,백석기업 주식회사,사공정애,대구,제2013-7호,3413400,,,,,,
소방설비,소방시설공사업(전문),1207,(주)우석소방,조재경,전남광주(광주),제2012-다-5호,3402700,,,,,,
소방설비,소방시설공사업(전문),1208,(주)대륙엔지니어링,김선주,충북,제99-19호,3401000,,,,,,
소방설비,소방시설공사업(전문),1209,우리전력 주식회사,조한창,인천,2019-02-00337,3401000,,,,,,
소방설비,소방시설공사업(전문),1210,무한전력 주식회사,김가은,세종,2021-02-00611,3400900,,,,,,
소방설비,소방시설공사업(전문),1211,(주)에이치케이이엔지,황연하,부산,제2002-23호,3400000,,,,,,
소방설비,소방시설공사업(전문),1212,(유)덕양소방,전성만,전북,전북군산 제2001-16호,3394800,,,,,,
소방설비,소방시설공사업(전문),1213,(주)삼주이앤지,김대영,경기(남),2017-02-00598,3393800,,,,,,
소방설비,소방시설공사업(전문),1214,도원이엔아이(주),최기동,서울,제서초2005-30호,3389900,,,,,,
소방설비,소방시설공사업(전문),1215,(주)거성개발,김만정,충북,2019-02-00521,3389200,,,,,,
소방설비,소방시설공사업(전문),1216,(주)미림에너텍,김유신,인천,2015-02-00361,3383800,,,,,,
소방설비,소방시설공사업(전문),1217,삼보에프앤에스 주식회사,서지원,충남,2025-02-00049,3382500,,,,,,
소방설비,소방시설공사업(전문),1218,(주)쌍용건설전기,최명철,경기(남),경기안성 제2011-4호,3382100,,,,,,
소방설비,소방시설공사업(전문),1219,(주)다원건설,이계원,경기(남),경기성남 제2006-10호,3380300,,,,,,
소방설비,소방시설공사업(전문),1220,(주)주영카스코,이에스더,인천,2017-02-00389,3377300,,,,,,
소방설비,소방시설공사업(전문),1221,선학건설(주),임선희,서울,제송파2009-19호,3366700,,,,,,
소방설비,소방시설공사업(전문),1222,(유)대능전력,하태수,전북,제2008-5호,3365500,,,,,,
소방설비,소방시설공사업(전문),1223,주식회사 큐방재전력,한성필,서울,2018-02-00012,3359400,,,,,,
소방설비,소방시설공사업(전문),1224,공유산업개발 주식회사,임경현,경기(남),경기성남 제2002-9호,3359300,,,,,,
소방설비,소방시설공사업(전문),1225,(주)삼화소방,정영란,경남,진주 제2013-03호,3359200,,,,,,
소방설비,소방시설공사업(전문),1226,(주)태원전력공사,장중우,충북,2017-02-00512,3355300,,,,,,
소방설비,소방시설공사업(전문),1227,주식회사 우진전기,정상문,경기(남),2021-02-00487,3353700,,,,,,
소방설비,소방시설공사업(전문),1228,(주)우진이엔씨,김성호,인천,2016-02-00568,3352900,,,,,,
소방설비,소방시설공사업(전문),1229,주식회사 문연전기,곽창우,경기(남),2017-02-00433,3352800,,,,,,
소방설비,소방시설공사업(전문),1230,주식회사 이에스엘,송석재,경기(남),2020-02-00617,3350800,,,,,,
소방설비,소방시설공사업(전문),1231,(유)신성소방,추교원,전북,전북김제 제02-01호,3349900,,,,,,
소방설비,소방시설공사업(전문),1232,(주)대아전력,이동길,전남광주(전남),제여수 2006-8호,3347500,,,,,,
소방설비,소방시설공사업(전문),1233,주식회사 현성산업개발,김진영,전남광주(광주),2018-02-00265,3346800,,,,,,
소방설비,소방시설공사업(전문),1234,(주)대림이앤씨,황경규,경기(남),경기군포 제2011-1호,3345700,,,,,,
소방설비,소방시설공사업(전문),1235,주식회사 세종이엔지,박대수,부산,제2010-16호,3345100,,,,,,
소방설비,소방시설공사업(전문),1236,(주)다우이앤씨,이남옥,경기(북),의정부 2003-1,3341000,,,,,,
소방설비,소방시설공사업(전문),1237,주식회사 엠케이이앤씨,김광욱,충남,2015-02-00226,3337800,,,,,,
소방설비,소방시설공사업(전문),1238,주식회사 하나소방1ST,김석태,충남,2018-02-00534,3336700,,,,,,
소방설비,소방시설공사업(전문),1239,(주)광희종합전설,최정관,경북,칠곡제2013-6호,3335700,,,,,,
소방설비,소방시설공사업(전문),1240,(주)신성전기소방공사,김석원,강원,2021-02-00317,3335200,,,,,,
소방설비,소방시설공사업(전문),1241,신한종합건설(주),박용수,경기(북),제고양 99-4호,3334000,,,,,,
소방설비,소방시설공사업(전문),1242,(주)덕원플랜트,김철,경기(남),2016-02-00130,3333600,,,,,,
소방설비,소방시설공사업(전문),1243,태경전기(주),박경철,경남,진주 제2011-02호,3332400,,,,,,
소방설비,소방시설공사업(전문),1244,주식회사 한일소방,한경길,경북,제영천 2002-1호,3329700,,,,,,
소방설비,소방시설공사업(전문),1245,(주)우전소방,김철영,충북,제2004-6호,3327500,,,,,,
소방설비,소방시설공사업(전문),1246,(주)경문기술단,이용기,경기(남),2016-02-00267,3326500,,,,,,
소방설비,소방시설공사업(전문),1247,"주식회사 더 금영(THE KUMYOUNG Co., Ltd)",최승호,대전,2019-02-00253,3321500,,,,,,
소방설비,소방시설공사업(전문),1248,주식회사 화인위너텍,최소현,경기(북),2021-02-00450,3317200,,,,,,
소방설비,소방시설공사업(전문),1249,(주)삼영전업사,권준찬,경북,제안동 98-8호,3317100,,,,,,
소방설비,소방시설공사업(전문),1250,이에스아이 주식회사,황근순,경기(남),경기수원 제2009-99호,3316700,,,,,,
소방설비,소방시설공사업(전문),1251,(주)신세계토건,김준한,경기(남),경기안성 제99-1호,3316300,,,,,,
소방설비,소방시설공사업(전문),1252,주식회사 거성소방,정치영,충남,2017-02-00287,3308900,,,,,,
소방설비,소방시설공사업(전문),1253,주식회사 제이에스 이엔지,조성제,경기(남),2017-02-00148,3308900,,,,,,
소방설비,소방시설공사업(전문),1254,미래전력개발(주),강대선,전남광주(전남),제2004-20호,3307600,,,,,,
소방설비,소방시설공사업(전문),1255,(주)삼인이엔지,김지한,경기(남),2023-02-00106,3307000,,,,,,
소방설비,소방시설공사업(전문),1256,주식회사 명우이엔씨,전태석,서울,2015-02-00397,3299500,,,,,,
소방설비,소방시설공사업(전문),1257,에스에이치이앤씨(주),박용완,경기(남),2019-02-00035,3298000,,,,,,
소방설비,소방시설공사업(전문),1258,다원소방,김수복,인천,인천공단제2014-12호,3297000,,,,,,
소방설비,소방시설공사업(전문),1259,(주)경동이앤에스,손현익,울산,2015-02-00309,3296000,,,,,,
소방설비,소방시설공사업(전문),1260,주식회사 해인플랜트,박철흠,대구,2020-02-00510,3291000,,,,,,
소방설비,소방시설공사업(전문),1261,원전종합건설(주),김창기,서울,2017-02-00051,3285300,,,,,,
소방설비,소방시설공사업(전문),1262,한진전기공업(주),이덕규,경남,경남창원 제2001-3호,3275900,,,,,,
소방설비,소방시설공사업(전문),1263,(주)오성전기,신향순,경기(남),2015-02-00199,3274500,,,,,,
소방설비,소방시설공사업(전문),1264,주식회사 로제에이아이코리아,조영진,경기(남),2021-02-00055,3272300,,,,,,
소방설비,소방시설공사업(전문),1265,(주)한국소방안전기술단,이상동,경기(남),경기안산제2015-4호,3269200,,,,,,
소방설비,소방시설공사업(전문),1266,(주)한국전기,엄익주,세종,2015-02-00135,3267800,,,,,,
소방설비,소방시설공사업(전문),1267,(주)대전사,신명계,대구,제96-18호,3266400,,,,,,
소방설비,소방시설공사업(전문),1268,한국화재안전시스템(주),김금남,서울,제서초2007-25호,3262900,,,,,,
소방설비,소방시설공사업(전문),1269,대원전력(주),조현수,서울,제송파2012-13호,3262000,,,,,,
소방설비,소방시설공사업(전문),1270,(주)대림방재엔지니어링,정태진,강원,제44호,3259100,,,,,,
소방설비,소방시설공사업(전문),1271,(주)정익엔지니어링,정용봉,부산,제2007-48호,3256600,,,,,,
소방설비,소방시설공사업(전문),1272,(주)태양유니스,배종배,경기(남),2026-02-00009,3253900,,,,,,
소방설비,소방시설공사업(전문),1273,주식회사 성일소방산업,육성일,대전,2021-02-00075,3251900,,,,,,
소방설비,소방시설공사업(전문),1274,주식회사 석주전력,김성희,전남광주(전남),제2015-바-2호,3246400,,,,,,
소방설비,소방시설공사업(전문),1275,주식회사 유성소방,유임우,경기(남),2022-02-00414,3244500,,,,,,
소방설비,소방시설공사업(전문),1276,(주)대진방재,임영묵,충남,제충남천안 2006-12호,3243600,,,,,,
소방설비,소방시설공사업(전문),1277,(주)대건시스템즈,최성주,세종,제2013-1-2호,3243100,,,,,,
소방설비,소방시설공사업(전문),1278,(주)삼우이엔텍,이경수,서울,제강동2004-1호,3240000,,,,,,
소방설비,소방시설공사업(전문),1279,주식회사 초이,남혜숙,대구,2017-02-00419,3238800,,,,,,
소방설비,소방시설공사업(전문),1280,고려이엔티(주),오진숙,충북,괴산제2014-3호,3236700,,,,,,
소방설비,소방시설공사업(전문),1281,(주)동명산업개발,김동성,전남광주(전남),제2013-바-3호,3235400,,,,,,
소방설비,소방시설공사업(전문),1282,주식회사 월드테크이엔지,성진환,부산,2017-02-00559,3234700,,,,,,
소방설비,소방시설공사업(전문),1283,(유)제일엔지니어링,김진구,전북,2017-02-00374,3230400,,,,,,
소방설비,소방시설공사업(전문),1284,(주)가나건설산업,조덕연,경기(남),경기수원 제2009-60호,3227800,,,,,,
소방설비,소방시설공사업(전문),1285,(주)준소방,조준호,전북,2021-02-00344,3223600,,,,,,
소방설비,소방시설공사업(전문),1286,으뜸방재ENG,이성학,경기(남),경기부천 제2012-15호,3220800,,,,,,
소방설비,소방시설공사업(전문),1287,(주)청우개발,곽원찬,전남광주(광주),제북부 97-라-13호,3217100,,,,,,
소방설비,소방시설공사업(전문),1288,(주)무등방재,서삼종,전남광주(광주),제2014-다-9호,3216600,,,,,,
소방설비,소방시설공사업(전문),1289,주식회사 유진이엔씨,김경호,전남광주(전남),2016-02-00530,3214500,,,,,,
소방설비,소방시설공사업(전문),1290,주식회사 금담,정경식,전남광주(전남),2022-02-00503,3213900,,,,,,
소방설비,소방시설공사업(전문),1291,효창전력(주),배정아,경북,2017-02-00423,3212300,,,,,,
소방설비,소방시설공사업(전문),1292,한북이엔지(주),김희섭,경기(북),경기의정부 제2006-8호,3209800,,,,,,
소방설비,소방시설공사업(전문),1293,주식회사 가온방재,송재선,경기(남),2016-02-00075,3208200,,,,,,
소방설비,소방시설공사업(전문),1294,동서전설 주식회사,심민선,서울,2019-02-00055,3201800,,,,,,
소방설비,소방시설공사업(전문),1295,원전전기(주),문정현,부산,제2009-21호,3200700,,,,,,
소방설비,소방시설공사업(전문),1296,유림기계설비(주),정다운,부산,제2011-35호,3200600,,,,,,
소방설비,소방시설공사업(전문),1297,성우전기(주),성영식,서울,제마포2009-10호,3198400,,,,,,
소방설비,소방시설공사업(전문),1298,미래안전소방,김상기,경북,2019-02-00335,3197900,,,,,,
소방설비,소방시설공사업(전문),1299,주식회사 광덕기업,양정순,제주,2015-02-00291,3196600,,,,,,
소방설비,소방시설공사업(전문),1300,(주)동원이엔씨,김찬수,서울,2018-02-00333,3195300,,,,,,
소방설비,소방시설공사업(전문),1301,(주)대원,전응식,충북,2021-02-00647,3194800,,,,,,
소방설비,소방시설공사업(전문),1302,왕건전기(주),한미라,서울,제광진2004-18호,3193100,,,,,,
소방설비,소방시설공사업(전문),1303,(주)월드소방설비산업,김희창,전북,전북익산 제2012-04호,3192700,,,,,,
소방설비,소방시설공사업(전문),1304,한성에프씨 주식회사,박은경,경기(남),2019-02-00249,3190200,,,,,,
소방설비,소방시설공사업(전문),1305,(주)태영전력,이서영,제주,서귀포 2009-1,3186800,,,,,,
소방설비,소방시설공사업(전문),1306,(주)경기소방이앤씨,김성민,서울,제은평2002-8호,3185700,,,,,,
소방설비,소방시설공사업(전문),1307,(주)성원이앤지,배형희,전남광주(광주),2019-02-00528,3185100,,,,,,
소방설비,소방시설공사업(전문),1308,(주)지원소방설비,최승한,강원,제17호,3183100,,,,,,
소방설비,소방시설공사업(전문),1309,(주)신영소방,최주평,경기(남),경기광명 제2006-1호,3176500,,,,,,
소방설비,소방시설공사업(전문),1310,(주)빌드건설,박유미,경기(남),경기송탄 제2011-3호,3173900,,,,,,
소방설비,소방시설공사업(전문),1311,(주)삼정시스템,이이식,부산,제2003-31호,3173800,,,,,,
소방설비,소방시설공사업(전문),1312,주식회사 거명소방전기,박영호,충남,2021-02-00506,3171900,,,,,,
소방설비,소방시설공사업(전문),1313,(주)한원엔지니어링,김종운,서울,2018-02-00211,3168700,,,,,,
소방설비,소방시설공사업(전문),1314,주식회사 광림이엔지,김철호,경기(남),2017-02-00007,3165900,,,,,,
소방설비,소방시설공사업(전문),1315,주안이엔지(주),김승호,전남광주(전남),제2014-라-03호,3165400,,,,,,
소방설비,소방시설공사업(전문),1316,(주)전남소방이엔지,최영옥,전남광주(전남),제2014-다-9호,3164300,,,,,,
소방설비,소방시설공사업(전문),1317,주식회사 대호이엔씨,김공대,경기(남),2017-02-00022,3164200,,,,,,
소방설비,소방시설공사업(전문),1318,(주)비케이소방,백승규,울산,제2012-2호,3162300,,,,,,
소방설비,소방시설공사업(전문),1319,성보전기(주),김정환,경기(남),2025-02-00036,3161900,,,,,,
소방설비,소방시설공사업(전문),1320,주식회사 케이에스이앤지,김은정,서울,2022-02-00412,3157500,,,,,,
소방설비,소방시설공사업(전문),1321,(주)일성이엔씨,김영남,전북,2018-02-00221,3156900,,,,,,
소방설비,소방시설공사업(전문),1322,범우이앤씨 주식회사,김용기,전남광주(전남),2017-02-00417,3156700,,,,,,
소방설비,소방시설공사업(전문),1323,(주)재웅이앤씨,허원석,경기(북),경기고양 제2006-07호,3155700,,,,,,
소방설비,소방시설공사업(전문),1324,주식회사 파르이앤씨,김종훈,서울,2022-02-00032,3155100,,,,,,
소방설비,소방시설공사업(전문),1325,(주)현대엠이씨,나서연,서울,제영등포97-11호,3151800,,,,,,
소방설비,소방시설공사업(전문),1326,주식회사 태운소방설비,오재섭,경기(남),2016-02-00353,3151600,,,,,,
소방설비,소방시설공사업(전문),1327,(주)가나소방,추교봉,서울,제동대문2001-11호,3151100,,,,,,
소방설비,소방시설공사업(전문),1328,(주)대성전설,이승훈,경기(남),김포 제29호,3150100,,,,,,
소방설비,소방시설공사업(전문),1329,대형이엔씨(주),김성욱,대전,제2007-11호,3147900,,,,,,
소방설비,소방시설공사업(전문),1330,(주)두성,정종복,전남광주(광주),제 광주서부 2015-7호,3146500,,,,,,
소방설비,소방시설공사업(전문),1331,(주)대성엔이씨,구명자,경기(남),경기여주 제2007-4호,3146000,,,,,,
소방설비,소방시설공사업(전문),1332,충청방재(주),박재성,충북,제청주서부2013-8호,3145000,,,,,,
소방설비,소방시설공사업(전문),1333,세중전력(주),김영학,대전,2016-02-00105,3142000,,,,,,
소방설비,소방시설공사업(전문),1334,(주)유일테크,박창현,전남광주(전남),제2014-가-4호,3137500,,,,,,
소방설비,소방시설공사업(전문),1335,(주)티이엔지니어링,박태선,경기(북),2021-02-00383,3135300,,,,,,
소방설비,소방시설공사업(전문),1336,(주)제일소방,이근원,경기(남),경기평택 제2012-03호,3130900,,,,,,
소방설비,소방시설공사업(전문),1337,백남기업(주),안광영,서울,제마포85-3호,3129800,,,,,,
소방설비,소방시설공사업(전문),1338,웅진기계설비(주),박정서,서울,2016-02-00473,3129600,,,,,,
소방설비,소방시설공사업(전문),1339,주식회사 한얼이엔씨,김상수,경기(남),2018-02-00332,3126500,,,,,,
소방설비,소방시설공사업(전문),1340,(주)현대소방,이인숙,경북,제포항남부2010-07호,3124000,,,,,,
소방설비,소방시설공사업(전문),1341,주식회사 태림에프앤씨,김승원,인천,2017-02-00083,3120200,,,,,,
소방설비,소방시설공사업(전문),1342,(주)가야플랜트,조인희,경기(남),2017-02-00186,3120000,,,,,,
소방설비,소방시설공사업(전문),1343,(주)완일이씨에스,김경창,서울,제강서 2006-5호,3120000,,,,,,
소방설비,소방시설공사업(전문),1344,(주)삼진개발,손동철,전남광주(광주),2016-02-00650,3118700,,,,,,
소방설비,소방시설공사업(전문),1345,주식회사 케이엘공사,이귀숙,대전,2018-02-00348,3118400,,,,,,
소방설비,소방시설공사업(전문),1346,삼형기계설비(주),이만수,서울,제구로2007-5호,3117100,,,,,,
소방설비,소방시설공사업(전문),1347,동신전기사(주),박용일,인천,인천강화 제2011-1호,3115100,,,,,,
소방설비,소방시설공사업(전문),1348,(주)일신소방이엔지,송주건,대전,제2004-7호,3112100,,,,,,
소방설비,소방시설공사업(전문),1349,주식회사 태승전설,김주권,인천,2020-02-00332,3109700,,,,,,
소방설비,소방시설공사업(전문),1350,주식회사 계영이엔씨,이대민,경기(남),2017-02-00086,3104700,,,,,,
소방설비,소방시설공사업(전문),1351,(주)제일소방방재,김국일,경북,2016-02-00147,3104500,,,,,,
소방설비,소방시설공사업(전문),1352,코스믹전기통신(주),이종현,서울,제용산 1999-3호,3103300,,,,,,
소방설비,소방시설공사업(전문),1353,오성씨앤아이 주식회사,이영수,충북,2015-02-00207,3100300,,,,,,
소방설비,소방시설공사업(전문),1354,(주)동우이엔지,차재열,대구,제2008-5호,3099500,,,,,,
소방설비,소방시설공사업(전문),1355,(주)삼영전기,임영진,경남,창원제2013-06호,3095900,,,,,,
소방설비,소방시설공사업(전문),1356,부성전력(주),이성대,경북,제구미2008-1호,3093900,,,,,,
소방설비,소방시설공사업(전문),1357,주식회사 성민전기통신소방,김대경,경남,2021-02-00126,3093500,,,,,,
소방설비,소방시설공사업(전문),1358,(주)성산전기통신,이우주,경기(북),경기일산 제2005-22호,3089900,,,,,,
소방설비,소방시설공사업(전문),1359,(주)대웅전기,노지훈,부산,제2010-21호,3086000,,,,,,
소방설비,소방시설공사업(전문),1360,디엘이(주),배은호,부산,제2012-17호,3085200,,,,,,
소방설비,소방시설공사업(전문),1361,주식회사 반도소방,김대중,경기(남),2015-02-00068,3078500,,,,,,
소방설비,소방시설공사업(전문),1362,(주)일양엔지니어링,김은정,충북,제청주 2003-7,3070200,,,,,,
소방설비,소방시설공사업(전문),1363,(주)성익이엔에프,김은희,강원,제346호,3069300,,,,,,
소방설비,소방시설공사업(전문),1364,(주)명훈전력,박경선,강원,제219 호,3067500,,,,,,
소방설비,소방시설공사업(전문),1365,영동종합이엔시(주),이재환,경북,2016-02-00154,3063600,,,,,,
소방설비,소방시설공사업(전문),1366,주식회사 위즈이엔지,박상준,대전,2021-02-00315,3062400,,,,,,
소방설비,소방시설공사업(전문),1367,주식회사 경민이엔지,이현상,경남,제2014-04호,3057800,,,,,,
소방설비,소방시설공사업(전문),1368,예광전설(주),손영환,충북,제청주서부2013-7호,3057300,,,,,,
소방설비,소방시설공사업(전문),1369,(주)신한소방전기,김기용,경남,창원 제2012-08호,3055900,,,,,,
소방설비,소방시설공사업(전문),1370,(주)안동전기,권점화,경북,제2006-3호,3054800,,,,,,
소방설비,소방시설공사업(전문),1371,(주)범일방재,황영수,충남,천안서북 제2013-6호,3050400,,,,,,
소방설비,소방시설공사업(전문),1372,한일이앤씨(주),박진규,경기(남),2025-02-00157,3046200,,,,,,
소방설비,소방시설공사업(전문),1373,주식회사 엠아이텍,조형수,대전,제2014-3호,3042000,,,,,,
소방설비,소방시설공사업(전문),1374,주식회사 봉화조명정보기술,홍창빈,강원,2018-02-00022,3040000,,,,,,
소방설비,소방시설공사업(전문),1375,(주)장원전력,심도섭,경기(남),경기용인 제2004-11호,3039000,,,,,,
소방설비,소방시설공사업(전문),1376,(주)삼다소방,임상준,제주,제제주-2013-1호,3037400,,,,,,
소방설비,소방시설공사업(전문),1377,(유)우전,정남기,전남광주(광주),제광산2000-다-5호,3035900,,,,,,
소방설비,소방시설공사업(전문),1378,(주)장산기술,남경우,부산,2017-02-00669,3035300,,,,,,
소방설비,소방시설공사업(전문),1379,(주)그린에코,김홍제,대구,제2014-16호,3027800,,,,,,
소방설비,소방시설공사업(전문),1380,(주)신세계이앤씨,김승훈,경기(남),2015-02-00389,3023700,,,,,,
소방설비,소방시설공사업(전문),1381,(주)씨엠지테크,최문국,경북,2018-02-00184,3023300,,,,,,
소방설비,소방시설공사업(전문),1382,금사랑전력(주),이상윤,부산,제2002-45호,3022600,,,,,,
소방설비,소방시설공사업(전문),1383,(주)대아이엔지,박노형,충북,제2004-17호,3021700,,,,,,
소방설비,소방시설공사업(전문),1384,주식회사 대명산업이엔지,하정권,전남광주(광주),2017-02-00621,3021100,,,,,,
소방설비,소방시설공사업(전문),1385,(주)한국소방설비이엔지,김영중,충남,제99-1호,3019400,,,,,,
소방설비,소방시설공사업(전문),1386,(주)도원이엔씨,성우종,충남,2016-02-00410,3017400,,,,,,
소방설비,소방시설공사업(전문),1387,제일방재주식회사,임휘갑,인천,2016-02-00038,3016000,,,,,,
소방설비,소방시설공사업(전문),1388,옹진전력(주),김수연,인천,인천중부제2012-04호,3014900,,,,,,
소방설비,소방시설공사업(전문),1389,주식회사 한진설비,한광희,경기(북),2020-02-00301,3014800,,,,,,
소방설비,소방시설공사업(전문),1390,(주)오성소방,박종길,제주,제95-25호,3014200,,,,,,
소방설비,소방시설공사업(전문),1391,(주)엘리트소방이엔지,김철묵,인천,인천남동제2003-2호,3013100,,,,,,
소방설비,소방시설공사업(전문),1392,호승전력 주식회사,강양희,경기(남),2024-02-00288,3013000,,,,,,
소방설비,소방시설공사업(전문),1393,풍성건설(주),임명환,서울,2020-02-00015,3012500,,,,,,
소방설비,소방시설공사업(전문),1394,에스엠이엔지(주),조정옥,서울,제영등포2004-28호,3011700,,,,,,
소방설비,소방시설공사업(전문),1395,(합)기명전기소방,김봉선,경남,진주 제2011-04호,3010000,,,,,,
소방설비,소방시설공사업(전문),1396,주식회사 진우이엔지,권미애,서울,2016-02-00550,3007000,,,,,,
소방설비,소방시설공사업(전문),1397,(주)한국소방산업,조문경,경기(남),경기시흥 제2013-01호,3006100,,,,,,
소방설비,소방시설공사업(전문),1398,(주)소야방재기술,정명일,강원,제296호,3005800,,,,,,
소방설비,소방시설공사업(전문),1399,(주)크리스,홍석용,서울,제서초99-22호,3004700,,,,,,
소방설비,소방시설공사업(전문),1400,금동기업(주),김재경,서울,제서초2006-9호,3002200,,,,,,
소방설비,소방시설공사업(전문),1401,충남안전소방(주),서성철,충남,제2014-02호,2998900,,,,,,
소방설비,소방시설공사업(전문),1402,백운이엔지(주),황운길,경기(북),경기포천제2013-02호,2998900,,,,,,
소방설비,소방시설공사업(전문),1403,주식회사 삼호소방공사,김나연,경기(남),2020-02-00073,2995500,,,,,,
소방설비,소방시설공사업(전문),1404,(주)성원,이애순,전남광주(전남),제2015-아-1호,2992400,,,,,,
소방설비,소방시설공사업(전문),1405,(주)금환이엔씨,김성환,전남광주(전남),2015-02-00414,2991600,,,,,,
소방설비,소방시설공사업(전문),1406,주식회사 부강,이전우,대구,제2011-15호,2991100,,,,,,
소방설비,소방시설공사업(전문),1407,(주)로열배관설비,최윤철,서울,제강남2012-5호,2988400,,,,,,
소방설비,소방시설공사업(전문),1408,주식회사 성지소방기술,지현권,경기(남),2017-02-00214,2987900,,,,,,
소방설비,소방시설공사업(전문),1409,덕성소방(주),임미령,전남광주(전남),제2003-6호,2987400,,,,,,
소방설비,소방시설공사업(전문),1410,(유)일광전력공사,유일환,전북,전북군산 제2011-3호,2984900,,,,,,
소방설비,소방시설공사업(전문),1411,주식회사 나진이에프씨,김상호,세종,2019-02-00368,2984700,,,,,,
소방설비,소방시설공사업(전문),1412,(주)일광,조영숙,강원,제 223호,2983000,,,,,,
소방설비,소방시설공사업(전문),1413,(주)씨앤씨엔지니어링,임순철,경기(남),2020-02-00638,2982500,,,,,,
소방설비,소방시설공사업(전문),1414,주식회사 삼영설비,박호영,경기(북),2021-02-00268,2982100,,,,,,
소방설비,소방시설공사업(전문),1415,주식회사 화인이앤에프,예원정,세종,2024-02-00301,2980700,,,,,,
소방설비,소방시설공사업(전문),1416,한결아이씨티 주식회사,이해경,서울,2024-02-00028,2976500,,,,,,
소방설비,소방시설공사업(전문),1417,(주)에프이씨방재,김유태,강원,제303호,2974800,,,,,,
소방설비,소방시설공사업(전문),1418,(주)준호기전,이동하,인천,2017-02-00468,2974100,,,,,,
소방설비,소방시설공사업(전문),1419,(주)서해방재,김종길,경기(남),경기평택 제2000-02호,2968800,,,,,,
소방설비,소방시설공사업(전문),1420,(주)진솔기업,김현준,제주,제제주-2010-01호,2968300,,,,,,
소방설비,소방시설공사업(전문),1421,주식회사 창성테크,공창식,서울,2024-02-00392,2967900,,,,,,
소방설비,소방시설공사업(전문),1422,(주)성신전업,노인덕,경기(북),2015-02-00017,2966400,,,,,,
소방설비,소방시설공사업(전문),1423,(주)금강전기,표익환,경기(남),경기시흥 제2015-01호,2961800,,,,,,
소방설비,소방시설공사업(전문),1424,주식회사 해종,김명희,충북,2016-02-00430,2957500,,,,,,
소방설비,소방시설공사업(전문),1425,명일방재(주),이향규,대전,제2010-4호,2955500,,,,,,
소방설비,소방시설공사업(전문),1426,주식회사 태원방재,이기태,충남,2018-02-00055,2954000,,,,,,
소방설비,소방시설공사업(전문),1427,하나방재 주식회사,이대성,경기(남),2023-02-00340,2953000,,,,,,
소방설비,소방시설공사업(전문),1428,(주)홈스웰,이기섭,경기(남),경기안양 제2012-33호,2951000,,,,,,
소방설비,소방시설공사업(전문),1429,주식회사 영진소방,윤복순,경북,제2015-9호,2950900,,,,,,
소방설비,소방시설공사업(전문),1430,경두산업 주식회사,강영욱,전남광주(전남),2019-02-00269,2948200,,,,,,
소방설비,소방시설공사업(전문),1431,(주)선진이엔지,김태완,전북,2021-02-00446,2946100,,,,,,
소방설비,소방시설공사업(전문),1432,(주)엘엔피,박지웅,경기(남),2020-02-00438,2945400,,,,,,
소방설비,소방시설공사업(전문),1433,(주)길리,김승열,울산,제 2007-9호,2944200,,,,,,
소방설비,소방시설공사업(전문),1434,주식회사 거산이앤씨,김순희,경북,2019-02-00133,2943500,,,,,,
소방설비,소방시설공사업(전문),1435,대창건설(주),박성진,경남,경남고성 제2009-01호,2942500,,,,,,
소방설비,소방시설공사업(전문),1436,(주)군장전기소방공사,유기정,전북,전북군산 제2001-3호,2942200,,,,,,
소방설비,소방시설공사업(전문),1437,(주)수성전기,이영곤,경기(남),2018-02-00212,2940200,,,,,,
소방설비,소방시설공사업(전문),1438,오성방재공영(주),이충희,서울,제성북88-3호,2939400,,,,,,
소방설비,소방시설공사업(전문),1439,진영씨엠(주),이진호,경기(북),경기구리제2014-3호,2938800,,,,,,
소방설비,소방시설공사업(전문),1440,(유)동양공사,김승원,전북,전주덕진 제2003-3호,2935800,,,,,,
소방설비,소방시설공사업(전문),1441,(주)우진이엔지,한문조,경기(남),2020-02-00129,2935100,,,,,,
소방설비,소방시설공사업(전문),1442,금강산업(주),김유현,경기(남),2019-02-00498,2934200,,,,,,
소방설비,소방시설공사업(전문),1443,주식회사 수호소방,박준용,충북,2021-02-00573,2933700,,,,,,
소방설비,소방시설공사업(전문),1444,(주)방주전기,오민택,부산,제2015-12호,2933400,,,,,,
소방설비,소방시설공사업(전문),1445,(주)보국엔지니어링,김영길,부산,2021-02-00246,2930600,,,,,,
소방설비,소방시설공사업(전문),1446,주식회사 김앤드이이앤씨,이준희,인천,2024-02-00120,2927800,,,,,,
소방설비,소방시설공사업(전문),1447,이레비앤디 주식회사,김옥화,서울,2020-02-00500,2927400,,,,,,
소방설비,소방시설공사업(전문),1448,주식회사 나라방재,김남수,대전,2016-02-00350,2922500,,,,,,
소방설비,소방시설공사업(전문),1449,(주)이지스,최진경,강원,제185호,2921100,,,,,,
소방설비,소방시설공사업(전문),1450,(주)상우전기,박응두,인천,인천남동 제2004-3호,2920500,,,,,,
소방설비,소방시설공사업(전문),1451,(주)다다엔지니어링,배연희,울산,2020-02-00258,2919000,,,,,,
소방설비,소방시설공사업(전문),1452,청보엔지니어링 주식회사,이미화,충북,2015-02-00238,2918800,,,,,,
소방설비,소방시설공사업(전문),1453,에이엠테크 주식회사,노병훈,경기(북),2018-02-00440,2918200,,,,,,
소방설비,소방시설공사업(전문),1454,주식회사 송신전력,송태곤,부산,2024-02-00179,2916500,,,,,,
소방설비,소방시설공사업(전문),1455,신영이엔씨(주),김경례,경기(남),경기안산 제2011-2호,2916200,,,,,,
소방설비,소방시설공사업(전문),1456,대광이엔씨 주식회사,박정진,인천,2024-02-00143,2914000,,,,,,
소방설비,소방시설공사업(전문),1457,(유)유한전력개발,이연,전북,전주완산제2015-10호,2911300,,,,,,
소방설비,소방시설공사업(전문),1458,삼환기업(주),정환오,서울,2018-02-00412,2907000,,,,,,
소방설비,소방시설공사업(전문),1459,세화전기(주),이인형,경북,경주 제 2010-01호,2905400,,,,,,
소방설비,소방시설공사업(전문),1460,정원전설 주식회사,정안식,대구,제2011-11호,2905300,,,,,,
소방설비,소방시설공사업(전문),1461,지엘방재(주),이종대,서울,제강서2005-16호,2900500,,,,,,
소방설비,소방시설공사업(전문),1462,(주)동우이에프씨,이동술,서울,제양천2012-3호,2900300,,,,,,
소방설비,소방시설공사업(전문),1463,주식회사 효성엔지니어링,신현구,경북,2018-02-00378,2899800,,,,,,
소방설비,소방시설공사업(전문),1464,영성산업개발(주),송영복,경기(남),2020-02-00545,2899300,,,,,,
소방설비,소방시설공사업(전문),1465,주식회사 명진전설,박상신,충남,2016-02-00308,2897600,,,,,,
소방설비,소방시설공사업(전문),1466,경원산업,박성관,경남,2016-02-00369,2897200,,,,,,
소방설비,소방시설공사업(전문),1467,중앙방재(주),서인영,전남광주(전남),2020-02-00624,2896200,,,,,,
소방설비,소방시설공사업(전문),1468,(주)영인소방,권영광,부산,제2013-12호,2892900,,,,,,
소방설비,소방시설공사업(전문),1469,주식회사 모아주택산업,최석준,전남광주(광주),2022-02-00018,2891900,,,,,,
소방설비,소방시설공사업(전문),1470,주식회사 세명기업,조일란,경북,2017-02-00248,2891600,,,,,,
소방설비,소방시설공사업(전문),1471,(주)가온이엔지,이병기,경북,2016-02-00021,2890700,,,,,,
소방설비,소방시설공사업(전문),1472,(주)대환테크,이용화,인천,인천남동제2015-4호,2889700,,,,,,
소방설비,소방시설공사업(전문),1473,(주)대연전력기술,김창중,경기(북),2017-02-00081,2888200,,,,,,
소방설비,소방시설공사업(전문),1474,(주)신한전력,신한철,경기(북),2018-02-00121,2888100,,,,,,
소방설비,소방시설공사업(전문),1475,(주)한길이앤씨,서은호,전남광주(전남),제2013-라-7호,2888000,,,,,,
소방설비,소방시설공사업(전문),1476,주식회사 대한방재산업,박정열,서울,2016-02-00491,2886300,,,,,,
소방설비,소방시설공사업(전문),1477,(주)경기기술공사,심민섭,경기(남),경기광주 제2009-01호,2886000,,,,,,
소방설비,소방시설공사업(전문),1478,(유)서진,양갑석,전북,전주덕진 제2002-6호,2886000,,,,,,
소방설비,소방시설공사업(전문),1479,(주)태강이앤지,박호영,전남광주(전남),제2015-바-7호,2885000,,,,,,
소방설비,소방시설공사업(전문),1480,주식회사 에이스방재,하장용,충북,2017-02-00219,2884200,,,,,,
소방설비,소방시설공사업(전문),1481,(주)화성이엔지,김택환,서울,2023-02-00322,2884100,,,,,,
소방설비,소방시설공사업(전문),1482,(주)삼우소방,전진숙,경북,제2013-01호,2883800,,,,,,
소방설비,소방시설공사업(전문),1483,주식회사 용선,탁병용,전북,2015-02-00157,2882600,,,,,,
소방설비,소방시설공사업(전문),1484,(주)대건엔지니어링,강은차,대전,제2008-8호,2873100,,,,,,
소방설비,소방시설공사업(전문),1485,(주)아리아,장시진,서울,제강동2014-06호,2873000,,,,,,
소방설비,소방시설공사업(전문),1486,주식회사 홍산솔루션,이병학,인천,2020-02-00354,2870500,,,,,,
소방설비,소방시설공사업(전문),1487,(주)디아이테크인더스트리,남민희,서울,제마포2013-3호,2868700,,,,,,
소방설비,소방시설공사업(전문),1488,광명전력 주식회사,성영철,충북,2018-02-00336,2868300,,,,,,
소방설비,소방시설공사업(전문),1489,(주)덕성이앤티,김의겸,경남,창원제2015-01호,2867600,,,,,,
소방설비,소방시설공사업(전문),1490,주식회사 기천,조덕승,충남,제94-4호,2866700,,,,,,
소방설비,소방시설공사업(전문),1491,주식회사 대한소방,이수한,경기(남),2019-02-00537,2864600,,,,,,
소방설비,소방시설공사업(전문),1492,(주)정진전력,김재순,전남광주(전남),제2011-라-8호,2863400,,,,,,
소방설비,소방시설공사업(전문),1493,동신전기소방(주),박미량,강원,제118호,2861000,,,,,,
소방설비,소방시설공사업(전문),1494,(주)대산파워텍,조기영,인천,인천중부제2013-07호,2860900,,,,,,
소방설비,소방시설공사업(전문),1495,(주)선한이앤씨,심선실,경기(남),2019-02-00499,2858100,,,,,,
소방설비,소방시설공사업(전문),1496,(주)동선,정두환,부산,2021-02-00362,2857600,,,,,,
소방설비,소방시설공사업(전문),1497,(주)도시방재,현석길,경기(남),경기부천 제2006-18호,2851000,,,,,,
소방설비,소방시설공사업(전문),1498,(주)아인이엔지,성기홍,대구,2017-02-00091,2849600,,,,,,
소방설비,소방시설공사업(전문),1499,(주)태영설비,박성욱,경북,제포항북부2009-01호,2847300,,,,,,
소방설비,소방시설공사업(전문),1500,(주)서광방재,이재붕,서울,제도봉2006-4호,2847300,,,,,,
소방설비,소방시설공사업(전문),1501,(주)진성소방전력,박하진,인천,인천남부 제2012-2호,2842300,,,,,,
소방설비,소방시설공사업(전문),1502,명인이엔씨(주),박형일,경기(남),2017-02-00456,2841100,,,,,,
소방설비,소방시설공사업(전문),1503,삼성이앤씨(주),장세남,전남광주(광주),제2014-다-7호,2837800,,,,,,
소방설비,소방시설공사업(전문),1504,(주)신한전기,김정애,부산,제2014-06호,2836700,,,,,,
소방설비,소방시설공사업(전문),1505,에스비이엔디 주식회사,이재문,경기(남),2018-02-00399,2835500,,,,,,
소방설비,소방시설공사업(전문),1506,성한이엔지 유한회사,윤한용,대구,2015-02-00328,2833800,,,,,,
소방설비,소방시설공사업(전문),1507,주식회사 하나엔지니어링(E.N.G),송준용,충북,2018-02-00050,2833000,,,,,,
소방설비,소방시설공사업(전문),1508,충남전력기술(주),조종근,충남,제2009-2호,2831300,,,,,,
소방설비,소방시설공사업(전문),1509,(주)선우이엔지,류태한,대구,제2003-7호,2831200,,,,,,
소방설비,소방시설공사업(전문),1510,일렉큐브(주),조경남,경기(남),경기수원 제2012-3호,2830800,,,,,,
소방설비,소방시설공사업(전문),1511,(주)동보활선,이원석,인천,인천서부 제2012-02호,2829800,,,,,,
소방설비,소방시설공사업(전문),1512,(주)선엔지니어링,엄선명,경기(북),2019-02-00426,2829100,,,,,,
소방설비,소방시설공사업(전문),1513,(주)골드이엔지,현규섭,부산,제2006-27호,2828400,,,,,,
소방설비,소방시설공사업(전문),1514,(주)횡성방재,이수진,강원,제263호,2828000,,,,,,
소방설비,소방시설공사업(전문),1515,삼원플랜트(주),김남선,전남광주(전남),2020-02-00246,2826700,,,,,,
소방설비,소방시설공사업(전문),1516,(주)전원기업,이쌍배,인천,2021-02-00034,2823000,,,,,,
소방설비,소방시설공사업(전문),1517,유영이앤씨(주),김은숙,경기(북),2015-02-00317,2822600,,,,,,
소방설비,소방시설공사업(전문),1518,주식회사 나로테크,손인영,강원,2022-02-00102,2822000,,,,,,
소방설비,소방시설공사업(전문),1519,(주)인광이엔씨,황광연,대전,제2004-1호,2820800,,,,,,
소방설비,소방시설공사업(전문),1520,우원이앤지(주),위봉환,전남광주(전남),2006-라-1호,2820700,,,,,,
소방설비,소방시설공사업(전문),1521,한광전기공업 주식회사,유기현,서울,2016-02-00395,2820000,,,,,,
소방설비,소방시설공사업(전문),1522,(주)코리아파워텍,이정숙,경기(남),2016-02-00556,2819900,,,,,,
소방설비,소방시설공사업(전문),1523,(주)대영,양숙희,서울,2019-02-00032,2819200,,,,,,
소방설비,소방시설공사업(전문),1524,아성글로벌주식회사,김창범,부산,2020-02-00249,2812500,,,,,,
소방설비,소방시설공사업(전문),1525,한국전설(주),최명순,충북,제2006-27호,2812000,,,,,,
소방설비,소방시설공사업(전문),1526,강원소방설비(주),김남이,강원,제66호,2805600,,,,,,
소방설비,소방시설공사업(전문),1527,풍림산업(주),지우종,서울,강남85-26호,2804200,,,,,,
소방설비,소방시설공사업(전문),1528,(주)유신플랜테크,홍성철,서울,제마포2000-2호,2802600,,,,,,
소방설비,소방시설공사업(전문),1529,성남이엔지(주),김임이,경북,제2013-7호,2802300,,,,,,
소방설비,소방시설공사업(전문),1530,(주)대광전설,김영숙,충북,2016-02-00498,2799500,,,,,,
소방설비,소방시설공사업(전문),1531,성동소방(주),김주성,대전,제2009-7호,2799400,,,,,,
소방설비,소방시설공사업(전문),1532,주식회사 포스코지와이솔루션,이영걸,전남광주(전남),2023-02-00207,2796700,,,,,,
소방설비,소방시설공사업(전문),1533,주식회사 고려설비,김태홍,전남광주(광주),2023-02-00037,2796600,,,,,,
소방설비,소방시설공사업(전문),1534,(주)금강엔지니어링,박성훈,전남광주(전남),제2003-32호,2795800,,,,,,
소방설비,소방시설공사업(전문),1535,대일전기(주),강기철,경남,제2011-03호,2794600,,,,,,
소방설비,소방시설공사업(전문),1536,(주)삼본전설,김영문,경북,2017-02-00150,2793800,,,,,,
소방설비,소방시설공사업(전문),1537,한양전기(주),김종명,경북,제김천2010-2호,2791600,,,,,,
소방설비,소방시설공사업(전문),1538,(주)김포방재,홍성일,경기(남),경기김포제2014-3호,2791400,,,,,,
소방설비,소방시설공사업(전문),1539,한명전기(주),지무열,경남,제창원 2007-3호,2790200,,,,,,
소방설비,소방시설공사업(전문),1540,(주)이든이앤씨,정영준,경기(남),2021-02-00147,2788600,,,,,,
소방설비,소방시설공사업(전문),1541,주식회사 선경이앤에프,이정금,전남광주(광주),2018-02-00238,2784600,,,,,,
소방설비,소방시설공사업(전문),1542,장안기업(주),장동명,부산,제2008-6호,2783300,,,,,,
소방설비,소방시설공사업(전문),1543,주식회사 덕동소방,이가영,경기(남),2025-02-00076,2778700,,,,,,
소방설비,소방시설공사업(전문),1544,(주)정석엔지니어링,고대영,부산,제2011-2호,2778200,,,,,,
소방설비,소방시설공사업(전문),1545,주식회사 경원이앤씨,윤일범,경기(남),2018-02-00310,2777800,,,,,,
소방설비,소방시설공사업(전문),1546,(주)메가이엔지,정의식,경기(남),2015-02-00229,2777700,,,,,,
소방설비,소방시설공사업(전문),1547,(주)한솔소방이앤지,바야르새항바담체첵,충북,제2010-06호,2776200,,,,,,
소방설비,소방시설공사업(전문),1548,라인비엔텍(주),성복희,경기(남),경기광주 제2006-01호,2775300,,,,,,
소방설비,소방시설공사업(전문),1549,(주)이레엔지니어링,서준,경북,2017-02-00223,2771600,,,,,,
소방설비,소방시설공사업(전문),1550,(주)명신소방건설,김효진,서울,제송파 1992-3호,2771200,,,,,,
소방설비,소방시설공사업(전문),1551,대영소방(주),조용주,대전,제2003-2호,2767500,,,,,,
소방설비,소방시설공사업(전문),1552,다윤월드(주),하상호,대구,제2007-34호,2763900,,,,,,
소방설비,소방시설공사업(전문),1553,(주)태흥플랜트,권영춘,서울,2016-02-00255,2763400,,,,,,
소방설비,소방시설공사업(전문),1554,삼대전기(주),이정범,서울,제중부1998-1호,2761800,,,,,,
소방설비,소방시설공사업(전문),1555,건담종합건설 주식회사,김미자,서울,2024-02-00248,2761300,,,,,,
소방설비,소방시설공사업(전문),1556,주식회사 훈민아이티,김종문,세종,2015-02-00305,2760200,,,,,,
소방설비,소방시설공사업(전문),1557,(주)현대전력통신,이광모,경기(남),경기여주 제2008-2호,2759900,,,,,,
소방설비,소방시설공사업(전문),1558,케이에프이(주),김명규,인천,인천남동 제2005-25호,2759200,,,,,,
소방설비,소방시설공사업(전문),1559,주식회사 우림이엔지,고병도,충북,2017-02-00207,2758000,,,,,,
소방설비,소방시설공사업(전문),1560,진성전력(주),백경현,충북,제2004-11호,2757900,,,,,,
소방설비,소방시설공사업(전문),1561,동영소방전기 주식회사,김광우,경남,2021-02-00569,2757400,,,,,,
소방설비,소방시설공사업(전문),1562,(주)현산이엔지,여재숙,부산,2018-02-00400,2756600,,,,,,
소방설비,소방시설공사업(전문),1563,대동아전력(주),서은영,충남,제2009-3호,2755100,,,,,,
소방설비,소방시설공사업(전문),1564,(주)한국소방이앤씨,심재석,서울,제관악2007-3호,2752400,,,,,,
소방설비,소방시설공사업(전문),1565,유화전력 주식회사,하정희,경기(남),2016-02-00120,2751800,,,,,,
소방설비,소방시설공사업(전문),1566,(주)하나방재,김정원,충북,제음성2014-1호,2751300,,,,,,
소방설비,소방시설공사업(전문),1567,삼일소방건설(주),오승호,서울,2025-02-00344,2750300,,,,,,
소방설비,소방시설공사업(전문),1568,태영이앤씨(주),정태하,인천,공단 제2002-6호,2747100,,,,,,
소방설비,소방시설공사업(전문),1569,(주)동아소방,권오광,경북,제구미 90-14호,2747100,,,,,,
소방설비,소방시설공사업(전문),1570,신광전기(주),박영탁,인천,제2014-04호,2745200,,,,,,
소방설비,소방시설공사업(전문),1571,주식회사 우명,조명신,전남광주(전남),제2003-11호,2743500,,,,,,
소방설비,소방시설공사업(전문),1572,경일건설(주),이종연,경북,경산 제85-33-1호,2743000,,,,,,
소방설비,소방시설공사업(전문),1573,(주)태성엔지니어링,김현주,부산,제2010-1호,2742300,,,,,,
소방설비,소방시설공사업(전문),1574,주식회사 이룸이엔씨,정원국,제주,2019-02-00238,2740600,,,,,,
소방설비,소방시설공사업(전문),1575,동원전설(주),승미례,경기(남),경기화성 제2008-25호,2739800,,,,,,
소방설비,소방시설공사업(전문),1576,신화비엠씨(주),임춘심,인천,2016-02-00249,2739700,,,,,,
소방설비,소방시설공사업(전문),1577,서호전설(주),정지률,경북,제영천 2007-2호,2739200,,,,,,
소방설비,소방시설공사업(전문),1578,(주)한국소방,문성호,경기(남),경기분당제2014-4호,2738700,,,,,,
소방설비,소방시설공사업(전문),1579,(주)에프원방재,이평헌,전남광주(광주),제2009-다-7호,2737200,,,,,,
소방설비,소방시설공사업(전문),1580,(주)일구소방,이강희,강원,2019-02-00028,2737100,,,,,,
소방설비,소방시설공사업(전문),1581,주식회사 진언이엔지,민규식,경기(남),2016-02-00441,2736000,,,,,,
소방설비,소방시설공사업(전문),1582,유한회사 우진이엔지,이동우,경기(북),2016-02-00493,2732400,,,,,,
소방설비,소방시설공사업(전문),1583,주식회사 무극건설산업,정용은,서울,2016-02-00461,2730800,,,,,,
소방설비,소방시설공사업(전문),1584,주식회사 제이에스전력,정연석,서울,2019-02-00340,2725700,,,,,,
소방설비,소방시설공사업(전문),1585,주식회사 효신전기,김현정,전북,2015-02-00264,2725500,,,,,,
소방설비,소방시설공사업(전문),1586,(주)한빛소방,조경래,경기(남),2022-02-00305,2722100,,,,,,
소방설비,소방시설공사업(전문),1587,주식회사 청원전력개발,유은주,충남,2015-02-00253,2719900,,,,,,
소방설비,소방시설공사업(전문),1588,주식회사 창림플랜트,김근영,경기(남),2019-02-00119,2719100,,,,,,
소방설비,소방시설공사업(전문),1589,(주)정우이엔씨,양호석,부산,2018-02-00193,2714400,,,,,,
소방설비,소방시설공사업(전문),1590,재현전력(주),정탁현,대구,2016-02-00321,2712900,,,,,,
소방설비,소방시설공사업(전문),1591,주식회사 태광이엔지,이미경,전북,2020-02-00196,2712600,,,,,,
소방설비,소방시설공사업(전문),1592,주식회사 우리씨앤씨,김병국,부산,2018-02-00132,2709700,,,,,,
소방설비,소방시설공사업(전문),1593,육일전력(주),박봉기,서울,성북2005-5,2707200,,,,,,
소방설비,소방시설공사업(전문),1594,조아텍 주식회사,박신이,경남,2019-02-00333,2702500,,,,,,
소방설비,소방시설공사업(전문),1595,중앙방재(주),유동호,경남,경남양산제2014-03호,2701800,,,,,,
소방설비,소방시설공사업(전문),1596,(주)수화엔지니어링,최도신,경기(남),2020-02-00529,2701100,,,,,,
소방설비,소방시설공사업(전문),1597,(주)가람소방,박명국,경남,경남 창원 제2011-05호,2698600,,,,,,
소방설비,소방시설공사업(전문),1598,주식회사 평호전력,양계숙,충남,2021-02-00301,2698200,,,,,,
소방설비,소방시설공사업(전문),1599,주식회사 프라임,임창희,충남,제2014-2호,2694400,,,,,,
소방설비,소방시설공사업(전문),1600,강원방재시스템(주),허태건,강원,제139호,2693300,,,,,,
소방설비,소방시설공사업(전문),1601,주식회사 유덕전기소방공사,박선혜,충북,2023-02-00387,2692700,,,,,,
소방설비,소방시설공사업(전문),1602,장한전건(주),김장희,서울,제서초 87-1호,2691100,,,,,,
소방설비,소방시설공사업(전문),1603,(주)예인일렉컴,김창배,경기(남),2015-02-00272,2690800,,,,,,
소방설비,소방시설공사업(전문),1604,주식회사 신후,김해덕,경기(남),2023-02-00134,2690700,,,,,,
소방설비,소방시설공사업(전문),1605,일신전기 주식회사,김병수,강원,2024-02-00014,2687000,,,,,,
소방설비,소방시설공사업(전문),1606,주식회사 현우기업시스템,임윤옥,경기(남),경기시흥 제2008-02호,2686500,,,,,,
소방설비,소방시설공사업(전문),1607,주식회사 성지소방,이종하,전남광주(광주),2016-02-00337,2686200,,,,,,
소방설비,소방시설공사업(전문),1608,(주)화인전설,류옥현,경기(남),경기안산 제2010-2호,2685100,,,,,,
소방설비,소방시설공사업(전문),1609,한양소방설비 주식회사,김형근,경기(남),2020-02-00365,2685000,,,,,,
소방설비,소방시설공사업(전문),1610,(주)통해,전용일,서울,2020-02-00296,2684800,,,,,,
소방설비,소방시설공사업(전문),1611,(주)태안전기,가재돈,충남,제충남태안 2013-1호,2684300,,,,,,
소방설비,소방시설공사업(전문),1612,(주)코렘시스,홍명희,서울,2015-02-00170,2683200,,,,,,
소방설비,소방시설공사업(전문),1613,(주)이원,임근신,전북,2018-02-00328,2682600,,,,,,
소방설비,소방시설공사업(전문),1614,주식회사 서울소방,손주성,서울,2019-02-00527,2682200,,,,,,
소방설비,소방시설공사업(전문),1615,주식회사 제이디글로벌,정광민,경기(남),2015-02-00258,2678600,,,,,,
소방설비,소방시설공사업(전문),1616,(주)월드소방,윤준기,대전,2017-02-00340,2678400,,,,,,
소방설비,소방시설공사업(전문),1617,키움건설 주식회사,김재우,서울,2018-02-00541,2677200,,,,,,
소방설비,소방시설공사업(전문),1618,주식회사 영흥방재산업,이윤자,충남,2020-02-00330,2677000,,,,,,
소방설비,소방시설공사업(전문),1619,(주)한국이알이시,이성욱,세종,2016-02-00061,2670900,,,,,,
소방설비,소방시설공사업(전문),1620,주식회사 한강종합방재,박효순,서울,2025-02-00087,2670300,,,,,,
소방설비,소방시설공사업(전문),1621,(주)천지건설,정성옥,충북,제청주서부2014-10호,2669100,,,,,,
소방설비,소방시설공사업(전문),1622,한영엔지니어링,한영근,경남,2015-02-00340,2663200,,,,,,
소방설비,소방시설공사업(전문),1623,주식회사 신영씨앤디,이승민,경기(남),경기분당 제2009-10호,2662000,,,,,,
소방설비,소방시설공사업(전문),1624,(주)합동이엔씨,송인립,대구,2020-02-00290,2660500,,,,,,
소방설비,소방시설공사업(전문),1625,(유)동성이엔지,황기용,전북,제2006-6호,2659300,,,,,,
소방설비,소방시설공사업(전문),1626,주식회사 제일소방전기,이주미,경남,2017-02-00550,2656600,,,,,,
소방설비,소방시설공사업(전문),1627,대경티엔에스 주식회사,임주섭,경남,김해2001-3호,2653600,,,,,,
소방설비,소방시설공사업(전문),1628,(주)한국소방,고미주,전남광주(전남),제2011-가-03호,2653000,,,,,,
소방설비,소방시설공사업(전문),1629,신우엔지니어링 주식회사,박순근,전남광주(전남),2022-02-00109,2652600,,,,,,
소방설비,소방시설공사업(전문),1630,(주)육전사,배영배,경기(북),경기일산제2013-09호,2651700,,,,,,
소방설비,소방시설공사업(전문),1631,(주)번개이엔지,유순훈,인천,제중부2007-05호,2650300,,,,,,
소방설비,소방시설공사업(전문),1632,(주)수성테크,정경술,전북,2015-02-00156,2649200,,,,,,
소방설비,소방시설공사업(전문),1633,(주)건국,유희옥,전남광주(전남),2018-02-00363,2648500,,,,,,
소방설비,소방시설공사업(전문),1634,(주)에스엠전력,김동율,서울,2017-02-00534,2648200,,,,,,
소방설비,소방시설공사업(전문),1635,가나소방(주),김승자,제주,제2003-52호,2647900,,,,,,
소방설비,소방시설공사업(전문),1636,(주)한라인프라코어,유수상,인천,2018-02-00152,2645100,,,,,,
소방설비,소방시설공사업(전문),1637,(주)신세기이앤씨,함정희,충북,제2000-5호,2644300,,,,,,
소방설비,소방시설공사업(전문),1638,주식회사 삼우종합건설,윤종호,대구,2022-02-00277,2643900,,,,,,
소방설비,소방시설공사업(전문),1639,동광전력 주식회사,유순돌,충남,2021-02-00639,2643900,,,,,,
소방설비,소방시설공사업(전문),1640,주식회사 오성이엔지,오민숙,강원,2021-02-00375,2643100,,,,,,
소방설비,소방시설공사업(전문),1641,(주)융창전력,유황희,대전,제2005-5호,2637900,,,,,,
소방설비,소방시설공사업(전문),1642,주식회사 대호이엔씨,김영숙,경기(남),2023-02-00380,2636900,,,,,,
소방설비,소방시설공사업(전문),1643,세화방재,이화춘,경기(북),남양주 2005-6,2636300,,,,,,
소방설비,소방시설공사업(전문),1644,주식회사 인성전설,조기훈,경기(남),2016-02-00202,2636200,,,,,,
소방설비,소방시설공사업(전문),1645,신한국소방 주식회사,김진일,경북,문경 99-1,2635800,,,,,,
소방설비,소방시설공사업(전문),1646,삼성솔루션(주),김중완,경기(남),2017-02-00131,2634100,,,,,,
소방설비,소방시설공사업(전문),1647,주식회사 다온소방,유지인,세종,2018-02-00208,2633900,,,,,,
소방설비,소방시설공사업(전문),1648,(합)한승전력,최상희,충북,2015-02-00021,2632700,,,,,,
소방설비,소방시설공사업(전문),1649,(주)영재전력,최권영,서울,2018-02-00130,2631100,,,,,,
소방설비,소방시설공사업(전문),1650,(주)대용와트스,남상태,서울,2017-02-00348,2629900,,,,,,
소방설비,소방시설공사업(전문),1651,(주)21세기엔지니어링,김영식,전남광주(전남),제2008-가-1호,2627400,,,,,,
소방설비,소방시설공사업(전문),1652,송주전기(주),한덕규,경기(남),경기화성 제2008-42호,2624600,,,,,,
소방설비,소방시설공사업(전문),1653,주식회사 자딘,이범수,경기(남),2025-02-00070,2624100,,,,,,
소방설비,소방시설공사업(전문),1654,(주)국제이엔씨,안용석,대전,제2015-3호,2624000,,,,,,
소방설비,소방시설공사업(전문),1655,주식회사 두인엠이씨,최용석,경남,2022-02-00464,2624000,,,,,,
소방설비,소방시설공사업(전문),1656,덕재건설(주),이종운,경북,제2011-12호,2622900,,,,,,
소방설비,소방시설공사업(전문),1657,주식회사 흥진전력,강인환,경기(남),2016-02-00002,2622000,,,,,,
소방설비,소방시설공사업(전문),1658,대우소방공사,서청수,경남,제통영 1994-1호,2621400,,,,,,
소방설비,소방시설공사업(전문),1659,(주)한국소방설비,강승훈,부산,2015-02-00425,2620300,,,,,,
소방설비,소방시설공사업(전문),1660,(주)독도이앤씨,김동렬,경기(남),경기수원 제2009-41호,2618100,,,,,,
소방설비,소방시설공사업(전문),1661,주식회사 광문,석갑열,인천,인천강화제2013-02호,2617900,,,,,,
소방설비,소방시설공사업(전문),1662,대지전설 주식회사,이주숙,부산,2018-02-00113,2617300,,,,,,
소방설비,소방시설공사업(전문),1663,(주)일광,장영석,경기(남),경기안산 제2005-10호,2615800,,,,,,
소방설비,소방시설공사업(전문),1664,(주)태정방재,김정문,대전,제2005-12호,2615500,,,,,,
소방설비,소방시설공사업(전문),1665,(주)동일토건,고동현,충남,천안서북 제2009-1호,2615400,,,,,,
소방설비,소방시설공사업(전문),1666,(주)현승종합건설,이승규,경기(남),2020-02-00368,2614200,,,,,,
소방설비,소방시설공사업(전문),1667,제일소방(주),김후균,강원,2020-02-00193,2612300,,,,,,
소방설비,소방시설공사업(전문),1668,주식회사 네이처테크,이정우,대전,2015-02-00205,2612200,,,,,,
소방설비,소방시설공사업(전문),1669,주식회사 태경방재이앤씨,전연희,충남,2021-02-00242,2610100,,,,,,
소방설비,소방시설공사업(전문),1670,(주)대성방재산업,임원택,경기(남),2018-02-00206,2610100,,,,,,
소방설비,소방시설공사업(전문),1671,(주)신성방재시스템,신선균,서울,2024-02-00042,2609700,,,,,,
소방설비,소방시설공사업(전문),1672,다남전기(주),이병근,서울,2017-02-00634,2609200,,,,,,
소방설비,소방시설공사업(전문),1673,주식회사 대양테크,이현정,세종,2018-02-00273,2608400,,,,,,
소방설비,소방시설공사업(전문),1674,에프에스앤피플 주식회사,이태훈,경기(남),2020-02-00273,2605900,,,,,,
소방설비,소방시설공사업(전문),1675,주식회사 디어스이앤씨,전승호,경기(남),2020-02-00335,2603900,,,,,,
소방설비,소방시설공사업(전문),1676,주식회사 예종산업,김석주,대전,제2014-6호,2603800,,,,,,
소방설비,소방시설공사업(전문),1677,대성소방산업(주),윤분자,경북,제2014-05호,2602200,,,,,,
소방설비,소방시설공사업(전문),1678,주식회사 명신일렉트릭,임영용,충남,2024-02-00116,2601400,,,,,,
소방설비,소방시설공사업(전문),1679,주식회사 삼덕,김재익,대구,제2010-20호,2598100,,,,,,
소방설비,소방시설공사업(전문),1680,(주)서정이앤지,이동용,경기(남),2023-02-00035,2596300,,,,,,
소방설비,소방시설공사업(전문),1681,(주)엠디텍,고경수,경기(남),2017-02-00639,2594300,,,,,,
소방설비,소방시설공사업(전문),1682,에이치에스솔루션(주),김병주,경기(북),2018-02-00466,2594000,,,,,,
소방설비,소방시설공사업(전문),1683,(주)서왕이노베이션,이원선,경기(남),2017-02-00107,2590800,,,,,,
소방설비,소방시설공사업(전문),1684,(주)보룡건설,김병호,경기(남),경기용인공사 제2013-03호,2590700,,,,,,
소방설비,소방시설공사업(전문),1685,(주)나도이앤씨,이명건,울산,제2011-4호,2588400,,,,,,
소방설비,소방시설공사업(전문),1686,(주)디엔알,이경문,경북,제 2006-1호,2587800,,,,,,
소방설비,소방시설공사업(전문),1687,주식회사 서광이엔지,백흠서,인천,2022-02-00392,2587500,,,,,,
소방설비,소방시설공사업(전문),1688,주식회사 영신,김성진,경기(남),2017-02-00217,2587000,,,,,,
소방설비,소방시설공사업(전문),1689,(자)화신소방,심재동,경남,제2010-05호,2586900,,,,,,
소방설비,소방시설공사업(전문),1690,(주)제일전기,이정진,전남광주(전남),제2003-19호,2583800,,,,,,
소방설비,소방시설공사업(전문),1691,(주)제이에스방재,백지석,경기(남),경기부천제2015-13호,2582600,,,,,,
소방설비,소방시설공사업(전문),1692,(유)승대전설,유기로,전북,전주덕진 제2012-2호,2582400,,,,,,
소방설비,소방시설공사업(전문),1693,(주)경기방재설비,이혜숙,인천,인천남동 제1998-8호,2581800,,,,,,
소방설비,소방시설공사업(전문),1694,(주)바라이엔지,최봉호,경기(남),경기광명 제2007-3호,2581000,,,,,,
소방설비,소방시설공사업(전문),1695,주식회사 센텀전기,김하진,부산,2024-02-00289,2580800,,,,,,
소방설비,소방시설공사업(전문),1696,(주)동남기술단,홍말윤,부산,제2011-15호,2577600,,,,,,
소방설비,소방시설공사업(전문),1697,주식회사 서울이에프씨,서동현,서울,2017-02-00041,2576600,,,,,,
소방설비,소방시설공사업(전문),1698,(주)한양전설,김형대,경북,제2014-1호,2574300,,,,,,
소방설비,소방시설공사업(전문),1699,주식회사 명진이엔씨,최언자,경북,2019-02-00425,2573000,,,,,,
소방설비,소방시설공사업(전문),1700,호맘디앤씨 주식회사,한유선,경기(남),2016-02-00668,2572500,,,,,,
소방설비,소방시설공사업(전문),1701,(주)신창이엔지,이선이,서울,2020-02-00333,2571800,,,,,,
소방설비,소방시설공사업(전문),1702,세명소방(주),엄태봉,경북,제울진2004-1호,2569500,,,,,,
소방설비,소방시설공사업(전문),1703,주식회사 서원이에스티,김동철,충북,2020-02-00451,2569300,,,,,,
소방설비,소방시설공사업(전문),1704,(주)우리방재,이춘호,제주,제2006-86호,2567600,,,,,,
소방설비,소방시설공사업(전문),1705,주식회사 대우이엔지,임세환,충남,2015-02-00231,2560700,,,,,,
소방설비,소방시설공사업(전문),1706,주신공영(주),윤세휘,서울,제광진 2005-36호,2559600,,,,,,
소방설비,소방시설공사업(전문),1707,(주)우람,김갑수,경기(북),2020-02-00509,2559000,,,,,,
소방설비,소방시설공사업(전문),1708,상원엔지니어링 주식회사,육정선,대전,2019-02-00569,2556200,,,,,,
소방설비,소방시설공사업(전문),1709,(주)협진,강이원,전남광주(전남),제2004-5호,2555000,,,,,,
소방설비,소방시설공사업(전문),1710,(주)중선아이티씨,김방희,서울,제서초97-24호,2553500,,,,,,
소방설비,소방시설공사업(전문),1711,(주)포스이엔지,최경희,경기(남),경기안산제2015-5호,2553100,,,,,,
소방설비,소방시설공사업(전문),1712,주식회사 피에프소방안전,조보람,경기(남),경기송탄 제2002-1호,2550800,,,,,,
소방설비,소방시설공사업(전문),1713,(주)세영전력,김정숙,경기(남),경기김포 제2013-2호,2548900,,,,,,
소방설비,소방시설공사업(전문),1714,주식회사 호반이엔지,고옥화,강원,2017-02-00442,2546900,,,,,,
소방설비,소방시설공사업(전문),1715,한강방재(주),박득순,경기(남),2015-02-00407,2546600,,,,,,
소방설비,소방시설공사업(전문),1716,(주)남양엠이씨,홍승구,서울,2017-02-00544,2546000,,,,,,
소방설비,소방시설공사업(전문),1717,우리소방안전(주),우성호,서울,2016-02-00382,2544100,,,,,,
소방설비,소방시설공사업(전문),1718,(자)근화기업,강상욱,대구,제2008-22호,2543800,,,,,,
소방설비,소방시설공사업(전문),1719,(주)시민소방,고병수,부산,2019-02-00381,2541500,,,,,,
소방설비,소방시설공사업(전문),1720,주식회사 대한전기소방,조민현,경북,제2013-5호,2540500,,,,,,
소방설비,소방시설공사업(전문),1721,일진종합전설(주),이종웅,경기(남),2019-02-00413,2539600,,,,,,
소방설비,소방시설공사업(전문),1722,(주)성남공영,김민석,경기(남),2021-02-00016,2539300,,,,,,
소방설비,소방시설공사업(전문),1723,(주)오성전기,오두석,인천,인천공단 제2011-2호,2538200,,,,,,
소방설비,소방시설공사업(전문),1724,장학건설(주),정세학,서울,제용산2008-04호,2538100,,,,,,
소방설비,소방시설공사업(전문),1725,주식회사 영은전력,정춘근,서울,제관악1999-3호,2537800,,,,,,
소방설비,소방시설공사업(전문),1726,국민소방안전(주),김연이,경기(남),경기안성 제2003-1호,2535400,,,,,,
소방설비,소방시설공사업(전문),1727,(주)유일소방이엔지,안선기,경기(남),경기안산제2014-10호,2535100,,,,,,
소방설비,소방시설공사업(전문),1728,한국메가와트(주),정미섭,충남,제충남서천 2010-1호,2534200,,,,,,
소방설비,소방시설공사업(전문),1729,두경기업(주),김경자,경기(북),경기일산제2015-01호,2532800,,,,,,
소방설비,소방시설공사업(전문),1730,(주)대경기술단,엄정일,경기(남),경기수원 제2009-72호,2532500,,,,,,
소방설비,소방시설공사업(전문),1731,주식회사 나래이엔씨,오성일,전남광주(광주),2020-02-00182,2532000,,,,,,
소방설비,소방시설공사업(전문),1732,주식회사 서원방재,이지호,경기(남),2019-02-00351,2530800,,,,,,
소방설비,소방시설공사업(전문),1733,우리이엔씨 주식회사,김미화,대전,2020-02-00375,2525500,,,,,,
소방설비,소방시설공사업(전문),1734,주식회사 유창이앤씨,조우제,경기(남),2018-02-00011,2522500,,,,,,
소방설비,소방시설공사업(전문),1735,(주)우현소방,정우현,대구,제2014-11호,2522400,,,,,,
소방설비,소방시설공사업(전문),1736,주식회사 세명,강성만,충북,제2008-15호,2522100,,,,,,
소방설비,소방시설공사업(전문),1737,(주)동원개발,박영봉,부산,제2006-38호,2519600,,,,,,
소방설비,소방시설공사업(전문),1738,주식회사 신성씨앤아이,신현갑,강원,2024-02-00215,2516000,,,,,,
소방설비,소방시설공사업(전문),1739,수영이앤씨,허수영,경기(남),2022-02-00192,2515300,,,,,,
소방설비,소방시설공사업(전문),1740,신성엔지니어링(주),김상근,경북,2018-02-00143,2515100,,,,,,
소방설비,소방시설공사업(전문),1741,주식회사 백두소방설비,이명숙,경남,2016-02-00145,2514100,,,,,,
소방설비,소방시설공사업(전문),1742,(주)유현이엔지,유재갑,부산,2022-02-00171,2513100,,,,,,
소방설비,소방시설공사업(전문),1743,주식회사 기건소방,김기수,대구,2017-02-00213,2511600,,,,,,
소방설비,소방시설공사업(전문),1744,죽암건설(주),김훈태,전남광주(전남),제2011-다-5호,2507100,,,,,,
소방설비,소방시설공사업(전문),1745,(주)반석기건,임윤철,인천,인천남동 제2006-14호,2505800,,,,,,
소방설비,소방시설공사업(전문),1746,(주)태건소방,김동석,인천,2026-02-00083,2505000,,,,,,
소방설비,소방시설공사업(전문),1747,주식회사 성호방재,최은경,전북,2018-02-00527,2503500,,,,,,
소방설비,소방시설공사업(전문),1748,상지전업사,최양호,강원,제65호,2501400,,,,,,
소방설비,소방시설공사업(전문),1749,이수이 주식회사,권득윤,서울,2016-02-00345,2500400,,,,,,
소방설비,소방시설공사업(전문),1750,(주)신한소방,안선규,경기(북),제경기남양주 2005-11호,2498700,,,,,,
소방설비,소방시설공사업(전문),1751,(주)보람엔지니어링,서영덕,서울,제광진2012-4호,2494700,,,,,,
소방설비,소방시설공사업(전문),1752,유니테크전설(주),최미숙,서울,제용산2005-5호,2492300,,,,,,
소방설비,소방시설공사업(전문),1753,(주)서원방재,이상희,경기(남),경기부천제2014-03호,2491400,,,,,,
소방설비,소방시설공사업(전문),1754,(주)청풍이엔지,김유석,서울,2019-02-00450,2491000,,,,,,
소방설비,소방시설공사업(전문),1755,(주)윤호전기,윤호,전남광주(광주),2017-02-00367,2489100,,,,,,
소방설비,소방시설공사업(전문),1756,(주)서원이에프씨,김현모,경기(남),제경기김포2006-5호,2487400,,,,,,
소방설비,소방시설공사업(전문),1757,주식회사 진사전기소방,윤혜선,경남,제2007-1호,2486600,,,,,,
소방설비,소방시설공사업(전문),1758,주식회사 맥이엔에스,이운용,충북,2017-02-00624,2485400,,,,,,
소방설비,소방시설공사업(전문),1759,(주)미광이티씨,오광수,경기(북),제고양 98-8호,2484600,,,,,,
소방설비,소방시설공사업(전문),1760,이앤에프 주식회사,박기완,부산,2019-02-00093,2481600,,,,,,
소방설비,소방시설공사업(전문),1761,주식회사 에스엠일렉트릭,김창우,대구,2017-02-00586,2480600,,,,,,
소방설비,소방시설공사업(전문),1762,주식회사 미강전력,최은기,경기(남),2021-02-00503,2479400,,,,,,
소방설비,소방시설공사업(전문),1763,수림소방(주),이철근,경북,제구미2010-1호,2479300,,,,,,
소방설비,소방시설공사업(전문),1764,대호전기소방,소기원,전남광주(전남),2015-02-00313,2478300,,,,,,
소방설비,소방시설공사업(전문),1765,(주)근우이앤지,정영훈,부산,제2007-38호,2477700,,,,,,
소방설비,소방시설공사업(전문),1766,대일건설(주),천경중,경기(남),경기화성 제2012-04호,2476400,,,,,,
소방설비,소방시설공사업(전문),1767,주식회사 해진,유소연,대전,2021-02-00241,2475600,,,,,,
소방설비,소방시설공사업(전문),1768,(주)시온방재,최종환,부산,2019-02-00397,2474900,,,,,,
소방설비,소방시설공사업(전문),1769,주식회사 부성이엔지,정재명,경북,2017-02-00163,2474100,,,,,,
소방설비,소방시설공사업(전문),1770,(주)우송설비산업,김건우,경기(남),2022-02-00082,2472000,,,,,,
소방설비,소방시설공사업(전문),1771,엠씨이엔지 주식회사,안창일,강원,2022-02-00106,2467300,,,,,,
소방설비,소방시설공사업(전문),1772,삼영소방공사,김진호,경기(북),제의정부 93-14호,2466600,,,,,,
소방설비,소방시설공사업(전문),1773,대한화재안전(주),정진환,인천,인천서부 제2009-06호,2460500,,,,,,
소방설비,소방시설공사업(전문),1774,(주)나래이엔지,윤달수,인천,인천공단제2013-10호,2458900,,,,,,
소방설비,소방시설공사업(전문),1775,(주)일광테크,임기철,서울,2020-02-00294,2457900,,,,,,
소방설비,소방시설공사업(전문),1776,(주)태영이엔티,이태구,서울,제은평 2005-7호,2456700,,,,,,
소방설비,소방시설공사업(전문),1777,유아건설(주),이상욱,대전,제2006-16호,2456100,,,,,,
소방설비,소방시설공사업(전문),1778,주식회사 한빛이엔지,이근태,서울,2017-02-00072,2455700,,,,,,
소방설비,소방시설공사업(전문),1779,(주)전남소방,문석민,전남광주(전남),2016-02-00173,2453700,,,,,,
소방설비,소방시설공사업(전문),1780,라온건설 주식회사,손효영,제주,제서부-2014-1호,2450900,,,,,,
소방설비,소방시설공사업(전문),1781,(주)밝은전력,윤은실,충남,2015-02-00007,2448400,,,,,,
소방설비,소방시설공사업(전문),1782,주식회사 성민전기통신,홍종애,서울,2017-02-00221,2447900,,,,,,
소방설비,소방시설공사업(전문),1783,(주)대운방재,박성동,부산,제2009-2호,2447100,,,,,,
소방설비,소방시설공사업(전문),1784,대방설비(주),홍대근,서울,제강남98-5호,2446800,,,,,,
소방설비,소방시설공사업(전문),1785,새미테크 유한회사,박선주,강원,제287호,2444200,,,,,,
소방설비,소방시설공사업(전문),1786,(주)지성산업,임종우,인천,2019-02-00503,2440500,,,,,,
소방설비,소방시설공사업(전문),1787,덕화기업(주),이승행,경기(남),2019-02-00296,2439200,,,,,,
소방설비,소방시설공사업(전문),1788,휴테크엘이디 유한회사,서용래,전남광주(광주),2021-02-00287,2436500,,,,,,
소방설비,소방시설공사업(전문),1789,(주)영풍전력설비,심문수,서울,2016-02-00412,2435900,,,,,,
소방설비,소방시설공사업(전문),1790,주식회사 에스케이에너지,윤주영,충북,2020-02-00187,2435800,,,,,,
소방설비,소방시설공사업(전문),1791,원진전력(주),이희동,서울,제중부2012-4호,2434000,,,,,,
소방설비,소방시설공사업(전문),1792,(주)건화티에스,이건우,인천,인천남동 제2009-9호,2433000,,,,,,
소방설비,소방시설공사업(전문),1793,(유)제일이엔지,김학래,전북,전주덕진 제2000-121호,2429600,,,,,,
소방설비,소방시설공사업(전문),1794,(주)우리이엔씨,전병호,부산,2018-02-00065,2428700,,,,,,
소방설비,소방시설공사업(전문),1795,(주)대성이엔씨,방현규,대구,제2007-35호,2427800,,,,,,
소방설비,소방시설공사업(전문),1796,(주)진현이엔지,김남진,서울,제강서2012-3호,2427100,,,,,,
소방설비,소방시설공사업(전문),1797,(주)명심씨엔씨,정희환,서울,제은평2009-5호,2425700,,,,,,
소방설비,소방시설공사업(전문),1798,(주)성광전력,신은섭,강원,제314호,2424200,,,,,,
소방설비,소방시설공사업(전문),1799,(합)진광전기소방공사,김관식,강원,제52호,2421400,,,,,,
소방설비,소방시설공사업(전문),1800,(유)한양소방공사,김용대,전북,군산 제2008-1호,2420500,,,,,,
소방설비,소방시설공사업(전문),1801,해창설비(주),한기운,경기(남),2020-02-00272,2418600,,,,,,
소방설비,소방시설공사업(전문),1802,(주)동신설비,설동진,부산,2019-02-00418,2417300,,,,,,
소방설비,소방시설공사업(전문),1803,주식회사 세기,옥정민,경남,2025-02-00006,2416400,,,,,,
소방설비,소방시설공사업(전문),1804,주식회사 포스코와이드,김원희,서울,2021-02-00545,2415200,,,,,,
소방설비,소방시설공사업(전문),1805,(주)동상전력이엔지,이상한,부산,2021-02-00596,2414800,,,,,,
소방설비,소방시설공사업(전문),1806,도일 주식회사,조태선,전남광주(전남),2016-02-00447,2412800,,,,,,
소방설비,소방시설공사업(전문),1807,주식회사 오피트이엔씨,진금숙,경기(남),2020-02-00544,2412600,,,,,,
소방설비,소방시설공사업(전문),1808,(주)성원이엘피,이성철,서울,제노원2012-1호,2412400,,,,,,
소방설비,소방시설공사업(전문),1809,도온이엔지(주),김선우,서울,제노원2009-4호,2412400,,,,,,
소방설비,소방시설공사업(전문),1810,(합)명신건설,손동준,부산,북부93-1,2406800,,,,,,
소방설비,소방시설공사업(전문),1811,(주)동서개발,이승현,대구,제93-20호,2406600,,,,,,
소방설비,소방시설공사업(전문),1812,우리전력(주),박후자,전남광주(전남),제2013-사-5호,2405400,,,,,,
소방설비,소방시설공사업(전문),1813,주식회사 대연이노텍,임선자,인천,2024-02-00389,2405000,,,,,,
소방설비,소방시설공사업(전문),1814,(주)태양전기통신,이정호,충남,제2003-2호,2403400,,,,,,
소방설비,소방시설공사업(전문),1815,(주)대한소방이앤지,김성수,부산,제2009-11호,2402800,,,,,,
소방설비,소방시설공사업(전문),1816,(주)태경씨앤씨,남기봉,서울,제송파 2005-33호,2402500,,,,,,
소방설비,소방시설공사업(전문),1817,(주)세인,김인선,전북,2017-02-00626,2402200,,,,,,
소방설비,소방시설공사업(전문),1818,성우기업(주),차인철,강원,제101호,2400000,,,,,,
소방설비,소방시설공사업(전문),1819,합동소방이엔지(주),신철구,충남,제2012-1호,2399200,,,,,,
소방설비,소방시설공사업(전문),1820,(주)태원전기,김응식,서울,제서초2014-08호,2399200,,,,,,
소방설비,소방시설공사업(전문),1821,경기소방방재 주식회사,이현화,경기(북),2019-02-00443,2397800,,,,,,
소방설비,소방시설공사업(전문),1822,주식회사 대상전력,박인정,경기(남),2016-02-00098,2397600,,,,,,
소방설비,소방시설공사업(전문),1823,주식회사 탈레스,정치훈,서울,2018-02-00472,2396300,,,,,,
소방설비,소방시설공사업(전문),1824,금성소방기기산업(주),조원준,경기(북),경기의정부 제2011-7호,2395600,,,,,,
소방설비,소방시설공사업(전문),1825,(주)백석,김경숙,경북,2019-02-00230,2395200,,,,,,
소방설비,소방시설공사업(전문),1826,제일방재서비스(주),조영래,울산,2006-1호,2393200,,,,,,
소방설비,소방시설공사업(전문),1827,(주)한누리소방,손영문,경기(북),경기포천제2013-05호,2392100,,,,,,
소방설비,소방시설공사업(전문),1828,영진종합건설(주),박승현,전남광주(전남),제2012-카-10호,2391100,,,,,,
소방설비,소방시설공사업(전문),1829,주식회사 대성전기,윤성민,전남광주(전남),2018-02-00405,2387900,,,,,,
소방설비,소방시설공사업(전문),1830,주식회사 명성전력,박정훈,충북,2016-02-00305,2387800,,,,,,
소방설비,소방시설공사업(전문),1831,화신엔지니어링(주),서춘범,서울,강동2006-2,2384900,,,,,,
소방설비,소방시설공사업(전문),1832,금원전력(주),최봉옥,강원,2015-02-00329,2384700,,,,,,
소방설비,소방시설공사업(전문),1833,신원전설(주),심광섭,서울,제은평 1998-1호,2384400,,,,,,
소방설비,소방시설공사업(전문),1834,주식회사 기산엔지니어링,임정규,대전,2021-02-00399,2383300,,,,,,
소방설비,소방시설공사업(전문),1835,원기산업(주),김석규,인천,인천남동 제99-11호,2382800,,,,,,
소방설비,소방시설공사업(전문),1836,세움종합건설(주),김종원,전북,전주완산제2015-8호,2382100,,,,,,
소방설비,소방시설공사업(전문),1837,주식회사 성심,심혁용,강원,2019-02-00304,2381600,,,,,,
소방설비,소방시설공사업(전문),1838,(주)보광소방방재,박흥림,충남,제충남서천 2009-1호,2381400,,,,,,
소방설비,소방시설공사업(전문),1839,(주)한국소방방재산업,김성근,강원,제269호,2381300,,,,,,
소방설비,소방시설공사업(전문),1840,신세계소방 주식회사,윤희진,대구,2017-02-00200,2379500,,,,,,
소방설비,소방시설공사업(전문),1841,주식회사 대명이엔지,김종학,경기(북),2021-02-00354,2379200,,,,,,
소방설비,소방시설공사업(전문),1842,주식회사 착한소방이엔지,김강산,경기(남),2023-02-00212,2378900,,,,,,
소방설비,소방시설공사업(전문),1843,(주)정림기업,정병량,인천,2023-02-00384,2378800,,,,,,
소방설비,소방시설공사업(전문),1844,주식회사 일신전기,오도일,제주,서귀포-2009-2,2378200,,,,,,
소방설비,소방시설공사업(전문),1845,(주)장원토건,이대열,대전,제2004-17호,2377800,,,,,,
소방설비,소방시설공사업(전문),1846,은승엔지니어링 주식회사,이춘남,인천,2017-02-00353,2377400,,,,,,
소방설비,소방시설공사업(전문),1847,금성전력 주식회사,김종균,경기(남),2019-02-00223,2377300,,,,,,
소방설비,소방시설공사업(전문),1848,주식회사 정토건설,손영준,전남광주(전남),2016-02-00671,2375300,,,,,,
소방설비,소방시설공사업(전문),1849,주식회사 포스코디엑스,심민석,경북,제2010-5-1호,2374400,,,,,,
소방설비,소방시설공사업(전문),1850,주식회사 시원전기,안혜영,대전,2017-02-00378,2371900,,,,,,
소방설비,소방시설공사업(전문),1851,(주)영광엔지니어링,강정화,경남,경남 함양 제2009-02호,2368300,,,,,,
소방설비,소방시설공사업(전문),1852,(주)명성이엔씨,정경태,부산,2016-02-00018,2367200,,,,,,
소방설비,소방시설공사업(전문),1853,(주)다스텍,배남식,경기(남),경기안산 제2005-13호,2366700,,,,,,
소방설비,소방시설공사업(전문),1854,주식회사 민이엔지,전제호,서울,2022-02-00147,2365600,,,,,,
소방설비,소방시설공사업(전문),1855,(주) 금강공무산업,이정철,경기(남),2021-02-00264,2363200,,,,,,
소방설비,소방시설공사업(전문),1856,주식회사 엘엔케이이엔지,이광현,서울,2023-02-00066,2362900,,,,,,
소방설비,소방시설공사업(전문),1857,(주)라산전공,손성모,대구,제98-26호,2361900,,,,,,
소방설비,소방시설공사업(전문),1858,(주)신일,김광수,전남광주(광주),제북부 2000-라-7호,2361500,,,,,,
소방설비,소방시설공사업(전문),1859,주식회사 무성종합이엔지,홍채황,부산,제2007-27호,2361100,,,,,,
소방설비,소방시설공사업(전문),1860,(주)상현엔지니어링,이재권,서울,2020-02-00480,2358600,,,,,,
소방설비,소방시설공사업(전문),1861,주식회사 강산에너지,임석규,충북,제충주98-8호,2358500,,,,,,
소방설비,소방시설공사업(전문),1862,중원전력(주),박순석,경북,제1998-03호,2357000,,,,,,
소방설비,소방시설공사업(전문),1863,유한회사 광명이엔시,양경호,전남광주(전남),2017-02-00418,2355900,,,,,,
소방설비,소방시설공사업(전문),1864,(주)경상소방설비,최은우,경남,창원소방본부 제2012-01호,2355400,,,,,,
소방설비,소방시설공사업(전문),1865,나라소방방재(주),손현규,대구,제2009-10호,2355400,,,,,,
소방설비,소방시설공사업(전문),1866,주식회사 상원이앤지,이현정,전북,2017-02-00246,2355200,,,,,,
소방설비,소방시설공사업(전문),1867,주식회사 수우,박철수,부산,제2008-21호,2353700,,,,,,
소방설비,소방시설공사업(전문),1868,거산전설(주),김명수,인천,2016-02-00612,2349900,,,,,,
소방설비,소방시설공사업(전문),1869,동하기전(주),이은주,부산,제2008-7호,2349500,,,,,,
소방설비,소방시설공사업(전문),1870,주식회사 이든엔지니어링,최희숙,서울,2019-02-00407,2348600,,,,,,
소방설비,소방시설공사업(전문),1871,(주)세종이앤지,이상길,경기(남),2021-02-00193,2348500,,,,,,
소방설비,소방시설공사업(전문),1872,(주)대경이앤지,이경환,경기(남),경기과천제2014-4호,2348300,,,,,,
소방설비,소방시설공사업(전문),1873,(주)경원,안귀영,경기(남),경기양평 제2004-4호,2348100,,,,,,
소방설비,소방시설공사업(전문),1874,(주)제일이엔티,유경순,인천,인천공단 제2010-11호,2347700,,,,,,
소방설비,소방시설공사업(전문),1875,고려설비(주),홍광훈,인천,인천남부 제2007-08호,2346700,,,,,,
소방설비,소방시설공사업(전문),1876,(주)원일소방,최성주,경남,창원1999-03호,2341100,,,,,,
소방설비,소방시설공사업(전문),1877,주식회사 한성소방전력,김명희,전남광주(전남),제2009-가-5호,2340700,,,,,,
소방설비,소방시설공사업(전문),1878,주식회사 광동,정강민,전남광주(전남),제2012-타-04호,2338000,,,,,,
소방설비,소방시설공사업(전문),1879,주식회사 테마이엔씨,임우석,전북,남원 제2007-2호,2336200,,,,,,
소방설비,소방시설공사업(전문),1880,주식회사 대광전기소방,유대성,경기(남),2020-02-00327,2336100,,,,,,
소방설비,소방시설공사업(전문),1881,(주)세림안전소방,김기현,경북,제구미2011-7호,2336100,,,,,,
소방설비,소방시설공사업(전문),1882,(주)영도,정회용,경기(남),경기화성 제2009-6호,2335900,,,,,,
소방설비,소방시설공사업(전문),1883,삼원특수건설(주),류경호,경기(북),2017-02-00254,2335400,,,,,,
소방설비,소방시설공사업(전문),1884,주식회사 성암,이정호,경북,2021-02-00403,2334500,,,,,,
소방설비,소방시설공사업(전문),1885,유한회사 대산설비,김완근,전남광주(광주),2017-02-00467,2334500,,,,,,
소방설비,소방시설공사업(전문),1886,주식회사 다산전력,신동헌,충북,2017-02-00564,2334000,,,,,,
소방설비,소방시설공사업(전문),1887,(주)한국소방,허보혜,부산,제2007-29호,2333900,,,,,,
소방설비,소방시설공사업(전문),1888,주식회사 영광이씨에스,배종로,경기(남),2017-02-00446,2333700,,,,,,
소방설비,소방시설공사업(전문),1889,(주)오렌지이앤씨,강병길,경기(남),경기분당 제2006-7호,2333600,,,,,,
소방설비,소방시설공사업(전문),1890,(주)한국소방안전설비,석정호,경북,제경주 2006-03호,2333500,,,,,,
소방설비,소방시설공사업(전문),1891,에이스건설(주),원경환,서울,제영등포 2006-19호,2333400,,,,,,
소방설비,소방시설공사업(전문),1892,유한회사 코로나일렉,한창수,전북,2022-02-00410,2333400,,,,,,
소방설비,소방시설공사업(전문),1893,(주)강동이앤씨,정일영,대구,제2007-23호,2333300,,,,,,
소방설비,소방시설공사업(전문),1894,민성산업(주),권민성,경기(남),2018-02-00086,2332800,,,,,,
소방설비,소방시설공사업(전문),1895,(주)가나통신전력공사,민명기,전남광주(광주),제광산2001-다-1호,2332500,,,,,,
소방설비,소방시설공사업(전문),1896,라온테크(주),김창주,경북,2021-02-00541,2330600,,,,,,
소방설비,소방시설공사업(전문),1897,신흥엔지니어링(주),문윤희,경기(남),2016-02-00235,2326600,,,,,,
소방설비,소방시설공사업(전문),1898,준이엔지소방 주식회사,차화연,경기(북),2017-02-00570,2326400,,,,,,
소방설비,소방시설공사업(전문),1899,주식회사 남일이엔씨,조용섭,전남광주(전남),2017-02-00228,2326200,,,,,,
소방설비,소방시설공사업(전문),1900,(주)엘지씨엔에스,현신균,서울,2018-02-00013,2325900,,,,,,
소방설비,소방시설공사업(전문),1901,(주)우림소방,임영섭,경남,2017-02-00138,2321600,,,,,,
소방설비,소방시설공사업(전문),1902,(주)가야소방,김병진,부산,제2002-35호,2319600,,,,,,
소방설비,소방시설공사업(전문),1903,(주)동승기업,임준빈,서울,제서대문 2005-6호,2317500,,,,,,
소방설비,소방시설공사업(전문),1904,대현산업기술(주),윤영근,서울,제영등포2010-2호,2317200,,,,,,
소방설비,소방시설공사업(전문),1905,건호이엔씨 주식회사,박정현,전남광주(전남),2022-02-00149,2316300,,,,,,
소방설비,소방시설공사업(전문),1906,(주)신영에프씨,김남호,서울,제송파 2005-19호,2316000,,,,,,
소방설비,소방시설공사업(전문),1907,주식회사 지투기술,이태용,경기(남),2015-02-00158,2315300,,,,,,
소방설비,소방시설공사업(전문),1908,(주)태영방재,함영석,인천,2021-02-00356,2314100,,,,,,
소방설비,소방시설공사업(전문),1909,(주)광전사,박현석,충남,제충남천안 2005-9호,2312400,,,,,,
소방설비,소방시설공사업(전문),1910,(주)동광소방,김기용,부산,2018-02-00379,2311600,,,,,,
소방설비,소방시설공사업(전문),1911,(주)가인이엔지,김태웅,부산,2018-02-00330,2311500,,,,,,
소방설비,소방시설공사업(전문),1912,상우이앤씨(주),김상원,경북,2015-02-00123,2308600,,,,,,
소방설비,소방시설공사업(일반·기계),1,유립기공(주),홍성연,경기(남),2018-02-00364,2307500,,,,,,
소방설비,소방시설공사업(전문),1913,건탑씨엔씨(주),최재형,서울,제구로2014-1호,2304600,,,,,,
소방설비,소방시설공사업(전문),1914,주식회사 삼주안전기술단,엄태용,경기(남),2017-02-00120,2304500,,,,,,
소방설비,소방시설공사업(전문),1915,(주)남진테크,남지원,대구,제2013-19호,2303700,,,,,,
소방설비,소방시설공사업(전문),1916,현대소방(주),안준모,서울,제광진2006-21호,2303500,,,,,,
소방설비,소방시설공사업(전문),1917,주식회사 중앙소방이엔지,정창원,서울,2018-02-00042,2302800,,,,,,
소방설비,소방시설공사업(전문),1918,(주)덕성엔지니어링,김영득,대전,제2014-2호,2301600,,,,,,
소방설비,소방시설공사업(전문),1919,(주)태양씨엠씨,박래월,서울,2023-02-00123,2300400,,,,,,
소방설비,소방시설공사업(전문),1920,에스에스이엔씨(주),한금주,경기(남),경기수원 제2009-47호,2300400,,,,,,
소방설비,소방시설공사업(전문),1921,(주)대영전기,이정의,경남,경남고성 제2009-02호,2298900,,,,,,
소방설비,소방시설공사업(전문),1922,세아이앤지 주식회사,박세호,전남광주(광주),2022-02-00346,2298300,,,,,,
소방설비,소방시설공사업(전문),1923,(주)이케이이엔지,김봉수,부산,2022-02-00060,2297700,,,,,,
소방설비,소방시설공사업(전문),1924,(주)일진엔지니어링,조성현,경기(남),경기오산제2014-3호,2297000,,,,,,
소방설비,소방시설공사업(전문),1925,(자)대우소방설비공사,최종덕,충남,제충남서산 2007-7호,2296000,,,,,,
소방설비,소방시설공사업(전문),1926,(주)대경엔지니어링,허경자,제주,2020-02-00257,2295100,,,,,,
소방설비,소방시설공사업(전문),1927,오성전설산업(주),이상봉,인천,2015-02-00212,2291100,,,,,,
소방설비,소방시설공사업(전문),1928,유한회사 대승방재,제용래,전북,2019-02-00012,2291100,,,,,,
소방설비,소방시설공사업(전문),1929,(주)세정이엔지,윤정기,부산,제2014-11호,2290400,,,,,,
소방설비,소방시설공사업(전문),1930,(주)창선소방,신세영,강원,2019-02-00336,2289200,,,,,,
소방설비,소방시설공사업(전문),1931,(주)정동전력,이현호,충북,2019-02-00406,2289000,,,,,,
소방설비,소방시설공사업(전문),1932,(주)유신전력,권기진,대구,제2004-22호,2288100,,,,,,
소방설비,소방시설공사업(전문),1933,(주)이레종합방재,안경욱,충북,제2006-19호,2287200,,,,,,
소방설비,소방시설공사업(전문),1934,(주)신아이엔지,정영선,서울,제구로 2007-15호,2285900,,,,,,
소방설비,소방시설공사업(전문),1935,(주)협전사,최준호,세종,2021-02-00285,2285600,,,,,,
소방설비,소방시설공사업(전문),1936,(주)대신방재,백승면,대전,제2007-22호,2279900,,,,,,
소방설비,소방시설공사업(전문),1937,(주)미래기술,류인기,울산,제2013-8호,2277900,,,,,,
소방설비,소방시설공사업(전문),1938,류동전력(주),류동희,서울,제양천2010-4호,2277500,,,,,,
소방설비,소방시설공사업(전문),1939,동명테크윈(주),심인철,대구,2015-02-00393,2277000,,,,,,
소방설비,소방시설공사업(전문),1940,(주)우방,이진욱,대구,제90-13호,2276800,,,,,,
소방설비,소방시설공사업(전문),1941,(주)삼승엔지니어링,이도희,전북,전주완산 제2008-8호,2276300,,,,,,
소방설비,소방시설공사업(전문),1942,(주)중부전기,문순복,충남,제충남천안 2007-5호,2275700,,,,,,
소방설비,소방시설공사업(전문),1943,경인종합방재(주),최기현,경기(남),2020-02-00552,2275200,,,,,,
소방설비,소방시설공사업(전문),1944,(주)보성엔지니어링,권오창,경기(남),경기안양제2011-06호,2275100,,,,,,
소방설비,소방시설공사업(전문),1945,한빛소방 주식회사,박미숙,세종,2016-02-00690,2275000,,,,,,
소방설비,소방시설공사업(전문),1946,(주)상경건설,이상진,경기(남),2019-02-00216,2274300,,,,,,
소방설비,소방시설공사업(전문),1947,(주)송원이앤씨,이금미,경기(남),2015-02-00120,2272400,,,,,,
소방설비,소방시설공사업(전문),1948,(주)알에이오엔,정현우,부산,제2013-34호,2271700,,,,,,
소방설비,소방시설공사업(전문),1949,대성소방산업 주식회사,신영태,서울,2025-02-00178,2271300,,,,,,
소방설비,소방시설공사업(전문),1950,주식회사 대덕전력공사,김영진,대전,제2014-13호,2270100,,,,,,
소방설비,소방시설공사업(전문),1951,(주)대명이십일,김명회,서울,2019-02-00329,2269900,,,,,,
소방설비,소방시설공사업(전문),1952,주식회사 지음쏠라테크,박성균,인천,2019-02-00420,2268500,,,,,,
소방설비,소방시설공사업(전문),1953,(주)월드이앤지,김병수,울산,제 2002-9호,2268500,,,,,,
소방설비,소방시설공사업(전문),1954,(주)신영방재,백원돈,충북,제 2002-1호,2268400,,,,,,
소방설비,소방시설공사업(전문),1955,한성이앤지(주),이성재,경기(남),2017-02-00035,2268300,,,,,,
소방설비,소방시설공사업(전문),1956,아남전기공사,최만태,강원,제87호,2267600,,,,,,
소방설비,소방시설공사업(전문),1957,(유)국제소방공사,강은경,전북,제2002-13호,2266000,,,,,,
소방설비,소방시설공사업(전문),1958,두승전력 주식회사,정숙희,경기(남),2017-02-00517,2264800,,,,,,
소방설비,소방시설공사업(전문),1959,(주)동광씨앤에스,김경식,경기(남),경기시흥 제2003-02호,2262200,,,,,,
소방설비,소방시설공사업(전문),1960,(주)만양,이상미,경기(북),2015-02-00177,2261500,,,,,,
소방설비,소방시설공사업(전문),1961,하모니씨앤씨(주),박과희,경기(남),경기광주 제2006-3호,2261100,,,,,,
소방설비,소방시설공사업(전문),1962,제일방재 주식회사,박창수,경기(남),2024-02-00009,2260000,,,,,,
소방설비,소방시설공사업(전문),1963,주식회사 가온전력,장용환,충북,제2015-01호,2259700,,,,,,
소방설비,소방시설공사업(전문),1964,(주)가현소방,강인학,인천,2016-02-00164,2259200,,,,,,
소방설비,소방시설공사업(전문),1965,(주)한가람방재,박상준,경기(북),제경기의정부 2007-3호,2259100,,,,,,
소방설비,소방시설공사업(전문),1966,(주)대원전력공사,정진선,경기(남),2021-02-00421,2258200,,,,,,
소방설비,소방시설공사업(전문),1967,(주)송하이엔씨,박영홍,서울,2022-02-00396,2258100,,,,,,
소방설비,소방시설공사업(전문),1968,(주)천우안전,김용훈,서울,제중랑2013-04호,2256300,,,,,,
소방설비,소방시설공사업(전문),1969,(주)씨앤씨전력,정행엽,경기(남),2020-02-00474,2255600,,,,,,
소방설비,소방시설공사업(전문),1970,주식회사 이노기술단,김은하,경기(북),경기남양주 제2012-3호,2255500,,,,,,
소방설비,소방시설공사업(전문),1971,(주)시온전력,박진하,충북,제2013-01호,2252000,,,,,,
소방설비,소방시설공사업(전문),1972,주식회사 백두전력,김길수,대전,제2011-10호,2251600,,,,,,
소방설비,소방시설공사업(전문),1973,주식회사 베스타이엔씨,이우각,대전,2018-02-00054,2251100,,,,,,
소방설비,소방시설공사업(전문),1974,소방관제시스템(주),조성현,전북,전북익산 제2014-2호,2249400,,,,,,
소방설비,소방시설공사업(전문),1975,대한방재 주식회사,김태수,전북,2020-02-00031,2249200,,,,,,
소방설비,소방시설공사업(전문),1976,(주)세광,엄세현,부산,제98-26호,2247700,,,,,,
소방설비,소방시설공사업(전문),1977,(주)단경,김미경,인천,2016-02-00199,2247500,,,,,,
소방설비,소방시설공사업(전문),1978,이화소방이엔지(주),이광민,서울,제서대문2011-1호,2247000,,,,,,
소방설비,소방시설공사업(전문),1979,주현기업(주),박동순,제주,제2003-53호,2245700,,,,,,
소방설비,소방시설공사업(전문),1980,주식회사 대건이앤씨,박정근,인천,2019-02-00241,2245500,,,,,,
소방설비,소방시설공사업(전문),1981,(주)태영,김한중,경북,제2015-1호,2245000,,,,,,
소방설비,소방시설공사업(전문),1982,(주)더위드전기,박성대,경기(남),2017-02-00498,2245000,,,,,,
소방설비,소방시설공사업(전문),1983,(주)대신엔지니어링,한현동,충북,제2002-13호,2243800,,,,,,
소방설비,소방시설공사업(전문),1984,씨에이이앤씨 주식회사,김윤하,경기(남),2017-02-00224,2243100,,,,,,
소방설비,소방시설공사업(전문),1985,(주)용산전력,송경종,전남광주(전남),2015-02-00320,2237700,,,,,,
소방설비,소방시설공사업(전문),1986,모든소방(주),김해영,경북,2016-02-00022,2235700,,,,,,
소방설비,소방시설공사업(전문),1987,티엔이엔씨 주식회사,박헌우,경기(남),2018-02-00377,2233300,,,,,,
소방설비,소방시설공사업(전문),1988,(주)백두,최문규,강원,제208호,2232600,,,,,,
소방설비,소방시설공사업(전문),1989,동양방재기술(주),박정애,강원,제148호,2232500,,,,,,
소방설비,소방시설공사업(전문),1990,(주)현대전력,최종렬,인천,제인천남동 00-4호,2232400,,,,,,
소방설비,소방시설공사업(전문),1991,주식회사 삼원이엔씨,박승용,충북,2022-02-00297,2232100,,,,,,
소방설비,소방시설공사업(전문),1992,주식회사 플랜텍,하태형,경북,포항남부제2013-5호,2230600,,,,,,
소방설비,소방시설공사업(전문),1993,유창전설(주),김진기,대구,2015-02-00185,2229100,,,,,,
소방설비,소방시설공사업(전문),1994,주식회사 현웅이엔지,김희원,강원,2019-02-00256,2227500,,,,,,
소방설비,소방시설공사업(전문),1995,신화아이에스(주),신명철,경기(남),2019-02-00388,2225900,,,,,,
소방설비,소방시설공사업(전문),1996,(주)더푸른방재,최철영,충남,2020-02-00197,2224500,,,,,,
소방설비,소방시설공사업(전문),1997,주식회사 준서전력,김혜선,인천,2021-02-00219,2222100,,,,,,
소방설비,소방시설공사업(전문),1998,주식회사 신성이엔지,안기왕,충북,청주동부 제 2015-05호,2222000,,,,,,
소방설비,소방시설공사업(전문),1999,주식회사 거제전기소방,심상영,경남,2017-02-00551,2220100,,,,,,
소방설비,소방시설공사업(전문),2000,(주)진성전기,김종희,전남광주(전남),제99-18호,2219500,,,,,,
소방설비,소방시설공사업(전문),2001,유니온건설산업(주),안현민,인천,2019-02-00555,2219000,,,,,,
소방설비,소방시설공사업(전문),2002,주식회사 대아,정임순,강원,2023-02-00085,2218400,,,,,,
소방설비,소방시설공사업(전문),2003,(주)진명연합전설,엄재준,서울,제관악 2003-1호,2213800,,,,,,
소방설비,소방시설공사업(전문),2004,(유)우성전력,장준근,전남광주(전남),제2006-가-18호,2213700,,,,,,
소방설비,소방시설공사업(전문),2005,다우건설(주),전문수,대전,2020-02-00625,2212300,,,,,,
소방설비,소방시설공사업(전문),2006,주식회사 제일소방전기공사,조복현,충남,2016-02-00247,2211900,,,,,,
소방설비,소방시설공사업(전문),2007,유호토건(주),유정호,서울,2023-02-00324,2211100,,,,,,
소방설비,소방시설공사업(전문),2008,(주)중앙이앤에프,길호영,경기(남),2019-02-00534,2211000,,,,,,
소방설비,소방시설공사업(전문),2009,(주)대한이엔씨,이희숙,경기(남),경기성남 제2009-3호,2209600,,,,,,
소방설비,소방시설공사업(전문),2010,(주)소림기계설비,위율환,전남광주(전남),제2004-01호,2208200,,,,,,
소방설비,소방시설공사업(전문),2011,주식회사 월산이앤씨,이청형,충남,제2014-1호,2207900,,,,,,
소방설비,소방시설공사업(전문),2012,(주)충북소방,구본휴,충북,제청주서부2014-18호,2203100,,,,,,
소방설비,소방시설공사업(전문),2013,(주)태승,이태왕,충남,2022-02-00344,2202000,,,,,,
소방설비,소방시설공사업(전문),2014,(주)해냄소방,김덕규,충남,제2012-1호,2200900,,,,,,
소방설비,소방시설공사업(전문),2015,다온비 주식회사,정혜진,경기(북),2025-02-00348,2199700,,,,,,
소방설비,소방시설공사업(전문),2016,(주)성보기계설비,이은철,전남광주(광주),제2013-다-9호,2198800,,,,,,
소방설비,소방시설공사업(전문),2017,주식회사 용성아이티,강상문,경기(남),2025-02-00044,2198600,,,,,,
소방설비,소방시설공사업(전문),2018,주식회사 대한소방,장세연,경기(북),2016-02-00102,2198400,,,,,,
소방설비,소방시설공사업(전문),2019,신진기술(주),김해숙,경북,제경주 2005-03호,2197400,,,,,,
소방설비,소방시설공사업(전문),2020,주식회사 대호소방,배지혜,서울,2021-02-00367,2197400,,,,,,
소방설비,소방시설공사업(전문),2021,(주)엠소방엔지니어링,추병수,대구,2017-02-00585,2196900,,,,,,
소방설비,소방시설공사업(전문),2022,(자)신화방재,이성호,대전,제2006-18호,2191400,,,,,,
소방설비,소방시설공사업(전문),2023,(유)대성소방공사,김나영,전남광주(전남),제91-4호,2191200,,,,,,
소방설비,소방시설공사업(전문),2024,(주)일호,정재란,경기(남),2018-02-00183,2191100,,,,,,
소방설비,소방시설공사업(전문),2025,(주)로고스인더스트리어,이영석,서울,2022-02-00420,2190300,,,,,,
소방설비,소방시설공사업(전문),2026,벽산엔지니어링(주),김도영,경기(남),경기분당 제2009-13호,2190000,,,,,,
소방설비,소방시설공사업(전문),2027,(주)무한개발,김규현,서울,제서초 99-13호,2189400,,,,,,
소방설비,소방시설공사업(전문),2028,주식회사 경종,고진순,부산,2019-02-00112,2189100,,,,,,
소방설비,소방시설공사업(전문),2029,(주)국제전설,문재권,경기(남),2017-02-00135,2185100,,,,,,
소방설비,소방시설공사업(전문),2030,주식회사 우정기술단,이해원,부산,2017-02-00480,2184600,,,,,,
소방설비,소방시설공사업(전문),2031,주식회사 포텍,이영매,전남광주(전남),2019-02-00173,2182600,,,,,,
소방설비,소방시설공사업(전문),2032,(주)한양강업,조태봉,서울,제송파2015-06호,2182000,,,,,,
소방설비,소방시설공사업(전문),2033,(주)우리에프이씨,문경규,경남,진주2006-8호,2181300,,,,,,
소방설비,소방시설공사업(전문),2034,이한전력 주식회사,김도연,경북,2025-02-00011,2181200,,,,,,
소방설비,소방시설공사업(전문),2035,석교전력 주식회사,한상수,전남광주(전남),2017-02-00557,2179500,,,,,,
소방설비,소방시설공사업(전문),2036,주식회사 케이비이앤씨,고병길,서울,2024-02-00339,2177500,,,,,,
소방설비,소방시설공사업(전문),2037,(주)한성엔지니어링,남기봉,세종,2019-02-00130,2174600,,,,,,
소방설비,소방시설공사업(전문),2038,주식회사 한국소방안전,김유찬,전남광주(전남),2019-02-00082,2170800,,,,,,
소방설비,소방시설공사업(전문),2039,(주)중앙전기공사,조현미,경북,제상주2010-2호,2170800,,,,,,
소방설비,소방시설공사업(전문),2040,(주)신세계소방,이정후,경남,제창원1999-6호,2170600,,,,,,
소방설비,소방시설공사업(전문),2041,주식회사 대성에이원,최성득,경남,2017-02-00377,2169500,,,,,,
소방설비,소방시설공사업(전문),2042,주식회사 대림전력공사,안다옥,충남,2026-02-00222,2168200,,,,,,
소방설비,소방시설공사업(전문),2043,(주)자인전설,황봉기,경북,2015-02-00236,2167800,,,,,,
소방설비,소방시설공사업(전문),2044,(주)대신소방설비공사,백종림,경기(남),경기안성 제97-2호,2167300,,,,,,
소방설비,소방시설공사업(전문),2045,주식회사 건우에프이씨,이건우,강원,제82호,2166500,,,,,,
소방설비,소방시설공사업(전문),2046,주식회사 세인전력,최종식,대구,2016-02-00472,2165200,,,,,,
소방설비,소방시설공사업(전문),2047,지도엔지니어링,정천록,경기(북),2018-02-00232,2165100,,,,,,
소방설비,소방시설공사업(전문),2048,(주)현대전기건설,김희성,경기(북),제경기구리 2007-13호,2164800,,,,,,
소방설비,소방시설공사업(전문),2049,경동이엔지(주),이장희,충남,제2007-1호,2162300,,,,,,
소방설비,소방시설공사업(전문),2050,(주)이레텍,박광식,부산,제2000-16호,2160800,,,,,,
소방설비,소방시설공사업(전문),2051,(주)대한전력,김미경,경기(북),2015-02-00290,2160300,,,,,,
소방설비,소방시설공사업(전문),2052,주식회사 디씨이엑스,양창훈,경기(남),2016-02-00225,2160200,,,,,,
소방설비,소방시설공사업(전문),2053,(주)주암전기통신,정한석,서울,2015-02-00261,2159400,,,,,,
소방설비,소방시설공사업(전문),2054,주식회사 중앙플랜트,장정수,세종,2017-02-00130,2159300,,,,,,
소방설비,소방시설공사업(전문),2055,(주)덕성전기통신소방공사,이재동,경북,제경주 2005-02호,2158000,,,,,,
소방설비,소방시설공사업(전문),2056,(주)대한종합산전,이섭,서울,2024-02-00271,2157300,,,,,,
소방설비,소방시설공사업(전문),2057,(주)옥산,이춘걸,경북,제2012-03호,2157100,,,,,,
소방설비,소방시설공사업(전문),2058,엠케이전력(주),김순남,서울,2018-02-00485,2155900,,,,,,
소방설비,소방시설공사업(전문),2059,(주)삼성그린에너지,박장수,부산,2016-02-00559,2155300,,,,,,
소방설비,소방시설공사업(전문),2060,수도전기(주),이인식,경기(북),경기일산제2005-4호,2155200,,,,,,
소방설비,소방시설공사업(전문),2061,브이원건설(주),오윤환,전남광주(광주),2016-02-00629,2154500,,,,,,
소방설비,소방시설공사업(전문),2062,(주)공영,장억수,경북,제구미2014-04호,2154300,,,,,,
소방설비,소방시설공사업(전문),2063,주식회사 영성전설,김경태,대구,2021-02-00491,2152800,,,,,,
소방설비,소방시설공사업(전문),2064,(주)엠제이이앤씨,이환철,대구,2021-02-00158,2152500,,,,,,
소방설비,소방시설공사업(전문),2065,(주)대산전력,채홍철,대구,제2010-4호,2151800,,,,,,
소방설비,소방시설공사업(전문),2066,(주)디에이치이엔씨,정명효,경기(남),2020-02-00210,2150300,,,,,,
소방설비,소방시설공사업(전문),2067,공원산업 주식회사,허숙희,경기(남),2023-02-00257,2149000,,,,,,
소방설비,소방시설공사업(전문),2068,주식회사 동성전력,박병섭,경북,2021-02-00033,2148900,,,,,,
소방설비,소방시설공사업(전문),2069,주식회사 대성소방,최창수,대구,2016-02-00012,2148500,,,,,,
소방설비,소방시설공사업(전문),2070,(주)가온소방,우희주,부산,2020-02-00171,2147700,,,,,,
소방설비,소방시설공사업(전문),2071,(주)우리소방기술단,최정순,경기(남),경기시흥 제2010-1호,2147100,,,,,,
소방설비,소방시설공사업(전문),2072,주식회사 효성설비,조중연,경기(남),2021-02-00372,2145700,,,,,,
소방설비,소방시설공사업(전문),2073,송언이엔지(주),신윤교,인천,인천공단제2015-4호,2145000,,,,,,
소방설비,소방시설공사업(전문),2074,(주)경동소방,윤성철,경남,경남함안 제2009-01호,2144800,,,,,,
소방설비,소방시설공사업(전문),2075,세명전기(주),강인구,경남,창원제2015-03호,2144300,,,,,,
소방설비,소방시설공사업(전문),2076,(주)영흥전력,윤치성,전남광주(광주),제2011-나-14호,2142800,,,,,,
소방설비,소방시설공사업(전문),2077,(주)성동전기소방,황선숙,전남광주(전남),제2005-4호,2142800,,,,,,
소방설비,소방시설공사업(전문),2078,(주)우림컴퍼니,정영숙,충남,2016-02-00675,2142100,,,,,,
소방설비,소방시설공사업(전문),2079,주식회사 유동,고성동,전남광주(전남),2017-02-00192,2141200,,,,,,
소방설비,소방시설공사업(전문),2080,(주)제일소방기술,안미영,경기(남),2023-02-00122,2140700,,,,,,
소방설비,소방시설공사업(전문),2081,(유)제이비엔지니어링,곽정우,전남광주(광주),제2007-다-7호,2139100,,,,,,
소방설비,소방시설공사업(전문),2082,주식회사 엘에스아이,이대복,대전,2023-02-00307,2138600,,,,,,
소방설비,소방시설공사업(전문),2083,주식회사 구국토건,손희종,경북,2016-02-00193,2137100,,,,,,
소방설비,소방시설공사업(전문),2084,삼국엠이씨(주),송병열,경기(남),경기성남 제2006-11호,2137100,,,,,,
소방설비,소방시설공사업(전문),2085,주식회사 태경소방,강석민,경기(남),2015-02-00106,2135800,,,,,,
소방설비,소방시설공사업(전문),2086,주식회사 덕양,장성영,전남광주(전남),2015-02-00066,2135200,,,,,,
소방설비,소방시설공사업(전문),2087,주식회사 진포소방이앤씨,이석순,전북,2016-02-00311,2135100,,,,,,
소방설비,소방시설공사업(전문),2088,피앤씨테크 주식회사,윤남선,경기(남),2016-02-00088,2134000,,,,,,
소방설비,소방시설공사업(전문),2089,주식회사 에프에스방재,황연홍,충남,제2014-1호,2132800,,,,,,
소방설비,소방시설공사업(전문),2090,주식회사 신흥전업,신순옥,전북,2015-02-00424,2132600,,,,,,
소방설비,소방시설공사업(전문),2091,주식회사 대명건설,서경선,강원,2021-02-00161,2132300,,,,,,
소방설비,소방시설공사업(전문),2092,주식회사 양진이앤티,이상옥,경북,2016-02-00601,2132200,,,,,,
소방설비,소방시설공사업(전문),2093,(주)금강주택,최상순,서울,2017-02-00023,2131500,,,,,,
소방설비,소방시설공사업(전문),2094,주식회사 다올소방,김옥분,충남,2025-02-00169,2131400,,,,,,
소방설비,소방시설공사업(전문),2095,금호소방(주),이재동,대전,제2009-8호,2129000,,,,,,
소방설비,소방시설공사업(전문),2096,미래방재산업(주),김남일,울산,제 2005-12호,2127600,,,,,,
소방설비,소방시설공사업(전문),2097,주식회사 대승이앤씨,한창미,서울,2019-02-00495,2127400,,,,,,
소방설비,소방시설공사업(전문),2098,주식회사 극동이에프씨,심정보,서울,2016-02-00032,2126700,,,,,,
소방설비,소방시설공사업(전문),2099,(주)진명일렉스,강태열,대구,제2013-11호,2124700,,,,,,
소방설비,소방시설공사업(전문),2100,주식회사 파트너스다온,안석준,서울,2018-02-00102,2124600,,,,,,
소방설비,소방시설공사업(전문),2101,대승건설전기공사,허임무,경기(북),경기파주 제2002-31호,2124300,,,,,,
소방설비,소방시설공사업(전문),2102,근영이앤씨(주),박근준,경기(남),경기분당 제2008-5호,2123800,,,,,,
소방설비,소방시설공사업(전문),2103,(주)대한소방,심동진,경남,2024-02-00274,2119800,,,,,,
소방설비,소방시설공사업(전문),2104,주식회사 세명,박순남,경남,2015-02-00380,2119700,,,,,,
소방설비,소방시설공사업(전문),2105,주식회사 대광산업개발,김현태,세종,제2013-1-48호,2119100,,,,,,
소방설비,소방시설공사업(전문),2106,주식회사 하나엔지니어링,박성일,전남광주(전남),제2008-가-7호,2118400,,,,,,
소방설비,소방시설공사업(전문),2107,주식회사 선진이엔지,서동훈,경기(남),2017-02-00037,2116900,,,,,,
소방설비,소방시설공사업(전문),2108,금수티아이(주),이형주,서울,제2012-1호,2115500,,,,,,
소방설비,소방시설공사업(전문),2109,(주)동성이앤씨원,김철술,서울,제송파2006-33호,2115400,,,,,,
소방설비,소방시설공사업(전문),2110,주식회사 썬플라워즈,김종석,인천,2025-02-00078,2113500,,,,,,
소방설비,소방시설공사업(전문),2111,주식회사 한일이엔지,이한홍,충남,제2006-4호,2113500,,,,,,
소방설비,소방시설공사업(전문),2112,주식회사 청우이엔에프,안혁상,경기(남),2021-02-00409,2113200,,,,,,
소방설비,소방시설공사업(전문),2113,주식회사 대일이에프씨,최미숙,대구,2016-02-00125,2112600,,,,,,
소방설비,소방시설공사업(전문),2114,(유)대보이엔씨,전정욱,대구,2018-02-00250,2112200,,,,,,
소방설비,소방시설공사업(전문),2115,코리아소방 주식회사,김종섭,경기(남),2015-02-00257,2112100,,,,,,
소방설비,소방시설공사업(전문),2116,(주)한성이앤씨,김경선,경기(남),경기이천 제2010-03호,2111300,,,,,,
소방설비,소방시설공사업(전문),2117,(주)국제이엔지,추용엽,경북,제경주 98-2호,2110300,,,,,,
소방설비,소방시설공사업(전문),2118,(주)대원이엔티,박영주,경기(남),경기광명 제2010-4호,2110300,,,,,,
소방설비,소방시설공사업(전문),2119,평화소방 주식회사,양행돈,제주,제제주2015-5호,2110100,,,,,,
소방설비,소방시설공사업(전문),2120,(주)경일,김일열,충남,제2009-3호,2109000,,,,,,
소방설비,소방시설공사업(전문),2121,(주)신호이엔씨,이희미,경기(남),2017-02-00535,2107300,,,,,,
소방설비,소방시설공사업(전문),2122,대보전설(주),김태수,충남,제2006-3호,2107000,,,,,,
소방설비,소방시설공사업(전문),2123,(주)세기,고문주,제주,제제주-2011-4호,2104700,,,,,,
소방설비,소방시설공사업(전문),2124,대신이엔지(주),최종만,경북,제 포항북부2009-5호,2104700,,,,,,
소방설비,소방시설공사업(전문),2125,(주)우진이엔씨,오은숙,대전,제2010-6호,2104000,,,,,,
소방설비,소방시설공사업(전문),2126,세경산전 주식회사,신홍환,강원,2016-02-00162,2103400,,,,,,
소방설비,소방시설공사업(전문),2127,(주)두인방재산업,홍길문,부산,제부산99-05호,2102700,,,,,,
소방설비,소방시설공사업(전문),2128,주식회사 다온개발,김종희,전북,2021-02-00040,2102400,,,,,,
소방설비,소방시설공사업(전문),2129,주식회사 새서울이앤지,김선범,경기(북),2020-02-00314,2102300,,,,,,
소방설비,소방시설공사업(전문),2130,(주)이안알앤씨,허용,서울,2016-02-00444,2101800,,,,,,
소방설비,소방시설공사업(전문),2131,주식회사 금강씨엔텍,정문숙,경기(남),2024-02-00387,2100700,,,,,,
소방설비,소방시설공사업(전문),2132,(주)신의소방,윤용준,전남광주(광주),제2008-라-7호,2099000,,,,,,
소방설비,소방시설공사업(전문),2133,태성전설(주),윤영석,제주,제2004-59호,2098400,,,,,,
소방설비,소방시설공사업(전문),2134,(주)수방재시스템,이승훈,서울,2020-02-00338,2097100,,,,,,
소방설비,소방시설공사업(전문),2135,(주)정우이엔씨,최명희,경기(북),2022-02-00469,2097000,,,,,,
소방설비,소방시설공사업(전문),2136,(주)피앤케이파워시스,구본관,경기(남),2021-02-00355,2097000,,,,,,
소방설비,소방시설공사업(전문),2137,(주)태양종합건설,송인희,충남,2015-02-00281,2096300,,,,,,
소방설비,소방시설공사업(전문),2138,하나방재설비(주),장재문,인천,인천부평 제2005-3호,2095300,,,,,,
소방설비,소방시설공사업(전문),2139,(주)신창전기,홍성수,서울,제구로 2008-24호,2093400,,,,,,
소방설비,소방시설공사업(전문),2140,엘케이전력(주),이규석,경기(남),2019-02-00167,2092800,,,,,,
소방설비,소방시설공사업(전문),2141,(주)서부전기,방승희,충남,2016-02-00068,2092200,,,,,,
소방설비,소방시설공사업(전문),2142,(주)동일소방,김금동,경남,2016-02-00170,2091700,,,,,,
소방설비,소방시설공사업(전문),2143,보산건설(주),최채경,경남,창원 제2012-04호,2090500,,,,,,
소방설비,소방시설공사업(전문),2144,주식회사 정민이엔지,이정민,경북,2020-02-00336,2087500,,,,,,
소방설비,소방시설공사업(전문),2145,(주)진영전기,이진영,대전,제93-3호,2087000,,,,,,
소방설비,소방시설공사업(전문),2146,주식회사 엔탑,곽대형,전남광주(전남),2021-02-00013,2085700,,,,,,
소방설비,소방시설공사업(전문),2147,주식회사 강인파워텍,강인관,인천,2018-02-00136,2083400,,,,,,
소방설비,소방시설공사업(전문),2148,대원엠이씨(주),이종원,서울,2017-02-00566,2082900,,,,,,
소방설비,소방시설공사업(전문),2149,(주)태경솔루션,손경태,경기(남),경기용인 제2009-6호,2082900,,,,,,
소방설비,소방시설공사업(전문),2150,주식회사 경동,성유경,강원,2020-02-00162,2082800,,,,,,
소방설비,소방시설공사업(전문),2151,주식회사 아람엔지니어링,고영태,전북,전북익산제2014-03호,2082100,,,,,,
소방설비,소방시설공사업(전문),2152,(주)유지전기공사,유용태,서울,제광진2014-5호,2081600,,,,,,
소방설비,소방시설공사업(전문),2153,비손ENG,이경숙,대전,제2013-15호,2078500,,,,,,
소방설비,소방시설공사업(전문),2154,주식회사 에이치디이엔지,김형도,충남,2016-02-00101,2078400,,,,,,
소방설비,소방시설공사업(전문),2155,신화종합소방,곽복남,대전,제2001-10호,2077700,,,,,,
소방설비,소방시설공사업(전문),2156,주식회사 부성엔지니어링,김천근,제주,2016-02-00241,2076700,,,,,,
소방설비,소방시설공사업(전문),2157,(주)남양이앤씨,원용선,경기(북),제구리 2003-2호,2076400,,,,,,
소방설비,소방시설공사업(전문),2158,한양산업개발 주식회사,홍택준,서울,제광진 1986-1호,2076100,,,,,,
소방설비,소방시설공사업(전문),2159,대성전기(주),오이철,경북,경북울진제2010-1호,2075900,,,,,,
소방설비,소방시설공사업(전문),2160,용명건업(주),김광식,경기(남),2017-02-00381,2075100,,,,,,
소방설비,소방시설공사업(전문),2161,(주)인호이엔지,박영진,경기(남),2019-02-00485,2072900,,,,,,
소방설비,소방시설공사업(전문),2162,다운이엔씨(주),김봉태,울산,2017-02-00603,2072700,,,,,,
소방설비,소방시설공사업(전문),2163,가람소방,서흥원,인천,인천공단 제2011-11호,2071800,,,,,,
소방설비,소방시설공사업(전문),2164,주식회사 세원에프이,정동욱,인천,2019-02-00358,2071700,,,,,,
소방설비,소방시설공사업(전문),2165,(주)근성,박춘수,인천,2015-02-00239,2069400,,,,,,
소방설비,소방시설공사업(전문),2166,(주)광명,김명권,울산,제 2003-8호,2066300,,,,,,
소방설비,소방시설공사업(전문),2167,(주)원광전기,김도연,경북,제2010-4호,2063000,,,,,,
소방설비,소방시설공사업(전문),2168,주식회사 대신소방,김종구,전남광주(광주),2021-02-00135,2061100,,,,,,
소방설비,소방시설공사업(전문),2169,(주)동일,이일섭,충북,청주동부제2014-02호,2056800,,,,,,
소방설비,소방시설공사업(전문),2170,(주)삼원종합전기,최은정,경북,제 2008-2호,2056100,,,,,,
소방설비,소방시설공사업(전문),2171,(주)유한소방,전병일,경기(북),2018-02-00225,2055200,,,,,,
소방설비,소방시설공사업(전문),2172,주식회사 동하소방,박순복,경남,2016-02-00222,2053300,,,,,,
소방설비,소방시설공사업(전문),2173,(유)상신설비,안재상,전북,전주덕진 제2010-3호,2053000,,,,,,
소방설비,소방시설공사업(전문),2174,예린이엔씨 주식회사,황호분,경북,2015-02-00129,2052100,,,,,,
소방설비,소방시설공사업(전문),2175,(주)비앤와이이엔지,윤대호,충남,제2014-1호,2051900,,,,,,
소방설비,소방시설공사업(전문),2176,(주)일진산업건설,이정진,대구,제2014-3호,2051300,,,,,,
소방설비,소방시설공사업(전문),2177,경인소방이엔지,오수현,경기(남),경기부천 제2013-02호,2050400,,,,,,
소방설비,소방시설공사업(전문),2178,주식회사 대한소방,민금옥,강원,2016-02-00575,2048500,,,,,,
소방설비,소방시설공사업(전문),2179,(주)남경전력,길태현,인천,2026-02-00202,2047000,,,,,,
소방설비,소방시설공사업(전문),2180,(주)장복이엔씨,정연복,서울,2015-02-00398,2046200,,,,,,
소방설비,소방시설공사업(전문),2181,(주)하늘천,임인수,전남광주(전남),제2013-다-8호,2043500,,,,,,
소방설비,소방시설공사업(전문),2182,바다기술 주식회사,최영실,인천,2016-02-00664,2041300,,,,,,
소방설비,소방시설공사업(일반·기계),2,주식회사 메트로씨앤씨,하명수,서울,2016-02-00486,2039100,,,,,,
소방설비,소방시설공사업(전문),2183,일진기업(주),김봉탁,제주,제91-2호,2039000,,,,,,
소방설비,소방시설공사업(전문),2184,우진이엔티(주),임재섭,전북,전북 고창 제2013-01호,2038900,,,,,,
소방설비,소방시설공사업(전문),2185,(주)푸른소방컨설팅,최성욱,인천,인천남동 제2005-26호,2036700,,,,,,
소방설비,소방시설공사업(전문),2186,주식회사 시우방재,최호근,경기(북),2016-02-00179,2036500,,,,,,
소방설비,소방시설공사업(전문),2187,(주)대림엠이씨,이용철,충남,2019-02-00081,2035900,,,,,,
소방설비,소방시설공사업(전문),2188,나이스방재 주식회사,강기원,경기(남),2024-02-00282,2035700,,,,,,
소방설비,소방시설공사업(전문),2189,태성소방산업 주식회사,하인우,인천,2021-02-00134,2035400,,,,,,
소방설비,소방시설공사업(전문),2190,창성전기 주식회사,허미숙,부산,2020-02-00337,2034600,,,,,,
소방설비,소방시설공사업(전문),2191,(주)삼협엔지니어링,이영석,부산,제90-88호,2034200,,,,,,
소방설비,소방시설공사업(전문),2192,(주)제일전력,김장호,충남,제2011-1호,2033500,,,,,,
소방설비,소방시설공사업(전문),2193,인우건설(주),김인구,인천,2022-02-00395,2033200,,,,,,
소방설비,소방시설공사업(전문),2194,(주)태영전기,정성영,울산,2020-02-00329,2032100,,,,,,
소방설비,소방시설공사업(전문),2195,유일전기(주),주경순,경기(남),경기양평 제2006-3호,2031800,,,,,,
소방설비,소방시설공사업(전문),2196,(주)대성소방설비공사,윤춘식,충남,천안서북 제2004-1호,2031700,,,,,,
소방설비,소방시설공사업(전문),2197,(주)그린소방,김재연,제주,제서귀포2012-2호,2029500,,,,,,
소방설비,소방시설공사업(전문),2198,(주)화승전력,송동복,경남,양산 제2004-1호,2029100,,,,,,
소방설비,소방시설공사업(전문),2199,주식회사 시공이엔씨,황호진,서울,2021-02-00200,2028500,,,,,,
소방설비,소방시설공사업(전문),2200,주식회사 백억소방이엔지,이인항,인천,2023-02-00395,2027300,,,,,,
소방설비,소방시설공사업(전문),2201,한양이이씨(주),문주환,서울,제은평2013-2호,2027000,,,,,,
소방설비,소방시설공사업(전문),2202,고려전기,박성옥,전북,2018-02-00064,2025600,,,,,,
소방설비,소방시설공사업(전문),2203,국민소방방재,박준호,대구,2018-02-00409,2025500,,,,,,
소방설비,소방시설공사업(전문),2204,(주)에스엠이엔에프,강세민,인천,2016-02-00464,2025000,,,,,,
소방설비,소방시설공사업(전문),2205,주식회사 대원소방,강동삼,강원,2021-02-00497,2024800,,,,,,
소방설비,소방시설공사업(전문),2206,(주)대호전설,박종호,경북,2015-02-00161,2023100,,,,,,
소방설비,소방시설공사업(전문),2207,주식회사 현대전력개발공사,김상희,서울,2019-02-00100,2022500,,,,,,
소방설비,소방시설공사업(전문),2208,유한회사 혁신엔지니어링,이현아,전북,제2009-2호,2021200,,,,,,
소방설비,소방시설공사업(전문),2209,(주)성산전설,여충기,경북,제2010-1호,2021000,,,,,,
소방설비,소방시설공사업(전문),2210,주식회사 건일기업,이희연,전남광주(전남),2021-02-00249,2020400,,,,,,
소방설비,소방시설공사업(전문),2211,주식회사 서원전기소방,한태수,대전,제2013-6호,2020100,,,,,,
소방설비,소방시설공사업(전문),2212,(유)남양전기,박종일,전북,남원 제2007-1호,2020100,,,,,,
소방설비,소방시설공사업(전문),2213,주식회사 미르메이트,양기봉,제주,2025-02-00240,2019800,,,,,,
소방설비,소방시설공사업(전문),2214,경전사,장영우,경북,제문경 2005-1호,2019200,,,,,,
소방설비,소방시설공사업(전문),2215,동일전업사,김명래,경기(남),경기부천 제2011-08호,2019200,,,,,,
소방설비,소방시설공사업(전문),2216,(주)우일,오순근,인천,인천남부 제2009-06호,2017700,,,,,,
소방설비,소방시설공사업(전문),2217,(주)대진소방,김진만,충북,제2009-23호,2017200,,,,,,
소방설비,소방시설공사업(전문),2218,탑이앤씨(주),송영진,경기(남),2019-02-00545,2016300,,,,,,
소방설비,소방시설공사업(전문),2219,주식회사 진양전력,양미란,전북,2019-02-00538,2016200,,,,,,
소방설비,소방시설공사업(전문),2220,비티엠써비스 주식회사,박상앙,서울,2015-02-00043,2016100,,,,,,
소방설비,소방시설공사업(전문),2221,주식회사 동성소방,이기훈,충북,2019-02-00386,2015600,,,,,,
소방설비,소방시설공사업(전문),2222,세광전설(주),이용희,충북,보은소방서 제2014-01호,2015300,,,,,,
소방설비,소방시설공사업(전문),2223,(주)정석소방,허성오,제주,제제주-2012-1호,2013600,,,,,,
소방설비,소방시설공사업(전문),2224,(주)부성이엠씨,한단기,부산,제2012-22호,2013000,,,,,,
소방설비,소방시설공사업(전문),2225,(주)대도소방이엔지,이승수,서울,2016-02-00521,2009200,,,,,,
소방설비,소방시설공사업(전문),2226,율하이앤씨(주),최병준,경기(남),경기안산제2011-03호,2008700,,,,,,
소방설비,소방시설공사업(전문),2227,(주)이레전력,강시영,경남,2016-02-00047,2008300,,,,,,
소방설비,소방시설공사업(전문),2228,(유)한국방재,김종화,전북,2023-02-00302,2007700,,,,,,
소방설비,소방시설공사업(전문),2229,주식회사 지테크,박은자,경기(남),2021-02-00263,2007300,,,,,,
소방설비,소방시설공사업(전문),2230,(주)오성씨스템,정남영,인천,2018-02-00149,2006800,,,,,,
소방설비,소방시설공사업(전문),2231,(주)대연이엔지,문재수,경남,제경남창원 2006-12호,2005900,,,,,,
소방설비,소방시설공사업(전문),2232,(주)에스케이방재산업,박용태,인천,2016-02-00543,2005500,,,,,,
소방설비,소방시설공사업(전문),2233,반도소방기술(주),김상만,부산,제2015-11호,2004700,,,,,,
소방설비,소방시설공사업(전문),2234,주식회사 신광,우병정,경북,2021-02-00539,2004300,,,,,,
소방설비,소방시설공사업(전문),2235,동방산업건설 주식회사,정성조,경기(북),2019-02-00551,2002800,,,,,,
소방설비,소방시설공사업(전문),2236,주식회사 아존소방,전장균,인천,2023-02-00079,2002800,,,,,,
소방설비,소방시설공사업(전문),2237,시대전기(주),김정숙,서울,제동대문2014-2호,2001700,,,,,,
소방설비,소방시설공사업(전문),2238,(주)국제이앤지,김명숙,경기(남),김포 2005-2호,2000700,,,,,,
소방설비,소방시설공사업(전문),2239,(주)창원소방,김용환,경남,경남 창원 제2004-10호,1999400,,,,,,
소방설비,소방시설공사업(전문),2240,합자회사 보성소방,김정희,강원,제39호,1999100,,,,,,
소방설비,소방시설공사업(전문),2241,(주)삼호엔지니어링,임시경,충남,제2001-2호,1997000,,,,,,
소방설비,소방시설공사업(전문),2242,(주)성진설비,송안식,부산,제2009-15 호,1995600,,,,,,
소방설비,소방시설공사업(전문),2243,주식회사 대오,조계환,전남광주(전남),2016-02-00487,1994700,,,,,,
소방설비,소방시설공사업(전문),2244,(주)세홍산전,김태형,경기(남),경기여주 제2007-5호,1994100,,,,,,
소방설비,소방시설공사업(전문),2245,금영전기(주),김석자,부산,제2011-06호,1993400,,,,,,
소방설비,소방시설공사업(전문),2246,미주건업(주),고광석,대구,제2011-14호,1993100,,,,,,
소방설비,소방시설공사업(전문),2247,주식회사 천우이앤씨,이차진,충남,2020-02-00304,1992800,,,,,,
소방설비,소방시설공사업(전문),2248,(합)성원소방설비공사,서인숙,충남,제94-10호,1992400,,,,,,
소방설비,소방시설공사업(전문),2249,금성방재산업(주),황선욱,서울,2022-02-00419,1992000,,,,,,
소방설비,소방시설공사업(전문),2250,(주)프로테크이앤지,한상우,부산,제2005-30호,1991400,,,,,,
소방설비,소방시설공사업(전문),2251,(주)세광전력,한덕찬,부산,2019-02-00387,1989800,,,,,,
소방설비,소방시설공사업(전문),2252,(주)에이원,서민규,경북,2021-02-00330,1988300,,,,,,
소방설비,소방시설공사업(전문),2253,(합)아림소방,최영길,경남,경남 거창 제2009-3호,1987400,,,,,,
소방설비,소방시설공사업(전문),2254,주식회사 정안이엔지,김미연,충북,2017-02-00641,1986300,,,,,,
소방설비,소방시설공사업(전문),2255,(주)경보전설,김정혁,충북,제2008-10호,1984100,,,,,,
소방설비,소방시설공사업(전문),2256,주식회사 대양종합건설,장순애,대전,2017-02-00347,1982300,,,,,,
소방설비,소방시설공사업(전문),2257,일오삼전력 주식회사,박휘병,충남,제2000-1호,1982000,,,,,,
소방설비,소방시설공사업(전문),2258,"(주)씨케이솔루션 (CK Solution Co., Ltd.)",김유곤,경기(남),2022-02-00002,1980000,,,,,,
소방설비,소방시설공사업(전문),2259,(주)동남전력,손순진,전남광주(광주),제2009-라-7호,1979800,,,,,,
소방설비,소방시설공사업(전문),2260,(주)고덕종합건설,김진영,서울,제성북 2004-3호,1979700,,,,,,
소방설비,소방시설공사업(전문),2261,(주)동우소방,여연덕,부산,제2005-10호,1979200,,,,,,
소방설비,소방시설공사업(전문),2262,동영기업(주),정금자,부산,제2009-10호,1979000,,,,,,
소방설비,소방시설공사업(전문),2263,(유)신라소방,박노식,전남광주(전남),제2004-21호,1978600,,,,,,
소방설비,소방시설공사업(전문),2264,동일전력 주식회사,최정윤,경기(남),2015-02-00441,1978300,,,,,,
소방설비,소방시설공사업(전문),2265,주식회사 건우전력,박병순,대전,2021-02-00576,1977100,,,,,,
소방설비,소방시설공사업(전문),2266,주식회사 왕선전설,박수영,서울,제관악97-4호,1976500,,,,,,
소방설비,소방시설공사업(전문),2267,엘타임(주),유대석,강원,제293호,1973800,,,,,,
소방설비,소방시설공사업(전문),2268,(주)쌍용전기통신소방,문쌍수,경남,제진주 1994-4호,1972800,,,,,,
소방설비,소방시설공사업(전문),2269,삼상이엔지(주),김은수,경기(남),경기화성 제2011-7호,1972400,,,,,,
소방설비,소방시설공사업(전문),2270,온정건설산업(주),조성덕,대전,제2007-15호,1970800,,,,,,
소방설비,소방시설공사업(전문),2271,주식회사 신아이엔씨,최필상,서울,2020-02-00077,1970200,,,,,,
소방설비,소방시설공사업(전문),2272,주식회사 한신이엔씨,한완수,경기(남),2020-02-00387,1970100,,,,,,
소방설비,소방시설공사업(전문),2273,덕포건설 주식회사,박지이,경북,2023-02-00299,1969700,,,,,,
소방설비,소방시설공사업(전문),2274,주식회사 동서이엔에프,김민석,강원,제292호,1968900,,,,,,
소방설비,소방시설공사업(전문),2275,(주)경원소방,김혜옥,경기(남),경기부천 제2008-01호,1968600,,,,,,
소방설비,소방시설공사업(전문),2276,(주)동일,김영기,경북,제2010-2호,1967100,,,,,,
소방설비,소방시설공사업(전문),2277,(주)태성소방,황대영,경남,2018-02-00392,1967000,,,,,,
소방설비,소방시설공사업(전문),2278,(주)영웅에프앤티,손양인,부산,제2010-7호,1966900,,,,,,
소방설비,소방시설공사업(전문),2279,(주)인천방재,최정식,인천,인천남동 제2004-11호,1966200,,,,,,
소방설비,소방시설공사업(전문),2280,케이비종합방재(주),유재구,전북,2019-02-00402,1965200,,,,,,
소방설비,소방시설공사업(전문),2281,에프엠이앤씨 주식회사,심상훈,충남,2018-02-00242,1964500,,,,,,
소방설비,소방시설공사업(전문),2282,주식회사 주신엔지니어링,신지호,경기(남),2018-02-00181,1964300,,,,,,
소방설비,소방시설공사업(전문),2283,(주)와이에스이엔씨,김영수,경남,2019-02-00393,1963800,,,,,,
소방설비,소방시설공사업(전문),2284,주식회사 대정이엔지,권종학,부산,2016-02-00076,1963000,,,,,,
소방설비,소방시설공사업(전문),2285,주식회사 모던소방,박선영,부산,2017-02-00276,1962800,,,,,,
소방설비,소방시설공사업(전문),2286,(주)진도전력,백현란,전남광주(전남),제2012-타-07호,1962000,,,,,,
소방설비,소방시설공사업(전문),2287,주식회사 구주전력,황원의,충남,2024-02-00348,1961100,,,,,,
소방설비,소방시설공사업(전문),2288,(주)기흥전기,조진숙,전남광주(전남),제2006-가-5호,1960800,,,,,,
소방설비,소방시설공사업(전문),2289,(주)공신,박금순,충북,제 청주서부 2013-4호,1959100,,,,,,
소방설비,소방시설공사업(전문),2290,(주)한산피엔씨,박민우,경기(남),경기성남 제2006-4호,1958700,,,,,,
소방설비,소방시설공사업(전문),2291,성보건설산업(주),피영길,서울,2022-02-00490,1958600,,,,,,
소방설비,소방시설공사업(전문),2292,(주)태성전력,유선종,대구,제2014-7호,1956700,,,,,,
소방설비,소방시설공사업(전문),2293,주식회사 디와이,신상준,충남,제2011-1호,1955900,,,,,,
소방설비,소방시설공사업(전문),2294,(주)오성소방엔지니어링,김광환,경남,경남통영 제2013-3호,1955600,,,,,,
소방설비,소방시설공사업(전문),2295,(유)우리소방,김영희,전북,제2006-1호,1954600,,,,,,
소방설비,소방시설공사업(전문),2296,주식회사 문산,김미화,세종,2015-02-00338,1953100,,,,,,
소방설비,소방시설공사업(전문),2297,(주)태성소방,박진수,대구,제2012-18호,1952300,,,,,,
소방설비,소방시설공사업(전문),2298,디에이치아이(주),전준배,경기(남),경기군포 제2010-1호,1952100,,,,,,
소방설비,소방시설공사업(전문),2299,주식회사 시스텍이앤씨,전진우,서울,2023-02-00228,1952000,,,,,,
소방설비,소방시설공사업(전문),2300,(주)영남소방,서호준,경북,제상주2010-3호,1951900,,,,,,
소방설비,소방시설공사업(전문),2301,(주)미래소방에너지,김경자,충북,청주동부 제2013-06호,1949800,,,,,,
소방설비,소방시설공사업(전문),2302,(주)다우소방전기공사,이준철,경기(남),경기부천 제2010-1호,1949200,,,,,,
소방설비,소방시설공사업(전문),2303,고구려방재(주),송광주,경기(남),경기안양 제2010-6호,1949100,,,,,,
소방설비,소방시설공사업(전문),2304,(주)혁성이엔지,김정숙,제주,제2005-73호,1948900,,,,,,
소방설비,소방시설공사업(전문),2305,(주)명문전기,진순이,충북,제2012-01호,1948700,,,,,,
소방설비,소방시설공사업(전문),2306,(주)제이에스플랜트,홍명재,부산,2026-02-00024,1948500,,,,,,
소방설비,소방시설공사업(전문),2307,(주)범일소방,주양자,충남,천안서북 제2013-5호,1947600,,,,,,
소방설비,소방시설공사업(전문),2308,삼정기전(주),정태득,경기(남),경기부천 제97-5호,1943900,,,,,,
소방설비,소방시설공사업(전문),2309,주식회사 삼원방재산업,이민호,서울,2018-02-00334,1943000,,,,,,
소방설비,소방시설공사업(전문),2310,주식회사 리치이엔씨,김동진,전북,2019-02-00415,1942700,,,,,,
소방설비,소방시설공사업(전문),2311,주식회사 강전사,김정관,전북,2016-02-00476,1942100,,,,,,
소방설비,소방시설공사업(전문),2312,(주)이화엔지니어링,김익환,충북,제2003-1호,1941600,,,,,,
소방설비,소방시설공사업(전문),2313,주식회사 이도산업개발,남호연,경북,2016-02-00610,1939900,,,,,,
소방설비,소방시설공사업(전문),2314,(주)경일종합설비,허천수,대구,제2001-15호,1939900,,,,,,
소방설비,소방시설공사업(전문),2315,신화종합건설(주),최준오,전남광주(전남),제2012-카-09호,1938900,,,,,,
소방설비,소방시설공사업(전문),2316,동인종합건설 주식회사,백종서,서울,제영등포2015-6호,1937700,,,,,,
소방설비,소방시설공사업(전문),2317,주식회사 재원전기,이석용,경기(남),2018-02-00414,1937600,,,,,,
소방설비,소방시설공사업(전문),2318,(주)동신전기공사,김진기,경북,2018-02-00467,1937400,,,,,,
소방설비,소방시설공사업(전문),2319,유일전기(주),이응구,부산,제2003-15호,1936800,,,,,,
소방설비,소방시설공사업(전문),2320,주식회사 선진소방,김태철,서울,2017-02-00082,1936500,,,,,,
소방설비,소방시설공사업(전문),2321,동흥전기 주식회사,박의열,경기(남),경기용인공사 제2004-06호,1936400,,,,,,
소방설비,소방시설공사업(전문),2322,(주)한진트래픽,정호택,서울,2025-02-00019,1935500,,,,,,
소방설비,소방시설공사업(전문),2323,(주)21세기엔지니어링,김영식,전남광주(광주),제2005-라-6호,1935400,,,,,,
소방설비,소방시설공사업(전문),2324,(주)녹양,최동섭,경북,2015-02-00326,1935000,,,,,,
소방설비,소방시설공사업(전문),2325,(주)케이더블유엠산업기술,이영원,경기(남),경기송탄 제2008-1호,1933300,,,,,,
소방설비,소방시설공사업(전문),2326,(주)서해전설,임동철,전남광주(전남),2015-02-00377,1933200,,,,,,
소방설비,소방시설공사업(전문),2327,(주)한국전기소방,김명남,강원,2015-02-00310,1932700,,,,,,
소방설비,소방시설공사업(전문),2328,(주)도영전설,김치호,경북,2020-02-00519,1932700,,,,,,
소방설비,소방시설공사업(전문),2329,주식회사 제이에스방재,박오숙,제주,2017-02-00250,1932500,,,,,,
소방설비,소방시설공사업(전문),2330,주식회사 대동전력,김종진,경기(남),2018-02-00158,1932400,,,,,,
소방설비,소방시설공사업(전문),2331,주식회사 명보종합건설,김진명,경남,제창원 2003-3호,1930700,,,,,,
소방설비,소방시설공사업(전문),2332,(주)리더스방재,김진학,서울,제송파 2005-43호,1930600,,,,,,
소방설비,소방시설공사업(전문),2333,주식회사 제이이앤시,김종식,서울,2018-02-00103,1930600,,,,,,
소방설비,소방시설공사업(전문),2334,(주)광역전기소방,김유미,인천,인천남동 제2007-1호,1929900,,,,,,
소방설비,소방시설공사업(전문),2335,반도엔지니어링 주식회사,김제남,충남,2018-02-00034,1928400,,,,,,
소방설비,소방시설공사업(전문),2336,(주)세종이엔지,천외도,경남,경남양산 제2009-06호,1928400,,,,,,
소방설비,소방시설공사업(전문),2337,유한회사 서현기전,박성구,전남광주(전남),2018-02-00051,1927300,,,,,,
소방설비,소방시설공사업(전문),2338,엘에스방재(주),성현채,부산,2020-02-00256,1927200,,,,,,
소방설비,소방시설공사업(전문),2339,주식회사 신일전기,성호용,충남,제충남당진 2012-3호,1926800,,,,,,
소방설비,소방시설공사업(전문),2340,(주)금정소방,조윤서,부산,제90-97호,1926700,,,,,,
소방설비,소방시설공사업(전문),2341,미송전기(주),곽태신,경기(남),경기송탄 제2011-2호,1925900,,,,,,
소방설비,소방시설공사업(전문),2342,주식회사 인프라,김정현,부산,2022-02-00422,1925700,,,,,,
소방설비,소방시설공사업(전문),2343,(주)세진엔지니어링,박찬갑,전남광주(전남),제2010-자-2호,1925300,,,,,,
소방설비,소방시설공사업(전문),2344,(주)동우,김영대,경북,제2013-02호,1925000,,,,,,
소방설비,소방시설공사업(전문),2345,원우방재(주),정진규,인천,2021-02-00598,1924100,,,,,,
소방설비,소방시설공사업(전문),2346,(주)청호전기,최경의,경남,제진주 2006-02호,1920900,,,,,,
소방설비,소방시설공사업(전문),2347,대한열관리(주),지재용,인천,인천남동 제2005-14호,1920300,,,,,,
소방설비,소방시설공사업(전문),2348,엔에스시스템(주),최휘윤,충남,제2006-2호,1919800,,,,,,
소방설비,소방시설공사업(전문),2349,주식회사 바로,최현우,경기(남),2017-02-00477,1919700,,,,,,
소방설비,소방시설공사업(전문),2350,주식회사 진성전력,김용일,서울,2019-02-00257,1919000,,,,,,
소방설비,소방시설공사업(전문),2351,대경종합건설(주),이광호,경남,창녕 제2011-04호,1917200,,,,,,
소방설비,소방시설공사업(전문),2352,우원설비(주),박재호,경남,제김해 2006-8호,1916200,,,,,,
소방설비,소방시설공사업(전문),2353,(주)뉴텍,장기열,울산,제 2006-5호,1915200,,,,,,
소방설비,소방시설공사업(전문),2354,(주)새한소방,부태성,제주,제97-31호,1912700,,,,,,
소방설비,소방시설공사업(전문),2355,주식회사 옥동전력산업,김현주,전남광주(전남),2019-02-00102,1912300,,,,,,
소방설비,소방시설공사업(전문),2356,(주)씨씨에이치산업,신명기,경북,2020-02-00448,1911900,,,,,,
소방설비,소방시설공사업(전문),2357,(유)삼성방재,유정화,전북,제2005-5호,1911900,,,,,,
소방설비,소방시설공사업(전문),2358,(주)미래에스코,구본관,대전,제2013-4호,1911400,,,,,,
소방설비,소방시설공사업(전문),2359,성현소방,최수정,경기(북),동두천2004-02,1911300,,,,,,
소방설비,소방시설공사업(전문),2360,(주)제일에프엔이,이대호,서울,제강남2010-20호,1910900,,,,,,
소방설비,소방시설공사업(전문),2361,(주)티에스엠이앤씨,박원택,서울,2023-02-00172,1908500,,,,,,
소방설비,소방시설공사업(전문),2362,주식회사 주현이엔지,김대중,인천,2021-02-00621,1907800,,,,,,
소방설비,소방시설공사업(전문),2363,(주)새암방재산업,송승주,서울,제강동2007-10호,1907700,,,,,,
소방설비,소방시설공사업(전문),2364,비룡전설(주),임수빈,경기(남),경기안양 제2004-21호,1905800,,,,,,
소방설비,소방시설공사업(전문),2365,씨에스건설(주),최한준,인천,인천계양 제2008-1호,1905200,,,,,,
소방설비,소방시설공사업(전문),2366,(주)남부이.엔.지,김아연,인천,인천강화제2013-01호,1904000,,,,,,
소방설비,소방시설공사업(전문),2367,한성엔지니어링(주),장광훈,대구,제2010-9호,1903600,,,,,,
소방설비,소방시설공사업(전문),2368,소리나소방,이승명,경기(남),2023-02-00130,1903100,,,,,,
소방설비,소방시설공사업(전문),2369,태인건설산업 주식회사,손찬우,경북,2019-02-00363,1902500,,,,,,
소방설비,소방시설공사업(전문),2370,(주)탑엔지니어링,유길용,전북,전주덕진 제2000-131호,1901700,,,,,,
소방설비,소방시설공사업(전문),2371,(주)금원이앤씨,박상엽,인천,인천남동제2014-8호,1900700,,,,,,
소방설비,소방시설공사업(전문),2372,(주)경성씨이엔지,송재호,서울,제동작2013-1호,1900100,,,,,,
소방설비,소방시설공사업(전문),2373,(주)두원계전,당병모,인천,인천남부 제2007-13호,1899500,,,,,,
소방설비,소방시설공사업(전문),2374,구룡전기 주식회사,김명애,경북,2017-02-00529,1898900,,,,,,
소방설비,소방시설공사업(전문),2375,(주)아림방재설비,김종수,경남,제창원 1994-2호,1898800,,,,,,
소방설비,소방시설공사업(전문),2376,주식회사 가람건영,서성원,인천,2018-02-00099,1898100,,,,,,
소방설비,소방시설공사업(전문),2377,주식회사 동지전력,구자성,강원,2016-02-00578,1897600,,,,,,
소방설비,소방시설공사업(전문),2378,주식회사 운강,유성임,세종,2015-02-00332,1896400,,,,,,
소방설비,소방시설공사업(전문),2379,비전이앤씨(주),서향경,대구,제2012-21호,1895800,,,,,,
소방설비,소방시설공사업(전문),2380,일도전력산업 주식회사,유병화,경기(북),2021-02-00644,1895500,,,,,,
소방설비,소방시설공사업(전문),2381,(주)호연이에프티,송효섭,경기(남),경기안산 제2005-17호,1894300,,,,,,
소방설비,소방시설공사업(전문),2382,(주)우리방재,권부산,경기(북),2017-02-00392,1894100,,,,,,
소방설비,소방시설공사업(전문),2383,경원소방(주),최영훈,서울,제마포 2005-13호,1893800,,,,,,
소방설비,소방시설공사업(전문),2384,주식회사 KJ엔지니어링,강맹환,전북,2020-02-00380,1892900,,,,,,
소방설비,소방시설공사업(전문),2385,주식회사 코스모엔지니어링,최인태,전북,2025-02-00001,1892700,,,,,,
소방설비,소방시설공사업(전문),2386,(주)진보,김학중,울산,제 1997-37호,1890100,,,,,,
소방설비,소방시설공사업(전문),2387,(주)태영전기통신,김창현,충남,제2010-2호,1889500,,,,,,
소방설비,소방시설공사업(전문),2388,주식회사 우광이엔씨,김태현,경기(남),2020-02-00590,1889400,,,,,,
소방설비,소방시설공사업(전문),2389,(주)신우소방,황춘기,경남,2016-02-00616,1889000,,,,,,
소방설비,소방시설공사업(전문),2390,양우건설(주),고문철,서울,제영등포 97-6호,1887700,,,,,,
소방설비,소방시설공사업(전문),2391,(주)아석전기,정지영,대구,제2014-14호,1886000,,,,,,
소방설비,소방시설공사업(전문),2392,주식회사 일오삼,손우경,충남,2015-02-00093,1885900,,,,,,
소방설비,소방시설공사업(전문),2393,국제건설 주식회사,김명기,전남광주(광주),2022-02-00267,1884400,,,,,,
소방설비,소방시설공사업(전문),2394,(주)영남전기소방,조민성,경북,제2013-01호,1884300,,,,,,
소방설비,소방시설공사업(전문),2395,(주)덕동종합엔지니어링,변영식,경기(남),경기평택제2014-01호,1882900,,,,,,
소방설비,소방시설공사업(전문),2396,주식회사 우성소방,우성열,충남,2015-02-00282,1882300,,,,,,
소방설비,소방시설공사업(전문),2397,(주)미승전력소방,강정민,강원,제321호,1881100,,,,,,
소방설비,소방시설공사업(전문),2398,(주)유천소방,김종부,부산,제2001-46호,1880700,,,,,,
소방설비,소방시설공사업(전문),2399,삼주전기 주식회사,박상순,충북,2024-02-00317,1880100,,,,,,
소방설비,소방시설공사업(전문),2400,주식회사 디에이치,문다래,경남,제진주 2004-1호,1879400,,,,,,
소방설비,소방시설공사업(전문),2401,대한전력산업(주),정동순,전남광주(광주),2019-02-00484,1878200,,,,,,
소방설비,소방시설공사업(전문),2402,금용이엔지(주),박금용,부산,제2001-34호,1877900,,,,,,
소방설비,소방시설공사업(전문),2403,대천소방 주식회사,문덕남,전남광주(전남),2017-02-00663,1876700,,,,,,
소방설비,소방시설공사업(전문),2404,주식회사 한양이엘이씨,정현영,세종,2023-02-00164,1876700,,,,,,
소방설비,소방시설공사업(전문),2405,주식회사 세움엔지니어링,김상기,제주,2016-02-00495,1875700,,,,,,
소방설비,소방시설공사업(전문),2406,주식회사 경원이앤이,박병선,인천,2020-02-00247,1874800,,,,,,
소방설비,소방시설공사업(전문),2407,(유)전북종합방재,김양자,전북,전주덕진 제85-1호,1874400,,,,,,
소방설비,소방시설공사업(전문),2408,주식회사 진명전력,오병임,경남,2016-02-00135,1873100,,,,,,
소방설비,소방시설공사업(전문),2409,(주)신한에프앤씨,김귀형,경기(북),경기고양제2012-07호,1872000,,,,,,
소방설비,소방시설공사업(전문),2410,대현소방건설(주),최진호,서울,제양천 85-1호,1871300,,,,,,
소방설비,소방시설공사업(전문),2411,일진종합건설(주),강규철,경남,2024-02-00085,1869600,,,,,,
소방설비,소방시설공사업(전문),2412,주식회사 연두전기,임미정,전남광주(전남),2019-02-00240,1869400,,,,,,
소방설비,소방시설공사업(전문),2413,(유)오양,신진호,제주,제서부-2013-1호,1868400,,,,,,
소방설비,소방시설공사업(전문),2414,(주)광원,이승돈,경기(북),경기일산 제2006-6호,1868300,,,,,,
소방설비,소방시설공사업(전문),2415,주식회사 원일종합전기,김은성,경남,2021-02-00120,1867400,,,,,,
소방설비,소방시설공사업(전문),2416,주식회사 신세기전력,최병구,경기(남),2016-02-00071,1867200,,,,,,
소방설비,소방시설공사업(전문),2417,(주)거정,한종관,부산,제2007-50호,1864000,,,,,,
소방설비,소방시설공사업(전문),2418,주식회사 덕진소방,박동규,전북,2019-02-00405,1863000,,,,,,
소방설비,소방시설공사업(전문),2419,한솔(주),최효영,전북,2019-02-00122,1862800,,,,,,
소방설비,소방시설공사업(전문),2420,(주)세화전설,조승원,부산,제2012-13호,1862600,,,,,,
소방설비,소방시설공사업(전문),2421,(주)광동,강승관,경기(북),경기연천 제2012-1호,1860900,,,,,,
소방설비,소방시설공사업(전문),2422,주식회사 유진이엔에프,신명규,경기(북),2022-02-00385,1858000,,,,,,
소방설비,소방시설공사업(전문),2423,합자회사 기전사,성환규,부산,2020-02-00149,1857900,,,,,,
소방설비,소방시설공사업(전문),2424,(주)태성기전,장재병,경북,2018-02-00545,1857600,,,,,,
소방설비,소방시설공사업(전문),2425,도연이엔지 주식회사,유경락,서울,2021-02-00324,1857300,,,,,,
소방설비,소방시설공사업(전문),2426,주식회사 엠에이치이엔지,이미란,서울,2021-02-00345,1856800,,,,,,
소방설비,소방시설공사업(전문),2427,(주)성산,차정현,울산,2019-02-00419,1856700,,,,,,
소방설비,소방시설공사업(전문),2428,주식회사 다온이엔지,조은서,전북,2023-02-00080,1856000,,,,,,
소방설비,소방시설공사업(전문),2429,주식회사 대광사업단,박선희,서울,2018-02-00544,1853700,,,,,,
소방설비,소방시설공사업(전문),2430,샤론일렉콤(주),김만석,경기(남),2016-02-00465,1853200,,,,,,
소방설비,소방시설공사업(전문),2431,(주)성광엔지니어링,박용봉,경기(남),경기안양 제2011-01호,1852500,,,,,,
소방설비,소방시설공사업(전문),2432,주식회사 다인소방,이상열,경기(남),2017-02-00056,1852300,,,,,,
소방설비,소방시설공사업(전문),2433,행우소방(주),배성찬,부산,2023-02-00074,1851800,,,,,,
소방설비,소방시설공사업(전문),2434,경성이엔씨(주),이제경,부산,제2011-18호,1851300,,,,,,
소방설비,소방시설공사업(전문),2435,이레소방건설(주),차윤옥,경기(남),경기부천 제96-1호,1850400,,,,,,
소방설비,소방시설공사업(전문),2436,신영소방공사,변정수,경기(남),경기성남 제98-8호,1849300,,,,,,
소방설비,소방시설공사업(전문),2437,주식회사 우성종합전기,정예지,경북,2017-02-00365,1847100,,,,,,
소방설비,소방시설공사업(전문),2438,(주)에너지글로벌,김광현,경북,2022-02-00309,1846800,,,,,,
소방설비,소방시설공사업(전문),2439,(주)신성건설,이용호,전북,2020-02-00422,1845200,,,,,,
소방설비,소방시설공사업(전문),2440,에이피산업개발(주),육승민,부산,2016-02-00338,1845200,,,,,,
소방설비,소방시설공사업(전문),2441,(주)프로에프에스,제성옥,대구,제2004-13호,1844800,,,,,,
소방설비,소방시설공사업(전문),2442,주식회사 다온이엔지,김진현,인천,2018-02-00164,1843900,,,,,,
소방설비,소방시설공사업(전문),2443,대성건설기업(주),전종식,경기(남),2015-02-00303,1843400,,,,,,
소방설비,소방시설공사업(전문),2444,대호건축 주식회사,이준호,서울,2020-02-00060,1840800,,,,,,
소방설비,소방시설공사업(전문),2445,(주)부흥전기소방공사,허은구,경남,제 2008-03호,1839900,,,,,,
소방설비,소방시설공사업(전문),2446,주식회사 아산이엔테크,성기탁,충남,제1996-11호,1839300,,,,,,
소방설비,소방시설공사업(전문),2447,삼성이앤씨,김민철,경북,제문경2014-1호,1838800,,,,,,
소방설비,소방시설공사업(전문),2448,부산소방 주식회사,신봉기,부산,제2013-24호,1838700,,,,,,
소방설비,소방시설공사업(전문),2449,주식회사 제이에스이엔씨,민병연,경기(북),2019-02-00148,1838200,,,,,,
소방설비,소방시설공사업(전문),2450,(유)천일이엔지,송상호,전북,제99-109호,1837500,,,,,,
소방설비,소방시설공사업(전문),2451,덕성전기(주),김선희,전남광주(광주),제2014-다-4호,1837300,,,,,,
소방설비,소방시설공사업(전문),2452,제이씨파워(주),곽봉래,전남광주(전남),제영광 2005-32호,1836900,,,,,,
소방설비,소방시설공사업(전문),2453,(주)태승이앤지,임태강,부산,2018-02-00217,1836400,,,,,,
소방설비,소방시설공사업(전문),2454,화성소방,채성수,부산,제96-15호,1836100,,,,,,
소방설비,소방시설공사업(전문),2455,(주)천운,김미진,강원,2021-02-00154,1832600,,,,,,
소방설비,소방시설공사업(전문),2456,(주)드림방재,유승연,서울,제은평2009-4호,1832500,,,,,,
소방설비,소방시설공사업(전문),2457,주식회사 해인이티에프,오재근,서울,2015-02-00191,1832300,,,,,,
소방설비,소방시설공사업(전문),2458,득원전력 주식회사,탁수용,대구,제2012-17호,1831200,,,,,,
소방설비,소방시설공사업(전문),2459,남미전기소방공사,김동호,경기(남),2019-02-00479,1830900,,,,,,
소방설비,소방시설공사업(전문),2460,정운기업 주식회사,이욱태,부산,2019-02-00039,1828800,,,,,,
소방설비,소방시설공사업(전문),2461,주식회사 팬웨스트에스앤티,김건호,경기(북),2021-02-00595,1828600,,,,,,
소방설비,소방시설공사업(전문),2462,제이원이앤지 주식회사,이보영,인천,2026-02-00117,1827600,,,,,,
소방설비,소방시설공사업(전문),2463,주식회사 국제이엔지,심주희,경기(남),2020-02-00040,1827500,,,,,,
소방설비,소방시설공사업(전문),2464,(주)천경,김차종,강원,제106호,1827100,,,,,,
소방설비,소방시설공사업(전문),2465,신화방재(주),전수열,울산,제 99-6호,1826000,,,,,,
소방설비,소방시설공사업(전문),2466,주식회사 신성전기소방공사,송성미,경남,2016-02-00257,1825900,,,,,,
소방설비,소방시설공사업(전문),2467,주식회사 태원건설,김용민,충남,2019-02-00440,1825400,,,,,,
소방설비,소방시설공사업(전문),2468,나라세이프 주식회사,최희정,경남,2023-02-00008,1824900,,,,,,
소방설비,소방시설공사업(전문),2469,주식회사 국문이엔지,최주종,충북,청주서부소방서제2012-8호,1824100,,,,,,
소방설비,소방시설공사업(전문),2470,(주)경남소방,김허욱,대구,제대구2002-12호,1823500,,,,,,
소방설비,소방시설공사업(전문),2471,(주)현대계전,신동호,전남광주(전남),제2000-7호,1822900,,,,,,
소방설비,소방시설공사업(전문),2472,지오종합건설(주),백덕열,경북,경주제2013-01호,1822900,,,,,,
소방설비,소방시설공사업(전문),2473,(주)신세계소방,박윤식,전남광주(전남),제2002-5호,1822300,,,,,,
소방설비,소방시설공사업(전문),2474,(주)동일이앤드엘,강점임,경기(북),경기고양 제2012-08호,1822100,,,,,,
소방설비,소방시설공사업(전문),2475,주식회사 금성엔지니어링,황윤국,충남,제2015-1호,1821700,,,,,,
소방설비,소방시설공사업(전문),2476,(유)시온이엔지,이혜정,전남광주(전남),제2015-바-6호,1820100,,,,,,
소방설비,소방시설공사업(전문),2477,(주)청화이엔지,이준호,인천,2020-02-00184,1819800,,,,,,
소방설비,소방시설공사업(전문),2478,(주)명문이엔지,정경아,충남,제충남천안2013-3호,1819000,,,,,,
소방설비,소방시설공사업(전문),2479,(주)대한기업,박헌열,경북,2026-02-00011,1818700,,,,,,
소방설비,소방시설공사업(전문),2480,(주)윤호건설,윤용근,부산,제2009-6호,1818600,,,,,,
소방설비,소방시설공사업(전문),2481,안성전기 주식회사,박희자,대전,제2013-19호,1817900,,,,,,
소방설비,소방시설공사업(전문),2482,주식회사 다인소방,김중수,경기(북),2019-02-00168,1817000,,,,,,
소방설비,소방시설공사업(전문),2483,주식회사 국제전력,박용숙,강원,2016-02-00574,1817000,,,,,,
소방설비,소방시설공사업(전문),2484,(주)지안소방,김수한,서울,제강남2009-3호,1816900,,,,,,
소방설비,소방시설공사업(전문),2485,동진전기(주),양인자,강원,제156호,1816400,,,,,,
소방설비,소방시설공사업(전문),2486,주식회사 동성전기,송민정,전북,2017-02-00298,1816100,,,,,,
소방설비,소방시설공사업(전문),2487,성무건설 주식회사,권정수,부산,2019-02-00427,1815200,,,,,,
소방설비,소방시설공사업(전문),2488,주식회사 삼화이엔지,오민택,충남,2020-02-00302,1814900,,,,,,
소방설비,소방시설공사업(전문),2489,아이엠방재(주),김귀성,경기(남),경기용인 제2006-11호,1814800,,,,,,
소방설비,소방시설공사업(전문),2490,(주)고려소방,김명수,부산,제2013-04호,1814500,,,,,,
소방설비,소방시설공사업(전문),2491,구문전력 주식회사,김경수,경북,2017-02-00527,1813000,,,,,,
소방설비,소방시설공사업(전문),2492,(주)홍우전기소방공사,권혁대,충북,2017-02-00234,1812000,,,,,,
소방설비,소방시설공사업(전문),2493,(주)세종전력,오평환,인천,2018-02-00127,1811500,,,,,,
소방설비,소방시설공사업(전문),2494,중앙소방공사,이진각,대전,제99-9호,1810700,,,,,,
소방설비,소방시설공사업(전문),2495,(주)다온전력,김현실,경기(남),2019-02-00076,1806700,,,,,,
소방설비,소방시설공사업(전문),2496,(주)한울산업개발,김용권,경기(남),2019-02-00267,1806400,,,,,,
소방설비,소방시설공사업(전문),2497,주식회사 금성소방,최기환,충북,충주2012-1호,1805900,,,,,,
소방설비,소방시설공사업(전문),2498,주식회사 기성산업,서성희,전남광주(전남),2022-02-00138,1805800,,,,,,
소방설비,소방시설공사업(전문),2499,우리방재 주식회사,조현정,강원,2020-02-00421,1805500,,,,,,
소방설비,소방시설공사업(전문),2500,남석실업(주),권오진,경기(남),경기광명 제2010-3호,1804000,,,,,,
소방설비,소방시설공사업(전문),2501,나라방재 주식회사,우영대,경남,경남양산제2013-05호,1803200,,,,,,
소방설비,소방시설공사업(전문),2502,(주)신안전력,장은수,충북,제2012-02호,1803100,,,,,,
소방설비,소방시설공사업(전문),2503,(주)공능이엔지,조태호,전남광주(광주),제2009-나-4호,1802800,,,,,,
소방설비,소방시설공사업(전문),2504,송민방재(주),송민석,경기(북),2019-02-00018,1802600,,,,,,
소방설비,소방시설공사업(전문),2505,(주)대산전력소방,채다현,경북,2017-02-00539,1802100,,,,,,
소방설비,소방시설공사업(전문),2506,홍성건설(주),곽귀희,인천,2021-02-00536,1801100,,,,,,
소방설비,소방시설공사업(전문),2507,충남전기(주),이병돈,충남,제충남태안 1999-1호,1801100,,,,,,
소방설비,소방시설공사업(전문),2508,주식회사 승호전력,유현진,전남광주(광주),2021-02-00279,1800800,,,,,,
소방설비,소방시설공사업(전문),2509,(주)재원텔레콤,이화정,인천,2023-02-00091,1800500,,,,,,
소방설비,소방시설공사업(전문),2510,주식회사 아이앤,김동언,제주,2019-02-00516,1799800,,,,,,
소방설비,소방시설공사업(전문),2511,(주)유성전기,오기정,경남,진주제2014-04호,1799800,,,,,,
소방설비,소방시설공사업(전문),2512,(주)세종이십일,임건태,충남,2015-02-00102,1799600,,,,,,
소방설비,소방시설공사업(전문),2513,(주)국제전기,김효식,전남광주(전남),제2007-나-1호,1798000,,,,,,
소방설비,소방시설공사업(전문),2514,주식회사 세종엔지니어링,허명행,경기(남),경기수원제2014-13호,1797100,,,,,,
소방설비,소방시설공사업(전문),2515,(주)상현이앤지,배기태,전남광주(광주),제2013-마-3호,1796100,,,,,,
소방설비,소방시설공사업(전문),2516,태영엔지니어링(주),강연희,제주,제2005-71호,1795800,,,,,,
소방설비,소방시설공사업(전문),2517,주식회사 대건일렉트릭,최미령,서울,2018-02-00146,1793900,,,,,,
소방설비,소방시설공사업(전문),2518,(주)진영이엔씨,조근호,서울,2022-02-00005,1792300,,,,,,
소방설비,소방시설공사업(전문),2519,(주)세진전기,이광희,대구,제99-13호,1792100,,,,,,
소방설비,소방시설공사업(전문),2520,(주)광림전력,이현자,경기(북),경기의정부 제2012-2호,1791300,,,,,,
소방설비,소방시설공사업(전문),2521,주식회사 대신전력,손명자,경남,2016-02-00011,1791000,,,,,,
소방설비,소방시설공사업(전문),2522,주식회사 세안,김영산,경북,제김천2007-1호,1787900,,,,,,
소방설비,소방시설공사업(전문),2523,아택이앤씨 주식회사,김상원,서울,2016-02-00367,1787800,,,,,,
소방설비,소방시설공사업(전문),2524,(주)중도소방설비공사,맹세영,충남,제1994-11호,1785200,,,,,,
소방설비,소방시설공사업(전문),2525,창성소방설비(주),조혜민,경북,제구미2010-2호,1784000,,,,,,
소방설비,소방시설공사업(전문),2526,(주)삼정이엔씨건축사사무소,용웅식,서울,제노원2009-7호,1783300,,,,,,
소방설비,소방시설공사업(전문),2527,(주)조은소방,이성호,경북,2020-02-00023,1781400,,,,,,
소방설비,소방시설공사업(전문),2528,(주)동서전력,이건선,강원,2020-02-00276,1780700,,,,,,
소방설비,소방시설공사업(전문),2529,(주)새미래이엔씨,조기환,대전,2019-02-00548,1779800,,,,,,
소방설비,소방시설공사업(전문),2530,(주)한국소방공사,이석동,대전,제2013-7호,1779500,,,,,,
소방설비,소방시설공사업(전문),2531,주식회사 거성소방전기공사,송승호,전북,제2004-1호,1779300,,,,,,
소방설비,소방시설공사업(전문),2532,주식회사 큰빛전력,선영남,전남광주(전남),2016-02-00681,1779200,,,,,,
소방설비,소방시설공사업(전문),2533,이레전기 주식회사,김종운,경북,2016-02-00554,1778200,,,,,,
소방설비,소방시설공사업(전문),2534,경기전설(주),홍윤화,경기(남),2017-02-00591,1778100,,,,,,
소방설비,소방시설공사업(전문),2535,(주)동방,김석한,강원,제3호,1776800,,,,,,
소방설비,소방시설공사업(전문),2536,(주)동아방재이엔지,정우진,경기(남),2016-02-00611,1776600,,,,,,
소방설비,소방시설공사업(전문),2537,(주)동부전력,김소영,강원,제295호,1776600,,,,,,
소방설비,소방시설공사업(전문),2538,주식회사 삼호이앤씨,신기섭,대구,2018-02-00418,1773800,,,,,,
소방설비,소방시설공사업(전문),2539,(주)송도방재,최문수,인천,2018-02-00371,1772700,,,,,,
소방설비,소방시설공사업(전문),2540,삼도전력공사,이용암,인천,제인천서부 2006-8호,1772100,,,,,,
소방설비,소방시설공사업(전문),2541,(주)동인,박수관,부산,제99-4호,1770800,,,,,,
소방설비,소방시설공사업(전문),2542,(유)지오이엔지,이경복,전북,전주덕진 제2006-9호,1770700,,,,,,
소방설비,소방시설공사업(전문),2543,(주)세명이앤씨,섭동현,충북,제2010-08호,1770400,,,,,,
소방설비,소방시설공사업(전문),2544,주식회사 신흥,최장우,강원,제28호,1769800,,,,,,
소방설비,소방시설공사업(전문),2545,주식회사한국소방,나창균,전남광주(광주),제광주서부2015-2호,1769200,,,,,,
소방설비,소방시설공사업(전문),2546,에이치엘비일렉(주),정영우,경기(북),경기파주제2015-1호,1769000,,,,,,
소방설비,소방시설공사업(전문),2547,주식회사 가람산업개발,김영숙,전남광주(전남),2018-02-00201,1768700,,,,,,
소방설비,소방시설공사업(전문),2548,(주)명주씨앤에프,이연하,인천,인천남부 제2007-6호,1768200,,,,,,
소방설비,소방시설공사업(전문),2549,주식회사 장군소방기계,김인석,세종,2020-02-00106,1768200,,,,,,
소방설비,소방시설공사업(전문),2550,(주)원진건설산업,이철선,서울,제양천2011-2호,1766000,,,,,,
소방설비,소방시설공사업(전문),2551,두흥기업(주),김미홍,경기(남),경기김포제2014-01호,1765400,,,,,,
소방설비,소방시설공사업(전문),2552,그린소방(주),이기채,전남광주(전남),제2005-9호,1764500,,,,,,
소방설비,소방시설공사업(전문),2553,(주)광명이엔지,김이환,경기(남),2020-02-00318,1763300,,,,,,
소방설비,소방시설공사업(전문),2554,대월기전(주),김승연,서울,영등포94-3호,1763100,,,,,,
소방설비,소방시설공사업(전문),2555,(합)황금소방시설공사,김혁,전남광주(광주),제북부 96-라-8호,1762900,,,,,,
소방설비,소방시설공사업(전문),2556,주식회사 풍림소방,권성은,대구,2018-02-00500,1762600,,,,,,
소방설비,소방시설공사업(전문),2557,(주)현대이에프씨,김상덕,경기(남),경기광명 제2009-2호,1762200,,,,,,
소방설비,소방시설공사업(전문),2558,(주)명성,도성곤,경북,경주제2015-03호,1761700,,,,,,
소방설비,소방시설공사업(전문),2559,주식회사 라인전기공사,김득중,전북,2018-02-00175,1761400,,,,,,
소방설비,소방시설공사업(전문),2560,(주)거성에너지,박종범,충북,2023-02-00016,1760800,,,,,,
소방설비,소방시설공사업(전문),2561,(주)한국전기,서정옥,충남,제2014-1호,1760800,,,,,,
소방설비,소방시설공사업(전문),2562,주식회사 신우전력,박란앵,전남광주(광주),제북부 2003-라-2호,1760800,,,,,,
소방설비,소방시설공사업(전문),2563,그린방재(주),장옥진,서울,제동대문2010-4호,1760800,,,,,,
소방설비,소방시설공사업(전문),2564,대성전기소방 주식회사,전선학,경기(남),2021-02-00063,1759800,,,,,,
소방설비,소방시설공사업(전문),2565,주식회사 서원이앤씨,황국희,경북,2022-02-00436,1759700,,,,,,
소방설비,소방시설공사업(전문),2566,창성비케이(주),김욱종,경기(남),경기수원제2013-05호,1759100,,,,,,
소방설비,소방시설공사업(전문),2567,경동전력(주),이경동,대전,제2015-9호,1757800,,,,,,
소방설비,소방시설공사업(전문),2568,주식회사 지은이엔지,한경희,경남,2017-02-00560,1757300,,,,,,
소방설비,소방시설공사업(전문),2569,(주)신한이에스,박종주,경기(북),2021-02-00228,1755900,,,,,,
소방설비,소방시설공사업(전문),2570,(주)가람방재,성락선,충북,진천 제2012-01호,1755500,,,,,,
소방설비,소방시설공사업(전문),2571,신천전설 주식회사,전재동,대구,2017-02-00673,1755500,,,,,,
소방설비,소방시설공사업(전문),2572,(주)대운전력,김진태,경북,2021-02-00286,1755500,,,,,,
소방설비,소방시설공사업(전문),2573,(주)대한이엔지,이기영,충남,2018-02-00513,1754400,,,,,,
소방설비,소방시설공사업(전문),2574,주식회사 이태광전기,이경희,인천,2021-02-00668,1753200,,,,,,
소방설비,소방시설공사업(전문),2575,주식회사 마루이엔지,전성숙,제주,2023-02-00064,1752400,,,,,,
소방설비,소방시설공사업(전문),2576,주식회사 건국,이재수,전북,전주덕진 제2009-2호,1752200,,,,,,
소방설비,소방시설공사업(전문),2577,대정개발(주),이상우,전남광주(전남),2015-02-00134,1750700,,,,,,
소방설비,소방시설공사업(전문),2578,(주)유로이앤씨,김원자,강원,제255호,1750500,,,,,,
소방설비,소방시설공사업(전문),2579,태림전기(주),장화순,충남,2019-02-00518,1750400,,,,,,
소방설비,소방시설공사업(전문),2580,유한회사 우리미래기술단,이현숙,전북,2018-02-00277,1750000,,,,,,
소방설비,소방시설공사업(전문),2581,(주)대저건설,박석영,경남,제김해 1998-4호,1749900,,,,,,
소방설비,소방시설공사업(전문),2582,권혁테크 주식회사,유혁,전남광주(전남),2025-02-00007,1749800,,,,,,
소방설비,소방시설공사업(전문),2583,(주)혁신전공사,김희웅,서울,제중부1998-2호,1749400,,,,,,
소방설비,소방시설공사업(전문),2584,주식회사 이앤피,박희열,인천,인천공단 제2014-14호,1748900,,,,,,
소방설비,소방시설공사업(전문),2585,(주)웨이브컴,채인석,서울,제구로85-4호,1748700,,,,,,
소방설비,소방시설공사업(전문),2586,(주)에스와이이엔씨,이승엽,전북,2015-02-00060,1748200,,,,,,
소방설비,소방시설공사업(전문),2587,케이비아이건설 주식회사,진광우,경북,구미 제2003-2호,1747800,,,,,,
소방설비,소방시설공사업(전문),2588,주식회사 건보전기,이창우,경북,2016-02-00562,1747400,,,,,,
소방설비,소방시설공사업(전문),2589,(주)삼우전력,강홍섭,서울,2022-02-00285,1747300,,,,,,
소방설비,소방시설공사업(전문),2590,(주)에덴이엔지,김왕준,전남광주(전남),제2014-마-8호,1747300,,,,,,
소방설비,소방시설공사업(전문),2591,경인전력(주),권선열,대구,제2009-14호,1747100,,,,,,
소방설비,소방시설공사업(전문),2592,엠투온 주식회사,조수아,서울,2025-02-00037,1745200,,,,,,
소방설비,소방시설공사업(전문),2593,(주)녹산시스템,이정운,인천,2020-02-00491,1744600,,,,,,
소방설비,소방시설공사업(전문),2594,주식회사 가경,최진철,인천,2020-02-00602,1743900,,,,,,
소방설비,소방시설공사업(전문),2595,주식회사 서해소방,권길중,충남,제서산2015-1호,1741800,,,,,,
소방설비,소방시설공사업(전문),2596,주식회사 성원이엔아이,인철우,경기(남),2019-02-00114,1741500,,,,,,
소방설비,소방시설공사업(전문),2597,주식회사 우송이엔지,김정수,대전,2022-02-00373,1740000,,,,,,
소방설비,소방시설공사업(전문),2598,월드소방 주식회사,임정선,전남광주(전남),2019-02-00226,1739200,,,,,,
소방설비,소방시설공사업(전문),2599,에스에이치기업(주),신철,충남,제2013-1호,1738900,,,,,,
소방설비,소방시설공사업(전문),2600,유한회사 국제소방산업,강인구,전남광주(전남),2018-02-00373,1738000,,,,,,
소방설비,소방시설공사업(전문),2601,주식회사 자영이엔지,홍직표,서울,2023-02-00141,1738000,,,,,,
소방설비,소방시설공사업(전문),2602,(주)삼성이엔씨,김진경,전북,전북군산 제2007-5호,1736600,,,,,,
소방설비,소방시설공사업(전문),2603,오토이엔지,김명길,경기(남),2018-02-00282,1736400,,,,,,
소방설비,소방시설공사업(전문),2604,(주)우정소방,양혁준,제주,제제주2015-3호,1736300,,,,,,
소방설비,소방시설공사업(전문),2605,(주)고려소방,김윤식,경남,제2012-06호,1735300,,,,,,
소방설비,소방시설공사업(전문),2606,주식회사 석현,이재석,서울,2018-02-00300,1734100,,,,,,
소방설비,소방시설공사업(전문),2607,(주)제이디파워텍,김병갑,서울,2023-02-00331,1734000,,,,,,
소방설비,소방시설공사업(전문),2608,주식회사 케이엠이엔지,한은경,인천,2016-02-00190,1733600,,,,,,
소방설비,소방시설공사업(전문),2609,(주)동도이엔지,박종윤,대구,2017-02-00278,1733400,,,,,,
소방설비,소방시설공사업(전문),2610,(주)국제,조용원,경남,제2003-1호,1733000,,,,,,
소방설비,소방시설공사업(전문),2611,태정에너지산업(주),전효정,충북,제청주서부2014-16호,1732400,,,,,,
소방설비,소방시설공사업(전문),2612,강원인더스트리(주),서선석,인천,남부제2014-5호,1731200,,,,,,
소방설비,소방시설공사업(전문),2613,주식회사 정호소방,최정호,대전,2023-02-00046,1730400,,,,,,
소방설비,소방시설공사업(전문),2614,주식회사 신우,고진희,강원,2016-02-00597,1729800,,,,,,
소방설비,소방시설공사업(전문),2615,(주)일성소방공사,남치우,경남,경남김해 2004-8호,1729500,,,,,,
소방설비,소방시설공사업(전문),2616,세한이엔씨 주식회사,권용원,경북,2021-02-00127,1729100,,,,,,
소방설비,소방시설공사업(전문),2617,주식회사 안전소방공사,홍영선,인천,2019-02-00570,1729100,,,,,,
소방설비,소방시설공사업(전문),2618,광성소방설비,박성남,경기(남),2017-02-00622,1728800,,,,,,
소방설비,소방시설공사업(전문),2619,주식회사 원엔지니어링,정철호,충북,제2009-1호,1725200,,,,,,
소방설비,소방시설공사업(전문),2620,세광전력(주),이만형,경북,제포항남부2010-4호,1725000,,,,,,
소방설비,소방시설공사업(전문),2621,주식회사 대진이엠씨,이정주,부산,2020-02-00002,1724500,,,,,,
소방설비,소방시설공사업(전문),2622,(주)새롬전기,정영주,경남,창원소방본부 2013-01호,1724100,,,,,,
소방설비,소방시설공사업(전문),2623,주식회사 성일소방,안승룡,강원,제62호,1723200,,,,,,
소방설비,소방시설공사업(전문),2624,성남소방전기(주),권형용,경기(남),경기성남 제93-12호,1722700,,,,,,
소방설비,소방시설공사업(전문),2625,(주)국제씨앤에프,한규룡,서울,제중랑2003-2호,1722600,,,,,,
소방설비,소방시설공사업(전문),2626,주식회사 에프이피,옥주현,부산,제2014-18호,1722500,,,,,,
소방설비,소방시설공사업(전문),2627,(주)엘케이엔지니어링,최지혜,경기(북),2021-02-00351,1722000,,,,,,
소방설비,소방시설공사업(전문),2628,주식회사 한성기술개발,서창식,서울,2015-02-00047,1721300,,,,,,
소방설비,소방시설공사업(전문),2629,성진소방(주),문성진,전남광주(전남),2023-02-00386,1721000,,,,,,
소방설비,소방시설공사업(전문),2630,주식회사 지승전력,박팔만,전남광주(광주),2017-02-00297,1719500,,,,,,
소방설비,소방시설공사업(전문),2631,신안소방설비(주),장용철,경남,창원2001-4호,1718000,,,,,,
소방설비,소방시설공사업(전문),2632,(주)유일이엔지,박남신,서울,제강남 2000-16호,1716700,,,,,,
소방설비,소방시설공사업(전문),2633,(주)오션엔지니어링,한재익,충북,2018-02-00002,1715600,,,,,,
소방설비,소방시설공사업(전문),2634,(유)우진전기,이기화,경남,경남창원 제2007-04호,1715200,,,,,,
소방설비,소방시설공사업(전문),2635,승림이앤씨(주),박기철,서울,제송파2012-8호,1714300,,,,,,
소방설비,소방시설공사업(전문),2636,(주)유니콘전설,주진철,경남,경남김해 제2010-02호,1713800,,,,,,
소방설비,소방시설공사업(전문),2637,하나이앤지(주),이명우,경기(남),경기분당 제2009-19호,1713600,,,,,,
소방설비,소방시설공사업(전문),2638,주식회사 아이티엠에스,최연숙,경기(북),2018-02-00456,1713500,,,,,,
소방설비,소방시설공사업(전문),2639,(주)장원,김병관,충북,청주동부 제2013-03호,1713300,,,,,,
소방설비,소방시설공사업(전문),2640,(주)명성소방,윤진원,인천,인천계양 제2012-5호,1713000,,,,,,
소방설비,소방시설공사업(전문),2641,금성전기소방공사(주),서한석,경기(남),경기용인 제2008-6호,1712700,,,,,,
소방설비,소방시설공사업(전문),2642,주식회사 새한이엔씨,곽호선,서울,2020-02-00230,1712100,,,,,,
소방설비,소방시설공사업(전문),2643,주식회사 한양기술단,류종길,경북,제2015-1호,1709100,,,,,,
소방설비,소방시설공사업(전문),2644,(주)성창전기,김진수,경북,2021-02-00282,1708300,,,,,,
소방설비,소방시설공사업(전문),2645,진일전력(주),안승종,서울,2018-02-00469,1707700,,,,,,
소방설비,소방시설공사업(전문),2646,(주)세한소방,남흔경,경남,경남김해제2014-11호,1707200,,,,,,
소방설비,소방시설공사업(전문),2647,주식회사 제일소방이엔지,이한식,전남광주(전남),2017-02-00547,1706600,,,,,,
소방설비,소방시설공사업(전문),2648,주식회사 이도,이상준,경북,2018-02-00186,1706500,,,,,,
소방설비,소방시설공사업(전문),2649,메가이엔씨,이병재,충북,2020-02-00580,1705800,,,,,,
소방설비,소방시설공사업(전문),2650,우진전기공사,고문순,제주,제제주-2010-02,1705500,,,,,,
소방설비,소방시설공사업(전문),2651,신한전설(주),윤귀열,충남,2015-02-00149,1704900,,,,,,
소방설비,소방시설공사업(전문),2652,(주)진화소방,김판범,부산,제2006-19호,1703800,,,,,,
소방설비,소방시설공사업(전문),2653,(주)푸른이엔지,박태완,경기(남),경기김포제2005-4호,1703300,,,,,,
소방설비,소방시설공사업(전문),2654,주식회사 바림종합건설,김동원,인천,2021-02-00364,1702000,,,,,,
소방설비,소방시설공사업(전문),2655,리스크테크(주),이성찬,서울,2017-02-00249,1701400,,,,,,
소방설비,소방시설공사업(전문),2656,경문이엔지(주),소순근,서울,제노원2010-4호,1701200,,,,,,
소방설비,소방시설공사업(전문),2657,주식회사 명기전기,김도아,경기(남),2017-02-00671,1701100,,,,,,
소방설비,소방시설공사업(전문),2658,경창소방이엔지(주),배진영,경남,창원제2013-09호,1699000,,,,,,
소방설비,소방시설공사업(전문),2659,(주)에스앤피엔지니어링,최강욱,경기(남),경기안양제2014-29호,1698800,,,,,,
소방설비,소방시설공사업(전문),2660,(주)이젠미래,권영관,강원,제204호,1698600,,,,,,
소방설비,소방시설공사업(전문),2661,태광산업전기(주),김혜연,경기(북),경기양주 제2013-2호,1698600,,,,,,
소방설비,소방시설공사업(전문),2662,아이비전기 주식회사,서영민,충남,2017-02-00229,1698300,,,,,,
소방설비,소방시설공사업(전문),2663,(주)신영전기,남유미,경북,제안동 2008-06호,1697400,,,,,,
소방설비,소방시설공사업(전문),2664,(주)인화전기공사,송기회,경기(남),경기안산제2014-15호,1697100,,,,,,
소방설비,소방시설공사업(전문),2665,(주)부신전력,윤영배,경기(남),2019-02-00404,1696700,,,,,,
소방설비,소방시설공사업(전문),2666,동남전기통신(주),최승효,강원,제285호,1696700,,,,,,
소방설비,소방시설공사업(전문),2667,제이원스 주식회사,한은영,서울,2015-02-00159,1696600,,,,,,
소방설비,소방시설공사업(전문),2668,주식회사 우미이엔씨,임성현,경기(남),2025-02-00095,1696500,,,,,,
소방설비,소방시설공사업(전문),2669,인우전기(주),권태도,인천,인천부평제2013-6호,1695600,,,,,,
소방설비,소방시설공사업(전문),2670,삼덕소방(주),조용수,경남,경남김해제2015-03호,1694800,,,,,,
소방설비,소방시설공사업(전문),2671,백산전기소방 주식회사,김미경,경기(남),2018-02-00157,1694600,,,,,,
소방설비,소방시설공사업(전문),2672,우진ENG,홍경진,경북,2024-02-00094,1694500,,,,,,
소방설비,소방시설공사업(전문),2673,주식회사 전주소방,신동선,전북,2020-02-00528,1694200,,,,,,
소방설비,소방시설공사업(전문),2674,(주)아이엔티건설,송인원,대구,제2008-13호,1693700,,,,,,
소방설비,소방시설공사업(전문),2675,대성이엔에프(주),김태성,경기(남),2023-02-00304,1693400,,,,,,
소방설비,소방시설공사업(전문),2676,보령전설 주식회사,조광현,충남,2015-02-00011,1692700,,,,,,
소방설비,소방시설공사업(전문),2677,경림전기(주),김인형,서울,2023-02-00209,1692600,,,,,,
소방설비,소방시설공사업(전문),2678,(주)민성이엘씨,문상금,경기(남),2018-02-00090,1691500,,,,,,
소방설비,소방시설공사업(전문),2679,(주)정호이앤씨,최두환,인천,인천공단 제2012-3호,1690200,,,,,,
소방설비,소방시설공사업(전문),2680,주양이앤씨,김현수,경기(남),2023-02-00043,1690200,,,,,,
소방설비,소방시설공사업(전문),2681,(주)파코코리아인더스,송재혁,서울,2022-02-00336,1688900,,,,,,
소방설비,소방시설공사업(전문),2682,코리아이엔지 주식회사,박영호,경기(남),2021-02-00589,1686900,,,,,,
소방설비,소방시설공사업(전문),2683,주식회사 대림소방,윤용호,전남광주(광주),2022-02-00252,1686500,,,,,,
소방설비,소방시설공사업(전문),2684,예안엔지니어링 주식회사,장미순,서울,2023-02-00013,1686500,,,,,,
소방설비,소방시설공사업(전문),2685,(주)이지소방,박춘희,경기(남),2016-02-00079,1686500,,,,,,
소방설비,소방시설공사업(전문),2686,한국신재생에너지(주),조수연,경기(남),2021-02-00554,1686200,,,,,,
소방설비,소방시설공사업(전문),2687,대정이엔씨 주식회사,이지환,세종,제2014-1-31호,1686000,,,,,,
소방설비,소방시설공사업(전문),2688,주식회사 한국기업이엔지,김정수,부산,2016-02-00336,1685400,,,,,,
소방설비,소방시설공사업(전문),2689,삼정전력 주식회사,김은미,경기(남),경기이천 제2001-4호,1684300,,,,,,
소방설비,소방시설공사업(전문),2690,주식회사 아람이앤에스,권기환,서울,2021-02-00459,1682200,,,,,,
소방설비,소방시설공사업(전문),2691,(주)선일이엔씨,이영학,인천,인천남부 제2009-09호,1679100,,,,,,
소방설비,소방시설공사업(전문),2692,주식회사 보광이엔씨,최종화,전남광주(전남),2019-02-00270,1678000,,,,,,
소방설비,소방시설공사업(전문),2693,보원전기 주식회사,박문주,대전,2021-02-00452,1677900,,,,,,
소방설비,소방시설공사업(전문),2694,(주)원방재,김용철,울산,제2013-6호,1677800,,,,,,
소방설비,소방시설공사업(전문),2695,디케이건설 주식회사,김동식,경기(북),2017-02-00201,1677500,,,,,,
소방설비,소방시설공사업(전문),2696,(주)신화이엔씨,심재식,부산,제2013-07호,1676800,,,,,,
소방설비,소방시설공사업(전문),2697,(주)명문소방,조창호,대전,2016-02-00115,1675900,,,,,,
소방설비,소방시설공사업(전문),2698,(주)부흥전기,황혜진,경기(남),경기이천 제2007-01호,1675600,,,,,,
소방설비,소방시설공사업(전문),2699,주식회사 기태,박태숙,전북,전북군산 제2004-2호,1675300,,,,,,
소방설비,소방시설공사업(전문),2700,주식회사 동해전기,임봉규,경기(남),2017-02-00629,1674100,,,,,,
소방설비,소방시설공사업(전문),2700,(주)경원전력,최경택,서울,2019-02-00124,1674100,,,,,,
소방설비,소방시설공사업(전문),2702,미강기업(주),이한수,대구,제2005-16호,1672300,,,,,,
소방설비,소방시설공사업(전문),2703,미동방재컨설팅(주),공봉신,서울,제종로2001-6호,1672300,,,,,,
소방설비,소방시설공사업(전문),2704,화성전기(주),유호진,경기(남),경기여주제2014-1호,1669500,,,,,,
소방설비,소방시설공사업(전문),2705,주식회사 대한이엔씨,김소연,충남,2015-02-00319,1669200,,,,,,
소방설비,소방시설공사업(전문),2706,주식회사 비에스이엔씨,이상미,충남,2020-02-00467,1669100,,,,,,
소방설비,소방시설공사업(전문),2707,(주)시우,이주백,경기(남),2017-02-00274,1668600,,,,,,
소방설비,소방시설공사업(전문),2708,주식회사 엘리트소방,김시영,전북,2020-02-00423,1668400,,,,,,
소방설비,소방시설공사업(전문),2709,(주)한국방재,임배운,인천,인천남부 제2007-20호,1668300,,,,,,
소방설비,소방시설공사업(전문),2710,대조전설(주),장철호,서울,제마포98-7호,1668300,,,,,,
소방설비,소방시설공사업(전문),2711,(주)성현이앤씨,김학성,경기(남),2019-02-00308,1667200,,,,,,
소방설비,소방시설공사업(전문),2712,한일전력(주),배경철,울산,제 2003-4호,1666800,,,,,,
소방설비,소방시설공사업(전문),2713,호성전력(주),배주현,충남,2017-02-00531,1666700,,,,,,
소방설비,소방시설공사업(전문),2714,(주)대하이.엔.지,이나겸,충북,2023-02-00032,1665800,,,,,,
소방설비,소방시설공사업(전문),2715,주식회사 아이앤큐이엔지,강희승,경기(남),2015-02-00124,1665600,,,,,,
소방설비,소방시설공사업(전문),2716,주식회사 오션이앤지,주정래,전남광주(광주),2023-02-00198,1665000,,,,,,
소방설비,소방시설공사업(전문),2717,(주)씨에스,박찬석,경기(남),경기여주 제2011-1호,1662800,,,,,,
소방설비,소방시설공사업(전문),2718,에스케이에코엔지니어링 주식회사,이형원,서울,2021-02-00623,1662200,,,,,,
소방설비,소방시설공사업(전문),2719,세화전기(주),김남훈,경기(북),경기연천 제2009-01호,1658100,,,,,,
소방설비,소방시설공사업(전문),2720,주식회사 시티종합건설,강래길,경기(남),2020-02-00203,1657300,,,,,,
소방설비,소방시설공사업(전문),2721,(주)포스원종합설비,김민성,경남,제경남창원2007-07호,1657300,,,,,,
소방설비,소방시설공사업(전문),2722,주식회사 탑이엔씨,이말숙,경북,제구미2013-6호,1656700,,,,,,
소방설비,소방시설공사업(전문),2723,광천이앤씨 주식회사,동영탁,서울,2021-02-00067,1656200,,,,,,
소방설비,소방시설공사업(전문),2724,남광에너지(주),최현경,전남광주(전남),제2012-다-6호,1655900,,,,,,
소방설비,소방시설공사업(전문),2725,주식회사 제이디방재,최정균,경기(남),2019-02-00187,1655300,,,,,,
소방설비,소방시설공사업(전문),2726,(주)태림소방시설원,손정환,전북,전주덕진 제99-99호,1654700,,,,,,
소방설비,소방시설공사업(전문),2727,(주)조은냉열,권광쇠,강원,2016-02-00352,1653900,,,,,,
소방설비,소방시설공사업(전문),2728,(주)건우건축설비,이홍,인천,2022-02-00238,1653300,,,,,,
소방설비,소방시설공사업(전문),2729,주식회사 대륙전기,이경환,서울,2016-02-00329,1652100,,,,,,
소방설비,소방시설공사업(전문),2730,세빈테크(주),박재영,서울,2021-02-00445,1651700,,,,,,
소방설비,소방시설공사업(전문),2731,주식회사 신화전력,유대현,인천,2018-02-00015,1651600,,,,,,
소방설비,소방시설공사업(전문),2732,주식회사 현대엔지니어링,김난석,충남,2019-02-00446,1651600,,,,,,
소방설비,소방시설공사업(전문),2733,주식회사 태양전기,심은미,경남,2019-02-00586,1650400,,,,,,
소방설비,소방시설공사업(전문),2734,원앤원산업개발(주),배애순,서울,제동대문 2007-9호,1649900,,,,,,
소방설비,소방시설공사업(전문),2735,선진건영(주),차재선,경기(남),경기용인 제1996-1호,1649700,,,,,,
소방설비,소방시설공사업(전문),2736,서울전력주식회사,박태임,경기(남),경기송탄 제2007-2호,1648700,,,,,,
소방설비,소방시설공사업(전문),2737,(합)천우,강현우,강원,제175호,1647500,,,,,,
소방설비,소방시설공사업(전문),2738,세원전설(주),김용두,대구,제2009-19호,1647100,,,,,,
소방설비,소방시설공사업(전문),2739,유성에프에스,배상철,부산,2022-02-00292,1647000,,,,,,
소방설비,소방시설공사업(전문),2740,주식회사 동화이앤씨,심우원,인천,2019-02-00310,1645700,,,,,,
소방설비,소방시설공사업(전문),2741,수호소방,윤수호,경기(남),2022-02-00092,1645600,,,,,,
소방설비,소방시설공사업(전문),2742,신창전력 주식회사,최성우,경기(남),2022-02-00124,1642800,,,,,,
소방설비,소방시설공사업(전문),2743,(주)세진전설,김종한,강원,제284호,1642600,,,,,,
소방설비,소방시설공사업(전문),2744,한국소방안전 유한회사,송애란,전북,2020-02-00287,1642400,,,,,,
소방설비,소방시설공사업(전문),2745,한국소방산업,김희은,대구,제98-29호,1642200,,,,,,
소방설비,소방시설공사업(전문),2746,주식회사 디에이건설,윤진욱,인천,2018-02-00299,1641700,,,,,,
소방설비,소방시설공사업(전문),2747,일진이앤씨(주),김효성,경기(남),경기수원 제2011-3호,1641500,,,,,,
소방설비,소방시설공사업(전문),2748,동부산업(주),권영태,울산,제 2000-9호,1641400,,,,,,
소방설비,소방시설공사업(전문),2749,동광건설(주),황철재,전남광주(전남),제99-29호,1641300,,,,,,
소방설비,소방시설공사업(전문),2750,진화이엔씨(주),김기현,울산,2019-02-00031,1640400,,,,,,
소방설비,소방시설공사업(전문),2751,(주)거성이엔씨,임충섭,경기(남),2016-02-00342,1639600,,,,,,
소방설비,소방시설공사업(전문),2752,(주)진성이엔지,유선덕,경기(남),2015-02-00152,1639500,,,,,,
소방설비,소방시설공사업(전문),2753,(주)성학,이종미,경북,제2013-1호,1639500,,,,,,
소방설비,소방시설공사업(전문),2754,(주)미광테크,손진식,서울,2016-02-00124,1639500,,,,,,
소방설비,소방시설공사업(전문),2755,(주)대구종합방재,전상배,대구,제대구 2000-21호,1638400,,,,,,
소방설비,소방시설공사업(전문),2756,주식회사 경천일렉콤,유건준,서울,2017-02-00117,1637900,,,,,,
소방설비,소방시설공사업(전문),2757,주식회사 플러스전력,이하일,서울,2019-02-00219,1637600,,,,,,
소방설비,소방시설공사업(전문),2758,(주)서광,조경상,충남,제2013-5호,1637300,,,,,,
소방설비,소방시설공사업(전문),2759,광덕소방,이미숙,경북,2017-02-00209,1637200,,,,,,
소방설비,소방시설공사업(전문),2760,(주)동남전기,이재득,경기(남),경기김포 제3호,1636900,,,,,,
소방설비,소방시설공사업(전문),2761,(주)영동,강호영,부산,제2011-25호,1636700,,,,,,
소방설비,소방시설공사업(전문),2762,(주)평화방재,유명열,경남,제2006-5호,1636300,,,,,,
소방설비,소방시설공사업(전문),2763,에스앤이 주식회사,채상훈,경기(북),2021-02-00101,1635900,,,,,,
소방설비,소방시설공사업(전문),2764,(주)효산이엔지,서영종,서울,제영등포2008-19호,1635300,,,,,,
소방설비,소방시설공사업(전문),2765,주식회사 에스에이치한성소방,이승헌,경기(남),2015-02-00359,1635000,,,,,,
소방설비,소방시설공사업(전문),2766,주식회사 이레전기안전,구미정,부산,2021-02-00244,1634900,,,,,,
소방설비,소방시설공사업(전문),2767,일진전력(주),이전민,대구,제2009-6호,1634700,,,,,,
소방설비,소방시설공사업(전문),2768,대웅기전 주식회사,진명주,경북,2016-02-00360,1634100,,,,,,
소방설비,소방시설공사업(전문),2769,주식회사 진광이앤씨,황인숙,충남,제충남당진 2012-1호,1633400,,,,,,
소방설비,소방시설공사업(전문),2770,유한회사 신진에너지,김진수,전북,2023-02-00002,1632500,,,,,,
소방설비,소방시설공사업(전문),2771,(주)비앤에이치테크피아,변형오,서울,제송파2009-17호,1632100,,,,,,
소방설비,소방시설공사업(전문),2772,경기소방,민병구,경기(남),2017-02-00118,1631600,,,,,,
소방설비,소방시설공사업(전문),2773,주식회사 대명,김창성,충북,2019-02-00229,1631500,,,,,,
소방설비,소방시설공사업(전문),2774,주식회사 거성전기,오병권,경기(남),2021-02-00316,1631100,,,,,,
소방설비,소방시설공사업(전문),2775,(주)부경방재,이영연,경남,제2014-10호,1629600,,,,,,
소방설비,소방시설공사업(전문),2776,원흥이엔씨 주식회사,최재혁,서울,제중랑85-1호,1628400,,,,,,
소방설비,소방시설공사업(전문),2777,주식회사 우석엔지니어링,이성준,전북,전북정읍 제2008-2호,1627500,,,,,,
소방설비,소방시설공사업(전문),2778,(주)뉴이앤텍,정권근,경기(남),2018-02-00517,1627100,,,,,,
소방설비,소방시설공사업(전문),2779,(주)현대화이어텍,양유선,서울,제마포2012-4호,1626900,,,,,,
소방설비,소방시설공사업(전문),2780,동부산엘리텍(주),정태영,부산,2017-02-00361,1626500,,,,,,
소방설비,소방시설공사업(전문),2781,주식회사 선우,백경욱,강원,제192호,1626300,,,,,,
소방설비,소방시설공사업(전문),2782,동건이앤씨 주식회사,이정순,서울,2023-02-00116,1626100,,,,,,
소방설비,소방시설공사업(전문),2783,주식회사 진은전기소방,최진열,경북,2022-02-00369,1625700,,,,,,
소방설비,소방시설공사업(전문),2784,광득건설(주),최근화,경남,2023-02-00097,1625500,,,,,,
소방설비,소방시설공사업(전문),2785,(주)기공전설,최시원,경남,2021-02-00571,1624900,,,,,,
소방설비,소방시설공사업(전문),2786,주식회사 착한소방,김현준,경남,2018-02-00056,1624700,,,,,,
소방설비,소방시설공사업(전문),2787,(주)월드이엔지,문종필,경남,경남김해제2015-02호,1623700,,,,,,
소방설비,소방시설공사업(전문),2788,(주)동일인테리어,정종희,서울,2021-02-00332,1621800,,,,,,
소방설비,소방시설공사업(전문),2789,주식회사 동일건설,박은미,전남광주(전남),2021-02-00561,1621700,,,,,,
소방설비,소방시설공사업(전문),2790,건양전기(주),홍순문,서울,제성북 2005-6호,1621700,,,,,,
소방설비,소방시설공사업(전문),2791,주식회사 메가텔,전광찬,인천,2018-02-00122,1619900,,,,,,
소방설비,소방시설공사업(전문),2792,(주)성안소방,정용호,경북,제구미2013-10호,1619900,,,,,,
소방설비,소방시설공사업(전문),2793,주식회사 현진소방,이지운,경남,2016-02-00515,1619700,,,,,,
소방설비,소방시설공사업(전문),2794,주식회사 국전사,고기배,대전,2020-02-00516,1618700,,,,,,
소방설비,소방시설공사업(전문),2795,(주)공단소방,이환규,충남,제충남당진 2010-1호,1618700,,,,,,
소방설비,소방시설공사업(전문),2796,주식회사 국민소방,조재학,인천,2018-02-00427,1617700,,,,,,
소방설비,소방시설공사업(전문),2797,주식회사 코리아방재,문종현,경기(남),2022-02-00151,1616000,,,,,,
소방설비,소방시설공사업(전문),2798,운산소방전기(주),전재우,경기(남),경기성남제2013-2호,1616000,,,,,,
소방설비,소방시설공사업(전문),2799,(주)원이앤티,김인수,경남,제2010-02호,1615800,,,,,,
소방설비,소방시설공사업(전문),2800,(주)대림엔지니어링,이태희,충남,제97-2호,1614700,,,,,,
소방설비,소방시설공사업(전문),2801,(주)일원이앤씨,양택식,경기(남),2015-02-00360,1614200,,,,,,
소방설비,소방시설공사업(전문),2802,주식회사 한서전력,한재석,경기(남),2016-02-00246,1613800,,,,,,
소방설비,소방시설공사업(전문),2803,주식회사 범호전력,김미란,전남광주(전남),2020-02-00321,1613600,,,,,,
소방설비,소방시설공사업(전문),2804,(주)유벡,김형신,울산,제2011-06호,1612800,,,,,,
소방설비,소방시설공사업(전문),2805,세명전력(주),우상국,부산,제2011-30호,1612700,,,,,,
소방설비,소방시설공사업(전문),2806,주식회사 유진비엠에스,방향란(FANG XIANGLAN),서울,2019-02-00244,1612200,,,,,,
소방설비,소방시설공사업(전문),2807,(주)북경,박순선,경북,2017-02-00239,1612100,,,,,,
소방설비,소방시설공사업(전문),2808,가람네오텍 주식회사,주희,전남광주(광주),2023-02-00374,1611800,,,,,,
소방설비,소방시설공사업(전문),2809,(주)경남전기건설,강현순,경남,경남사천제2014-02호,1611700,,,,,,
소방설비,소방시설공사업(전문),2810,(주)동일소방엔지니어링,김태수,경북,제2014-03호,1611200,,,,,,
소방설비,소방시설공사업(전문),2811,경일엔지니어링(주),이우규,경북,2018-02-00471,1610600,,,,,,
소방설비,소방시설공사업(전문),2812,(주)예성이엔지,김훈,서울,2022-02-00440,1610100,,,,,,
소방설비,소방시설공사업(전문),2813,대한전기 주식회사,박종열,대전,2022-02-00221,1609600,,,,,,
소방설비,소방시설공사업(전문),2814,(주)신라전력,백은주,경남,2017-02-00068,1608900,,,,,,
소방설비,소방시설공사업(전문),2815,주식회사 주운,윤신영,경기(북),2021-02-00159,1608100,,,,,,
소방설비,소방시설공사업(전문),2816,금송건설(주),홍권희,전남광주(광주),2023-02-00250,1607900,,,,,,
소방설비,소방시설공사업(전문),2817,주식회사 건영전력,윤현희,경기(북),2017-02-00059,1607600,,,,,,
소방설비,소방시설공사업(전문),2818,에스에이치소방(주),이수호,충북,2016-02-00270,1606100,,,,,,
소방설비,소방시설공사업(전문),2819,(주)정원씨앤에스,박영숙,부산,2022-02-00421,1606000,,,,,,
소방설비,소방시설공사업(전문),2820,(주)성진전업,장미화,서울,2015-02-00324,1605800,,,,,,
소방설비,소방시설공사업(전문),2821,한신설비(주),한대용,경남,창원2002-9호,1605100,,,,,,
소방설비,소방시설공사업(전문),2822,주식회사 성광소방,김주홍,세종,제2014-1-29호,1604900,,,,,,
소방설비,소방시설공사업(전문),2823,주식회사 물꼬방재기술,최근주,서울,2019-02-00430,1604100,,,,,,
소방설비,소방시설공사업(전문),2824,(주)에이스원소방전기,정몽수,경기(남),경기안양 제2005-3호,1604000,,,,,,
소방설비,소방시설공사업(전문),2825,주식회사 에이스방재,전지혜,경기(남),2020-02-00457,1602000,,,,,,
소방설비,소방시설공사업(전문),2826,(주) 제이오,심재혁,경기(남),2017-02-00579,1601800,,,,,,
소방설비,소방시설공사업(전문),2827,마인엔지니어링건축사사무소 주식회사,김태식,전남광주(전남),2019-02-00429,1601500,,,,,,
소방설비,소방시설공사업(전문),2828,(주)대한소방,권영오,경북,2016-02-00221,1601500,,,,,,
소방설비,소방시설공사업(전문),2829,(주)태호이엔지,안성주,강원,제230호,1600600,,,,,,
소방설비,소방시설공사업(전문),2830,주식회사 아라랏,황지홍,서울,2016-02-00457,1600500,,,,,,
소방설비,소방시설공사업(전문),2831,선우종합건설 주식회사,차순봉,경북,2025-02-00074,1600200,,,,,,
소방설비,소방시설공사업(전문),2832,(주)호재전력,윤재봉,서울,제마포2011-1호,1599000,,,,,,
소방설비,소방시설공사업(전문),2833,(주)신창이엔지,김봉기,경기(남),경기평택 제2000-3호,1598900,,,,,,
소방설비,소방시설공사업(전문),2834,건국방재 주식회사,임무재,강원,제300호,1598800,,,,,,
소방설비,소방시설공사업(전문),2835,좋은전기 주식회사,은희백,경기(남),2022-02-00175,1598800,,,,,,
소방설비,소방시설공사업(전문),2836,주식회사 예스코 (yesco),노연화,인천,인천공단 제2012-1호,1598800,,,,,,
소방설비,소방시설공사업(전문),2837,(주)대아티이씨,김종용,서울,제동작2005-5호,1598600,,,,,,
소방설비,소방시설공사업(전문),2838,(주)경성소방방재,공윤종,대구,제2014-19호,1598300,,,,,,
소방설비,소방시설공사업(전문),2839,(주)태진소방,김용희,경남,경남진주 제2015-03호,1598000,,,,,,
소방설비,소방시설공사업(전문),2840,주식회사 조이,남식운,경북,2016-02-00302,1597500,,,,,,
소방설비,소방시설공사업(전문),2841,주식회사 원탑,원범수,충북,2020-02-00359,1596600,,,,,,
소방설비,소방시설공사업(전문),2842,(주)케이피테크,김광희,서울,2018-02-00101,1595600,,,,,,
소방설비,소방시설공사업(전문),2843,주식회사 대영소방,김영숙,경기(북),2016-02-00544,1595300,,,,,,
소방설비,소방시설공사업(전문),2844,(주)거승이엔씨,윤성원,서울,제마포 2001-3호,1594400,,,,,,
소방설비,소방시설공사업(전문),2845,주식회사 제일소방안전,김용섭,인천,2021-02-00637,1593900,,,,,,
소방설비,소방시설공사업(전문),2846,주식회사 서광전기통신,구본충,충남,제2001-1호,1593800,,,,,,
소방설비,소방시설공사업(전문),2847,거양전기(주),김재근,경기(남),경기안산 제2004-15호,1592900,,,,,,
소방설비,소방시설공사업(전문),2848,주식회사 세영이앤씨,윤재흠,경기(남),2018-02-00156,1592200,,,,,,
소방설비,소방시설공사업(전문),2849,흥진전기소방공사,박황보,강원,제199호,1592100,,,,,,
소방설비,소방시설공사업(전문),2850,성민전기(주),김미영,서울,제구로2009-16호,1591800,,,,,,
소방설비,소방시설공사업(전문),2851,주식회사 남전엔지니어링,박영주,경기(남),2019-02-00523,1591600,,,,,,
소방설비,소방시설공사업(전문),2852,(주)재윤전기,정인환,서울,제강서2005-14호,1591100,,,,,,
소방설비,소방시설공사업(전문),2853,119소방복지단재난안전공사(주),김현순,경기(북),2017-02-00039,1589900,,,,,,
소방설비,소방시설공사업(전문),2854,주식회사 아진테크노피아,서명순,전북,2022-02-00180,1589800,,,,,,
소방설비,소방시설공사업(전문),2855,금광기업(주),박성일,서울,2026-02-00201,1589600,,,,,,
소방설비,소방시설공사업(전문),2856,(주)신한방재,공유유,경기(남),2017-02-00302,1589500,,,,,,
소방설비,소방시설공사업(전문),2857,(주)중앙소방기술사무소,만태권,충남,제2003-3호,1588800,,,,,,
소방설비,소방시설공사업(전문),2858,(주)오성소방,김희윤,경북,2017-02-00612,1587800,,,,,,
소방설비,소방시설공사업(전문),2859,(자)대한소방,김홍주,대구,제11호,1585300,,,,,,
소방설비,소방시설공사업(전문),2860,(주)신성건설,주성종,경기(남),제김포 21호,1584200,,,,,,
소방설비,소방시설공사업(전문),2861,충무소방기술,박세진,충남,2023-02-00176,1583700,,,,,,
소방설비,소방시설공사업(전문),2862,주식회사 원주방재,전춘용,강원,제330호,1583100,,,,,,
소방설비,소방시설공사업(전문),2863,주식회사 비더블유,이연복,인천,2022-02-00216,1582700,,,,,,
소방설비,소방시설공사업(전문),2864,다율이앤씨 주식회사,신명철,서울,2022-02-00480,1580700,,,,,,
소방설비,소방시설공사업(전문),2865,(주)디지털방재이엔지,천명환,서울,2015-02-00246,1578600,,,,,,
소방설비,소방시설공사업(전문),2866,한얼방재(주),박진열,인천,2018-02-00507,1578200,,,,,,
소방설비,소방시설공사업(전문),2867,주식회사 이도소방,박성진,부산,2022-02-00394,1577900,,,,,,
소방설비,소방시설공사업(전문),2868,(주)영진기공,현정규,대구,제2010-26호,1577900,,,,,,
소방설비,소방시설공사업(전문),2869,주식회사 화승이엔아이,장진숙,경기(북),2016-02-00660,1577100,,,,,,
소방설비,소방시설공사업(전문),2870,(주)태극엔지니어링,장순옥,경기(남),경기안양 제2002-14호,1576800,,,,,,
소방설비,소방시설공사업(전문),2871,주식회사 거복공영,박종진,경기(남),2023-02-00336,1576000,,,,,,
소방설비,소방시설공사업(전문),2872,주식회사 우일전력,박춘일,경기(남),2018-02-00263,1572900,,,,,,
소방설비,소방시설공사업(전문),2873,청우기전(주),오병호,서울,2018-02-00343,1572900,,,,,,
소방설비,소방시설공사업(전문),2874,주식회사 세율소방,김윤영,전남광주(전남),2021-02-00513,1572100,,,,,,
소방설비,소방시설공사업(전문),2875,(주)정한엔지니어링,박향숙,경기(북),2024-02-00367,1571700,,,,,,
소방설비,소방시설공사업(전문),2876,주식회사 보우엠이씨,이학성,경기(남),2022-02-00055,1571600,,,,,,
소방설비,소방시설공사업(전문),2877,(주)국제방재서비스,이강호,서울,제관악99-5호,1571400,,,,,,
소방설비,소방시설공사업(전문),2878,엔에스종합건설 주식회사,마성우,전남광주(전남),2021-02-00149,1571000,,,,,,
소방설비,소방시설공사업(전문),2879,(합자)한엔지니어링,이원희,대전,제2009-5호,1570700,,,,,,
소방설비,소방시설공사업(전문),2880,(주)원창설비,주영민,인천,2021-02-00516,1569300,,,,,,
소방설비,소방시설공사업(전문),2881,와이비소방 주식회사,정미자,경기(남),2021-02-00392,1568300,,,,,,
소방설비,소방시설공사업(전문),2882,주식회사 드림이앤에프,박완종,서울,제송파 2008-18호,1568200,,,,,,
소방설비,소방시설공사업(전문),2883,제우일렉스(주),김승환,경기(남),2015-02-00252,1567900,,,,,,
소방설비,소방시설공사업(전문),2884,(주)주한이엔씨,송혜숙,서울,제광진2012-14호,1567800,,,,,,
소방설비,소방시설공사업(전문),2885,건하전력(주),유의종,경기(남),경기시흥 제2005-02호,1567700,,,,,,
소방설비,소방시설공사업(전문),2886,(주)대승전력소방건설,이공순,인천,2017-02-00265,1567300,,,,,,
소방설비,소방시설공사업(전문),2887,주식회사 금옥,박혜영,전북,2015-02-00388,1567000,,,,,,
소방설비,소방시설공사업(전문),2888,상왕기업(주),임정호,대전,제2007-9호,1566500,,,,,,
소방설비,소방시설공사업(전문),2889,동진이엔씨 주식회사,김흥태,강원,2017-02-00427,1565800,,,,,,
소방설비,소방시설공사업(전문),2890,(주)도솔방재,양진숙,경기(남),경기용인공사제2014-04호,1565700,,,,,,
소방설비,소방시설공사업(전문),2891,명광기업(주),이규호,충남,제천안동남 2010-8호,1565500,,,,,,
소방설비,소방시설공사업(전문),2892,주식회사 건영전력,우진경,제주,2019-02-00289,1564300,,,,,,
소방설비,소방시설공사업(전문),2893,(주)종합전력,류형선,부산,2020-02-00101,1563300,,,,,,
소방설비,소방시설공사업(전문),2894,(주)케이지경기방재방염,이혜경,경기(남),2017-02-00443,1562200,,,,,,
소방설비,소방시설공사업(전문),2895,서인전기(주),홍석정,대전,제2012-2호,1561400,,,,,,
소방설비,소방시설공사업(전문),2896,동명건설 주식회사,이민균,대구,제2013-14호,1560700,,,,,,
소방설비,소방시설공사업(전문),2897,유엔아이건설(주),이성환,서울,2016-02-00572,1560200,,,,,,
소방설비,소방시설공사업(전문),2898,주식회사 금정기술단,전효대,대구,2024-02-00044,1560100,,,,,,
소방설비,소방시설공사업(전문),2899,주식회사 흥국기업,고흥선,대전,2020-02-00427,1558200,,,,,,
소방설비,소방시설공사업(전문),2900,(주)오리온아이,김태윤,경기(남),2016-02-00462,1556000,,,,,,
소방설비,소방시설공사업(전문),2901,주식회사 다인이엔지,황진수,대구,2021-02-00202,1554400,,,,,,
소방설비,소방시설공사업(전문),2902,우양이엔지 주식회사,정두용,전남광주(전남),2019-02-00210,1552100,,,,,,
소방설비,소방시설공사업(전문),2903,(주)조은소방기술단,임채운,경남,2022-02-00278,1551900,,,,,,
소방설비,소방시설공사업(전문),2904,유한회사 선명이엔지,이병옥,전북,2020-02-00020,1551300,,,,,,
소방설비,소방시설공사업(전문),2905,주식회사 율원전력,설영임,전남광주(전남),2017-02-00054,1550100,,,,,,
소방설비,소방시설공사업(전문),2906,가나소방이엔씨 유한회사,강부호,전북,2020-02-00377,1549600,,,,,,
소방설비,소방시설공사업(전문),2907,(주)팔팔전기통신소방,김승현,경남,마산2005-7호,1549500,,,,,,
소방설비,소방시설공사업(전문),2908,(주)금광전기,김용광,충남,충남아산제2014-04호,1549400,,,,,,
소방설비,소방시설공사업(전문),2909,주식회사 대신소방,이동환,전북,2021-02-00586,1549300,,,,,,
소방설비,소방시설공사업(전문),2910,주식회사 솔빛이엔지,조삼인,전남광주(광주),2016-02-00547,1548800,,,,,,
소방설비,소방시설공사업(전문),2911,(주)보호,오인옥,강원,제45호,1548200,,,,,,
소방설비,소방시설공사업(전문),2912,주식회사 정림이엔씨,이봉호,경기(북),2016-02-00501,1547600,,,,,,
소방설비,소방시설공사업(전문),2913,대륜소방 주식회사,박동근,강원,2024-02-00005,1547500,,,,,,
소방설비,소방시설공사업(전문),2914,주식회사 세화이엔지,허은주,전북,2024-02-00163,1546800,,,,,,
소방설비,소방시설공사업(전문),2915,(주)조은소방방재,윤창규,대구,2018-02-00532,1546700,,,,,,
소방설비,소방시설공사업(전문),2916,(주)수정환경플랜트,윤인구,경기(북),2018-02-00429,1546400,,,,,,
소방설비,소방시설공사업(전문),2917,유한회사 가람엔지니어링,정건수,전북,2019-02-00179,1546300,,,,,,
소방설비,소방시설공사업(전문),2918,부일건설(주),조병두,전북,전주완산 제2015-5호,1546000,,,,,,
소방설비,소방시설공사업(전문),2919,거산소방(주),김기철,충남,제 충남당진 2014-1호,1546000,,,,,,
소방설비,소방시설공사업(전문),2920,주식회사 경민테크,정인오,경남,2016-02-00197,1545700,,,,,,
소방설비,소방시설공사업(전문),2921,(주)대건소방,김동학,충남,제2001-1호,1544800,,,,,,
소방설비,소방시설공사업(전문),2922,신한전기 주식회사,이원정,경기(북),2020-02-00300,1543800,,,,,,
소방설비,소방시설공사업(전문),2923,(주)연훈,박정호,경기(남),2019-02-00243,1543700,,,,,,
소방설비,소방시설공사업(전문),2924,수호전기통신(주),황수진,대전,제2011-3호,1543500,,,,,,
소방설비,소방시설공사업(전문),2925,주식회사 더블유에프텍,이영길,서울,2019-02-00007,1543100,,,,,,
소방설비,소방시설공사업(전문),2926,주식회사 디에이치소방,김숙희,인천,2020-02-00061,1542400,,,,,,
소방설비,소방시설공사업(전문),2927,(주)이화소방,이혁준,서울,제은평2001-3호,1542000,,,,,,
소방설비,소방시설공사업(전문),2928,주식회사 에이스소방,신찬식,충북,제2013-03호,1542000,,,,,,
소방설비,소방시설공사업(전문),2929,주식회사 영광이엔씨,채성훈,경기(북),2021-02-00096,1541700,,,,,,
소방설비,소방시설공사업(전문),2930,천운소방(주),조부건,부산,2020-02-00202,1541500,,,,,,
소방설비,소방시설공사업(전문),2931,(주)아이에스전력,김미숙,경기(남),2016-02-00323,1541400,,,,,,
소방설비,소방시설공사업(전문),2932,대동소방 주식회사,이승재,경북,2018-02-00457,1541200,,,,,,
소방설비,소방시설공사업(전문),2933,(주)나래엔지니어링,한상민,대전,2016-02-00050,1541000,,,,,,
소방설비,소방시설공사업(전문),2934,주식회사 동성,여운창,충북,제2008-9호,1540400,,,,,,
소방설비,소방시설공사업(전문),2935,주식회사 명문전기소방,김진현,경북,영주제2011-01호,1539800,,,,,,
소방설비,소방시설공사업(전문),2936,(주)동서전기통신,이찬용,인천,인천남동 제2005-21호,1539400,,,,,,
소방설비,소방시설공사업(전문),2937,(주)그린전기소방,박봉선,충남,제2007-7호,1537400,,,,,,
소방설비,소방시설공사업(전문),2938,서부전기(주),이영훈,경기(북),동두천2004-1호,1537300,,,,,,
소방설비,소방시설공사업(전문),2939,(유)호남소방,김성은,전북,전주덕진제2013-02호,1537200,,,,,,
소방설비,소방시설공사업(전문),2940,(주)우신플랜트,김상민,부산,제2012-09호,1536800,,,,,,
소방설비,소방시설공사업(전문),2941,경북소방,박광덕,경북,상주 제2003-5호,1536500,,,,,,
소방설비,소방시설공사업(전문),2942,주식회사 디아이이엔지,이민형,인천,2026-02-00176,1536100,,,,,,
소방설비,소방시설공사업(전문),2943,주식회사 동우이앤에스,김민경,충북,2020-02-00216,1535000,,,,,,
소방설비,소방시설공사업(전문),2944,주식회사 네오스페이스,박종두,충북,청주동부제2014-08호,1534000,,,,,,
소방설비,소방시설공사업(전문),2945,건국방재이엔씨 주식회사,조길선,경기(남),2021-02-00008,1533700,,,,,,
소방설비,소방시설공사업(전문),2946,(주)새론,윤희정,전북,2017-02-00672,1533700,,,,,,
소방설비,소방시설공사업(전문),2947,주식회사 우림소방,오명순,제주,2016-02-00459,1533600,,,,,,
소방설비,소방시설공사업(전문),2948,주식회사 에이에프,박범근,경기(북),2019-02-00175,1533500,,,,,,
소방설비,소방시설공사업(전문),2949,주식회사 신우콘트롤,위강철,경기(북),2021-02-00195,1533200,,,,,,
소방설비,소방시설공사업(전문),2950,주식회사 정우이엔지,김이서,경남,2020-02-00649,1532700,,,,,,
소방설비,소방시설공사업(전문),2951,(주)대연소방,박광봉,서울,동대문2005-12,1532300,,,,,,
소방설비,소방시설공사업(전문),2952,(주)성일기전,김재환,경기(남),2018-02-00422,1531900,,,,,,
소방설비,소방시설공사업(전문),2953,주식회사 부경일레콤,임영춘,전남광주(전남),2018-02-00384,1531400,,,,,,
소방설비,소방시설공사업(전문),2954,주식회사 이륙,김미경,경기(북),2021-02-00035,1530100,,,,,,
소방설비,소방시설공사업(전문),2955,(주)광성기전,김성원,서울,2018-02-00274,1529700,,,,,,
소방설비,소방시설공사업(전문),2956,(유)광성소방,윤봉길,전북,2021-02-00407,1528700,,,,,,
소방설비,소방시설공사업(전문),2957,도원전력(주),이수영,전남광주(광주),제2007-라-10호,1527200,,,,,,
소방설비,소방시설공사업(전문),2958,주식회사 영우,김영우,강원,2021-02-00081,1526800,,,,,,
소방설비,소방시설공사업(전문),2959,민테크,이태민,대전,2021-02-00601,1526000,,,,,,
소방설비,소방시설공사업(전문),2960,(주)신우이엔지,하민호,전남광주(전남),제2009-바-1호,1525900,,,,,,
소방설비,소방시설공사업(전문),2961,(주)육송이엔지,박영주,경기(남),경기안양 제2010-17호,1525900,,,,,,
소방설비,소방시설공사업(전문),2962,(주)천연소방,이재천,대전,제2000-10호,1524600,,,,,,
소방설비,소방시설공사업(전문),2963,명성이엔씨 주식회사,김형각,경기(남),2020-02-00514,1523800,,,,,,
소방설비,소방시설공사업(전문),2964,(주)한창이엔지,문만수,부산,제2010-08호,1523600,,,,,,
소방설비,소방시설공사업(전문),2965,주식회사 열방,김선영,경북,2022-02-00424,1523400,,,,,,
소방설비,소방시설공사업(전문),2966,주식회사 현승,양동임,경기(남),2021-02-00381,1522600,,,,,,
소방설비,소방시설공사업(전문),2967,(주)우명이엔지,이군연,전남광주(광주),제2013-라-5호,1522400,,,,,,
소방설비,소방시설공사업(전문),2968,(주)두산전기,김은정,강원,제306호,1522100,,,,,,
소방설비,소방시설공사업(전문),2969,서광종합개발(주),이정익,서울,제종로1985-11호,1521700,,,,,,
소방설비,소방시설공사업(전문),2970,(주)삼일소방,조경희,울산,2015-02-00343,1521600,,,,,,
소방설비,소방시설공사업(전문),2971,(주)대경기전,함문상,인천,2016-02-00502,1519600,,,,,,
소방설비,소방시설공사업(전문),2972,(주)동일이엔지,이동식,경기(북),경기파주 제2010-2호,1518500,,,,,,
소방설비,소방시설공사업(전문),2973,(주)태화소방방재,임혜경,경기(북),2019-02-00352,1518100,,,,,,
소방설비,소방시설공사업(전문),2974,태지종합건설(주),박명호,강원,2026-02-00046,1516400,,,,,,
소방설비,소방시설공사업(전문),2975,주식회사 아울이앤디,정태봉,경남,2024-02-00092,1514800,,,,,,
소방설비,소방시설공사업(전문),2976,주식회사 신진이엔지,임병일,대전,2018-02-00366,1514800,,,,,,
소방설비,소방시설공사업(전문),2977,호산방재이앤씨 주식회사,김남주,경기(남),2020-02-00127,1514700,,,,,,
소방설비,소방시설공사업(전문),2978,주식회사 동신,남상모,경북,2016-02-00651,1513900,,,,,,
소방설비,소방시설공사업(전문),2979,(유)서부건설,심상배,전남광주(광주),제서부2000-나-5호,1513200,,,,,,
소방설비,소방시설공사업(전문),2980,길연소방(주),김경지,부산,제2015-02호,1512400,,,,,,
소방설비,소방시설공사업(전문),2981,주식회사 일신테크,신종한,경기(남),2022-02-00240,1511100,,,,,,
소방설비,소방시설공사업(전문),2982,대광전력(주),엄도현,경기(북),2019-02-00161,1509500,,,,,,
소방설비,소방시설공사업(전문),2983,(주)유경,전현미,강원,제252호,1509300,,,,,,
소방설비,소방시설공사업(전문),2984,주식회사 마글론이에프씨,김광석,서울,2019-02-00338,1508200,,,,,,
소방설비,소방시설공사업(전문),2985,(주)동해소방,함성희,강원,제282호,1507900,,,,,,
소방설비,소방시설공사업(전문),2986,동원엔지니어링(주),주재득,대전,제95-33호,1507300,,,,,,
소방설비,소방시설공사업(전문),2987,선무전기공사,문진길,경남,창녕 소방 제2007-01호,1505800,,,,,,
소방설비,소방시설공사업(전문),2988,한국소방,김용근,경남,양산1997-1호,1505500,,,,,,
소방설비,소방시설공사업(전문),2989,주식회사 지엘소방,김인순,전남광주(전남),2023-02-00254,1505300,,,,,,
소방설비,소방시설공사업(전문),2990,남부전력 주식회사,정태성,전남광주(전남),제2011-아-1호,1504500,,,,,,
소방설비,소방시설공사업(전문),2991,경남전력 주식회사,변정윤,경남,경남 창원 제2006-9호,1504200,,,,,,
소방설비,소방시설공사업(전문),2992,한국설비건설협동조합,송주만,전북,2019-02-00166,1503900,,,,,,
소방설비,소방시설공사업(전문),2993,삼영전력 주식회사,이춘희,충북,2019-02-00496,1503700,,,,,,
소방설비,소방시설공사업(전문),2994,아주건설 주식회사,김수홍,전남광주(전남),2021-02-00162,1503300,,,,,,
소방설비,소방시설공사업(전문),2995,(주)영남엔지니어링,정경희,경북,제2007-1호,1502900,,,,,,
소방설비,소방시설공사업(전문),2996,주식회사 지비소방,임종래,경기(남),2023-02-00353,1502700,,,,,,
소방설비,소방시설공사업(전문),2997,남도건설(주),이훈,전남광주(전남),제2012-카-07호,1502500,,,,,,
소방설비,소방시설공사업(전문),2998,(주)에스원,정해린,서울,제중부 1994-2호,1502100,,,,,,
소방설비,소방시설공사업(전문),2998,엘티삼보 주식회사,이상덕,부산,2016-02-00510,1502100,,,,,,
소방설비,소방시설공사업(전문),2998,(주)지엔텔,이맹희,서울,제구로2010-19호,1502100,,,,,,
소방설비,소방시설공사업(전문),3001,주식회사 갑천이엔지,허정현,대전,2019-02-00390,1501800,,,,,,
소방설비,소방시설공사업(전문),3002,주식회사 천고방재,김기득,경남,2018-02-00096,1501500,,,,,,
소방설비,소방시설공사업(전문),3003,(주)평화종합건설,이재수,서울,2016-02-00194,1501200,,,,,,
소방설비,소방시설공사업(전문),3004,부림소방이앤씨(주),박복란,경북,2015-02-00105,1500900,,,,,,
소방설비,소방시설공사업(전문),3005,(주)에이치에스청명,강인환,대구,2019-02-00483,1500400,,,,,,
소방설비,소방시설공사업(전문),3006,(주)무진전설,조창래,경남,창원 제2007-8호,1500100,,,,,,
소방설비,소방시설공사업(전문),3007,주식회사 울트라이엔지,김영국,경남,2019-02-00576,1498800,,,,,,
소방설비,소방시설공사업(전문),3008,주식회사 에어맥스,김성수,대전,제2015-2호,1498300,,,,,,
소방설비,소방시설공사업(전문),3009,한국소방방재 주식회사,박완준,충남,2020-02-00194,1498300,,,,,,
소방설비,소방시설공사업(전문),3010,남도이엔지 주식회사,김대운,경북,2019-02-00252,1498000,,,,,,
소방설비,소방시설공사업(전문),3011,(주)가람이엔씨,유인상,인천,인천공단제2015-01호,1496100,,,,,,
소방설비,소방시설공사업(전문),3012,(주)세경,서창덕,제주,제2005-67호,1495700,,,,,,
소방설비,소방시설공사업(전문),3013,한빛전기소방공사(주),맹중철,경남,경남 함양 제2009-03호,1495600,,,,,,
소방설비,소방시설공사업(전문),3014,(주)대평전기,박순애,인천,인천강화 제2009-7호,1494400,,,,,,
소방설비,소방시설공사업(전문),3015,주식회사 한들,정민호,전남광주(전남),2021-02-00137,1494300,,,,,,
소방설비,소방시설공사업(전문),3016,진시스템,이형진,인천,제2007-04호,1494200,,,,,,
소방설비,소방시설공사업(전문),3017,백석이엔지 주식회사,이희상,경기(남),2021-02-00192,1493300,,,,,,
소방설비,소방시설공사업(전문),3018,재성종합건설(주),권오일,경기(남),2021-02-00346,1493200,,,,,,
소방설비,소방시설공사업(전문),3019,주식회사 영광이에프씨,김영권,경기(북),2021-02-00145,1492700,,,,,,
소방설비,소방시설공사업(전문),3020,주식회사 금탑,유형순,경기(남),경기성남 제2010-07호,1492200,,,,,,
소방설비,소방시설공사업(전문),3021,이스타건설 주식회사,김찬우,강원,2022-02-00204,1490200,,,,,,
소방설비,소방시설공사업(전문),3022,(주)이경소방,설양우,경남,2021-02-00480,1489500,,,,,,
소방설비,소방시설공사업(전문),3023,주식회사 에이스방재,김형석,경기(북),2022-02-00502,1488900,,,,,,
소방설비,소방시설공사업(전문),3024,(주)조영,양금선,제주,제제주-2010-07호,1488200,,,,,,
소방설비,소방시설공사업(전문),3025,(주)동광전기,박상립,경기(남),경기광주 제2010-3호,1488000,,,,,,
소방설비,소방시설공사업(전문),3026,(주)진솔이앤지,김도선,경기(북),경기남양주 제2010-12호,1486700,,,,,,
소방설비,소방시설공사업(전문),3027,주식회사 동부이엔씨,양총모,전남광주(전남),2016-02-00262,1486700,,,,,,
소방설비,소방시설공사업(전문),3028,(주)우리방재산업,이상윤,울산,2017-02-00116,1486600,,,,,,
소방설비,소방시설공사업(전문),3029,(주)범양이엔씨,안선희,경기(북),경기양주 제2013-7호,1485200,,,,,,
소방설비,소방시설공사업(전문),3030,(주)태화산업,차준오,전남광주(전남),2021-02-00012,1484400,,,,,,
소방설비,소방시설공사업(전문),3031,(주)호성건설,정인수,경기(남),경기시흥 제2005-07 호,1482900,,,,,,
소방설비,소방시설공사업(전문),3032,(주)송정이앤씨,김남규,서울,2019-02-00324,1482300,,,,,,
소방설비,소방시설공사업(전문),3033,(주)삼진씨앤씨,이석우,대구,제2000-2호,1481700,,,,,,
소방설비,소방시설공사업(전문),3034,명문전기 주식회사,이병종,대구,2025-02-00299,1481600,,,,,,
소방설비,소방시설공사업(전문),3035,주식회사 이화이앤에프,박소연,인천,2023-02-00344,1480400,,,,,,
소방설비,소방시설공사업(전문),3036,주식회사 한성소방이엔지,정재중,부산,2016-02-00483,1479900,,,,,,
소방설비,소방시설공사업(전문),3037,한국소방이엔지 주식회사,양일택,경기(북),2016-02-00128,1479500,,,,,,
소방설비,소방시설공사업(전문),3038,(주)다웅네트웍스,이태용,경북,2016-02-00349,1479500,,,,,,
소방설비,소방시설공사업(전문),3039,(주)건호이엔씨,정성호,울산,2022-02-00220,1478900,,,,,,
소방설비,소방시설공사업(전문),3040,성산전설(주),조희성,서울,제마포 97-4호,1478300,,,,,,
소방설비,소방시설공사업(전문),3041,주식회사 포유전력,박윤복,대구,2024-02-00157,1478000,,,,,,
소방설비,소방시설공사업(전문),3042,태승디엔씨(주),양낙승,서울,제중부2005-1호,1476700,,,,,,
소방설비,소방시설공사업(전문),3043,(주)재경이앤에프,공종천,경기(북),2020-02-00494,1474400,,,,,,
소방설비,소방시설공사업(전문),3044,금광전설(주),박종갑,서울,제광진1985-9호,1473800,,,,,,
소방설비,소방시설공사업(전문),3045,주식회사 세한,노옥례,강원,2022-02-00107,1473700,,,,,,
소방설비,소방시설공사업(전문),3046,명성종합소방설비(주),홍인호,경기(남),2020-02-00466,1473000,,,,,,
소방설비,소방시설공사업(전문),3047,주식회사 한백종합건설,소응두,전북,2020-02-00173,1472300,,,,,,
소방설비,소방시설공사업(전문),3048,주식회사 대성소방,강문철,전남광주(전남),2016-02-00138,1471600,,,,,,
소방설비,소방시설공사업(전문),3049,주식회사 하정전력,류해열,울산,2021-02-00400,1471500,,,,,,
소방설비,소방시설공사업(전문),3050,(주)성심전력,박제경,충남,2022-02-00234,1471300,,,,,,
소방설비,소방시설공사업(전문),3051,(주)우진,진귀남,경남,마산1998-4호,1471000,,,,,,
소방설비,소방시설공사업(전문),3052,준영공영(주),정종인,서울,제구로2012-12호,1470300,,,,,,
소방설비,소방시설공사업(전문),3053,주식회사 우리전설,김남식,부산,2016-02-00348,1470000,,,,,,
소방설비,소방시설공사업(전문),3054,주식회사 이에프엔지니어링,김효석,경기(남),2016-02-00417,1469900,,,,,,
소방설비,소방시설공사업(전문),3055,(주)유신방재,장승호,울산,제2005-13호,1469000,,,,,,
소방설비,소방시설공사업(전문),3056,이에스텍 주식회사,임정만,경기(남),2022-02-00439,1468500,,,,,,
소방설비,소방시설공사업(전문),3057,(주)한영소방엔지니어링,노근호,경남,2019-02-00557,1468500,,,,,,
소방설비,소방시설공사업(전문),3058,(주)세원소방,조성실,전남광주(전남),제2008-아-5호,1467800,,,,,,
소방설비,소방시설공사업(전문),3059,(주)국제설비소방,박상희,강원,제89호,1467800,,,,,,
소방설비,소방시설공사업(전문),3060,주식회사 동광,이준영,경기(북),2021-02-00322,1466700,,,,,,
소방설비,소방시설공사업(전문),3061,주식회사 라온방재,김수락,경기(남),2023-02-00217,1466600,,,,,,
소방설비,소방시설공사업(전문),3062,주식회사 대산,채지현,경북,2019-02-00150,1466500,,,,,,
소방설비,소방시설공사업(전문),3063,(주)에이스방재,김광진,부산,제2005-44호,1466400,,,,,,
소방설비,소방시설공사업(전문),3064,서진설비산업 주식회사,박정아,울산,2021-02-00560,1466300,,,,,,
소방설비,소방시설공사업(전문),3065,대영소방기술(주),권성호,대구,2022-02-00200,1466200,,,,,,
소방설비,소방시설공사업(전문),3066,(주)오천소방,신미순,인천,2021-02-00618,1465500,,,,,,
소방설비,소방시설공사업(전문),3067,주식회사 드림이앤지,박홍섭,충북,2015-02-00431,1465100,,,,,,
소방설비,소방시설공사업(전문),3068,주식회사 한신전기,이미경,경북,2016-02-00541,1464900,,,,,,
소방설비,소방시설공사업(전문),3069,금평전설(주),김순희,충북,제2001-14호,1464800,,,,,,
소방설비,소방시설공사업(전문),3070,아름공영(주),김정언,경기(남),2018-02-00169,1464700,,,,,,
소방설비,소방시설공사업(전문),3071,대덕전력(주),김병건,경기(남),2017-02-00546,1463000,,,,,,
소방설비,소방시설공사업(전문),3072,호성소방설비,천영철,경남,제진주 1998-6호,1462200,,,,,,
소방설비,소방시설공사업(전문),3073,창현건설(주),최승식,인천,인천남부 제2007-19호,1462200,,,,,,
소방설비,소방시설공사업(전문),3074,주식회사 재연이앤씨,박재완,서울,2015-02-00024,1462100,,,,,,
소방설비,소방시설공사업(전문),3075,주식회사 천가소방,천기성,충남,2022-02-00330,1461000,,,,,,
소방설비,소방시설공사업(전문),3076,(주)경일전공,정요진,서울,2016-02-00539,1460800,,,,,,
소방설비,소방시설공사업(전문),3077,(주)한울이엔지,김희식,서울,2020-02-00238,1460000,,,,,,
소방설비,소방시설공사업(전문),3078,우림소방산업(주),이준기,경기(남),2021-02-00568,1457900,,,,,,
소방설비,소방시설공사업(전문),3079,가야소방기술(주),안원학,울산,제2012-5호,1457500,,,,,,
소방설비,소방시설공사업(전문),3080,주식회사 대경이엔에스,원애경,경기(남),2021-02-00371,1454900,,,,,,
소방설비,소방시설공사업(전문),3081,주식회사 진유,이명선,세종,2016-02-00397,1454700,,,,,,
소방설비,소방시설공사업(전문),3082,상도종합건설 주식회사,박동필,충남,2021-02-00216,1453900,,,,,,
소방설비,소방시설공사업(전문),3083,(주)우정넷,류성열,대전,2018-02-00294,1453400,,,,,,
소방설비,소방시설공사업(전문),3084,(주)수성방재,배성근,대구,제2007-24호,1452200,,,,,,
소방설비,소방시설공사업(전문),3085,(주)광명전설,한광석,강원,제225호,1451900,,,,,,
소방설비,소방시설공사업(전문),3086,(주)금산소방,이대육,인천,인천부평 제2012-06호,1451800,,,,,,
소방설비,소방시설공사업(전문),3087,(주)한창전기공사,정순홍,부산,제85-4호,1451300,,,,,,
소방설비,소방시설공사업(전문),3088,주식회사 이원전력,이연우,대구,2016-02-00084,1451000,,,,,,
소방설비,소방시설공사업(전문),3089,신일방재주식회사,황성률,울산,제2014-1호,1450600,,,,,,
소방설비,소방시설공사업(전문),3090,주식회사 금화전통,송영준,경기(남),2016-02-00295,1450200,,,,,,
소방설비,소방시설공사업(전문),3091,주식회사 우림전력,장창호,전남광주(전남),2021-02-00267,1449300,,,,,,
소방설비,소방시설공사업(전문),3092,(주)동경이엔지,권영훈,부산,제2003-24호,1448200,,,,,,
소방설비,소방시설공사업(전문),3093,신안전기 주식회사,오문용,서울,2024-02-00090,1448000,,,,,,
소방설비,소방시설공사업(전문),3094,세움전기 주식회사,김진태,경북,2016-02-00328,1447600,,,,,,
소방설비,소방시설공사업(전문),3095,동백소방 주식회사,김선화,전남광주(전남),2022-02-00260,1447500,,,,,,
소방설비,소방시설공사업(전문),3096,(주)부경이앤지,김미숙,경기(남),2024-02-00219,1446100,,,,,,
소방설비,소방시설공사업(전문),3097,(주)일진이에프씨,함상열,강원,제264호,1445600,,,,,,
소방설비,소방시설공사업(전문),3098,(유)삼부소방,전승식,전북,2017-02-00337,1444800,,,,,,
소방설비,소방시설공사업(전문),3099,대원일렉콘(주),박윤섭,서울,제송파 2002-9호,1444100,,,,,,
소방설비,소방시설공사업(전문),3100,(주)보선,송보슬,전남광주(전남),제2006-가-25호,1443800,,,,,,
소방설비,소방시설공사업(전문),3101,(주)신광,이종호,전북,전북군산 제2001-4호,1443200,,,,,,
소방설비,소방시설공사업(전문),3102,주식회사 가온소방방재,최미영,충북,2021-02-00581,1443100,,,,,,
소방설비,소방시설공사업(전문),3103,주식회사 직지소방,이인영,충북,2020-02-00030,1442900,,,,,,
소방설비,소방시설공사업(전문),3104,(주)금화소방,정왕헌,부산,2018-02-00004,1442800,,,,,,
소방설비,소방시설공사업(전문),3105,(주)거성방재시스템,오기윤,경기(북),2015-02-00348,1442000,,,,,,
소방설비,소방시설공사업(전문),3106,(주)범일소방,문성애,전남광주(광주),2024-02-00142,1441500,,,,,,
소방설비,소방시설공사업(전문),3107,주식회사 동방엔지니어링,최진영,서울,2021-02-00563,1440500,,,,,,
소방설비,소방시설공사업(전문),3108,(주)케이소방,박경태,경남,2018-02-00092,1440300,,,,,,
소방설비,소방시설공사업(전문),3109,주식회사 제이아이이앤지,한재우,부산,2020-02-00043,1439500,,,,,,
소방설비,소방시설공사업(전문),3110,주식회사 범창소방,이상구,충남,천안서북제2011-1호,1438500,,,,,,
소방설비,소방시설공사업(일반·기계),3,주식회사 비젼이엔지,김필석,서울,2019-02-00185,1438000,,,,,,
소방설비,소방시설공사업(전문),3111,금화군 주식회사,류미순,전북,2019-02-00200,1436800,,,,,,
소방설비,소방시설공사업(전문),3112,(주)세이프텍,김태호,인천,2016-02-00545,1436400,,,,,,
소방설비,소방시설공사업(전문),3113,(주)에스디,정숙아,전남광주(전남),제2007-다-4호,1435500,,,,,,
소방설비,소방시설공사업(전문),3114,태흥개발(주),김성수,대구,제2012-7호,1435300,,,,,,
소방설비,소방시설공사업(전문),3115,엠알솔루션,박순례,경기(남),2024-02-00156,1434800,,,,,,
소방설비,소방시설공사업(전문),3116,주식회사 신일방재,신광일,강원,2017-02-00403,1434700,,,,,,
소방설비,소방시설공사업(전문),3117,주식회사 영동방재,허창균,강원,2019-02-00437,1434600,,,,,,
소방설비,소방시설공사업(전문),3118,호준전업(주),인순이,충남,제2008-1호,1434100,,,,,,
소방설비,소방시설공사업(전문),3119,주식회사 엔케이이엔지,정은하,경기(북),경기의정부 제2011-5호,1433400,,,,,,
소방설비,소방시설공사업(전문),3120,주식회사 해원전력,천애자,전남광주(전남),2020-02-00476,1432800,,,,,,
소방설비,소방시설공사업(전문),3121,주식회사 진명전력,장종민,전북,2021-02-00074,1432400,,,,,,
소방설비,소방시설공사업(전문),3122,주식회사 그린방재이엔씨,김일겸,경기(남),2019-02-00048,1431900,,,,,,
소방설비,소방시설공사업(전문),3123,주식회사 종로소방,강기현,서울,2018-02-00240,1431600,,,,,,
소방설비,소방시설공사업(전문),3124,에바다일렉컴 주식회사,손형관,서울,2017-02-00524,1430900,,,,,,
소방설비,소방시설공사업(전문),3125,(주)성민소방,유근호,경기(남),2018-02-00536,1429500,,,,,,
소방설비,소방시설공사업(전문),3126,주식회사 경원소방,전남기,충남,2021-02-00205,1429200,,,,,,
소방설비,소방시설공사업(전문),3127,(주)태성전력,이복규,충남,제충남태안 2006-1호,1428700,,,,,,
소방설비,소방시설공사업(전문),3128,주식회사 해누리이엔씨,윤창근,대구,2021-02-00458,1428700,,,,,,
소방설비,소방시설공사업(전문),3129,광덕전력(주),고윤석,제주,제 2007-101호,1428700,,,,,,
소방설비,소방시설공사업(전문),3130,주식회사 소방인,인대환,경기(남),2020-02-00092,1427800,,,,,,
소방설비,소방시설공사업(전문),3131,(주)한승전력,오준용,경북,2024-02-00363,1427400,,,,,,
소방설비,소방시설공사업(전문),3132,동하시티개발(주),윤종사,경기(남),2021-02-00619,1426800,,,,,,
소방설비,소방시설공사업(전문),3133,(주)남향,정은자,충북,제99-14호,1425900,,,,,,
소방설비,소방시설공사업(전문),3134,(주)오르비스,소수일,경기(남),경기성남 제2012-1호,1424600,,,,,,
소방설비,소방시설공사업(전문),3135,주식회사 영신산업,최상용,경북,2020-02-00051,1424400,,,,,,
소방설비,소방시설공사업(전문),3136,(주)영호소방전기,조영호,충북,괴산제2014-1호,1423900,,,,,,
소방설비,소방시설공사업(전문),3137,한국방재(주),오창헌,대구,제2002-19호,1423800,,,,,,
소방설비,소방시설공사업(전문),3138,에스에스이엔씨(주),김진광,경기(남),경기화성 제2008-48호,1423500,,,,,,
소방설비,소방시설공사업(전문),3139,주식회사 희성이앤씨,임경연,경기(남),2023-02-00162,1423100,,,,,,
소방설비,소방시설공사업(전문),3140,주식회사 대양방재,이미르,경기(북),2022-02-00405,1422100,,,,,,
소방설비,소방시설공사업(전문),3141,하나소방 주식회사,이다연,경북,2019-02-00009,1421000,,,,,,
소방설비,소방시설공사업(전문),3142,주식회사 양명이엔씨,양선만,제주,2020-02-00469,1421000,,,,,,
소방설비,소방시설공사업(전문),3143,상명이엔씨 주식회사,이종원,전북,2015-02-00077,1420600,,,,,,
소방설비,소방시설공사업(전문),3144,한일전설(주),권태수,울산,제 2007-8호,1420500,,,,,,
소방설비,소방시설공사업(전문),3145,(주)일원산업,김민수,경기(남),2024-02-00323,1420300,,,,,,
소방설비,소방시설공사업(전문),3146,동광이앤지 주식회사,윤점숙,전남광주(전남),제2007-다-1호,1420100,,,,,,
소방설비,소방시설공사업(전문),3147,대왕전기공사,김창수,경북,제영천2010-2호,1419300,,,,,,
소방설비,소방시설공사업(전문),3148,아람테크 주식회사,이기영,제주,2024-02-00057,1419300,,,,,,
소방설비,소방시설공사업(전문),3149,(주)대동소방,이상숙,인천,인천중부제2013-02호,1419100,,,,,,
소방설비,소방시설공사업(전문),3150,(주)대성소방방재,전미순,강원,제267호,1418400,,,,,,
소방설비,소방시설공사업(전문),3151,(주)방주소방,김상은,대전,제2002-4호,1418200,,,,,,
소방설비,소방시설공사업(전문),3152,세진소방기술(주),이의식,서울,제광진1997-4호,1416800,,,,,,
소방설비,소방시설공사업(전문),3153,주식회사 건일소방,김민성,전북,2022-02-00287,1416600,,,,,,
소방설비,소방시설공사업(전문),3154,주식회사 한주,정균필,세종,2024-02-00129,1416300,,,,,,
소방설비,소방시설공사업(전문),3155,세이프엔지니어링(주),정철민,부산,제2013-26호,1416300,,,,,,
소방설비,소방시설공사업(전문),3156,주식회사 강남소방전력,전용득,경북,제2012-1호,1416000,,,,,,
소방설비,소방시설공사업(전문),3157,솔로몬방재엔지니어링(주),김용옥,서울,제중랑 2007-5호,1416000,,,,,,
소방설비,소방시설공사업(전문),3158,(자)자유이엔씨,김재필,전남광주(전남),제98-13호,1416000,,,,,,
소방설비,소방시설공사업(전문),3159,(주)대인정보통신,유재호,서울,2018-02-00531,1415800,,,,,,
소방설비,소방시설공사업(전문),3160,문경전기정보통신,김재오,경북,2021-02-00025,1415300,,,,,,
소방설비,소방시설공사업(전문),3161,한국전기안전써비스 주식회사,고준영,서울,2019-02-00021,1415300,,,,,,
소방설비,소방시설공사업(전문),3162,주식회사 대명파워텍,노승미,충북,2016-02-00268,1414900,,,,,,
소방설비,소방시설공사업(전문),3163,주식회사 이레이앤씨,조승규,충남,제2007-1호,1413300,,,,,,
소방설비,소방시설공사업(전문),3164,(주)서호이엔지,문경석,대구,제2010-11호,1413300,,,,,,
소방설비,소방시설공사업(전문),3165,(주)우정기계건설,이미정,강원,제197호,1412900,,,,,,
소방설비,소방시설공사업(전문),3166,(주)보광전기,김정해,경남,2017-02-00553,1412600,,,,,,
소방설비,소방시설공사업(전문),3167,(주)금샘방재,류희석,부산,2018-02-00253,1412600,,,,,,
소방설비,소방시설공사업(전문),3168,(합)중앙소방,편종철,경북,포항2000-3,1412600,,,,,,
소방설비,소방시설공사업(전문),3169,(주)성두이엔씨,유정호,인천,인천남동 제2008-8호,1412300,,,,,,
소방설비,소방시설공사업(전문),3170,원탑 주식회사,신기남,경기(남),2019-02-00563,1412200,,,,,,
소방설비,소방시설공사업(전문),3171,(주)대원이엔씨,윤도은,경북,2021-02-00483,1412200,,,,,,
소방설비,소방시설공사업(전문),3172,주식회사 경기기공,김남선,경기(북),2025-02-00032,1410900,,,,,,
소방설비,소방시설공사업(전문),3173,(주)국제소방공사,최미옥,전남광주(광주),제2012-마-2호,1410600,,,,,,
소방설비,소방시설공사업(전문),3174,(주)미래전설,손승기,서울,2020-02-00554,1410100,,,,,,
소방설비,소방시설공사업(전문),3175,주식회사 서해전력,최동순,충남,제2008-1호,1409300,,,,,,
소방설비,소방시설공사업(전문),3176,주식회사 대창전력,조문수,전남광주(전남),제2013-차-2호,1409200,,,,,,
소방설비,소방시설공사업(전문),3177,주식회사 이제이엔지니어링,김진우,경기(남),2022-02-00064,1408100,,,,,,
소방설비,소방시설공사업(전문),3178,세이프소방방재 주식회사,정 훈,대구,2019-02-00448,1407200,,,,,,
소방설비,소방시설공사업(전문),3179,(주)유비파워텍,송병호,강원,제226호,1406900,,,,,,
소방설비,소방시설공사업(전문),3180,주식회사 미래소방,양호철,제주,2021-02-00115,1406900,,,,,,
소방설비,소방시설공사업(전문),3181,"에이엘(AL) 전기,소방",김기욱,인천,2020-02-00130,1405800,,,,,,
소방설비,소방시설공사업(전문),3182,주식회사 명인세이프티,유희진,인천,2024-02-00061,1405400,,,,,,
소방설비,소방시설공사업(전문),3183,주식회사 경동소방이엔씨,박종규,경남,2017-02-00307,1404700,,,,,,
소방설비,소방시설공사업(전문),3184,삼화전력(주),안혁찬,경남,2020-02-00103,1404600,,,,,,
소방설비,소방시설공사업(전문),3185,주식회사 시트론,권혁준,인천,2018-02-00454,1404500,,,,,,
소방설비,소방시설공사업(전문),3186,(주)대영이앤에프,이상만,서울,2015-02-00023,1403800,,,,,,
소방설비,소방시설공사업(전문),3187,주식회사 대경,엄혜원,전남광주(전남),2021-02-00283,1402600,,,,,,
소방설비,소방시설공사업(전문),3188,수범전기(주),김말선,경북,제 07-5호,1401200,,,,,,
소방설비,소방시설공사업(전문),3189,(주)극동파워테크,배철한,서울,2021-02-00645,1400800,,,,,,
소방설비,소방시설공사업(전문),3190,주식회사 광양전기,오명석,세종,제2013-1-47호,1400800,,,,,,
소방설비,소방시설공사업(전문),3191,(주)아이엔지소방,김상태,서울,제서초2010-21호,1400700,,,,,,
소방설비,소방시설공사업(전문),3192,성원건설 주식회사,이석곤,경기(남),2022-02-00400,1400000,,,,,,
소방설비,소방시설공사업(전문),3193,대한건영(주),김구희,경기(남),2022-02-00164,1399800,,,,,,
소방설비,소방시설공사업(전문),3194,주식회사 태경테크,김성기,경기(남),2020-02-00118,1399500,,,,,,
소방설비,소방시설공사업(전문),3195,(유)도성소방,이현정,전북,2022-02-00348,1398500,,,,,,
소방설비,소방시설공사업(전문),3196,(주)대구소방,김영환,대구,제2009-28호,1398000,,,,,,
소방설비,소방시설공사업(전문),3197,(주)대한전기,지임성,경북,제문경2011-1호,1397900,,,,,,
소방설비,소방시설공사업(전문),3198,주식회사 덕양이엔티,이기성,충남,2021-02-00453,1397900,,,,,,
소방설비,소방시설공사업(전문),3199,한국소방(주),임동영,울산,제 2005-11호,1397500,,,,,,
소방설비,소방시설공사업(전문),3200,수경이앤에프 주식회사,김태형,인천,2022-02-00184,1396700,,,,,,
소방설비,소방시설공사업(전문),3201,주식회사 선진소방기술,이복식,경기(남),2019-02-00417,1394400,,,,,,
소방설비,소방시설공사업(전문),3202,(자)제일소방,박기호,경북,제구미 95-5호,1394000,,,,,,
소방설비,소방시설공사업(전문),3203,주식회사 삼일기계설비,강경호,강원,2015-02-00375,1393400,,,,,,
소방설비,소방시설공사업(전문),3204,(주)제일이엔지,이점형,경북,2020-02-00279,1392800,,,,,,
소방설비,소방시설공사업(전문),3205,(주)선우방재,박영진,서울,제동대문2015-01호,1392800,,,,,,
소방설비,소방시설공사업(전문),3206,(주)천우설비,안진환,서울,2016-02-00159,1392400,,,,,,
소방설비,소방시설공사업(전문),3207,(주)대경소방,고정순,경북,2020-02-00180,1392300,,,,,,
소방설비,소방시설공사업(전문),3208,(주)대화,이승훈,인천,2017-02-00124,1392200,,,,,,
소방설비,소방시설공사업(전문),3209,(주)성은전설,김지영,경남,경남마산제2011-02호,1392000,,,,,,
소방설비,소방시설공사업(전문),3210,(주)코원건설,이규식,경기(남),2017-02-00152,1391300,,,,,,
소방설비,소방시설공사업(전문),3211,(주)임하엔지니어링,정의권,대구,제2008-20호,1390200,,,,,,
소방설비,소방시설공사업(전문),3212,(주)나진,이장미,강원,2020-02-00012,1390100,,,,,,
소방설비,소방시설공사업(전문),3213,거윤기업 주식회사,오주영,제주,2024-02-00281,1389100,,,,,,
소방설비,소방시설공사업(전문),3214,상리건설(주),양홍기,강원,제290호,1388800,,,,,,
소방설비,소방시설공사업(전문),3215,주식회사 플러스현림,이은희,경기(남),2019-02-00591,1388000,,,,,,
소방설비,소방시설공사업(전문),3216,(주)원준이앤씨 (E＆C),정은희,경기(남),2018-02-00309,1387900,,,,,,
소방설비,소방시설공사업(전문),3217,주식회사 철탑,권용선,경기(남),2016-02-00540,1387500,,,,,,
소방설비,소방시설공사업(전문),3218,(주)대원기공,전한진,경기(남),2019-02-00550,1387500,,,,,,
소방설비,소방시설공사업(전문),3219,서강기업(주),김상진,인천,인천중부 제2010-04호,1387400,,,,,,
소방설비,소방시설공사업(전문),3220,(주) 두리공영,김형수,경기(남),2019-02-00174,1387400,,,,,,
소방설비,소방시설공사업(전문),3221,동양종합엔지니어링 주식회사,김용순,경기(북),2017-02-00165,1387200,,,,,,
소방설비,소방시설공사업(전문),3222,지성소방 주식회사,이광식,경기(남),2018-02-00490,1387100,,,,,,
소방설비,소방시설공사업(전문),3223,거성일렉콤(주),박성래,서울,제서초 2004-32호,1386800,,,,,,
소방설비,소방시설공사업(전문),3224,에스엠이앤씨(주),박은기,경기(남),2017-02-00126,1386500,,,,,,
소방설비,소방시설공사업(전문),3225,주식회사 로얄엔지니어링,오상수,대전,2017-02-00097,1386000,,,,,,
소방설비,소방시설공사업(전문),3226,주식회사 덕산전설,곽레아,세종,2017-02-00478,1385500,,,,,,
소방설비,소방시설공사업(전문),3227,영재전기(주),기호성,전남광주(전남),2015-02-00298,1385000,,,,,,
소방설비,소방시설공사업(전문),3228,(주)진성기업,오태석,경기(남),경기안양 제2007-21호,1384600,,,,,,
소방설비,소방시설공사업(전문),3229,(주)불꽃,김재윤,서울,제송파1998-11호,1383900,,,,,,
소방설비,소방시설공사업(전문),3230,명하기업 주식회사,양경숙,인천,2021-02-00504,1383800,,,,,,
소방설비,소방시설공사업(전문),3231,새천년종합건설(주),정기승,전남광주(전남),제2012-라-3호,1383500,,,,,,
소방설비,소방시설공사업(전문),3232,해한AI엔지니어링,신재우,서울,2021-02-00139,1383000,,,,,,
소방설비,소방시설공사업(전문),3233,주식회사 가람공영,박종성,인천,2022-02-00080,1381600,,,,,,
소방설비,소방시설공사업(전문),3234,(주)무계소방,조동수,대구,제2012-15호,1380500,,,,,,
소방설비,소방시설공사업(전문),3235,주식회사 이에스방재,성낙길,충북,2022-02-00115,1379500,,,,,,
소방설비,소방시설공사업(전문),3236,남도엔지니어링(주),백명기,서울,제강남2014-04호,1379400,,,,,,
소방설비,소방시설공사업(전문),3237,(유)창성엔지니어링,이창호,전북,전북익산 제2008-3호,1378600,,,,,,
소방설비,소방시설공사업(전문),3238,(주)선광전설,권순광,서울,제강북1992-1호,1377900,,,,,,
소방설비,소방시설공사업(전문),3239,삼성소방전기공사,황경호,경남,제진해 1998-1호,1377100,,,,,,
소방설비,소방시설공사업(전문),3240,주식회사 엠와이건설,박봄이,경기(남),경기광명 제2011-5호,1375800,,,,,,
소방설비,소방시설공사업(전문),3241,주식회사 신흥소방,박종수,강원,2020-02-00251,1375300,,,,,,
소방설비,소방시설공사업(전문),3242,(주)건영,이형수,서울,2020-02-00282,1374100,,,,,,
소방설비,소방시설공사업(전문),3243,(주)아이티소방설비,최종민,경기(북),경기동두천 제2012-01호,1372400,,,,,,
소방설비,소방시설공사업(전문),3244,주식회사 대아기계설비,조병준,서울,2019-02-00087,1372000,,,,,,
소방설비,소방시설공사업(전문),3245,(유)가야기업,박필희,경남,창원 제95-2호,1371300,,,,,,
소방설비,소방시설공사업(전문),3246,(주)광명전력,박문규,강원,제 121호,1371000,,,,,,
소방설비,소방시설공사업(전문),3247,주식회사 삼성전기,김정선,경남,2016-02-00427,1370500,,,,,,
소방설비,소방시설공사업(전문),3248,주식회사 대성이앤씨,인영숙,경기(남),2017-02-00076,1370400,,,,,,
소방설비,소방시설공사업(전문),3249,조은방재기술,서혜인,경북,2024-02-00315,1370300,,,,,,
소방설비,소방시설공사업(전문),3250,주식회사 삼화방재,김지훈,제주,2019-02-00274,1370100,,,,,,
소방설비,소방시설공사업(전문),3251,주식회사 민이엔씨,전홍열,대구,2021-02-00465,1369500,,,,,,
소방설비,소방시설공사업(전문),3252,(주)유진소방,유진학,경기(남),경기화성제2010-21호,1369400,,,,,,
소방설비,소방시설공사업(전문),3253,주식회사 한결,연금란,강원,2022-02-00134,1369100,,,,,,
소방설비,소방시설공사업(전문),3254,주식회사 삼현전력,이경자,경남,2015-02-00164,1369100,,,,,,
소방설비,소방시설공사업(전문),3255,주식회사 일조이에스,박상권,서울,2019-02-00099,1366400,,,,,,
소방설비,소방시설공사업(전문),3256,제이알케이파워 주식회사,원은주,경북,2017-02-00562,1366100,,,,,,
소방설비,소방시설공사업(전문),3257,대웅산업건설(주),이윤형,경기(남),경기수원 제2009-48호,1364800,,,,,,
소방설비,소방시설공사업(전문),3258,(주)성민산업이엔지,안홍영,경기(남),경기시흥제2014-05호,1364000,,,,,,
소방설비,소방시설공사업(전문),3259,토광방재안전관리(주),이민재,충북,2015-02-00058,1363600,,,,,,
소방설비,소방시설공사업(전문),3260,유일티엔에스(주),김인주,서울,제양천 2001-4호,1363000,,,,,,
소방설비,소방시설공사업(전문),3261,중앙방재서비스(주),황근호,서울,제강동2012-3호,1362400,,,,,,
소방설비,소방시설공사업(전문),3262,주식회사 가람전기,김은영,대구,2016-02-00405,1361200,,,,,,
소방설비,소방시설공사업(전문),3263,동신이엔지(주),안미숙,경기(남),2016-02-00236,1360400,,,,,,
소방설비,소방시설공사업(전문),3264,(주)엔케이텍,천영수,경기(남),경기오산 제2005-3호,1359900,,,,,,
소방설비,소방시설공사업(전문),3265,주식회사 제이에스건설,지종근,충북,2020-02-00037,1359800,,,,,,
소방설비,소방시설공사업(전문),3266,국제이엔지 주식회사,윤삼기,울산,2020-02-00218,1359700,,,,,,
소방설비,소방시설공사업(전문),3267,주식회사 대영전기소방,김대영,강원,2022-02-00276,1359300,,,,,,
소방설비,소방시설공사업(전문),3268,목송이앤지 주식회사,문완상,전남광주(광주),2018-02-00520,1359200,,,,,,
소방설비,소방시설공사업(전문),3269,대원삼물(주),장인숙,충북,제2006-1호,1359100,,,,,,
소방설비,소방시설공사업(전문),3270,주식회사 은하이앤씨,이상호,전남광주(광주),2022-02-00350,1358400,,,,,,
소방설비,소방시설공사업(전문),3271,세원소방 주식회사,현영한,충남,2022-02-00291,1358400,,,,,,
소방설비,소방시설공사업(전문),3272,매일설비(주),김영모,경남,창원2001-8호,1358100,,,,,,
소방설비,소방시설공사업(전문),3273,동현파워 주식회사,김가원,서울,2026-02-00089,1358100,,,,,,
소방설비,소방시설공사업(전문),3274,(주)비케이전력,최은희,경북,2019-02-00486,1358000,,,,,,
소방설비,소방시설공사업(전문),3275,태강기업 주식회사,선태길,인천,2021-02-00068,1358000,,,,,,
소방설비,소방시설공사업(전문),3276,(자)신진기업,이진모,대구,제2008-1호,1357900,,,,,,
소방설비,소방시설공사업(전문),3277,주식회사 서문산업,신동필,강원,2016-02-00073,1357200,,,,,,
소방설비,소방시설공사업(전문),3278,(주)영신전기,김주호,대구,제2003-18호,1357100,,,,,,
소방설비,소방시설공사업(전문),3279,(주)대연소방,김양호,전남광주(광주),2024-02-00205,1356800,,,,,,
소방설비,소방시설공사업(전문),3280,심우계전,심강문,부산,제2006-03호,1355800,,,,,,
소방설비,소방시설공사업(전문),3281,(주)라온 이.씨.아이,민봉식,울산,제2014-3호,1355800,,,,,,
소방설비,소방시설공사업(전문),3282,(주)안전소방,장재원,경북,제2009-04호,1355400,,,,,,
소방설비,소방시설공사업(전문),3283,(주)한창이엔지,이충교,서울,제영등포2013-8호,1353600,,,,,,
소방설비,소방시설공사업(전문),3284,한국소방관리 주식회사,이승원,경기(남),2024-02-00184,1353400,,,,,,
소방설비,소방시설공사업(전문),3285,(주)대광전력,서지훈,충북,2019-02-00524,1353300,,,,,,
소방설비,소방시설공사업(전문),3286,두산에너빌리티(주),박지원,경남,제경남창원 1996-12호,1352100,,,,,,
소방설비,소방시설공사업(전문),3287,주식회사 디에스이엔씨,정맹석,경기(남),경기안산 제2013-7호,1351900,,,,,,
소방설비,소방시설공사업(전문),3288,주식회사 호람이엔지,김석창,전남광주(광주),2020-02-00637,1351600,,,,,,
소방설비,소방시설공사업(전문),3289,(주)임광기전,김건화,서울,2021-02-00366,1351000,,,,,,
소방설비,소방시설공사업(전문),3290,대진이앤씨(주),정두호,전남광주(광주),제2012-라-7호,1350500,,,,,,
소방설비,소방시설공사업(전문),3291,대한방재 주식회사,이광재,전남광주(광주),2020-02-00278,1350100,,,,,,
소방설비,소방시설공사업(전문),3292,주식회사 에이엠케이,장남철,인천,2016-02-00016,1349700,,,,,,
소방설비,소방시설공사업(전문),3293,남도전기(주),장현우,경북,제2011-4호,1349100,,,,,,
소방설비,소방시설공사업(전문),3294,(주)신화이엔지,전학수,경남,거제 제2013-07호,1348100,,,,,,
소방설비,소방시설공사업(전문),3295,삼우방재(주),김은희,서울,2018-02-00324,1347700,,,,,,
소방설비,소방시설공사업(전문),3296,주식회사 가포엔지니어링,송원근,충북,2016-02-00181,1346900,,,,,,
소방설비,소방시설공사업(전문),3297,주식회사 유진이엔에프,홍아름,경기(북),2021-02-00606,1346500,,,,,,
소방설비,소방시설공사업(전문),3298,일화종합개발 주식회사,조영일,경기(북),2020-02-00067,1345800,,,,,,
소방설비,소방시설공사업(전문),3299,유한회사 시온이엔씨,이병만,전북,2020-02-00518,1345700,,,,,,
소방설비,소방시설공사업(전문),3300,주식회사 힘찬기업,윤희경,부산,2016-02-00582,1344800,,,,,,
소방설비,소방시설공사업(전문),3301,진보전력(주),전원철,충남,2015-02-00382,1343100,,,,,,
소방설비,소방시설공사업(전문),3302,(주)블루이에프씨,이상훈,경기(북),2018-02-00518,1343100,,,,,,
소방설비,소방시설공사업(전문),3303,주식회사 대우소방,서호권,경남,2017-02-00112,1342800,,,,,,
소방설비,소방시설공사업(전문),3304,주식회사 다산전력,양현철,경기(남),2016-02-00527,1342100,,,,,,
소방설비,소방시설공사업(전문),3305,주식회사 두일엔지니어링,엄태평,경기(남),2016-02-00516,1341600,,,,,,
소방설비,소방시설공사업(전문),3306,(주)일신이엔지,윤진식,충남,충남아산제2015-01호,1341300,,,,,,
소방설비,소방시설공사업(전문),3307,(주)동진소방,설형례,부산,2018-02-00112,1340900,,,,,,
소방설비,소방시설공사업(전문),3308,(주)다호소방,김종기,경남,밀양2015-01,1340200,,,,,,
소방설비,소방시설공사업(전문),3309,지담이엔씨 주식회사,박준일,경기(남),2023-02-00262,1339400,,,,,,
소방설비,소방시설공사업(전문),3310,(주)대일소방,한창훈,대전,제2004-22호,1338300,,,,,,
소방설비,소방시설공사업(전문),3311,홍선산업(주),이희란,서울,제영등포2015-7호,1338200,,,,,,
소방설비,소방시설공사업(전문),3312,문화전기(주),조창일,서울,제광진 2001-2호,1337400,,,,,,
소방설비,소방시설공사업(전문),3313,(합)두창이앤에스,이도훈,경북,2022-02-00076,1337100,,,,,,
소방설비,소방시설공사업(전문),3314,(주)유일에프에스이,김시권,서울,2017-02-00609,1336900,,,,,,
소방설비,소방시설공사업(전문),3315,(주)남강산업설비,강영환,부산,2022-02-00222,1336600,,,,,,
소방설비,소방시설공사업(전문),3316,한국소방안전(주),강성심,경기(북),제2007-10호,1336500,,,,,,
소방설비,소방시설공사업(전문),3317,신원피엔지(주),고영수,제주,제2006-76호,1336300,,,,,,
소방설비,소방시설공사업(전문),3318,대성기공,이성우,경기(북),2020-02-00465,1336200,,,,,,
소방설비,소방시설공사업(전문),3319,주식회사 동인플러스에스,박경용,충남,제2010-1호,1336100,,,,,,
소방설비,소방시설공사업(전문),3320,한일기전(주),김종기,전남광주(전남),제여수 2006-6호,1335700,,,,,,
소방설비,소방시설공사업(전문),3321,(주)제이에이치에너지,유정희,인천,2019-02-00382,1335200,,,,,,
소방설비,소방시설공사업(전문),3322,주식회사 엠제이씨기업,목진천,서울,2024-02-00082,1335200,,,,,,
소방설비,소방시설공사업(전문),3323,명성산업(주),김주찬,경기(북),제2014-2호,1334600,,,,,,
소방설비,소방시설공사업(전문),3324,주식회사 샘원이엔지,김미영,서울,2025-02-00316,1334300,,,,,,
소방설비,소방시설공사업(전문),3325,(주)우리전력,김환용,경기(남),2022-02-00341,1333400,,,,,,
소방설비,소방시설공사업(전문),3326,라성전력 주식회사,이국찬,강원,2015-02-00196,1333000,,,,,,
소방설비,소방시설공사업(전문),3327,성지건설개발(주),백찬효,제주,제2008-105호,1332400,,,,,,
소방설비,소방시설공사업(전문),3328,주식회사 엘케이엔지니어링,임상우,경기(남),2021-02-00347,1331700,,,,,,
소방설비,소방시설공사업(전문),3329,(주)승진이엔씨,이상철,경기(남),2022-02-00327,1331300,,,,,,
소방설비,소방시설공사업(전문),3330,제이에이치종합방재 주식회사,이흥직,서울,2022-02-00280,1331100,,,,,,
소방설비,소방시설공사업(전문),3331,경도이엔지 주식회사,김홍열,서울,제송파1997-4호,1330400,,,,,,
소방설비,소방시설공사업(전문),3332,주식회사 금강전자,가성현,경기(남),2024-02-00218,1329500,,,,,,
소방설비,소방시설공사업(전문),3333,보경방재,서성원,서울,2024-02-00395,1328800,,,,,,
소방설비,소방시설공사업(전문),3334,주식회사 텔콤,정광식,대전,2019-02-00090,1328000,,,,,,
소방설비,소방시설공사업(전문),3335,(주)원우기계설비,국삼배,서울,제송파2006-7호,1327700,,,,,,
소방설비,소방시설공사업(전문),3336,(주)용천,정지덕,대구,2017-02-00181,1326600,,,,,,
소방설비,소방시설공사업(전문),3337,주식회사 자인전기,양현용,전북,2024-02-00200,1326200,,,,,,
소방설비,소방시설공사업(전문),3338,동방산전(주),양방규,제주,제제주-2012-4호,1326000,,,,,,
소방설비,소방시설공사업(전문),3339,(주)세리공영,백충기,충북,2017-02-00075,1326000,,,,,,
소방설비,소방시설공사업(전문),3340,에이피엘모아 주식회사,이근효,경기(북),제경기남양주 2007-4호,1325500,,,,,,
소방설비,소방시설공사업(전문),3341,주식회사 강원,김부일,강원,제61호,1325400,,,,,,
소방설비,소방시설공사업(전문),3342,(주)한엔지니어링,하대수,충북,2023-02-00003,1324900,,,,,,
소방설비,소방시설공사업(전문),3343,주식회사 신세계전력,엄향숙,전남광주(전남),2021-02-00425,1324500,,,,,,
소방설비,소방시설공사업(일반·기계),4,주식회사 에이치비이엔지,양해범,서울,2024-02-00105,1324500,,,,,,
소방설비,소방시설공사업(전문),3344,주식회사 우리소방,김용환,충북,2019-02-00342,1324300,,,,,,
소방설비,소방시설공사업(전문),3345,동일산업(주),김상년,울산,제2013-10호,1323800,,,,,,
소방설비,소방시설공사업(전문),3346,서진산업 주식회사,윤해덕,경남,2020-02-00401,1322400,,,,,,
소방설비,소방시설공사업(전문),3347,(주)기전사,신해식,충북,2019-02-00013,1322100,,,,,,
소방설비,소방시설공사업(전문),3348,(주)화신전력,서병주,전남광주(전남),제2008-나-2호,1321300,,,,,,
소방설비,소방시설공사업(전문),3349,(주)상신,주영조,경기(남),김포 제4호,1321100,,,,,,
소방설비,소방시설공사업(전문),3350,주식회사 나라소방,정근형,전북,2019-02-00428,1320800,,,,,,
소방설비,소방시설공사업(전문),3351,(유)성호개발,김춘원,전북,2017-02-00137,1320400,,,,,,
소방설비,소방시설공사업(전문),3352,(주)극동전업사,박봉재,부산,제2014-09호,1320400,,,,,,
소방설비,소방시설공사업(전문),3353,동일건설(주),김동호,강원,제203호,1319800,,,,,,
소방설비,소방시설공사업(전문),3354,(주)신화티앤에스,이용철,서울,제광진2014-4호,1319500,,,,,,
소방설비,소방시설공사업(전문),3355,(주)아주전력,황성숙,경북,칠곡 제2009-1호,1319200,,,,,,
소방설비,소방시설공사업(전문),3356,광명이엔씨 주식회사,이혜영,부산,제2012-12호,1319100,,,,,,
소방설비,소방시설공사업(전문),3357,주식회사 금호방재산업,최일훈,경기(북),2016-02-00617,1318400,,,,,,
소방설비,소방시설공사업(전문),3358,(주)대성이엔지,배종진,경기(남),경기광주 제2005-03호,1318100,,,,,,
소방설비,소방시설공사업(전문),3359,주식회사 유일방재,박희옥,전북,2026-02-00116,1317600,,,,,,
소방설비,소방시설공사업(전문),3360,(주)나우스넷,오승탁,경기(남),2016-02-00174,1317200,,,,,,
소방설비,소방시설공사업(전문),3361,주식회사 다울산업개발,김인성,전남광주(광주),2018-02-00318,1317100,,,,,,
소방설비,소방시설공사업(전문),3362,주식회사 드림이에스,구승현,인천,2021-02-00616,1316200,,,,,,
소방설비,소방시설공사업(전문),3363,주식회사 명정플랜트,곽명식,충남,2026-02-00122,1315700,,,,,,
소방설비,소방시설공사업(전문),3364,주식회사 가람소방,최순남,강원,2019-02-00564,1314300,,,,,,
소방설비,소방시설공사업(전문),3365,주식회사 가람소방,권민정,전북,2022-02-00041,1314000,,,,,,
소방설비,소방시설공사업(전문),3366,씨에스건설(주),최선숙,강원,2018-02-00153,1314000,,,,,,
소방설비,소방시설공사업(전문),3367,(주)대불소방전력,김재군,전남광주(전남),제2006-가-4호,1313200,,,,,,
소방설비,소방시설공사업(전문),3368,(주)신진기전사,박동진,경남,2023-02-00031,1311400,,,,,,
소방설비,소방시설공사업(전문),3369,화성전기(주),한정화,대전,제2001-11호,1311400,,,,,,
소방설비,소방시설공사업(전문),3370,열두방재 주식회사,장인순,경기(북),2016-02-00185,1311200,,,,,,
소방설비,소방시설공사업(전문),3371,(주)선택,노병선,대구,2020-02-00613,1310500,,,,,,
소방설비,소방시설공사업(전문),3372,주식회사 호반엔지니어링,조이환,전남광주(전남),2021-02-00474,1310400,,,,,,
소방설비,소방시설공사업(전문),3373,(주)근영이엔씨,이성영,서울,제중랑2011-5호,1309800,,,,,,
소방설비,소방시설공사업(전문),3374,주식회사 가온방재,김정화,부산,2023-02-00220,1309700,,,,,,
소방설비,소방시설공사업(전문),3375,한아전설(주),이경재,충남,제1999-5호,1309400,,,,,,
소방설비,소방시설공사업(전문),3376,부민통신(주),박창욱,서울,2020-02-00167,1309200,,,,,,
소방설비,소방시설공사업(전문),3377,(주)프로텍,정문섭,전남광주(광주),2019-02-00236,1308900,,,,,,
소방설비,소방시설공사업(전문),3378,상경종합건설(주),백범인,전남광주(광주),제서부 2004-나-9호,1308800,,,,,,
소방설비,소방시설공사업(전문),3379,경원기공(주),조규읍,부산,제2007-25호,1307700,,,,,,
소방설비,소방시설공사업(전문),3380,주식회사 하영전설,김용,전남광주(광주),2018-02-00291,1307300,,,,,,
소방설비,소방시설공사업(전문),3381,(주)세화방재,박혁,전남광주(전남),2018-02-00047,1307100,,,,,,
소방설비,소방시설공사업(전문),3382,프라임건설 주식회사,김옥자,강원,2024-02-00351,1306900,,,,,,
소방설비,소방시설공사업(전문),3383,영림건설 주식회사,강명구,경기(북),2018-02-00482,1306500,,,,,,
소방설비,소방시설공사업(전문),3384,서원소방 주식회사,이현우,인천,2022-02-00111,1306200,,,,,,
소방설비,소방시설공사업(전문),3385,주식회사 서원소방,정한직,충북,제청주서부2014-22호,1305800,,,,,,
소방설비,소방시설공사업(전문),3386,흥일전력 주식회사,이철훈,제주,2021-02-00455,1305700,,,,,,
소방설비,소방시설공사업(전문),3387,성백산업개발(주),박창서,인천,인천계양제2014-6호,1305600,,,,,,
소방설비,소방시설공사업(전문),3388,(주)청구소방,김형근,대구,제2000-7호,1305600,,,,,,
소방설비,소방시설공사업(전문),3389,삼호소방,윤근태,경기(남),경기시흥 제2011-01호,1305200,,,,,,
소방설비,소방시설공사업(전문),3390,주식회사 태광산업개발,김중길,경남,2015-02-00219,1305100,,,,,,
소방설비,소방시설공사업(전문),3391,(주)벨이앤씨,박문례,경기(남),2018-02-00391,1304900,,,,,,
소방설비,소방시설공사업(전문),3392,주식회사 우성이엔지,박광옥,강원,2019-02-00066,1304900,,,,,,
소방설비,소방시설공사업(전문),3393,(주)미르소방,양시룡,경남,제2015-04호,1304200,,,,,,
소방설비,소방시설공사업(전문),3394,중앙이엔에프(주),김영자,경기(남),경기오산 제2008-7호,1303800,,,,,,
소방설비,소방시설공사업(전문),3395,한설건업(주),이찬희,서울,2017-02-00429,1303700,,,,,,
소방설비,소방시설공사업(전문),3396,주식회사 백천소방,김영준,울산,제 2007-5호,1303000,,,,,,
소방설비,소방시설공사업(전문),3397,부산소방김해 주식회사,신봉기,경남,2020-02-00351,1302500,,,,,,
소방설비,소방시설공사업(전문),3398,(주)흥진,이석운,전남광주(전남),제2008-아-3호,1302100,,,,,,
소방설비,소방시설공사업(전문),3399,가온플랜트 주식회사,박도진,경북,2023-02-00390,1301200,,,,,,
소방설비,소방시설공사업(전문),3400,주식회사 대호,문상필,경북,2017-02-00476,1300300,,,,,,
소방설비,소방시설공사업(전문),3401,세기방재(주),김명길,전남광주(광주),제2011-나-06호,1300300,,,,,,
소방설비,소방시설공사업(전문),3402,(주)영남종합방재,최정환,대구,제2008-8호,1300100,,,,,,
소방설비,소방시설공사업(전문),3403,옵티멀에너지서비스 주식회사,이계성,서울,2017-02-00614,1300000,,,,,,
소방설비,소방시설공사업(전문),3404,주식회사 디와이이앤씨,조진양,경기(남),2016-02-00638,1298800,,,,,,
소방설비,소방시설공사업(전문),3405,(주)제이유앤소방설비,길영주,대전,제2013-18호,1298500,,,,,,
소방설비,소방시설공사업(전문),3406,(주)명동전기공사,남궁성,경기(북),2015-02-00292,1298300,,,,,,
소방설비,소방시설공사업(전문),3407,초성종합건설(주),김태근,서울,2022-02-00293,1297800,,,,,,
소방설비,소방시설공사업(전문),3408,주식회사 한빛에스엔씨,나홍현,경기(북),2015-02-00046,1297800,,,,,,
소방설비,소방시설공사업(전문),3409,(주)예주엔지니어링,최기수,충북,제 청주서부2014-17호,1296600,,,,,,
소방설비,소방시설공사업(전문),3410,(주)한국소방,이종은,서울,2023-02-00273,1296500,,,,,,
소방설비,소방시설공사업(전문),3411,(주)인우이앤지,방인석,인천,인천서부 제2009-2호,1296300,,,,,,
소방설비,소방시설공사업(전문),3412,동승엔지니어링(주),송창훈,서울,제양천 97-2호,1295900,,,,,,
소방설비,소방시설공사업(전문),3413,(주)안전소방이엔지,서인호,대전,제2010-11호,1295900,,,,,,
소방설비,소방시설공사업(전문),3414,선백송전기(주),이진순,경기(남),2017-02-00416,1295600,,,,,,
소방설비,소방시설공사업(전문),3415,안산탑소방기술단,조경호,경기(남),2023-02-00261,1295600,,,,,,
소방설비,소방시설공사업(전문),3416,주식회사 서진건설,김선희,전남광주(광주),2020-02-00445,1295000,,,,,,
소방설비,소방시설공사업(전문),3417,주식회사 덕양소방,박순안,전남광주(광주),2020-02-00115,1294900,,,,,,
소방설비,소방시설공사업(전문),3418,주식회사 고도기술,고동현,서울,2019-02-00467,1294900,,,,,,
소방설비,소방시설공사업(전문),3419,(주)오아시스산업,이정섭,인천,인천서부 제2010-6호,1294700,,,,,,
소방설비,소방시설공사업(전문),3420,(유)대우소방설비공사,이희종,경남,창원1995-3호,1294400,,,,,,
소방설비,소방시설공사업(전문),3421,백운전력(주),김용팔,경북,2016-02-00499,1294400,,,,,,
소방설비,소방시설공사업(전문),3422,(주)한우기업,신동환,경북,2015-02-00065,1294400,,,,,,
소방설비,소방시설공사업(전문),3423,주식회사 썬네트웍,최인성,경기(남),2016-02-00307,1293700,,,,,,
소방설비,소방시설공사업(전문),3424,삼주이앤씨 주식회사,이시형,서울,2021-02-00079,1292900,,,,,,
소방설비,소방시설공사업(전문),3425,영진개발(주),류종길,대구,제2013-18호,1292200,,,,,,
소방설비,소방시설공사업(전문),3426,장수종합건설 주식회사,이상신,충남,2020-02-00062,1291800,,,,,,
소방설비,소방시설공사업(전문),3427,주식회사 렉스코리아,조휘명,인천,2017-02-00651,1290900,,,,,,
소방설비,소방시설공사업(전문),3428,주식회사 원엔지니어링,양승욱,충북,2020-02-00183,1290800,,,,,,
소방설비,소방시설공사업(전문),3429,(주)동연전설,홍영자,경기(북),경기일산제2013-08호,1290500,,,,,,
소방설비,소방시설공사업(전문),3430,(주)천호소방,김익렬,경북,제2011-3호,1290000,,,,,,
소방설비,소방시설공사업(전문),3431,에코엠이엔씨 주식회사,이민아,경기(남),2024-02-00114,1289800,,,,,,
소방설비,소방시설공사업(전문),3432,주식회사 가야,김종혁,전북,2021-02-00155,1289800,,,,,,
소방설비,소방시설공사업(전문),3433,주식회사 케이씨,길숙희,강원,2017-02-00110,1289600,,,,,,
소방설비,소방시설공사업(전문),3434,신성전력주식회사,김동욱,대전,제2013-5호,1289200,,,,,,
소방설비,소방시설공사업(전문),3435,대흥파이어프렌드(주),박성봉,경기(남),경기안양 제2007-11호,1289200,,,,,,
소방설비,소방시설공사업(전문),3436,주식회사 금탑전기통신,방성준,대전,2022-02-00176,1288100,,,,,,
소방설비,소방시설공사업(전문),3437,(주)시아이디건설,하재승,부산,제2013-31호,1287900,,,,,,
소방설비,소방시설공사업(전문),3438,세정건설 주식회사,박준하,경기(북),2015-02-00245,1287400,,,,,,
소방설비,소방시설공사업(전문),3439,주식회사 형원,김성철,제주,2016-02-00223,1287200,,,,,,
소방설비,소방시설공사업(전문),3440,(주)동인전력,김형식,대구,2017-02-00255,1287000,,,,,,
소방설비,소방시설공사업(전문),3441,(주)내일에너지,백중철,서울,제영등포 2006-14호,1286700,,,,,,
소방설비,소방시설공사업(전문),3442,(주)천기소방설비사,김인국,대전,2022-02-00365,1286700,,,,,,
소방설비,소방시설공사업(전문),3443,중흥건설(주),이경호,전남광주(전남),제2012-라-7호,1286100,,,,,,
소방설비,소방시설공사업(전문),3444,동일전력(주),박희홍,강원,제272호,1286000,,,,,,
소방설비,소방시설공사업(전문),3445,(주)지웅소방,문영숙,제주,제제주-2013-8호,1285800,,,,,,
소방설비,소방시설공사업(전문),3446,원율엔지니어링(주),허승록,전남광주(광주),제2013-다-6호,1285700,,,,,,
소방설비,소방시설공사업(전문),3447,주식회사 성원이엔씨,신동현,충남,2017-02-00497,1285600,,,,,,
소방설비,소방시설공사업(전문),3448,대호소방이엔지,박영환,경남,2019-02-00149,1285400,,,,,,
소방설비,소방시설공사업(전문),3449,주식회사 마석엔지니어링,김승우,인천,2019-02-00401,1285300,,,,,,
소방설비,소방시설공사업(전문),3450,주식회사 모빌,김성,전북,제97-67호,1285200,,,,,,
소방설비,소방시설공사업(전문),3451,한양이엔지(주),김윤상,경기(남),경기화성 제2008-2호,1285200,,,,,,
소방설비,소방시설공사업(전문),3452,한라산업개발(주),김원근,경기(남),2016-02-00266,1284600,,,,,,
소방설비,소방시설공사업(전문),3453,(주)경일,조명래,전남광주(광주),제2012-라-8호,1284500,,,,,,
소방설비,소방시설공사업(전문),3454,주식회사 번영소방,유상인,제주,2024-02-00270,1284200,,,,,,
소방설비,소방시설공사업(전문),3455,주식회사 제이에이치이엔지,윤현식,인천,2023-02-00196,1284100,,,,,,
소방설비,소방시설공사업(전문),3456,태성전기통신(주),이덕우,서울,2015-02-00358,1283500,,,,,,
소방설비,소방시설공사업(전문),3457,서진산업(주),이강수,충남,제94-9호,1283000,,,,,,
소방설비,소방시설공사업(전문),3458,명지전기(주),김수택,경기(남),2015-02-00368,1282400,,,,,,
소방설비,소방시설공사업(전문),3459,주식회사 휴먼엔지니어링,김미혜,서울,2018-02-00381,1281400,,,,,,
소방설비,소방시설공사업(전문),3460,주식회사 태오,원현숙,대전,2022-02-00206,1281300,,,,,,
소방설비,소방시설공사업(전문),3461,주식회사 제일엠에스씨,김수호,서울,2018-02-00230,1281000,,,,,,
소방설비,소방시설공사업(전문),3462,미래소방 주식회사,박마을,대전,2021-02-00456,1279900,,,,,,
소방설비,소방시설공사업(전문),3463,주식회사 태성이엘에스,이계자,경기(남),2021-02-00382,1279700,,,,,,
소방설비,소방시설공사업(전문),3464,(주)우수이엔지,류제진,경기(남),2021-02-00594,1279600,,,,,,
소방설비,소방시설공사업(전문),3465,(주)휘성소방,정성민,전북,전주덕진제2014-9호,1279400,,,,,,
소방설비,소방시설공사업(전문),3466,청우방재,최영진,대구,2016-02-00258,1279300,,,,,,
소방설비,소방시설공사업(전문),3467,(주)유한이엔씨,신정식,서울,2016-02-00259,1278800,,,,,,
소방설비,소방시설공사업(전문),3468,삼선전기(주),권주영,부산,제2013-20호,1278700,,,,,,
소방설비,소방시설공사업(전문),3469,(주)에이원이엔티,박광석,서울,제마포2000-4호,1278300,,,,,,
소방설비,소방시설공사업(전문),3470,(주)신보기전,정종욱,경기(남),2019-02-00208,1278300,,,,,,
소방설비,소방시설공사업(전문),3471,(주)이화방재시스템,유재은,서울,제강북2011-2호,1278000,,,,,,
소방설비,소방시설공사업(전문),3472,주식회사 송암이엔지,허다영,경기(남),2024-02-00209,1277900,,,,,,
소방설비,소방시설공사업(전문),3473,경일소방공사,김두성,서울,2020-02-00122,1277500,,,,,,
소방설비,소방시설공사업(전문),3474,경상엔지니어링,조재홍,경남,경남 창원 제2011-06호,1277400,,,,,,
소방설비,소방시설공사업(전문),3475,주식회사 보경테크,정희영,경남,2024-02-00046,1277400,,,,,,
소방설비,소방시설공사업(전문),3476,(주)덕유소방엔지니어링,곽종현,경남,제진주 2003-03호,1276700,,,,,,
소방설비,소방시설공사업(전문),3477,한길소방이엔씨,임영모,서울,2023-02-00125,1276600,,,,,,
소방설비,소방시설공사업(전문),3478,(주)휴텍엔지니어링,유경종,서울,2019-02-00134,1276500,,,,,,
소방설비,소방시설공사업(전문),3479,(주)대광엔지니어링,이영우,대구,2020-02-00207,1275600,,,,,,
소방설비,소방시설공사업(전문),3480,주식회사 새한소방기술,김철순,전남광주(전남),2024-02-00304,1275000,,,,,,
소방설비,소방시설공사업(전문),3481,주식회사 이룸이엔지,정의선,경기(남),2020-02-00292,1274000,,,,,,
소방설비,소방시설공사업(전문),3482,(주)진실로건설,배진성,경기(남),경기수원제2013-01호,1274000,,,,,,
소방설비,소방시설공사업(전문),3483,주식회사 제이원기술,이영규,부산,2021-02-00113,1273800,,,,,,
소방설비,소방시설공사업(전문),3484,(주)디에프,박영수,인천,2019-02-00433,1273300,,,,,,
소방설비,소방시설공사업(전문),3485,주식회사 경성테크,이상용,충북,2017-02-00251,1273200,,,,,,
소방설비,소방시설공사업(전문),3486,(주)정현이앤지,김은정,서울,2017-02-00627,1272900,,,,,,
소방설비,소방시설공사업(전문),3487,(주)씨티에너지,배정근,경기(남),경기수원 제2015-1호,1272000,,,,,,
소방설비,소방시설공사업(전문),3488,(유)하나산업개발,정덕일,전북,전북김제 제2009-01호,1272000,,,,,,
소방설비,소방시설공사업(전문),3489,(주)찬성신,성유정,전북,전주덕진 제2011-4호,1271800,,,,,,
소방설비,소방시설공사업(전문),3490,(주)중앙이에스엠,홍순천,강원,2018-02-00389,1271400,,,,,,
소방설비,소방시설공사업(전문),3491,성진소방안전공사,박승우,경기(남),경기수원 제2009-15호,1271200,,,,,,
소방설비,소방시설공사업(전문),3492,주식회사 엠케이소방,정호영,부산,2016-02-00346,1271000,,,,,,
소방설비,소방시설공사업(전문),3493,(주)건영전설,복진두,경북,제성주2011-01호,1270700,,,,,,
소방설비,소방시설공사업(전문),3494,(주)보명전설,황성수,경북,제2010-01호,1270400,,,,,,
소방설비,소방시설공사업(전문),3494,(주)드림소방이엔지,박재현,경남,2015-02-00364,1270400,,,,,,
소방설비,소방시설공사업(전문),3496,(주)중앙기술단,이상욱,부산,제2009-22호,1269600,,,,,,
소방설비,소방시설공사업(전문),3497,주식회사 미담이엔씨,김미애,세종,2015-02-00308,1268900,,,,,,
소방설비,소방시설공사업(전문),3498,(주)용운산업,송문수,경남,제 2008-16호,1268300,,,,,,
소방설비,소방시설공사업(전문),3499,(주)진솔이엔지,서창환,전북,2019-02-00357,1268000,,,,,,
소방설비,소방시설공사업(전문),3500,(주)유셀네트웍스,김구동,서울,2020-02-00548,1267800,,,,,,
소방설비,소방시설공사업(전문),3501,주식회사 동원소방방재,윤정부,경북,2019-02-00354,1267500,,,,,,
소방설비,소방시설공사업(전문),3502,주식회사 가산이앤씨,김성수,인천,2021-02-00401,1267400,,,,,,
소방설비,소방시설공사업(전문),3503,(주)대진방재엔지니어링,서종분,충남,2016-02-00362,1267200,,,,,,
소방설비,소방시설공사업(전문),3504,메소포타미아(주),김태식,인천,2025-02-00062,1266800,,,,,,
소방설비,소방시설공사업(일반·기계),5,(주)대원소방,김미옥,경남,2017-02-00311,1266800,,,,,,
소방설비,소방시설공사업(전문),3505,교림건설(주),강민재,경기(남),2024-02-00335,1266600,,,,,,
소방설비,소방시설공사업(전문),3506,주식회사 제일전기,김주옥,경남,2018-02-00199,1266500,,,,,,
소방설비,소방시설공사업(전문),3507,국토건설(주),황의준,전남광주(전남),제2007-마-2호,1266400,,,,,,
소방설비,소방시설공사업(전문),3508,(자)진주소방설비사,김호권,경남,제진주 1991-18호,1265700,,,,,,
소방설비,소방시설공사업(전문),3509,(주)웅비소방방재관리,최정희,경기(북),경기남양주제2015-4호,1265700,,,,,,
소방설비,소방시설공사업(전문),3510,로이전기소방 주식회사,김순연,경북,2025-02-00097,1265000,,,,,,
소방설비,소방시설공사업(전문),3511,주식회사 이티텍,김수민,부산,제2009-9호,1264100,,,,,,
소방설비,소방시설공사업(전문),3512,에이스엔지니어링(주),양윤석,부산,2015-02-00240,1263100,,,,,,
소방설비,소방시설공사업(전문),3513,주식회사 홍천이에프씨,조진원,강원,2016-02-00602,1262300,,,,,,
소방설비,소방시설공사업(전문),3514,(주)부산소방,박부송,경남,제 90-6 호,1262200,,,,,,
소방설비,소방시설공사업(전문),3515,(주)그린이피에스,지창근,서울,2019-02-00589,1261800,,,,,,
소방설비,소방시설공사업(전문),3516,모두설비(주),최인섭,인천,2022-02-00351,1261000,,,,,,
소방설비,소방시설공사업(전문),3517,신안건설산업(주),우정현,서울,제마포2000-3호,1260700,,,,,,
소방설비,소방시설공사업(전문),3517,일신건영(주),조태성,경기(북),제경기의정부 2007-5호,1260700,,,,,,
소방설비,소방시설공사업(전문),3517,에스엠스틸 주식회사,성낙원,경기(남),2020-02-00361,1260700,,,,,,
소방설비,소방시설공사업(전문),3517,(주)흥화,양승인,경북,제포항 2006-2호,1260700,,,,,,
소방설비,소방시설공사업(전문),3521,(주)태양전력,안병우,부산,2020-02-00536,1260700,,,,,,
소방설비,소방시설공사업(전문),3522,주식회사 하백,박성환,경남,2020-02-00578,1260200,,,,,,
소방설비,소방시설공사업(전문),3523,(주)성화이아이,오차근,대구,2018-02-00259,1260100,,,,,,
소방설비,소방시설공사업(전문),3524,주식회사 기영이엔씨,조용리,서울,2022-02-00022,1259800,,,,,,
소방설비,소방시설공사업(전문),3525,삼성소방건설(주),최정철,서울,2022-02-00364,1259500,,,,,,
소방설비,소방시설공사업(전문),3526,88소방,김환웅,경기(남),2025-02-00077,1258600,,,,,,
소방설비,소방시설공사업(전문),3527,(주)전우사,김한재,서울,제종로 1985-21호,1258300,,,,,,
소방설비,소방시설공사업(전문),3528,(주)서룡전기,김경미,충남,제2014-4호,1257700,,,,,,
소방설비,소방시설공사업(전문),3529,주식회사 현대소방이엔지,정현호,대구,2018-02-00166,1257600,,,,,,
소방설비,소방시설공사업(전문),3530,주식회사 아라,박선미,충남,2022-02-00052,1257300,,,,,,
소방설비,소방시설공사업(전문),3531,가람소방 주식회사,전병섭,경기(북),2019-02-00504,1255200,,,,,,
소방설비,소방시설공사업(전문),3532,주식회사 춘천소방,우경자,강원,2023-02-00049,1254900,,,,,,
소방설비,소방시설공사업(전문),3533,(주)엘에스이엔지,이규성,서울,2017-02-00327,1253900,,,,,,
소방설비,소방시설공사업(전문),3534,(주)대한소방기술,김종주,부산,제2002-30호,1253600,,,,,,
소방설비,소방시설공사업(전문),3535,(주)동경그린전력,김창현,경기(남),2015-02-00302,1253200,,,,,,
소방설비,소방시설공사업(전문),3536,주식회사 에스에이테크,강선애,전남광주(광주),2023-02-00061,1252400,,,,,,
소방설비,소방시설공사업(전문),3537,주식회사 코어라이트,최경미,경기(북),2017-02-00049,1252300,,,,,,
소방설비,소방시설공사업(전문),3538,주식회사 다온소방,박숙희,충남,2023-02-00215,1252100,,,,,,
소방설비,소방시설공사업(전문),3539,태광전기소방(주),박성호,강원,제31호,1251900,,,,,,
소방설비,소방시설공사업(전문),3540,부경테크(주),서기찬,경남,경남창원 제10-1호,1251300,,,,,,
소방설비,소방시설공사업(전문),3541,은성이엔씨 주식회사,지상근,경기(북),2020-02-00447,1250700,,,,,,
소방설비,소방시설공사업(전문),3542,경산엔지니어링(주),손윤화,부산,제2002-17호,1250300,,,,,,
소방설비,소방시설공사업(전문),3543,(주)태극소방설비공사,주영원,경남,제 2008-09호,1250100,,,,,,
소방설비,소방시설공사업(전문),3544,신안방재이엔지(주),양순상,전남광주(광주),제2005-나-2호,1249200,,,,,,
소방설비,소방시설공사업(전문),3545,주식회사 중앙방재,박철균,충북,제2014-02호,1249100,,,,,,
소방설비,소방시설공사업(전문),3546,(주)경원종합방재,김상훈,경기(남),2017-02-00036,1248900,,,,,,
소방설비,소방시설공사업(전문),3547,(주)건우전력,김영선,충북,제2011-1호,1248400,,,,,,
소방설비,소방시설공사업(전문),3548,(주)빛고을산업개발,박길순,전남광주(전남),2020-02-00141,1248400,,,,,,
소방설비,소방시설공사업(전문),3549,주식회사 대우전기건설공사,박동배,경기(북),2021-02-00498,1248200,,,,,,
소방설비,소방시설공사업(전문),3550,(주)대윤기술공영,정광일,서울,제중랑2006-4호,1248100,,,,,,
소방설비,소방시설공사업(전문),3551,(주)보광티에스,박보선,경기(남),2021-02-00339,1247500,,,,,,
소방설비,소방시설공사업(전문),3552,(유)가온테크,김종삼,전북,2020-02-00505,1246100,,,,,,
소방설비,소방시설공사업(전문),3553,주식회사 보금,박규비,경남,제2010-02호,1245200,,,,,,
소방설비,소방시설공사업(전문),3554,주식회사 별내이엔씨,김호정,경기(북),2022-02-00370,1245200,,,,,,
소방설비,소방시설공사업(전문),3555,(유)플러스건설,나춘균,전북,2018-02-00316,1245100,,,,,,
소방설비,소방시설공사업(전문),3556,(주)동방에프앤아이,최정대,서울,제중랑2011-4호,1244900,,,,,,
소방설비,소방시설공사업(전문),3556,주식회사 전남소방기술,김병식,전남광주(전남),2025-02-00052,1244900,,,,,,
소방설비,소방시설공사업(전문),3558,대명하이테크(주),박종빈,경기(남),2017-02-00323,1244300,,,,,,
소방설비,소방시설공사업(전문),3559,(주)로타리소방,김재일,대구,제2013-23호,1243700,,,,,,
소방설비,소방시설공사업(전문),3560,주식회사 엘리트소방,김도완,경기(남),2020-02-00136,1243600,,,,,,
소방설비,소방시설공사업(전문),3561,(주)상원소방전기,김훈,전남광주(전남),2016-02-00171,1243500,,,,,,
소방설비,소방시설공사업(전문),3562,주식회사 왕성소방,임영배,제주,2015-02-00289,1243300,,,,,,
소방설비,소방시설공사업(전문),3563,미리방재(주),장필준,서울,2015-02-00349,1243300,,,,,,
소방설비,소방시설공사업(전문),3564,(주)일성이엔지,이영희,서울,제서대문2015-02호,1242900,,,,,,
소방설비,소방시설공사업(전문),3565,주식회사 에스앤피이엔지,김희주,인천,2022-02-00304,1242900,,,,,,
소방설비,소방시설공사업(전문),3566,주식회사 휴시스템,김경중,경기(남),2024-02-00227,1242300,,,,,,
소방설비,소방시설공사업(전문),3567,주식회사 빛나라전기,김지태,충북,2017-02-00506,1241900,,,,,,
소방설비,소방시설공사업(전문),3568,주식회사 대성전력,정세진,전북,2022-02-00140,1241700,,,,,,
소방설비,소방시설공사업(전문),3569,주식회사 씨엔방재,이용수,경기(남),경기용인공사 제2014-02호,1241500,,,,,,
소방설비,소방시설공사업(전문),3570,주식회사 동성소방,김종희,부산,2021-02-00521,1241000,,,,,,
소방설비,소방시설공사업(전문),3571,금강방재 주식회사,윤희중,세종,2016-02-00306,1240900,,,,,,
소방설비,소방시설공사업(전문),3572,주식회사 지중해전기소방,장인수,전북,전북군산 제2004-1호,1240000,,,,,,
소방설비,소방시설공사업(전문),3573,(주)에스엠전력,김동현,경북,2020-02-00434,1239800,,,,,,
소방설비,소방시설공사업(전문),3574,(주)영설계엔지니어링,하상만,경기(남),경기안양 제2012-16호,1239800,,,,,,
소방설비,소방시설공사업(전문),3575,(주)수성방재,윤재식,부산,제1999-44호,1239500,,,,,,
소방설비,소방시설공사업(전문),3576,(주)엠텍전설,임치규,울산,2018-02-00369,1239400,,,,,,
소방설비,소방시설공사업(전문),3577,(주)하나방재이엔지,오동근,경기(남),경기성남 제2015-02호,1239000,,,,,,
소방설비,소방시설공사업(전문),3578,주식회사 동남소방,김동수,대구,2020-02-00584,1238900,,,,,,
소방설비,소방시설공사업(전문),3579,(주)삼일기술산업,이영남,경기(남),2024-02-00149,1238800,,,,,,
소방설비,소방시설공사업(전문),3580,해광전설산업(주),문억규,경기(남),2015-02-00243,1238700,,,,,,
소방설비,소방시설공사업(전문),3581,에스앤케이 주식회사,사공주,경기(북),2015-02-00279,1237800,,,,,,
소방설비,소방시설공사업(전문),3582,(주)문명에이스,문기웅,대구,제2009-5호,1237700,,,,,,
소방설비,소방시설공사업(전문),3583,(주)한국소방이앤씨,박용진,경기(남),경기화성제2013-04호,1237100,,,,,,
소방설비,소방시설공사업(전문),3584,주식회사 성원이앤씨,양성국,제주,2016-02-00520,1237100,,,,,,
소방설비,소방시설공사업(전문),3585,(주)신성전력,김기진,부산,제2011-10호,1236900,,,,,,
소방설비,소방시설공사업(전문),3586,새재전기통신소방,권경숙,경북,2024-02-00045,1236700,,,,,,
소방설비,소방시설공사업(전문),3587,하나전력(주),소재식,경기(남),경기성남 제99-6호,1236700,,,,,,
소방설비,소방시설공사업(전문),3588,거룡전력(주),홍희성,경기(남),경기안산 제2010-8호,1236700,,,,,,
소방설비,소방시설공사업(전문),3589,동도전력(주),김동민,전남광주(전남),제2012-사-3호,1236600,,,,,,
소방설비,소방시설공사업(전문),3590,유신전기건설(주),김학성,경기(남),2019-02-00445,1236500,,,,,,
소방설비,소방시설공사업(전문),3591,한국전기이엔지 주식회사,홍정기,대전,2021-02-00489,1236400,,,,,,
소방설비,소방시설공사업(전문),3592,주식회사 우리소방전력,전상원,전남광주(전남),2021-02-00102,1236300,,,,,,
소방설비,소방시설공사업(전문),3593,주식회사 인하소방,강인하,전남광주(광주),2020-02-00198,1235200,,,,,,
소방설비,소방시설공사업(전문),3594,(주)원일이엔씨,유재구,경기(남),경기용인 제2006-6호,1234300,,,,,,
소방설비,소방시설공사업(전문),3595,주식회사 디씨앤아이,홍순영,충북,2017-02-00241,1234300,,,,,,
소방설비,소방시설공사업(전문),3596,주식회사 청라이엔지,명지환,전남광주(전남),2024-02-00312,1234200,,,,,,
소방설비,소방시설공사업(전문),3597,동민이앤지 주식회사,임형민,경기(남),2020-02-00383,1234100,,,,,,
소방설비,소방시설공사업(전문),3598,일진소방 주식회사,이용정,전북,2020-02-00567,1233200,,,,,,
소방설비,소방시설공사업(전문),3599,라임이엔씨 주식회사,김헌원,충남,2020-02-00650,1233200,,,,,,
소방설비,소방시설공사업(전문),3600,(주)대민이엔씨,이지영,경기(남),2022-02-00073,1233100,,,,,,
소방설비,소방시설공사업(전문),3601,(주)인성전기통신,박중규,경기(남),경기화성제2013-18호,1233000,,,,,,
소방설비,소방시설공사업(전문),3602,삼원전기건설(주),임기오,경남,2015-02-00097,1232300,,,,,,
소방설비,소방시설공사업(전문),3603,대하이앤씨,이승국,서울,2020-02-00607,1232000,,,,,,
소방설비,소방시설공사업(전문),3604,이루소(주),이루소,부산,2017-02-00652,1231200,,,,,,
소방설비,소방시설공사업(전문),3605,(주)제이에이치전력,이현진,경남,2015-02-00232,1231100,,,,,,
소방설비,소방시설공사업(전문),3606,유한회사 미래소방이엔지,이춘원,전남광주(전남),2017-02-00125,1229900,,,,,,
소방설비,소방시설공사업(전문),3607,유한회사 영신소방이엔지,장순옥,세종,2017-02-00545,1229500,,,,,,
소방설비,소방시설공사업(전문),3608,한양전기(주),조미희,경기(북),2022-02-00010,1228800,,,,,,
소방설비,소방시설공사업(전문),3609,주식회사 에이플러스방재,홍성일,서울,2016-02-00023,1227900,,,,,,
소방설비,소방시설공사업(전문),3610,주식회사 제이파트너스,장재석,경기(남),2024-02-00262,1227000,,,,,,
소방설비,소방시설공사업(전문),3611,(주)명성전력,조현희,경기(남),경기여주 제2007-3호,1226800,,,,,,
소방설비,소방시설공사업(전문),3612,주식회사 인덕전기소방,강동화,경남,2019-02-00434,1226100,,,,,,
소방설비,소방시설공사업(전문),3613,한국에스비티(주),황재권,인천,2023-02-00170,1225400,,,,,,
소방설비,소방시설공사업(전문),3614,(주)신동광에너지,서소영,인천,인천중부제2013-01호,1224600,,,,,,
소방설비,소방시설공사업(전문),3615,(주)도민,고장호,경남,경남 창녕 제2005-01호,1224600,,,,,,
소방설비,소방시설공사업(전문),3616,대원엔지니어링(주),이재학,경남,경남 양산 제2008-01호,1224000,,,,,,
소방설비,소방시설공사업(전문),3617,(주)희산이엔지,최정훈,경기(북),경기의정부제2013-1호,1223900,,,,,,
소방설비,소방시설공사업(전문),3618,주식회사 이로,김영택,경북,2017-02-00252,1223800,,,,,,
소방설비,소방시설공사업(전문),3619,주식회사 온누리소방,이재국,경북,2020-02-00065,1223800,,,,,,
소방설비,소방시설공사업(전문),3620,주식회사 도반전력,김봉수,충북,2020-02-00133,1223500,,,,,,
소방설비,소방시설공사업(전문),3621,주식회사 현대전설,이상성,강원,제16호,1223400,,,,,,
소방설비,소방시설공사업(전문),3622,다인전력 주식회사,박지영,경북,2023-02-00073,1223300,,,,,,
소방설비,소방시설공사업(전문),3623,마이크로닉시스템 주식회사,김환배,대전,2015-02-00095,1223200,,,,,,
소방설비,소방시설공사업(전문),3624,주식회사 원,장원,충북,2018-02-00463,1223100,,,,,,
소방설비,소방시설공사업(전문),3625,씨에스엔지니어링 주식회사,송천석,전남광주(광주),2023-02-00148,1222000,,,,,,
소방설비,소방시설공사업(전문),3626,주식회사 제이에스방재,김주,충남,2017-02-00404,1221600,,,,,,
소방설비,소방시설공사업(전문),3627,디비에이치 주식회사,한창환,경기(남),2020-02-00331,1221500,,,,,,
소방설비,소방시설공사업(전문),3628,(주)중앙엔지니어링,김상모,경기(남),2025-02-00257,1221100,,,,,,
소방설비,소방시설공사업(전문),3629,(주)새누리소방,안상호,경기(남),경기광주제2012-06호,1221100,,,,,,
소방설비,소방시설공사업(전문),3630,서화이엔지(주),노혜은,서울,제강동2013-5호,1220700,,,,,,
소방설비,소방시설공사업(전문),3631,로타렉스코리아 주식회사,슈미츠필리페,충남,2026-02-00049,1220700,,,,,,
소방설비,소방시설공사업(전문),3632,(주)서림기공,김수희,대구,제2014-17호,1220500,,,,,,
소방설비,소방시설공사업(전문),3633,(주)태화기술,지정환,울산,2022-02-00500,1220300,,,,,,
소방설비,소방시설공사업(전문),3634,듀오라이프,이숙임,부산,2017-02-00659,1219900,,,,,,
소방설비,소방시설공사업(전문),3635,하이테크텔(주),고한규,경기(남),2015-02-00098,1219700,,,,,,
소방설비,소방시설공사업(전문),3636,(주)우리전력,김성수,경북,2017-02-00499,1219600,,,,,,
소방설비,소방시설공사업(전문),3637,주식회사 금강아이엠,전재현,서울,2025-02-00213,1219500,,,,,,
소방설비,소방시설공사업(전문),3638,주식회사 금천엔지니어링,신동근,인천,2021-02-00006,1219000,,,,,,
소방설비,소방시설공사업(전문),3639,주식회사 지호,김미라,전남광주(광주),2017-02-00655,1218300,,,,,,
소방설비,소방시설공사업(전문),3640,유한회사 에스케이소방,송락준,전북,2019-02-00203,1218300,,,,,,
소방설비,소방시설공사업(전문),3641,대성산업씨엔에스(주),박태엽,서울,2016-02-00152,1217700,,,,,,
소방설비,소방시설공사업(전문),3642,(주)윤익계전,안용준,서울,제영등포2014-6호,1217300,,,,,,
소방설비,소방시설공사업(전문),3643,(주)용백전설,곽의영,서울,제동대문2009-4호,1216300,,,,,,
소방설비,소방시설공사업(전문),3644,서봉기업(주),김영태,인천,인천중부제2015-03호,1216100,,,,,,
소방설비,소방시설공사업(전문),3645,(주)대원씨앤씨,길승현,부산,2020-02-00049,1215300,,,,,,
소방설비,소방시설공사업(전문),3646,(주)다원아이엔씨,장정석,서울,2026-02-00146,1215200,,,,,,
소방설비,소방시설공사업(전문),3647,주식회사 에스엠소방공사,이상미,경기(남),2021-02-00064,1214900,,,,,,
소방설비,소방시설공사업(전문),3648,남양이엔지 주식회사,김태순,충북,제2007-9호,1214900,,,,,,
소방설비,소방시설공사업(전문),3649,주식회사 소방지인,임미정,경기(남),2019-02-00507,1214600,,,,,,
소방설비,소방시설공사업(전문),3650,(주)라인이엔지,김창온,경남,2020-02-00265,1213200,,,,,,
소방설비,소방시설공사업(전문),3651,주식회사 제이엠이엔지,김선영,전남광주(전남),2017-02-00301,1213100,,,,,,
소방설비,소방시설공사업(전문),3652,주식회사 스타소방,이현숙,경남,2017-02-00414,1212300,,,,,,
소방설비,소방시설공사업(전문),3653,(주)포스코에이앤씨건축사사무소,김동근,인천,인천공단 제2015-03호,1212300,,,,,,
소방설비,소방시설공사업(전문),3654,주식회사 남선전기,심명보,대구,제2001-2호,1211700,,,,,,
소방설비,소방시설공사업(전문),3655,주식회사 케이알이앤지,조경록,전남광주(광주),2023-02-00269,1211100,,,,,,
소방설비,소방시설공사업(전문),3656,화성종합건설(주),최순탁,경남,제경남거창 2008-1호,1210800,,,,,,
소방설비,소방시설공사업(전문),3657,푸른소방(주),황가희,경기(남),2018-02-00435,1210600,,,,,,
소방설비,소방시설공사업(전문),3658,주식회사 성광전기,최상욱,충북,2020-02-00609,1210600,,,,,,
소방설비,소방시설공사업(전문),3659,(주)신안소방공사,윤복란,경남,2026-02-00020,1210000,,,,,,
소방설비,소방시설공사업(전문),3660,삼정전기통신 주식회사,전정진,충북,제2015-1호,1209800,,,,,,
소방설비,소방시설공사업(전문),3661,(주)동호엔지니어링,정의권,강원,제157호,1209500,,,,,,
소방설비,소방시설공사업(전문),3662,세원건설(주),김종국,경북,제구미 95-3호,1208100,,,,,,
소방설비,소방시설공사업(전문),3663,주식회사 남일소방,박인화,부산,2018-02-00256,1207900,,,,,,
소방설비,소방시설공사업(전문),3664,(주)협동소방,김삼용,경남,제 2008-17호,1207800,,,,,,
소방설비,소방시설공사업(전문),3665,신화전기(주),김명종,충남,제2013-1호,1207800,,,,,,
소방설비,소방시설공사업(전문),3666,주식회사 인성전력,이명희,전남광주(전남),2020-02-00346,1206800,,,,,,
소방설비,소방시설공사업(전문),3667,주식회사 우진에프앤에프,이종학,경기(북),2023-02-00381,1206800,,,,,,
소방설비,소방시설공사업(전문),3668,(주)중앙에프엔씨,이기주,강원,제322호,1206700,,,,,,
소방설비,소방시설공사업(전문),3669,주식회사 도솔방재,유승국,경기(남),2020-02-00128,1206200,,,,,,
소방설비,소방시설공사업(전문),3670,(주)화이어캅스,이기배,서울,2019-02-00002,1205600,,,,,,
소방설비,소방시설공사업(전문),3671,미래이엔에프 주식회사,박순희,경기(남),2021-02-00104,1205000,,,,,,
소방설비,소방시설공사업(전문),3672,우리소방 주식회사,권주희,경기(남),2021-02-00114,1204600,,,,,,
소방설비,소방시설공사업(전문),3673,(주)라마이엔지,김상학,인천,인천공단제2014-02호,1204600,,,,,,
소방설비,소방시설공사업(전문),3674,삼광건설 주식회사,이우재,전북,2022-02-00014,1203600,,,,,,
소방설비,소방시설공사업(전문),3675,광성소방전력 주식회사,김동중,전남광주(전남),2016-02-00456,1203200,,,,,,
소방설비,소방시설공사업(전문),3676,(합)동아소방설비공사,김태용,부산,제1998-17호,1202500,,,,,,
소방설비,소방시설공사업(전문),3677,(주)신지전설,황경옥,서울,제동작2010-1호,1202200,,,,,,
소방설비,소방시설공사업(전문),3678,주식회사 원이로이엔지,전금재,인천,2022-02-00473,1200300,,,,,,
소방설비,소방시설공사업(전문),3679,(주)영동설비,장지성,대구,제2004-12호,1199700,,,,,,
소방설비,소방시설공사업(전문),3680,명가종합건설(주),손상철,경북,2020-02-00090,1199700,,,,,,
소방설비,소방시설공사업(전문),3681,주식회사 한진전력,전수영,경기(남),2016-02-00606,1199400,,,,,,
소방설비,소방시설공사업(전문),3682,(주)신일이엔지,이양호,경기(북),제경기의정부 2008-3호,1198500,,,,,,
소방설비,소방시설공사업(전문),3683,주식회사 모던이엔지,정대성,대구,2016-02-00622,1197800,,,,,,
소방설비,소방시설공사업(전문),3684,삼삼설비(주),조태묵,서울,2015-02-00022,1197600,,,,,,
소방설비,소방시설공사업(전문),3685,(주)조은소방엔지니어링,허강,경남,2016-02-00500,1196900,,,,,,
소방설비,소방시설공사업(전문),3686,주식회사 대오이엔지,류주현,대구,2020-02-00225,1196700,,,,,,
소방설비,소방시설공사업(전문),3687,(주)득성전기,전득수,경기(남),2018-02-00203,1196700,,,,,,
소방설비,소방시설공사업(전문),3688,(주)한석소방기술사사무소,임경연,전북,2019-02-00204,1196300,,,,,,
소방설비,소방시설공사업(전문),3689,(합자)부산종합공영,박경수,경남,제2008-11호,1195500,,,,,,
소방설비,소방시설공사업(전문),3690,(주)부창방재,최윤정,대구,제99-26호,1195300,,,,,,
소방설비,소방시설공사업(전문),3691,주식회사 승복이엔씨,안만숙,서울,2024-02-00391,1195200,,,,,,
소방설비,소방시설공사업(전문),3692,(주)동원전기통신,이동규,대구,제2010-27호,1195200,,,,,,
소방설비,소방시설공사업(전문),3693,주식회사 진정보,김소진,충북,2016-02-00357,1194900,,,,,,
소방설비,소방시설공사업(전문),3694,건안소방공사,육성환,경기(북),제의정부 2001-2호,1194600,,,,,,
소방설비,소방시설공사업(전문),3695,주식회사 그린에프디피,박지원,서울,2021-02-00655,1193500,,,,,,
소방설비,소방시설공사업(전문),3696,흥산소방산업 주식회사,이명훈,대구,2020-02-00165,1192200,,,,,,
소방설비,소방시설공사업(전문),3697,(주)청마이엔씨,최정숙,경기(북),경기남양주제2014-3호,1192000,,,,,,
소방설비,소방시설공사업(전문),3698,주식회사 경동씨앤씨개발,조현서,서울,제광진1989-01호,1192000,,,,,,
소방설비,소방시설공사업(전문),3699,주식회사 신우이엔아이,김인희,경기(북),2021-02-00273,1190900,,,,,,
소방설비,소방시설공사업(전문),3700,주식회사 미래이엔지,권재필,전북,2020-02-00277,1190900,,,,,,
소방설비,소방시설공사업(전문),3701,한화이엔지(주),조길동,경기(남),경기부천 제2011-5호,1190400,,,,,,
소방설비,소방시설공사업(전문),3702,주식회사 세민,김인호,경북,2022-02-00058,1189900,,,,,,
소방설비,소방시설공사업(전문),3703,성동기술,양일동,경기(북),2021-02-00323,1189100,,,,,,
소방설비,소방시설공사업(전문),3704,(주)정이앤에프,정찬모,경기(북),2019-02-00101,1188600,,,,,,
소방설비,소방시설공사업(전문),3705,주식회사 민전사,정은희,대전,2020-02-00577,1188400,,,,,,
소방설비,소방시설공사업(전문),3706,대흥이앤지(주),강성오,서울,제관악2011-3호,1187800,,,,,,
소방설비,소방시설공사업(전문),3707,(주)창영,안영준,강원,제155호,1187500,,,,,,
소방설비,소방시설공사업(전문),3708,한빛에이아이 주식회사,최태정,경기(북),2015-02-00187,1187200,,,,,,
소방설비,소방시설공사업(전문),3709,(주)시온이엔지,박영종,전남광주(광주),제2009-마-5호,1187100,,,,,,
소방설비,소방시설공사업(전문),3710,주식회사 다보파워코리아,강희철,서울,2026-02-00102,1187000,,,,,,
소방설비,소방시설공사업(전문),3711,서전엔지니어링(주),유경하,서울,2018-02-00072,1185800,,,,,,
소방설비,소방시설공사업(전문),3712,주식회사 피앤씨전기,최행배,경기(남),2022-02-00232,1185700,,,,,,
소방설비,소방시설공사업(전문),3713,주식회사 삼학전력공사,임윤경,충북,2022-02-00312,1185700,,,,,,
소방설비,소방시설공사업(전문),3714,주식회사 동영전력,김순임,경남,2020-02-00033,1185400,,,,,,
소방설비,소방시설공사업(전문),3715,엔케이전기(주),양남규,경기(남),2020-02-00477,1185200,,,,,,
소방설비,소방시설공사업(전문),3716,주식회사 제이알엠에스,하정호,경기(북),2023-02-00185,1185100,,,,,,
소방설비,소방시설공사업(전문),3717,주식회사 빌드윗알오에이치,노현정,서울,2023-02-00065,1184300,,,,,,
소방설비,소방시설공사업(전문),3718,주식회사 선진기술,김다원,전북,2022-02-00139,1183900,,,,,,
소방설비,소방시설공사업(전문),3719,(주)세흥이엔지,오민옥,전북,전주완산제2015-11호,1183900,,,,,,
소방설비,소방시설공사업(전문),3720,한샘전력,이경자,경남,2020-02-00603,1183700,,,,,,
소방설비,소방시설공사업(전문),3721,(주)바오름엔지니어링,김효상,경기(북),경기구리 제2006-2호,1183400,,,,,,
소방설비,소방시설공사업(전문),3722,주식회사 가람,최욱,강원,제338호,1183200,,,,,,
소방설비,소방시설공사업(전문),3723,(주)금강소방안전,진상모,충북,제2005-9호,1183100,,,,,,
소방설비,소방시설공사업(전문),3724,(주)노벨,정헌용,전남광주(전남),2015-02-00112,1183100,,,,,,
소방설비,소방시설공사업(전문),3725,주식회사 리진산업,임혜경,서울,2024-02-00379,1182300,,,,,,
소방설비,소방시설공사업(전문),3726,주식회사 주연개발,이명기,전남광주(광주),2017-02-00452,1181800,,,,,,
소방설비,소방시설공사업(전문),3727,(주)상도소방,박상희,충남,제2013-6호,1181500,,,,,,
소방설비,소방시설공사업(전문),3728,서울전력(주),송학종,서울,제양천2012-1호,1180500,,,,,,
소방설비,소방시설공사업(전문),3729,주식회사 강남엔지니어링,위귀환,전남광주(전남),2021-02-00022,1180400,,,,,,
소방설비,소방시설공사업(전문),3730,(주)삼영기업,정태빈,강원,2016-02-00497,1180300,,,,,,
소방설비,소방시설공사업(전문),3731,주식회사 유일방재,박상현,세종,2021-02-00003,1179700,,,,,,
소방설비,소방시설공사업(전문),3732,화명산업 주식회사,이상학,경북,경주제2015-01호,1179400,,,,,,
소방설비,소방시설공사업(전문),3733,갑을전기,박갑순,전북,2018-02-00297,1179000,,,,,,
소방설비,소방시설공사업(전문),3734,(자)국제소방,박희갑,경남,진주2000-7호,1179000,,,,,,
소방설비,소방시설공사업(전문),3735,주식회사 대훈전력,임대혁,경북,2016-02-00422,1178500,,,,,,
소방설비,소방시설공사업(전문),3736,율림건설(주),윤석율,서울,제성동 2004-14호,1178400,,,,,,
소방설비,소방시설공사업(전문),3737,주식회사 덕성소방,이덕성,강원,제334호,1178300,,,,,,
소방설비,소방시설공사업(전문),3738,(주)대한전설,이영민,경남,2021-02-00110,1178100,,,,,,
소방설비,소방시설공사업(전문),3739,주식회사 한성이엔지,고은진,제주,2020-02-00407,1177700,,,,,,
소방설비,소방시설공사업(전문),3740,(주)금호전력,장명석,전남광주(전남),제98-7호,1177400,,,,,,
소방설비,소방시설공사업(전문),3741,주식회사 삼삼한양하이텍,최선규,경기(남),2020-02-00151,1177200,,,,,,
소방설비,소방시설공사업(전문),3742,주식회사 엔유소방,이기복,인천,2017-02-00185,1177100,,,,,,
소방설비,소방시설공사업(전문),3743,남해종합개발 주식회사,김응서,전남광주(전남),제2012-카-5호,1176800,,,,,,
소방설비,소방시설공사업(전문),3744,주식회사 케이디엠텍,정원군,울산,2021-02-00350,1175500,,,,,,
소방설비,소방시설공사업(전문),3745,주식회사 새진이엔씨,장진영,서울,2023-02-00303,1175200,,,,,,
소방설비,소방시설공사업(전문),3746,주식회사 금성백조건설,원광섭,세종,제2012-1-7호,1175100,,,,,,
소방설비,소방시설공사업(전문),3747,(주)재신전력,고준교,대전,제2011-11호,1175100,,,,,,
소방설비,소방시설공사업(전문),3748,(주)조은아이건설,심만인,울산,2017-02-00346,1175000,,,,,,
소방설비,소방시설공사업(전문),3749,(주)진영소방,문영철,대구,제 2005-6호,1174300,,,,,,
소방설비,소방시설공사업(전문),3750,주식회사 세원방재,조수진,전남광주(광주),2023-02-00115,1174200,,,,,,
소방설비,소방시설공사업(전문),3751,주식회사 삼우,안준교,강원,제323호,1174100,,,,,,
소방설비,소방시설공사업(전문),3752,(주)고려소방산업,이태원,충남,제2015-1호,1173400,,,,,,
소방설비,소방시설공사업(전문),3753,유준이엔지 주식회사,정유니,경기(남),2021-02-00593,1172900,,,,,,
소방설비,소방시설공사업(전문),3754,주식회사 광명이엔지,송재수,전북,2019-02-00297,1172700,,,,,,
소방설비,소방시설공사업(전문),3755,대영이앤지 주식회사,지순남,경기(남),2024-02-00040,1172100,,,,,,
소방설비,소방시설공사업(전문),3756,주식회사 데스카,조혜연,서울,2024-02-00083,1171900,,,,,,
소방설비,소방시설공사업(전문),3757,(주)우진엔지니어링,정갑진,대전,제2014-7호,1171900,,,,,,
소방설비,소방시설공사업(전문),3758,신영소방공사,김광겸,인천,인천남동 제00-7호,1171300,,,,,,
소방설비,소방시설공사업(전문),3759,주식회사 신생전력,전도하,대전,2017-02-00582,1171000,,,,,,
소방설비,소방시설공사업(전문),3760,주식회사 혜안,박욱조,경기(북),2020-02-00535,1170800,,,,,,
소방설비,소방시설공사업(전문),3761,주식회사 미성이엔지,김응용,강원,2025-02-00065,1170600,,,,,,
소방설비,소방시설공사업(전문),3762,주식회사 원광전력,양재희,충남,2021-02-00148,1170500,,,,,,
소방설비,소방시설공사업(전문),3763,(주)중앙개발,전호철,강원,제316호,1170200,,,,,,
소방설비,소방시설공사업(전문),3764,시온소방 주식회사,김대섭,경기(남),2023-02-00372,1169500,,,,,,
소방설비,소방시설공사업(전문),3765,수영산업(주),박수영,서울,제관악2011-2호,1168900,,,,,,
소방설비,소방시설공사업(전문),3766,주식회사 제이에스건설산업,안재상,대전,2021-02-00100,1168800,,,,,,
소방설비,소방시설공사업(전문),3767,주식회사 서원전력,송주호,경남,2017-02-00098,1168500,,,,,,
소방설비,소방시설공사업(전문),3768,대경전기소방 주식회사,오성일,강원,2017-02-00401,1168400,,,,,,
소방설비,소방시설공사업(전문),3769,(주)미성건설,박연숙,부산,2024-02-00011,1167700,,,,,,
소방설비,소방시설공사업(전문),3770,(주)연합전설,박찬주,부산,2019-02-00030,1167400,,,,,,
소방설비,소방시설공사업(전문),3771,보람전설(주),권소영,충북,2015-02-00074,1167200,,,,,,
소방설비,소방시설공사업(전문),3772,서일소방산업 주식회사,최상열,서울,2020-02-00410,1167100,,,,,,
소방설비,소방시설공사업(전문),3773,주식회사 혜성이엔디,강동운,경기(남),2018-02-00406,1166900,,,,,,
소방설비,소방시설공사업(전문),3774,주식회사 천지전력,김영래,충북,2024-02-00151,1166600,,,,,,
소방설비,소방시설공사업(전문),3775,주식회사 대원이앤아이,안난영,경기(남),2023-02-00335,1166000,,,,,,
소방설비,소방시설공사업(전문),3776,오리엔트(주),이경호,서울,제구로2015-5호,1165700,,,,,,
소방설비,소방시설공사업(전문),3777,주식회사 토브,김민주,인천,2024-02-00213,1165400,,,,,,
소방설비,소방시설공사업(전문),3778,가산소방전기 주식회사,김미경,경기(남),2022-02-00025,1165200,,,,,,
소방설비,소방시설공사업(전문),3779,현대로템(주),이용배,경남,제2005-07호,1165100,,,,,,
소방설비,소방시설공사업(전문),3780,포우기전(주),이성화,경북,2015-02-00438,1164700,,,,,,
소방설비,소방시설공사업(전문),3781,(주)팔공소방,김민호,대구,제2013-5호,1164600,,,,,,
소방설비,소방시설공사업(전문),3782,(주)동호,최필순,경북,영주제2010-01호,1164300,,,,,,
소방설비,소방시설공사업(전문),3783,주식회사 태영티에스,김춘규,경기(남),2022-02-00219,1163900,,,,,,
소방설비,소방시설공사업(전문),3784,주식회사 에스엔에이,김태균,전남광주(전남),2016-02-00581,1163900,,,,,,
소방설비,소방시설공사업(전문),3785,(주)흥창엔지니어링,홍성배,서울,2016-02-00036,1163200,,,,,,
소방설비,소방시설공사업(전문),3786,창성건설(주),신기섭,서울,2016-02-00446,1163100,,,,,,
소방설비,소방시설공사업(전문),3787,(주)컴피아,고석만,경기(남),경기안양 제2012-10호,1162800,,,,,,
소방설비,소방시설공사업(전문),3788,연합이엔씨 주식회사,최지영,충남,2017-02-00310,1162600,,,,,,
소방설비,소방시설공사업(전문),3789,가온기업(주),이재근,부산,제2015-18호,1162600,,,,,,
소방설비,소방시설공사업(전문),3790,주식회사 합동전기,최재익,대전,제2008-1호,1162300,,,,,,
소방설비,소방시설공사업(전문),3791,(주)청석엔지니어링,이영석,충남,2018-02-00168,1162100,,,,,,
소방설비,소방시설공사업(전문),3792,상우이엔씨(주),윤석모,울산,제 2003-2호,1162000,,,,,,
소방설비,소방시설공사업(전문),3793,유한회사 누리이엔지,김영숙,전북,2015-02-00318,1161900,,,,,,
소방설비,소방시설공사업(전문),3794,주식회사 삼우이앤씨,홍성욱,서울,2020-02-00269,1161500,,,,,,
소방설비,소방시설공사업(전문),3795,성원전기(주),조범성,경기(남),2015-02-00415,1161100,,,,,,
소방설비,소방시설공사업(전문),3796,주식회사 도현전력기술단,이준우,강원,2020-02-00055,1161100,,,,,,
소방설비,소방시설공사업(전문),3797,(주)대진소방,황병대,대구,2016-02-00271,1161000,,,,,,
소방설비,소방시설공사업(전문),3798,주식회사 순금,박순금,경남,2025-02-00270,1160200,,,,,,
소방설비,소방시설공사업(전문),3799,주식회사 다원에프이,신길수,대구,2021-02-00118,1159900,,,,,,
소방설비,소방시설공사업(전문),3800,주식회사 새미래소방,조용영,충남,2016-02-00682,1159200,,,,,,
소방설비,소방시설공사업(전문),3801,(주)제이앤제이,이홍복,경북,제경산 2007-2호,1159000,,,,,,
소방설비,소방시설공사업(전문),3802,주식회사 연두소방,김효수,충남,2024-02-00381,1158600,,,,,,
소방설비,소방시설공사업(전문),3803,(주)대진이앤지,류진선,인천,2022-02-00477,1158500,,,,,,
소방설비,소방시설공사업(전문),3804,에스와이소방 주식회사,이주우,대전,2019-02-00110,1158100,,,,,,
소방설비,소방시설공사업(전문),3805,지우전기 주식회사,이성식,세종,2019-02-00042,1157800,,,,,,
소방설비,소방시설공사업(전문),3806,(주)아주소방,전유준,부산,제2012-20호,1157700,,,,,,
소방설비,소방시설공사업(전문),3807,(주)광명전기,정은희,경북,제문경2009-1호,1157300,,,,,,
소방설비,소방시설공사업(전문),3808,동양전기(주),김장웅,경북,제포항 2002-3호,1157200,,,,,,
소방설비,소방시설공사업(전문),3809,주식회사 제이제이소방,송진희,전북,2021-02-00523,1157200,,,,,,
소방설비,소방시설공사업(전문),3810,(주)중부이엔지,김선옥,충남,제2003-3호,1156900,,,,,,
소방설비,소방시설공사업(전문),3811,주식회사 덕진방재,박수연,전북,2022-02-00046,1156800,,,,,,
소방설비,소방시설공사업(전문),3812,거룡산업(주),김홍욱,경남,제창원 2006-2호,1156700,,,,,,
소방설비,소방시설공사업(전문),3813,주식회사 케이엠티,명경식,전남광주(전남),제2012-나-1호,1155800,,,,,,
소방설비,소방시설공사업(전문),3814,엔에프건설(주),최성규,전남광주(전남),제2009-자-1호,1155600,,,,,,
소방설비,소방시설공사업(전문),3815,(주)티에이치전력,이종수,서울,2020-02-00479,1155500,,,,,,
소방설비,소방시설공사업(전문),3816,주식회사 무적소방,서상덕,대구,2022-02-00047,1155200,,,,,,
소방설비,소방시설공사업(전문),3817,주식회사 파이프케어코리아,안영흠,울산,2024-02-00144,1154900,,,,,,
소방설비,소방시설공사업(전문),3818,(주)혁진이엔지,채규혁,강원,제133호,1154800,,,,,,
소방설비,소방시설공사업(전문),3819,주식회사 라온이엔지,임종범,대구,2021-02-00515,1154800,,,,,,
소방설비,소방시설공사업(전문),3820,(주)세성엔지니어링,이병규,부산,부산제2001-20호,1154600,,,,,,
소방설비,소방시설공사업(전문),3821,삼광전기(주),나창희,경남,2018-02-00528,1153500,,,,,,
소방설비,소방시설공사업(전문),3822,(주)청한이티엔,김종교,인천,2023-02-00025,1153400,,,,,,
소방설비,소방시설공사업(전문),3823,주식회사 서령소방설비공사,김창숙,충남,2020-02-00027,1153000,,,,,,
소방설비,소방시설공사업(전문),3824,주식회사 케이지소방,김응곤,전북,2019-02-00587,1152900,,,,,,
소방설비,소방시설공사업(전문),3825,금강전기산업(주),안재환,충북,제2006-15호,1151800,,,,,,
소방설비,소방시설공사업(전문),3826,주식회사 이지소방엔지니어링,안정임,경남,2018-02-00329,1151600,,,,,,
소방설비,소방시설공사업(전문),3827,덕원전기 주식회사,류주현,충북,2022-02-00029,1151500,,,,,,
소방설비,소방시설공사업(전문),3828,주식회사 이스트씨에이,김현우,경기(북),2022-02-00337,1151200,,,,,,
소방설비,소방시설공사업(전문),3829,대성방재(주),김현성,충북,2017-02-00458,1151000,,,,,,
소방설비,소방시설공사업(전문),3830,(주)세원이앤씨,정은정,강원,2020-02-00512,1150900,,,,,,
소방설비,소방시설공사업(전문),3831,(주)삼보엔지니어링,심규일,경기(남),경기용인 제2003-6호,1150600,,,,,,
소방설비,소방시설공사업(전문),3832,(주)성광소방,박종수,충남,2015-02-00178,1150400,,,,,,
소방설비,소방시설공사업(일반·전기),2,주식회사 파인솔라,이태동,서울,2016-02-00403,1150400,,,,,,
소방설비,소방시설공사업(전문),3833,(주)미소건영,김영태,인천,인천부평제2015-5호,1150300,,,,,,
소방설비,소방시설공사업(전문),3834,(합)원진설비,전태우,울산,제 1997-38호,1149600,,,,,,
소방설비,소방시설공사업(전문),3835,(주)한일,조현,전남광주(전남),제2013-바-2호,1148700,,,,,,
소방설비,소방시설공사업(전문),3836,주식회사 선빈테크,권용성,경남,2025-02-00090,1148300,,,,,,
소방설비,소방시설공사업(전문),3837,해광전기 주식회사,김봉수,경기(남),2018-02-00380,1148200,,,,,,
소방설비,소방시설공사업(전문),3838,세명엔지니어링,하태정,대구,제2009-1호,1148100,,,,,,
소방설비,소방시설공사업(전문),3839,(주)광진소방이엔씨,이광훈,부산,제2014-25호,1147900,,,,,,
소방설비,소방시설공사업(전문),3840,(주)정림종합엔지니어링,주진성,경남,진주 제2010-05호,1147300,,,,,,
소방설비,소방시설공사업(전문),3841,오리엔트방재(주),서정민,서울,제강남2009-20호,1147300,,,,,,
소방설비,소방시설공사업(전문),3842,활인테크,조상수,충남,2022-02-00345,1147000,,,,,,
소방설비,소방시설공사업(전문),3843,(주)한울,조성일,경기(남),경기부천 제2010-7호,1146700,,,,,,
소방설비,소방시설공사업(전문),3844,(주)신흥이엔지,채종근,서울,2023-02-00145,1146600,,,,,,
소방설비,소방시설공사업(전문),3845,주식회사 동운,김병윤,경북,2015-02-00064,1146500,,,,,,
소방설비,소방시설공사업(전문),3846,주식회사 으뜸소방,윤동근,울산,2024-02-00119,1145800,,,,,,
소방설비,소방시설공사업(전문),3847,동진전력(주),백승석,서울,2020-02-00109,1145700,,,,,,
소방설비,소방시설공사업(전문),3848,미래전설 주식회사,서계원,경기(남),2019-02-00474,1145300,,,,,,
소방설비,소방시설공사업(전문),3849,엔에스전기 주식회사,김나랑,전남광주(광주),2021-02-00271,1144800,,,,,,
소방설비,소방시설공사업(전문),3850,(주)경인소방,우동훈,경기(남),2021-02-00060,1144000,,,,,,
소방설비,소방시설공사업(전문),3851,주식회사 창명소방,김창호,경남,통영1996-1호,1143700,,,,,,
소방설비,소방시설공사업(전문),3852,(주)알파앤오메가,이성숙,충남,2018-02-00200,1142900,,,,,,
소방설비,소방시설공사업(전문),3853,(주)청평,신용수,울산,2015-02-00423,1142500,,,,,,
소방설비,소방시설공사업(전문),3854,주식회사 디케이이앤씨,김철한,충북,2020-02-00558,1142400,,,,,,
소방설비,소방시설공사업(전문),3855,한일건설(주),손영호,경기(남),2025-02-00244,1142200,,,,,,
소방설비,소방시설공사업(전문),3856,(주)샤인에너지,이일호,인천,2015-02-00330,1142000,,,,,,
소방설비,소방시설공사업(전문),3857,대성이엔지(주),이상현,강원,제301호,1141900,,,,,,
소방설비,소방시설공사업(전문),3858,(주)삼두이엔씨,최병천,대구,제2005-21호,1141800,,,,,,
소방설비,소방시설공사업(전문),3859,한세전력 주식회사,이경희,충북,2019-02-00343,1141600,,,,,,
소방설비,소방시설공사업(전문),3860,(주)나이스이엔씨,유우준,인천,인천남동 제2010-14호,1141300,,,,,,
소방설비,소방시설공사업(전문),3861,(주)충무이엔지,조남전,대전,제2010-1호,1141200,,,,,,
소방설비,소방시설공사업(전문),3862,주식회사 디에이치엔지니어링,김두호,경기(남),2024-02-00303,1140400,,,,,,
소방설비,소방시설공사업(전문),3863,주식회사 정민전력공사,지학기,충북,2017-02-00457,1140300,,,,,,
소방설비,소방시설공사업(전문),3864,(주)양주방재,김은섭,경기(북),경기양주 제2008-13호,1140200,,,,,,
소방설비,소방시설공사업(전문),3865,(주)지에스산업설비,남경필,경남,2025-02-00046,1140200,,,,,,
소방설비,소방시설공사업(전문),3866,(주)한남엔지니어링,한승민,경기(남),경기화성 제2008-19호,1139900,,,,,,
소방설비,소방시설공사업(전문),3867,주식회사 나노이에프,김주영,서울,2017-02-00583,1139900,,,,,,
소방설비,소방시설공사업(전문),3868,주식회사 영산전기,허진천,대구,2015-02-00137,1138900,,,,,,
소방설비,소방시설공사업(전문),3869,주식회사 경도기술단,홍준영,경북,제문경2013-3호,1137500,,,,,,
소방설비,소방시설공사업(전문),3870,주식회사 대야에스디,민병구,경기(남),2023-02-00120,1137200,,,,,,
소방설비,소방시설공사업(전문),3871,주식회사 새빛전력,류성천,경기(북),2017-02-00596,1136400,,,,,,
소방설비,소방시설공사업(전문),3872,(주)엔에스소방,정경한,충남,제2014-3호,1136300,,,,,,
소방설비,소방시설공사업(전문),3873,주식회사 대경건설,이신자,대전,2016-02-00604,1136300,,,,,,
소방설비,소방시설공사업(전문),3874,정화통신(주),우동명,강원,제275호,1136000,,,,,,
소방설비,소방시설공사업(전문),3875,주식회사 용성테크,송태종,경남,2021-02-00416,1135500,,,,,,
소방설비,소방시설공사업(전문),3876,주식회사 성도이엔지,박판수,부산,2021-02-00478,1135500,,,,,,
소방설비,소방시설공사업(전문),3877,주식회사 대아기술단,박순우,경북,2026-02-00002,1134600,,,,,,
소방설비,소방시설공사업(전문),3878,(주)유일엔지니어링,송수길,서울,제서초2001-18호,1134300,,,,,,
소방설비,소방시설공사업(전문),3879,중양산업건설(주),나양종,인천,제2007-03호,1134200,,,,,,
소방설비,소방시설공사업(전문),3880,(주)명전사,최영길,대전,제2010-10호,1134200,,,,,,
소방설비,소방시설공사업(전문),3881,(주)서일,조미영,경남,창원제2013-05호,1132900,,,,,,
소방설비,소방시설공사업(전문),3882,(합)중앙전업사,임명복,경기(남),2021-02-00091,1132600,,,,,,
소방설비,소방시설공사업(전문),3883,(주)상상이엔티,최재영,전남광주(광주),광주서부 제2012-04호,1132300,,,,,,
소방설비,소방시설공사업(전문),3884,제일소방 주식회사,김미현,부산,2020-02-00050,1131600,,,,,,
소방설비,소방시설공사업(전문),3885,(주)재원피앤드티,채규명,서울,제서초 2005-9호,1130700,,,,,,
소방설비,소방시설공사업(전문),3886,다산전력 주식회사,최광열,전남광주(전남),2019-02-00071,1130100,,,,,,
소방설비,소방시설공사업(전문),3887,(주)동아전력공사,박호택,경북,제 2009-8 호,1130000,,,,,,
소방설비,소방시설공사업(전문),3888,(주)한남전기공사,최해선,경남,경남함양제2014-01호,1129400,,,,,,
소방설비,소방시설공사업(전문),3889,주식회사 대건이엔씨,김주형,대전,제2014-9호,1129400,,,,,,
소방설비,소방시설공사업(전문),3890,(주)대양전기,김병진,대구,제2009-31호,1129200,,,,,,
소방설비,소방시설공사업(전문),3891,주식회사 유천,김철진,제주,제제주2014-9호,1128900,,,,,,
소방설비,소방시설공사업(전문),3892,(주)태화기전,이양우,대전,2015-02-00160,1127800,,,,,,
소방설비,소방시설공사업(전문),3893,(주)엘림엔지니어링,차재헌,강원,제297호,1127300,,,,,,
소방설비,소방시설공사업(전문),3894,(주)한솔엔지니어링,전광표,강원,제262호,1127000,,,,,,
소방설비,소방시설공사업(전문),3895,(주)가경소방전력공사,김경용,전남광주(광주),제2007-다-1호,1126900,,,,,,
소방설비,소방시설공사업(전문),3896,(주)코러싱,박동식,경북,2018-02-00368,1126300,,,,,,
소방설비,소방시설공사업(전문),3897,삼영전력(주),이정규,대전,제2006-14호,1126200,,,,,,
소방설비,소방시설공사업(전문),3898,(주)선룡,정종오,전남광주(전남),제2009-가-12호,1126100,,,,,,
소방설비,소방시설공사업(전문),3899,(주)파이로텍,김강옥,인천,2017-02-00336,1125700,,,,,,
소방설비,소방시설공사업(전문),3900,현대전기(주),황창흠,경기(남),경기오산 제2009-02호,1125600,,,,,,
소방설비,소방시설공사업(전문),3901,(주)우인,정종순,강원,제256호,1125400,,,,,,
소방설비,소방시설공사업(전문),3902,유명전설(주),이예구,서울,제마포 2001-6호,1125200,,,,,,
소방설비,소방시설공사업(전문),3903,(주)성지전력,함수연,강원,2016-02-00406,1125000,,,,,,
소방설비,소방시설공사업(전문),3904,주식회사 누리소방,김경심,전북,2020-02-00270,1124000,,,,,,
소방설비,소방시설공사업(전문),3905,(주)한남전기통신공사,이승재,경북,2015-02-00203,1123800,,,,,,
소방설비,소방시설공사업(전문),3906,주식회사 안전솔루션,안성연,전남광주(광주),2022-02-00476,1123600,,,,,,
소방설비,소방시설공사업(전문),3907,(주)미래소방이엔지,이명호,전남광주(전남),제2012-가-03호,1123100,,,,,,
소방설비,소방시설공사업(전문),3908,(주)호암이엘,배범석,부산,제2010-9호,1122700,,,,,,
소방설비,소방시설공사업(전문),3909,씨앤씨 종합건설 주식회사,손성연,경기(남),2022-02-00152,1121900,,,,,,
소방설비,소방시설공사업(전문),3910,금성기계건설 주식회사,전길수,전북,전주완산제2014-02호,1121800,,,,,,
소방설비,소방시설공사업(전문),3911,(주)영신방재,임정후,경남,경남김해제2014-06호,1121400,,,,,,
소방설비,소방시설공사업(전문),3912,(주)삼성소방전기,김태정,전남광주(광주),광주서부2014-06호,1121400,,,,,,
소방설비,소방시설공사업(전문),3913,제이모듈 주식회사,윤희정,서울,2025-02-00193,1121300,,,,,,
소방설비,소방시설공사업(전문),3914,주식회사 새늘,안대관,충북,2016-02-00203,1121000,,,,,,
소방설비,소방시설공사업(전문),3915,주식회사 남원산업,김종례,전남광주(전남),2024-02-00277,1120700,,,,,,
소방설비,소방시설공사업(전문),3916,(주)남강,민윤정,충북,제 99-13호,1120300,,,,,,
소방설비,소방시설공사업(전문),3917,(주)성화전설,심병택,경기(남),2015-02-00353,1120200,,,,,,
소방설비,소방시설공사업(전문),3918,나래방재 주식회사,고태영,전북,2019-02-00266,1119100,,,,,,
소방설비,소방시설공사업(전문),3919,(주)파이로엔지니어링,강혜원,경기(남),2022-02-00458,1119000,,,,,,
소방설비,소방시설공사업(전문),3920,(주)그린산전,김문우,충남,제1999-1호,1119000,,,,,,
소방설비,소방시설공사업(전문),3921,탑방재 이앤씨,김선형,경기(남),2020-02-00177,1118900,,,,,,
소방설비,소방시설공사업(전문),3922,(주)비앤엠,이근석,경남,경남고성 제2015-01호,1118400,,,,,,
소방설비,소방시설공사업(전문),3923,(주)신한이앤씨,김태한,경남,2025-02-00365,1118300,,,,,,
소방설비,소방시설공사업(전문),3924,(주)한양전력,이재철,경북,제2015-02호,1118000,,,,,,
소방설비,소방시설공사업(전문),3925,경창계전(주),이성욱,서울,제강남 2007-13호,1117900,,,,,,
소방설비,소방시설공사업(전문),3926,주식회사 현성이앤에프,한송희,세종,2020-02-00390,1117400,,,,,,
소방설비,소방시설공사업(전문),3927,주식회사 가야안전소방,박명옥,경남,2018-02-00510,1117000,,,,,,
소방설비,소방시설공사업(전문),3928,주식회사 유닉스방재,정진만,전북,전주덕진제2014-03호,1116500,,,,,,
소방설비,소방시설공사업(전문),3929,주식회사 리채,최영,전남광주(광주),2021-02-00296,1115500,,,,,,
소방설비,소방시설공사업(전문),3929,한전산업개발(주),함흥규,서울,제중부 2006-3호,1115500,,,,,,
소방설비,소방시설공사업(전문),3931,신진이앤씨(주),홍왕석,경기(남),경기성남 제2008-2호,1114800,,,,,,
소방설비,소방시설공사업(전문),3932,유천전기(주),정진권,서울,제구로 2002-16호,1114000,,,,,,
소방설비,소방시설공사업(전문),3933,주식회사 한양아이앤디,김정숙,경기(북),2022-02-00239,1113900,,,,,,
소방설비,소방시설공사업(전문),3934,주식회사 유남전력,곽남신,강원,2017-02-00475,1113800,,,,,,
소방설비,소방시설공사업(전문),3935,주식회사 세전,조권수,경남,2015-02-00247,1113100,,,,,,
소방설비,소방시설공사업(전문),3936,주식회사 다길소방,정석영,경기(남),2016-02-00590,1112400,,,,,,
소방설비,소방시설공사업(전문),3937,(주)성조테크,이수형,경기(남),2021-02-00379,1112300,,,,,,
소방설비,소방시설공사업(전문),3938,(주)한영기업,송인섭,대구,제98-5호,1111500,,,,,,
소방설비,소방시설공사업(전문),3939,윤성이엔지(주),김윤범,인천,2020-02-00018,1111200,,,,,,
소방설비,소방시설공사업(전문),3940,(주)성강통신기술사사무소,안치영,서울,제구로2009-18호,1110900,,,,,,
소방설비,소방시설공사업(전문),3941,주식회사 태성기전,최성규,경기(남),2024-02-00195,1110400,,,,,,
소방설비,소방시설공사업(전문),3942,주식회사 지산이엔씨,유현순,충북,2021-02-00537,1110300,,,,,,
소방설비,소방시설공사업(전문),3943,천광전업(주),천광명,부산,제2010-19호,1109900,,,,,,
소방설비,소방시설공사업(전문),3944,(주)원진이엔씨,김수진,전남광주(전남),제2010-사-01호,1109700,,,,,,
소방설비,소방시설공사업(전문),3945,주식회사 금강이엔지,이영호,전북,2024-02-00161,1109200,,,,,,
소방설비,소방시설공사업(전문),3946,주식회사 지엘전기,박재호,경남,2019-02-00366,1108900,,,,,,
소방설비,소방시설공사업(전문),3947,(주)금원전력,김성도,제주,2018-02-00227,1108600,,,,,,
소방설비,소방시설공사업(전문),3948,주식회사 다온에프앤씨,김선욱,경기(남),2022-02-00017,1108500,,,,,,
소방설비,소방시설공사업(전문),3949,청계소방공사,김천수,서울,제영등포2009-2호,1108400,,,,,,
소방설비,소방시설공사업(전문),3950,주식회사 마루종합전기,남도우,전남광주(전남),제2012-타-06호,1108200,,,,,,
소방설비,소방시설공사업(전문),3951,(주)유강이엔씨,조천식,서울,제양천2013-2호,1107900,,,,,,
소방설비,소방시설공사업(전문),3952,주식회사 에스티엔,이지운,경기(남),2024-02-00187,1107800,,,,,,
소방설비,소방시설공사업(전문),3953,서해소방공사,황귀남,인천,인천공단 제2009-4호,1107400,,,,,,
소방설비,소방시설공사업(전문),3954,금성소방관리 주식회사,양승철,서울,2018-02-00388,1107400,,,,,,
소방설비,소방시설공사업(전문),3955,주식회사 대성이엔에프,정선희,서울,2021-02-00051,1107100,,,,,,
소방설비,소방시설공사업(전문),3956,삼남전기(주),조병욱,경기(남),2017-02-00628,1106600,,,,,,
소방설비,소방시설공사업(전문),3957,(주)금강이엔지,정래영,강원,제127호,1106500,,,,,,
소방설비,소방시설공사업(전문),3958,대교전설 주식회사,권용일,충남,2015-02-00051,1106500,,,,,,
소방설비,소방시설공사업(전문),3959,세진소방,유근호,대전,2019-02-00043,1106300,,,,,,
소방설비,소방시설공사업(전문),3960,주식회사 하나소방,문희천,경기(남),2022-02-00340,1106000,,,,,,
소방설비,소방시설공사업(전문),3961,주식회사 명성에이앤티(A&T),황희석,충북,2022-02-00027,1105900,,,,,,
소방설비,소방시설공사업(전문),3962,주식회사 국일전력,고은아,전남광주(전남),제2004-2호,1105500,,,,,,
소방설비,소방시설공사업(전문),3963,(주)동원전력개발,정광섭,경기(남),2019-02-00063,1105300,,,,,,
소방설비,소방시설공사업(전문),3964,주식회사 우리소방,이민섭,경남,2023-02-00283,1104800,,,,,,
소방설비,소방시설공사업(전문),3965,해원전력 주식회사,양창규,경기(남),2017-02-00004,1104800,,,,,,
소방설비,소방시설공사업(전문),3966,영창전설(주),임생규,울산,제2009-3호,1104500,,,,,,
소방설비,소방시설공사업(전문),3967,(주)성진전기,조만형,충남,2015-02-00256,1103700,,,,,,
소방설비,소방시설공사업(전문),3968,주식회사 태종소방,김희종,대전,2022-02-00407,1103600,,,,,,
소방설비,소방시설공사업(전문),3969,주식회사 태산전자,김필영,경기(남),2015-02-00198,1103300,,,,,,
소방설비,소방시설공사업(전문),3970,(주)거람,이창우,서울,2017-02-00428,1103000,,,,,,
소방설비,소방시설공사업(전문),3971,주식회사 이오소방,이한식,대전,2020-02-00541,1103000,,,,,,
소방설비,소방시설공사업(전문),3972,바다소방,김동옥,경남,2024-02-00016,1102800,,,,,,
소방설비,소방시설공사업(전문),3973,(주)우수방재,이서영,서울,제영등포2015-1호,1102700,,,,,,
소방설비,소방시설공사업(전문),3974,주식회사 강산,한동현,강원,2024-02-00010,1102500,,,,,,
소방설비,소방시설공사업(전문),3975,주식회사 에스제이전기,박상태,경북,2020-02-00326,1102400,,,,,,
소방설비,소방시설공사업(전문),3976,정상 이엔지,주상희,인천,2023-02-00107,1102400,,,,,,
소방설비,소방시설공사업(전문),3977,경동이엔씨 주식회사,박성기,서울,2018-02-00223,1102400,,,,,,
소방설비,소방시설공사업(전문),3978,(주)녹산하이텍,장정옥,세종,2016-02-00015,1102300,,,,,,
소방설비,소방시설공사업(전문),3979,(주)상지일렉스,정원상,서울,2017-02-00373,1102300,,,,,,
소방설비,소방시설공사업(전문),3980,(주)현대이앤아이,진재윤,전남광주(전남),제2007-마-3호,1102300,,,,,,
소방설비,소방시설공사업(전문),3981,(주)진성아이엔디,김진수,경북,2016-02-00037,1102100,,,,,,
소방설비,소방시설공사업(전문),3982,(주)한성기술단,오상구,강원,제270호,1101900,,,,,,
소방설비,소방시설공사업(전문),3983,주식회사 썬투에너지,김미정,전남광주(광주),2020-02-00320,1101700,,,,,,
소방설비,소방시설공사업(전문),3984,영진(주),이청훈,울산,2024-02-00257,1100700,,,,,,
소방설비,소방시설공사업(전문),3985,(주)가흥이엔씨,백미희,경기(남),2020-02-00217,1100500,,,,,,
소방설비,소방시설공사업(전문),3986,주식회사 수도전기소방,김완식,경남,2021-02-00221,1100000,,,,,,
소방설비,소방시설공사업(전문),3987,명진전력(주),김민경,충남,제2011-1호,1099600,,,,,,
소방설비,소방시설공사업(전문),3988,(주)주경이앤씨,김주희,경기(북),2026-02-00066,1099500,,,,,,
소방설비,소방시설공사업(전문),3989,덕진개발 주식회사,이재학,경기(남),2016-02-00290,1099200,,,,,,
소방설비,소방시설공사업(전문),3990,동우종합건설 주식회사,권진혁,대구,2024-02-00327,1098900,,,,,,
소방설비,소방시설공사업(전문),3991,(유)전남소방전력,박상오,전남광주(전남),제91-6호,1098600,,,,,,
소방설비,소방시설공사업(전문),3992,주식회사 대웅설비,곽병웅,경기(남),2020-02-00446,1098500,,,,,,
소방설비,소방시설공사업(전문),3993,주식회사 창전사,권명희,충북,2017-02-00509,1098400,,,,,,
소방설비,소방시설공사업(전문),3994,(유)에스엠소방,김승무,전북,전북익산제2015-02호,1098400,,,,,,
소방설비,소방시설공사업(전문),3995,(주)메타이엔시,조용식,서울,제강남2009-23호,1098300,,,,,,
소방설비,소방시설공사업(전문),3996,주식회사 우원산업,최성주,세종,2015-02-00163,1097200,,,,,,
소방설비,소방시설공사업(전문),3997,(주)제이소방,최민희,경기(남),2020-02-00439,1097100,,,,,,
소방설비,소방시설공사업(전문),3998,대영소방 주식회사,신두수,서울,2025-02-00320,1096800,,,,,,
소방설비,소방시설공사업(전문),3999,(주)에스제이에스일렉트릭,김현돈,대구,2017-02-00335,1096500,,,,,,
소방설비,소방시설공사업(전문),4000,주식회사 금문전력,김수련,전북,2018-02-00464,1096300,,,,,,
소방설비,소방시설공사업(전문),4001,재현이앤씨 주식회사,김재용,서울,2022-02-00335,1095400,,,,,,
소방설비,소방시설공사업(전문),4002,(주)엔탑엔지니어링,최공호,전남광주(전남),2020-02-00511,1095400,,,,,,
소방설비,소방시설공사업(전문),4003,주식회사 보령에스,김영미,충남,제2006-5호,1094900,,,,,,
소방설비,소방시설공사업(전문),4004,(주)두일이앤씨,허재현,전남광주(전남),제2015-다-3호,1094800,,,,,,
소방설비,소방시설공사업(전문),4005,(주)가람이엔지,원형섭,대전,2022-02-00243,1094700,,,,,,
소방설비,소방시설공사업(전문),4006,주식회사 청풍소방안전공사,유호경,충북,2019-02-00017,1094700,,,,,,
소방설비,소방시설공사업(전문),4007,현대공영(주),전준형,충남,제2013-3호,1094600,,,,,,
소방설비,소방시설공사업(전문),4008,거상전력 주식회사,이민정,전북,2017-02-00305,1094200,,,,,,
소방설비,소방시설공사업(전문),4009,하나에프이씨 주식회사,정희철,경기(북),2024-02-00036,1094200,,,,,,
소방설비,소방시설공사업(전문),4010,주식회사 거성파워이앤지,최원신,서울,2022-02-00426,1094100,,,,,,
소방설비,소방시설공사업(전문),4011,에스제이이엔지(주),송용우,경기(남),2016-02-00163,1094000,,,,,,
소방설비,소방시설공사업(전문),4012,주식회사 부일전력,이희진,경남,2017-02-00386,1093900,,,,,,
소방설비,소방시설공사업(전문),4013,주식회사 혜성,김서현,경남,2021-02-00098,1093700,,,,,,
소방설비,소방시설공사업(전문),4014,주식회사 충일 이.엔.지,김종철,전남광주(광주),2023-02-00100,1093500,,,,,,
소방설비,소방시설공사업(전문),4015,주식회사 성진전력,오세주,울산,2024-02-00224,1093100,,,,,,
소방설비,소방시설공사업(전문),4016,주식회사 선문,이상대,울산,2020-02-00024,1092800,,,,,,
소방설비,소방시설공사업(전문),4017,(주)동명전력,허제원,경남,경남김해 제2008-06호,1092700,,,,,,
소방설비,소방시설공사업(전문),4018,대우건철 주식회사,김건철,경기(북),2020-02-00100,1092600,,,,,,
소방설비,소방시설공사업(전문),4019,팔도건설 주식회사,남현주,대구,2015-02-00220,1092300,,,,,,
소방설비,소방시설공사업(전문),4020,(주)이에스텍,최현규,경북,2021-02-00468,1091500,,,,,,
소방설비,소방시설공사업(전문),4021,가나소방 주식회사,김정만,경기(북),2017-02-00424,1091200,,,,,,
소방설비,소방시설공사업(전문),4022,주식회사 동진전력,김유인,인천,2022-02-00007,1091100,,,,,,
소방설비,소방시설공사업(전문),4023,(주)경원소방,김건태,경북,제2011-8호,1091000,,,,,,
소방설비,소방시설공사업(전문),4024,류전력소방,박희경,제주,제2007-99호,1090800,,,,,,
소방설비,소방시설공사업(전문),4025,용산방재,김용범,강원,제335호,1090400,,,,,,
소방설비,소방시설공사업(전문),4026,주식회사 대원,문영진,강원,2017-02-00267,1090100,,,,,,
소방설비,소방시설공사업(전문),4027,주식회사 신흥소방설비,이치열,경남,2024-02-00118,1089800,,,,,,
소방설비,소방시설공사업(전문),4028,혜성전기(주),김순엽,경기(남),경기화성 제2008-40호,1089700,,,,,,
소방설비,소방시설공사업(전문),4029,(주)옥토,이영수,경기(북),경기구리제2014-4호,1088600,,,,,,
소방설비,소방시설공사업(전문),4030,금송전기(주),박종국,서울,제서초85-8호,1088400,,,,,,
소방설비,소방시설공사업(전문),4031,(주)대창전기기술단,조민재,경기(남),2024-02-00167,1088300,,,,,,
소방설비,소방시설공사업(전문),4032,(주)디알시스템,오창훈,부산,제1996-12호,1088000,,,,,,
소방설비,소방시설공사업(전문),4033,(주)우림기업,이종식,경북,칠곡제2013-7호,1088000,,,,,,
소방설비,소방시설공사업(전문),4034,(주)서강전력,서정자,경북,제2012-1호,1087800,,,,,,
소방설비,소방시설공사업(전문),4035,(주)국제화재안전시스템,조진희,인천,2016-02-00083,1087200,,,,,,
소방설비,소방시설공사업(전문),4036,태호전기통신 주식회사,이호승,경기(북),남양주 2005-15,1087000,,,,,,
소방설비,소방시설공사업(전문),4037,주식회사 도원소방,김상일,전남광주(광주),2021-02-00643,1086700,,,,,,
소방설비,소방시설공사업(전문),4038,주식회사 신성전력,이성우,경기(남),2022-02-00368,1085900,,,,,,
소방설비,소방시설공사업(전문),4039,주식회사 영진건설산업,홍세기,경기(북),경기의정부 제2010-2호,1085500,,,,,,
소방설비,소방시설공사업(전문),4040,주식회사 제이에이치에너지건설,박승호,경기(남),2022-02-00075,1085300,,,,,,
소방설비,소방시설공사업(전문),4041,주식회사 현대전력,이재훈,전북,제2009-1호,1085100,,,,,,
소방설비,소방시설공사업(전문),4042,덕성전력(주),김덕성,경기(북),2015-02-00119,1085100,,,,,,
소방설비,소방시설공사업(전문),4043,광명전기(주),전미경,경기(남),2024-02-00307,1085000,,,,,,
소방설비,소방시설공사업(전문),4044,에스티건설 주식회사,신재복,경북,2024-02-00324,1083800,,,,,,
소방설비,소방시설공사업(전문),4045,주식회사 광문정보통신,서정만,서울,제중랑2009-2호,1081800,,,,,,
소방설비,소방시설공사업(전문),4046,(주)준원엔지니어링,김영준,서울,2021-02-00277,1081400,,,,,,
소방설비,소방시설공사업(전문),4047,주식회사 가인엔지니어링,박상희,충북,2024-02-00049,1081100,,,,,,
소방설비,소방시설공사업(전문),4048,주식회사 대한전기,최재운,충남,2021-02-00608,1080900,,,,,,
소방설비,소방시설공사업(전문),4049,(주)서경엔지니어링,김진한,대구,제2014-15호,1080900,,,,,,
소방설비,소방시설공사업(전문),4050,(주)성우전력,박길수,경기(남),경기수원 제2009-102호,1080700,,,,,,
소방설비,소방시설공사업(전문),4051,주식회사 부송전력,양인실,경기(남),2022-02-00153,1080200,,,,,,
소방설비,소방시설공사업(전문),4052,주식회사 다올소방,신명철,전남광주(전남),2024-02-00238,1080000,,,,,,
소방설비,소방시설공사업(전문),4053,동광텔레콤 주식회사,박경화,대전,2022-02-00324,1079900,,,,,,
소방설비,소방시설공사업(전문),4054,동광기업(주),주명숙,경기(남),경기안성 제2006-3호,1079500,,,,,,
소방설비,소방시설공사업(전문),4055,성도프랜트(주),이종기,서울,2017-02-00355,1079300,,,,,,
소방설비,소방시설공사업(전문),4056,희성전력(주),송재윤,부산,제2009-14호,1079000,,,,,,
소방설비,소방시설공사업(전문),4057,주식회사 이제이소방,류대현,경남,2021-02-00591,1078700,,,,,,
소방설비,소방시설공사업(전문),4058,(주)신화전기,김수,인천,인천계양 제2009-5호,1078600,,,,,,
소방설비,소방시설공사업(전문),4059,(주)유진설비,유공식,서울,제관악2012-1호,1078400,,,,,,
소방설비,소방시설공사업(전문),4060,주식회사 한울소방전기,윤영선,경기(남),2025-02-00092,1078400,,,,,,
소방설비,소방시설공사업(전문),4061,(주)비케이이씨에프,이국상,경북,제01-2호,1078200,,,,,,
소방설비,소방시설공사업(전문),4062,장원테크 주식회사,이종훈,세종,2019-02-00574,1077800,,,,,,
소방설비,소방시설공사업(전문),4063,주식회사 예맥,진동철,제주,제2008-102호,1077600,,,,,,
소방설비,소방시설공사업(전문),4064,재원공영(주),김수겸,경기(남),경기광주제2015-04호,1076800,,,,,,
소방설비,소방시설공사업(전문),4065,주식회사 대창일렉스,송효양,서울,2015-02-00373,1076400,,,,,,
소방설비,소방시설공사업(전문),4066,주식회사 우주이엔지,박상호,경기(남),2024-02-00124,1075600,,,,,,
소방설비,소방시설공사업(전문),4067,주식회사 세이프소방,방미란,서울,2019-02-00301,1075100,,,,,,
소방설비,소방시설공사업(전문),4068,주식회사 뉴탑엔지니어링,박옥래,경기(북),2022-02-00389,1074700,,,,,,
소방설비,소방시설공사업(전문),4069,한라인포넷(주),장경민,서울,2017-02-00406,1074400,,,,,,
소방설비,소방시설공사업(전문),4070,부경이엔씨,박정년,경기(남),2022-02-00161,1073200,,,,,,
소방설비,소방시설공사업(전문),4071,한얼기공(주),이혁교,경남,경남 창원 제2011-02호,1073000,,,,,,
소방설비,소방시설공사업(전문),4072,광신콘트롤(주),염규일,전남광주(전남),제2011-마-1호,1072900,,,,,,
소방설비,소방시설공사업(전문),4073,다보소방전설(주),박재성,강원,제25호,1072100,,,,,,
소방설비,소방시설공사업(전문),4074,태양이엔지 주식회사,김기현,경기(북),2023-02-00346,1071800,,,,,,
소방설비,소방시설공사업(전문),4075,엠엠케이(주),이순덕,부산,2020-02-00313,1071800,,,,,,
소방설비,소방시설공사업(전문),4076,주식회사 세명이엔씨,김현철,경기(북),2022-02-00169,1071600,,,,,,
소방설비,소방시설공사업(전문),4077,주식회사 한성이앤지,김락중,세종,2020-02-00431,1070800,,,,,,
소방설비,소방시설공사업(전문),4078,주식회사 더나은,권영희,강원,2019-02-00543,1070300,,,,,,
소방설비,소방시설공사업(전문),4079,건웅신호산전(주),박정현,서울,제마포2010-2호,1070000,,,,,,
소방설비,소방시설공사업(전문),4080,주식회사 예스계전,김채영,경북,제2014-03호,1069900,,,,,,
소방설비,소방시설공사업(전문),4081,주식회사 디앤에스,이정호,경남,2017-02-00314,1069900,,,,,,
소방설비,소방시설공사업(전문),4082,주식회사 에스디테크,최명희,전북,2022-02-00045,1069700,,,,,,
소방설비,소방시설공사업(전문),4083,(주)삼인엔지니어링,김봉환,대전,제2006-9호,1069500,,,,,,
소방설비,소방시설공사업(전문),4084,(주)동영기건,조호준,부산,2018-02-00450,1069200,,,,,,
소방설비,소방시설공사업(전문),4085,와이이에스이엔지(주),이생용,서울,2016-02-00569,1068600,,,,,,
소방설비,소방시설공사업(전문),4086,예스소방산업 주식회사,이현민,경기(남),2020-02-00312,1067400,,,,,,
소방설비,소방시설공사업(전문),4087,세이이엔씨(주),이세평,전남광주(전남),2019-02-00506,1067200,,,,,,
소방설비,소방시설공사업(전문),4088,유한회사 탑이앤씨(TOPENC),김봉철,전북,2022-02-00150,1067200,,,,,,
소방설비,소방시설공사업(전문),4089,(주)한울이앤씨,차지원,충남,제2009-03호,1066900,,,,,,
소방설비,소방시설공사업(전문),4090,주식회사 세현설비,차경희,경남,2022-02-00228,1066400,,,,,,
소방설비,소방시설공사업(전문),4091,주식회사 예진이엔씨,임동천,대구,2016-02-00496,1066000,,,,,,
소방설비,소방시설공사업(전문),4092,동성건설(주),이영찬,충남,2021-02-00422,1065500,,,,,,
소방설비,소방시설공사업(전문),4093,주식회사 대전전기기술,이경애,충남,2022-02-00079,1065200,,,,,,
소방설비,소방시설공사업(전문),4094,(주)대양소방,정준수,경남,진주 제2012-06호,1064700,,,,,,
소방설비,소방시설공사업(전문),4095,주식회사 재현산업,백미성,전북,2019-02-00508,1064600,,,,,,
소방설비,소방시설공사업(전문),4096,(주)금탑기연,이장희,대구,제2005-27호,1063500,,,,,,
소방설비,소방시설공사업(전문),4097,FDT엔지니어링(주),조은애,서울,2018-02-00272,1063000,,,,,,
소방설비,소방시설공사업(전문),4098,(주)지에스이앤씨,양명모,경기(북),경기파주제2008-2호,1062900,,,,,,
소방설비,소방시설공사업(전문),4099,주식회사 플랭클린전력,최동익,경기(북),2016-02-00373,1062800,,,,,,
소방설비,소방시설공사업(전문),4100,(주)원탑이엔씨,양정우,경북,2020-02-00248,1062300,,,,,,
소방설비,소방시설공사업(전문),4101,고려전기(주),성석표,경북,제경주2006-4호,1062200,,,,,,
소방설비,소방시설공사업(전문),4102,새론이엔에이 주식회사,이춘열,서울,2020-02-00153,1061800,,,,,,
소방설비,소방시설공사업(전문),4103,주식회사 원,박명숙,충북,2018-02-00284,1061700,,,,,,
소방설비,소방시설공사업(전문),4104,주식회사 피치이앤씨,임정호,전남광주(광주),2021-02-00390,1061300,,,,,,
소방설비,소방시설공사업(전문),4105,가인전력(주),김윤수,서울,2023-02-00158,1060800,,,,,,
소방설비,소방시설공사업(전문),4106,태백전업(주),곽태영,대전,2022-02-00299,1060500,,,,,,
소방설비,소방시설공사업(전문),4107,한길이엔지 주식회사,정준섭,대전,2016-02-00040,1060400,,,,,,
소방설비,소방시설공사업(전문),4108,주식회사 제이엠이에스,이영훈,경남,2020-02-00557,1060200,,,,,,
소방설비,소방시설공사업(전문),4109,한국원펙 주식회사,류진환,경기(남),2017-02-00350,1059900,,,,,,
소방설비,소방시설공사업(전문),4110,주식회사 파트너,오상록,강원,2020-02-00660,1059800,,,,,,
소방설비,소방시설공사업(전문),4111,주식회사 금풍전기소방,김장석,충남,2018-02-00177,1059400,,,,,,
소방설비,소방시설공사업(전문),4112,주식회사 동문이엔지,이미정,경기(남),2016-02-00494,1059300,,,,,,
소방설비,소방시설공사업(전문),4113,주식회사 해우이엔씨,정재완,경기(북),2016-02-00576,1058300,,,,,,
소방설비,소방시설공사업(전문),4114,(주)미래방재,여원진,부산,2022-02-00037,1058200,,,,,,
소방설비,소방시설공사업(전문),4115,(주)성원방재시스템,김성희,서울,제강동2013-1호,1057800,,,,,,
소방설비,소방시설공사업(전문),4116,주식회사 도움소방,심영호,경북,2024-02-00122,1057100,,,,,,
소방설비,소방시설공사업(전문),4117,동선전기(주),이동화,부산,2020-02-00546,1056800,,,,,,
소방설비,소방시설공사업(전문),4118,(주)경성이에스,김의중,서울,2021-02-00341,1056700,,,,,,
소방설비,소방시설공사업(전문),4119,세방건설(주),장해진,경북,안동 제2002-2호,1056500,,,,,,
소방설비,소방시설공사업(전문),4120,(주)다원이앤씨,전진길,대구,제2014-20호,1056300,,,,,,
소방설비,소방시설공사업(전문),4121,주식회사 남선알미늄,김제욱,대구,2023-02-00266,1055400,,,,,,
소방설비,소방시설공사업(전문),4122,(주)이지아이,송금미,대전,제2010-13호,1055400,,,,,,
소방설비,소방시설공사업(전문),4123,주식회사 건호이엔지,최성애,경북,2018-02-00105,1055400,,,,,,
소방설비,소방시설공사업(전문),4124,온누리이엔지 주식회사,전영선,서울,2021-02-00071,1054900,,,,,,
소방설비,소방시설공사업(전문),4125,주식회사 세정건업,김대호,대구,2022-02-00173,1053900,,,,,,
소방설비,소방시설공사업(전문),4126,진화전기(주),문충모,서울,제영등포 2001-2호,1053800,,,,,,
소방설비,소방시설공사업(전문),4127,주식회사 부성이엔지,김희동,경기(북),2021-02-00432,1053600,,,,,,
소방설비,소방시설공사업(전문),4128,에스에이치전력 주식회사,권기호,부산,2023-02-00178,1053400,,,,,,
소방설비,소방시설공사업(전문),4129,(주)종합시스템,이일기,전남광주(광주),2021-02-00552,1053400,,,,,,
소방설비,소방시설공사업(전문),4130,(주)그린전기,이수미,경기(남),경기양평제2013-02호,1052800,,,,,,
소방설비,소방시설공사업(전문),4131,주식회사 태림전력,서준희,대구,2023-02-00090,1051900,,,,,,
소방설비,소방시설공사업(전문),4132,주식회사 성광소방,김봉섭,부산,2017-02-00398,1051800,,,,,,
소방설비,소방시설공사업(전문),4133,(주)씨엔이지에스,이종훈,경기(남),2023-02-00291,1049900,,,,,,
소방설비,소방시설공사업(전문),4134,신원제이에스(JS) 엔지니어링,권점희,인천,2018-02-00066,1049800,,,,,,
소방설비,소방시설공사업(전문),4135,진진소방(주),박광재,경기(남),경기성남제2014-08호,1049600,,,,,,
소방설비,소방시설공사업(전문),4136,주식회사 태광,최찬웅,강원,2015-02-00378,1049400,,,,,,
소방설비,소방시설공사업(전문),4137,(주)세건엔지니어링,박경흠,부산,제2000-20호,1049200,,,,,,
소방설비,소방시설공사업(전문),4138,주식회사 케이에스파워,김명수,경기(남),2017-02-00611,1049000,,,,,,
소방설비,소방시설공사업(전문),4139,(주)대성전기,유광덕,경남,경남거제 제2009-03호,1048700,,,,,,
소방설비,소방시설공사업(전문),4140,혁신소방 주식회사,윤석희,울산,2018-02-00385,1048700,,,,,,
소방설비,소방시설공사업(전문),4141,한미소방설비,김동열,강원,제53호,1048400,,,,,,
소방설비,소방시설공사업(전문),4142,주식회사 아승이엔지,채승규,대구,2023-02-00225,1048300,,,,,,
소방설비,소방시설공사업(전문),4143,(주)신우방재,송인섭,경기(남),경기부천 제97-3호,1047500,,,,,,
소방설비,소방시설공사업(전문),4144,주식회사 대신전력,이천영,세종,제2012-1-4호,1047100,,,,,,
소방설비,소방시설공사업(전문),4145,주식회사 동강,임소미,전북,2017-02-00592,1047000,,,,,,
소방설비,소방시설공사업(전문),4145,비제이에코텍 주식회사,김가영,경기(북),2025-02-00310,1047000,,,,,,
소방설비,소방시설공사업(전문),4147,코스타이엔지(주),이민구,대전,2016-02-00139,1046600,,,,,,
소방설비,소방시설공사업(전문),4148,(주)다산전기소방,정태숙,충북,청주동부 제2011-3호,1046200,,,,,,
소방설비,소방시설공사업(전문),4149,(주)한빛이엔지,김영호,강원,제245호,1046000,,,,,,
소방설비,소방시설공사업(전문),4150,광동전력(주),이동석,경기(남),2015-02-00069,1045700,,,,,,
소방설비,소방시설공사업(전문),4151,에스지건설전기 주식회사,송혜련,경기(북),2024-02-00198,1045600,,,,,,
소방설비,소방시설공사업(전문),4152,(주)삼우공영,박상욱,부산,부산제2001-24호,1045600,,,,,,
소방설비,소방시설공사업(전문),4153,(주)굿모닝방재,손미희,경기(남),경기수원제2015-6호,1045600,,,,,,
소방설비,소방시설공사업(전문),4154,주식회사 뿌리메로소방,강진구,서울,제 용산1985-3호,1045500,,,,,,
소방설비,소방시설공사업(전문),4155,한국방재시스템(주),전기표,대전,제2012-4호,1045300,,,,,,
소방설비,소방시설공사업(전문),4156,주식회사 대부전력,이병채,대구,2021-02-00404,1045100,,,,,,
소방설비,소방시설공사업(전문),4157,주식회사 대현소방,황정성,대구,2023-02-00067,1045100,,,,,,
소방설비,소방시설공사업(전문),4158,(주)대물건설,윤재령,인천,2024-02-00115,1044300,,,,,,
소방설비,소방시설공사업(전문),4159,(주)한라소방이앤씨,백금오,경기(북),제경기파주 2005-5호,1043600,,,,,,
소방설비,소방시설공사업(전문),4160,가나전기소방(주),전현주,경북,2019-02-00127,1043200,,,,,,
소방설비,소방시설공사업(전문),4161,현대인프라코어(주),이강석,서울,2021-02-00204,1042900,,,,,,
소방설비,소방시설공사업(전문),4162,주식회사 에스에이치이앤에프,황도희,인천,2025-02-00051,1042500,,,,,,
소방설비,소방시설공사업(전문),4163,신성전기공업(주),정원영,경기(남),경기이천 제2008-04호,1042500,,,,,,
소방설비,소방시설공사업(전문),4164,구일종합건설(주),김찬식,충남,제92-3호,1042500,,,,,,
소방설비,소방시설공사업(전문),4165,성림전설(주),조선행,경기(남),경기안산제2013-20호,1042200,,,,,,
소방설비,소방시설공사업(전문),4166,주식회사 이산소방전기,정순모,인천,2023-02-00238,1041700,,,,,,
소방설비,소방시설공사업(전문),4167,태진종합전기 주식회사,김규남,경기(북),2018-02-00261,1041600,,,,,,
소방설비,소방시설공사업(전문),4168,(주)신성씨엔씨,김성봉,경기(북),경기남양주제2013-06호,1041400,,,,,,
소방설비,소방시설공사업(전문),4169,(주)선우건설,이선우,전남광주(전남),제2012-타-11호,1041400,,,,,,
소방설비,소방시설공사업(전문),4170,주식회사 엔지니어링삼마,이혜린,서울,2022-02-00195,1041200,,,,,,
소방설비,소방시설공사업(전문),4171,(유)완산방재,김화수,전북,2019-02-00075,1041000,,,,,,
소방설비,소방시설공사업(전문),4172,주식회사 다우티엔에스,이수호,서울,2019-02-00020,1040800,,,,,,
소방설비,소방시설공사업(전문),4173,다다이앤씨(주),장원석,대구,2020-02-00360,1040600,,,,,,
소방설비,소방시설공사업(전문),4174,(주)신한전력,김정배,인천,2025-02-00026,1040500,,,,,,
소방설비,소방시설공사업(전문),4175,동림소방 주식회사,이필우,울산,2020-02-00102,1039900,,,,,,
소방설비,소방시설공사업(전문),4176,주식회사 삼영전기,안재숙,경기(북),2024-02-00214,1039700,,,,,,
소방설비,소방시설공사업(전문),4177,(합)화신전력,김병욱,경남,제2006-01호,1039600,,,,,,
소방설비,소방시설공사업(전문),4178,소백전설 주식회사,김금숙,경기(남),2015-02-00307,1038900,,,,,,
소방설비,소방시설공사업(전문),4179,(주)대동전력,윤영학,인천,2025-02-00183,1038600,,,,,,
소방설비,소방시설공사업(전문),4180,주식회사 대유전설,김성구,충북,2019-02-00162,1037700,,,,,,
소방설비,소방시설공사업(전문),4181,주식회사 태환,정성민,경남,2022-02-00049,1037300,,,,,,
소방설비,소방시설공사업(전문),4182,(주)우일엔지니어링,양덕경,부산,2022-02-00203,1037000,,,,,,
소방설비,소방시설공사업(전문),4183,(주)강성티이씨,이기양,인천,2017-02-00561,1036100,,,,,,
소방설비,소방시설공사업(전문),4184,성림종합건설(주),안덕현,부산,제2002-37호,1035900,,,,,,
소방설비,소방시설공사업(전문),4185,주식회사 유온전력,이양희,경기(남),2023-02-00072,1035800,,,,,,
소방설비,소방시설공사업(전문),4186,(주)대성파워텍,차의환,서울,2025-02-00104,1035400,,,,,,
소방설비,소방시설공사업(전문),4187,남도기업 주식회사,양영우,제주,2016-02-00097,1035300,,,,,,
소방설비,소방시설공사업(전문),4188,(주)승환전력,김예영,서울,2020-02-00533,1034700,,,,,,
소방설비,소방시설공사업(전문),4189,서령전기(주),김용식,충남,제2002-2호,1034600,,,,,,
소방설비,소방시설공사업(전문),4190,유니넷텍(주),김한호,서울,2017-02-00190,1034500,,,,,,
소방설비,소방시설공사업(전문),4191,고려소방 주식회사,김용하,서울,제구로2015-08호,1034200,,,,,,
소방설비,소방시설공사업(전문),4192,주식회사 가일,이정은,충북,2026-02-00190,1034000,,,,,,
소방설비,소방시설공사업(전문),4193,(주)건아전기,정보라,경북,제상주2013-1호,1033800,,,,,,
소방설비,소방시설공사업(전문),4194,주식회사 윤성이엔지,김진현,서울,2018-02-00325,1033600,,,,,,
소방설비,소방시설공사업(전문),4195,(주)일오삼산전,이찬식,부산,제2011-05호,1032500,,,,,,
소방설비,소방시설공사업(전문),4196,주식회사 동은전력,김은희,제주,2016-02-00603,1031800,,,,,,
소방설비,소방시설공사업(전문),4197,(주)광운정보,이강석,충북,제청주서부2014-5호,1031400,,,,,,
소방설비,소방시설공사업(전문),4198,태창건설(주),김유동,세종,2018-02-00362,1031100,,,,,,
소방설비,소방시설공사업(전문),4199,(주)한울네트웍,박종주,인천,2026-02-00022,1030300,,,,,,
소방설비,소방시설공사업(전문),4200,유원방재 주식회사,박찬희,서울,제양천2015-1호,1029600,,,,,,
소방설비,소방시설공사업(전문),4201,대화이엔지 주식회사,전지현,경남,2025-02-00225,1029500,,,,,,
소방설비,소방시설공사업(전문),4202,(주)하나소방,김지연,충남,제충남당진 2009-5호,1029200,,,,,,
소방설비,소방시설공사업(전문),4203,주식회사 피앤씨,허재원,경기(북),2023-02-00024,1028900,,,,,,
소방설비,소방시설공사업(전문),4204,주식회사 성원전기,윤정애,강원,2017-02-00033,1028100,,,,,,
소방설비,소방시설공사업(전문),4205,(주)동훈전설,정준모,서울,제도봉2005-6호,1027300,,,,,,
소방설비,소방시설공사업(전문),4206,동강이엔씨 주식회사,김석두,서울,2019-02-00510,1027300,,,,,,
소방설비,소방시설공사업(전문),4207,덕일소방 주식회사,황수연,충북,2017-02-00412,1026700,,,,,,
소방설비,소방시설공사업(전문),4208,플러스전기(주),유선미,인천,인천부평 제2010-7호,1026500,,,,,,
소방설비,소방시설공사업(전문),4209,전진에프앤씨,고태호,경기(남),경기안산 제2012-3호,1025900,,,,,,
소방설비,소방시설공사업(전문),4210,(주)신호파워텍,장영옥,서울,제은평 2004-2호,1025700,,,,,,
소방설비,소방시설공사업(전문),4211,아이에스동서(주),배기문,경기(북),2026-02-00156,1025500,,,,,,
소방설비,소방시설공사업(전문),4212,케이소방 주식회사,정진용,전남광주(전남),2021-02-00289,1025300,,,,,,
소방설비,소방시설공사업(전문),4213,(주)경남안전소방,이두석,경남,양산제2013-02호,1025000,,,,,,
소방설비,소방시설공사업(전문),4214,주식회사 한성테크,이경봉,경북,2021-02-00209,1024900,,,,,,
소방설비,소방시설공사업(전문),4215,(주)광진이엔지,임광수,경기(남),경기안산 제2011-8호,1024900,,,,,,
소방설비,소방시설공사업(전문),4216,주식회사 하랑이엔씨,김일현,경기(북),2019-02-00129,1024800,,,,,,
소방설비,소방시설공사업(전문),4217,성실전기건설(주),박현,전북,2017-02-00451,1024100,,,,,,
소방설비,소방시설공사업(전문),4218,주식회사 태완기전,홍태완,강원,2016-02-00333,1023800,,,,,,
소방설비,소방시설공사업(전문),4219,금화소방 주식회사,김현철,전남광주(전남),2022-02-00263,1023400,,,,,,
소방설비,소방시설공사업(전문),4220,(주)범일엔지니어링,전기용,충남,제충남천안 2011-3호,1023300,,,,,,
소방설비,소방시설공사업(전문),4221,주식회사 한울이앤씨,이은하,경기(북),2024-02-00326,1022900,,,,,,
소방설비,소방시설공사업(전문),4222,(주)대상이엔지,양영주,충남,제2008-4호,1022300,,,,,,
소방설비,소방시설공사업(전문),4223,주식회사 건원이에프티,이화진,강원,2020-02-00555,1022300,,,,,,
소방설비,소방시설공사업(전문),4224,(주)대현방재,소병준,충남,제천안동남2013-2호,1021900,,,,,,
소방설비,소방시설공사업(전문),4225,(유)은아설비,김형곤,전북,전주덕진제2015-05호,1021900,,,,,,
소방설비,소방시설공사업(전문),4226,주식회사 플러스소방산업,김경아,서울,2016-02-00608,1021900,,,,,,
소방설비,소방시설공사업(전문),4227,(주)가나소방방염공사,배영규,대전,2025-02-00147,1020700,,,,,,
소방설비,소방시설공사업(전문),4228,(주)우리방재,염종억,대전,제2007-13호,1020400,,,,,,
소방설비,소방시설공사업(전문),4229,오스타건설 주식회사,김창준,강원,2024-02-00075,1019800,,,,,,
소방설비,소방시설공사업(전문),4230,주식회사 한별이엔씨,최주희,경기(남),2024-02-00032,1019700,,,,,,
소방설비,소방시설공사업(전문),4231,유비방재(주),유진태,경기(남),2016-02-00092,1019200,,,,,,
소방설비,소방시설공사업(전문),4232,주식회사 건우엔지니어링,김연옥,경기(남),2016-02-00587,1019100,,,,,,
소방설비,소방시설공사업(전문),4233,주식회사 오성산업개발,서기섭,전북,2018-02-00266,1019000,,,,,,
소방설비,소방시설공사업(전문),4234,주식회사 케이피전력,박정희,강원,2022-02-00067,1018700,,,,,,
소방설비,소방시설공사업(전문),4235,경원기업 주식회사,이창열,대구,2026-02-00040,1018600,,,,,,
소방설비,소방시설공사업(전문),4236,천일전기(주),신정안,대구,2020-02-00640,1018500,,,,,,
소방설비,소방시설공사업(전문),4237,(주)범진,김재정,부산,2016-02-00599,1018300,,,,,,
소방설비,소방시설공사업(전문),4238,제일방재,김창수,제주,제2004-58호,1018300,,,,,,
소방설비,소방시설공사업(전문),4239,주식회사 동우소방방재,김미옥,경북,2023-02-00086,1017600,,,,,,
소방설비,소방시설공사업(전문),4240,광명소방설비(주),이준수,대전,제95-34호,1017500,,,,,,
소방설비,소방시설공사업(전문),4241,라온소방이엔지,김동현,경기(남),2022-02-00194,1017500,,,,,,
소방설비,소방시설공사업(전문),4242,(주)반다이앤에스,이형진,경북,제2015-2호,1016800,,,,,,
소방설비,소방시설공사업(전문),4243,주식회사 고려방재,하균홍,서울,2019-02-00542,1015900,,,,,,
소방설비,소방시설공사업(전문),4244,(주)남일기업,이범석,서울,제송파 1985-6호,1015800,,,,,,
소방설비,소방시설공사업(전문),4245,도화이엔씨(주),서재훈,경기(남),2018-02-00182,1015400,,,,,,
소방설비,소방시설공사업(전문),4246,(주)동해테크,조성욱,부산,제2010-18호,1015300,,,,,,
소방설비,소방시설공사업(전문),4247,지엘 주식회사,유득한,전북,2023-02-00205,1015100,,,,,,
소방설비,소방시설공사업(전문),4248,도강방재 주식회사,김오규,강원,2015-02-00336,1014600,,,,,,
소방설비,소방시설공사업(전문),4249,(주)제일소방,박상철,전남광주(전남),2015-02-00356,1014400,,,,,,
소방설비,소방시설공사업(전문),4250,주식회사 믿음소방,채수오,경기(북),2021-02-00014,1014400,,,,,,
소방설비,소방시설공사업(전문),4251,(주)부광전력건설공사,배영호,경북,제성주2015-03호,1013600,,,,,,
소방설비,소방시설공사업(전문),4252,빛탑건설(주),박경원,경기(남),경기용인공사 제2012-04호,1013400,,,,,,
소방설비,소방시설공사업(전문),4253,주식회사 대경전기,진수경,경북,영주 2002-4,1013000,,,,,,
소방설비,소방시설공사업(전문),4254,주식회사 서진이앤아이,김규옥,경기(북),2016-02-00149,1012500,,,,,,
소방설비,소방시설공사업(전문),4255,주식회사 솔보,육금수,전북,2023-02-00044,1012000,,,,,,
소방설비,소방시설공사업(전문),4256,(주)더함이엔지,강성일,충남,2020-02-00013,1012000,,,,,,
소방설비,소방시설공사업(전문),4257,(주)삼현엔지니어링,이규재,경기(남),경기분당 제2013-3호,1011900,,,,,,
소방설비,소방시설공사업(전문),4258,(주)광민소방,이종현,경북,제2014-7호,1011700,,,,,,
소방설비,소방시설공사업(전문),4259,(주)투윈스컴,박성하,서울,2023-02-00328,1011600,,,,,,
소방설비,소방시설공사업(전문),4260,중현산업개발(주),김재길,대전,제2002-8호,1011300,,,,,,
소방설비,소방시설공사업(전문),4261,주식회사 건창전력,이건창,경기(남),2022-02-00360,1011200,,,,,,
소방설비,소방시설공사업(전문),4262,효림종합건설(주),김문정,경기(북),제경기일산 2007-2호,1011100,,,,,,
소방설비,소방시설공사업(전문),4263,(주)전진전기소방공사,박홍진,전남광주(전남),제나주 2004-7호,1010600,,,,,,
소방설비,소방시설공사업(전문),4264,(유)명진종합소방,강명진,전북,전주완산 제2012-03호,1010500,,,,,,
소방설비,소방시설공사업(전문),4265,주식회사 시티소방,전은호,전북,2025-02-00351,1010100,,,,,,
소방설비,소방시설공사업(전문),4266,(주)현우소방,이현우,부산,제2014-20호,1009900,,,,,,
소방설비,소방시설공사업(전문),4267,주식회사 대동일렉트릭,장현창,경북,2025-02-00073,1009800,,,,,,
소방설비,소방시설공사업(전문),4268,주식회사 수성일렉트릭,이경훈,경기(남),2025-02-00129,1009000,,,,,,
소방설비,소방시설공사업(전문),4269,(주)재우씨엔씨,윤용배,서울,제노원2009-3호,1008600,,,,,,
소방설비,소방시설공사업(전문),4270,주식회사 탑,권철순,경북,경주 제 2008-01호,1007900,,,,,,
소방설비,소방시설공사업(전문),4271,주연소방ENG,조미향,경기(남),2023-02-00231,1007900,,,,,,
소방설비,소방시설공사업(전문),4272,뉴텍방재 주식회사,김종빈,경기(북),제구리 2007-3호,1007400,,,,,,
소방설비,소방시설공사업(전문),4273,(주)영풍전력,정일수,경북,영주제2002-03호,1007300,,,,,,
소방설비,소방시설공사업(전문),4274,주식회사 동현전력,최은정,경기(북),2019-02-00552,1007100,,,,,,
소방설비,소방시설공사업(전문),4275,주식회사 현우이엔씨,송형태,세종,제2015-1-8호,1006800,,,,,,
소방설비,소방시설공사업(전문),4276,정원 소방,강철호,전남광주(전남),2025-02-00057,1006800,,,,,,
소방설비,소방시설공사업(전문),4277,(주)금상소방방재,임용규,대구,제2015-5호,1006700,,,,,,
소방설비,소방시설공사업(전문),4278,(주)국제이엔씨,김규환,전남광주(전남),제2013-다-3호,1006600,,,,,,
소방설비,소방시설공사업(전문),4279,주식회사 해민전력,최경섭,부산,2023-02-00179,1006200,,,,,,
소방설비,소방시설공사업(전문),4280,(주)세이프방재,황경선,경기(남),2022-02-00325,1005900,,,,,,
소방설비,소방시설공사업(전문),4281,다올에이스 주식회사,이수복,경기(남),2016-02-00063,1005800,,,,,,
소방설비,소방시설공사업(전문),4282,주식회사 우창이엔지,장맹남,전남광주(전남),2019-02-00072,1005800,,,,,,
소방설비,소방시설공사업(전문),4283,한길소방 주식회사,김기현,전남광주(전남),2018-02-00161,1005800,,,,,,
소방설비,소방시설공사업(전문),4284,우리전력 주식회사,김석순,경남,2019-02-00444,1005800,,,,,,
소방설비,소방시설공사업(전문),4285,(주)백천전기건설,조현식,경기(남),경기부천 제2006-16호,1005700,,,,,,
소방설비,소방시설공사업(전문),4286,주식회사 우리전설,이동원,서울,2025-02-00099,1005700,,,,,,
소방설비,소방시설공사업(전문),4287,(주)일구소방,정원구,경남,2022-02-00099,1005200,,,,,,
소방설비,소방시설공사업(전문),4288,(주)동화이앤씨,김영진,경기(남),경기성남 제99-2호,1004900,,,,,,
소방설비,소방시설공사업(전문),4289,(주)에이치앤제이이엔씨,이종남,경기(남),2023-02-00242,1004800,,,,,,
소방설비,소방시설공사업(전문),4290,(주)남형방재,김형래,울산,2021-02-00628,1004600,,,,,,
소방설비,소방시설공사업(전문),4291,(주)온누리소방공사,박준호,경남,경남양산제2011-01호,1004500,,,,,,
소방설비,소방시설공사업(전문),4292,주식회사 삼우이엔지,강근호,경기(북),2020-02-00562,1004200,,,,,,
소방설비,소방시설공사업(전문),4293,해강엔지니어링 주식회사,강현식,인천,2020-02-00254,1004100,,,,,,
소방설비,소방시설공사업(전문),4294,주식회사 대양전기엔지니어링,정창수,경기(남),2024-02-00154,1004000,,,,,,
소방설비,소방시설공사업(전문),4295,주식회사 청명소방,전병수,대전,2016-02-00123,1003900,,,,,,
소방설비,소방시설공사업(전문),4296,(주)부형이엔디,안부훈,부산,제2011-37호,1003700,,,,,,
소방설비,소방시설공사업(전문),4297,(주)신일이엘티,김재락,서울,2018-02-00060,1003700,,,,,,
소방설비,소방시설공사업(전문),4298,한보전설(주),박해선,경북,2022-02-00229,1003500,,,,,,
소방설비,소방시설공사업(전문),4299,(주)대한소방기술단,서호승,경남,2020-02-00433,1003500,,,,,,
소방설비,소방시설공사업(전문),4300,주식회사 한성소방,김영배,경기(남),2020-02-00072,1003300,,,,,,
소방설비,소방시설공사업(전문),4301,주식회사 신명,김정림,제주,2017-02-00281,1002500,,,,,,
소방설비,소방시설공사업(전문),4302,(주)극동아이피엘씨,김마리나,서울,2016-02-00014,1002100,,,,,,
소방설비,소방시설공사업(전문),4303,(JW)재원소방,최홍열,경기(남),2020-02-00408,1001500,,,,,,
소방설비,소방시설공사업(전문),4304,명진전력(주),장영근,경북,2018-02-00293,1001400,,,,,,
소방설비,소방시설공사업(전문),4305,(주)알파플러스방재,김상필,경기(남),2017-02-00411,1001000,,,,,,
소방설비,소방시설공사업(전문),4306,(주)대일방재이엔지,김진구,충북,제 2003-10호,1000900,,,,,,
소방설비,소방시설공사업(전문),4307,(주)태형,김종식,경기(남),2021-02-00496,1000500,,,,,,
소방설비,소방시설공사업(전문),4308,(주)미디어디바이스,이강일,경기(남),2026-02-00085,1000400,,,,,,
소방설비,소방시설공사업(전문),4309,대신방재(주),김용재,충남,제충남천안 2007-14호,1000400,,,,,,
소방설비,소방시설공사업(전문),4310,(주)한성소방이앤씨,신동훈,경기(남),경기광주제2013-07호,1000400,,,,,,
소방설비,소방시설공사업(전문),4311,주식회사 엠에이치소방방재,박민환,대구,2017-02-00177,1000000,,,,,,
소방설비,소방시설공사업(전문),4312,주식회사 태유전력,곽희섭,전북,2021-02-00297,999400,,,,,,
소방설비,소방시설공사업(전문),4313,주식회사 가인지엔티,김낙종,경북,2017-02-00238,999200,,,,,,
소방설비,소방시설공사업(전문),4314,주식회사 동일소방,정일훈,인천,2020-02-00449,999200,,,,,,
소방설비,소방시설공사업(전문),4315,누리종합전기 주식회사,천금진,서울,2017-02-00245,999200,,,,,,
소방설비,소방시설공사업(전문),4316,주식회사 대성설비,김성룡,인천,2021-02-00054,998800,,,,,,
소방설비,소방시설공사업(전문),4317,주식회사 은현,김창환,경기(남),2023-02-00078,998500,,,,,,
소방설비,소방시설공사업(전문),4318,(주)거평전기,송성한,전남광주(광주),2016-02-00054,998400,,,,,,
소방설비,소방시설공사업(전문),4319,거성소방 주식회사,윤두호,경남,2021-02-00338,998100,,,,,,
소방설비,소방시설공사업(전문),4320,(주)이지전기통신,이기하,경기(남),경기용인 제2004-8호,997700,,,,,,
소방설비,소방시설공사업(전문),4321,우진방재,김두식,충북,제2010-1호,997200,,,,,,
소방설비,소방시설공사업(전문),4322,신도이앤씨 주식회사,정혜승,경기(남),2020-02-00388,997200,,,,,,
소방설비,소방시설공사업(전문),4323,주식회사 김해누리소방,김지현,경남,경남김해 제2009-04호,997000,,,,,,
소방설비,소방시설공사업(전문),4324,부영산전(주),엄주엽,경기(남),2018-02-00264,997000,,,,,,
소방설비,소방시설공사업(전문),4325,(주)가원전기소방,송옥이,경남,경남 밀양 제2010-02호,996700,,,,,,
소방설비,소방시설공사업(전문),4326,(주)동서엔지니어링,모상남,전북,2015-02-00005,996600,,,,,,
소방설비,소방시설공사업(전문),4327,태륭건설(주),안병율,전남광주(전남),제2013-아-1호,996000,,,,,,
소방설비,소방시설공사업(전문),4328,주식회사 파이어텍,김소슬,부산,2022-02-00456,995700,,,,,,
소방설비,소방시설공사업(전문),4329,(주)광진,김영숙,전남광주(광주),제2014-라-6호,995300,,,,,,
소방설비,소방시설공사업(전문),4330,(합)동해방재,김수연,강원,제88호,994700,,,,,,
소방설비,소방시설공사업(전문),4331,진화이엔지 주식회사,이호영,경기(남),2024-02-00137,994700,,,,,,
소방설비,소방시설공사업(전문),4332,주식회사 에이치아이엠이엔지,박광규,경남,제진주 2006-7호,994700,,,,,,
소방설비,소방시설공사업(전문),4333,(주)한성시스코,박근식,대전,2019-02-00322,994400,,,,,,
소방설비,소방시설공사업(전문),4334,(주)유진소방공사,유상호,경기(남),경기광명 제2005-2호,994000,,,,,,
소방설비,소방시설공사업(전문),4335,(주)부천방재,설동헌,경기(남),경기부천 제2004-2호,993500,,,,,,
소방설비,소방시설공사업(전문),4336,세원엔지니어링(주),조미성,경기(남),경기안양제2012-08호,992900,,,,,,
소방설비,소방시설공사업(전문),4337,주식회사 케이에스소방,강성표,충남,2023-02-00165,992900,,,,,,
소방설비,소방시설공사업(전문),4338,주식회사 대연이에프씨,송용주,전남광주(광주),2018-02-00030,992900,,,,,,
소방설비,소방시설공사업(전문),4339,주식회사 화신전력,이상헌,부산,2020-02-00036,992400,,,,,,
소방설비,소방시설공사업(전문),4340,주식회사 삼성방재,신명철,충북,2023-02-00006,992200,,,,,,
소방설비,소방시설공사업(전문),4341,주식회사 태건엔지니어링,김태완,경기(남),2025-02-00359,992200,,,,,,
소방설비,소방시설공사업(전문),4342,(주)선진이엔지,최승만,경기(남),송탄 98-01호,992100,,,,,,
소방설비,소방시설공사업(전문),4343,(주)우일방재,장우상,대구,제2003-10호,992100,,,,,,
소방설비,소방시설공사업(전문),4344,호남소방 주식회사,이창흠,전남광주(광주),2019-02-00184,991800,,,,,,
소방설비,소방시설공사업(전문),4345,(주)장원전기조명,이태금,인천,2018-02-00120,991800,,,,,,
소방설비,소방시설공사업(전문),4346,(주)경동하우징,양승원,서울,2017-02-00654,991600,,,,,,
소방설비,소방시설공사업(전문),4347,부성ENG,이지용,부산,2020-02-00309,991300,,,,,,
소방설비,소방시설공사업(전문),4348,주식회사 대건에프디,김선아,전남광주(광주),2024-02-00054,991100,,,,,,
소방설비,소방시설공사업(전문),4349,태영설비공영(주),정수선,부산,2015-02-00395,990800,,,,,,
소방설비,소방시설공사업(전문),4350,통일소방,박영진,대구,제2000-12호,990500,,,,,,
소방설비,소방시설공사업(전문),4351,(주)한얼누리,권택조,충북,2024-02-00366,990200,,,,,,
소방설비,소방시설공사업(전문),4352,(주)우진건업,김용호,부산,제2013-08호,990000,,,,,,
소방설비,소방시설공사업(전문),4353,(주)하나소방이엔지,박세용,대전,2016-02-00292,989800,,,,,,
소방설비,소방시설공사업(전문),4354,주식회사 지산이앤씨,천남영,강원,2025-02-00330,989700,,,,,,
소방설비,소방시설공사업(전문),4355,넘버원소방이엔지 주식회사,김성영,경북,2019-02-00403,989700,,,,,,
소방설비,소방시설공사업(전문),4356,홍문종합건설 주식회사,진성동,서울,2023-02-00083,989600,,,,,,
소방설비,소방시설공사업(전문),4357,(주)고려전기소방,천병상,경북,제2013-2호,989500,,,,,,
소방설비,소방시설공사업(전문),4358,주식회사 이룸기업,공병국,경기(남),2018-02-00376,989400,,,,,,
소방설비,소방시설공사업(전문),4359,(주)대성방재산업,이경선,울산,제 2007-1호,988800,,,,,,
소방설비,소방시설공사업(전문),4360,(주)태건전설,나태균,서울,2024-02-00359,988600,,,,,,
소방설비,소방시설공사업(전문),4361,주식회사 더원이앤씨,김경수,전북,2019-02-00422,988600,,,,,,
소방설비,소방시설공사업(전문),4362,부강설비기공(주),강선옥,서울,제동작2004-4호,988000,,,,,,
소방설비,소방시설공사업(전문),4363,주식회사 필이엔지,김정훈,경북,2023-02-00333,987200,,,,,,
소방설비,소방시설공사업(전문),4364,한울소방,김경태,충남,2020-02-00627,987100,,,,,,
소방설비,소방시설공사업(전문),4365,기가전력(주),이경로,경북,제2015-5호,986400,,,,,,
소방설비,소방시설공사업(전문),4366,주식회사 정우이앤티,이영수,대구,2021-02-00028,986200,,,,,,
소방설비,소방시설공사업(전문),4366,태광전력,박순심,경남,2021-02-00443,986200,,,,,,
소방설비,소방시설공사업(전문),4368,주식회사 성한이엔지,박정현,전남광주(광주),2022-02-00298,985400,,,,,,
소방설비,소방시설공사업(전문),4369,(유)삼화전설,기공서,전남광주(전남),2016-02-00309,985200,,,,,,
소방설비,소방시설공사업(전문),4370,(주)대원전력,이만구,충남,제충남당진2013-1호,985200,,,,,,
소방설비,소방시설공사업(전문),4371,에스엠소방ENG,이상만,인천,2017-02-00648,985200,,,,,,
소방설비,소방시설공사업(전문),4372,(주)제이에스이앤씨,윤연옥,인천,2019-02-00392,985100,,,,,,
소방설비,소방시설공사업(전문),4373,(주)진우방재,박진선,서울,2016-02-00110,985100,,,,,,
소방설비,소방시설공사업(전문),4374,(주)대한소방이엔지,김광복,경남,창원 제2005-06호,984500,,,,,,
소방설비,소방시설공사업(전문),4375,(주)삼부엔지니어링,안병현,경기(남),2015-02-00325,984200,,,,,,
소방설비,소방시설공사업(전문),4376,태한방재솔루션(주),유창현,경기(남),2022-02-00225,983300,,,,,,
소방설비,소방시설공사업(전문),4377,(주)예스소방,최예관,인천,인천중부제2014-5호,982200,,,,,,
소방설비,소방시설공사업(전문),4378,지오방재이엔씨(주),장영철,전북,전북익산 제2012-02호,982100,,,,,,
소방설비,소방시설공사업(전문),4379,(주)성원건설,진재근,경북,제경산 97-8호,982000,,,,,,
소방설비,소방시설공사업(전문),4380,주식회사 하나전기,김득수,경북,2017-02-00600,982000,,,,,,
소방설비,소방시설공사업(전문),4381,주식회사 유현에스에이피,나미숙,충북,2021-02-00538,981900,,,,,,
소방설비,소방시설공사업(전문),4382,주식회사 케이원소방,이상미,충남,2021-02-00194,981800,,,,,,
소방설비,소방시설공사업(전문),4383,진일전기(주),김종선,강원,제26호,981700,,,,,,
소방설비,소방시설공사업(전문),4384,선진소방안전 주식회사,장수빈,경기(남),2024-02-00162,981600,,,,,,
소방설비,소방시설공사업(전문),4385,주식회사 유성전기,이종욱,경기(남),2025-02-00145,980800,,,,,,
소방설비,소방시설공사업(전문),4386,승일전기 주식회사,이영희,경기(남),2019-02-00116,979700,,,,,,
소방설비,소방시설공사업(전문),4387,태양전설(주),변형숙,서울,2017-02-00334,979600,,,,,,
소방설비,소방시설공사업(전문),4388,(주)동부전기,형남길,서울,2021-02-00526,979200,,,,,,
소방설비,소방시설공사업(전문),4389,유한회사 아리울소방,고욱,전북,2019-02-00067,978800,,,,,,
소방설비,소방시설공사업(전문),4390,부원동력(주),이병의,서울,제마포2010-4호,978800,,,,,,
소방설비,소방시설공사업(전문),4391,주식회사 성봉전설,이분희,경북,2016-02-00538,978200,,,,,,
소방설비,소방시설공사업(전문),4392,유한회사 제일안전소방,최일규,전북,2019-02-00138,977900,,,,,,
소방설비,소방시설공사업(전문),4393,비지종합건설(주),양병구,경북,2019-02-00597,977800,,,,,,
소방설비,소방시설공사업(전문),4394,서종이앤티(주),한영도,서울,제송파 2008-3호,977600,,,,,,
소방설비,소방시설공사업(전문),4395,거성이엔디 주식회사,강승민,경남,2023-02-00249,977500,,,,,,
소방설비,소방시설공사업(전문),4396,주식회사 대한소방,오나영,강원,2023-02-00105,977200,,,,,,
소방설비,소방시설공사업(전문),4397,(주)대동전력,정애리미,전남광주(광주),제2009-다-4호,977200,,,,,,
소방설비,소방시설공사업(전문),4398,(주)성림전설,박상동,서울,제송파2012-15호,976400,,,,,,
소방설비,소방시설공사업(전문),4399,(주)기원산업,김정태,부산,제2011-04호,976200,,,,,,
소방설비,소방시설공사업(전문),4400,해솔이엔지 주식회사,진수현,전남광주(전남),2024-02-00008,976200,,,,,,
소방설비,소방시설공사업(전문),4401,광원전설(주),김영선,서울,서대문 2000-1호,976100,,,,,,
소방설비,소방시설공사업(전문),4402,경서산업(주),주남호,인천,2022-02-00057,975800,,,,,,
소방설비,소방시설공사업(전문),4403,강동소방,강동훈,대전,2021-02-00024,975800,,,,,,
소방설비,소방시설공사업(전문),4404,큰나무 주식회사,최일흠,경북,2017-02-00270,975800,,,,,,
소방설비,소방시설공사업(전문),4405,삼한산업개발 주식회사,염규석,경남,2015-02-00222,975700,,,,,,
소방설비,소방시설공사업(전문),4406,(주)인성,백성철,제주,제2006-85호,975300,,,,,,
소방설비,소방시설공사업(전문),4407,주식회사 대영소방이엔지,이화섭,경남,2021-02-00231,974200,,,,,,
소방설비,소방시설공사업(전문),4408,(주)대일전력공사,박종갑,부산,2017-02-00565,974000,,,,,,
소방설비,소방시설공사업(전문),4409,주식회사 원창전력,신무열,강원,2018-02-00390,973300,,,,,,
소방설비,소방시설공사업(전문),4410,주식회사 하진,김현택,강원,2018-02-00138,973300,,,,,,
소방설비,소방시설공사업(전문),4411,(주)경도,김성균,경북,제상주2010-7호,973000,,,,,,
소방설비,소방시설공사업(전문),4412,주식회사 늘사랑이엔씨,김명수,서울,2022-02-00427,972700,,,,,,
소방설비,소방시설공사업(전문),4413,(주)중옥,신현찬,경기(북),경기일산 제2009-10호,972700,,,,,,
소방설비,소방시설공사업(전문),4414,주식회사태우,구자학,경남,2020-02-00566,972500,,,,,,
소방설비,소방시설공사업(전문),4415,브이산업 주식회사,서형숙,전남광주(광주),2022-02-00105,972400,,,,,,
소방설비,소방시설공사업(전문),4416,(주)주현공영,정진경,경기(남),2020-02-00471,972300,,,,,,
소방설비,소방시설공사업(전문),4417,(주)서진전기,송근희,대전,제2008-3호,972100,,,,,,
소방설비,소방시설공사업(전문),4418,주식회사 동성소방전기,최진경,전남광주(전남),2021-02-00259,971300,,,,,,
소방설비,소방시설공사업(전문),4419,(주)중앙소방,이치정,경남,경남 김해 제2011-05호,971000,,,,,,
소방설비,소방시설공사업(전문),4420,(주)금양엔지니어링,김만수,경남,경남함양 제2009-06호,970900,,,,,,
소방설비,소방시설공사업(전문),4421,에스엠상선(주),성낙원,서울,2018-02-00035,970200,,,,,,
소방설비,소방시설공사업(전문),4421,이더블유피서비스(주),김연철,울산,2019-02-00512,970200,,,,,,
소방설비,소방시설공사업(전문),4421,주식회사 지아이,주동수,전북,2024-02-00073,970200,,,,,,
소방설비,소방시설공사업(전문),4421,신우건설산업(주),최영준,서울,제영등포 85-3호,970200,,,,,,
소방설비,소방시설공사업(전문),4421,주식회사 윈피앤에스,정찬호,서울,2017-02-00613,970200,,,,,,
소방설비,소방시설공사업(전문),4426,다우이엔씨 주식회사,정구열,충남,2021-02-00511,969900,,,,,,
소방설비,소방시설공사업(전문),4427,원스랜드 주식회사,김인태,울산,2022-02-00042,969500,,,,,,
소방설비,소방시설공사업(전문),4428,에쓰씨엔지니어링 주식회사,송한규,서울,2015-02-00214,969500,,,,,,
소방설비,소방시설공사업(전문),4429,(합)동광소방설비,이광희,경기(남),경기용인공사 제2011-2호,969500,,,,,,
소방설비,소방시설공사업(전문),4430,(주)뉴석이엔지,하재경,경기(남),경기시흥 제2007-03호,969300,,,,,,
소방설비,소방시설공사업(전문),4431,세대전력(주),최경숙,충북,제98-22호,968400,,,,,,
소방설비,소방시설공사업(전문),4432,(주)금진,이영애,전남광주(전남),제2014-차-3호,968100,,,,,,
소방설비,소방시설공사업(전문),4433,(주)제이원파워,고재원,경기(남),경기안양제2014-18호,968000,,,,,,
소방설비,소방시설공사업(전문),4434,탑종합건설 주식회사,안인호,강원,제243호,967200,,,,,,
소방설비,소방시설공사업(전문),4435,(주)스마트이앤텍,이재화,부산,2016-02-00532,967000,,,,,,
소방설비,소방시설공사업(전문),4436,주식회사 누리앤소방전기안전,이귀연,서울,2019-02-00532,966400,,,,,,
소방설비,소방시설공사업(전문),4437,태조전기(주),천선하,전남광주(전남),2021-02-00542,965800,,,,,,
소방설비,소방시설공사업(전문),4438,성광방재(주),김성호,대구,제2007-5호,965800,,,,,,
소방설비,소방시설공사업(전문),4439,엔텍월드(주),안병립,서울,2022-02-00068,965600,,,,,,
소방설비,소방시설공사업(전문),4440,다온이엔지,장순규,대구,2020-02-00306,965200,,,,,,
소방설비,소방시설공사업(전문),4441,주식회사 119파이어,차진석,전남광주(전남),2024-02-00243,965100,,,,,,
소방설비,소방시설공사업(전문),4442,한국산전(주),이현곤,부산,제2012-03호,964600,,,,,,
소방설비,소방시설공사업(전문),4443,(주)엠에스방재,이정현,경기(남),경기하남 제2006-2호,964000,,,,,,
소방설비,소방시설공사업(전문),4444,(주)대한이앤에프,박수진,경기(남),2017-02-00638,963500,,,,,,
소방설비,소방시설공사업(전문),4445,창대하이텍 주식회사,송병택,서울,2022-02-00286,963400,,,,,,
소방설비,소방시설공사업(전문),4446,국제전설주식회사,유석재,강원,제4호,962500,,,,,,
소방설비,소방시설공사업(전문),4447,범승기업(주),김경이,경기(남),경기수원 제2009-39호,962200,,,,,,
소방설비,소방시설공사업(전문),4448,주식회사 대현소방공사,황대훈,경기(북),2019-02-00595,961500,,,,,,
소방설비,소방시설공사업(전문),4449,주식회사 계령,김남수,경기(남),경기용인공사제2014-7호,960500,,,,,,
소방설비,소방시설공사업(전문),4450,(주)영일전설,채정병,경기(남),2019-02-00077,960500,,,,,,
소방설비,소방시설공사업(전문),4451,대웅건설주식회사,정관영,충남,제충남태안 2010-1호,960400,,,,,,
소방설비,소방시설공사업(전문),4452,(유)케이에스소방,우한식,전북,2015-02-00429,959700,,,,,,
소방설비,소방시설공사업(전문),4453,주식회사 경우엔지니어링,김해경,경기(남),2024-02-00178,959400,,,,,,
소방설비,소방시설공사업(전문),4454,보길전력(주),두정호,서울,제강동2005-6호,959400,,,,,,
소방설비,소방시설공사업(전문),4455,주식회사 혜원소방설비,박혜정,경북,제경북구미 98-4호,959200,,,,,,
소방설비,소방시설공사업(전문),4456,(주)티엠에스,이동진,부산,제부산 2002-06호,959000,,,,,,
소방설비,소방시설공사업(전문),4457,주식회사 영진전기,윤경순,경남,2020-02-00357,959000,,,,,,
소방설비,소방시설공사업(전문),4458,이레전력,이정우,인천,2020-02-00522,958900,,,,,,
소방설비,소방시설공사업(전문),4459,다빈이엔씨(주),김홍일,경기(남),2021-02-00462,958900,,,,,,
소방설비,소방시설공사업(전문),4460,한빛에너지 주식회사,김종관,대전,2020-02-00358,958800,,,,,,
소방설비,소방시설공사업(전문),4461,주식회사 럭스,김혜란,충남,2021-02-00481,958100,,,,,,
소방설비,소방시설공사업(전문),4462,(주)반석소방시스템,정규표,서울,제광진2013-8호,957700,,,,,,
소방설비,소방시설공사업(전문),4463,주식회사 명진전력,노정숙,전남광주(광주),2017-02-00269,957600,,,,,,
소방설비,소방시설공사업(전문),4464,주식회사 서경에스지씨,송용주,경기(북),2018-02-00465,957600,,,,,,
소방설비,소방시설공사업(전문),4465,미래전기(주),안중식,경북,제구미2009-9호,957400,,,,,,
소방설비,소방시설공사업(전문),4466,에프앤에스 주식회사,조성천,전남광주(전남),2019-02-00318,957300,,,,,,
소방설비,소방시설공사업(전문),4467,주식회사 을지건설,이병진,경기(남),2022-02-00506,957300,,,,,,
소방설비,소방시설공사업(전문),4468,대한소방방재관리공사,조훈희,경기(남),경기용인제2014-08호,957300,,,,,,
소방설비,소방시설공사업(전문),4469,강일이엔에프 주식회사,하덕찬,경기(북),2022-02-00162,957100,,,,,,
소방설비,소방시설공사업(전문),4470,(주)태광전력,이병철,대구,제2013-12호,956800,,,,,,
소방설비,소방시설공사업(전문),4471,묘력전기(주),신용탁,대구,제2013-13호,956600,,,,,,
소방설비,소방시설공사업(전문),4472,(주)명보산업개발,김종하,경남,2021-02-00095,956400,,,,,,
소방설비,소방시설공사업(전문),4473,(주)미래공사,민경수,충남,제2010-3호,956200,,,,,,
소방설비,소방시설공사업(전문),4474,기백소방기술단 주식회사,이형노,경기(북),2025-02-00265,955800,,,,,,
소방설비,소방시설공사업(전문),4475,주식회사 성명전력,임주상,경기(남),2022-02-00198,955800,,,,,,
소방설비,소방시설공사업(전문),4476,(주)덕성건업,권상현,부산,제2014-02호,955700,,,,,,
소방설비,소방시설공사업(전문),4477,(주)신일,최상헌,전북,제95-45호,955400,,,,,,
소방설비,소방시설공사업(전문),4478,건우종합전기(주),김복기,경기(북),경기파주 제2014-1호,955300,,,,,,
소방설비,소방시설공사업(전문),4479,한길플랜트(주),김재일,인천,인천계양 제2015-6호,955200,,,,,,
소방설비,소방시설공사업(전문),4480,(주)부산진소방산업,진홍석,부산,제2001-37호,955100,,,,,,
소방설비,소방시설공사업(전문),4481,주식회사 가델,김성식,서울,2022-02-00128,954700,,,,,,
소방설비,소방시설공사업(전문),4482,경도전력(주),강한섭,제주,제주-2009-11,954500,,,,,,
소방설비,소방시설공사업(전문),4483,(주)오케이119소방,유종철,경기(남),2018-02-00486,954400,,,,,,
소방설비,소방시설공사업(전문),4484,(주)보경소방,최병철,강원,제64호,954200,,,,,,
소방설비,소방시설공사업(전문),4485,티에이치전력 주식회사,이태호,경기(남),2021-02-00165,953800,,,,,,
소방설비,소방시설공사업(전문),4486,굿모닝방재(주),이연우,대전,제2009-16호,953700,,,,,,
소방설비,소방시설공사업(전문),4487,신화전설공사(주),양승학,경기(남),2020-02-00001,953300,,,,,,
소방설비,소방시설공사업(전문),4488,(주)대명이엔지,최현석,경남,2021-02-00486,953000,,,,,,
소방설비,소방시설공사업(전문),4489,(주)대상기업,김상미,경북,2016-02-00514,952900,,,,,,
소방설비,소방시설공사업(전문),4490,주식회사 자산,안민오,전남광주(전남),2017-02-00575,952400,,,,,,
소방설비,소방시설공사업(전문),4491,주식회사 대운엔지니어링,이규홍,서울,2024-02-00287,952300,,,,,,
소방설비,소방시설공사업(전문),4492,주식회사 나린솔루션,정해순,전남광주(전남),2022-02-00460,951500,,,,,,
소방설비,소방시설공사업(전문),4493,(주)유신전기,김광렬,경기(남),2022-02-00081,951500,,,,,,
소방설비,소방시설공사업(전문),4494,주식회사 선경기전,양부석,인천,2017-02-00593,951100,,,,,,
소방설비,소방시설공사업(전문),4495,(유)장원소방,장형익,전북,전주덕진 제2005-11호,950800,,,,,,
소방설비,소방시설공사업(전문),4496,주식회사 테크로스워터앤에너지,윤혁노,경기(남),2015-02-00091,950700,,,,,,
소방설비,소방시설공사업(전문),4497,진솔이앤에스(주),김정현,서울,제구로2014-7호,949800,,,,,,
소방설비,소방시설공사업(전문),4498,주식회사 덕천엔지니어링,이상문,전남광주(광주),2020-02-00280,949300,,,,,,
소방설비,소방시설공사업(전문),4499,(주)동신소방방재,전형준,강원,제253호,948900,,,,,,
소방설비,소방시설공사업(전문),4500,주식회사 태주공사,오승인,전북,2019-02-00384,948700,,,,,,
소방설비,소방시설공사업(전문),4501,(주)구산종합건설,이규웅,인천,2023-02-00150,948500,,,,,,
소방설비,소방시설공사업(전문),4502,청명이엔지 주식회사,김형준,경기(남),2016-02-00322,948400,,,,,,
소방설비,소방시설공사업(전문),4503,(유)우리전력,이선형,전북,2016-02-00426,947800,,,,,,
소방설비,소방시설공사업(전문),4504,이엔티씨 주식회사,김창근,경기(북),2018-02-00382,947600,,,,,,
소방설비,소방시설공사업(전문),4505,유선종합건설(주),김관교,경기(남),2022-02-00338,947500,,,,,,
소방설비,소방시설공사업(전문),4506,주식회사 태강전설,오현정,충남,2015-02-00114,947300,,,,,,
소방설비,소방시설공사업(전문),4507,주식회사 우민전기,윤유하,전남광주(전남),2016-02-00131,947000,,,,,,
소방설비,소방시설공사업(전문),4508,광진기업(주),김태웅,충북,제청주서부 2013-15호,946800,,,,,,
소방설비,소방시설공사업(전문),4509,주식회사 태영이엔에프,박태국,경기(남),2025-02-00096,946300,,,,,,
소방설비,소방시설공사업(전문),4510,(주)대호,변병건,강원,제271호,946200,,,,,,
소방설비,소방시설공사업(전문),4511,(주)화성전력,서재복,경기(남),2015-02-00154,946200,,,,,,
소방설비,소방시설공사업(전문),4512,주식회사 아성이엔지,심재현,경기(북),2023-02-00055,945900,,,,,,
소방설비,소방시설공사업(전문),4513,주식회사 아름,신종호,전남광주(광주),2019-02-00183,945100,,,,,,
소방설비,소방시설공사업(전문),4514,주식회사 신성전자통신,전용한,서울,2020-02-00070,945000,,,,,,
소방설비,소방시설공사업(전문),4515,신영소방,복윤경,경기(남),2024-02-00294,944500,,,,,,
소방설비,소방시설공사업(전문),4516,늘푸른공간(주),김옥관,서울,2018-02-00458,944000,,,,,,
소방설비,소방시설공사업(전문),4517,명신엔지니어링(주),심진섭,강원,제251호,943600,,,,,,
소방설비,소방시설공사업(전문),4518,주식회사 유림전설,조주연,부산,2015-02-00110,943600,,,,,,
소방설비,소방시설공사업(전문),4519,(주)정도기전,이재번,서울,2017-02-00594,943500,,,,,,
소방설비,소방시설공사업(전문),4520,주식회사 에이치와이소방,현병욱,충북,2025-02-00151,943100,,,,,,
소방설비,소방시설공사업(전문),4521,주식회사 드림소방,이준희,전남광주(광주),2022-02-00223,943100,,,,,,
소방설비,소방시설공사업(전문),4522,(주)유니크종합건설,김기식,경기(남),2022-02-00185,942800,,,,,,
소방설비,소방시설공사업(전문),4523,(주)신화전기소방,김두환,인천,2019-02-00541,942300,,,,,,
소방설비,소방시설공사업(전문),4524,(주)대원이엔씨,신종균,서울,2017-02-00436,942300,,,,,,
소방설비,소방시설공사업(전문),4525,주식회사 홍전일렉스,박인원,충남,2016-02-00387,941400,,,,,,
소방설비,소방시설공사업(전문),4526,주식회사 파트너소방,문원영,충남,2023-02-00378,941400,,,,,,
소방설비,소방시설공사업(전문),4527,주식회사 최강소방,이동걸,경북,2025-02-00084,941200,,,,,,
소방설비,소방시설공사업(전문),4528,에스케이이앤에스(주),이재영,서울,제강남2013-1호,940900,,,,,,
소방설비,소방시설공사업(전문),4529,(주)영신방재엔지니어링,배규범,대구,제2014-23호,940600,,,,,,
소방설비,소방시설공사업(전문),4530,(주)태산엔지니어링건축사사무소,이용수,충남,제충남태안 2013-2호,940600,,,,,,
소방설비,소방시설공사업(전문),4531,주식회사 광전방재,박광일,경기(남),경기수원제2015-3호,940200,,,,,,
소방설비,소방시설공사업(전문),4532,(주)에이씨알텍,정환홍,서울,2023-02-00293,940200,,,,,,
소방설비,소방시설공사업(전문),4533,(자)진성설비,김양태,강원,제326호,939400,,,,,,
소방설비,소방시설공사업(전문),4534,주식회사 대신소방정보통신,이대화,강원,2018-02-00509,938100,,,,,,
소방설비,소방시설공사업(전문),4535,주식회사 천일엔지니어링,천은정,전북,2021-02-00428,938100,,,,,,
소방설비,소방시설공사업(전문),4536,주식회사 경일시스템,장종운,서울,2018-02-00125,938000,,,,,,
소방설비,소방시설공사업(전문),4537,(주)해인물산,민병집,대전,제2006-17호,937900,,,,,,
소방설비,소방시설공사업(전문),4538,(주)디케이소방방재시스템,차화준,경북,2019-02-00068,937800,,,,,,
소방설비,소방시설공사업(전문),4539,주식회사 성보,이선우,전북,전북김제 제2000-123호,937700,,,,,,
소방설비,소방시설공사업(전문),4540,주식회사 대상파워텍,김형석,경기(남),2017-02-00092,937500,,,,,,
소방설비,소방시설공사업(전문),4541,주식회사 진영이에프씨,임혜선,경북,2019-02-00026,937200,,,,,,
소방설비,소방시설공사업(전문),4542,성진소방,정두봉,경북,제영천 2007-3호,936800,,,,,,
소방설비,소방시설공사업(전문),4543,주식회사 진삼전기,김윤식,경남,2025-02-00337,936800,,,,,,
소방설비,소방시설공사업(전문),4544,(주)대한전설,주동선,경기(남),경기안산 제2005-9호,936500,,,,,,
소방설비,소방시설공사업(전문),4545,주식회사 서연이엔씨,이유순,서울,2024-02-00308,936300,,,,,,
소방설비,소방시설공사업(전문),4546,주식회사 상원소방,장재혁,대구,2021-02-00117,936100,,,,,,
소방설비,소방시설공사업(전문),4547,(주)성원이엔씨,김원주,경남,2019-02-00195,936000,,,,,,
소방설비,소방시설공사업(전문),4548,신한방재ENC,인정호,인천,제인천서부 2007-2호,935900,,,,,,
소방설비,소방시설공사업(전문),4549,(주)한빛에너지,심유나,경기(남),2018-02-00508,935800,,,,,,
소방설비,소방시설공사업(전문),4550,주식회사 구례전기,김다혜,전남광주(전남),2025-02-00050,935300,,,,,,
소방설비,소방시설공사업(전문),4551,(주)풍양기업,문정윤,경기(남),2015-02-00280,935000,,,,,,
소방설비,소방시설공사업(전문),4552,(자)삼성소방설비공사,이낙삼,대전,제93-4호,934800,,,,,,
소방설비,소방시설공사업(전문),4553,주식회사 이강소방아이앤씨,이강준,서울,2018-02-00009,934600,,,,,,
소방설비,소방시설공사업(전문),4554,주식회사 엔알건설전기,안재은,경남,2018-02-00043,934500,,,,,,
소방설비,소방시설공사업(전문),4555,남동이앤아이(주),진경선,서울,제강남85-33호,934400,,,,,,
소방설비,소방시설공사업(전문),4556,(주)스마트방재,최영구,경기(남),2016-02-00043,933500,,,,,,
소방설비,소방시설공사업(전문),4557,주식회사 태진이엔씨,이성권,전북,2022-02-00471,933400,,,,,,
소방설비,소방시설공사업(전문),4558,(주)이곳이앤씨,황용희,인천,2021-02-00184,933400,,,,,,
소방설비,소방시설공사업(전문),4559,주식회사 세이프루트,박명순,충남,2024-02-00138,932500,,,,,,
소방설비,소방시설공사업(전문),4560,주식회사 씨이앤아이,박근출,서울,2019-02-00459,932400,,,,,,
소방설비,소방시설공사업(전문),4561,원창(주),김미라,전북,전주덕진 제2011-5호,932300,,,,,,
소방설비,소방시설공사업(전문),4562,태경이엔씨 주식회사,이주헌,경기(남),2023-02-00203,931500,,,,,,
소방설비,소방시설공사업(전문),4563,주식회사 화우이엔지,최명철,서울,2025-02-00056,930900,,,,,,
소방설비,소방시설공사업(전문),4564,주식회사 엠케이전력,조순옥,전남광주(전남),제2007-나-2호,930900,,,,,,
소방설비,소방시설공사업(전문),4565,(주)유진인프라코어,주경선,인천,인천공단 제2009-3호,930700,,,,,,
소방설비,소방시설공사업(전문),4566,주식회사 와이제이종합전기,김충겸,충남,2019-02-00109,929600,,,,,,
소방설비,소방시설공사업(전문),4567,주식회사 금양전설,이재민,경북,2022-02-00141,929600,,,,,,
소방설비,소방시설공사업(전문),4568,(주)서준,윤영환,전남광주(광주),제2010-나-02호,929600,,,,,,
소방설비,소방시설공사업(전문),4569,(주)대해전기통신,김준휘,경기(북),경기남양주 제2010-4호,929200,,,,,,
소방설비,소방시설공사업(전문),4570,(주)번개전기,신영일,경북,제문경2013-1호,929100,,,,,,
소방설비,소방시설공사업(일반·전기),3,(주)인터엠,조남용,경기(북),2023-02-00060,928800,,,,,,
소방설비,소방시설공사업(전문),4571,주식회사 백산전기,이강호,서울,2020-02-00461,928500,,,,,,
소방설비,소방시설공사업(전문),4572,병민전기(주),이옥화,서울,2016-02-00529,928000,,,,,,
소방설비,소방시설공사업(전문),4573,삼일전설(주),김종인,부산,제2006-04호,927700,,,,,,
소방설비,소방시설공사업(전문),4574,(주)나노전설,김관섭,서울,제영등포2003-5호,927200,,,,,,
소방설비,소방시설공사업(전문),4575,(주)우주전기통신,조성호,충남,제98-1호,926100,,,,,,
소방설비,소방시설공사업(전문),4576,주식회사 무강기업,박생봉,전남광주(전남),2024-02-00310,926100,,,,,,
소방설비,소방시설공사업(전문),4577,주식회사 보문씨앤씨,최민석,대구,2016-02-00592,925700,,,,,,
소방설비,소방시설공사업(전문),4578,경신소방,박성학,서울,2022-02-00454,925200,,,,,,
소방설비,소방시설공사업(전문),4579,경동산업(주),한준희,서울,강남88-4호,924900,,,,,,
소방설비,소방시설공사업(전문),4580,한국소방,임순석,전남광주(전남),2023-02-00175,924400,,,,,,
소방설비,소방시설공사업(전문),4581,주식회사 세연아이텍,김은회,충북,2017-02-00431,924200,,,,,,
소방설비,소방시설공사업(전문),4582,태산전력 주식회사,조경미,충북,2018-02-00345,924000,,,,,,
소방설비,소방시설공사업(전문),4583,동림전력(주),함창욱,서울,2016-02-00220,923600,,,,,,
소방설비,소방시설공사업(전문),4584,주식회사 혜성,정철,경기(북),2023-02-00334,923600,,,,,,
소방설비,소방시설공사업(전문),4585,(주)신우이엔씨,이진하,대구,2020-02-00369,923400,,,,,,
소방설비,소방시설공사업(전문),4586,(주)하이원,김두임,경남,제2011-04호,923300,,,,,,
소방설비,소방시설공사업(전문),4587,청우산전(주),오영석,경기(남),경기시흥 제2012-03호,923200,,,,,,
소방설비,소방시설공사업(전문),4588,주식회사 우진이앤씨,이재남,충북,2023-02-00104,922400,,,,,,
소방설비,소방시설공사업(전문),4589,(주)태웅이엔지,김국종,대전,제2008-7호,922300,,,,,,
소방설비,소방시설공사업(전문),4590,주식회사 탑소방솔루션,박준모,전남광주(전남),2026-02-00008,922000,,,,,,
소방설비,소방시설공사업(전문),4591,주식회사 해성하우징,서성자,전북,2022-02-00201,922000,,,,,,
소방설비,소방시설공사업(전문),4592,주식회사 세이프테크이엔지,김유경,서울,2026-02-00217,921900,,,,,,
소방설비,소방시설공사업(전문),4593,(주)한국전기,박미화,경북,제문경2002-1호,921800,,,,,,
소방설비,소방시설공사업(전문),4594,(주)하이코리아,오종훈,전남광주(광주),제2009-다-8호,921800,,,,,,
소방설비,소방시설공사업(전문),4594,대우조선해양건설(주),류영수,경기(남),2016-02-00087,921800,,,,,,
소방설비,소방시설공사업(전문),4594,주식회사 동일스위트,박성배,부산,2022-02-00158,921800,,,,,,
소방설비,소방시설공사업(전문),4594,세세건설(주),윤현규,서울,제송파2004-7호,921800,,,,,,
소방설비,소방시설공사업(전문),4594,승림이엔씨 주식회사,이동구,경기(남),2025-02-00254,921800,,,,,,
소방설비,소방시설공사업(전문),4599,(주)대아소방,김상환,경남,제2010-01호,921400,,,,,,
소방설비,소방시설공사업(전문),4600,주식회사 한국소방이엔지,송진호,경기(남),2016-02-00420,921000,,,,,,
소방설비,소방시설공사업(전문),4601,유비소방건설(주),임희웅,서울,제강북2012-2호,919800,,,,,,
소방설비,소방시설공사업(전문),4602,노아방재,손은순,경기(남),2017-02-00649,918800,,,,,,
소방설비,소방시설공사업(전문),4603,(주)가가전력,정재복,인천,2018-02-00285,918400,,,,,,
소방설비,소방시설공사업(전문),4604,주식회사 에이비전기,박인홍,전북,2016-02-00381,918200,,,,,,
소방설비,소방시설공사업(전문),4605,(주)드림소방,이상철,경남,경남 통영 제2012-1호,917900,,,,,,
소방설비,소방시설공사업(전문),4606,주식회사 지구설비,김지희,경기(남),2021-02-00142,917700,,,,,,
소방설비,소방시설공사업(전문),4607,(주)동반자건설,김엽,대전,제2008-4호,916600,,,,,,
소방설비,소방시설공사업(전문),4608,(주)현우종합전기,진봉현,경남,제창원 2007-5호,916500,,,,,,
소방설비,소방시설공사업(전문),4609,(주)금성방재,김동희,대구,제2005-22 호,916200,,,,,,
소방설비,소방시설공사업(전문),4610,주식회사 두영전기,김경원,경기(남),2023-02-00182,915700,,,,,,
소방설비,소방시설공사업(전문),4611,주식회사 대광전기,김주영,경기(남),2022-02-00249,915600,,,,,,
소방설비,소방시설공사업(전문),4612,태성전기 주식회사,염동준,충북,2019-02-00579,915600,,,,,,
소방설비,소방시설공사업(전문),4613,(주)혁신이앤씨,김수화,경북,제2013-9호,915400,,,,,,
소방설비,소방시설공사업(전문),4614,동광전기 주식회사,김형삼,전남광주(광주),2018-02-00296,915000,,,,,,
소방설비,소방시설공사업(전문),4615,(주)경남방재,김용태,경남,창원1998-4호,914900,,,,,,
소방설비,소방시설공사업(전문),4616,(주)수수이앤씨,이태성,부산,2019-02-00306,914600,,,,,,
소방설비,소방시설공사업(전문),4617,(주)하나전력,정현태,경기(남),2017-02-00576,914600,,,,,,
소방설비,소방시설공사업(전문),4618,(주)태화전기,이소경,전남광주(전남),제2006-가-12호,914200,,,,,,
소방설비,소방시설공사업(전문),4619,현대소방이앤지(주),전대엽,서울,2024-02-00033,914100,,,,,,
소방설비,소방시설공사업(전문),4620,(주)켐스코,안병철,경기(남),2015-02-00417,914100,,,,,,
소방설비,소방시설공사업(전문),4621,(주)고려,주몽식,울산,제2010-5호,913800,,,,,,
소방설비,소방시설공사업(전문),4622,주식회사 정진테크,정혜심,대전,2026-02-00168,913500,,,,,,
소방설비,소방시설공사업(전문),4623,이루다올 주식회사,오현춘,인천,2021-02-00641,913500,,,,,,
소방설비,소방시설공사업(전문),4624,주식회사 신아엔지니어링,박진영,경기(북),2017-02-00514,913500,,,,,,
소방설비,소방시설공사업(전문),4625,강력이앤씨(주),송명순,강원,제162호,913400,,,,,,
소방설비,소방시설공사업(전문),4626,현대전기(주),나희욱,경남,경남 함안 제2007-02호,913200,,,,,,
소방설비,소방시설공사업(전문),4627,더나은 소방 전기,김경실,세종,2019-02-00023,913000,,,,,,
소방설비,소방시설공사업(전문),4628,(주)건진,신건진,경기(남),경기이천 제2010-04호,912600,,,,,,
소방설비,소방시설공사업(전문),4629,주식회사 썬파워텍,이삼화,인천,2016-02-00460,912500,,,,,,
소방설비,소방시설공사업(전문),4630,제일방재산업 주식회사,정미라,경남,2019-02-00001,912400,,,,,,
소방설비,소방시설공사업(전문),4631,(주)덕명,성지은,경북,김천소방서제2010-3호,912200,,,,,,
소방설비,소방시설공사업(전문),4632,성일전기 주식회사,윤원자,경기(남),2015-02-00166,912100,,,,,,
소방설비,소방시설공사업(전문),4633,(주)희성,이현국,강원,제276호,911900,,,,,,
소방설비,소방시설공사업(전문),4634,(주)전원테크,임종천,경기(남),2024-02-00006,911900,,,,,,
소방설비,소방시설공사업(전문),4635,(주)화이어캅스 경기북,김형찬,경기(북),경기의정부 제2010-9호,911600,,,,,,
소방설비,소방시설공사업(전문),4636,(주)세창건설,김재춘,부산,제2013-28호,911000,,,,,,
소방설비,소방시설공사업(전문),4637,(주)연일전력,최희성,서울,2018-02-00502,910900,,,,,,
소방설비,소방시설공사업(전문),4638,주식회사 영남전기공사,김영주,대구,2017-02-00220,910600,,,,,,
소방설비,소방시설공사업(전문),4639,신성티오피(주),동아리,인천,2020-02-00233,910500,,,,,,
소방설비,소방시설공사업(전문),4640,88전화소방공사,백경순,경남,제창녕2005-2호,910400,,,,,,
소방설비,소방시설공사업(전문),4641,(주)삼부종합건설,윤재호,전북,제2007-11호,910100,,,,,,
소방설비,소방시설공사업(전문),4642,중앙에너지(주),이정길,인천,인천공단 제2009-8호,909800,,,,,,
소방설비,소방시설공사업(전문),4643,수림전력(주),민병삼,서울,제노원 2001-2호,909500,,,,,,
소방설비,소방시설공사업(전문),4644,(자)삼원소방,김서길,충남,제97-1호,909500,,,,,,
소방설비,소방시설공사업(전문),4645,주식회사 성공,오승묵,경남,2024-02-00076,909100,,,,,,
소방설비,소방시설공사업(전문),4646,주식회사 중앙,최정순,전남광주(전남),2018-02-00289,908700,,,,,,
소방설비,소방시설공사업(전문),4647,주식회사 자연에너지,조진숙,전북,2016-02-00631,908500,,,,,,
소방설비,소방시설공사업(전문),4648,주식회사 산업전기,안현모,경북,2019-02-00476,907800,,,,,,
소방설비,소방시설공사업(전문),4649,(주)신원소방,김금석,전남광주(전남),2020-02-00592,907600,,,,,,
소방설비,소방시설공사업(일반·전기),4,주식회사 우리전력,권헌철,경북,2024-02-00313,907500,,,,,,
소방설비,소방시설공사업(전문),4650,(주)장일엔지니어링,김상욱,전북,2019-02-00235,907500,,,,,,
소방설비,소방시설공사업(전문),4651,부일특장 주식회사,박재일,인천,2015-02-00144,907300,,,,,,
소방설비,소방시설공사업(전문),4652,(주)아산엠이씨,임재호,경기(남),경기광명 제2010-1호,906500,,,,,,
소방설비,소방시설공사업(전문),4653,주식회사 제이엔지니어링,이원섭,충북,제2012-04호,906500,,,,,,
소방설비,소방시설공사업(전문),4654,주식회사 세계소방,정민호,전북,2021-02-00419,906500,,,,,,
소방설비,소방시설공사업(전문),4655,주식회사 대림전설,정현석,부산,2024-02-00043,906400,,,,,,
소방설비,소방시설공사업(전문),4656,(주)우호건설,유명환,경기(북),경기파주 제2007-4호,906300,,,,,,
소방설비,소방시설공사업(전문),4657,주식회사 세현에이엠씨,김원일,경기(북),2022-02-00098,905900,,,,,,
소방설비,소방시설공사업(전문),4658,(주)승진방재기술단,김혜란,경기(남),경기용인 제2007-1호,905500,,,,,,
소방설비,소방시설공사업(전문),4659,주식회사 하경이엔지,최은희,경기(남),2020-02-00228,905200,,,,,,
소방설비,소방시설공사업(전문),4660,주식회사 정원소방,이종근,경남,2025-02-00043,905100,,,,,,
소방설비,소방시설공사업(전문),4661,해냄기업(주),조성철,전북,전북군산 제2010-2호,905100,,,,,,
소방설비,소방시설공사업(전문),4662,유한회사 정원이엔지,강성자,전북,전북군산 제2001-11호,904800,,,,,,
소방설비,소방시설공사업(전문),4663,석교플랜트(주),이웅진,경기(북),2018-02-00154,904200,,,,,,
소방설비,소방시설공사업(전문),4664,주식회사 유유산업개발,유정은,인천,2022-02-00453,903700,,,,,,
소방설비,소방시설공사업(전문),4665,(주)대성전설,강보혜,경북,제성주2014-03호,903100,,,,,,
소방설비,소방시설공사업(전문),4666,주식회사 태영이엔지,김경희,경남,2022-02-00329,902900,,,,,,
소방설비,소방시설공사업(전문),4667,용성소방,황진두,경남,2023-02-00194,902800,,,,,,
소방설비,소방시설공사업(전문),4668,(주)벽상이앤씨,임순수,경기(남),2018-02-00356,902800,,,,,,
소방설비,소방시설공사업(전문),4669,주식회사 조양소방설비,조지만,경남,2018-02-00342,902700,,,,,,
소방설비,소방시설공사업(전문),4670,주식회사 대석이앤씨,이승찬,경기(남),2022-02-00126,901800,,,,,,
소방설비,소방시설공사업(전문),4671,주식회사 성진이엔시,조찬우,부산,2016-02-00136,901700,,,,,,
소방설비,소방시설공사업(전문),4672,(주)진성전력,백귀임,전남광주(전남),제2014-사-2호,901100,,,,,,
소방설비,소방시설공사업(전문),4673,대륭중공건설(주),박임우,서울,제중부1985-1호,900300,,,,,,
소방설비,소방시설공사업(전문),4674,(주)에스티엔비,김유철,경기(남),경기안양 제2009-17호,900200,,,,,,
소방설비,소방시설공사업(전문),4675,(주)명원기공,강윤근,부산,제2001-05호,900100,,,,,,
소방설비,소방시설공사업(전문),4676,한솔엔지니어링,박용우,대전,2021-02-00029,899800,,,,,,
소방설비,소방시설공사업(전문),4677,(주)금강방재,신승철,대구,제2014-21호,899100,,,,,,
소방설비,소방시설공사업(전문),4678,대원 주식회사,김신애,충남,제2013-1호,898800,,,,,,
소방설비,소방시설공사업(전문),4679,(주)파워텔레콤,조호연,경기(남),2022-02-00271,898800,,,,,,
소방설비,소방시설공사업(전문),4680,(주)에스제이이엔지,조승준,전남광주(전남),제2011-바-1호,898400,,,,,,
소방설비,소방시설공사업(전문),4681,가림전기 주식회사,성영은,세종,2017-02-00601,897900,,,,,,
소방설비,소방시설공사업(전문),4682,삼화종합전기(주),문상헌,경기(북),경기남양주 제2011-03호,897600,,,,,,
소방설비,소방시설공사업(전문),4683,주식회사 지티알,김준화,서울,2022-02-00386,897200,,,,,,
소방설비,소방시설공사업(전문),4684,주식회사 충청소방,장인숙,충남,2024-02-00034,897100,,,,,,
소방설비,소방시설공사업(전문),4685,네이처이앤티 주식회사,신태호,경북,2022-02-00508,896000,,,,,,
소방설비,소방시설공사업(전문),4686,주식회사 한미전기,김한미,대전,2025-02-00035,895700,,,,,,
소방설비,소방시설공사업(전문),4687,광운전기소방(주),박효근,인천,2018-02-00190,895700,,,,,,
소방설비,소방시설공사업(전문),4688,유한회사 지에이시스템,원승연,전북,2019-02-00205,895700,,,,,,
소방설비,소방시설공사업(전문),4689,신우엔지니어링(주),신종창,인천,2023-02-00137,895500,,,,,,
소방설비,소방시설공사업(전문),4690,(주)대진종합전기,김윤규,경남,김해2004-3호,895400,,,,,,
소방설비,소방시설공사업(전문),4691,주식회사 성창이앤지,손창익,울산,2025-02-00166,895300,,,,,,
소방설비,소방시설공사업(전문),4692,준에너지테크 주식회사,박금선,경기(북),2022-02-00402,895200,,,,,,
소방설비,소방시설공사업(전문),4693,남해소방 주식회사,박지수,전남광주(광주),2024-02-00146,895200,,,,,,
소방설비,소방시설공사업(전문),4694,주식회사 뉴타운전력,박형우,서울,2016-02-00358,895200,,,,,,
소방설비,소방시설공사업(전문),4695,이레소방산업 주식회사,김대현,서울,2021-02-00444,895100,,,,,,
소방설비,소방시설공사업(전문),4696,주식회사 태송전력,유상린,전남광주(광주),2018-02-00052,895000,,,,,,
소방설비,소방시설공사업(전문),4697,주식회사 하나소방엔지니어링,안승원,경기(남),2020-02-00066,895000,,,,,,
소방설비,소방시설공사업(전문),4698,한국소방(주),유상민,경기(북),경기의정부제2012-6호,894600,,,,,,
소방설비,소방시설공사업(전문),4699,(주)케이전기,김병진,경남,2019-02-00098,894400,,,,,,
소방설비,소방시설공사업(전문),4700,주식회사 우리이앤씨,김진영,제주,2022-02-00020,894200,,,,,,
소방설비,소방시설공사업(전문),4701,주식회사 가산,김은현,경기(북),2021-02-00057,894000,,,,,,
소방설비,소방시설공사업(전문),4702,주식회사 남일전력,김선순,전남광주(전남),2020-02-00496,893700,,,,,,
소방설비,소방시설공사업(전문),4703,주식회사 세환전기,김종원,서울,2023-02-00219,893700,,,,,,
소방설비,소방시설공사업(전문),4704,(주)한성엔지니어링,한호동,경기(남),2016-02-00658,893400,,,,,,
소방설비,소방시설공사업(전문),4705,주식회사 도원전기전력,김도학,서울,2016-02-00618,893000,,,,,,
소방설비,소방시설공사업(전문),4706,주식회사 정인이앤씨,박성호,충남,2020-02-00286,892600,,,,,,
소방설비,소방시설공사업(전문),4707,(주)대웅엔지니어링,정금준,경남,2015-02-00052,892300,,,,,,
소방설비,소방시설공사업(전문),4708,신영이엔씨 주식회사,유승용,대전,2021-02-00426,892100,,,,,,
소방설비,소방시설공사업(전문),4709,(주)청현엔지니어링,오천곤,부산,2023-02-00038,892100,,,,,,
소방설비,소방시설공사업(전문),4710,주식회사 호진이엔지,장호진,강원,2021-02-00211,892100,,,,,,
소방설비,소방시설공사업(전문),4711,국동전설 주식회사,이기원,서울,2019-02-00111,892000,,,,,,
소방설비,소방시설공사업(전문),4712,창대전기소방(주),안동현,경북,2022-02-00307,891800,,,,,,
소방설비,소방시설공사업(전문),4713,(주)대성전설,이태훈,충북,청주동부제2013-08호,891700,,,,,,
소방설비,소방시설공사업(전문),4714,주식회사 수안이엔지,김용도,대전,2016-02-00298,891600,,,,,,
소방설비,소방시설공사업(전문),4715,(자)서전사,백남길,전남광주(광주),2019-02-00481,891500,,,,,,
소방설비,소방시설공사업(전문),4716,(주)미래소방,장성기,경기(남),경기수원 제2009-65호,891300,,,,,,
소방설비,소방시설공사업(전문),4717,(주)매일소방설비,박규용,경북,2020-02-00352,891200,,,,,,
소방설비,소방시설공사업(전문),4718,(주)대경엔지니어링,박경식,경기(북),2021-02-00439,891000,,,,,,
소방설비,소방시설공사업(전문),4719,주식회사 신성이엔지,이지선,경기(남),2017-02-00011,890900,,,,,,
소방설비,소방시설공사업(전문),4720,주식회사 동원에프앤씨,이형석,경기(북),2018-02-00097,890800,,,,,,
소방설비,소방시설공사업(전문),4721,주식회사 정현씨앤이,박종범,서울,2021-02-00065,890800,,,,,,
소방설비,소방시설공사업(전문),4722,(주)현라엔지니어링,이화주,서울,제관악92-4호,890700,,,,,,
소방설비,소방시설공사업(전문),4723,서강플랜트(주),김현기,경남,2016-02-00284,890600,,,,,,
소방설비,소방시설공사업(전문),4724,주연전기(주),최수자,충북,제2009-18호,890600,,,,,,
소방설비,소방시설공사업(전문),4725,주식회사 우림전력,김현임,경북,2023-02-00189,890500,,,,,,
소방설비,소방시설공사업(전문),4726,주식회사 토광전력,연제인,충북,2020-02-00144,890400,,,,,,
소방설비,소방시설공사업(전문),4727,(주)창신,박종휴,충남,2016-02-00674,889000,,,,,,
소방설비,소방시설공사업(전문),4728,주식회사 도원,정성,전남광주(전남),2025-02-00280,888700,,,,,,
소방설비,소방시설공사업(전문),4729,보성전기 주식회사,조혜진,경기(남),2025-02-00113,888600,,,,,,
소방설비,소방시설공사업(전문),4730,우일건설(주),이건철,충북,제2006-2호,888100,,,,,,
소방설비,소방시설공사업(전문),4731,(주)아람플러스,신민재,서울,제종로 1999-6호,888000,,,,,,
소방설비,소방시설공사업(전문),4732,경인이엔지(주),김영옥,부산,2017-02-00296,887900,,,,,,
소방설비,소방시설공사업(전문),4733,주식회사 화이온방재,나양분,경기(북),2021-02-00174,887400,,,,,,
소방설비,소방시설공사업(전문),4734,광성엔지니어링 주식회사,조성빈,경기(남),2020-02-00028,887300,,,,,,
소방설비,소방시설공사업(전문),4735,한솔방재(주),박경환,서울,제영등포 2009-14호,886900,,,,,,
소방설비,소방시설공사업(전문),4736,주식회사 제이에스에프앤이,서명기,경기(북),2023-02-00009,886700,,,,,,
소방설비,소방시설공사업(전문),4737,주식회사 보경전력,김일중,경기(남),경기오산제2013-04호,886400,,,,,,
소방설비,소방시설공사업(전문),4738,주식회사 기현테크윈,강신훈,서울,2020-02-00114,886400,,,,,,
소방설비,소방시설공사업(전문),4739,주식회사 송림소방,최인영,인천,2023-02-00280,886000,,,,,,
소방설비,소방시설공사업(전문),4740,주식회사 완일이앤씨,김태완,인천,2018-02-00089,885700,,,,,,
소방설비,소방시설공사업(전문),4741,쏠엘앤씨 주식회사,유경학,경기(남),2020-02-00402,885700,,,,,,
소방설비,소방시설공사업(전문),4742,유일에너지산업(주),이경아,부산,2020-02-00568,885500,,,,,,
소방설비,소방시설공사업(전문),4743,주식회사 지엘테크,김영자,부산,2022-02-00209,885500,,,,,,
소방설비,소방시설공사업(전문),4744,주식회사 지아이코,박효령,서울,2026-02-00178,884400,,,,,,
소방설비,소방시설공사업(전문),4745,주식회사 와이이에스,백명호,경남,2020-02-00121,884400,,,,,,
소방설비,소방시설공사업(전문),4746,주식회사 우리아이티,천재호,인천,2025-02-00259,884300,,,,,,
소방설비,소방시설공사업(전문),4747,(주)나라기술,박연,인천,인천계양제2004-3호,884300,,,,,,
소방설비,소방시설공사업(전문),4748,주식회사 서안이앤씨,박정현,경북,2025-02-00269,883600,,,,,,
소방설비,소방시설공사업(전문),4749,에스디 유한책임회사,장은경,인천,2017-02-00399,883500,,,,,,
소방설비,소방시설공사업(전문),4750,주식회사 대원엔지니어링,김현정,전남광주(광주),2019-02-00394,882200,,,,,,
소방설비,소방시설공사업(전문),4751,주식회사 시온,조영호,충남,2015-02-00278,881900,,,,,,
소방설비,소방시설공사업(전문),4752,공덕설비(주),이규만,대구,제2004-29호,881900,,,,,,
소방설비,소방시설공사업(전문),4753,주식회사 유성이엔씨,최용석,서울,2020-02-00316,881800,,,,,,
소방설비,소방시설공사업(전문),4754,주식회사 계림,신승민,경기(남),2024-02-00202,881600,,,,,,
소방설비,소방시설공사업(전문),4755,대경전력(주),김규조,경남,2017-02-00523,881600,,,,,,
소방설비,소방시설공사업(전문),4756,(주)신암전력,김대혁,전남광주(전남),제2008-라-1호,881600,,,,,,
소방설비,소방시설공사업(전문),4757,유한회사 천호소방,정길호,전북,2022-02-00274,881400,,,,,,
소방설비,소방시설공사업(전문),4758,주식회사 씨케이일렉트론,강창권,부산,2024-02-00064,881200,,,,,,
소방설비,소방시설공사업(전문),4759,삼아산업(주),장민숙,강원,2021-02-00570,880700,,,,,,
소방설비,소방시설공사업(전문),4760,(주)고려방재기술단,김창권,강원,제310호,880500,,,,,,
소방설비,소방시설공사업(전문),4761,주식회사 승탑건설산업,송선화,전남광주(전남),2019-02-00053,880100,,,,,,
소방설비,소방시설공사업(전문),4762,(주)성지이앤씨,김진환,서울,제광진 2009-21호,879700,,,,,,
소방설비,소방시설공사업(전문),4763,주식회사 신화소방엔지니어링,이영두,경기(남),2019-02-00118,879700,,,,,,
소방설비,소방시설공사업(전문),4764,태종이엔씨(주),이동림,전남광주(전남),2021-02-00549,879200,,,,,,
소방설비,소방시설공사업(전문),4765,(주)삼창이엔지,정석수,인천,인천공단 제2007-2호,879200,,,,,,
소방설비,소방시설공사업(전문),4766,아전이엔씨(주),김윤태,서울,2023-02-00102,879000,,,,,,
소방설비,소방시설공사업(전문),4767,주식회사 해오,김은용,인천,2019-02-00369,878900,,,,,,
소방설비,소방시설공사업(전문),4768,주식회사 렉터슨,김동률,경남,2024-02-00241,878800,,,,,,
소방설비,소방시설공사업(전문),4769,국제공영(주),김종만,서울,제강남 85-2호,878300,,,,,,
소방설비,소방시설공사업(전문),4770,(유)하나소방방재,김종순,전북,2019-02-00251,878100,,,,,,
소방설비,소방시설공사업(전문),4771,광동전력(주),성광화,부산,2018-02-00269,877700,,,,,,
소방설비,소방시설공사업(전문),4772,(주)삼덕엔지니어링,남연수,인천,2019-02-00454,877300,,,,,,
소방설비,소방시설공사업(전문),4773,합자회사 유비넷,권오영,강원,2024-02-00081,877100,,,,,,
소방설비,소방시설공사업(전문),4774,주식회사 가원이앤씨,조성용,경기(북),2019-02-00228,877100,,,,,,
소방설비,소방시설공사업(전문),4775,(주)대원소방,이원석,경기(북),경기파주제2014-2호,877000,,,,,,
소방설비,소방시설공사업(전문),4776,조은이앤씨 주식회사,박회정,제주,2008-104,876900,,,,,,
소방설비,소방시설공사업(전문),4777,한일소방 주식회사,김영은,강원,2020-02-00044,876600,,,,,,
소방설비,소방시설공사업(전문),4778,(주)태림전설,김선화,경기(남),경기이천 제2001-3호,876500,,,,,,
소방설비,소방시설공사업(전문),4779,주식회사 정명,정용준,충남,2018-02-00162,876300,,,,,,
소방설비,소방시설공사업(전문),4780,하나방재이엔지,허상기,경남,2023-02-00152,876100,,,,,,
소방설비,소방시설공사업(전문),4781,제일소방기술단(주),박재범,경기(남),경기수원제2013-02호,876000,,,,,,
소방설비,소방시설공사업(전문),4782,주식회사 덕진파워,박희종,경기(북),경기의정부제2013-7호,875700,,,,,,
소방설비,소방시설공사업(전문),4783,광성피앤드씨(주),최종현,서울,제관악2000-1호,875600,,,,,,
소방설비,소방시설공사업(전문),4784,(주)동원일렉콤,김영수,서울,2016-02-00667,875500,,,,,,
소방설비,소방시설공사업(전문),4785,(주)풍암,김청희,전남광주(전남),제2012-자-03호,875200,,,,,,
소방설비,소방시설공사업(전문),4786,(주)신광전력,유명환,인천,제인천남동 2007-11호,875000,,,,,,
소방설비,소방시설공사업(전문),4787,주식회사 재현소방,황승연,전남광주(전남),2017-02-00448,874800,,,,,,
소방설비,소방시설공사업(전문),4788,(주)부공전력,박진숙,부산,2021-02-00427,874700,,,,,,
소방설비,소방시설공사업(전문),4789,주식회사 중앙이에스엠,박정숙,강원,2015-02-00175,874600,,,,,,
소방설비,소방시설공사업(전문),4790,(주)솔향전기,장동호,강원,제298호,873800,,,,,,
소방설비,소방시설공사업(전문),4791,주식회사 건향개발,서우성,경기(남),2024-02-00245,873700,,,,,,
소방설비,소방시설공사업(전문),4792,(주)기영테크이엔지,안경애,경기(남),2021-02-00467,873500,,,,,,
소방설비,소방시설공사업(전문),4793,(주)이레에너지테크,강래원,서울,2020-02-00525,873400,,,,,,
소방설비,소방시설공사업(전문),4793,경운전설(주),이수범,경기(남),경기수원 제2009-4호,873400,,,,,,
소방설비,소방시설공사업(전문),4793,코웨포서비스(주),김향기,충남,2019-02-00319,873400,,,,,,
소방설비,소방시설공사업(전문),4796,효영전력 주식회사,최효도,경남,2023-02-00026,873100,,,,,,
소방설비,소방시설공사업(전문),4797,알케이(RK)전력,류형욱,경기(남),2023-02-00180,873000,,,,,,
소방설비,소방시설공사업(전문),4798,금성전기(주),임희정,충북,제2001-6호,871800,,,,,,
소방설비,소방시설공사업(전문),4799,(주)대영소방,이상은,대구,2020-02-00222,871600,,,,,,
소방설비,소방시설공사업(전문),4800,주식회사 아진소방전기,박진아,경북,2022-02-00404,871600,,,,,,
소방설비,소방시설공사업(전문),4801,대전전기(주),임재범,대전,제99-6호,871500,,,,,,
소방설비,소방시설공사업(전문),4802,(주)대영하이텍,지은호,경기(남),경기안양 제2012-27호,871400,,,,,,
소방설비,소방시설공사업(전문),4803,(주)민영방재,문현규,경기(남),경기수원 제2009-52호,871200,,,,,,
소방설비,소방시설공사업(전문),4804,금산전력(주),송병우,전남광주(전남),2017-02-00271,870900,,,,,,
소방설비,소방시설공사업(전문),4805,디에스이앤씨 주식회사,은종욱,경북,2021-02-00201,870700,,,,,,
소방설비,소방시설공사업(전문),4806,제이티 소방,허정택,경기(남),2020-02-00117,870500,,,,,,
소방설비,소방시설공사업(전문),4807,(주)김스소방안전,김희관,부산,2015-02-00197,870300,,,,,,
소방설비,소방시설공사업(전문),4808,주식회사 기원전력,김근형,대구,2023-02-00020,870000,,,,,,
소방설비,소방시설공사업(전문),4809,주식회사 강철소방엔지니어링,신태수,세종,2021-02-00622,869800,,,,,,
소방설비,소방시설공사업(전문),4810,주식회사 제광기업,제태환,전북,2024-02-00237,869700,,,,,,
소방설비,소방시설공사업(전문),4811,대아E&S,권정숙,경기(남),2021-02-00185,869700,,,,,,
소방설비,소방시설공사업(전문),4812,(주)용경전력,최용덕,경북,제2015-02호,869300,,,,,,
소방설비,소방시설공사업(전문),4813,오성전기소방(주),이남덕,서울,2018-02-00441,868600,,,,,,
소방설비,소방시설공사업(전문),4814,주식회사 가야산업개발,손기철,대구,2026-02-00135,868600,,,,,,
소방설비,소방시설공사업(전문),4815,주성전력 주식회사,이은경,경남,2019-02-00539,868300,,,,,,
소방설비,소방시설공사업(전문),4816,주식회사 하나이엔지,이춘형,충북,제2014-03호,868000,,,,,,
소방설비,소방시설공사업(전문),4817,주식회사 한울전설,이병걸,경기(남),2020-02-00348,867900,,,,,,
소방설비,소방시설공사업(전문),4818,(주)성전사,김철,울산,제 1999-2호,867500,,,,,,
소방설비,소방시설공사업(전문),4819,주식회사 그레이스전력,양영모,인천,2021-02-00288,867200,,,,,,
소방설비,소방시설공사업(전문),4820,주식회사 대주일일구,유은상,대전,2026-02-00138,867100,,,,,,
소방설비,소방시설공사업(전문),4821,(주)씨앤케이소방,차정훈,경남,제2012-05호,866800,,,,,,
소방설비,소방시설공사업(전문),4822,주식회사 천광,홍성표,강원,2017-02-00490,866600,,,,,,
소방설비,소방시설공사업(전문),4823,(주)와이엘테크,유한종,인천,인천남동제2013-4호,866300,,,,,,
소방설비,소방시설공사업(전문),4824,(주)보광이엔씨,김성호,경기(남),2022-02-00189,866200,,,,,,
소방설비,소방시설공사업(전문),4825,(주)제이앤비이엔지,신현섭,인천,2020-02-00393,866100,,,,,,
소방설비,소방시설공사업(전문),4826,주식회사 동진종합건설,이기동,대구,2024-02-00111,865500,,,,,,
소방설비,소방시설공사업(전문),4827,한국소방공사 주식회사,엄한용,울산,2024-02-00380,864900,,,,,,
소방설비,소방시설공사업(전문),4828,(주)옥천이엔지,이성열,경기(남),2022-02-00316,864800,,,,,,
소방설비,소방시설공사업(전문),4829,위니온 주식회사,이정일,경기(남),2018-02-00219,864700,,,,,,
소방설비,소방시설공사업(전문),4830,주식회사 다인오엠,이경숙,강원,2022-02-00137,863900,,,,,,
소방설비,소방시설공사업(전문),4831,(주)정우소방,최수용,부산,제2014-04호,863800,,,,,,
소방설비,소방시설공사업(전문),4832,(주)세호이엔씨,최을용,경기(남),2024-02-00334,863700,,,,,,
소방설비,소방시설공사업(전문),4833,하나로기술(주),배장명,경기(남),2018-02-00460,862100,,,,,,
소방설비,소방시설공사업(전문),4834,한국소방주식회사,이춘집,경기(북),2019-02-00057,861800,,,,,,
소방설비,소방시설공사업(전문),4835,(주)무원이앤씨,손운성,서울,제구로2014-11호,861800,,,,,,
소방설비,소방시설공사업(전문),4836,(유)중앙소방이엔지,이재빈,경남,창원2002-10호,861500,,,,,,
소방설비,소방시설공사업(전문),4837,주식회사 건일엠앤에프,류건영,경기(남),2017-02-00244,861200,,,,,,
소방설비,소방시설공사업(전문),4838,대보전력(주),노칠석,경남,2015-02-00299,861100,,,,,,
소방설비,소방시설공사업(전문),4839,주식회사 선전력시스템,임철학,서울,2024-02-00300,861000,,,,,,
소방설비,소방시설공사업(전문),4840,(주)종합방재,고선향,부산,제2007-49호,861000,,,,,,
소방설비,소방시설공사업(전문),4841,(주)에이스전력,박산호,전남광주(전남),2021-02-00395,860300,,,,,,
소방설비,소방시설공사업(전문),4842,주식회사 풍림종합건설,권성은,경북,2023-02-00005,860200,,,,,,
소방설비,소방시설공사업(전문),4843,(주)엘에스엔지니어링,이종영,부산,2021-02-00048,860000,,,,,,
소방설비,소방시설공사업(전문),4844,와이에스이엔지 주식회사,안태성,인천,2020-02-00195,859800,,,,,,
소방설비,소방시설공사업(전문),4845,니어아이티 주식회사,유문권,경기(남),2023-02-00382,859700,,,,,,
소방설비,소방시설공사업(전문),4846,주식회사 성진방재,강봉진,제주,2018-02-00222,859600,,,,,,
소방설비,소방시설공사업(전문),4847,하누리소방,이태환,경기(남),경기평택제2014-04호,858600,,,,,,
소방설비,소방시설공사업(전문),4848,(주)비우이엔씨,이우충,경기(남),경기하남제2009-04호,858500,,,,,,
소방설비,소방시설공사업(전문),4849,늘푸른방재 주식회사,김정옥,전남광주(광주),2017-02-00515,857800,,,,,,
소방설비,소방시설공사업(전문),4850,주식회사 일광전기건설,김용원,경남,2018-02-00245,857800,,,,,,
소방설비,소방시설공사업(전문),4851,주식회사 태일전기,정종태,경남,통영 제2004-1호,857600,,,,,,
소방설비,소방시설공사업(전문),4852,(주)남선,차창민,경북,제2003-4호,857600,,,,,,
소방설비,소방시설공사업(전문),4853,주식회사 지앤에스기술,문창수,서울,2017-02-00266,857300,,,,,,
소방설비,소방시설공사업(전문),4854,(유)하나엔지니어링,장현상,전북,전주덕진 제2012-1호,856900,,,,,,
소방설비,소방시설공사업(전문),4855,신해공영 주식회사,이승훈,서울,2016-02-00672,856600,,,,,,
소방설비,소방시설공사업(전문),4856,(주)명성전기공사,소성태,충북,청주서부소방서제2011-2호,856500,,,,,,
소방설비,소방시설공사업(전문),4857,나우기술단 주식회사,안종한,경남,2023-02-00111,856300,,,,,,
소방설비,소방시설공사업(전문),4858,주식회사 아라기술,전한철,전북,2022-02-00339,856300,,,,,,
소방설비,소방시설공사업(전문),4859,회광전력공사(주),김창기,울산,제2010-7호,856200,,,,,,
소방설비,소방시설공사업(전문),4860,삼진공작 주식회사,황선복,서울,2023-02-00246,855900,,,,,,
소방설비,소방시설공사업(전문),4860,(주)한일소방설비,박진규,서울,제동대문 2002-2호,855900,,,,,,
소방설비,소방시설공사업(전문),4862,다빛이엔지 주식회사,이경수,서울,2022-02-00378,855900,,,,,,
소방설비,소방시설공사업(전문),4863,유강호소방 주식회사,김용철,전북,2019-02-00345,855700,,,,,,
소방설비,소방시설공사업(전문),4864,주식회사 신성전기공사,박주형,부산,제부산2005-7호,855700,,,,,,
소방설비,소방시설공사업(전문),4865,지오이앤지 주식회사,서철,전남광주(광주),2025-02-00018,855400,,,,,,
소방설비,소방시설공사업(전문),4866,(주)홍익소방,왕준호,서울,2025-02-00327,855400,,,,,,
소방설비,소방시설공사업(전문),4867,주식회사 정은,이형우,충북,제90-12호,855300,,,,,,
소방설비,소방시설공사업(전문),4868,주식회사 혜성이엔씨,김은정,제주,2022-02-00461,855200,,,,,,
소방설비,소방시설공사업(전문),4869,(주)두경이엔지,이명신,전남광주(광주),제2015-다-7호,855000,,,,,,
소방설비,소방시설공사업(전문),4870,주식회사 마루테크,강광희,경남,2019-02-00511,855000,,,,,,
소방설비,소방시설공사업(전문),4871,화성 엔지니어링,정운호,전남광주(광주),2020-02-00493,854700,,,,,,
소방설비,소방시설공사업(전문),4872,부광전력 주식회사,임훈재,강원,2025-02-00167,854200,,,,,,
소방설비,소방시설공사업(전문),4873,(주)현성,유경옥,강원,제96호,854000,,,,,,
소방설비,소방시설공사업(전문),4874,(주)가인전력,장복남,인천,인천공단제2015-6호,854000,,,,,,
소방설비,소방시설공사업(전문),4875,(주)에스피엔이,이정임,서울,2021-02-00015,854000,,,,,,
소방설비,소방시설공사업(전문),4876,강산설비(주),양기립,부산,2022-02-00059,853900,,,,,,
소방설비,소방시설공사업(전문),4877,(주)승도이엔씨,신현우,서울,제관악2004-4호,853900,,,,,,
소방설비,소방시설공사업(전문),4878,강원소방 주식회사,유영철,강원,2025-02-00105,853700,,,,,,
소방설비,소방시설공사업(전문),4879,(주)강남전기,김형철,인천,인천서부제2013-10호,853700,,,,,,
소방설비,소방시설공사업(일반·전기),5,(주)청천전설,김태중,서울,제종로2006-4호,853500,,,,,,
소방설비,소방시설공사업(전문),4880,일양전설 주식회사,김장수,경기(남),2022-02-00328,852500,,,,,,
소방설비,소방시설공사업(전문),4881,송풍설비주식회사,이일선,경기(남),2016-02-00245,852400,,,,,,
소방설비,소방시설공사업(전문),4882,(주)신우전기엔지니어링,고전주,경기(북),경기양주 제2008-16호,852000,,,,,,
소방설비,소방시설공사업(전문),4883,(주)지산,최영회,강원,2016-02-00655,851800,,,,,,
소방설비,소방시설공사업(전문),4884,시온전력(주),김병문,전남광주(전남),2018-02-00395,851800,,,,,,
소방설비,소방시설공사업(전문),4885,천우전기(주),허헌,충남,제98-3호,851800,,,,,,
소방설비,소방시설공사업(전문),4886,다림건설(주),이계영,경기(남),경기분당 제1999-13호,851300,,,,,,
소방설비,소방시설공사업(전문),4887,(주)녹스이엔지,김원호,전남광주(광주),제2013-다-02호,850900,,,,,,
소방설비,소방시설공사업(전문),4888,청풍소방,변민숙,제주,2021-02-00522,850800,,,,,,
소방설비,소방시설공사업(전문),4889,주식회사 프로테크,박남홍,전남광주(전남),2020-02-00064,850700,,,,,,
소방설비,소방시설공사업(전문),4890,(주)은성전기,장태모,경기(남),경기양평 제2004-3호,850600,,,,,,
소방설비,소방시설공사업(전문),4891,주식회사 유니온,한경섭,충남,2017-02-00169,850500,,,,,,
소방설비,소방시설공사업(전문),4892,(주)한국에너지시스템,최석관,서울,2020-02-00137,850400,,,,,,
소방설비,소방시설공사업(전문),4893,주식회사 링크텍,최정호,경기(남),2025-02-00236,850300,,,,,,
소방설비,소방시설공사업(전문),4894,주식회사 은광이앤씨,전은빈,경기(북),2018-02-00514,850100,,,,,,
소방설비,소방시설공사업(전문),4895,진우전력(주),송용민,충남,제충남부여 2009-1호,850000,,,,,,
소방설비,소방시설공사업(전문),4896,주식회사 엘가금송시온,이경준,전남광주(전남),2019-02-00123,849900,,,,,,
소방설비,소방시설공사업(전문),4897,주식회사 인화전기,김순언,전북,2022-02-00342,849800,,,,,,
소방설비,소방시설공사업(전문),4898,주식회사 가온테크놀러지,문승호,부산,2024-02-00328,849700,,,,,,
소방설비,소방시설공사업(전문),4899,구평전력(주),노시열,경북,제구미2011-11호,849600,,,,,,
소방설비,소방시설공사업(전문),4900,(주)대덕전력,신민제,인천,2017-02-00432,849400,,,,,,
소방설비,소방시설공사업(전문),4901,(주)기대이앤씨,황효일,경기(남),경기성남제2013-5호,849300,,,,,,
소방설비,소방시설공사업(전문),4902,주식회사 엠에이치테크,문성주,대구,2018-02-00487,849000,,,,,,
소방설비,소방시설공사업(전문),4903,제이케이전기 주식회사,김종규,대전,제2015-8호,848900,,,,,,
소방설비,소방시설공사업(전문),4904,불과구름이엔지 주식회사,김찬동,경기(남),2020-02-00489,848700,,,,,,
소방설비,소방시설공사업(전문),4905,(주)선경전기,권유나,충남,제2014-03호,848500,,,,,,
소방설비,소방시설공사업(전문),4906,백두전기통신(주),장철,서울,제강서 2007-2호,848200,,,,,,
소방설비,소방시설공사업(전문),4907,(주)선우이엔씨,진병기,경기(남),경기안양 제2007-33호,847300,,,,,,
소방설비,소방시설공사업(전문),4908,주식회사 다온이엔씨,이강일,인천,2021-02-00253,847300,,,,,,
소방설비,소방시설공사업(전문),4909,주식회사 현대소방안전,심창형,울산,2021-02-00046,847000,,,,,,
소방설비,소방시설공사업(전문),4910,보명기업(주),장은율,대구,제2007-19호,847000,,,,,,
소방설비,소방시설공사업(전문),4911,주식회사 오성씨앤이,김진종,서울,2025-02-00072,846900,,,,,,
소방설비,소방시설공사업(전문),4912,주식회사 수성엔지니어링,김수현,충남,2023-02-00270,846600,,,,,,
소방설비,소방시설공사업(전문),4913,주식회사 유수,박만식,강원,2019-02-00121,846400,,,,,,
소방설비,소방시설공사업(전문),4914,주식회사 파이런텍,이병길,서울,2024-02-00286,846200,,,,,,
소방설비,소방시설공사업(전문),4915,디비이앤씨 주식회사,김미령,경기(북),2023-02-00286,846100,,,,,,
소방설비,소방시설공사업(전문),4916,주식회사 신우이앤씨,현관수,대구,제2010-03호,846100,,,,,,
소방설비,소방시설공사업(전문),4917,유림이엔지 주식회사,고인협,제주,제제주2014-7호,845900,,,,,,
소방설비,소방시설공사업(전문),4918,주식회사 이은이엔지,오석종,전남광주(광주),2022-02-00408,845800,,,,,,
소방설비,소방시설공사업(전문),4919,창조방재시스템(주),이종수,경기(남),경기광주제2011-09호,845500,,,,,,
소방설비,소방시설공사업(전문),4920,서경전기(주),이종환,서울,제종로 1992-1호,845400,,,,,,
소방설비,소방시설공사업(전문),4921,(주)영남전력,장병찬,부산,2018-02-00479,845100,,,,,,
소방설비,소방시설공사업(전문),4922,기건공영(주),김성훈,경기(남),경기부천 제2005-6호,844900,,,,,,
소방설비,소방시설공사업(전문),4923,(주)서원이엔시,김원선,인천,인천서부 제2012-01호,844100,,,,,,
소방설비,소방시설공사업(전문),4924,(주)한솔이피씨,이재현,충남,2017-02-00625,844100,,,,,,
소방설비,소방시설공사업(전문),4925,인성전기 주식회사,강미영,경기(남),2017-02-00306,843200,,,,,,
소방설비,소방시설공사업(전문),4926,주식회사 우진이엔씨,한용주,제주,2022-02-00349,843100,,,,,,
소방설비,소방시설공사업(전문),4927,(주)다예이엔지,김두일,경기(남),2025-02-00182,843000,,,,,,
소방설비,소방시설공사업(전문),4928,(주)대림개발,이응용,전남광주(광주),제2010-라-1호,842900,,,,,,
소방설비,소방시설공사업(전문),4929,이본건설(주),이준재,서울,제동대문2005-6호,842600,,,,,,
소방설비,소방시설공사업(전문),4930,(유)현대소방,권진수,전북,2022-02-00006,842400,,,,,,
소방설비,소방시설공사업(전문),4931,대신전력(주),성창범,경기(남),2021-02-00225,841800,,,,,,
소방설비,소방시설공사업(전문),4932,(주)건화소방,박상모,경북,제2005-3호,841800,,,,,,
소방설비,소방시설공사업(전문),4933,주식회사 우미개발,김부열,경기(남),2019-02-00060,841500,,,,,,
소방설비,소방시설공사업(전문),4933,(주)한백엔지니어링,이건수,인천,인천공단 제2008-05호,841500,,,,,,
소방설비,소방시설공사업(전문),4933,범양공조산업(주),장종기,서울,2016-02-00536,841500,,,,,,
소방설비,소방시설공사업(전문),4936,(주)온라이프건설,정근,부산,제2005-34호,841100,,,,,,
소방설비,소방시설공사업(전문),4937,주식회사 부성전공,오채근,서울,2016-02-00354,840800,,,,,,
소방설비,소방시설공사업(전문),4938,동광전력(주),유영근,서울,제구로 2008-21호,840100,,,,,,
소방설비,소방시설공사업(전문),4939,(주)대륙이앤지,원종태,충북,2015-02-00145,839900,,,,,,
소방설비,소방시설공사업(전문),4940,(주)진성전력테크,이근식,경기(남),경기화성 제2012-02호,839900,,,,,,
소방설비,소방시설공사업(전문),4941,효성중전기 주식회사,김용희,전북,2022-02-00101,839700,,,,,,
소방설비,소방시설공사업(전문),4942,주식회사 유신테크,김용근,서울,2024-02-00398,839100,,,,,,
소방설비,소방시설공사업(전문),4943,주식회사 에스엠이엔지,김용임,경기(북),2024-02-00204,839000,,,,,,
소방설비,소방시설공사업(전문),4944,주식회사 엘케이테크,이성진,세종,2018-02-00501,837800,,,,,,
소방설비,소방시설공사업(전문),4945,동해소방(주),이상락,경기(남),경기수원 제2013-03호,837700,,,,,,
소방설비,소방시설공사업(전문),4946,대림소방공사,최석영,인천,2016-02-00010,837300,,,,,,
소방설비,소방시설공사업(전문),4947,(주)대호소방,윤철수,경남,경남고성제2014-01호,837300,,,,,,
소방설비,소방시설공사업(전문),4948,주식회사 대동방재,백대현,경남,2022-02-00371,836900,,,,,,
소방설비,소방시설공사업(전문),4949,두성이앤씨 주식회사,정윤수,경기(남),2023-02-00317,836500,,,,,,
소방설비,소방시설공사업(전문),4950,주식회사 포스코피에이치솔루션,이형진,경북,2023-02-00200,836400,,,,,,
소방설비,소방시설공사업(전문),4951,두원스마트앤그린 주식회사,김윤주,충북,2025-02-00067,836300,,,,,,
소방설비,소방시설공사업(전문),4952,주식회사 아이탑이엔지,조계천,인천,2017-02-00511,836100,,,,,,
소방설비,소방시설공사업(전문),4953,주식회사 혁신방재,장희재,전북,2024-02-00112,835600,,,,,,
소방설비,소방시설공사업(전문),4954,(주)케이너스,최영두,서울,2019-02-00215,835500,,,,,,
소방설비,소방시설공사업(전문),4955,주식회사 동양전설,김상필,서울,제동대문2015-04호,835100,,,,,,
소방설비,소방시설공사업(전문),4956,(주)우솔방재,엄병영,인천,2019-02-00190,834600,,,,,,
소방설비,소방시설공사업(전문),4957,인창방재,최준양,충남,천안서북 제2015-1호,834400,,,,,,
소방설비,소방시설공사업(전문),4958,주식회사 아셀,김정현,경북,2017-02-00253,834300,,,,,,
소방설비,소방시설공사업(전문),4959,주식회사 정목이엔지,이정우,경기(남),2023-02-00255,834200,,,,,,
소방설비,소방시설공사업(전문),4960,(주)다인전설,박혜숙,대전,2021-02-00343,834100,,,,,,
소방설비,소방시설공사업(전문),4961,주식회사 한빛소방,최선건,서울,2024-02-00251,833900,,,,,,
소방설비,소방시설공사업(전문),4962,(주)단아,길인영,경기(남),2021-02-00638,833200,,,,,,
소방설비,소방시설공사업(전문),4963,주식회사 청강이연기술,김미영,경기(남),2022-02-00053,833100,,,,,,
소방설비,소방시설공사업(전문),4964,(주)대유엠이씨,김홍택,서울,제구로2009-19호,832900,,,,,,
소방설비,소방시설공사업(전문),4965,(주)신화전기,최은숙,경남,제진주 2007-3호,832400,,,,,,
소방설비,소방시설공사업(전문),4966,주식회사 마스원,심재경,대구,제2001-14호,832300,,,,,,
소방설비,소방시설공사업(전문),4967,(주)통광이앤씨,김대인,경기(북),경기구리 제2013-3호,832300,,,,,,
소방설비,소방시설공사업(전문),4968,주식회사 건일엔지니어링,길상원,대전,2016-02-00184,831900,,,,,,
소방설비,소방시설공사업(전문),4969,삼흥전기 주식회사,주지훈,충남,2020-02-00508,831900,,,,,,
소방설비,소방시설공사업(전문),4970,주식회사 한텔,이원구,전남광주(광주),2020-02-00075,831700,,,,,,
소방설비,소방시설공사업(전문),4971,(주)신흥이앤씨,최병석,충남,2018-02-00408,831500,,,,,,
소방설비,소방시설공사업(전문),4972,남해조명전기,채상용,경남,경남남해 제2009-1호,831300,,,,,,
소방설비,소방시설공사업(전문),4973,우리전력 주식회사,강혜교,충남,2021-02-00634,831000,,,,,,
소방설비,소방시설공사업(전문),4974,(주)에스와이이앤지,김헌규,대구,2018-02-00417,831000,,,,,,
소방설비,소방시설공사업(전문),4975,천안방재 주식회사,김락현,충남,2019-02-00408,830800,,,,,,
소방설비,소방시설공사업(전문),4976,다앤 주식회사,허상구,대구,2016-02-00680,830700,,,,,,
소방설비,소방시설공사업(전문),4977,주식회사 대진소방이엔씨,임종국,대구,2018-02-00386,830400,,,,,,
소방설비,소방시설공사업(전문),4978,(주)우성소방,조현영,경남,경남진주제2014-02호,830300,,,,,,
소방설비,소방시설공사업(전문),4979,금호전기조명(주),김미숙,경기(남),2018-02-00167,829800,,,,,,
소방설비,소방시설공사업(전문),4980,주식회사 에스제이,박용모,강원,제266호,829800,,,,,,
소방설비,소방시설공사업(전문),4981,김호이앤씨 주식회사,이현진,경기(북),2024-02-00159,829600,,,,,,
소방설비,소방시설공사업(전문),4982,삼원설비공업(주),최재유,서울,제마포2005-7호,829500,,,,,,
소방설비,소방시설공사업(전문),4983,주식회사 대한방재,신창욱,경북,2026-02-00216,829300,,,,,,
소방설비,소방시설공사업(전문),4984,(주)글로벌이앤씨,서예지,경북,2016-02-00537,829200,,,,,,
소방설비,소방시설공사업(전문),4985,주식회사 오승소방전기,박승호,서울,2025-02-00354,829200,,,,,,
소방설비,소방시설공사업(전문),4986,주식회사 이림이엔씨,임경철,경기(남),2022-02-00359,829100,,,,,,
소방설비,소방시설공사업(전문),4987,태현방재(주),권현미,부산,2023-02-00142,828000,,,,,,
소방설비,소방시설공사업(전문),4988,주식회사 디비아이엔씨(DB Inc.),강운식,서울,제강남2009-2호,827700,,,,,,
소방설비,소방시설공사업(전문),4989,주식회사 월드전설,양대석,경기(남),2023-02-00248,827600,,,,,,
소방설비,소방시설공사업(전문),4990,욱일전설(주),배태원,충남,2015-02-00035,827100,,,,,,
소방설비,소방시설공사업(전문),4991,(주)명승기업,권응규,강원,제212호,827100,,,,,,
소방설비,소방시설공사업(전문),4992,주식회사 현창플랜트,김도훈,대구,2026-02-00151,826800,,,,,,
소방설비,소방시설공사업(전문),4993,주식회사 에스에이치종합방재,오석현,전남광주(광주),제북부2000-라-8호,826800,,,,,,
소방설비,소방시설공사업(전문),4994,주식회사 경당이앤씨,민철배,서울,2021-02-00292,826800,,,,,,
소방설비,소방시설공사업(전문),4995,주식회사 신산전력,김명환,충남,2019-02-00170,826700,,,,,,
소방설비,소방시설공사업(전문),4996,신도종합건설(주),이훈구,대전,제98-15호,825900,,,,,,
소방설비,소방시설공사업(전문),4997,정진소방,홍순천,부산,2020-02-00200,825800,,,,,,
소방설비,소방시설공사업(전문),4998,청도에너지 주식회사,송영범,서울,2024-02-00347,825300,,,,,,
소방설비,소방시설공사업(전문),4999,주식회사 이원산업,이미경,인천,2026-02-00147,825100,,,,,,
소방설비,소방시설공사업(전문),4999,신화소방,전정아,강원,2026-02-00087,825100,,,,,,
소방설비,소방시설공사업(전문),4999,(주)삼우플랜트,양재섭,경기(남),2026-02-00129,825100,,,,,,
소방설비,소방시설공사업(전문),5002,주식회사 디피엔,유선영,경기(남),2025-02-00033,825000,,,,,,
소방설비,소방시설공사업(전문),5003,주식회사 공영소방설비,공노득,대구,2025-02-00298,825000,,,,,,
소방설비,소방시설공사업(전문),5003,주식회사 에이치씨동화주택,석용택,대구,2018-02-00304,825000,,,,,,
소방설비,소방시설공사업(전문),5003,한보기공(주),임종희,서울,제동대문 2003-5호,825000,,,,,,
소방설비,소방시설공사업(전문),5003,(주)삼천리이에스,이상봉,서울,제영등포2013-2호,825000,,,,,,
소방설비,소방시설공사업(전문),5003,삼정건설 주식회사,강은모,부산,2021-02-00612,825000,,,,,,
소방설비,소방시설공사업(전문),5003,주식회사 동영산업,조현식,전남광주(전남),2024-02-00325,825000,,,,,,
소방설비,소방시설공사업(전문),5003,(주)이일엔지니어링,정찬면,경기(남),2025-02-00238,825000,,,,,,
소방설비,소방시설공사업(전문),5003,(주)동양건설산업,오성민,경기(남),경기수원 제2009-50호,825000,,,,,,
소방설비,소방시설공사업(전문),5003,올세 주식회사,이영만,경기(남),2023-02-00315,825000,,,,,,
소방설비,소방시설공사업(전문),5003,주식회사 에스엔케이,김상현,경북,2025-02-00286,825000,,,,,,
소방설비,소방시설공사업(전문),5003,(주)금화피에스시,김경태,서울,제강남 2000-5호,825000,,,,,,
소방설비,소방시설공사업(전문),5003,주식회사 연우이엔지,최성일,전북,전주완산 제2014-5호,825000,,,,,,
소방설비,소방시설공사업(전문),5015,(주)대신기공,김철희,전남광주(전남),제여수 2006-7호,824900,,,,,,
소방설비,소방시설공사업(전문),5016,(주)명성전력,이용종,강원,제319호,824600,,,,,,
소방설비,소방시설공사업(전문),5017,(주)신광전기,서경환,경기(남),경기하남 제2011-05호,823900,,,,,,
소방설비,소방시설공사업(전문),5018,주식회사 머큐리,권순태,인천,2024-02-00305,823900,,,,,,
소방설비,소방시설공사업(전문),5019,주식회사 윤성,한호진,부산,2022-02-00452,823900,,,,,,
소방설비,소방시설공사업(전문),5020,주식회사 씨제이전력,이미애,경기(북),2018-02-00420,823000,,,,,,
소방설비,소방시설공사업(전문),5021,드림네트웍스(주),조정하,경기(남),경기부천제2015-06호,822700,,,,,,
소방설비,소방시설공사업(전문),5022,해동건설(주),박찬,전남광주(전남),제2010-나-3호,822100,,,,,,
소방설비,소방시설공사업(전문),5023,(주)삼건이엔씨,김대웅,서울,2026-02-00074,822000,,,,,,
소방설비,소방시설공사업(전문),5024,무진전기(주),김민주,인천,2017-02-00369,821700,,,,,,
소방설비,소방시설공사업(전문),5025,(주)우원일렉티,이주태,경기(북),2019-02-00286,820700,,,,,,
소방설비,소방시설공사업(전문),5026,주식회사 자영,정경현,전남광주(전남),제2012-타-02호,820500,,,,,,
소방설비,소방시설공사업(전문),5027,영진건설(주),천장우,경북,제포항남부2007-04호,819600,,,,,,
소방설비,소방시설공사업(전문),5028,주식회사 서경테크,박중애,경기(북),2022-02-00379,818600,,,,,,
소방설비,소방시설공사업(전문),5029,주식회사 디앤티,박상원,경기(남),2020-02-00581,818400,,,,,,
소방설비,소방시설공사업(전문),5030,주식회사 번성이앤씨,이석용,경기(남),2020-02-00589,818300,,,,,,
소방설비,소방시설공사업(전문),5031,주식회사 광진전기,강판성,부산,2020-02-00537,818200,,,,,,
소방설비,소방시설공사업(전문),5032,엠에스소방(주),하춘호,경남,2016-02-00452,817500,,,,,,
소방설비,소방시설공사업(전문),5033,동양기산(주),소경빈,경기(북),경기양주 제2010-1호,817100,,,,,,
소방설비,소방시설공사업(전문),5034,제일방재(주),박순덕,전남광주(전남),제01-02호,816400,,,,,,
소방설비,소방시설공사업(전문),5035,미래이앤에프(주),이기중,인천,인천남동 제2008-4호,816300,,,,,,
소방설비,소방시설공사업(전문),5036,주식회사 미미엔지니어링,김진희,서울,2020-02-00324,816100,,,,,,
소방설비,소방시설공사업(전문),5037,주식회사 중앙소방,윤종신,경기(북),2024-02-00052,815900,,,,,,
소방설비,소방시설공사업(전문),5038,주식회사 거창,한만조,경기(남),경기용인 제2005-8호,815200,,,,,,
소방설비,소방시설공사업(전문),5039,주식회사 삼흥이엔지,정정호,충남,2023-02-00241,815200,,,,,,
소방설비,소방시설공사업(전문),5040,주식회사 대천전력,이희정,전남광주(전남),2022-02-00317,815100,,,,,,
소방설비,소방시설공사업(전문),5041,(주)성광종합설비,나정희,경기(남),경기안양제2013-5호,814900,,,,,,
소방설비,소방시설공사업(전문),5042,연합소방주식회사,최준영,인천,2022-02-00283,814800,,,,,,
소방설비,소방시설공사업(전문),5043,우주종합건설 주식회사,김영태,전남광주(전남),2019-02-00145,814500,,,,,,
소방설비,소방시설공사업(전문),5044,효성소방공사,강춘범,제주,제2005-69호,814300,,,,,,
소방설비,소방시설공사업(전문),5045,아시아소방전력(주),어명희,울산,제2012-9호,813900,,,,,,
소방설비,소방시설공사업(전문),5046,갑오전력 주식회사,정미영,경기(남),경기수원 제2015-2호,813900,,,,,,
소방설비,소방시설공사업(전문),5047,주식회사 성화전력,김성필,대전,2016-02-00312,813700,,,,,,
소방설비,소방시설공사업(전문),5048,일신이앤씨 주식회사,김경란,충남,제2002-1호,813700,,,,,,
소방설비,소방시설공사업(전문),5049,(주)영화이엔씨,임영자,경기(북),경기일산 제2011-6호,811500,,,,,,
소방설비,소방시설공사업(전문),5050,주식회사 엔트그린,이창섭,경기(남),2020-02-00540,811000,,,,,,
소방설비,소방시설공사업(전문),5051,(주)성림코리아,류영철,부산,2017-02-00397,810900,,,,,,
소방설비,소방시설공사업(전문),5052,주식회사 옴니테크,임미정,인천,2017-02-00114,810900,,,,,,
소방설비,소방시설공사업(전문),5053,(주)소망전력,정동근,경남,2016-02-00435,810600,,,,,,
소방설비,소방시설공사업(전문),5054,주식회사 성우전기,심우탁,경기(남),제2014-9호,810400,,,,,,
소방설비,소방시설공사업(전문),5055,주식회사 광진소방,정동준,전남광주(광주),2023-02-00171,809700,,,,,,
소방설비,소방시설공사업(전문),5056,주식회사 지엔디,장경정,전남광주(광주),2021-02-00659,809200,,,,,,
소방설비,소방시설공사업(전문),5057,(주)영남소방엔지니어링,류상수,경남,제2009-01호,809000,,,,,,
소방설비,소방시설공사업(전문),5058,지우엔지니어링,유현주,대전,2023-02-00128,808700,,,,,,
소방설비,소방시설공사업(전문),5059,주식회사 동강이엔씨,류일걸,강원,2016-02-00296,808300,,,,,,
소방설비,소방시설공사업(일반·전기),6,주식회사 라인전기,이호동,서울,2020-02-00454,807900,,,,,,
소방설비,소방시설공사업(전문),5060,주식회사 삼미방재,형요엘,전남광주(전남),2024-02-00193,807600,,,,,,
소방설비,소방시설공사업(전문),5061,퍼스트디앤씨 주식회사,이준성,경기(남),2022-02-00495,807600,,,,,,
소방설비,소방시설공사업(전문),5062,주식회사 대신소방,신대용,경북,2020-02-00502,807500,,,,,,
소방설비,소방시설공사업(전문),5063,(주)모든전기,강신석,전남광주(전남),제95-15호,807400,,,,,,
소방설비,소방시설공사업(전문),5064,주식회사 대명전기,조선자,경기(남),2022-02-00494,807400,,,,,,
소방설비,소방시설공사업(전문),5065,(주)오노프산전,나명열,서울,2022-02-00034,806900,,,,,,
소방설비,소방시설공사업(전문),5066,주식회사 새빛전기,김미화,대구,2017-02-00554,806500,,,,,,
소방설비,소방시설공사업(전문),5067,주식회사 가온소방,강문영,전남광주(광주),2025-02-00064,806000,,,,,,
소방설비,소방시설공사업(전문),5068,주식회사 성근테크,강성호,충북,2020-02-00016,805500,,,,,,
소방설비,소방시설공사업(전문),5069,(주)청봉건업,문정하,서울,제구로2000-11호,804900,,,,,,
소방설비,소방시설공사업(전문),5070,(주)하나안전기술단,오영민,경기(남),2023-02-00362,803700,,,,,,
소방설비,소방시설공사업(전문),5071,(주)동민엔지니어링,한동석,부산,제2008-01호,803700,,,,,,
소방설비,소방시설공사업(전문),5072,(주)금봉기업,이민화,인천,인천남동제2014-7호,803400,,,,,,
소방설비,소방시설공사업(전문),5073,광도전력(주),최상석,경북,제경주98-1호,802000,,,,,,
소방설비,소방시설공사업(전문),5074,(주)베스트이엔씨,김동구,대구,2017-02-00333,801700,,,,,,
소방설비,소방시설공사업(전문),5075,주식회사 한보테크,강형주,경북,2015-02-00045,801600,,,,,,
소방설비,소방시설공사업(전문),5076,주식회사 대한전기,정은정,경남,2022-02-00399,801600,,,,,,
소방설비,소방시설공사업(전문),5077,(주)신양,황규봉,경기(남),경기시흥 제2006-3호,800900,,,,,,
소방설비,소방시설공사업(전문),5078,(유)이엔피엔지니어링,강승찬,전북,2020-02-00556,800600,,,,,,
소방설비,소방시설공사업(일반·전기),7,(주)아진전력,배철휴,전남광주(전남),제2014-나-4호,800200,,,,,,
소방설비,소방시설공사업(전문),5079,주식회사 금영이엔씨,김화금,경기(남),2024-02-00297,799800,,,,,,
소방설비,소방시설공사업(전문),5080,(주)동현건설,이병국,경남,2023-02-00260,799200,,,,,,
소방설비,소방시설공사업(전문),5081,주식회사 건호기업,도용진,대구,2020-02-00379,799000,,,,,,
소방설비,소방시설공사업(전문),5082,주식회사 그린소방,박신환,경북,2022-02-00259,798700,,,,,,
소방설비,소방시설공사업(전문),5083,주식회사 올바른소방,정두석,인천,2020-02-00485,798100,,,,,,
소방설비,소방시설공사업(전문),5084,우진기전,이홍우,인천,2024-02-00029,798000,,,,,,
소방설비,소방시설공사업(전문),5085,주식회사 동광,김종대,강원,2025-02-00071,797300,,,,,,
소방설비,소방시설공사업(일반·전기),8,(주)대원소방,김미옥,경남,2017-02-00311,797200,,,,,,
소방설비,소방시설공사업(전문),5086,(주)씨앤엔이엔씨,김창제,경기(남),2023-02-00230,797100,,,,,,
소방설비,소방시설공사업(일반·전기),9,주식회사 대한이엔지,임만수,경기(남),2020-02-00091,797100,,,,,,
소방설비,소방시설공사업(전문),5087,주식회사 보검,김동석,전남광주(전남),2017-02-00630,796900,,,,,,
소방설비,소방시설공사업(전문),5088,(주)제일전력,문경식,전북,제2002-4호,796800,,,,,,
소방설비,소방시설공사업(전문),5089,주식회사 성민전력,이영덕,경남,2018-02-00374,796700,,,,,,
소방설비,소방시설공사업(전문),5090,주식회사 대영이앤에프,김용범,충북,2019-02-00171,796600,,,,,,
소방설비,소방시설공사업(전문),5091,(주)황강전력공사,전남숙,경남,경남 합천 제2012-01호,796500,,,,,,
소방설비,소방시설공사업(전문),5092,주식회사 경북부강,나윤주,경북,2025-02-00005,796500,,,,,,
소방설비,소방시설공사업(전문),5093,(주)유진종합기계,배영모,전남광주(광주),제2011-다-05호,796500,,,,,,
소방설비,소방시설공사업(전문),5094,주식회사 유나이티드이엔지,최완영,대전,2022-02-00186,796400,,,,,,
소방설비,소방시설공사업(전문),5095,주식회사 엠에스소방,신재혁,인천,2021-02-00082,796200,,,,,,
소방설비,소방시설공사업(전문),5096,주식회사 누리이엔지,이광후,경남,2025-02-00347,795400,,,,,,
소방설비,소방시설공사업(전문),5097,금오전력(주),오종현,경기(남),경기수원 제2009-18호,795300,,,,,,
소방설비,소방시설공사업(전문),5098,(주)한국유닉스경남,강덕현,경남,2017-02-00619,795200,,,,,,
소방설비,소방시설공사업(전문),5099,주식회사 웅비,이민우,전남광주(광주),2020-02-00404,794600,,,,,,
소방설비,소방시설공사업(전문),5100,주식회사 이화이엔씨,최연식,경북,2021-02-00415,794500,,,,,,
소방설비,소방시설공사업(일반·기계),6,중경기술(주),김순원,경기(남),경기용인공사 제2012-01호,794500,,,,,,
소방설비,소방시설공사업(전문),5101,(주)대림소방방재,양현민,서울,2016-02-00201,794200,,,,,,
소방설비,소방시설공사업(전문),5102,주식회사 일오삼,최주용,전남광주(광주),2020-02-00572,794100,,,,,,
소방설비,소방시설공사업(전문),5103,브니엘네이처(주),박정호,인천,제2015-01호,793100,,,,,,
소방설비,소방시설공사업(전문),5104,주식회사 이레,강진영,강원,2026-02-00123,793100,,,,,,
소방설비,소방시설공사업(전문),5105,주식회사 휴엔텍,김창주,전남광주(전남),2022-02-00441,792900,,,,,,
소방설비,소방시설공사업(전문),5106,주식회사 신화방재,김기흥,전북,2019-02-00365,792800,,,,,,
소방설비,소방시설공사업(전문),5107,(주)가람엔지니어링,손광희,충북,2015-02-00434,792500,,,,,,
소방설비,소방시설공사업(전문),5108,주식회사 성호건설,손명익,경북,2020-02-00325,792400,,,,,,
소방설비,소방시설공사업(전문),5109,영서소방,이진향,강원,2023-02-00224,792200,,,,,,
소방설비,소방시설공사업(전문),5110,주식회사 부성전기,이영숙,경북,2017-02-00198,792200,,,,,,
소방설비,소방시설공사업(전문),5111,주식회사 서희전기,김경율,강원,2017-02-00183,792200,,,,,,
소방설비,소방시설공사업(전문),5112,진영토건 주식회사,백승신,경기(남),2024-02-00117,792100,,,,,,
소방설비,소방시설공사업(전문),5112,(주)한영씨앤이,박대서,서울,제구로2005-21호,792100,,,,,,
소방설비,소방시설공사업(전문),5112,주식회사 도보즈,최동호,경북,2018-02-00100,792100,,,,,,
소방설비,소방시설공사업(전문),5115,주식회사 광도,가민진,충남,2016-02-00398,791900,,,,,,
소방설비,소방시설공사업(전문),5116,주식회사 동성전기,지형수,전북,2023-02-00239,791700,,,,,,
소방설비,소방시설공사업(전문),5117,진용전력,김동진,인천,2023-02-00385,791700,,,,,,
소방설비,소방시설공사업(전문),5118,주식회사 윤슬전력,김나라,경남,2024-02-00060,791500,,,,,,
소방설비,소방시설공사업(전문),5119,주식회사 가보,김진희,세종,2017-02-00129,791300,,,,,,
소방설비,소방시설공사업(전문),5120,주식회사 중앙이엔지,이계순,대전,2019-02-00292,791100,,,,,,
소방설비,소방시설공사업(전문),5121,주식회사 금화,김태인,강원,제344호,790900,,,,,,
소방설비,소방시설공사업(전문),5122,(주)욱동방재,정정애,부산,제2011-36호,790700,,,,,,
소방설비,소방시설공사업(전문),5123,주식회사 수연,신영섭,강원,2026-02-00088,790500,,,,,,
소방설비,소방시설공사업(전문),5124,주식회사 남선소방,신민우,대전,2021-02-00448,788900,,,,,,
소방설비,소방시설공사업(전문),5125,대구금정소방방재(주),전금정,대구,2018-02-00062,788800,,,,,,
소방설비,소방시설공사업(전문),5126,신현대전력공사,백인성,경기(북),제경기의정부 2004-07호,788400,,,,,,
소방설비,소방시설공사업(전문),5127,주식회사 광원전력,이병진,전북,2015-02-00079,788300,,,,,,
소방설비,소방시설공사업(전문),5128,대원이앤에프 주식회사,김원미,인천,2018-02-00317,787800,,,,,,
소방설비,소방시설공사업(전문),5129,주식회사 미래전기,이영재,대구,2022-02-00483,787500,,,,,,
소방설비,소방시설공사업(전문),5130,주식회사 효산소방,이정선,전남광주(전남),2017-02-00658,787100,,,,,,
소방설비,소방시설공사업(전문),5131,(주)해상,이인영,경기(남),2019-02-00547,787000,,,,,,
소방설비,소방시설공사업(전문),5132,(주)훈민종합엔지니어링,권세다,제주,2022-02-00484,786700,,,,,,
소방설비,소방시설공사업(전문),5133,주식회사 동우소방,윤정은,제주,2022-02-00159,786500,,,,,,
소방설비,소방시설공사업(전문),5134,주식회사 서희전력,연규원,대전,2026-02-00121,786200,,,,,,
소방설비,소방시설공사업(전문),5135,동방시스템(주),함근성,대전,제2007-14호,786100,,,,,,
소방설비,소방시설공사업(전문),5136,(주)동진,박성필,경기(남),2021-02-00320,786000,,,,,,
소방설비,소방시설공사업(전문),5137,대원방재엔지니어링 주식회사,김대경,울산,2025-02-00179,785500,,,,,,
소방설비,소방시설공사업(전문),5138,(주)에스에스전기,채태병,경기(남),2020-02-00630,785400,,,,,,
소방설비,소방시설공사업(전문),5139,주식회사 대웅,조보희,경남,2023-02-00348,785200,,,,,,
소방설비,소방시설공사업(전문),5140,주식회사 케이에스방재,김명진,경기(남),2020-02-00436,785100,,,,,,
소방설비,소방시설공사업(전문),5141,(주)원진종합건설,배석한,경남,창원제2004-09호,785100,,,,,,
소방설비,소방시설공사업(전문),5142,주식회사 세종씨엠건축사사무소,박양진,서울,2022-02-00214,785000,,,,,,
소방설비,소방시설공사업(전문),5143,(주)현우전력,김상균,제주,2015-02-00115,785000,,,,,,
소방설비,소방시설공사업(전문),5144,주식회사 레이테크,강대욱,전북,2024-02-00263,784700,,,,,,
소방설비,소방시설공사업(전문),5145,주식회사 가온이엔지,최재성,전남광주(전남),2020-02-00553,784500,,,,,,
소방설비,소방시설공사업(전문),5146,(주)태경일렉트릭존,김경태,서울,2022-02-00197,783600,,,,,,
소방설비,소방시설공사업(전문),5147,동우전력 주식회사,최난섭,강원,2025-02-00278,783100,,,,,,
소방설비,소방시설공사업(전문),5148,주식회사 케이에스메이트,박이근,서울,2021-02-00508,782900,,,,,,
소방설비,소방시설공사업(전문),5149,(주)에프엠방재,박기명,대구,제2015-9호,782800,,,,,,
소방설비,소방시설공사업(전문),5150,주식회사 신동아이엠에스,박하석,충남,제2013-1호,782800,,,,,,
소방설비,소방시설공사업(전문),5151,한국텔레콤(주),김정호,경기(남),2016-02-00129,782800,,,,,,
소방설비,소방시설공사업(전문),5152,세왕전력(주),안성호,서울,제동대문2009-11호,782600,,,,,,
소방설비,소방시설공사업(전문),5153,(주)삼부전력,이진우,대구,제2006-26호,782100,,,,,,
소방설비,소방시설공사업(전문),5154,(주)대양엔지니어링,문수민,전남광주(광주),제서부 2005-나-4호,781600,,,,,,
소방설비,소방시설공사업(전문),5155,대신소방산업,신경순,서울,2018-02-00516,780900,,,,,,
소방설비,소방시설공사업(전문),5156,주식회사 넥스트이엔지,허명해,경기(남),2024-02-00106,780800,,,,,,
소방설비,소방시설공사업(전문),5157,티에이에스 주식회사,신정현,전남광주(광주),2016-02-00649,780100,,,,,,
소방설비,소방시설공사업(전문),5158,신명엔지니어링(주),김재기,경기(남),경기용인 제2008-7호,779900,,,,,,
소방설비,소방시설공사업(전문),5159,유한회사 에프에이시스템,홍진군,전북,2022-02-00501,779700,,,,,,
소방설비,소방시설공사업(전문),5160,(주)진명전력,박영애,전남광주(광주),제서부2002-나-12호,779600,,,,,,
소방설비,소방시설공사업(전문),5161,미성전력 주식회사,박성호,대구,2018-02-00499,778800,,,,,,
소방설비,소방시설공사업(전문),5162,삼인이앤씨,송병욱,경기(남),2022-02-00125,778600,,,,,,
소방설비,소방시설공사업(전문),5163,(주)정엔지니어링,박정철,부산,2018-02-00165,778400,,,,,,
소방설비,소방시설공사업(전문),5164,주식회사 모든전기,박연조,충북,2023-02-00127,778400,,,,,,
소방설비,소방시설공사업(전문),5165,주식회사 참좋은전기,김미경,서울,2017-02-00286,778000,,,,,,
소방설비,소방시설공사업(전문),5166,현대기계건설(주),성현옥,강원,제13호,777700,,,,,,
소방설비,소방시설공사업(전문),5167,(주)헤스티아이앤씨,최호정,서울,제서대문2010-3호,777100,,,,,,
소방설비,소방시설공사업(전문),5168,(주)경인소방이엔지,정동준,인천,2022-02-00154,776700,,,,,,
소방설비,소방시설공사업(전문),5169,(주)해성이엔지,박권서,서울,2020-02-00459,776600,,,,,,
소방설비,소방시설공사업(전문),5170,주식회사 에이블빌더스,이광우,서울,2025-02-00340,776600,,,,,,
소방설비,소방시설공사업(전문),5170,주식회사 이현산업,강승희,강원,2025-02-00329,776600,,,,,,
소방설비,소방시설공사업(전문),5170,광일테크(주),김희식,전남광주(광주),제2010-나-1호,776600,,,,,,
소방설비,소방시설공사업(일반·전기),10,주식회사 삼덕전기,김영길,경기(남),2021-02-00281,776600,,,,,,
소방설비,소방시설공사업(전문),5173,주식회사 라인이엔지,안태철,전남광주(전남),2016-02-00685,776400,,,,,,
소방설비,소방시설공사업(일반·전기),11,(주)대원전기,서정환,경기(남),경기광명 제2007-2호,776400,,,,,,
소방설비,소방시설공사업(전문),5174,해광전력 주식회사,권용자,경북,2015-02-00372,776100,,,,,,
소방설비,소방시설공사업(전문),5175,롯데테크 주식회사,박재원,경기(남),2016-02-00005,775800,,,,,,
소방설비,소방시설공사업(전문),5176,주식회사 파이어텍,허은화,서울,2025-02-00003,775600,,,,,,
소방설비,소방시설공사업(전문),5177,주식회사 동해전력,이동규,부산,제99-2호,775600,,,,,,
소방설비,소방시설공사업(전문),5178,(주)금호방재,최희훈,서울,제강서2004-2호,775200,,,,,,
소방설비,소방시설공사업(전문),5179,주식회사 에이치엘전기소방,허상희,부산,2023-02-00308,775100,,,,,,
소방설비,소방시설공사업(전문),5180,소방법인도솔 주식회사,박영미,서울,2020-02-00652,774700,,,,,,
소방설비,소방시설공사업(전문),5181,주식회사 미래에너지,윤영욱,경기(남),2018-02-00118,773900,,,,,,
소방설비,소방시설공사업(전문),5182,(주)성민이엔지,김채균,경기(남),경기여주 제2008-1호,773900,,,,,,
소방설비,소방시설공사업(전문),5183,(주)아진소방,김준수,부산,2020-02-00339,773500,,,,,,
소방설비,소방시설공사업(전문),5184,(주)두일건설,김태진,경기(남),경기안산 제2001-3호,773500,,,,,,
소방설비,소방시설공사업(전문),5185,주식회사 제이제이일렉트릭,이현재,경기(북),2021-02-00524,773000,,,,,,
소방설비,소방시설공사업(전문),5186,(주)덕진전력,최윤정,전남광주(전남),제2011-자-3호,772800,,,,,,
소방설비,소방시설공사업(전문),5187,주식회사 이엑스쏠라,박길호,충남,2026-02-00028,772600,,,,,,
소방설비,소방시설공사업(전문),5188,주식회사 미루이엔씨,홍영지,서울,2024-02-00236,772500,,,,,,
소방설비,소방시설공사업(전문),5189,만성소방엔지니어링(주),이수지,서울,제영등포 85-4호,771900,,,,,,
소방설비,소방시설공사업(전문),5190,(주)신한소방,조준상,경남,2020-02-00531,771700,,,,,,
소방설비,소방시설공사업(전문),5191,주식회사 다우,진승원,전북,2015-02-00215,771500,,,,,,
소방설비,소방시설공사업(일반·전기),12,삼일전력,조하영,경기(남),2020-02-00293,771400,,,,,,
소방설비,소방시설공사업(일반·전기),13,(주)보브이앤씨,강진철,인천,2019-02-00115,771400,,,,,,
소방설비,소방시설공사업(전문),5192,(주)국제전기소방,김광현,경북,제안동 98-12호,771100,,,,,,
소방설비,소방시설공사업(전문),5193,(주)세종소방,이선분,충북,2020-02-00068,771100,,,,,,
소방설비,소방시설공사업(전문),5194,주식회사 보성전력,최경화,전남광주(전남),제2015-아-2호,771000,,,,,,
소방설비,소방시설공사업(전문),5195,(주)주연이엔지,김종배,전북,전주완산 제2010-5호,770300,,,,,,
소방설비,소방시설공사업(전문),5196,주식회사 레드캡소방,박세훈,경기(남),2018-02-00280,770300,,,,,,
소방설비,소방시설공사업(전문),5197,고려화공(주),조영준,부산,제2009-25 호,770300,,,,,,
소방설비,소방시설공사업(전문),5198,주식회사 지제이소방,안건형,전북,2022-02-00409,770300,,,,,,
소방설비,소방시설공사업(전문),5199,(주)명전사,김학목,대구,제2007-1호,769600,,,,,,
소방설비,소방시설공사업(전문),5200,주식회사 한비이엔지,양창균,전남광주(광주),2018-02-00319,769500,,,,,,
소방설비,소방시설공사업(전문),5201,주식회사 대득건설,신명준,울산,2023-02-00094,769400,,,,,,
소방설비,소방시설공사업(전문),5202,대명소방,조규홍,경기(남),경기안양 제2002-15호,769200,,,,,,
소방설비,소방시설공사업(전문),5203,주식회사 패스테크,손성수,전남광주(전남),2024-02-00322,769100,,,,,,
소방설비,소방시설공사업(전문),5204,(주)남영전력,김형배,경북,제상주2010-6호,768700,,,,,,
소방설비,소방시설공사업(전문),5205,(주)지호이엔지,박문영,부산,제2015-06호,768400,,,,,,
소방설비,소방시설공사업(전문),5206,주식회사 센트럴파워시스템,이하경,경기(남),2025-02-00205,767700,,,,,,
소방설비,소방시설공사업(전문),5207,(주)한독전력,윤상철,인천,2018-02-00288,767700,,,,,,
소방설비,소방시설공사업(전문),5208,주식회사 삼원이엔씨,임경해,경기(남),2016-02-00376,767400,,,,,,
소방설비,소방시설공사업(전문),5209,휘아트룩스코리아 주식회사,한상국,경기(남),2021-02-00510,767300,,,,,,
소방설비,소방시설공사업(전문),5210,부원산업주식회사,박용전,경남,경남 창원 제2009-10호,767100,,,,,,
소방설비,소방시설공사업(전문),5211,주식회사 아진이앤씨,박현미,충남,2024-02-00051,766700,,,,,,
소방설비,소방시설공사업(전문),5212,일양산업(주),이상균,충북,제2005-1호,766400,,,,,,
소방설비,소방시설공사업(전문),5213,(주)경동이앤지,황일재,충남,2017-02-00079,766200,,,,,,
소방설비,소방시설공사업(전문),5214,주식회사 태원소방,김태원,경기(남),2018-02-00260,765900,,,,,,
소방설비,소방시설공사업(전문),5215,가람이엔지 주식회사,이상진,강원,2021-02-00519,765300,,,,,,
소방설비,소방시설공사업(전문),5216,(주)도경이엔지,김종삼,대구,2024-02-00203,765200,,,,,,
소방설비,소방시설공사업(전문),5217,(주)석영전력,표영석,서울,2016-02-00133,765100,,,,,,
소방설비,소방시설공사업(전문),5218,백광기업 주식회사,김영석,제주,2019-02-00136,765000,,,,,,
소방설비,소방시설공사업(전문),5219,주식회사 미도이엔지,이진우,서울,2015-02-00345,765000,,,,,,
소방설비,소방시설공사업(전문),5220,(주)아이티씨,권재중,경기(남),2024-02-00336,764700,,,,,,
소방설비,소방시설공사업(전문),5221,주식회사 화성펌프기전,김봉찬,제주,2023-02-00081,764400,,,,,,
소방설비,소방시설공사업(전문),5222,주식회사 현성기술,천현유,경남,2023-02-00236,764200,,,,,,
소방설비,소방시설공사업(전문),5223,주식회사 도담,백영주,전북,2021-02-00218,764000,,,,,,
소방설비,소방시설공사업(전문),5224,주식회사 부토산업,한균희,인천,2025-02-00110,763800,,,,,,
소방설비,소방시설공사업(전문),5225,주식회사 태양전기,김순국,전남광주(전남),2017-02-00525,763100,,,,,,
소방설비,소방시설공사업(전문),5226,동부소방안전ENG,김인석,경북,2020-02-00484,762700,,,,,,
소방설비,소방시설공사업(전문),5227,주식회사 화성이엔에프,김선화,서울,2019-02-00314,762600,,,,,,
소방설비,소방시설공사업(전문),5228,선경이엔지(주),정희석,경기(남),경기안산 제2005-18호,762300,,,,,,
소방설비,소방시설공사업(전문),5229,주식회사 명진전력,빈재민,경남,2019-02-00281,762200,,,,,,
소방설비,소방시설공사업(전문),5230,주식회사 우리소방이엔지,오춘덕,경기(남),2020-02-00420,761900,,,,,,
소방설비,소방시설공사업(전문),5231,대현엔지니어링 주식회사,임찬수,대전,제2006-5호,761900,,,,,,
소방설비,소방시설공사업(전문),5232,주식회사 도원방재,김길주,세종,2022-02-00061,761700,,,,,,
소방설비,소방시설공사업(전문),5233,대호전기(주),박기웅,인천,제2005-5호,761200,,,,,,
소방설비,소방시설공사업(전문),5234,주식회사 대은이엔씨,정은주,경기(북),2025-02-00349,761100,,,,,,
소방설비,소방시설공사업(전문),5235,보성전기산업(주),강명구,서울,제강북1986-1호,760500,,,,,,
소방설비,소방시설공사업(전문),5236,주식회사 미금전력,한경숙,전남광주(전남),제2010-차-1호,760400,,,,,,
소방설비,소방시설공사업(전문),5237,원광전력 주식회사,전연수,전남광주(전남),제2014-아-2호,760100,,,,,,
소방설비,소방시설공사업(전문),5238,(주)서영,장동우,전남광주(전남),제2013-차-3호,760000,,,,,,
소방설비,소방시설공사업(전문),5239,태화전기 주식회사,이윤정,서울,2021-02-00495,759800,,,,,,
소방설비,소방시설공사업(전문),5240,주식회사 원이엔텍,김원영,전남광주(광주),2017-02-00513,759800,,,,,,
소방설비,소방시설공사업(전문),5241,(주)유림방재,안덕현,서울,2016-02-00643,759500,,,,,,
소방설비,소방시설공사업(전문),5242,진우에이티에스(주),정진태,서울,2023-02-00159,759400,,,,,,
소방설비,소방시설공사업(전문),5243,(주)효영전기,전은별,경남,2019-02-00135,758800,,,,,,
소방설비,소방시설공사업(전문),5244,주식회사 재원기술,손남규,대구,2016-02-00469,758500,,,,,,
소방설비,소방시설공사업(전문),5245,주식회사 백풍,장재혁,경기(남),2021-02-00337,758400,,,,,,
소방설비,소방시설공사업(전문),5246,주식회사 덕성전력,최안아,경북,2019-02-00142,757400,,,,,,
소방설비,소방시설공사업(전문),5247,주식회사 다인이엔씨,이미옥,대구,2021-02-00377,756100,,,,,,
소방설비,소방시설공사업(전문),5248,(주)미추홀소방,이상,인천,2019-02-00155,756000,,,,,,
소방설비,소방시설공사업(전문),5249,(주)한국종합기술,김한영,경기(남),2022-02-00268,755300,,,,,,
소방설비,소방시설공사업(전문),5250,에스원건설 주식회사,김동필,강원,2018-02-00081,754200,,,,,,
소방설비,소방시설공사업(전문),5251,(주)글로벌방재,서종태,경기(남),2022-02-00003,754000,,,,,,
소방설비,소방시설공사업(전문),5252,(주)창영소방,최혜진,강원,2024-02-00134,753900,,,,,,
소방설비,소방시설공사업(전문),5253,주식회사 대봉건설,박희곤,충남,2023-02-00369,753700,,,,,,
소방설비,소방시설공사업(전문),5254,(주)신호에너텍,전현국,경기(북),2015-02-00427,753700,,,,,,
소방설비,소방시설공사업(전문),5255,주식회사 상은,강영미,경기(북),2021-02-00518,753100,,,,,,
소방설비,소방시설공사업(전문),5256,주식회사 대승소방전력,이승호,대전,2022-02-00446,752400,,,,,,
소방설비,소방시설공사업(전문),5257,(주)우리소방,김민기,대구,제2005-24호,752300,,,,,,
소방설비,소방시설공사업(전문),5258,주식회사 한울방재,이용우,울산,2024-02-00026,752200,,,,,,
소방설비,소방시설공사업(전문),5259,현대기술산업 주식회사,이지철,서울,2019-02-00464,752100,,,,,,
소방설비,소방시설공사업(전문),5260,태영이엔씨 주식회사,성영기,경기(남),2018-02-00496,752000,,,,,,
소방설비,소방시설공사업(전문),5261,(주)그린엔지니어링,김영태,전북,제2009-1호,751800,,,,,,
소방설비,소방시설공사업(일반·전기),14,(주)강남전기공사,나중안,서울,제서초2007-24호,751500,,,,,,
소방설비,소방시설공사업(전문),5262,거성전력,김용판,경남,제2007-04호,751500,,,,,,
소방설비,소방시설공사업(전문),5263,주식회사 목성,정영권,전남광주(전남),2024-02-00244,751100,,,,,,
소방설비,소방시설공사업(전문),5264,주식회사 서진산전,정병진,전남광주(광주),2021-02-00151,750900,,,,,,
소방설비,소방시설공사업(전문),5265,(주)한미전력,기기주,전남광주(광주),2019-02-00488,750400,,,,,,
소방설비,소방시설공사업(일반·기계),7,유현이앤지 주식회사,여순자,경기(남),2018-02-00493,750200,,,,,,
소방설비,소방시설공사업(전문),5266,(주)한성이엔지,서광희,대구,2022-02-00432,750100,,,,,,
소방설비,소방시설공사업(전문),5267,(주)그리마건설,김부휘,경기(남),경기평택 제2007-2호,749900,,,,,,
소방설비,소방시설공사업(전문),5268,(주)수원전기,이남희,부산,제2014-10호,749600,,,,,,
소방설비,소방시설공사업(전문),5269,주식회사 하진,김보경,부산,제2010-6호,749400,,,,,,
소방설비,소방시설공사업(전문),5270,(주)천지이앤씨,박진섭,경기(남),2023-02-00365,748500,,,,,,
소방설비,소방시설공사업(전문),5271,(주)도민소방설비,이한욱,강원,제277호,748200,,,,,,
소방설비,소방시설공사업(전문),5272,주식회사 덕양이엔씨,이상길,충남,2015-02-00293,748100,,,,,,
소방설비,소방시설공사업(전문),5273,영원엔지니어링 주식회사,홍화자,강원,2026-02-00038,747600,,,,,,
소방설비,소방시설공사업(전문),5274,(주)부성전기,신홍현,전남광주(전남),2025-02-00041,746900,,,,,,
소방설비,소방시설공사업(전문),5275,(주)하이테크엔지니어링,장영,전남광주(전남),제2011-나-6호,746600,,,,,,
소방설비,소방시설공사업(전문),5276,(주)전기안전,이영홍,전남광주(전남),2016-02-00030,746600,,,,,,
소방설비,소방시설공사업(전문),5277,태풍소방,김태경,인천,2023-02-00082,746600,,,,,,
소방설비,소방시설공사업(전문),5278,주식회사 고산,고영민,제주,제2006-75호,746500,,,,,,
소방설비,소방시설공사업(전문),5279,(주)탑엔지니어링,이재국,경남,경남창원 제2009-8호,746200,,,,,,
소방설비,소방시설공사업(전문),5280,주식회사 퍼스트에너지,노정숙,전북,2021-02-00240,746000,,,,,,
소방설비,소방시설공사업(전문),5281,(유)신광종합방재,강남규,전북,제2004-5호,745900,,,,,,
소방설비,소방시설공사업(전문),5282,(주)해원이앤지,김현배,충남,2019-02-00520,745800,,,,,,
소방설비,소방시설공사업(전문),5283,동명전기 주식회사,임선기,경기(남),2021-02-00614,745400,,,,,,
소방설비,소방시설공사업(전문),5284,주식회사 해도전력,최영훈,대구,제2009-26호,745300,,,,,,
소방설비,소방시설공사업(전문),5285,주식회사 한광,이경이,전북,2024-02-00269,744900,,,,,,
소방설비,소방시설공사업(전문),5286,(주)동원엔텍,이상희,경남,2024-02-00365,744800,,,,,,
소방설비,소방시설공사업(전문),5287,현대엠테크 주식회사,박영주,충북,2020-02-00515,744500,,,,,,
소방설비,소방시설공사업(전문),5288,주식회사 더나은건설,노형석,전남광주(광주),2015-02-00101,744100,,,,,,
소방설비,소방시설공사업(전문),5289,주식회사 고센,최정열,강원,2016-02-00301,743500,,,,,,
소방설비,소방시설공사업(전문),5290,(주)나은엔지니어링,김철호,인천,2022-02-00210,743400,,,,,,
소방설비,소방시설공사업(일반·기계),8,하나엔지니어링 주식회사,김태영,대구,제2014-2호,743300,,,,,,
소방설비,소방시설공사업(전문),5291,만리산업(주),이태신,강원,제삼척67호,743000,,,,,,
소방설비,소방시설공사업(전문),5292,주식회사 금정소방이엔지,김주하,경북,2025-02-00242,742800,,,,,,
소방설비,소방시설공사업(전문),5293,주식회사 아리바이오홀딩스,정재준,충남,2025-02-00239,742700,,,,,,
소방설비,소방시설공사업(전문),5293,대성전기공업(주),김영완,인천,제1997-28호,742700,,,,,,
소방설비,소방시설공사업(일반·전기),15,(주)에프에이이,김종효,전남광주(전남),제광양 2005-38호,742700,,,,,,
소방설비,소방시설공사업(전문),5295,(주)태종전력,정현주,제주,제제주-2010-04호,742600,,,,,,
소방설비,소방시설공사업(전문),5296,주식회사 태성전설,김수명,전북,2019-02-00158,742200,,,,,,
소방설비,소방시설공사업(전문),5297,주식회사 대정컴퍼니,이대수,경기(남),2016-02-00432,742100,,,,,,
소방설비,소방시설공사업(전문),5298,(주)대아엔지니어링,권택연,경북,2023-02-00275,741800,,,,,,
소방설비,소방시설공사업(전문),5299,(주)극동전력,박인지,전남광주(전남),제2012-가-4호,741600,,,,,,
소방설비,소방시설공사업(전문),5300,(주)보람방재,박병휘,대전,2019-02-00398,741200,,,,,,
소방설비,소방시설공사업(전문),5301,(주)도원이에프씨,장갑찬,경남,사천제2015-01호,740700,,,,,,
소방설비,소방시설공사업(전문),5302,주식회사 대한전기기술단,김정훈,강원,2019-02-00047,740600,,,,,,
소방설비,소방시설공사업(전문),5303,주식회사 경보소방엔지니어링,고양섭,인천,2024-02-00086,740200,,,,,,
소방설비,소방시설공사업(전문),5304,장일기업 주식회사,이범혁,경기(남),2017-02-00496,739900,,,,,,
소방설비,소방시설공사업(전문),5305,주식회사 한려이엔지,박문수,전남광주(전남),제91-9호,739700,,,,,,
소방설비,소방시설공사업(전문),5306,주식회사 정호이엔씨,김대정,부산,2024-02-00099,739500,,,,,,
소방설비,소방시설공사업(전문),5307,주식회사 혜성전력,조광영,경기(남),2024-02-00037,739100,,,,,,
소방설비,소방시설공사업(전문),5308,유성전설 주식회사,길영옥,강원,2016-02-00118,738700,,,,,,
소방설비,소방시설공사업(전문),5309,(주)이피이,최종현,경기(남),2015-02-00262,738500,,,,,,
소방설비,소방시설공사업(전문),5310,태산건설(주),박근수,경기(남),2025-02-00203,737800,,,,,,
소방설비,소방시설공사업(전문),5311,주식회사 벽진엔지니어링,송유나,부산,2021-02-00032,736300,,,,,,
소방설비,소방시설공사업(전문),5312,(주) 이수,유영찬,경기(남),경기수원제2014-4호,736200,,,,,,
소방설비,소방시설공사업(전문),5313,이티에프 주식회사,조정근,경기(남),2023-02-00281,736200,,,,,,
소방설비,소방시설공사업(전문),5314,미래아이디에스 주식회사,송지영,경기(남),경기여주제2014-3호,736100,,,,,,
소방설비,소방시설공사업(전문),5315,영광기업(주),장순경,충북,청주서부소방서 제2012-7호,736100,,,,,,
소방설비,소방시설공사업(전문),5316,나이스산업개발(주),박원교,경북,2016-02-00327,735800,,,,,,
소방설비,소방시설공사업(전문),5317,남양전기통신(주),정찬영,경기(북),제의정부 2001-7호,735600,,,,,,
소방설비,소방시설공사업(전문),5318,(주)스마트소방안전,황경석,인천,2024-02-00400,734900,,,,,,
소방설비,소방시설공사업(전문),5319,경민소방안전공사,이진수,경남,2025-02-00034,734800,,,,,,
소방설비,소방시설공사업(전문),5320,세진전력 주식회사,박종민,충북,2018-02-00526,734300,,,,,,
소방설비,소방시설공사업(일반·기계),9,조은주비트산업(주),김현우,서울,2020-02-00166,734100,,,,,,
소방설비,소방시설공사업(전문),5321,(주)더블유티씨,김상미,인천,2020-02-00229,733900,,,,,,
소방설비,소방시설공사업(전문),5322,(주)우진,이성녀,강원,제214호,733700,,,,,,
소방설비,소방시설공사업(전문),5323,(주)동일전력,경은재,인천,2024-02-00212,733700,,,,,,
소방설비,소방시설공사업(전문),5324,호원건설(주),이윤범,전북,전북군산 제2001-08호,732900,,,,,,
소방설비,소방시설공사업(전문),5325,세이프방재(주),박도호,충북,청주동부 제2012-09호,732600,,,,,,
소방설비,소방시설공사업(전문),5326,(주)성산이엔지,김규일,경남,제경남창원 2006-05호,732300,,,,,,
소방설비,소방시설공사업(전문),5327,(주)송암전설,권현정,대구,2019-02-00143,732100,,,,,,
소방설비,소방시설공사업(전문),5328,(합)경성전력공사,장원용,대전,제2010-3호,732100,,,,,,
소방설비,소방시설공사업(전문),5329,(주)테크윈시스템,김래진,경기(남),2019-02-00011,731400,,,,,,
소방설비,소방시설공사업(전문),5330,(주)제일전기소방,김진완,경북,2023-02-00279,731200,,,,,,
소방설비,소방시설공사업(전문),5331,주식회사 만보중공업,남양준,전남광주(전남),제2015-마-3호,731100,,,,,,
소방설비,소방시설공사업(전문),5332,세기소방(주),박정규,서울,2018-02-00335,731100,,,,,,
소방설비,소방시설공사업(전문),5333,(주)한주소방,문성환,부산,2016-02-00686,730600,,,,,,
소방설비,소방시설공사업(전문),5334,주식회사 지성전설,서혜란,경북,2024-02-00170,730300,,,,,,
소방설비,소방시설공사업(전문),5335,성진전력(주),이은진,충북,제2006-4호,730200,,,,,,
소방설비,소방시설공사업(전문),5336,태진소방공사,주오영,경기(남),경기부천 제2007-05호,730200,,,,,,
소방설비,소방시설공사업(전문),5337,(주)삼일기공,박상숙,강원,2023-02-00306,729000,,,,,,
소방설비,소방시설공사업(전문),5338,주식회사 피스코,박경숙,세종,2023-02-00153,729000,,,,,,
소방설비,소방시설공사업(전문),5339,대진전력(주),최미숙,경남,2016-02-00415,728400,,,,,,
소방설비,소방시설공사업(전문),5340,주식회사 명성이엔티,이정혜,경남,2026-02-00051,728400,,,,,,
소방설비,소방시설공사업(전문),5341,(주)유안이엔씨,유경렬,경기(남),2022-02-00188,728300,,,,,,
소방설비,소방시설공사업(전문),5342,신라파이어(주),이정규,인천,인천남동공단 제1998-1호,728300,,,,,,
소방설비,소방시설공사업(전문),5343,주식회사 영우이엔지,우영식,충남,2026-02-00075,728200,,,,,,
소방설비,소방시설공사업(전문),5343,주식회사 가온소방,최종욱,충남,2026-02-00095,728200,,,,,,
소방설비,소방시설공사업(전문),5343,주식회사 모두소방,송지량,경기(남),2026-02-00145,728200,,,,,,
소방설비,소방시설공사업(전문),5346,엘에스일렉트릭(주),구자균,경기(남),경기안양 제2009-15호,728100,,,,,,
소방설비,소방시설공사업(전문),5346,주식회사 라인산업,한동윤,전남광주(광주),2022-02-00320,728100,,,,,,
소방설비,소방시설공사업(전문),5346,주식회사 남전,이은솔,전남광주(전남),2019-02-00242,728100,,,,,,
소방설비,소방시설공사업(전문),5346,유한기술(주),장승혁,전남광주(전남),제2011-나-11호,728100,,,,,,
소방설비,소방시설공사업(전문),5346,(주)성민산업,원현혜,경남,2025-02-00118,728100,,,,,,
소방설비,소방시설공사업(전문),5351,(주)세원이엔피디,이왕종,서울,제동작2010-4호,728100,,,,,,
소방설비,소방시설공사업(전문),5352,(주)글로리이앤씨,이남연,경기(남),경기성남제2015-07호,727400,,,,,,
소방설비,소방시설공사업(전문),5353,(주)세양전기,전재득,경기(북),경기가평 제2008-1호,727300,,,,,,
소방설비,소방시설공사업(전문),5354,(주)에너지소방,차창열,대구,제96-6호,727200,,,,,,
소방설비,소방시설공사업(전문),5355,(주)한빛네트웍스,황생동,전남광주(광주),제2015-다-1호,727100,,,,,,
소방설비,소방시설공사업(전문),5356,제이에스이엔지(주),오석환,부산,2019-02-00380,726800,,,,,,
소방설비,소방시설공사업(전문),5357,미래이앤시 주식회사,이천구,경기(남),경기용인공사제2014-5호,726700,,,,,,
소방설비,소방시설공사업(전문),5358,(주)삼보실업,나인준,전남광주(전남),제2012-카-14호,726600,,,,,,
소방설비,소방시설공사업(전문),5359,에이스방재 주식회사,윤석찬,세종,2021-02-00547,726500,,,,,,
소방설비,소방시설공사업(전문),5360,한영전기(주),한영근,경남,2024-02-00059,726500,,,,,,
소방설비,소방시설공사업(전문),5361,본이엔지 주식회사,윤동익,대전,2025-02-00116,726400,,,,,,
소방설비,소방시설공사업(전문),5362,(주)삼성감리엔지니어링,한정희,서울,제서초 2004-42호,726400,,,,,,
소방설비,소방시설공사업(전문),5363,주식회사 티앤티온,신광섭,서울,2018-02-00145,726100,,,,,,
소방설비,소방시설공사업(전문),5364,(주)나래기전,박민종,서울,2017-02-00257,726000,,,,,,
소방설비,소방시설공사업(전문),5365,에이스이앤씨 주식회사,도연우,서울,2023-02-00109,725300,,,,,,
소방설비,소방시설공사업(전문),5366,(주)예원정보통신,김영두,충북,음성제2012-02호,724400,,,,,,
소방설비,소방시설공사업(전문),5367,주식회사 동일소방이엔지,김위자,서울,2018-02-00483,723800,,,,,,
소방설비,소방시설공사업(전문),5368,주식회사 태현소방,하태부,전북,2024-02-00386,723700,,,,,,
소방설비,소방시설공사업(전문),5368,(주)베스트 신우방재,이일규,부산,2025-02-00112,723700,,,,,,
소방설비,소방시설공사업(전문),5370,(주)어울림소방,김경우,경기(북),경기일산제2014-02호,723600,,,,,,
소방설비,소방시설공사업(전문),5371,주식회사 이호이앤씨,황종규,부산,2016-02-00059,723200,,,,,,
소방설비,소방시설공사업(전문),5372,주식회사 동신,강이열,전남광주(전남),2021-02-00334,723100,,,,,,
소방설비,소방시설공사업(전문),5373,주식회사 하나안전소방,이해정,전남광주(광주),2017-02-00029,722400,,,,,,
소방설비,소방시설공사업(전문),5374,주식회사 제이엠시스템즈,이종명,경기(북),2018-02-00286,721700,,,,,,
소방설비,소방시설공사업(전문),5375,(주)우리기업,한은성,제주,제제주-2013-2호,721000,,,,,,
소방설비,소방시설공사업(전문),5376,태영건설산업(주),이희진,경기(북),경기남양주 제2012-7호,721000,,,,,,
소방설비,소방시설공사업(전문),5377,(주)한국전설,조재철,경기(남),경기수원 제2009-11호,719600,,,,,,
소방설비,소방시설공사업(전문),5378,주식회사 노수테크,박배성,대구,2025-02-00017,719600,,,,,,
소방설비,소방시설공사업(전문),5379,두레건설(주),김진수,전남광주(전남),2023-02-00313,719200,,,,,,
소방설비,소방시설공사업(전문),5380,(주)세종방재,김은경,부산,제2000-2호,718500,,,,,,
소방설비,소방시설공사업(전문),5381,주식회사 교부전력,홍광영,전북,2021-02-00239,717800,,,,,,
소방설비,소방시설공사업(전문),5382,대륙건설산업 주식회사,김병호,충남,2023-02-00319,717600,,,,,,
소방설비,소방시설공사업(전문),5383,봉신이앤씨(주),봉종필,경기(북),경기고양제2014-05호,717600,,,,,,
소방설비,소방시설공사업(전문),5384,(주)진성이앤지,김재환,부산,2020-02-00399,717400,,,,,,
소방설비,소방시설공사업(전문),5385,(주)명성이엔씨,윤영주,전남광주(전남),제2012-가-02호,717400,,,,,,
소방설비,소방시설공사업(전문),5386,대명전력(주),박진선,경남,2024-02-00022,717000,,,,,,
소방설비,소방시설공사업(전문),5387,소방더위 주식회사,이영화,경남,2018-02-00448,716600,,,,,,
소방설비,소방시설공사업(전문),5388,성영소방설비 주식회사,김찬기,경기(남),2022-02-00038,716000,,,,,,
소방설비,소방시설공사업(전문),5389,아세아전기 주식회사,문성필,경남,2023-02-00355,716000,,,,,,
소방설비,소방시설공사업(전문),5390,한미소방,권오성,경기(남),2022-02-00009,715600,,,,,,
소방설비,소방시설공사업(전문),5391,주식회사 에이스방재,이원석,전북,2020-02-00291,714500,,,,,,
소방설비,소방시설공사업(전문),5392,주식회사 대륙이엔지,권오섭,경기(남),2025-02-00198,714300,,,,,,
소방설비,소방시설공사업(전문),5393,하나로씨앤에스 주식회사,박재덕,서울,2017-02-00010,713700,,,,,,
소방설비,소방시설공사업(전문),5394,주식회사 반석전력,최은정,경남,2017-02-00371,713400,,,,,,
소방설비,소방시설공사업(전문),5395,주식회사 한솔소방,이상기,경남,2024-02-00230,713300,,,,,,
소방설비,소방시설공사업(전문),5396,주식회사 한창소방안전관리,노윤희,서울,2021-02-00423,713100,,,,,,
소방설비,소방시설공사업(전문),5397,디에스종합건설 주식회사,임홍남,전남광주(광주),2020-02-00317,712900,,,,,,
소방설비,소방시설공사업(전문),5398,우리기업 주식회사,최성원,경기(남),경기하남 제2003-4호,712800,,,,,,
소방설비,소방시설공사업(전문),5399,(주)진인프라,김성용,서울,2019-02-00104,712600,,,,,,
소방설비,소방시설공사업(전문),5400,(주)세아방재,이중엽,부산,2016-02-00264,712400,,,,,,
소방설비,소방시설공사업(전문),5401,영일전설주식회사,이창봉,경기(남),2017-02-00225,712000,,,,,,
소방설비,소방시설공사업(전문),5402,명승파워넷 주식회사,공건식,서울,2020-02-00266,711900,,,,,,
소방설비,소방시설공사업(전문),5403,(주)우송방재,장상욱,대전,제2015-4호,711200,,,,,,
소방설비,소방시설공사업(전문),5404,주식회사 태경소방,조태철,대구,2017-02-00218,711100,,,,,,
소방설비,소방시설공사업(전문),5405,주식회사 하나소방이엔지,박혜원,충남,2025-02-00206,710500,,,,,,
소방설비,소방시설공사업(전문),5406,주식회사 한창종합건설,김명환,경기(북),2021-02-00111,710200,,,,,,
소방설비,소방시설공사업(전문),5407,주식회사 드림방재,김완제,대전,2021-02-00166,709400,,,,,,
소방설비,소방시설공사업(전문),5408,현대전력 주식회사,김현,충남,2018-02-00180,709100,,,,,,
소방설비,소방시설공사업(전문),5409,대성건설,문서연,경기(남),2024-02-00246,708800,,,,,,
소방설비,소방시설공사업(전문),5410,(주)도원이엔씨,곽우희,전남광주(전남),2020-02-00370,708400,,,,,,
소방설비,소방시설공사업(전문),5411,주식회사 대진이엔지,김현주,경기(남),2016-02-00291,708300,,,,,,
소방설비,소방시설공사업(전문),5412,(주)경인토건,이명호,서울,2018-02-00473,708200,,,,,,
소방설비,소방시설공사업(전문),5413,덕성이엔씨 주식회사,김준석,서울,2020-02-00080,708100,,,,,,
소방설비,소방시설공사업(전문),5414,영진건설 주식회사,최무영,전남광주(광주),2024-02-00331,707900,,,,,,
소방설비,소방시설공사업(전문),5415,주식회사 호연,김효섭,경남,2019-02-00466,707700,,,,,,
소방설비,소방시설공사업(전문),5416,주식회사 태양전업,김학진,대전,제2012-8호,707700,,,,,,
소방설비,소방시설공사업(전문),5417,주식회사 해치테크,이재유,경기(남),2020-02-00588,707600,,,,,,
소방설비,소방시설공사업(전문),5418,(주)자유이엔지,김정좌,경남,2017-02-00304,707400,,,,,,
소방설비,소방시설공사업(전문),5419,라인산업설비 주식회사,박진기,경남,2021-02-00056,707400,,,,,,
소방설비,소방시설공사업(전문),5420,(주)보광엔지니어링,문봉길,인천,인천서부제2013-02호,707200,,,,,,
소방설비,소방시설공사업(전문),5421,(주)제철공무,안우정,전남광주(전남),제2004-15호,706800,,,,,,
소방설비,소방시설공사업(전문),5422,예원전기통신(주),김선희,충남,2018-02-00088,706400,,,,,,
소방설비,소방시설공사업(전문),5423,준영개발(주),길성규,전남광주(전남),2017-02-00393,706200,,,,,,
소방설비,소방시설공사업(전문),5424,주식회사 대성전력건설,황규훈,인천,2022-02-00011,706000,,,,,,
소방설비,소방시설공사업(전문),5425,주식회사 도현이앤씨,양혜정,전북,2025-02-00135,706000,,,,,,
소방설비,소방시설공사업(전문),5426,(주)회광전기,강민경,부산,2021-02-00153,705900,,,,,,
소방설비,소방시설공사업(전문),5427,주식회사 디엠소방,김규리,경기(북),2025-02-00081,705800,,,,,,
소방설비,소방시설공사업(전문),5428,(주)유성설비,홍길제,대구,제2012-2호,705100,,,,,,
소방설비,소방시설공사업(전문),5429,중전전기(주),황수관,대전,제2000-21호,705100,,,,,,
소방설비,소방시설공사업(전문),5430,주식회사 유니온솔루션,이창용,경기(남),2020-02-00174,704800,,,,,,
소방설비,소방시설공사업(전문),5431,유한회사 테마아이디시,이춘성,전북,2019-02-00211,704600,,,,,,
소방설비,소방시설공사업(전문),5432,주식회사 안강,박성배,서울,2022-02-00391,703900,,,,,,
소방설비,소방시설공사업(전문),5433,주식회사 컴피아이엔씨,김옥기,경기(남),2023-02-00310,703500,,,,,,
소방설비,소방시설공사업(전문),5434,본이엔지 주식회사,정용채,전남광주(전남),2019-02-00237,703500,,,,,,
소방설비,소방시설공사업(전문),5435,주식회사 모빌텍,오진숙,서울,2023-02-00028,703400,,,,,,
소방설비,소방시설공사업(전문),5436,(주)신양종합전기,임선국,부산,제2002-07호,703400,,,,,,
소방설비,소방시설공사업(전문),5437,보명이엔씨 주식회사,허정범,경기(남),2025-02-00107,703100,,,,,,
소방설비,소방시설공사업(전문),5438,와이즈테크 주식회사,염성호,서울,2022-02-00455,703000,,,,,,
소방설비,소방시설공사업(전문),5439,바른이엔지,김대현,경북,2021-02-00058,702500,,,,,,
소방설비,소방시설공사업(전문),5440,주식회사 대진소방,정봉매,충북,2018-02-00411,702000,,,,,,
소방설비,소방시설공사업(전문),5441,(주)엘비케이,변상훈,서울,제강서2012-2호,701700,,,,,,
소방설비,소방시설공사업(전문),5442,주식회사 뉴해피에너지,박소이,전남광주(전남),2015-02-00237,701400,,,,,,
소방설비,소방시설공사업(전문),5443,(주)인호테크,최수아,경기(남),2015-02-00399,701000,,,,,,
소방설비,소방시설공사업(전문),5444,성우소방이엔지 주식회사,심창조,부산,2022-02-00261,701000,,,,,,
소방설비,소방시설공사업(전문),5445,주식회사 청송,한애영,경기(남),2021-02-00429,700900,,,,,,
소방설비,소방시설공사업(전문),5446,에이스디엔시 주식회사,원지환,서울,2022-02-00319,700900,,,,,,
소방설비,소방시설공사업(전문),5447,주식회사 아이엘,송성근,충남,2022-02-00133,700700,,,,,,
소방설비,소방시설공사업(전문),5448,주식회사 명성전기,신광현,경기(남),2021-02-00010,700500,,,,,,
소방설비,소방시설공사업(전문),5449,유한회사 한빛소방,손현석,전남광주(전남),2023-02-00193,700300,,,,,,
소방설비,소방시설공사업(전문),5450,에이치씨디 주식회사,허채도,부산,2017-02-00299,699800,,,,,,
소방설비,소방시설공사업(전문),5451,주식회사 시아,이성주,인천,2017-02-00597,699400,,,,,,
소방설비,소방시설공사업(전문),5452,(주)신광전력,구성서,충북,2017-02-00093,698800,,,,,,
소방설비,소방시설공사업(전문),5453,상명전기(주),정찬조,서울,제동대문 2004-9호,698800,,,,,,
소방설비,소방시설공사업(전문),5454,용성이엔지 주식회사,김형준,대전,2020-02-00655,698700,,,,,,
소방설비,소방시설공사업(전문),5455,(주)미래소방,이상균,세종,2019-02-00070,698500,,,,,,
소방설비,소방시설공사업(전문),5456,주식회사 우주소방,조성원,경북,2021-02-00352,698500,,,,,,
소방설비,소방시설공사업(전문),5457,안전소방,김경민,경남,2023-02-00103,697600,,,,,,
소방설비,소방시설공사업(전문),5458,중앙소방,박세용,대전,2017-02-00145,697600,,,,,,
소방설비,소방시설공사업(전문),5459,중앙소방,홍석표,강원,2026-02-00165,696600,,,,,,
소방설비,소방시설공사업(전문),5460,다움에프엠씨 주식회사,홍재준,대구,2024-02-00229,696600,,,,,,
소방설비,소방시설공사업(전문),5461,주식회사 동인이엔지,박동배,경기(남),2025-02-00195,696600,,,,,,
소방설비,소방시설공사업(전문),5462,한국티엔이 주식회사,손한국,대구,2024-02-00153,696400,,,,,,
소방설비,소방시설공사업(전문),5463,(주)마루소방,강태욱,경남,2021-02-00335,696300,,,,,,
소방설비,소방시설공사업(전문),5464,케이텍이엔씨 주식회사,박선봉,서울,2025-02-00279,696300,,,,,,
소방설비,소방시설공사업(전문),5465,주식회사 프로소방,김민경,충북,2025-02-00267,696100,,,,,,
소방설비,소방시설공사업(전문),5466,주식회사 한일공무,이영섭,경기(남),2021-02-00255,696000,,,,,,
소방설비,소방시설공사업(전문),5467,(주)한성전기,신한운,부산,제2005-17호,695700,,,,,,
소방설비,소방시설공사업(일반·전기),16,(주)일민전력,김순기,서울,제광진2011-1호,695500,,,,,,
소방설비,소방시설공사업(전문),5468,주식회사 부강건설,양정훈,전북,2026-02-00105,695500,,,,,,
소방설비,소방시설공사업(전문),5469,(주)대동전기,전상선,전남광주(전남),제2002-7호,695100,,,,,,
소방설비,소방시설공사업(전문),5470,더좋은이엔지 주식회사,김종덕,서울,2021-02-00386,695000,,,,,,
소방설비,소방시설공사업(전문),5471,주식회사 한양전기,허병철,강원,2022-02-00122,694800,,,,,,
소방설비,소방시설공사업(전문),5472,(주)씨엔아이엔지니어링,박광태,서울,2020-02-00621,694500,,,,,,
소방설비,소방시설공사업(전문),5473,신호건설(주),홍민호,경기(남),2015-02-00443,694400,,,,,,
소방설비,소방시설공사업(전문),5474,금아이엔지(주),이현열,경남,2023-02-00332,693500,,,,,,
소방설비,소방시설공사업(전문),5475,중일건설 주식회사,최윤철,경기(남),2021-02-00629,693300,,,,,,
소방설비,소방시설공사업(전문),5476,한국하니웰(주),박장원,서울,제마포1994-5호,692900,,,,,,
소방설비,소방시설공사업(전문),5477,우리전력(주),최종필,경기(남),경기하남 제2004-4호,692500,,,,,,
소방설비,소방시설공사업(전문),5478,(주)창조전기소방,천종필,경북,제2014-9호,692500,,,,,,
소방설비,소방시설공사업(전문),5479,동국방재 주식회사,이범석,서울,2018-02-00484,692400,,,,,,
소방설비,소방시설공사업(전문),5480,삼아건설(주),배청,대구,제2002-20호,692400,,,,,,
소방설비,소방시설공사업(전문),5481,(주)제일전력,함미경,강원,2020-02-00124,692000,,,,,,
소방설비,소방시설공사업(전문),5482,주식회사 승헌,김남군,강원,2021-02-00633,691900,,,,,,
소방설비,소방시설공사업(전문),5483,주식회사 선우기전,임선규,경기(남),2019-02-00064,691700,,,,,,
소방설비,소방시설공사업(전문),5484,신아이엔씨 주식회사,전종운,제주,2020-02-00574,691700,,,,,,
소방설비,소방시설공사업(전문),5485,(주)스마트 이엔지,전상희,부산,2021-02-00232,691300,,,,,,
소방설비,소방시설공사업(전문),5486,(주)삼성이엔지,이정숙,충남,2017-02-00292,691000,,,,,,
소방설비,소방시설공사업(전문),5487,주식회사 연합전기,김영대,대구,2022-02-00166,691000,,,,,,
소방설비,소방시설공사업(전문),5488,주식회사 엘에스텍,김성우,충남,2017-02-00437,690600,,,,,,
소방설비,소방시설공사업(전문),5489,주식회사 메가전력,전수경,전남광주(광주),2022-02-00272,690600,,,,,,
소방설비,소방시설공사업(전문),5490,경남이앤씨,정보련,경남,창원제2014-06호,690200,,,,,,
소방설비,소방시설공사업(전문),5491,주식회사 일상종합건설,차준영,경남,2024-02-00216,690100,,,,,,
소방설비,소방시설공사업(전문),5492,(주)두두,김경민,경기(남),2021-02-00360,689500,,,,,,
소방설비,소방시설공사업(전문),5493,주식회사 하진이엔지,김경수,경기(남),2025-02-00243,689000,,,,,,
소방설비,소방시설공사업(전문),5494,영풍설비시스템(주),김용구,서울,2016-02-00155,688300,,,,,,
소방설비,소방시설공사업(전문),5495,주식회사 해든전력,황정현,경남,2025-02-00170,687600,,,,,,
소방설비,소방시설공사업(전문),5496,(주)동양기전,이윤석,강원,제186호,687200,,,,,,
소방설비,소방시설공사업(전문),5497,주식회사 원전,도충현,경북,제포항북부2015-3호,686800,,,,,,
소방설비,소방시설공사업(전문),5498,태평양이앤씨(주),이원석,경기(남),경기용인 제2000-9호,686500,,,,,,
소방설비,소방시설공사업(전문),5499,주식회사 오성건설,김남수,강원,2020-02-00504,686500,,,,,,
소방설비,소방시설공사업(전문),5500,주식회사 경도소방기술,유병권,인천,2026-02-00197,686000,,,,,,
소방설비,소방시설공사업(전문),5501,진사전력기술단,김지영,경남,2019-02-00157,685400,,,,,,
소방설비,소방시설공사업(전문),5502,(주)이정이앤씨,박해복,부산,2023-02-00143,685000,,,,,,
소방설비,소방시설공사업(전문),5503,제이소방(주),박문구,경기(남),2015-02-00204,684700,,,,,,
소방설비,소방시설공사업(전문),5504,삼아이앤지 주식회사,이재근,경기(북),2017-02-00616,684500,,,,,,
소방설비,소방시설공사업(전문),5505,(주)금강이엔지,강유구,전남광주(광주),2016-02-00401,684300,,,,,,
소방설비,소방시설공사업(전문),5506,주식회사 삼성이엔씨,이영재,충남,제2007-2호,684000,,,,,,
소방설비,소방시설공사업(전문),5507,정우에너텍 유한책임회사,박상열,인천,2020-02-00172,684000,,,,,,
소방설비,소방시설공사업(전문),5507,(주)현진기계건설,남창현,강원,제227호,684000,,,,,,
소방설비,소방시설공사업(전문),5509,중부소방 주식회사,최은정,강원,2024-02-00255,684000,,,,,,
소방설비,소방시설공사업(전문),5510,세경전설 주식회사,문영숙,경남,2016-02-00663,683600,,,,,,
소방설비,소방시설공사업(전문),5511,(주)안국엔지니어링,안병국,서울,2015-02-00044,683600,,,,,,
소방설비,소방시설공사업(전문),5512,(주)창성전기소방,이용식,서울,2024-02-00039,682500,,,,,,
소방설비,소방시설공사업(전문),5513,(주)동남이엔씨,최창덕,경남,창원제2015-02호,682400,,,,,,
소방설비,소방시설공사업(전문),5514,칠보산업(주),김종길,경북,2015-02-00233,682300,,,,,,
소방설비,소방시설공사업(전문),5515,주식회사 만성전기공사,김자령,경남,2019-02-00044,682200,,,,,,
소방설비,소방시설공사업(전문),5516,주식회사 퍼펙트소방전기,심소연,강원,2024-02-00030,681900,,,,,,
소방설비,소방시설공사업(전문),5517,더세이프 주식회사,김성한,서울,제관악2015-03호,681900,,,,,,
소방설비,소방시설공사업(전문),5518,주식회사 국보이엔지,최영민,제주,2025-02-00219,681600,,,,,,
소방설비,소방시설공사업(전문),5519,주식회사 태민전력,김명호,경남,2024-02-00089,681500,,,,,,
소방설비,소방시설공사업(전문),5520,(주)중부전기건설,조중건,서울,2023-02-00018,680900,,,,,,
소방설비,소방시설공사업(전문),5521,유한회사 은성소방,이화순,전북,2026-02-00220,680800,,,,,,
소방설비,소방시설공사업(전문),5522,(주)메가이엔씨,최지영,경기(남),경기안양제2015-05호,680700,,,,,,
소방설비,소방시설공사업(전문),5523,(주)승우소방전력,이여진,경기(남),경기화성 제2008-54호,680500,,,,,,
소방설비,소방시설공사업(전문),5524,(주)비제이소방,이상현,충북,2019-02-00156,680200,,,,,,
소방설비,소방시설공사업(전문),5525,주식회사 세연,최맹순,전북,2026-02-00037,679900,,,,,,
소방설비,소방시설공사업(전문),5526,(주)디와이소방,이금희,경기(남),2026-02-00096,679800,,,,,,
소방설비,소방시설공사업(전문),5526,주식회사 세화,이용희,경기(남),2026-02-00182,679800,,,,,,
소방설비,소방시설공사업(전문),5528,주식회사 코레드,박형필,강원,2018-02-00016,679700,,,,,,
소방설비,소방시설공사업(전문),5529,위본건설 주식회사,양회국,전남광주(전남),2024-02-00242,679700,,,,,,
소방설비,소방시설공사업(전문),5529,다온이엔지 주식회사,김수경,전남광주(광주),2025-02-00228,679700,,,,,,
소방설비,소방시설공사업(전문),5529,(주)라인건설,권윤,전남광주(전남),제2008-바-6호,679700,,,,,,
소방설비,소방시설공사업(전문),5529,주식회사 디와이이(DYE),이광용,전남광주(전남),2024-02-00207,679700,,,,,,
소방설비,소방시설공사업(전문),5529,주식회사 미르이앤씨,강병태,충북,2024-02-00222,679700,,,,,,
소방설비,소방시설공사업(전문),5529,(주)기술사사무소고려기술단,김동조,강원,2025-02-00235,679700,,,,,,
소방설비,소방시설공사업(전문),5529,(주)비에스엔지니어링,서정원,경남,경남김해 제2013-01호,679700,,,,,,
소방설비,소방시설공사업(전문),5529,주식회사 가진이엔지,서종만,경기(남),2026-02-00208,679700,,,,,,
소방설비,소방시설공사업(전문),5529,주식회사 신화이엔에스,전민수,부산,2026-02-00014,679700,,,,,,
소방설비,소방시설공사업(전문),5529,(주)원경이엔지,백윤석,부산,2021-02-00122,679700,,,,,,
소방설비,소방시설공사업(전문),5529,(주)동방에스앤에스,정재훈,서울,제성북 1999-1호,679700,,,,,,
소방설비,소방시설공사업(전문),5529,현대무벡스 주식회사,도익한,서울,2020-02-00098,679700,,,,,,
소방설비,소방시설공사업(전문),5529,(주)포트텍,안상수,서울,제영등포2004-16호,679700,,,,,,
소방설비,소방시설공사업(전문),5529,태진정보통신(주),정태수,서울,제구로2003-4호,679700,,,,,,
소방설비,소방시설공사업(전문),5529,리뉴어스 주식회사,김정택,경기(남),2016-02-00455,679700,,,,,,
소방설비,소방시설공사업(전문),5529,주식회사 에스와이시스템,박석천,경기(북),2025-02-00158,679700,,,,,,
소방설비,소방시설공사업(일반·전기),17,(주)동남종합중전기,장성주,서울,제광진 2003-18호,679700,,,,,,
소방설비,소방시설공사업(전문),5545,(주)에이디파워,양승선,서울,2017-02-00277,679700,,,,,,
소방설비,소방시설공사업(전문),5546,주식회사 세윤컴퍼니,안세희,경기(북),2021-02-00305,679400,,,,,,
소방설비,소방시설공사업(전문),5547,이룸테크 주식회사,김지수,서울,2022-02-00390,679400,,,,,,
소방설비,소방시설공사업(전문),5548,주식회사 태일건설산업,김충일,인천,2025-02-00010,679300,,,,,,
소방설비,소방시설공사업(전문),5549,주식회사 해운,안지훈,전남광주(전남),2015-02-00136,679000,,,,,,
소방설비,소방시설공사업(전문),5550,대한전선(주),송종민,경기(남),2016-02-00326,679000,,,,,,
소방설비,소방시설공사업(전문),5550,주식회사 한결소방,이연지,경기(북),2026-02-00132,679000,,,,,,
소방설비,소방시설공사업(전문),5550,(주)삼희종합건설,김기영,부산,제2013-33호,679000,,,,,,
소방설비,소방시설공사업(전문),5550,주식회사 참존건설,이동한,서울,2016-02-00104,679000,,,,,,
소방설비,소방시설공사업(전문),5554,주식회사 춘천소방기술,최선우,강원,2025-02-00307,677700,,,,,,
소방설비,소방시설공사업(전문),5555,주식회사 뉴라이브테크,박연희,경기(남),2019-02-00376,677500,,,,,,
소방설비,소방시설공사업(전문),5556,주식회사 미동이앤지,홍경희,경남,2016-02-00096,677000,,,,,,
소방설비,소방시설공사업(전문),5557,더존클린룸 주식회사,이관우,서울,2024-02-00352,676800,,,,,,
소방설비,소방시설공사업(전문),5558,주식회사 대국,주남산,전북,2021-02-00280,676000,,,,,,
소방설비,소방시설공사업(전문),5559,주식회사 원강이엔씨,김운규,전남광주(광주),2020-02-00432,675100,,,,,,
소방설비,소방시설공사업(전문),5560,주식회사 바른소방엔지니어링,박선영,경기(북),2021-02-00617,675000,,,,,,
소방설비,소방시설공사업(전문),5561,조은소방방재 주식회사,손환,전북,2024-02-00349,674300,,,,,,
소방설비,소방시설공사업(전문),5562,(주)아이스기술,강신섭,경기(남),2022-02-00202,673400,,,,,,
소방설비,소방시설공사업(전문),5563,선일전기산업(주),김영춘,강원,제184호,673300,,,,,,
소방설비,소방시설공사업(전문),5564,거림소방 주식회사,김명옥,강원,제47호,673300,,,,,,
소방설비,소방시설공사업(전문),5565,주식회사 한국전기소방,신명수,경남,2016-02-00066,672100,,,,,,
소방설비,소방시설공사업(전문),5566,제이에스통신건설 주식회사,장현규,충남,2021-02-00197,672000,,,,,,
소방설비,소방시설공사업(전문),5567,(주)미래일렉스,김만철,제주,제제주-2012-2호,671500,,,,,,
소방설비,소방시설공사업(전문),5568,성운전력 주식회사,오병주,전북,2020-02-00539,671400,,,,,,
소방설비,소방시설공사업(전문),5569,주식회사 흥덕아이티,송승현,경기(남),2015-02-00390,671300,,,,,,
소방설비,소방시설공사업(전문),5570,주식회사 대경전기,전리라,경남,2021-02-00005,671100,,,,,,
소방설비,소방시설공사업(전문),5571,주식회사 수성전력,정도영,대구,2021-02-00490,670800,,,,,,
소방설비,소방시설공사업(전문),5572,(주)청해이엔씨,김태훈,전남광주(전남),제2011-아-5호,670700,,,,,,
소방설비,소방시설공사업(전문),5573,주식회사 동조전력,송영미,충남,2015-02-00367,670300,,,,,,
소방설비,소방시설공사업(전문),5574,주식회사 진광전력,박성진,충남,2021-02-00313,670200,,,,,,
소방설비,소방시설공사업(전문),5575,주식회사 금강씨엔에스,장정익,경기(남),2021-02-00093,670000,,,,,,
소방설비,소방시설공사업(전문),5576,우주정보통신 주식회사,강병열,부산,2025-02-00119,669600,,,,,,
소방설비,소방시설공사업(전문),5577,(주)영전사,김명호,경기(남),경기군포 제2012-1호,669400,,,,,,
소방설비,소방시설공사업(전문),5578,유한회사 새한소방이엔지,서혜영,전남광주(전남),2025-02-00091,668900,,,,,,
소방설비,소방시설공사업(일반·전기),18,(주)엠케이전력,김만능,경남,2020-02-00089,668100,,,,,,
소방설비,소방시설공사업(전문),5579,광명전기,이정희,경북,2018-02-00359,668000,,,,,,
소방설비,소방시설공사업(전문),5580,주식회사 해성이엔지,임철민,경남,2026-02-00013,667900,,,,,,
소방설비,소방시설공사업(전문),5581,대영소방 주식회사,박재식,세종,2018-02-00338,667700,,,,,,
소방설비,소방시설공사업(전문),5582,신화전력,김태웅,경기(북),2021-02-00406,667600,,,,,,
소방설비,소방시설공사업(전문),5583,(주)성진이엔지,조윤미,경기(남),2017-02-00574,667000,,,,,,
소방설비,소방시설공사업(전문),5584,유나전력 주식회사,현영자,제주,제제주2015-1호,666800,,,,,,
소방설비,소방시설공사업(전문),5585,에스에이씨티(주),박영철,경기(남),2025-02-00176,666800,,,,,,
소방설비,소방시설공사업(전문),5586,유호전기공업(주),유인창,경기(북),2023-02-00169,666400,,,,,,
소방설비,소방시설공사업(전문),5587,(주)풍을,이보령,경북,제2008-2호,666300,,,,,,
소방설비,소방시설공사업(전문),5588,주식회사 바른기업,이윤희,세종,2020-02-00425,666300,,,,,,
소방설비,소방시설공사업(전문),5589,주식회사 이오테크,송은초,전북,2024-02-00279,666200,,,,,,
소방설비,소방시설공사업(전문),5590,주식회사 해찬이엔씨,심명섭,전남광주(전남),2019-02-00305,666100,,,,,,
소방설비,소방시설공사업(전문),5591,주식회사 신화소방,이재현,경북,2023-02-00014,665400,,,,,,
소방설비,소방시설공사업(전문),5592,주식회사 태일,황영진,제주,2021-02-00414,665300,,,,,,
소방설비,소방시설공사업(전문),5593,(주)오성소방엔지니어링,오염만,경북,제포항북부2012-4호,665300,,,,,,
소방설비,소방시설공사업(전문),5594,주식회사 도원아이디,배한권,서울,2017-02-00405,664700,,,,,,
소방설비,소방시설공사업(전문),5595,(주)한길방재엔지니어링,강정봉,경기(남),2025-02-00004,664600,,,,,,
소방설비,소방시설공사업(전문),5596,주식회사 경은,이경미,전남광주(광주),2021-02-00207,664400,,,,,,
소방설비,소방시설공사업(전문),5597,주식회사 한별,권영민,경남,2016-02-00448,663200,,,,,,
소방설비,소방시설공사업(전문),5598,성보전설 주식회사,정창수,경기(남),2026-02-00223,663000,,,,,,
소방설비,소방시설공사업(전문),5599,주식회사 원기업,이재규,충남,2016-02-00579,662900,,,,,,
소방설비,소방시설공사업(전문),5600,주식회사 국제비엠에스,박병석,서울,2023-02-00101,662900,,,,,,
소방설비,소방시설공사업(전문),5601,주식회사 어반노트,민원기,경기(남),2022-02-00442,662800,,,,,,
소방설비,소방시설공사업(전문),5602,대경파워텍(주),배용찬,경북,2017-02-00548,662800,,,,,,
소방설비,소방시설공사업(전문),5603,(주)백두소방,송재현,울산,제2015-1호,662400,,,,,,
소방설비,소방시설공사업(전문),5604,하기지앤텍,노달호,경기(북),2019-02-00435,662300,,,,,,
소방설비,소방시설공사업(전문),5605,(유)신진전력,조수근,전남광주(전남),제2006-가-16호,662100,,,,,,
소방설비,소방시설공사업(전문),5606,한서이앤씨(주),한승범,경기(남),2020-02-00211,662100,,,,,,
소방설비,소방시설공사업(전문),5607,주식회사 시우산업시스템,최예나,경기(남),2025-02-00106,661500,,,,,,
소방설비,소방시설공사업(전문),5608,주식회사 현산테크,옥동민,부산,2023-02-00113,661400,,,,,,
소방설비,소방시설공사업(전문),5609,주식회사 우림이엔지,이은정,경남,2021-02-00181,661000,,,,,,
소방설비,소방시설공사업(전문),5610,블루파이어 주식회사,최인환,부산,2023-02-00045,660800,,,,,,
소방설비,소방시설공사업(전문),5611,성원전력기술(주),김상민,경기(남),2021-02-00551,660600,,,,,,
소방설비,소방시설공사업(전문),5612,(주)한솔방재,정기훈,대전,2015-02-00027,660600,,,,,,
소방설비,소방시설공사업(전문),5613,주식회사 범진아이앤씨,조영진,경기(남),2019-02-00189,660200,,,,,,
소방설비,소방시설공사업(일반·전기),19,(주)서울전설,조성대,경북,제2005-7호,659800,,,,,,
소방설비,소방시설공사업(전문),5614,현해건설(주),윤춘모,인천,2020-02-00271,659100,,,,,,
소방설비,소방시설공사업(전문),5615,대원소방,김재성,충북,2021-02-00163,659000,,,,,,
소방설비,소방시설공사업(전문),5616,(주)케이디이앤씨,채진경,경기(남),경기평택 제2006-4호,659000,,,,,,
소방설비,소방시설공사업(전문),5617,(유)신태양전력공사,임낙범,전북,2016-02-00676,658700,,,,,,
소방설비,소방시설공사업(전문),5618,(주)한진전력,김재민,경남,경남 밀양 제2007-01호,658400,,,,,,
소방설비,소방시설공사업(전문),5619,주식회사 한일전기,이정섭,경기(남),2015-02-00227,658300,,,,,,
소방설비,소방시설공사업(전문),5620,주식회사 상원테크,송옥순,충북,2020-02-00492,658200,,,,,,
소방설비,소방시설공사업(전문),5621,(주)이강이앤씨,강성현,강원,2021-02-00318,657400,,,,,,
소방설비,소방시설공사업(전문),5622,주식회사 신진아이티,이숙희,전남광주(전남),2025-02-00144,656400,,,,,,
소방설비,소방시설공사업(전문),5623,(주)리오트,최석민,인천,인천공단 제2012-6호,656300,,,,,,
소방설비,소방시설공사업(전문),5624,다온소방전력,김혁배,경남,2019-02-00206,656200,,,,,,
소방설비,소방시설공사업(전문),5625,제이이엔지 주식회사,정은숙,인천,2024-02-00131,656000,,,,,,
소방설비,소방시설공사업(일반·전기),20,주식회사 현진이씨앤,신종환,서울,2021-02-00124,655900,,,,,,
소방설비,소방시설공사업(전문),5626,주식회사 에스앤에이치,김현철,전북,2025-02-00217,655000,,,,,,
소방설비,소방시설공사업(전문),5627,아진건설 주식회사,정명희,경기(남),2025-02-00335,655000,,,,,,
소방설비,소방시설공사업(전문),5628,성진이엔지,김정숙,경남,2022-02-00104,654300,,,,,,
소방설비,소방시설공사업(일반·전기),21,와이에이치전력 주식회사,서동민,경기(남),2019-02-00113,653900,,,,,,
소방설비,소방시설공사업(전문),5629,주식회사 지평방재,박경원,서울,2016-02-00039,653200,,,,,,
소방설비,소방시설공사업(전문),5630,주식회사 남도이앤지,김동우,전남광주(전남),2024-02-00264,652700,,,,,,
소방설비,소방시설공사업(전문),5631,(주)국민소방,장세훈,부산,2017-02-00623,652500,,,,,,
소방설비,소방시설공사업(전문),5632,(주)조은방재,김정수,울산,제2014-2호,652100,,,,,,
소방설비,소방시설공사업(전문),5633,주식회사 히어로이엔지,신금수,서울,2025-02-00184,651500,,,,,,
소방설비,소방시설공사업(전문),5634,보민종합건설 주식회사,정연곤,대구,2025-02-00232,651100,,,,,,
소방설비,소방시설공사업(전문),5635,주식회사 재영,오미경,경북,2022-02-00028,650800,,,,,,
소방설비,소방시설공사업(전문),5636,주식회사 태평양전설,조상욱,경기(남),2019-02-00482,650600,,,,,,
소방설비,소방시설공사업(전문),5637,새암씨텍 주식회사,김영준,울산,2023-02-00314,650500,,,,,,
소방설비,소방시설공사업(전문),5638,주식회사 연수이앤지,정종만,대구,2020-02-00078,647200,,,,,,
소방설비,소방시설공사업(전문),5639,(주)태림개발,강남규,부산,2018-02-00367,647200,,,,,,
소방설비,소방시설공사업(전문),5640,주식회사 문호전력,문홍진,전남광주(전남),2016-02-00561,646400,,,,,,
소방설비,소방시설공사업(전문),5641,주식회사 온누리전기,이상미,충남,2024-02-00401,646100,,,,,,
소방설비,소방시설공사업(전문),5642,원진종합건설 주식회사,원철희,경기(남),2020-02-00328,645800,,,,,,
소방설비,소방시설공사업(전문),5643,신창에너텍(주),황평식,충남,2022-02-00485,645600,,,,,,
소방설비,소방시설공사업(전문),5644,주식회사 한영이엔씨,허선,경기(남),2024-02-00041,645600,,,,,,
소방설비,소방시설공사업(전문),5645,주식회사 주성파워텍,강성률,전남광주(광주),2022-02-00301,645300,,,,,,
소방설비,소방시설공사업(전문),5646,주식회사 태은전기전력,박태곤,충북,2021-02-00128,645100,,,,,,
소방설비,소방시설공사업(일반·전기),22,신동아전기주식회사,이정재,경기(북),2015-02-00224,645000,,,,,,
소방설비,소방시설공사업(전문),5647,주식회사 현대소방안전,김현기,경기(남),2023-02-00033,644800,,,,,,
소방설비,소방시설공사업(전문),5648,주식회사 삼부연,곽은주,강원,2017-02-00085,644300,,,,,,
소방설비,소방시설공사업(전문),5649,주식회사 정선소방방재,이채림,강원,2025-02-00128,644300,,,,,,
소방설비,소방시설공사업(전문),5650,창성이엔지(주),박종수,충남,제천안동남2014-2호,643700,,,,,,
소방설비,소방시설공사업(전문),5651,주식회사 현엔지니어링,양정규,대전,2023-02-00287,643700,,,,,,
소방설비,소방시설공사업(전문),5652,(주)유일소방기술,이정태,부산,제2007-14호,643300,,,,,,
소방설비,소방시설공사업(전문),5653,주식회사 에이스,백민기,대구,2024-02-00018,643200,,,,,,
소방설비,소방시설공사업(전문),5654,주식회사 성역전력,김귀철,전북,2021-02-00266,643100,,,,,,
소방설비,소방시설공사업(전문),5655,세정이엔씨(주),박정근,인천,2015-02-00412,641800,,,,,,
소방설비,소방시설공사업(전문),5656,성진이앤씨(주),구청수,경기(남),경기화성 제2012-03호,641700,,,,,,
소방설비,소방시설공사업(전문),5657,주식회사 명우개발,강대호,전남광주(광주),제2011-라-1호,641700,,,,,,
소방설비,소방시설공사업(전문),5658,주식회사 옥이소방,김용옥,경남,2017-02-00332,641700,,,,,,
소방설비,소방시설공사업(전문),5659,한영전기 주식회사,추홍선,대구,제2014-1호,641400,,,,,,
소방설비,소방시설공사업(전문),5660,(주)신승이엔지,김승곤,인천,인천남동제2014-2호,641300,,,,,,
소방설비,소방시설공사업(일반·전기),23,세중이엔지 주식회사,김학건,경기(남),2016-02-00627,641100,,,,,,
소방설비,소방시설공사업(전문),5661,(주)우림이에프지,신건진,경기(남),경기성남제2012-6호,640600,,,,,,
소방설비,소방시설공사업(전문),5662,미성전력 주식회사,지정식,경기(남),2018-02-00339,640400,,,,,,
소방설비,소방시설공사업(전문),5663,(주)삼광전기,성광용,강원,제201호,639900,,,,,,
소방설비,소방시설공사업(일반·전기),24,태일전기 주식회사,여규철,인천,2018-02-00214,639900,,,,,,
소방설비,소방시설공사업(전문),5664,정인건설(주),박태훈,경남,2019-02-00370,639800,,,,,,
소방설비,소방시설공사업(전문),5665,거래소방안전산업 주식회사,김일관,울산,2023-02-00370,639800,,,,,,
소방설비,소방시설공사업(전문),5666,주식회사 태경이엔씨,전삼식,대구,2015-02-00111,639600,,,,,,
소방설비,소방시설공사업(전문),5667,(주)제일건설,윤여웅,전북,제2008-1호,639400,,,,,,
소방설비,소방시설공사업(전문),5668,(주)건창기술단,김영규,서울,제동대문2009-6호,639100,,,,,,
소방설비,소방시설공사업(전문),5669,주식회사 강산이엔씨,이완규,경기(남),2021-02-00502,638700,,,,,,
소방설비,소방시설공사업(전문),5670,주식회사 서광,조동우,강원,2020-02-00260,638300,,,,,,
소방설비,소방시설공사업(전문),5671,주식회사 서금아쿠아,이동현,경기(남),2022-02-00321,637400,,,,,,
소방설비,소방시설공사업(전문),5672,주식회사 영민,방지혜,강원,2017-02-00313,637000,,,,,,
소방설비,소방시설공사업(전문),5673,주식회사 메츠,최경환,울산,2017-02-00400,637000,,,,,,
소방설비,소방시설공사업(전문),5674,주식회사 해주전력,조규태,부산,2021-02-00130,636400,,,,,,
소방설비,소방시설공사업(전문),5675,세림이엔씨 주식회사,김영란,전남광주(광주),2021-02-00374,635600,,,,,,
소방설비,소방시설공사업(일반·전기),25,(주)진광테크,김종상,경남,거제제2013-05호,635400,,,,,,
소방설비,소방시설공사업(전문),5676,성신전력(주),양진선,경남,2016-02-00411,634700,,,,,,
소방설비,소방시설공사업(전문),5677,근호종합건설(주),김승호,서울,제관악 2005-9호,634600,,,,,,
소방설비,소방시설공사업(전문),5678,(주)리더스신화,박영민,서울,2019-02-00069,634400,,,,,,
소방설비,소방시설공사업(전문),5679,주식회사 디케이산업,이종현,경남,2024-02-00295,634200,,,,,,
소방설비,소방시설공사업(전문),5680,(주)서전종합전기,강은진,인천,2021-02-00143,633700,,,,,,
소방설비,소방시설공사업(전문),5681,(주)성수전기이엔씨,조관영,서울,2022-02-00227,633100,,,,,,
소방설비,소방시설공사업(전문),5682,금성산업건설 주식회사,조지혜,전북,2021-02-00653,633100,,,,,,
소방설비,소방시설공사업(전문),5683,(자)돈흥전기,채교성,세종,제세종시소방 2012-1-8호,633100,,,,,,
소방설비,소방시설공사업(전문),5684,주식회사 차소방,차민수,경남,2022-02-00281,633000,,,,,,
소방설비,소방시설공사업(전문),5685,가온소방,전성배,경기(북),2020-02-00132,632900,,,,,,
소방설비,소방시설공사업(전문),5686,주식회사 로터스전력,전우식,서울,2022-02-00246,632800,,,,,,
소방설비,소방시설공사업(전문),5687,(주)대한미래소방,박동숙,부산,제2006-5호,632600,,,,,,
소방설비,소방시설공사업(전문),5688,(주)산에들에,김창서,인천,2026-02-00136,631400,,,,,,
소방설비,소방시설공사업(전문),5688,주식회사 한우리엔지니어링,도병길,경북,2026-02-00228,631400,,,,,,
소방설비,소방시설공사업(전문),5688,(주)정안전기술단,박지선,부산,2026-02-00218,631400,,,,,,
소방설비,소방시설공사업(전문),5691,주식회사 대건전력,엄희춘,충북,2024-02-00233,631300,,,,,,
소방설비,소방시설공사업(전문),5691,주식회사 선명산업,한재용,충남,2020-02-00612,631300,,,,,,
소방설비,소방시설공사업(전문),5691,주식회사 멀티,황진아,전북,2024-02-00130,631300,,,,,,
소방설비,소방시설공사업(전문),5691,삼토토건 주식회사,박대영,대구,2025-02-00187,631300,,,,,,
소방설비,소방시설공사업(전문),5691,재원소방,이병양,충북,2020-02-00468,631300,,,,,,
소방설비,소방시설공사업(전문),5691,미진건설 주식회사,김종탁,부산,2025-02-00277,631300,,,,,,
소방설비,소방시설공사업(전문),5691,환경에너지솔루션 주식회사,이상헌,경기(남),2018-02-00226,631300,,,,,,
소방설비,소방시설공사업(전문),5691,주식회사 유엔에이엔지니어링,강명훈,경기(남),경기군포제2015-1호,631300,,,,,,
소방설비,소방시설공사업(전문),5691,유진텍,곽광순,경기(남),2025-02-00221,631300,,,,,,
소방설비,소방시설공사업(전문),5691,삼진종합건설(주),이문형,경기(남),경기수원 제2009-44호,631300,,,,,,
소방설비,소방시설공사업(전문),5691,우창이엔씨(주),유병길,경기(남),2021-02-00500,631300,,,,,,
소방설비,소방시설공사업(전문),5691,한솔제지 주식회사,한경록,서울,2022-02-00233,631300,,,,,,
소방설비,소방시설공사업(전문),5691,주식회사 태윤산업개발,정화순,경기(남),2025-02-00047,631300,,,,,,
소방설비,소방시설공사업(전문),5691,(주)아시아에너지,박승우,서울,2021-02-00384,631300,,,,,,
소방설비,소방시설공사업(전문),5691,삼호전설(주),이주성,서울,제강서 85-1호,631300,,,,,,
소방설비,소방시설공사업(전문),5691,코레일테크(주),류영수,대전,제2009-4호,631300,,,,,,
소방설비,소방시설공사업(전문),5691,중앙건설 주식회사,오홍필,인천,2025-02-00312,631300,,,,,,
소방설비,소방시설공사업(전문),5691,한결종합건설 주식회사,이동주,대구,2025-02-00241,631300,,,,,,
소방설비,소방시설공사업(전문),5691,주식회사 대열엔지니어링,김창용,대전,2025-02-00031,631300,,,,,,
소방설비,소방시설공사업(전문),5691,연우산업 주식회사,박영애,경남,2025-02-00302,631300,,,,,,
소방설비,소방시설공사업(전문),5691,(주)리드전기,김경미,경남,경남 창원 제2008-06호,631300,,,,,,
소방설비,소방시설공사업(일반·전기),26,(주)성온전설,김종권,서울,제중부2010-2호,631300,,,,,,
소방설비,소방시설공사업(전문),5712,이텍이앤지(주),정용미,경기(남),2017-02-00504,631100,,,,,,
소방설비,소방시설공사업(전문),5713,주식회사 성지산업,한지은,경남,2017-02-00275,630900,,,,,,
소방설비,소방시설공사업(전문),5714,플러스소방이엔지,문수인,경기(남),2020-02-00527,630700,,,,,,
소방설비,소방시설공사업(전문),5715,주식회사 대원전력,이정희,전남광주(전남),2019-02-00396,630600,,,,,,
소방설비,소방시설공사업(전문),5716,주식회사 서원이엔지,강주석,경기(남),2024-02-00357,630600,,,,,,
소방설비,소방시설공사업(전문),5717,(주)원창전력,김영만,대전,2017-02-00013,629900,,,,,,
소방설비,소방시설공사업(전문),5718,(주)제일씨엔디,김종식,서울,2015-02-00148,629400,,,,,,
소방설비,소방시설공사업(전문),5719,주식회사 블루이,김주성,전북,2018-02-00104,628400,,,,,,
소방설비,소방시설공사업(전문),5720,건일엔지니어링(주),류성호,경기(남),2019-02-00309,628200,,,,,,
소방설비,소방시설공사업(전문),5721,주식회사 바로이엔씨,곽병열,충북,2023-02-00010,628100,,,,,,
소방설비,소방시설공사업(전문),5722,주식회사 지광,박행제,부산,2023-02-00252,627800,,,,,,
소방설비,소방시설공사업(전문),5723,(주)금강전설,임현,경기(남),2015-02-00342,627200,,,,,,
소방설비,소방시설공사업(전문),5724,인덕전설(주),전기태,경기(남),2026-02-00112,625000,,,,,,
소방설비,소방시설공사업(전문),5725,주식회사 경남기업엔지니어링,서정애,경남,2025-02-00264,624700,,,,,,
소방설비,소방시설공사업(전문),5726,주식회사 한국소방전기,최병국,경북,2024-02-00353,624700,,,,,,
소방설비,소방시설공사업(전문),5727,보명소방전기(주),김명옥,경기(남),경기성남제2014-01호,624400,,,,,,
소방설비,소방시설공사업(일반·전기),27,(주)아림방재,김현삼,경기(북),경기구리 제2012-1호,623700,,,,,,
소방설비,소방시설공사업(전문),5728,주식회사 나라,강유미,전남광주(전남),2018-02-00271,623600,,,,,,
소방설비,소방시설공사업(전문),5729,주식회사 도화엔지니어링,박승우,서울,2020-02-00267,623600,,,,,,
소방설비,소방시설공사업(전문),5730,보라소방,박유중,경기(남),2024-02-00176,623400,,,,,,
소방설비,소방시설공사업(전문),5731,주식회사 진화방재이엔씨,김상희,서울,2023-02-00297,623300,,,,,,
소방설비,소방시설공사업(전문),5732,용성전기이엔지(주),정왕기,경남,2023-02-00237,623000,,,,,,
소방설비,소방시설공사업(전문),5733,주식회사 삼민테크,민병규,서울,2018-02-00470,622700,,,,,,
소방설비,소방시설공사업(전문),5734,고흥전력(주),김혜수,전남광주(전남),제보성 2006-9호,622600,,,,,,
소방설비,소방시설공사업(전문),5735,우리소방 주식회사,권영란,경북,2024-02-00132,622400,,,,,,
소방설비,소방시설공사업(전문),5736,주식회사 천우,윤상규,충남,2019-02-00536,622300,,,,,,
소방설비,소방시설공사업(전문),5737,(주)경원,이영원,경북,2017-02-00164,622200,,,,,,
소방설비,소방시설공사업(전문),5738,(주)세움기술단,도연희,부산,2019-02-00302,622100,,,,,,
소방설비,소방시설공사업(전문),5739,주식회사 문성소방,김문성,경북,2025-02-00042,622000,,,,,,
소방설비,소방시설공사업(전문),5740,주식회사 고마,백승두,세종,2024-02-00188,621900,,,,,,
소방설비,소방시설공사업(전문),5741,주식회사 우리승리전력,송승리,전남광주(전남),2018-02-00445,621400,,,,,,
소방설비,소방시설공사업(전문),5742,주식회사 가야산업개발,김혜주,부산,2020-02-00007,620300,,,,,,
소방설비,소방시설공사업(전문),5743,한일테크(주),이민구,경기(남),경기군포 제2009-04호,620200,,,,,,
소방설비,소방시설공사업(전문),5744,(주)태호전력,김필성,경기(남),2021-02-00562,620000,,,,,,
소방설비,소방시설공사업(전문),5745,도너개발 주식회사,최민경,서울,2024-02-00299,620000,,,,,,
소방설비,소방시설공사업(전문),5746,주식회사 내일솔루션,신중헌,경기(북),2024-02-00180,619900,,,,,,
소방설비,소방시설공사업(전문),5747,주식회사 대흥엔씨티,박흥순,서울,2020-02-00189,619800,,,,,,
소방설비,소방시설공사업(일반·전기),28,연일전력 주식회사,정재화,인천,2025-02-00045,619800,,,,,,
소방설비,소방시설공사업(전문),5748,신흥산업 주식회사,전재문,경기(남),2022-02-00251,619500,,,,,,
소방설비,소방시설공사업(일반·기계),10,주식회사 현우이앤씨,임성태,경북,2022-02-00416,619400,,,,,,
소방설비,소방시설공사업(전문),5749,세종전력 주식회사,이종관,충북,2023-02-00084,619300,,,,,,
소방설비,소방시설공사업(전문),5750,경원산전(주),배종근,서울,2015-02-00403,619300,,,,,,
소방설비,소방시설공사업(전문),5751,대경산업,구나경,서울,2025-02-00245,619200,,,,,,
소방설비,소방시설공사업(전문),5752,주식회사 태웅전기앤소방,최영순,충북,2021-02-00208,618400,,,,,,
소방설비,소방시설공사업(전문),5753,(주)대산,김곡지,부산,제2010-5호,618300,,,,,,
소방설비,소방시설공사업(전문),5754,유신이앤씨 주식회사,유장환,충남,2023-02-00223,618000,,,,,,
소방설비,소방시설공사업(전문),5755,(주)인세이프소방안전,정경연,강원,2021-02-00396,617700,,,,,,
소방설비,소방시설공사업(전문),5756,주식회사 원상전력,박춘선,경남,2021-02-00533,617400,,,,,,
소방설비,소방시설공사업(전문),5757,(주)흥업전기,권혁만,강원,2022-02-00289,617300,,,,,,
소방설비,소방시설공사업(전문),5758,주식회사 영신에프앤씨,장승원,경기(남),2020-02-00240,617300,,,,,,
소방설비,소방시설공사업(전문),5759,주식회사 태양전력,김연주,경남,2019-02-00125,617000,,,,,,
소방설비,소방시설공사업(전문),5760,주식회사 동아전기,최정환,강원,2019-02-00414,616600,,,,,,
소방설비,소방시설공사업(전문),5761,(주)삼성기전,최낙원,경남,제2009-01호,616600,,,,,,
소방설비,소방시설공사업(전문),5762,주식회사 태영소방,장병석,경남,2021-02-00172,616200,,,,,,
소방설비,소방시설공사업(전문),5763,금조소방 주식회사,박배조,부산,2020-02-00406,615500,,,,,,
소방설비,소방시설공사업(전문),5764,주식회사 금성전력,최헌욱,부산,2022-02-00242,614800,,,,,,
소방설비,소방시설공사업(전문),5765,주식회사 보령소방,이미옥,충남,2020-02-00582,614500,,,,,,
소방설비,소방시설공사업(전문),5766,(주)벽우,한기흥,충남,제2001-3호,614500,,,,,,
소방설비,소방시설공사업(전문),5767,(주)삼열전력,김휘수,경남,경남고성 제2013-7호,614400,,,,,,
소방설비,소방시설공사업(전문),5768,주식회사 백년전설,손창욱,대구,2022-02-00406,614300,,,,,,
소방설비,소방시설공사업(전문),5769,주식회사 첨단소방,나필주,전남광주(광주),2021-02-00424,614200,,,,,,
소방설비,소방시설공사업(전문),5770,주식회사 세온이앤씨,이남선,전남광주(광주),2024-02-00186,613500,,,,,,
소방설비,소방시설공사업(전문),5771,에스에이치건설(주),홍석호,경기(남),경기수원제2014-7호,613200,,,,,,
소방설비,소방시설공사업(전문),5772,주식회사 해운소방방재,이요한,전남광주(광주),2016-02-00228,612600,,,,,,
소방설비,소방시설공사업(전문),5773,주식회사 무유소방,최현주,전남광주(광주),2025-02-00126,612100,,,,,,
소방설비,소방시설공사업(전문),5774,(주)대동계전,류성선,전남광주(광주),제2010-다-4호,612000,,,,,,
소방설비,소방시설공사업(전문),5775,주식회사 미르소방,최상현,전북,2022-02-00497,611000,,,,,,
소방설비,소방시설공사업(전문),5776,(주)네오티스,이운학,경기(남),2024-02-00173,610800,,,,,,
소방설비,소방시설공사업(일반·기계),11,주식회사 도우이엔지,송성호,서울,2019-02-00400,610700,,,,,,
소방설비,소방시설공사업(전문),5777,(주)용산에프비이엔지,윤도경,서울,제용산2013-04호,610600,,,,,,
소방설비,소방시설공사업(전문),5778,(주)한국소방산업,박채은,충남,2019-02-00441,610600,,,,,,
소방설비,소방시설공사업(전문),5779,주식회사 베스트이엔지전기,황의창,서울,2025-02-00191,610300,,,,,,
소방설비,소방시설공사업(전문),5780,한국일렉 주식회사,임형준,인천,2025-02-00103,610200,,,,,,
소방설비,소방시설공사업(전문),5781,주식회사 글로벌이앤피,박재현,서울,2018-02-00205,610100,,,,,,
소방설비,소방시설공사업(전문),5782,반석소방 주식회사,김정섭,전남광주(전남),2022-02-00013,610100,,,,,,
소방설비,소방시설공사업(전문),5783,(주)덕산에너지,강복중,서울,제동작 2005-4호,608300,,,,,,
소방설비,소방시설공사업(전문),5784,주식회사 씨엠피파트너스,장원빈,경기(남),2022-02-00275,606200,,,,,,
소방설비,소방시설공사업(전문),5785,주식회사 영진기건,정순주,경북,2018-02-00455,606100,,,,,,
소방설비,소방시설공사업(전문),5786,(주)성윤산업,조용은,경남,거제제2013-01호,605800,,,,,,
소방설비,소방시설공사업(전문),5787,주식회사 나로소방,이주희,전남광주(전남),2022-02-00428,605600,,,,,,
소방설비,소방시설공사업(전문),5788,삼일엔지니어링 주식회사,전성진,전북,2024-02-00341,605400,,,,,,
소방설비,소방시설공사업(전문),5789,우림전력 주식회사,전재홍,서울,2024-02-00103,605200,,,,,,
소방설비,소방시설공사업(전문),5790,주식회사 지엔이피에스 (G&EPS),이창호,전남광주(전남),2024-02-00067,605000,,,,,,
소방설비,소방시설공사업(전문),5791,남성기전(주),최전남,서울,제영등포2012-18호,605000,,,,,,
소방설비,소방시설공사업(전문),5792,(주)경원엔지니어링,김경열,대구,제2015-13호,604900,,,,,,
소방설비,소방시설공사업(전문),5793,정우개발(주),조철현,경남,2023-02-00114,604500,,,,,,
소방설비,소방시설공사업(전문),5794,(주)더유케이,도진욱,부산,2021-02-00402,604300,,,,,,
소방설비,소방시설공사업(전문),5795,(주)보명전력,김광현,부산,제2014-07호,603700,,,,,,
소방설비,소방시설공사업(전문),5796,주식회사 서울소방원,손주성,서울,2025-02-00098,603400,,,,,,
소방설비,소방시설공사업(전문),5797,주식회사 한성전력,김민정,경기(북),2018-02-00421,603400,,,,,,
소방설비,소방시설공사업(전문),5798,지심전기 주식회사,송원표,충남,2023-02-00154,603300,,,,,,
소방설비,소방시설공사업(전문),5799,에스티안전,송익선,경기(남),2021-02-00575,603200,,,,,,
소방설비,소방시설공사업(전문),5800,(주)대영소방이엔지,김종상,부산,제2015-15호,603100,,,,,,
소방설비,소방시설공사업(전문),5801,(주)대양이엔씨,이균영,강원,2021-02-00247,602900,,,,,,
소방설비,소방시설공사업(전문),5802,(주)이림엔지니어링,이선주,경기(남),경기오산 제2011-2호,602700,,,,,,
소방설비,소방시설공사업(전문),5803,주식회사 대양방재이엔씨,김규환,경북,2024-02-00182,601900,,,,,,
소방설비,소방시설공사업(전문),5804,주식회사 서영엘티디,박수미,서울,2024-02-00383,601600,,,,,,
소방설비,소방시설공사업(전문),5805,주식회사 플랜엔지니어링,이창훈,경남,2023-02-00267,601400,,,,,,
소방설비,소방시설공사업(전문),5806,청목이앤아이(주),김석후,서울,2018-02-00346,601400,,,,,,
소방설비,소방시설공사업(전문),5807,주식회사 건창산업,권준수,대구,2021-02-00049,601300,,,,,,
소방설비,소방시설공사업(전문),5808,주식회사 코인스이앤씨,김정원,경북,2024-02-00208,601000,,,,,,
소방설비,소방시설공사업(전문),5809,우리이앤지 주식회사,박상면,제주,2025-02-00021,600900,,,,,,
소방설비,소방시설공사업(전문),5810,(주)황토종합건설,이창우,부산,제2006-20호,600700,,,,,,
소방설비,소방시설공사업(전문),5811,(주)동해소방,장동민,인천,2022-02-00393,600700,,,,,,
소방설비,소방시설공사업(전문),5812,주식회사 케이소방,조인현,충북,2024-02-00150,599900,,,,,,
소방설비,소방시설공사업(전문),5813,주식회사 해주전설,구대원,서울,2018-02-00402,599500,,,,,,
소방설비,소방시설공사업(전문),5814,(유)해남전력소방,임윤성,전남광주(전남),제해남 2005-8호,599500,,,,,,
소방설비,소방시설공사업(전문),5815,(주)원천전기,김빈,경기(남),경기수원제2014-15호,599300,,,,,,
소방설비,소방시설공사업(전문),5816,(주)아주디자인그룹,강명진,서울,2019-02-00194,598200,,,,,,
소방설비,소방시설공사업(전문),5817,주식회사 대건전기,조미영,충북,2026-02-00108,597800,,,,,,
소방설비,소방시설공사업(전문),5818,주식회사 지티엔지,고효남,전남광주(광주),2019-02-00330,597800,,,,,,
소방설비,소방시설공사업(전문),5819,주식회사 자유전기공사,신상희,경남,2018-02-00298,597700,,,,,,
소방설비,소방시설공사업(전문),5820,주식회사 제이씨전기,오병종,경기(남),2022-02-00187,597100,,,,,,
소방설비,소방시설공사업(전문),5821,주식회사 마한전력공사,소춘오,전북,2021-02-00358,596700,,,,,,
소방설비,소방시설공사업(전문),5822,주식회사 금청전력,권오찬,대구,2026-02-00052,596500,,,,,,
소방설비,소방시설공사업(전문),5823,한신전기공사,이선욱,서울,2021-02-00433,596200,,,,,,
소방설비,소방시설공사업(전문),5824,거명이앤씨 주식회사,반재경,전남광주(전남),2019-02-00294,594500,,,,,,
소방설비,소방시설공사업(전문),5824,엘케이테크넷(주),이만형,서울,2019-02-00325,594500,,,,,,
소방설비,소방시설공사업(전문),5826,세움이엔지 주식회사,서준호,경기(남),2021-02-00328,594200,,,,,,
소방설비,소방시설공사업(전문),5827,한국에너지종합기술 주식회사,부정환,제주,2020-02-00394,594100,,,,,,
소방설비,소방시설공사업(전문),5828,대원소방,안소은,충남,2022-02-00035,594100,,,,,,
소방설비,소방시설공사업(전문),5829,능가전력(주),유병문,부산,제2015-03호,593900,,,,,,
소방설비,소방시설공사업(전문),5830,세종소방,박성욱,전북,2022-02-00451,593500,,,,,,
소방설비,소방시설공사업(전문),5831,주식회사 다일이엔지,황윤영,경기(북),2025-02-00200,593100,,,,,,
소방설비,소방시설공사업(전문),5832,주식회사 진성기전,강영주,울산,2021-02-00269,592800,,,,,,
소방설비,소방시설공사업(전문),5833,(주)부원건설,김현수,대전,2017-02-00139,592600,,,,,,
소방설비,소방시설공사업(전문),5834,주식회사 남도전공,박봉순,전북,2018-02-00355,591500,,,,,,
소방설비,소방시설공사업(전문),5835,주식회사 삼익전설,이재현,경기(남),2021-02-00572,591400,,,,,,
소방설비,소방시설공사업(전문),5836,주식회사 일등소방,박선영,전남광주(광주),2016-02-00137,591300,,,,,,
소방설비,소방시설공사업(전문),5837,주식회사 한국전기소방공사,강은희,전북,2025-02-00108,591100,,,,,,
소방설비,소방시설공사업(전문),5838,주식회사 동안이엔씨,석재성,경기(남),2019-02-00107,591000,,,,,,
소방설비,소방시설공사업(전문),5839,주식회사 현대샤인개발,홍분남,경북,2025-02-00209,590400,,,,,,
소방설비,소방시설공사업(전문),5840,(주)에프엘,조재진,인천,2016-02-00122,589700,,,,,,
소방설비,소방시설공사업(전문),5841,대흥전력기술 주식회사,양혜숙,경기(북),2021-02-00473,589700,,,,,,
소방설비,소방시설공사업(전문),5842,주식회사 더파란,장재혁,전남광주(광주),2023-02-00251,589600,,,,,,
소방설비,소방시설공사업(전문),5843,(주)북림,김영래,강원,제312호,589500,,,,,,
소방설비,소방시설공사업(전문),5844,비에스건설(주),문명희,충남,제2014-1호,589300,,,,,,
소방설비,소방시설공사업(전문),5845,에이치엘에코텍 주식회사,유재언,경북,제2010-02호,588900,,,,,,
소방설비,소방시설공사업(전문),5846,주식회사 에이탑소방,노승진,충북,2022-02-00488,588800,,,,,,
소방설비,소방시설공사업(전문),5847,진성건설 주식회사,김광진,경기(북),제경기구리 2007-11호,588200,,,,,,
소방설비,소방시설공사업(전문),5848,주식회사 동양전기소방,임용호,경북,2020-02-00633,587900,,,,,,
소방설비,소방시설공사업(전문),5849,주식회사 존전기,전상열,대전,2025-02-00020,587700,,,,,,
소방설비,소방시설공사업(전문),5850,(주)청석엔지니어링,조은자,경기(북),경기일산제2015-03호,587600,,,,,,
소방설비,소방시설공사업(전문),5851,주식회사 이에이치소방,박태희,경기(북),2023-02-00195,586100,,,,,,
소방설비,소방시설공사업(전문),5852,(주)중앙이엔지,박광희,경기(남),2018-02-00326,585900,,,,,,
소방설비,소방시설공사업(전문),5853,주식회사 누리이앤씨,권현정,경남,2025-02-00325,585400,,,,,,
소방설비,소방시설공사업(전문),5854,주식회사 청우전설,김미영,경기(남),2021-02-00085,584800,,,,,,
소방설비,소방시설공사업(전문),5855,주식회사 지이전기,강지숙,제주,2025-02-00120,584700,,,,,,
소방설비,소방시설공사업(전문),5856,주식회사 대명,서명자,경기(북),경기김포 제2002-20호,584600,,,,,,
소방설비,소방시설공사업(일반·전기),29,영진전기(주),전재용,경북,제영천2006-1호,584600,,,,,,
소방설비,소방시설공사업(전문),5857,(주)수호소방이엔씨,김성기,경남,2020-02-00322,584400,,,,,,
소방설비,소방시설공사업(전문),5858,남광기업(주),최동호,인천,인천부평 제2005-14호,584300,,,,,,
소방설비,소방시설공사업(전문),5859,주식회사 이지스기공,신순례,경기(북),2018-02-00413,584000,,,,,,
소방설비,소방시설공사업(전문),5860,(주)성원소방이엔지,김성수,인천,인천부평 제2014-13호,584000,,,,,,
소방설비,소방시설공사업(전문),5861,주식회사 아이제이산업,강혜미,경북,2026-02-00188,583900,,,,,,
소방설비,소방시설공사업(일반·전기),30,동원전력(주),임철호,서울,제송파2001-16호,583900,,,,,,
소방설비,소방시설공사업(전문),5862,거산공영개발 주식회사,엄재룡,서울,제성북98-3호,583200,,,,,,
소방설비,소방시설공사업(전문),5863,(주)기성이엔지,윤광현,경기(남),2026-02-00126,583000,,,,,,
소방설비,소방시설공사업(전문),5863,주식회사 진시스템,윤영종,경기(북),2026-02-00131,583000,,,,,,
소방설비,소방시설공사업(전문),5863,주식회사 정진소방이앤씨,정우근,경기(남),2026-02-00031,583000,,,,,,
소방설비,소방시설공사업(전문),5863,주식회사 우리아이엔씨,김종현,인천,2026-02-00091,583000,,,,,,
소방설비,소방시설공사업(전문),5863,가보산업 주식회사,박계숙,대전,2026-02-00170,583000,,,,,,
소방설비,소방시설공사업(전문),5863,호전사,안형준,경남,2026-02-00196,583000,,,,,,
소방설비,소방시설공사업(전문),5863,주식회사 신우전설,강지훈,경북,2026-02-00078,583000,,,,,,
소방설비,소방시설공사업(전문),5863,주식회사 석림이엔지,조경희,경기(북),2026-02-00150,583000,,,,,,
소방설비,소방시설공사업(전문),5871,주식회사 제이원엔지니어링,장세선,경남,2023-02-00311,582900,,,,,,
소방설비,소방시설공사업(전문),5871,주식회사 서우,김종태,충북,2025-02-00331,582900,,,,,,
소방설비,소방시설공사업(전문),5871,"주식회사 플랜엠 (PLAN M Co.,Ltd.)",이민규,충북,2025-02-00268,582900,,,,,,
소방설비,소방시설공사업(전문),5871,주식회사 비에스,설다빈,충남,2025-02-00029,582900,,,,,,
소방설비,소방시설공사업(전문),5871,주식회사 서호이엔지,김현욱,경기(남),2025-02-00224,582900,,,,,,
소방설비,소방시설공사업(전문),5871,주식회사 희민이엔지,이용민,경기(북),2025-02-00343,582900,,,,,,
소방설비,소방시설공사업(전문),5871,에치아이이앤씨(주),정현구,경기(남),2024-02-00388,582900,,,,,,
소방설비,소방시설공사업(전문),5871,승보방재설비,방정숙,경기(남),2023-02-00363,582900,,,,,,
소방설비,소방시설공사업(전문),5871,주식회사 신한이엔지,최양화,인천,2025-02-00154,582900,,,,,,
소방설비,소방시설공사업(전문),5871,대양종합건설(주),길현식,전남광주(전남),제2007-라-2호,582900,,,,,,
소방설비,소방시설공사업(전문),5871,(주)일경엔지니어링,신희철,서울,2024-02-00390,582900,,,,,,
소방설비,소방시설공사업(전문),5871,주식회사 디앤에이펙토리,이혜원,서울,2022-02-00226,582900,,,,,,
소방설비,소방시설공사업(전문),5871,주식회사 세아네트웍스,이근홍,서울,2021-02-00494,582900,,,,,,
소방설비,소방시설공사업(전문),5871,주식회사 뉴라이즌,이승욱,부산,2025-02-00345,582900,,,,,,
소방설비,소방시설공사업(일반·전기),31,명호전기(주),손월호,인천,인천남동 제2005-6호,582900,,,,,,
소방설비,소방시설공사업(일반·전기),31,(주)양지이엔지,김동수,서울,제 마포2010-11호,582900,,,,,,
소방설비,소방시설공사업(일반·전기),31,세진전력(주),임종배,경기(북),경기남양주제2009-3호,582900,,,,,,
소방설비,소방시설공사업(전문),5885,(주)한양텍,이수삼,대구,제2006-10호,582200,,,,,,
소방설비,소방시설공사업(전문),5886,주식회사 세륭,어일용,제주,제2005-72호,581500,,,,,,
소방설비,소방시설공사업(전문),5887,주식회사 동양에너지,진삼남,경기(북),2021-02-00027,581100,,,,,,
소방설비,소방시설공사업(전문),5888,주식회사 덕양디엠피,조용훈,전남광주(전남),2019-02-00040,580600,,,,,,
소방설비,소방시설공사업(전문),5889,선명기전,신환규,부산,제2013-19호,580400,,,,,,
소방설비,소방시설공사업(전문),5890,주식회사 시케이이앤지,구희자,전남광주(광주),2024-02-00035,580300,,,,,,
소방설비,소방시설공사업(전문),5891,(주)나이아스이엔지,진철영,경기(남),2025-02-00163,580300,,,,,,
소방설비,소방시설공사업(전문),5892,주식회사 미성,박미숙,경기(남),2019-02-00411,580000,,,,,,
소방설비,소방시설공사업(전문),5893,국도건설(주),김기범,강원,제315호,579700,,,,,,
소방설비,소방시설공사업(전문),5894,주식회사 영은전기,방승기,강원,제69호,579200,,,,,,
소방설비,소방시설공사업(전문),5895,(주)제이티아이공조,이재관,서울,2023-02-00050,579100,,,,,,
소방설비,소방시설공사업(전문),5896,주식회사 신성지앤이,최호용,서울,2025-02-00055,578800,,,,,,
소방설비,소방시설공사업(전문),5897,(주)제이아이소방엔지니어링,이승희,경기(남),2016-02-00100,578600,,,,,,
소방설비,소방시설공사업(전문),5898,주식회사 이산이씨에프,전충식,경기(북),2018-02-00444,578300,,,,,,
소방설비,소방시설공사업(전문),5899,한국산업써비스(주),조영기,경기(남),경기광주 제2005-06호,577200,,,,,,
소방설비,소방시설공사업(전문),5900,바른소방 주식회사,김재훈,전남광주(전남),2020-02-00105,576800,,,,,,
소방설비,소방시설공사업(전문),5901,근영산업개발 주식회사,김경숙,전남광주(광주),2016-02-00134,576800,,,,,,
소방설비,소방시설공사업(전문),5902,화신전기 주식회사,권송이,충북,2016-02-00623,576200,,,,,,
소방설비,소방시설공사업(전문),5903,주식회사 건우이엔지,나건우,대전,2018-02-00315,576200,,,,,,
소방설비,소방시설공사업(전문),5904,(주)일신소방,김대진,대구,제97-4호,575700,,,,,,
소방설비,소방시설공사업(전문),5905,(주)창세전력,김인현,부산,2017-02-00227,575100,,,,,,
소방설비,소방시설공사업(전문),5906,메인테크플랜트 주식회사,송달순,서울,2025-02-00202,574400,,,,,,
소방설비,소방시설공사업(전문),5907,우남전력 주식회사,박연수,충남,2015-02-00050,574400,,,,,,
소방설비,소방시설공사업(전문),5908,삼경종합방재(주),정경숙,충북,청주서부소방서제2015-5호,574300,,,,,,
소방설비,소방시설공사업(전문),5909,신광소방 주식회사,현석진,충남,2025-02-00293,574300,,,,,,
소방설비,소방시설공사업(전문),5910,대원산업 주식회사,강미숙,전남광주(광주),2021-02-00299,573900,,,,,,
소방설비,소방시설공사업(전문),5911,낙원기업(주),안경미,강원,제238호,572500,,,,,,
소방설비,소방시설공사업(전문),5912,주식회사 호성소방,김기도,경기(남),2020-02-00654,572400,,,,,,
소방설비,소방시설공사업(전문),5913,주식회사 하나테크,심명섭,전남광주(전남),2023-02-00305,572000,,,,,,
소방설비,소방시설공사업(전문),5914,주식회사 지안이엔지,남정섭,경남,2023-02-00110,572000,,,,,,
소방설비,소방시설공사업(전문),5915,거성산업 주식회사,오윤택,전남광주(광주),2020-02-00643,571700,,,,,,
소방설비,소방시설공사업(전문),5916,(주)고신전기,손상림,부산,제1994-9호,571300,,,,,,
소방설비,소방시설공사업(전문),5917,동승건설 주식회사,표승열,경기(남),2020-02-00497,570900,,,,,,
소방설비,소방시설공사업(일반·전기),34,강산전기 주식회사,김종규,대전,2023-02-00088,570800,,,,,,
소방설비,소방시설공사업(전문),5918,주식회사 에이치와이이앤씨,서호연,경기(북),2021-02-00430,570200,,,,,,
소방설비,소방시설공사업(전문),5919,유승이엔지 주식회사,백재현,울산,2021-02-00420,569800,,,,,,
소방설비,소방시설공사업(전문),5920,주식회사 비젼아이티,이지환,충남,2023-02-00087,569800,,,,,,
소방설비,소방시설공사업(전문),5921,주식회사 조양전기,엄현지,충남,2021-02-00080,569400,,,,,,
소방설비,소방시설공사업(전문),5922,일산종합건설(주),박재현,충남,제2000-1호,569400,,,,,,
소방설비,소방시설공사업(일반·기계),12,(주)삼보이엔지,안병진,서울,제서대문2000-6호,569100,,,,,,
소방설비,소방시설공사업(전문),5923,주식회사 코리아소방,김가연,전북,2021-02-00133,568300,,,,,,
소방설비,소방시설공사업(전문),5924,(주)유신,노장호,전남광주(광주),제2012-라-6호,567800,,,,,,
소방설비,소방시설공사업(전문),5925,신선파워 주식회사,김태현,대구,2016-02-00591,567800,,,,,,
소방설비,소방시설공사업(전문),5926,주식회사 삼도전력,박인호,충북,2017-02-00487,567700,,,,,,
소방설비,소방시설공사업(전문),5927,후지쯔코리아테크놀러지(주),백종도,서울,2023-02-00022,567600,,,,,,
소방설비,소방시설공사업(전문),5928,(주)부경전력,박은경,전남광주(전남),제2013-사-6호,567600,,,,,,
소방설비,소방시설공사업(전문),5929,주식회사 대용,이명숙,전북,2022-02-00282,566500,,,,,,
소방설비,소방시설공사업(전문),5930,(주)삼화플랜,이상민,경기(북),2025-02-00171,566100,,,,,,
소방설비,소방시설공사업(전문),5931,주식회사 엠에스,강유진,경북,2017-02-00341,565300,,,,,,
소방설비,소방시설공사업(전문),5932,나이스전력,정종관,충북,2018-02-00033,564600,,,,,,
소방설비,소방시설공사업(일반·전기),35,초석전기(주),채일표,서울,제동작2014-2호,564600,,,,,,
소방설비,소방시설공사업(전문),5933,주식회사 태성전기,송미해,충남,2025-02-00305,564500,,,,,,
소방설비,소방시설공사업(전문),5934,주식회사 에이에스디코리아,김미진,경기(남),2022-02-00384,564100,,,,,,
소방설비,소방시설공사업(전문),5935,주식회사 명덕전력,손영관,전북,2021-02-00182,564000,,,,,,
소방설비,소방시설공사업(전문),5936,주식회사 금강이엔지,조헌구,경기(북),2026-02-00010,563600,,,,,,
소방설비,소방시설공사업(전문),5937,더에이원 주식회사,김황식,경기(남),2024-02-00284,563200,,,,,,
소방설비,소방시설공사업(전문),5938,주식회사 신우,홍성만,대구,2021-02-00275,563100,,,,,,
소방설비,소방시설공사업(전문),5939,(주)세영통신,고영복,경기(남),2023-02-00232,562900,,,,,,
소방설비,소방시설공사업(전문),5940,에스엠파워텍 주식회사,신현칠,서울,2018-02-00187,562500,,,,,,
소방설비,소방시설공사업(전문),5941,주식회사 진성이엔지,장준재,충남,2019-02-00572,562200,,,,,,
소방설비,소방시설공사업(전문),5942,주식회사 보고소방,정승태,제주,2018-02-00459,561100,,,,,,
소방설비,소방시설공사업(전문),5943,주식회사 더원소방기술,원종찬,서울,2024-02-00062,560500,,,,,,
소방설비,소방시설공사업(전문),5944,주식회사 건창,임준엽,세종,2021-02-00517,560100,,,,,,
소방설비,소방시설공사업(전문),5945,화산국제전기 주식회사,양승혁,경기(남),2025-02-00181,560000,,,,,,
소방설비,소방시설공사업(전문),5946,주식회사 선명산업,신정미,대전,2015-02-00357,559600,,,,,,
소방설비,소방시설공사업(전문),5947,청석전기(주),노공환,경기(북),경기일산 제2010-1호,559100,,,,,,
소방설비,소방시설공사업(전문),5948,(주)남북이앤에프,김진수,대구,제2008-16호,558900,,,,,,
소방설비,소방시설공사업(전문),5949,(주)용상전기통신,권혁기,서울,제구로2010-17호,558600,,,,,,
소방설비,소방시설공사업(전문),5950,(주)아주소방엔지니어링,강현석,경남,제진주 2005-6호,558500,,,,,,
소방설비,소방시설공사업(전문),5951,덕흥건설 주식회사,조충환,전남광주(전남),2021-02-00600,558200,,,,,,
소방설비,소방시설공사업(전문),5952,주식회사 광명씨앤씨,변주일,경기(남),2023-02-00326,558200,,,,,,
소방설비,소방시설공사업(전문),5953,주식회사태룡전설,이도연,충북,2019-02-00097,557900,,,,,,
소방설비,소방시설공사업(전문),5954,새빛이앤엘(주),심용철,경기(남),경기화성제2015-1호,557000,,,,,,
소방설비,소방시설공사업(일반·전기),36,두성건설(주),안성병,서울,제구로2008-31호,556900,,,,,,
소방설비,소방시설공사업(전문),5955,주식회사 미광전기,민서영,경북,2025-02-00262,556200,,,,,,
소방설비,소방시설공사업(전문),5956,(주)그린인프라테크,김세완,경기(남),2022-02-00437,555700,,,,,,
소방설비,소방시설공사업(전문),5957,정훈소방 주식회사,김성연,경남,2023-02-00146,555400,,,,,,
소방설비,소방시설공사업(전문),5958,(주)진일소방컨설팅,정형숙,경남,제2009-01호,555400,,,,,,
소방설비,소방시설공사업(전문),5959,중원(주),김우겸,경기(남),2016-02-00065,554800,,,,,,
소방설비,소방시설공사업(전문),5960,지산전력(주),문영아,전남광주(전남),제2014-아-1호,554200,,,,,,
소방설비,소방시설공사업(전문),5961,에이스기전(주),이정현,대전,2024-02-00148,553900,,,,,,
소방설비,소방시설공사업(전문),5962,유경산업,김봉주,부산,제2004-30호,553700,,,,,,
소방설비,소방시설공사업(전문),5963,(주)대한안전기술공사,김대학,경기(남),경기분당 제2011-7호,553400,,,,,,
소방설비,소방시설공사업(전문),5964,쏠라리버(주),최무영,인천,2023-02-00017,553200,,,,,,
소방설비,소방시설공사업(전문),5965,(주)삼보엔지니어링,박용화,경남,2023-02-00129,553100,,,,,,
소방설비,소방시설공사업(전문),5966,(합자)경동기업,정기식,경남,경남 창원 제2010-7호,552800,,,,,,
소방설비,소방시설공사업(전문),5967,(주)피에프이엔씨,권문섭,경기(남),2018-02-00010,552400,,,,,,
소방설비,소방시설공사업(전문),5968,주식회사 태양소방기계설비,유진영,서울,2024-02-00292,551700,,,,,,
소방설비,소방시설공사업(전문),5969,준건설 주식회사,임대현,경북,2024-02-00152,551400,,,,,,
소방설비,소방시설공사업(전문),5970,덕원소방엔지니어링 주식회사,김상구,부산,2026-02-00183,551400,,,,,,
소방설비,소방시설공사업(전문),5971,동우에스지이(주),김평중,경기(남),2019-02-00091,551200,,,,,,
소방설비,소방시설공사업(전문),5972,시온전기 주식회사,조성환,경기(남),2024-02-00382,550900,,,,,,
소방설비,소방시설공사업(전문),5973,(주)세종엔지니어링,표용만,경기(남),경기화성 제2010-1호,550600,,,,,,
소방설비,소방시설공사업(일반·전기),37,해동전설 주식회사,김재봉,서울,2017-02-00502,550600,,,,,,
소방설비,소방시설공사업(전문),5974,주식회사 유웰스세이프텍,박동혁,경기(남),2021-02-00336,549600,,,,,,
소방설비,소방시설공사업(전문),5975,(주)소스텔,안현준,경기(남),2025-02-00229,548900,,,,,,
소방설비,소방시설공사업(전문),5976,(주)케이에프이,김태령,경기(남),2025-02-00148,548900,,,,,,
소방설비,소방시설공사업(전문),5977,(주)한국전설엔지니어링,허만일,서울,제송파2008-2호,548200,,,,,,
소방설비,소방시설공사업(전문),5978,주식회사 한국소방,권슬기,인천,2026-02-00164,548200,,,,,,
소방설비,소방시설공사업(전문),5979,주식회사  드림엔지니어링,오진택,서울,2023-02-00040,547500,,,,,,
소방설비,소방시설공사업(전문),5980,주식회사 태영종합건설,김태영,서울,2022-02-00196,547200,,,,,,
소방설비,소방시설공사업(전문),5981,주식회사 삼일이앤이,윤영삼,서울,2022-02-00457,547100,,,,,,
소방설비,소방시설공사업(전문),5982,(주)윤엔지니어링,김민철,제주,제제주-2011-3호,546400,,,,,,
소방설비,소방시설공사업(전문),5983,주식회사 세영소방,엄동영,경남,2024-02-00136,545200,,,,,,
소방설비,소방시설공사업(전문),5984,"주식회사 대청이에스(Daecheong ES co.,Ltd.)",성열구,충북,2025-02-00324,545200,,,,,,
소방설비,소방시설공사업(전문),5984,엘티스 주식회사,윤석순,경기(남),2017-02-00226,545200,,,,,,
소방설비,소방시설공사업(전문),5984,주식회사 비에스파워,정병섭,서울,2024-02-00140,545200,,,,,,
소방설비,소방시설공사업(전문),5984,한국플랜트서비스(주),강기석,서울,2016-02-00691,545200,,,,,,
소방설비,소방시설공사업(전문),5988,주식회사 루안소방,이나영,전남광주(광주),2025-02-00261,545000,,,,,,
소방설비,소방시설공사업(전문),5989,주식회사 진성산전,이근영,서울,2020-02-00025,544900,,,,,,
소방설비,소방시설공사업(전문),5990,세영플러스 주식회사,이준엽,경기(남),2023-02-00053,544100,,,,,,
소방설비,소방시설공사업(전문),5991,주식회사 다성이엔지,정호,대구,2019-02-00332,543600,,,,,,
소방설비,소방시설공사업(일반·전기),38,한유전기 주식회사,윤승희,서울,제관악2015-4호,543000,,,,,,
소방설비,소방시설공사업(전문),5992,대경기술(주),임영하,부산,제2013-01호,542500,,,,,,
소방설비,소방시설공사업(일반·전기),39,동부방재산업 주식회사,최용환,서울,2019-02-00560,542400,,,,,,
소방설비,소방시설공사업(전문),5993,주식회사 와이케이,전계현,경기(남),2026-02-00154,541900,,,,,,
소방설비,소방시설공사업(전문),5994,주식회사 아주건설,김병문,경기(남),2018-02-00049,541500,,,,,,
소방설비,소방시설공사업(전문),5995,대림전설 주식회사,전성희,경남,2017-02-00372,541400,,,,,,
소방설비,소방시설공사업(전문),5996,주식회사 대림전설,진금자,제주,제제주2014-8호,540900,,,,,,
소방설비,소방시설공사업(전문),5997,주식회사 홍일이엔씨,유재화,전남광주(광주),2023-02-00325,540200,,,,,,
소방설비,소방시설공사업(전문),5998,(주)신세기건설,김위곤,경남,진주2001-1호,539500,,,,,,
소방설비,소방시설공사업(전문),5999,대양전기(주),김재평,전남광주(전남),제2008-나-3호,539200,,,,,,
소방설비,소방시설공사업(전문),6000,완성전기조명,심완섭,인천,2020-02-00039,538900,,,,,,
소방설비,소방시설공사업(전문),6001,주식회사 씨에스글로벌,김형훈,전남광주(전남),2020-02-00010,538900,,,,,,
소방설비,소방시설공사업(전문),6002,더빛남 주식회사,김현태,서울,2021-02-00260,538800,,,,,,
소방설비,소방시설공사업(일반·전기),40,(주)와이제이일렉트릭,강희승,서울,2021-02-00331,538800,,,,,,
소방설비,소방시설공사업(전문),6003,주식회사 진우전기전력,이원규,경기(남),2021-02-00514,538600,,,,,,
소방설비,소방시설공사업(일반·전기),41,(주)남성이씨에스,남필우,서울,제동대문 2004-5호,537000,,,,,,
소방설비,소방시설공사업(전문),6004,(주)신호,유정숙,경기(남),2026-02-00169,536900,,,,,,
소방설비,소방시설공사업(전문),6005,주식회사 태룡,김미경,강원,2022-02-00479,536800,,,,,,
소방설비,소방시설공사업(전문),6006,주식회사 호성테크,박종주,전남광주(광주),2021-02-00405,535900,,,,,,
소방설비,소방시설공사업(일반·기계),13,태광,최미경,서울,2023-02-00070,535800,,,,,,
소방설비,소방시설공사업(전문),6007,혁신전기소방이엔지,황갑섭,경북,2026-02-00149,535400,,,,,,
소방설비,소방시설공사업(전문),6008,주식회사 씨티기술,김수녀,서울,2020-02-00412,535400,,,,,,
소방설비,소방시설공사업(전문),6009,주식회사 티에스한영,이혜영,경기(남),2026-02-00084,534700,,,,,,
소방설비,소방시설공사업(전문),6009,주식회사 성창기전,지광섭,서울,2026-02-00005,534700,,,,,,
소방설비,소방시설공사업(전문),6009,주식회사 제이에스파이어솔루션,정안수,경기(북),2026-02-00034,534700,,,,,,
소방설비,소방시설공사업(전문),6012,주식회사 반석이래엠이씨,오지선,인천,2018-02-00058,534600,,,,,,
소방설비,소방시설공사업(전문),6013,(주)에피테크,김희정,경기(남),2026-02-00213,534600,,,,,,
소방설비,소방시설공사업(전문),6013,주식회사 대영에스티엠,전미영,부산,2026-02-00205,534600,,,,,,
소방설비,소방시설공사업(전문),6013,주식회사 완승이앤씨,강미선,제주,2026-02-00079,534600,,,,,,
소방설비,소방시설공사업(전문),6013,수자원기술 주식회사,이창윤,경기(남),2026-02-00130,534600,,,,,,
소방설비,소방시설공사업(전문),6013,주식회사 이든솔,조혜진,경기(남),2026-02-00204,534600,,,,,,
소방설비,소방시설공사업(전문),6018,일성설비(주),김형기,서울,제성북2012-1호,534500,,,,,,
소방설비,소방시설공사업(전문),6019,주식회사 대성문,채창호,부산,2018-02-00438,534500,,,,,,
소방설비,소방시설공사업(전문),6019,한산소방설비,이주복,대전,2024-02-00139,534500,,,,,,
소방설비,소방시설공사업(전문),6019,주식회사 나산플랜트,나범칠,서울,2025-02-00339,534500,,,,,,
소방설비,소방시설공사업(전문),6019,세림전기(주),안재영,서울,제중랑2014-1호,534500,,,,,,
소방설비,소방시설공사업(전문),6019,케이티텔레캅(주),서영수,서울,제구로2010-11호,534500,,,,,,
소방설비,소방시설공사업(전문),6019,(주)일신이앤드씨,홍영남,서울,제서초2003-23호,534500,,,,,,
소방설비,소방시설공사업(전문),6019,주식회사 거성종합설비,박노준,서울,2023-02-00019,534500,,,,,,
소방설비,소방시설공사업(전문),6019,양화이엔지 주식회사,황두환,서울,2025-02-00190,534500,,,,,,
소방설비,소방시설공사업(전문),6019,주식회사 티원에프앤씨,김영선,서울,2025-02-00164,534500,,,,,,
소방설비,소방시설공사업(전문),6019,기린종합건설 주식회사,김민호,경기(남),2024-02-00298,534500,,,,,,
소방설비,소방시설공사업(전문),6019,주식회사 에이치씨코퍼레이션,이종훈,경기(남),2025-02-00186,534500,,,,,,
소방설비,소방시설공사업(전문),6019,주식회사 이수방재,유선덕,경기(남),2022-02-00163,534500,,,,,,
소방설비,소방시설공사업(전문),6019,명성플로우 주식회사,유승진,경기(남),2025-02-00177,534500,,,,,,
소방설비,소방시설공사업(전문),6019,주식회사 다원종합건설,김춘섭,경기(남),2025-02-00207,534500,,,,,,
소방설비,소방시설공사업(전문),6019,(주)에스디시스템,박봉용,경기(남),2023-02-00202,534500,,,,,,
소방설비,소방시설공사업(전문),6019,주식회사 씨엔지엔지니어링,금미경,경기(남),2025-02-00123,534500,,,,,,
소방설비,소방시설공사업(전문),6019,주식회사 대주이엔지,윤수철,경기(남),2025-02-00204,534500,,,,,,
소방설비,소방시설공사업(전문),6019,주식회사 테라젠테크,채희술,경기(남),2017-02-00231,534500,,,,,,
소방설비,소방시설공사업(전문),6019,주식회사 세종소방방재,이현경,경기(남),2020-02-00022,534500,,,,,,
소방설비,소방시설공사업(전문),6019,동명전기기계 주식회사,이상명,전남광주(광주),2025-02-00083,534500,,,,,,
소방설비,소방시설공사업(전문),6019,성창이엔지(주),권영달,부산,제2011-39호,534500,,,,,,
소방설비,소방시설공사업(전문),6019,주식회사 부경소방,안차영,부산,2025-02-00063,534500,,,,,,
소방설비,소방시설공사업(일반·전기),42,주식회사 다올이엔씨,유칠상,서울,2024-02-00396,534500,,,,,,
소방설비,소방시설공사업(일반·기계),14,성진플랜트 주식회사,이성호,서울,2025-02-00313,534500,,,,,,
소방설비,소방시설공사업(전문),6041,주식회사 바른전력,전태연,서울,2020-02-00334,534500,,,,,,
소방설비,소방시설공사업(전문),6042,(주)코젠,윤성훈,서울,2023-02-00199,534400,,,,,,
소방설비,소방시설공사업(전문),6043,주식회사 케이제이이엔지,구본신,서울,2017-02-00047,534300,,,,,,
소방설비,소방시설공사업(전문),6044,유원건설 주식회사,고광태,대전,2024-02-00087,534100,,,,,,
소방설비,소방시설공사업(전문),6045,케이엔솔 주식회사,구자겸,충북,2017-02-00445,533700,,,,,,
소방설비,소방시설공사업(전문),6046,주식회사 선강,강선,전남광주(광주),2018-02-00074,532600,,,,,,
소방설비,소방시설공사업(전문),6047,(합)자유전력,이기환,경남,경남 창원 제2007-10호,532600,,,,,,
소방설비,소방시설공사업(전문),6048,(주)상신프렌트,이종숙,서울,2020-02-00653,532300,,,,,,
소방설비,소방시설공사업(전문),6049,(주)계림,김세룡,경북,경산 제99-7호,530800,,,,,,
소방설비,소방시설공사업(전문),6050,(주)티움코리아,장유진,경기(남),2023-02-00206,530500,,,,,,
소방설비,소방시설공사업(전문),6051,주식회사 윤빛,임상욱,경기(남),2022-02-00235,530300,,,,,,
소방설비,소방시설공사업(전문),6052,유한회사 윤성일렉,최귀석,전남광주(광주),2021-02-00411,529900,,,,,,
소방설비,소방시설공사업(전문),6053,유한회사 온누리소방,허민,전남광주(전남),2021-02-00574,529000,,,,,,
소방설비,소방시설공사업(전문),6054,주식회사 이에프씨벼리,설동국,경기(남),2023-02-00132,527900,,,,,,
소방설비,소방시설공사업(전문),6055,주식회사 에프엠소방,박상구,충남,2024-02-00127,527800,,,,,,
소방설비,소방시설공사업(전문),6056,주식회사 도솔방재,조현철,경기(남),2019-02-00245,527600,,,,,,
소방설비,소방시설공사업(전문),6057,희망기업,진현철,경남,2022-02-00236,527600,,,,,,
소방설비,소방시설공사업(전문),6058,(주)대유미디어시스템즈,이원문,경기(남),2025-02-00336,527400,,,,,,
소방설비,소방시설공사업(전문),6059,(주)미래이앤지,함경태,충북,제청주서부2014-9호,527000,,,,,,
소방설비,소방시설공사업(전문),6060,주식회사 여주엔지니어링,류윤주,전남광주(광주),2022-02-00356,526800,,,,,,
소방설비,소방시설공사업(전문),6061,주식회사 다원이엔씨,장기만,전남광주(광주),2016-02-00331,526600,,,,,,
소방설비,소방시설공사업(전문),6062,경남이엔씨 주식회사,정화영,경남,2017-02-00243,524800,,,,,,
소방설비,소방시설공사업(전문),6063,주식회사 재우전기,최병옥,충남,2023-02-00358,524600,,,,,,
소방설비,소방시설공사업(전문),6064,수성아이티(주),최윤홍,경기(남),2023-02-00077,524100,,,,,,
소방설비,소방시설공사업(전문),6065,주식회사 원탑소방,황미연,서울,2022-02-00475,524100,,,,,,
소방설비,소방시설공사업(전문),6066,주식회사 세원전기(Sewon Electric Co.),손정환,충북,2023-02-00364,524000,,,,,,
소방설비,소방시설공사업(전문),6067,영진전공,김영식,경북,2021-02-00017,524000,,,,,,
소방설비,소방시설공사업(전문),6068,(주)에프앤피이엔지,김용구,경기(남),2022-02-00012,523900,,,,,,
소방설비,소방시설공사업(전문),6068,주식회사 국보전력,박영옥,충남,2021-02-00001,523900,,,,,,
소방설비,소방시설공사업(전문),6070,주식회사 좋은엔지니어링,김병희,충북,2016-02-00595,523800,,,,,,
소방설비,소방시설공사업(전문),6071,주식회사 삼정씨앤드씨,신영우,전남광주(전남),2025-02-00059,523700,,,,,,
소방설비,소방시설공사업(전문),6072,(주)화진소방공사,박창수,울산,제2011-2호,523600,,,,,,
소방설비,소방시설공사업(일반·전기),43,주식회사 초이,한영진,서울,2019-02-00227,523500,,,,,,
소방설비,소방시설공사업(전문),6073,주식회사 등전이엔지,김영승,서울,2017-02-00020,523400,,,,,,
소방설비,소방시설공사업(전문),6074,중원방재 주식회사,최종섭,충북,2022-02-00266,523200,,,,,,
소방설비,소방시설공사업(전문),6075,주식회사 강북전설,신지영,대구,2020-02-00503,522200,,,,,,
소방설비,소방시설공사업(전문),6076,(주)성익에너지산업,주혜옥,충북,제2007-5호,522100,,,,,,
소방설비,소방시설공사업(전문),6077,(주)원방재엔지니어링,이종선,충북,2024-02-00110,521400,,,,,,
소방설비,소방시설공사업(전문),6078,(주)유성전력,김동환,부산,제2015-10호,521400,,,,,,
소방설비,소방시설공사업(전문),6079,주식회사 부광산업,이광민,강원,2017-02-00472,521200,,,,,,
소방설비,소방시설공사업(전문),6080,주식회사 기림,김영희,경남,2016-02-00051,521000,,,,,,
소방설비,소방시설공사업(전문),6081,명남전기소방(주),김명기,경기(남),2019-02-00201,520600,,,,,,
소방설비,소방시설공사업(전문),6082,주식회사 경성이엔지,김용주,경북,2018-02-00394,520200,,,,,,
소방설비,소방시설공사업(전문),6083,창조전기 주식회사,허강무,인천,2025-02-00133,519300,,,,,,
소방설비,소방시설공사업(전문),6084,아이엠방재이엔지 주식회사,김현웅,경기(남),2020-02-00034,518700,,,,,,
소방설비,소방시설공사업(전문),6085,호성종합건설 주식회사,김성렬,경북,2022-02-00499,518500,,,,,,
소방설비,소방시설공사업(전문),6086,(주)청풍소방안전,김현숙,경기(남),경기안산제2015-11호,517700,,,,,,
소방설비,소방시설공사업(전문),6087,(주)케이지건설,윤선규,경남,2016-02-00178,517700,,,,,,
소방설비,소방시설공사업(전문),6088,주식회사 금화산업,이경효,경남,2020-02-00186,517400,,,,,,
소방설비,소방시설공사업(전문),6089,주식회사 해보이엔에프,이수철,경기(남),2025-02-00038,517400,,,,,,
소방설비,소방시설공사업(전문),6090,(주)타임엔지니어링,손용식,서울,2018-02-00176,517100,,,,,,
소방설비,소방시설공사업(전문),6091,주식회사 우리소방,김도윤,경기(남),2019-02-00027,516200,,,,,,
소방설비,소방시설공사업(전문),6092,"주식회사 아코이엔씨 (AKO Engineering & Construction CO.,Ltd.)",백현기,서울,2026-02-00127,516200,,,,,,
소방설비,소방시설공사업(전문),6093,주식회사 젠알에프티,강대성,경기(북),2019-02-00580,515800,,,,,,
소방설비,소방시설공사업(전문),6094,(주)한양아이엔디,박범용,대구,2019-02-00103,515500,,,,,,
소방설비,소방시설공사업(전문),6095,주식회사 엠지토탈서비스,반영식,서울,2026-02-00044,515400,,,,,,
소방설비,소방시설공사업(전문),6096,화영일렉콤(주),허영,경기(남),경기부천 제2012-3호,515400,,,,,,
소방설비,소방시설공사업(전문),6097,주식회사 동남전기통신,이성호,충남,2020-02-00389,515100,,,,,,
소방설비,소방시설공사업(전문),6098,주식회사 태호건설,김미숙,경북,2022-02-00066,515000,,,,,,
소방설비,소방시설공사업(전문),6099,가온건설전기,한재은,인천,2021-02-00284,515000,,,,,,
소방설비,소방시설공사업(전문),6100,주식회사 무건전기통신,염성희,대구,2020-02-00349,514500,,,,,,
소방설비,소방시설공사업(전문),6101,주식회사 이은,정경희,경기(남),2025-02-00061,514000,,,,,,
소방설비,소방시설공사업(전문),6102,(주)동방전력,최영근,전남광주(전남),제보성 2006-3호,514000,,,,,,
소방설비,소방시설공사업(전문),6103,(주)해태소방,최태준,경기(북),제경기일산 2006-1호,513600,,,,,,
소방설비,소방시설공사업(전문),6104,주식회사 지엔티,하동현,경기(북),2024-02-00194,513400,,,,,,
소방설비,소방시설공사업(전문),6105,주식회사 이안전기소방,안병국,서울,2025-02-00367,513000,,,,,,
소방설비,소방시설공사업(전문),6106,(주)조은이앤씨,윤영미,경기(남),경기안산 제2005-16호,512800,,,,,,
소방설비,소방시설공사업(전문),6107,(주)라전사,나희택,전남광주(광주),제2011-다-06호,510200,,,,,,
소방설비,소방시설공사업(전문),6108,(주)제일전기공사,이광민,경기(남),경기오산 제2009-1호,510000,,,,,,
소방설비,소방시설공사업(전문),6109,(주)대경이엠씨,천종근,경북,제2013-7호,507100,,,,,,
소방설비,소방시설공사업(일반·전기),44,(주)화인이앤텍,이왕주,서울,제동작 2001-2호,506800,,,,,,
소방설비,소방시설공사업(일반·전기),45,(주)화인,류해락,경남,2015-02-00128,506600,,,,,,
소방설비,소방시설공사업(전문),6110,주식회사 태양전기,홍석봉,서울,2024-02-00141,506000,,,,,,
소방설비,소방시설공사업(전문),6111,공단테크(주),이보형,경기(남),2019-02-00207,505600,,,,,,
소방설비,소방시설공사업(전문),6112,(주)기원종합건설,한승훈,전남광주(전남),제2008-차-1호,505100,,,,,,
소방설비,소방시설공사업(전문),6113,(주)은성전설,우윤명,경기(남),2024-02-00268,504900,,,,,,
소방설비,소방시설공사업(전문),6114,(주)삼원전력,김수진,전남광주(광주),제 2006-가-1호,504600,,,,,,
소방설비,소방시설공사업(전문),6115,주식회사 희성이엔씨,김희선,경기(남),2024-02-00309,504200,,,,,,
소방설비,소방시설공사업(전문),6116,필성건설(주),유순길,경기(남),2016-02-00505,504200,,,,,,
소방설비,소방시설공사업(일반·전기),46,상원전기(주),박윤규,서울,제영등포2001-4호,504200,,,,,,
소방설비,소방시설공사업(전문),6117,(주)용호기계기술,정성호,전남광주(전남),2024-02-00374,504200,,,,,,
소방설비,소방시설공사업(전문),6118,(주)다래이앤씨,이은자,부산,2023-02-00349,503600,,,,,,
소방설비,소방시설공사업(전문),6119,유한회사 전국소방안전,이지현,전북,2022-02-00114,501600,,,,,,
소방설비,소방시설공사업(일반·전기),47,(주)금강전력,오영선,서울,제영등포 2003-9호,501500,,,,,,
소방설비,소방시설공사업(전문),6120,(주)그린이엔지,박덕규,충남,2015-02-00116,500900,,,,,,
소방설비,소방시설공사업(전문),6121,(주)광성전기,송세호,충북,청주서부소방서 제2010-10호,500300,,,,,,
소방설비,소방시설공사업(전문),6122,(주)혁지방재,윤정상,서울,2016-02-00589,499600,,,,,,
소방설비,소방시설공사업(전문),6123,(주)덕민전기,최영료,부산,2019-02-00416,498800,,,,,,
소방설비,소방시설공사업(전문),6124,주식회사 코어전력,김다혜,부산,2026-02-00070,498200,,,,,,
소방설비,소방시설공사업(전문),6125,서림종합건설 주식회사,송재구,강원,2024-02-00343,498000,,,,,,
소방설비,소방시설공사업(전문),6126,대아티아이(주),장일수,경기(남),2019-02-00280,497000,,,,,,
소방설비,소방시설공사업(전문),6127,주식회사 의림소방이앤지,김선,충북,2025-02-00093,496000,,,,,,
소방설비,소방시설공사업(전문),6128,주식회사 동선소방,신동선,서울,2018-02-00453,495900,,,,,,
소방설비,소방시설공사업(일반·전기),48,대일전기통신(주),김종엽,서울,제서초 2007-5호,495800,,,,,,
소방설비,소방시설공사업(일반·전기),48,에이스기전(주),최동선,경북,제포항 2004-3호,495800,,,,,,
소방설비,소방시설공사업(일반·전기),50,합자회사 한양전기공사,우섬김,대전,제2015-3호,495700,,,,,,
소방설비,소방시설공사업(전문),6129,(주)아이엔아이,이상우,경기(남),2016-02-00404,494700,,,,,,
소방설비,소방시설공사업(전문),6130,프로전력 주식회사,나미숙,서울,2019-02-00288,494100,,,,,,
소방설비,소방시설공사업(전문),6131,(주)엠비씨씨앤아이,도인태,경기(북),경기일산제2015-04호,493800,,,,,,
소방설비,소방시설공사업(전문),6132,유진종합건설(주),도형윤,대구,2021-02-00558,493500,,,,,,
소방설비,소방시설공사업(전문),6133,주식회사 소중,소중휘,서울,2025-02-00089,492500,,,,,,
소방설비,소방시설공사업(전문),6134,(주)도솔방재,이수현,인천,인천계양제2015-7호,491300,,,,,,
소방설비,소방시설공사업(전문),6135,미래산전 주식회사,민천기,충북,2017-02-00001,490800,,,,,,
소방설비,소방시설공사업(전문),6136,주식회사 덕인,김광길,전남광주(전남),2023-02-00394,490700,,,,,,
소방설비,소방시설공사업(일반·전기),51,(주)건우전력건설,박태규,경기(남),경기성남 제2006-19호,490600,,,,,,
소방설비,소방시설공사업(전문),6137,강산기술검사(주),전태호,경남,2020-02-00440,490600,,,,,,
소방설비,소방시설공사업(전문),6138,세명전력 주식회사,손명주,강원,제244호,489400,,,,,,
소방설비,소방시설공사업(전문),6139,금호전력 주식회사,박영균,경기(남),2021-02-00171,489000,,,,,,
소방설비,소방시설공사업(전문),6140,(주)문화전기,김요안,충남,제2004-2호,488700,,,,,,
소방설비,소방시설공사업(전문),6141,유림전기소방,박경숙,강원,제196호,488500,,,,,,
소방설비,소방시설공사업(전문),6142,세종방송통신(주),김민주,세종,2024-02-00080,488400,,,,,,
소방설비,소방시설공사업(전문),6143,(주)네이버소방,조민성,경기(남),2024-02-00068,488300,,,,,,
소방설비,소방시설공사업(전문),6144,(주)공인방재엔지니어링,공찬숙,경남,창원2002-17호,487900,,,,,,
소방설비,소방시설공사업(일반·전기),52,(주)케이방재,김창윤,부산,2022-02-00273,487900,,,,,,
소방설비,소방시설공사업(전문),6145,주식회사 건진,이상건,전북,2015-02-00301,487900,,,,,,
소방설비,소방시설공사업(전문),6146,천아전기 주식회사,한에스더,충남,2020-02-00495,487700,,,,,,
소방설비,소방시설공사업(일반·전기),53,지오이엔씨,고영근,대구,제2007-27호,487400,,,,,,
소방설비,소방시설공사업(전문),6147,에스엔티 주식회사,김순교,강원,2017-02-00360,487400,,,,,,
소방설비,소방시설공사업(전문),6148,주식회사 태산전기,한상열,대전,2020-02-00386,486600,,,,,,
소방설비,소방시설공사업(전문),6149,(주)태백전력소방,손영호,경기(남),2023-02-00277,486400,,,,,,
소방설비,소방시설공사업(전문),6150,다원 F&F,윤혁준,경기(북),2026-02-00033,486300,,,,,,
소방설비,소방시설공사업(전문),6150,주식회사 은강전력,강후근,경기(남),2025-02-00366,486300,,,,,,
소방설비,소방시설공사업(전문),6150,주식회사 정안,박태윤,충북,2026-02-00035,486300,,,,,,
소방설비,소방시설공사업(전문),6153,부여소방,손효동,대전,2026-02-00106,486100,,,,,,
소방설비,소방시설공사업(전문),6154,주식회사 정석소방,남정식,경기(남),2026-02-00047,486100,,,,,,
소방설비,소방시설공사업(전문),6154,주식회사 신우소방이엔지,정완식,부산,2026-02-00139,486100,,,,,,
소방설비,소방시설공사업(전문),6154,진응종합건설 주식회사,백종원,전남광주(전남),2026-02-00177,486100,,,,,,
소방설비,소방시설공사업(전문),6154,주식회사 부샘건설,김소연,충남,2024-02-00175,486100,,,,,,
소방설비,소방시설공사업(전문),6154,주식회사 금오 이.엔.지,김선미,경북,2026-02-00072,486100,,,,,,
소방설비,소방시설공사업(전문),6154,주식회사 더존이엔씨,나찬용,인천,2026-02-00071,486100,,,,,,
소방설비,소방시설공사업(전문),6154,태산소방 주식회사,이지은,대전,2026-02-00093,486100,,,,,,
소방설비,소방시설공사업(전문),6161,주식회사 와이에스이엔지,유재훈,서울,2025-02-00251,486100,,,,,,
소방설비,소방시설공사업(전문),6161,조양종합건설(주),구정아,서울,2024-02-00069,486100,,,,,,
소방설비,소방시설공사업(전문),6161,태원건설산업 주식회사,박재현,대전,2021-02-00464,486100,,,,,,
소방설비,소방시설공사업(전문),6161,제이제이건설 주식회사,이창수,전남광주(전남),2021-02-00103,486100,,,,,,
소방설비,소방시설공사업(전문),6161,주식회사 천우이엔지,박우재,전남광주(전남),2025-02-00308,486100,,,,,,
소방설비,소방시설공사업(전문),6161,주식회사 경일전기,최범진,충남,2024-02-00393,486100,,,,,,
소방설비,소방시설공사업(전문),6161,주식회사 우승전기소방,이정자,충남,2024-02-00344,486100,,,,,,
소방설비,소방시설공사업(전문),6161,(주)청우디엔시,김숙화,경북,2019-02-00489,486100,,,,,,
소방설비,소방시설공사업(일반·전기),54,신한파워 주식회사,정광숙,인천,2022-02-00224,486100,,,,,,
소방설비,소방시설공사업(일반·전기),54,청보전설(주),배성희,경북,칠곡제2013-3호,486100,,,,,,
소방설비,소방시설공사업(일반·전기),54,서영기업,김용남,서울,제영등포 2007-9호,486100,,,,,,
소방설비,소방시설공사업(일반·전기),54,(주)넥선,박민호,경북,2021-02-00140,486100,,,,,,
소방설비,소방시설공사업(일반·전기),54,럭키전력건설 주식회사,이철호,서울,2025-02-00294,486100,,,,,,
소방설비,소방시설공사업(전문),6169,빛샘전자 주식회사,강만준,경기(남),2024-02-00210,486000,,,,,,
소방설비,소방시설공사업(전문),6170,주식회사 대우에스티,김무진,충북,2020-02-00598,485500,,,,,,
소방설비,소방시설공사업(전문),6171,동보전기(주),전충종,경기(남),2022-02-00255,485400,,,,,,
소방설비,소방시설공사업(전문),6172,한려기계산업 주식회사,안영일,전남광주(전남),2021-02-00094,484800,,,,,,
소방설비,소방시설공사업(전문),6173,주식회사 유림이엔티,조미화,경기(남),2025-02-00222,483900,,,,,,
소방설비,소방시설공사업(전문),6174,세원전기(주),임은철,충남,2016-02-00509,483700,,,,,,
소방설비,소방시설공사업(전문),6175,(주)엔제이이앤씨,김미경,경기(남),2020-02-00623,483600,,,,,,
소방설비,소방시설공사업(전문),6176,주식회사 신전력,신정순,대구,2022-02-00071,482400,,,,,,
소방설비,소방시설공사업(전문),6177,주식회사 가람이엔씨,김성수,경기(남),2019-02-00472,482200,,,,,,
소방설비,소방시설공사업(전문),6178,주식회사 한빛전력,정혜경,충북,2025-02-00028,482100,,,,,,
소방설비,소방시설공사업(전문),6179,건수정보통신 주식회사,김기용,부산,2021-02-00412,481900,,,,,,
소방설비,소방시설공사업(전문),6180,바른소방에프씨,정영석,경기(남),2021-02-00441,481800,,,,,,
소방설비,소방시설공사업(전문),6181,주식회사 하나이엔지,김고천,경기(남),2020-02-00261,481300,,,,,,
소방설비,소방시설공사업(전문),6182,주식회사 씨앤엘방재,채정숙,강원,2021-02-00021,480700,,,,,,
소방설비,소방시설공사업(전문),6183,주식회사 에이씨에스,성경철,경북,2019-02-00303,478900,,,,,,
소방설비,소방시설공사업(전문),6184,기린산업개발 주식회사,차호권,전북,2017-02-00556,478800,,,,,,
소방설비,소방시설공사업(전문),6185,주식회사 에이스원이앤씨,최효선,전남광주(전남),2025-02-00111,477600,,,,,,
소방설비,소방시설공사업(전문),6186,주식회사 에이치원이엔지,조정현,인천,2023-02-00062,476400,,,,,,
소방설비,소방시설공사업(일반·전기),59,(합)삼광전기,유희중,경기(남),경기여주 제2005-2호,476300,,,,,,
소방설비,소방시설공사업(전문),6187,주식회사 태동건설,이나영,경북,2018-02-00251,476200,,,,,,
소방설비,소방시설공사업(전문),6188,소방법인도솔(주),이지선,경기(남),2021-02-00588,476000,,,,,,
소방설비,소방시설공사업(전문),6189,교원소방 주식회사,김정주,서울,2020-02-00608,475500,,,,,,
소방설비,소방시설공사업(전문),6190,성진건설(주),김복래,강원,2019-02-00202,475400,,,,,,
소방설비,소방시설공사업(전문),6191,에스케이네트웍스서비스 주식회사,전형일,경기(남),2019-02-00410,475200,,,,,,
소방설비,소방시설공사업(전문),6192,주식회사 주원이에프아이,김종일,서울,2021-02-00019,475200,,,,,,
소방설비,소방시설공사업(전문),6193,(주)나우시스템,신은영,전남광주(광주),제2015-다-2호,474600,,,,,,
소방설비,소방시설공사업(전문),6194,주식회사 미래종합건설,권승억,경기(남),2022-02-00015,473700,,,,,,
소방설비,소방시설공사업(전문),6195,지에스인텍 주식회사,이금성,인천,2021-02-00250,472800,,,,,,
소방설비,소방시설공사업(전문),6196,(주)도솔방재,김환연,경기(남),경기화성 제2010-5호,472600,,,,,,
소방설비,소방시설공사업(전문),6197,(주)금호이엔씨,최수경,경북,2019-02-00573,471900,,,,,,
소방설비,소방시설공사업(전문),6198,주식회사 가나전력,김순자,충북,2017-02-00631,471700,,,,,,
소방설비,소방시설공사업(전문),6199,(주)대림전기엔지니어링,김근영,전남광주(광주),제2005-라-11호,471500,,,,,,
소방설비,소방시설공사업(일반·전기),60,주식회사 평산이엔지,최문옥,서울,2018-02-00239,471200,,,,,,
소방설비,소방시설공사업(전문),6200,주식회사 마인,안혜정,경기(북),2024-02-00232,471100,,,,,,
소방설비,소방시설공사업(전문),6201,주식회사 번계전,구동주,전남광주(전남),2020-02-00057,470200,,,,,,
소방설비,소방시설공사업(전문),6202,주식회사 온빛건설,이동길,충남,2020-02-00021,470200,,,,,,
소방설비,소방시설공사업(전문),6203,주식회사 대영전기,김영무,경남,2025-02-00285,470200,,,,,,
소방설비,소방시설공사업(전문),6204,우리이앤아이(주),김구,충남,2019-02-00457,469400,,,,,,
소방설비,소방시설공사업(전문),6205,주식회사 우리방재컨설팅,최성진,충북,2020-02-00542,469400,,,,,,
소방설비,소방시설공사업(전문),6206,주식회사 대양포스텍,조한나,경기(남),2023-02-00161,468400,,,,,,
소방설비,소방시설공사업(일반·전기),61,주식회사 대운전력개발,편경혜,경기(남),2021-02-00532,467200,,,,,,
소방설비,소방시설공사업(전문),6207,형성전기(주),오성구,서울,2020-02-00441,466800,,,,,,
소방설비,소방시설공사업(전문),6208,주식회사 다올,전원효,전북,2020-02-00242,466500,,,,,,
소방설비,소방시설공사업(일반·전기),62,(주)중원전기,임택용,대전,2019-02-00461,465800,,,,,,
소방설비,소방시설공사업(전문),6209,(주)안진소방공사,정연재,경남,제03-4호,464900,,,,,,
소방설비,소방시설공사업(전문),6210,에스케이피오 주식회사,이숙희,경기(남),2024-02-00071,464200,,,,,,
소방설비,소방시설공사업(전문),6211,주식회사 닛시화이어테크,우대근,대전,2025-02-00248,463000,,,,,,
소방설비,소방시설공사업(전문),6212,주식회사 도현건설,이현철,전남광주(광주),2021-02-00319,462900,,,,,,
소방설비,소방시설공사업(전문),6213,주식회사 아이티이엔씨,유정미,전남광주(전남),2020-02-00523,462900,,,,,,
소방설비,소방시설공사업(전문),6214,주식회사 대아전력,한승철,경남,2025-02-00211,462700,,,,,,
소방설비,소방시설공사업(전문),6215,(주)도솔방재,강태균,서울,제동대문2012-2호,462400,,,,,,
소방설비,소방시설공사업(전문),6216,주식회사 원광전기,노고길,전남광주(전남),2024-02-00371,461800,,,,,,
소방설비,소방시설공사업(전문),6217,주식회사 여산종합건설,이승일,대구,2022-02-00040,461700,,,,,,
소방설비,소방시설공사업(일반·기계),15,(주)우리공영설비,심혁세,서울,2015-02-00190,460500,,,,,,
소방설비,소방시설공사업(전문),6218,주식회사 제이정보통신,안기현,충북,2025-02-00149,460500,,,,,,
소방설비,소방시설공사업(전문),6219,(주)태운전력산업,양동선,전남광주(전남),제2012-카-20호,459800,,,,,,
소방설비,소방시설공사업(전문),6220,세종전기(주),박종순,충북,증평제2014-1호,459700,,,,,,
소방설비,소방시설공사업(전문),6221,온누리이앤씨(주),양복기,충북,제2007-18호,459400,,,,,,
소방설비,소방시설공사업(일반·전기),63,(주)태광이엔지,이환태,부산,제2010-14호,457800,,,,,,
소방설비,소방시설공사업(전문),6222,(주)우송전기,김희중,충남,제2006-5호,457300,,,,,,
소방설비,소방시설공사업(전문),6223,밝으리이엔씨 주식회사,신영빈,전남광주(전남),2019-02-00154,457200,,,,,,
소방설비,소방시설공사업(전문),6224,(주)삼원이엔씨,박동일,부산,제2011-23호,456500,,,,,,
소방설비,소방시설공사업(전문),6225,대승일렉트릭 주식회사,한윤근,서울,2020-02-00596,456300,,,,,,
소방설비,소방시설공사업(전문),6226,우주건설(주),신암철,전남광주(광주),2016-02-00020,456100,,,,,,
소방설비,소방시설공사업(전문),6227,이호건설 주식회사,이주섭,경기(남),2021-02-00084,456100,,,,,,
소방설비,소방시설공사업(전문),6228,주식회사 유성이엔씨,정진호,경북,2026-02-00159,455700,,,,,,
소방설비,소방시설공사업(전문),6229,경희방재 주식회사,김정근,제주,2018-02-00497,455300,,,,,,
소방설비,소방시설공사업(전문),6230,주식회사 코너스,김동오,서울,2023-02-00234,455100,,,,,,
소방설비,소방시설공사업(일반·전기),64,케이비전력 주식회사,한소영,서울,2025-02-00192,454500,,,,,,
소방설비,소방시설공사업(전문),6231,에스아이티이엔지(주),홍순환,경기(남),경기화성 제2015-07호,454300,,,,,,
소방설비,소방시설공사업(전문),6232,주식회사 일일구소방,유경식,충남,2017-02-00536,454200,,,,,,
소방설비,소방시설공사업(전문),6233,유니슨이앤씨 주식회사,최경호,서울,2024-02-00172,453900,,,,,,
소방설비,소방시설공사업(일반·전기),65,세이콘(주),강주현,인천,인천부평 제2008-7호,453600,,,,,,
소방설비,소방시설공사업(전문),6234,(주)푸른전기,나일도,전남광주(전남),2017-02-00058,453500,,,,,,
소방설비,소방시설공사업(전문),6235,주식회사 네오플럭스,양임숙,강원,2018-02-00452,453300,,,,,,
소방설비,소방시설공사업(전문),6236,태경이엘피(주),김연희,서울,제구로 90-2호,453300,,,,,,
소방설비,소방시설공사업(전문),6237,주식회사 진일,이호재,전남광주(전남),2016-02-00287,452200,,,,,,
소방설비,소방시설공사업(전문),6238,(주)대명전설,김진숙,경기(남),2015-02-00031,452100,,,,,,
소방설비,소방시설공사업(전문),6239,(주)정수이엔티,김이봉,경남,2024-02-00240,451900,,,,,,
소방설비,소방시설공사업(전문),6240,(주)다산전기건설공사,백선자,서울,2020-02-00635,451800,,,,,,
소방설비,소방시설공사업(전문),6241,(주)경성전기,최재인,경남,2022-02-00310,451600,,,,,,
소방설비,소방시설공사업(전문),6242,주식회사 진도,김용회,경기(북),2019-02-00497,450900,,,,,,
소방설비,소방시설공사업(전문),6243,주식회사 기선전력,이경화,전북,2017-02-00290,450800,,,,,,
소방설비,소방시설공사업(전문),6244,운강건설 주식회사,이창우,경북,제포항북부2013-4호,450700,,,,,,
소방설비,소방시설공사업(전문),6245,(주)이안,김월선,인천,인천남부 제2007-12호,450200,,,,,,
소방설비,소방시설공사업(전문),6246,(주)삼부종합전력,박규상,서울,제은평2009-06호,449400,,,,,,
소방설비,소방시설공사업(전문),6247,주식회사 다온이앤씨,김영철,서울,2024-02-00192,449200,,,,,,
소방설비,소방시설공사업(전문),6248,주식회사 오제이디,김성락,경기(남),2025-02-00015,448200,,,,,,
소방설비,소방시설공사업(일반·전기),66,엄지전력소방공사,박재용,인천,인천남부 제2007-14호,448200,,,,,,
소방설비,소방시설공사업(전문),6249,건우이앤지 주식회사,김만중,충남,2025-02-00121,447900,,,,,,
소방설비,소방시설공사업(전문),6250,효한전기(주),홍순선,부산,제2009-27호,447500,,,,,,
소방설비,소방시설공사업(전문),6251,신한동력(주),오재근,경기(남),2020-02-00587,447300,,,,,,
소방설비,소방시설공사업(전문),6252,(주)세인,조용만,경북,칠곡제2012-1호,447000,,,,,,
소방설비,소방시설공사업(전문),6253,태웅이엔에스(주),정원봉,충북,제2006-5호,446400,,,,,,
소방설비,소방시설공사업(전문),6253,유석산업(주),최현호,서울,제서초2013-2호,446400,,,,,,
소방설비,소방시설공사업(전문),6255,석암산업 주식회사,최순용,대전,2017-02-00510,446200,,,,,,
소방설비,소방시설공사업(전문),6256,주식회사 한별소방산업,정혜경,경기(북),2025-02-00100,446100,,,,,,
소방설비,소방시설공사업(전문),6257,(주)소방친구일일구,백동승,경기(남),경기시흥제2013-4호,445800,,,,,,
소방설비,소방시설공사업(전문),6258,주식회사 유민전력산업,이영필,전남광주(전남),2024-02-00397,445400,,,,,,
소방설비,소방시설공사업(전문),6259,주식회사 정성소방,최기성,전북,2025-02-00152,444100,,,,,,
소방설비,소방시설공사업(전문),6260,케이에스소방공사,김상범,충북,2024-02-00181,443600,,,,,,
소방설비,소방시설공사업(일반·기계),16,(주)유창기연,마남현,서울,제송파2011-7호,443200,,,,,,
소방설비,소방시설공사업(전문),6261,주식회사 한세전기공사,양현욱,경기(남),2024-02-00354,442900,,,,,,
소방설비,소방시설공사업(전문),6262,주식회사 우주이엔씨,남우람,서울,2020-02-00283,442600,,,,,,
소방설비,소방시설공사업(전문),6263,(주)시온엔지니어링,양기훈,경기(남),2022-02-00358,442300,,,,,,
소방설비,소방시설공사업(전문),6264,주식회사 일육전기통신공사,강희옥,대전,제85-11호,442000,,,,,,
소방설비,소방시설공사업(전문),6265,케이에스소방방재(KS소방방재),엄기석,인천,2025-02-00296,441700,,,,,,
소방설비,소방시설공사업(전문),6266,주식회사 대원소방,김대원,경남,2021-02-00146,441200,,,,,,
소방설비,소방시설공사업(전문),6267,국부전기 주식회사,송찬형,경기(남),2022-02-00377,440800,,,,,,
소방설비,소방시설공사업(전문),6268,삼성기전(주),원은희,충북,2015-02-00033,439700,,,,,,
소방설비,소방시설공사업(일반·전기),67,주식회사 신한전기,강신수,경기(남),2023-02-00351,439400,,,,,,
소방설비,소방시설공사업(일반·전기),68,주식회사 디에이치파워텍,김대흥,서울,2023-02-00290,439400,,,,,,
소방설비,소방시설공사업(전문),6269,유한회사 성일이엔씨,김성현,경기(남),2025-02-00215,439200,,,,,,
소방설비,소방시설공사업(전문),6270,(주)스마트비전,이경수,경기(남),2024-02-00098,438900,,,,,,
소방설비,소방시설공사업(전문),6271,(주)진무전력,노영우,경기(남),2023-02-00393,438800,,,,,,
소방설비,소방시설공사업(전문),6272,금정코리아 주식회사,김성백,대구,2025-02-00075,438800,,,,,,
소방설비,소방시설공사업(전문),6273,(유)탑종합방재,방찬석,제주,2016-02-00549,438600,,,,,,
소방설비,소방시설공사업(전문),6274,주식회사 선일디엔씨,고영수,인천,2024-02-00133,438500,,,,,,
소방설비,소방시설공사업(전문),6275,성민소방 주식회사,김환희,경기(북),2019-02-00375,438200,,,,,,
소방설비,소방시설공사업(전문),6276,에쓰이씨 주식회사,이명규,서울,2018-02-00481,438000,,,,,,
소방설비,소방시설공사업(전문),6277,주식회사 에프에이방재,안소라,경기(북),2026-02-00097,437700,,,,,,
소방설비,소방시설공사업(전문),6277,주식회사 유호소방,장진욱,경남,2026-02-00227,437700,,,,,,
소방설비,소방시설공사업(전문),6277,주식회사 조흥전력공사,성용경,경남,2026-02-00068,437700,,,,,,
소방설비,소방시설공사업(전문),6277,주식회사 화진소방,이정봉,제주,2026-02-00230,437700,,,,,,
소방설비,소방시설공사업(전문),6277,주식회사 신정이앤지,신승철,강원,2026-02-00069,437700,,,,,,
소방설비,소방시설공사업(전문),6277,춘천소방공사,최윤희,강원,2026-02-00152,437700,,,,,,
소방설비,소방시설공사업(전문),6283,주식회사 남아,김성용,전남광주(전남),2025-02-00127,437600,,,,,,
소방설비,소방시설공사업(전문),6283,주식회사 좋은전기,김미굉,경남,2017-02-00140,437600,,,,,,
소방설비,소방시설공사업(전문),6283,주식회사 이건전기통신,김병선,경기(남),2025-02-00289,437600,,,,,,
소방설비,소방시설공사업(전문),6283,세방(주),최종일,부산,2025-02-00085,437600,,,,,,
소방설비,소방시설공사업(전문),6283,(주)한기실업,박광진,서울,제강남2012-13호,437600,,,,,,
소방설비,소방시설공사업(전문),6283,주식회사 홍천전기통신,김영걸,서울,2025-02-00272,437600,,,,,,
소방설비,소방시설공사업(전문),6283,주식회사 소방시대인천점,이미선,인천,2025-02-00350,437600,,,,,,
소방설비,소방시설공사업(전문),6283,(주)엔아이씨이,주순화,경기(남),2025-02-00130,437600,,,,,,
소방설비,소방시설공사업(전문),6283,주식회사 신우퍼스텍,김유경,경기(남),2025-02-00252,437600,,,,,,
소방설비,소방시설공사업(전문),6283,주식회사 세영이엔씨,김병래,서울,2025-02-00153,437600,,,,,,
소방설비,소방시설공사업(일반·전기),69,주식회사 신후전력,강상순,서울,2016-02-00334,437600,,,,,,
소방설비,소방시설공사업(일반·전기),69,(주)장원전기소방공사,장양래,충남,2017-02-00462,437600,,,,,,
소방설비,소방시설공사업(전문),6293,주식회사 대경이엔씨,배춘희,전남광주(전남),2017-02-00610,437500,,,,,,
소방설비,소방시설공사업(전문),6294,주식회사 가경코스모,조문희,서울,2024-02-00319,437400,,,,,,
소방설비,소방시설공사업(전문),6295,(주)창성소방,이창환,서울,2018-02-00301,437400,,,,,,
소방설비,소방시설공사업(전문),6296,(주)우수전력,김종욱,경기(북),2016-02-00478,437200,,,,,,
소방설비,소방시설공사업(전문),6297,주식회사 신진알앤씨,김종현,대구,2020-02-00289,436800,,,,,,
소방설비,소방시설공사업(전문),6298,주식회사 신원전력,이석태,충남,2022-02-00090,436700,,,,,,
소방설비,소방시설공사업(전문),6299,광통신산업(주),김광,경기(남),경기수원제2014-11호,435900,,,,,,
소방설비,소방시설공사업(전문),6300,미동이엔씨 주식회사,최현수,전북,2020-02-00223,434900,,,,,,
소방설비,소방시설공사업(전문),6301,케이에스엔시(주),송상헌,서울,제영등포2004-27호,434000,,,,,,
소방설비,소방시설공사업(전문),6302,주식회사 환한세상,신문경,충남,2021-02-00333,433800,,,,,,
소방설비,소방시설공사업(전문),6303,동방박사,김운겸,서울,2017-02-00002,433600,,,,,,
소방설비,소방시설공사업(전문),6304,주식회사경복전력,이연지,경남,2015-02-00181,432000,,,,,,
소방설비,소방시설공사업(전문),6305,주식회사 정안이엔지,이준영,대전,2024-02-00074,429800,,,,,,
소방설비,소방시설공사업(전문),6306,신영전기이엔지 주식회사,황규현,경기(남),2024-02-00169,429700,,,,,,
소방설비,소방시설공사업(전문),6307,대영종합건설 주식회사,윤일권,대전,제2007-10호,428500,,,,,,
소방설비,소방시설공사업(전문),6308,월드소방(주),김광수,경기(남),2025-02-00338,428500,,,,,,
소방설비,소방시설공사업(전문),6309,주식회사 성문엔지니어링,김선호,서울,2025-02-00101,428000,,,,,,
소방설비,소방시설공사업(전문),6310,큰빛설비 주식회사,이지영,대구,2022-02-00362,427600,,,,,,
소방설비,소방시설공사업(전문),6311,이성씨엔아이 주식회사,박기선,부산,2020-02-00646,426600,,,,,,
소방설비,소방시설공사업(전문),6312,한려소방 주식회사,주민철,전남광주(전남),2017-02-00640,425600,,,,,,
소방설비,소방시설공사업(전문),6313,주식회사 오광개발,김경빈,세종,제2014-1-20호,423900,,,,,,
소방설비,소방시설공사업(전문),6314,태흥산업(주),조덕호,대구,2020-02-00521,423300,,,,,,
소방설비,소방시설공사업(전문),6315,유한회사 요한전기,장승열,전북,2021-02-00233,422500,,,,,,
소방설비,소방시설공사업(전문),6316,동현기술산업(주),김동석,서울,제강동2010-1호,422000,,,,,,
소방설비,소방시설공사업(전문),6317,(주)미주전통,장원식,서울,2020-02-00575,422000,,,,,,
소방설비,소방시설공사업(전문),6318,대양종합전력 주식회사,김영숙,전남광주(광주),2018-02-00027,421400,,,,,,
소방설비,소방시설공사업(전문),6319,그린소방기술단,이소영,경기(남),2025-02-00212,421100,,,,,,
소방설비,소방시설공사업(전문),6320,주식회사 테슬라엔지니어링,이승준,서울,2016-02-00254,421000,,,,,,
소방설비,소방시설공사업(전문),6321,(주)성창산업설비,이창봉,부산,2022-02-00191,421000,,,,,,
소방설비,소방시설공사업(전문),6322,우창전력(주),권선욱,충북,제97-11호,420400,,,,,,
소방설비,소방시설공사업(전문),6323,주식회사 금보개발,조산옥,경기(북),2024-02-00158,420100,,,,,,
소방설비,소방시설공사업(전문),6324,주식회사 세기공조시스템,김동성,서울,2023-02-00012,419600,,,,,,
소방설비,소방시설공사업(전문),6325,(주)대주전기,조진화,부산,2021-02-00272,418500,,,,,,
소방설비,소방시설공사업(전문),6326,주식회사 대륙,이원경,경기(남),2017-02-00187,418100,,,,,,
소방설비,소방시설공사업(전문),6327,(주)수산인더스트리,한봉섭,충남,천안서북 제2012-1호,417800,,,,,,
소방설비,소방시설공사업(전문),6328,(주)미성가스이엔지,소성렬,경기(남),2024-02-00377,417200,,,,,,
소방설비,소방시설공사업(전문),6329,주식회사 서진전력,김영실,경남,2016-02-00233,417200,,,,,,
소방설비,소방시설공사업(전문),6330,주식회사 남도산업,최지숙,전남광주(광주),2018-02-00038,416400,,,,,,
소방설비,소방시설공사업(전문),6331,주식회사 엠엔제이,김경미,전북,2023-02-00098,414600,,,,,,
소방설비,소방시설공사업(전문),6332,리더스소방,송현주,충북,2025-02-00234,414300,,,,,,
소방설비,소방시설공사업(일반·기계),17,(주)대우소방설비,유진성,충남,천안서북 제1997-1호,414000,,,,,,
소방설비,소방시설공사업(전문),6333,유한회사 세한이엔지,윤택용,전북,2023-02-00208,413500,,,,,,
소방설비,소방시설공사업(전문),6334,주식회사 승민,박찬주,경남,2023-02-00376,413100,,,,,,
소방설비,소방시설공사업(전문),6335,주식회사 일성,김정숙,전남광주(전남),2018-02-00537,413100,,,,,,
소방설비,소방시설공사업(일반·전기),71,하나이엔씨 주식회사,신동창,경기(남),2023-02-00243,412700,,,,,,
소방설비,소방시설공사업(전문),6336,주식회사 제일이엔지,신정민,경남,2020-02-00264,412700,,,,,,
소방설비,소방시설공사업(전문),6337,(주)에스에이치소방,정영중,경남,제2012-07호,412200,,,,,,
소방설비,소방시설공사업(전문),6338,주식회사 가온이엔씨,윤인구,부산,2024-02-00280,412000,,,,,,
소방설비,소방시설공사업(전문),6339,주식회사 세명,최기철,강원,2021-02-00258,410300,,,,,,
소방설비,소방시설공사업(전문),6340,주식회사 국제소방안전점검,전현종,전남광주(광주),2017-02-00128,409800,,,,,,
소방설비,소방시설공사업(전문),6341,이넵스(주),이동일,인천,2021-02-00170,409500,,,,,,
소방설비,소방시설공사업(일반·전기),72,우신방재,남연화,경기(남),2026-02-00030,408600,,,,,,
소방설비,소방시설공사업(전문),6342,(주)대림소방공사,박성규,경기(남),2025-02-00159,408000,,,,,,
소방설비,소방시설공사업(전문),6343,(주)세풍전기,전종열,부산,제2014-17호,408000,,,,,,
소방설비,소방시설공사업(전문),6344,만경엔지니어링 주식회사,김순자,충북,2015-02-00402,407400,,,,,,
소방설비,소방시설공사업(전문),6345,(주)예성전기통신,최홍철,대구,2018-02-00468,407200,,,,,,
소방설비,소방시설공사업(전문),6346,엠케이전기 주식회사,이화연,서울,2025-02-00162,406700,,,,,,
소방설비,소방시설공사업(전문),6347,모건인프라 주식회사,하민수,경기(남),경기용인공사 제2014-03호,406000,,,,,,
소방설비,소방시설공사업(전문),6348,주식회사 하나이엔지전력,정인태,경기(남),2017-02-00538,405600,,,,,,
소방설비,소방시설공사업(전문),6349,유한회사 상원전력,조일곤,전북,2017-02-00537,404900,,,,,,
소방설비,소방시설공사업(일반·전기),73,주식회사 신안전력,황호준,경기(남),2016-02-00661,404500,,,,,,
소방설비,소방시설공사업(전문),6350,(주)현신,김갑년,서울,제광진 2005-7호,404500,,,,,,
소방설비,소방시설공사업(전문),6351,(주)해성전기,장상영,충남,2016-02-00041,404000,,,,,,
소방설비,소방시설공사업(전문),6352,(주)청우이엔지,이원강,서울,2023-02-00329,403700,,,,,,
소방설비,소방시설공사업(전문),6353,주식회사 대웅이엔지,강종주,경남,2022-02-00051,403300,,,,,,
소방설비,소방시설공사업(전문),6354,보광종합건설 주식회사,신만호,전남광주(광주),2015-02-00020,403100,,,,,,
소방설비,소방시설공사업(전문),6355,유한회사 다온소방,허지훈,전남광주(전남),2024-02-00164,401900,,,,,,
소방설비,소방시설공사업(전문),6356,현동설비(주),박판흠,경남,2015-02-00300,401700,,,,,,
소방설비,소방시설공사업(전문),6357,에스엠전기(주),김계자,충북,제2008-5호,401500,,,,,,
소방설비,소방시설공사업(전문),6358,주식회사 새움,이세희,경기(남),2023-02-00337,401500,,,,,,
소방설비,소방시설공사업(전문),6359,(주)덕우이앤씨,박성태,서울,2024-02-00093,401000,,,,,,
소방설비,소방시설공사업(전문),6360,(주)고운전기,김춘열,전남광주(전남),제2012-라-1호,400900,,,,,,
소방설비,소방시설공사업(전문),6361,주식회사 신원건설,강범준,전북,2023-02-00247,400900,,,,,,
소방설비,소방시설공사업(전문),6362,위텍이엔씨 주식회사,강태섭,경기(남),2021-02-00186,400800,,,,,,
소방설비,소방시설공사업(전문),6363,하나 이티에프(주),오지민,인천,2024-02-00088,400800,,,,,,
소방설비,소방시설공사업(전문),6364,주식회사 아림전기,김려옥,전남광주(전남),2015-02-00080,400800,,,,,,
소방설비,소방시설공사업(전문),6365,월드이엔텍 주식회사,이상곤,울산,2022-02-00143,399800,,,,,,
소방설비,소방시설공사업(전문),6366,주식회사 하이텍,임채문,전남광주(전남),2016-02-00523,399500,,,,,,
소방설비,소방시설공사업(전문),6367,한성전설 주식회사,김성연,울산,2024-02-00050,399400,,,,,,
소방설비,소방시설공사업(전문),6368,(주)중앙소방,이현근,전남광주(광주),제2006-라-6호,399200,,,,,,
소방설비,소방시설공사업(전문),6369,(주)광덕전기,유문식,대구,2025-02-00068,399000,,,,,,
소방설비,소방시설공사업(전문),6370,주식회사 이룸전력,박은정,부산,2025-02-00246,398100,,,,,,
소방설비,소방시설공사업(전문),6371,(주)안전문화재단기술사사무소,조용호,울산,제2015-3호,398000,,,,,,
소방설비,소방시설공사업(전문),6372,주식회사 대류전력,이현덕,대구,2018-02-00443,397800,,,,,,
소방설비,소방시설공사업(전문),6373,(합)동양통신,최필규,인천,인천부평 제1989-6호,397500,,,,,,
소방설비,소방시설공사업(전문),6374,디씨티준오 주식회사,조병로,충남,2025-02-00216,397000,,,,,,
소방설비,소방시설공사업(전문),6374,주식회사 다원,서석교,경남,2022-02-00372,397000,,,,,,
소방설비,소방시설공사업(전문),6374,광성이앤씨(주),최병용,서울,제구로 2007-11호,397000,,,,,,
소방설비,소방시설공사업(일반·전기),74,영남스퀘어 주식회사,장재모,서울,제강남2012-19호,397000,,,,,,
소방설비,소방시설공사업(전문),6377,진성엔지니어링,조준열,서울,2026-02-00092,396100,,,,,,
소방설비,소방시설공사업(전문),6378,주식회사 명인이앤씨,김근혜,대구,2022-02-00212,395900,,,,,,
소방설비,소방시설공사업(전문),6379,진원소방(주),탁종태,대구,2019-02-00096,395700,,,,,,
소방설비,소방시설공사업(전문),6380,주식회사 대웅전력소방,김진현,경북,2017-02-00142,395400,,,,,,
소방설비,소방시설공사업(전문),6381,주식회사 아이엠개발,임수봉,전남광주(광주),제2009-라-1호,395200,,,,,,
소방설비,소방시설공사업(전문),6382,주식회사 삼화엔지니어링,조남훈,전북,2020-02-00163,393800,,,,,,
소방설비,소방시설공사업(전문),6383,고려전기소방관리 주식회사,이장락,서울,2016-02-00492,393700,,,,,,
소방설비,소방시설공사업(일반·전기),75,정우전설(주),김재호,경기(남),경기안양 제95-6호,393500,,,,,,
소방설비,소방시설공사업(전문),6384,(주)대연기술단,이진열,대구,제2011-1호,393400,,,,,,
소방설비,소방시설공사업(전문),6385,에너지엑스 주식회사,박성현,경기(북),2023-02-00391,392600,,,,,,
소방설비,소방시설공사업(전문),6386,삼흥전력주식회사,서한결,경남,2025-02-00079,392500,,,,,,
소방설비,소방시설공사업(일반·전기),76,금강종합건설 주식회사,박규민,강원,제337호,392400,,,,,,
소방설비,소방시설공사업(일반·전기),77,광운전기(주),조규응,경기(남),경기안양 제2005-39호,391700,,,,,,
소방설비,소방시설공사업(일반·전기),78,(주)우영전력,신희교,서울,제동작2006-14호,391600,,,,,,
소방설비,소방시설공사업(전문),6387,유한회사 더원방재이앤씨,김하윤,전북,2016-02-00144,391100,,,,,,
소방설비,소방시설공사업(전문),6388,주식회사 중앙소방,김경옥,강원,2025-02-00326,391100,,,,,,
소방설비,소방시설공사업(전문),6389,주식회사 유경전기,류난희,서울,2018-02-00530,390800,,,,,,
소방설비,소방시설공사업(전문),6390,(주)씨엠네트웍스,이태희,경기(남),경기수원 제2009-97호,390600,,,,,,
소방설비,소방시설공사업(전문),6391,주식회사 대한소방방재,김종범,대전,2026-02-00225,390500,,,,,,
소방설비,소방시설공사업(전문),6392,주식회사 기명전력,김봉선,전북,2020-02-00042,390400,,,,,,
소방설비,소방시설공사업(일반·전기),79,주식회사 정안이엔지,김선만,서울,2020-02-00430,390400,,,,,,
소방설비,소방시설공사업(전문),6393,일진파워텍(주),박시덕,경기(남),경기안산제2013-8호,390000,,,,,,
소방설비,소방시설공사업(전문),6394,주식회사 에스에이치전력,설귀정,경남,2026-02-00184,389300,,,,,,
소방설비,소방시설공사업(전문),6394,누리소방 주식회사,최윤종,대전,2026-02-00203,389300,,,,,,
소방설비,소방시설공사업(전문),6394,뉴인테크 주식회사,박은영,인천,2026-02-00148,389300,,,,,,
소방설비,소방시설공사업(전문),6394,(주)다보산업관리,정채열,서울,2026-02-00166,389300,,,,,,
소방설비,소방시설공사업(전문),6394,주식회사 금성전기,김지현,세종,2026-02-00067,389300,,,,,,
소방설비,소방시설공사업(전문),6399,주식회사 동방파스텍,지춘남,경기(북),2020-02-00345,389200,,,,,,
소방설비,소방시설공사업(전문),6399,한국전력기술(주),김태균,경북,2015-02-00172,389200,,,,,,
소방설비,소방시설공사업(전문),6399,주식회사 한국소방기술,김재춘,경기(남),2021-02-00626,389200,,,,,,
소방설비,소방시설공사업(전문),6399,(주)조은엔지니어링,신양식,경기(남),2021-02-00144,389200,,,,,,
소방설비,소방시설공사업(전문),6399,중부산업 주식회사,윤승민,경기(북),2019-02-00566,389200,,,,,,
소방설비,소방시설공사업(전문),6399,주식회사 화이날기업,박창작,경기(북),2020-02-00035,389200,,,,,,
소방설비,소방시설공사업(전문),6399,주식회사 신후에너지,이창용,경기(남),2023-02-00373,389200,,,,,,
소방설비,소방시설공사업(전문),6399,주식회사 인덕,유정아,충남,2017-02-00312,389200,,,,,,
소방설비,소방시설공사업(전문),6399,주식회사 나우엔지니어링,황광석,대구,2025-02-00008,389200,,,,,,
소방설비,소방시설공사업(전문),6399,(주)디에스이앤티,양종만,서울,2022-02-00120,389200,,,,,,
소방설비,소방시설공사업(전문),6399,주식회사 메가시스템,김대석,서울,2021-02-00123,389200,,,,,,
소방설비,소방시설공사업(전문),6399,유노시스템 주식회사,한현주,서울,2025-02-00332,389200,,,,,,
소방설비,소방시설공사업(전문),6399,건웅토건 주식회사,이상춘,서울,2025-02-00230,389200,,,,,,
소방설비,소방시설공사업(전문),6399,주식회사 경동건설,김동규,경기(남),2017-02-00233,389200,,,,,,
소방설비,소방시설공사업(전문),6399,금강공업(주),전호준,부산,2025-02-00231,389200,,,,,,
소방설비,소방시설공사업(전문),6399,주식회사 씨에이치텍,신샛별,경기(남),2021-02-00408,389200,,,,,,
소방설비,소방시설공사업(전문),6399,(합)동양아이텍,고광만,강원,2024-02-00183,389200,,,,,,
소방설비,소방시설공사업(전문),6399,제이앤소방,정재원,대구,2025-02-00333,389200,,,,,,
소방설비,소방시설공사업(전문),6399,주식회사 조광엔지니어링,여명록,전남광주(광주),2024-02-00318,389200,,,,,,
소방설비,소방시설공사업(일반·전기),80,주식회사 제이온테크,최희준,경기(남),2020-02-00579,389200,,,,,,
소방설비,소방시설공사업(일반·기계),18,주식회사 티엘티,박상봉,경북,2024-02-00267,389200,,,,,,
소방설비,소방시설공사업(일반·전기),80,(주)우양계전,허용범,경기(남),2024-02-00123,389200,,,,,,
소방설비,소방시설공사업(일반·전기),80,명진전기건설 주식회사,강명호,서울,2020-02-00595,389200,,,,,,
소방설비,소방시설공사업(일반·전기),80,(주)배산엔지니어링,이춘배,서울,제구로2002-11호,389200,,,,,,
소방설비,소방시설공사업(일반·전기),80,(주)퓨렌텍,권순백,강원,제207호,389200,,,,,,
소방설비,소방시설공사업(일반·기계),18,제노이엔씨 주식회사,박대희,충남,2019-02-00391,389200,,,,,,
소방설비,소방시설공사업(전문),6418,(주)현명이앤에프,김재현,서울,2024-02-00217,389200,,,,,,
소방설비,소방시설공사업(일반·전기),85,코위버(주),황인환,서울,2021-02-00199,388800,,,,,,
소방설비,소방시설공사업(전문),6419,(주)에이알,한승일,경기(남),경기시흥 제2008-06호,388500,,,,,,
소방설비,소방시설공사업(전문),6420,주식회사 인트로방염,안윤호,서울,2019-02-00036,388400,,,,,,
소방설비,소방시설공사업(일반·전기),86,(주)성업전기,김재석,경기(남),경기김포 제2009-05호,388000,,,,,,
소방설비,소방시설공사업(전문),6421,주식회사 에스 씨 티,김한,충북,2019-02-00379,387700,,,,,,
소방설비,소방시설공사업(전문),6422,에덴기업 주식회사,박귀선,인천,2025-02-00069,387200,,,,,,
소방설비,소방시설공사업(전문),6423,합자회사 도원전력,정필희,강원,2020-02-00054,386800,,,,,,
소방설비,소방시설공사업(전문),6424,주식회사 초이스일렉콤,이선미,전북,2021-02-00507,384700,,,,,,
소방설비,소방시설공사업(전문),6425,(주)수림방재,김주희,대전,제2012-15호,383000,,,,,,
소방설비,소방시설공사업(전문),6426,주식회사 윤성이지텍,김윤희,서울,2024-02-00329,381500,,,,,,
소방설비,소방시설공사업(전문),6427,제이아이건설(주),김은숙,전남광주(광주),2005-가-5,381400,,,,,,
소방설비,소방시설공사업(전문),6428,서림종합건설(주),최길학,충남,제충남서산 2007-1호,380300,,,,,,
소방설비,소방시설공사업(전문),6429,(주)풍성,최휴정,전남광주(전남),제2012-라-2호,379900,,,,,,
소방설비,소방시설공사업(전문),6430,주식회사 광남테크,안현숙,전남광주(광주),2017-02-00338,379400,,,,,,
소방설비,소방시설공사업(전문),6431,주식회사 케이원,윤정완,경북,2020-02-00146,379400,,,,,,
소방설비,소방시설공사업(전문),6432,(주)도솔방재,김순아,경기(남),경기분당 제2005-13호,378800,,,,,,
소방설비,소방시설공사업(전문),6433,(주)에코존,오세진,서울,2026-02-00041,378700,,,,,,
소방설비,소방시설공사업(일반·전기),87,주식회사 샤인전기,박광세,경기(북),2023-02-00034,377700,,,,,,
소방설비,소방시설공사업(전문),6434,주식회사 광진건설,이은주,대구,2022-02-00498,376700,,,,,,
소방설비,소방시설공사업(전문),6435,(주)효명,박용수,경기(남),2016-02-00317,374900,,,,,,
소방설비,소방시설공사업(전문),6436,주식회사 태은소방방재,강성욱,대구,2021-02-00592,373700,,,,,,
소방설비,소방시설공사업(일반·전기),88,경성전기소방,구경모,경남,2017-02-00045,373500,,,,,,
소방설비,소방시설공사업(전문),6437,(주)아주전력,이규선,경기(남),2015-02-00059,372900,,,,,,
소방설비,소방시설공사업(전문),6438,주식회사 도원이엔씨,김성훈,경기(남),2025-02-00138,372100,,,,,,
소방설비,소방시설공사업(전문),6439,주식회사 이엔씨테크,이종희,충북,2018-02-00032,370900,,,,,,
소방설비,소방시설공사업(전문),6440,강호소방(주),이건선,경기(남),2022-02-00157,370800,,,,,,
소방설비,소방시설공사업(전문),6441,신우전기안전관리(주),김진선,경기(북),경기양주 제2011-2호,369300,,,,,,
소방설비,소방시설공사업(전문),6442,(주)삼성화재경보기,전준현,경기(남),경기군포제2013-3호,368200,,,,,,
소방설비,소방시설공사업(일반·전기),89,(주)유스이앤씨,최강호,서울,2020-02-00097,367300,,,,,,
소방설비,소방시설공사업(일반·전기),90,(주)천우전기,김주덕,대구,제2002-1호,366600,,,,,,
소방설비,소방시설공사업(전문),6443,주식회사 거성파워텍,김남수,서울,2015-02-00347,366400,,,,,,
소방설비,소방시설공사업(전문),6444,주식회사 제이에스테크산업,김대진,경기(남),2019-02-00144,366100,,,,,,
소방설비,소방시설공사업(전문),6445,미성전력,양미자,경기(남),2022-02-00443,365700,,,,,,
소방설비,소방시설공사업(일반·전기),91,주식회사 다우전설,동용찬,서울,2019-02-00177,364100,,,,,,
소방설비,소방시설공사업(전문),6446,주식회사 엘에이치엔지니어링,이현,전남광주(광주),2021-02-00475,362700,,,,,,
소방설비,소방시설공사업(전문),6447,(주)광일테크,성기찬,부산,2020-02-00041,361900,,,,,,
소방설비,소방시설공사업(전문),6448,주식회사 라인소방,김원,경기(남),2023-02-00368,358600,,,,,,
소방설비,소방시설공사업(전문),6449,한종산업개발 주식회사,이재완,경남,2021-02-00086,358200,,,,,,
소방설비,소방시설공사업(전문),6450,주식회사 금성이엔씨,채오석,경기(북),2021-02-00393,356700,,,,,,
소방설비,소방시설공사업(전문),6451,동인전기,정진우,경기(북),2021-02-00230,356100,,,,,,
소방설비,소방시설공사업(일반·전기),92,(주)대우소방설비,유진성,충남,천안서북 제1997-1호,355600,,,,,,
소방설비,소방시설공사업(전문),6452,(주)아이팀,임오환,부산,제2012-10호,355400,,,,,,
소방설비,소방시설공사업(전문),6453,에스아이이앤씨 주식회사,윤승헌,전남광주(전남),2022-02-00352,355000,,,,,,
소방설비,소방시설공사업(일반·전기),93,신안전력공사,임성호,서울,2019-02-00500,355000,,,,,,
소방설비,소방시설공사업(전문),6454,주식회사 광성이엠씨,김영숙,경기(남),2026-02-00042,354400,,,,,,
소방설비,소방시설공사업(전문),6455,주식회사 디씨엠전력,강승우,서울,2018-02-00163,354200,,,,,,
소방설비,소방시설공사업(일반·전기),94,주식회사 대광이엔씨,김용삼,서울,2022-02-00085,353700,,,,,,
소방설비,소방시설공사업(전문),6456,주식회사 대웅전기,남행순,경남,2021-02-00129,353700,,,,,,
소방설비,소방시설공사업(전문),6457,동건전설 주식회사,김환,대전,2024-02-00021,352300,,,,,,
소방설비,소방시설공사업(전문),6458,주식회사 원탑,김홍순,전북,2020-02-00074,351600,,,,,,
소방설비,소방시설공사업(전문),6459,우경전기(주),김철진,대전,2023-02-00318,351500,,,,,,
소방설비,소방시설공사업(전문),6460,주식회사 한빛산업기술,강명규,서울,2025-02-00297,351300,,,,,,
소방설비,소방시설공사업(전문),6461,주식회사 일일구 이오방재,공대훈,전남광주(광주),2024-02-00261,350800,,,,,,
소방설비,소방시설공사업(전문),6462,주식회사 수덕,최진이,충남,2026-02-00018,348700,,,,,,
소방설비,소방시설공사업(전문),6463,(주)지앤종합건설,박홍재,부산,2017-02-00237,347800,,,,,,
소방설비,소방시설공사업(일반·전기),95,(주)금성파워이엔지,이상국,인천,2016-02-00391,347600,,,,,,
소방설비,소방시설공사업(전문),6464,주호E&C,이유경,부산,제2015-08호,347200,,,,,,
소방설비,소방시설공사업(전문),6465,우경테크(주),김일곤,경남,2020-02-00169,346900,,,,,,
소방설비,소방시설공사업(전문),6466,디와이피엔에프(주),유병욱,서울,2020-02-00419,344600,,,,,,
소방설비,소방시설공사업(전문),6467,(주)티이씨,박병기,부산,제1986-64호,344600,,,,,,
소방설비,소방시설공사업(전문),6468,주식회사 주연,조양숙,경남,2022-02-00008,343600,,,,,,
소방설비,소방시설공사업(전문),6469,주식회사 테라이에프씨,최종명,충남,2025-02-00318,343600,,,,,,
소방설비,소방시설공사업(전문),6470,주식회사 상신전력,정세훈,전남광주(전남),2021-02-00303,343300,,,,,,
소방설비,소방시설공사업(일반·전기),96,태광전력공사,김광태,서울,제중부2012-2호,343100,,,,,,
소방설비,소방시설공사업(전문),6471,합자회사 미광계전,김희수,경북,2024-02-00109,340800,,,,,,
소방설비,소방시설공사업(전문),6471,주식회사 베스트소방산업,안효석,경북,2024-02-00096,340800,,,,,,
소방설비,소방시설공사업(전문),6471,한화시스템 주식회사,손재일,경북,2018-02-00476,340800,,,,,,
소방설비,소방시설공사업(전문),6471,(주)KHPT,김진태,경남,창원제2013-01호,340800,,,,,,
소방설비,소방시설공사업(전문),6471,주식회사 포스코지와이알테크,정훤우,전남광주(전남),2024-02-00101,340800,,,,,,
소방설비,소방시설공사업(전문),6471,대보정보통신(주),채승언,경기(남),경기용인 제2008-2호,340800,,,,,,
소방설비,소방시설공사업(전문),6471,비케이소방기술 주식회사,이봉희,인천,2023-02-00197,340800,,,,,,
소방설비,소방시설공사업(전문),6471,주식회사 대승엔지니어링,채윤석,경기(남),2024-02-00160,340800,,,,,,
소방설비,소방시설공사업(전문),6471,주식회사 엔씨테크,이낙희,충북,2025-02-00253,340800,,,,,,
소방설비,소방시설공사업(전문),6471,(주)세진에프에스,이원구,서울,2021-02-00276,340800,,,,,,
소방설비,소방시설공사업(전문),6471,대한전설(주),한재호,경기(남),2025-02-00199,340800,,,,,,
소방설비,소방시설공사업(전문),6471,(주)대경에스코,윤학상,인천,2021-02-00557,340800,,,,,,
소방설비,소방시설공사업(일반·기계),20,비젼이엔지(주),손용호,경북,2019-02-00192,340800,,,,,,
소방설비,소방시설공사업(일반·전기),97,주식회사 신원이앤씨,임태훈,서울,2025-02-00124,340800,,,,,,
소방설비,소방시설공사업(일반·전기),97,블루넷테크놀러지 주식회사,백홍배,서울,2017-02-00325,340800,,,,,,
소방설비,소방시설공사업(일반·전기),97,세양산업(주),홍갑숙,경북,2019-02-00533,340800,,,,,,
소방설비,소방시설공사업(일반·전기),97,아함전자,양영석,경기(남),2021-02-00391,340800,,,,,,
소방설비,소방시설공사업(일반·전기),97,일무이앤지 주식회사,김성경,서울,제양천 2008-4호,340800,,,,,,
소방설비,소방시설공사업(일반·기계),20,주식회사 현대종합설비,윤영선,경기(북),2023-02-00054,340800,,,,,,
소방설비,소방시설공사업(전문),6483,주식회사 아스타아이비에스,임만규,서울,2020-02-00168,340200,,,,,,
소방설비,소방시설공사업(일반·기계),22,(주)웅남,김정호,서울,제마포97-3호,340000,,,,,,
소방설비,소방시설공사업(전문),6484,주식회사 섬김전력,김진선,충남,2025-02-00088,339900,,,,,,
소방설비,소방시설공사업(전문),6485,영일이앤씨(주),강홍규,경남,2015-02-00346,339600,,,,,,
소방설비,소방시설공사업(전문),6486,주식회사 바른소방,임영환,울산,2024-02-00226,337400,,,,,,
소방설비,소방시설공사업(전문),6487,주식회사 에프엔방재기술,장미라,강원,2022-02-00172,337300,,,,,,
소방설비,소방시설공사업(전문),6488,서부전력(주),노건철,인천,2020-02-00120,336900,,,,,,
소방설비,소방시설공사업(일반·전기),102,(주)동광전기,최원길,대구,제2003-15호,336500,,,,,,
소방설비,소방시설공사업(전문),6489,유한회사 예지,정상채,전남광주(전남),2019-02-00052,336500,,,,,,
소방설비,소방시설공사업(전문),6490,대영전기통신 주식회사,김희진,강원,2020-02-00178,334900,,,,,,
소방설비,소방시설공사업(전문),6491,주식회사 온터,김부형,전남광주(광주),2024-02-00211,334000,,,,,,
소방설비,소방시설공사업(전문),6492,주식회사 유일에스씨,황재영,서울,2020-02-00084,331800,,,,,,
소방설비,소방시설공사업(전문),6493,주식회사 동일상,김동기,전남광주(전남),2023-02-00058,327700,,,,,,
소방설비,소방시설공사업(전문),6494,주식회사 대운소방,진호형,경남,2025-02-00030,327000,,,,,,
소방설비,소방시설공사업(전문),6495,덕암 전설,박춘화,경기(북),2021-02-00294,326400,,,,,,
소방설비,소방시설공사업(전문),6496,금영전기통신주식회사,김명준,부산,2018-02-00039,324900,,,,,,
소방설비,소방시설공사업(전문),6497,동성전력 주식회사,장인자,제주,2019-02-00117,324800,,,,,,
소방설비,소방시설공사업(전문),6498,주식회사 중앙씨엠아이,박고규,인천,2021-02-00077,323900,,,,,,
소방설비,소방시설공사업(전문),6499,동부이엔텍 유한회사,유경윤,전남광주(광주),2022-02-00205,321300,,,,,,
소방설비,소방시설공사업(전문),6500,도담엔지니어링,서철식,경북,2021-02-00505,320600,,,,,,
소방설비,소방시설공사업(전문),6501,태양소방공사(주),정중호,인천,2019-02-00221,319000,,,,,,
소방설비,소방시설공사업(전문),6502,(주)태경전업,정우용,서울,서대문2005-5,316800,,,,,,
소방설비,소방시설공사업(전문),6503,용천엔지니어링 주식회사,현정주,서울,2025-02-00155,316400,,,,,,
소방설비,소방시설공사업(일반·전기),103,주식회사 원형전기,오세광,경기(남),2024-02-00097,312700,,,,,,
소방설비,소방시설공사업(전문),6504,(주)한울종합전기,이미나,서울,2023-02-00099,312400,,,,,,
소방설비,소방시설공사업(전문),6505,형제소방,김동기,경기(남),2022-02-00054,311300,,,,,,
소방설비,소방시설공사업(전문),6506,주식회사 창일이엔씨,박규순,경기(남),2025-02-00237,310900,,,,,,
소방설비,소방시설공사업(전문),6507,주식회사 피앤피,박광은,경북,2022-02-00435,310300,,,,,,
소방설비,소방시설공사업(전문),6508,주식회사 이현전설,이현주,경기(북),2025-02-00040,308900,,,,,,
소방설비,소방시설공사업(전문),6509,주식회사 광명기업,최재호,전남광주(광주),2021-02-00484,308400,,,,,,
소방설비,소방시설공사업(전문),6510,둥지소방(주),황사은,경기(남),2024-02-00378,307700,,,,,,
소방설비,소방시설공사업(일반·기계),23,(주)명성티엔지,송주환,울산,2022-02-00294,307400,,,,,,
소방설비,소방시설공사업(전문),6511,우석전기소방(주),윤수로,충북,괴산 제2014-2호,307100,,,,,,
소방설비,소방시설공사업(일반·전기),104,주식회사 대운전력개발,장호운,서울,2021-02-00525,306700,,,,,,
소방설비,소방시설공사업(전문),6512,글로벌텍(주),강석원,충남,2023-02-00226,305500,,,,,,
소방설비,소방시설공사업(전문),6513,(주)월드탑이엔지,김용목,경북,2015-02-00150,305100,,,,,,
소방설비,소방시설공사업(전문),6514,주식회사 국제안전소방이엔지,박지영,경남,2025-02-00139,304900,,,,,,
소방설비,소방시설공사업(전문),6515,주식회사 앤트,유승종,경기(북),2022-02-00487,304200,,,,,,
소방설비,소방시설공사업(전문),6516,주식회사 광우엔지니어링,홍석호,서울,2021-02-00615,303100,,,,,,
소방설비,소방시설공사업(전문),6517,주식회사 한강전기,장건수,충북,2022-02-00036,302700,,,,,,
소방설비,소방시설공사업(일반·기계),24,(주)중앙에너지,김학서,경기(남),2022-02-00026,301200,,,,,,
소방설비,소방시설공사업(전문),6518,주식회사 세림냉동플랜트,전형권,전북,2020-02-00235,299300,,,,,,
소방설비,소방시설공사업(전문),6519,(주)한국종합안전솔루션,박세은,경기(남),2025-02-00218,298600,,,,,,
소방설비,소방시설공사업(전문),6520,주식회사 태성이앤지,최은희,전남광주(광주),2019-02-00487,298600,,,,,,
소방설비,소방시설공사업(전문),6521,크라운방재 주식회사,손정화,서울,2025-02-00102,298300,,,,,,
소방설비,소방시설공사업(전문),6522,주식회사 에쓰엔,임채웅,충남,2025-02-00233,298300,,,,,,
소방설비,소방시설공사업(전문),6523,주식회사 제이디씨에스(JDCS),이종인,경기(남),2018-02-00410,298200,,,,,,
소방설비,소방시설공사업(전문),6523,영인공영 주식회사,이길재,경기(북),2020-02-00083,298200,,,,,,
소방설비,소방시설공사업(전문),6523,(주)광명에너지,김정은,경북,2017-02-00485,298200,,,,,,
소방설비,소방시설공사업(일반·전기),105,(주)이웰파워테크,김영준,서울,제마포 2007-1호,298200,,,,,,
소방설비,소방시설공사업(전문),6526,동해정보통신 주식회사,이창원,서울,2024-02-00250,297600,,,,,,
소방설비,소방시설공사업(전문),6527,청원산기 주식회사,김길태,전남광주(전남),2026-02-00061,297100,,,,,,
소방설비,소방시설공사업(일반·전기),106,주식회사 파인엔지니어링,안철헌,경기(남),2025-02-00189,296700,,,,,,
소방설비,소방시설공사업(전문),6528,주식회사 메가헤르츠,이환욱,경기(남),2021-02-00635,294500,,,,,,
소방설비,소방시설공사업(전문),6529,코어방재기술,김경희,인천,2026-02-00128,293300,,,,,,
소방설비,소방시설공사업(전문),6530,주식회사 부강방재이엔지,송덕재,경북,2026-02-00015,293300,,,,,,
소방설비,소방시설공사업(전문),6531,"주식회사 지앤에스 (G&S CO.,LTD)",박종규,충남,2026-02-00032,292600,,,,,,
소방설비,소방시설공사업(전문),6532,주식회사 허브,김성욱,경기(남),2023-02-00392,292500,,,,,,
소방설비,소방시설공사업(전문),6532,씨엔씨엔지니어링 주식회사,채수영,인천,2024-02-00012,292500,,,,,,
소방설비,소방시설공사업(전문),6534,삼원전력 주식회사,정용원,충북,2026-02-00198,292500,,,,,,
소방설비,소방시설공사업(전문),6534,주식회사 찬빈,류선희,전남광주(전남),2026-02-00107,292500,,,,,,
소방설비,소방시설공사업(전문),6534,선테크 주식회사,정성우,경기(남),2026-02-00211,292500,,,,,,
소방설비,소방시설공사업(전문),6534,신우아이앤에스,최원기,충북,2026-02-00073,292500,,,,,,
소방설비,소방시설공사업(전문),6534,주식회사 마커스코리아,이헌철,서울,2026-02-00171,292500,,,,,,
소방설비,소방시설공사업(전문),6534,주식회사 제이디피에스,최은주,서울,2026-02-00212,292500,,,,,,
소방설비,소방시설공사업(일반·기계),25,대정 건설,박종완,경기(북),2026-02-00134,292500,,,,,,
소방설비,소방시설공사업(일반·전기),107,양평전기(주),조성철,경기(남),경기양평 제2004-06호,292400,,,,,,
소방설비,소방시설공사업(전문),6540,주식회사 흥선산기,최도수,경기(북),2025-02-00292,292400,,,,,,
소방설비,소방시설공사업(전문),6540,(주)서전기전,이상권,경기(남),2023-02-00272,292400,,,,,,
소방설비,소방시설공사업(전문),6540,명진전력 주식회사,백정현,경기(남),2016-02-00344,292400,,,,,,
소방설비,소방시설공사업(전문),6540,매일소방기술 주식회사,이염용,경기(남),2020-02-00112,292400,,,,,,
소방설비,소방시설공사업(전문),6540,(주)수산이앤에스,한봉섭,울산,제2012-1호,292400,,,,,,
소방설비,소방시설공사업(전문),6540,(주)케이티엠오에스남부,이성환,대전,2019-02-00328,292400,,,,,,
소방설비,소방시설공사업(전문),6540,주식회사 에스케이소방공사,위인성,전남광주(전남),2025-02-00328,292400,,,,,,
소방설비,소방시설공사업(전문),6540,진남토건 주식회사,채선묵,전남광주(전남),2024-02-00330,292400,,,,,,
소방설비,소방시설공사업(전문),6540,서안이앤씨 주식회사,이성숙,전남광주(광주),2024-02-00342,292400,,,,,,
소방설비,소방시설공사업(전문),6540,억성소방,이윤경,인천,2025-02-00346,292400,,,,,,
소방설비,소방시설공사업(전문),6540,한국방진방음 주식회사,임칠호,인천,2026-02-00186,292400,,,,,,
소방설비,소방시설공사업(전문),6540,(주)바이텍,권호원,인천,2017-02-00048,292400,,,,,,
소방설비,소방시설공사업(전문),6540,(주)에이원파워텍,이상호,부산,2023-02-00183,292400,,,,,,
소방설비,소방시설공사업(전문),6540,(주)동행안전,조보연,서울,2024-02-00070,292400,,,,,,
소방설비,소방시설공사업(전문),6540,도경종합건설 주식회사,이중모,서울,2023-02-00296,292400,,,,,,
소방설비,소방시설공사업(전문),6540,(주)서원엠이씨,최지호,서울,2025-02-00002,292400,,,,,,
소방설비,소방시설공사업(전문),6540,동남공영(주),박영달,서울,2020-02-00629,292400,,,,,,
소방설비,소방시설공사업(전문),6540,주식회사 아인이앤텍,김정민,경북,2025-02-00140,292400,,,,,,
소방설비,소방시설공사업(전문),6540,라온산업개발(주),손형석,경남,제마산 2005-3호,292400,,,,,,
소방설비,소방시설공사업(전문),6540,유한회사 창우,강욱,전북,2021-02-00295,292400,,,,,,
소방설비,소방시설공사업(전문),6540,주식회사 아이렙코,이순범,충남,2023-02-00168,292400,,,,,,
소방설비,소방시설공사업(전문),6540,두산큐벡스 주식회사,문희종,강원,2017-02-00674,292400,,,,,,
소방설비,소방시설공사업(일반·전기),108,(주)레존텍,박수복,경기(남),2023-02-00309,292400,,,,,,
소방설비,소방시설공사업(일반·전기),108,(주)경도전기,김용진,경남,경남 창원제2010-8호,292400,,,,,,
소방설비,소방시설공사업(일반·기계),26,세웅소방기술 주식회사,유억식,인천,2024-02-00394,292400,,,,,,
소방설비,소방시설공사업(일반·기계),26,나이스텍(주),신두국,충남,2021-02-00479,292400,,,,,,
소방설비,소방시설공사업(전문),6562,라이트소방전기,장영일,서울,2024-02-00265,292300,,,,,,
소방설비,소방시설공사업(일반·전기),110,(주)세림이엔피,이기동,서울,2020-02-00367,292300,,,,,,
소방설비,소방시설공사업(전문),6563,주식회사 정우산업개발,구본철,전남광주(광주),2022-02-00366,292200,,,,,,
소방설비,소방시설공사업(전문),6564,한화모멘텀 주식회사,홍순재,경기(남),2024-02-00258,291600,,,,,,
소방설비,소방시설공사업(전문),6564,젠센휴즈 주식회사,박승민,서울,제구로2012-10호,291600,,,,,,
소방설비,소방시설공사업(전문),6564,주식회사 경원전력,안강섭,경기(북),2017-02-00174,291600,,,,,,
소방설비,소방시설공사업(전문),6567,선경소방(주),박선경,인천,2023-02-00117,289400,,,,,,
소방설비,소방시설공사업(일반·전기),111,(주)태주공영,우종수,서울,제은평 2001-1호,288900,,,,,,
소방설비,소방시설공사업(전문),6568,(주)디이케이,김일심,서울,2017-02-00090,286000,,,,,,
소방설비,소방시설공사업(전문),6569,(주)건양전력,김양은,대전,제2007-20호,280300,,,,,,
소방설비,소방시설공사업(전문),6570,영전기(주),조영수,경기(남),2025-02-00194,277800,,,,,,
소방설비,소방시설공사업(전문),6571,새부산소방이엔지(주),배미정,부산,2015-02-00140,275200,,,,,,
소방설비,소방시설공사업(전문),6572,(주)엘케이시스템,류경,경기(남),2025-02-00273,270200,,,,,,
소방설비,소방시설공사업(일반·전기),112,주식회사 제이에스이엔지,정재신,충남,2021-02-00599,269900,,,,,,
소방설비,소방시설공사업(일반·전기),113,한국전기개발공사,이승호,서울,2016-02-00300,263500,,,,,,
소방설비,소방시설공사업(일반·전기),114,(주)우영종합전기,이화영,경기(남),경기화성제2015-02호,262500,,,,,,
소방설비,소방시설공사업(전문),6573,정석소방,장정석,경기(북),2025-02-00258,259000,,,,,,
소방설비,소방시설공사업(전문),6574,주식회사 조은소방,김정남,충남,2025-02-00319,257800,,,,,,
소방설비,소방시설공사업(전문),6575,주식회사 동명소방,이재영,충남,2025-02-00352,257100,,,,,,
소방설비,소방시설공사업(일반·전기),115,충무전기 주식회사,박노원,서울,2018-02-00061,255600,,,,,,
소방설비,소방시설공사업(전문),6576,주식회사 도원소방설비,김호락,인천,2026-02-00077,252600,,,,,,
소방설비,소방시설공사업(전문),6577,주식회사 대우강건,정하음,인천,2020-02-00219,251600,,,,,,
소방설비,소방시설공사업(일반·전기),116,백연,김두희,경남,2016-02-00670,251500,,,,,,
소방설비,소방시설공사업(일반·전기),117,주식회사 일렉코어,조판제,경남,2024-02-00147,249400,,,,,,
소방설비,소방시설공사업(일반·전기),118,주식회사 선진전력,전병선,서울,2023-02-00323,249300,,,,,,
소방설비,소방시설공사업(일반·전기),119,(주)오티에스,송무상,대전,제2011-1호,248800,,,,,,
소방설비,소방시설공사업(일반·전기),119,(주)한신엔지니어링,정현석,대구,제2005-32호,248800,,,,,,
소방설비,소방시설공사업(일반·전기),119,(합)경화계전,정병기,경북,제포항남부 2008-02호,248800,,,,,,
소방설비,소방시설공사업(일반·전기),122,주식회사 덕일이엔씨,하경미,서울,2023-02-00379,246300,,,,,,
소방설비,소방시설공사업(일반·전기),123,주식회사 알엠케이,김경훈,경기(남),2026-02-00027,244200,,,,,,
소방설비,소방시설공사업(전문),6578,주식회사 디엔아이코퍼레이션,김민정,전북,2025-02-00060,244000,,,,,,
소방설비,소방시설공사업(전문),6578,에스엠자산개발 주식회사,김종민,경기(남),2018-02-00178,244000,,,,,,
소방설비,소방시설공사업(전문),6578,(주)세원엔지니어링,배미연,부산,2019-02-00172,244000,,,,,,
소방설비,소방시설공사업(전문),6578,주식회사 에이치디설비기술단,정석래,경북,2025-02-00317,244000,,,,,,
소방설비,소방시설공사업(전문),6578,탑이앤지(주),최성우,울산,2025-02-00048,244000,,,,,,
소방설비,소방시설공사업(전문),6578,아이비씨엔지니어링 주식회사,조우근,경기(남),2025-02-00282,244000,,,,,,
소방설비,소방시설공사업(일반·전기),124,(주)희광전기,이영준,경기(남),2015-02-00408,244000,,,,,,
소방설비,소방시설공사업(일반·전기),124,주식회사 해영정밀,박동선,경기(남),2022-02-00004,244000,,,,,,
소방설비,소방시설공사업(일반·전기),124,주식회사 호진이엔지,김상규,부산,2022-02-00403,244000,,,,,,
소방설비,소방시설공사업(일반·전기),124,(주)대한전기,김오규,경남,2022-02-00375,244000,,,,,,
소방설비,소방시설공사업(일반·전기),124,에이펙스인텍(주),김권진,경북,2020-02-00363,244000,,,,,,
소방설비,소방시설공사업(일반·전기),124,영광기업 주식회사,박경순,강원,2025-02-00364,244000,,,,,,
소방설비,소방시설공사업(일반·전기),124,(주)플러스전기,박기태,경기(남),2021-02-00131,244000,,,,,,
소방설비,소방시설공사업(일반·전기),124,(주)한얼엔지니어링,조웅기,서울,제구로 2006-7호,244000,,,,,,
소방설비,소방시설공사업(일반·전기),124,(주)녹천전기,유인춘,서울,제송파2009-7호,244000,,,,,,
소방설비,소방시설공사업(일반·기계),28,(주)유성이엔지,황지만,울산,2016-02-00143,244000,,,,,,
소방설비,소방시설공사업(일반·기계),28,주식회사 제이엠이엔에스,진기오,인천,2021-02-00108,244000,,,,,,
소방설비,소방시설공사업(전문),6584,현대중공업파워시스템 주식회사,하태형,경기(남),2018-02-00524,243200,,,,,,
소방설비,소방시설공사업(일반·전기),133,주식회사 우리이엔이,주남석,서울,2016-02-00189,243100,,,,,,
소방설비,소방시설공사업(일반·기계),30,엠아이에너지 주식회사,유종섭,경기(남),2020-02-00285,239100,,,,,,
소방설비,소방시설공사업(일반·전기),134,주식회사 청록개발,배한철,서울,2025-02-00288,205700,,,,,,
소방설비,소방시설공사업(일반·전기),135,(주)신광티앤이,이일환,서울,제강서2006-6호,199500,,,,,,
소방설비,소방시설공사업(일반·전기),135,중앙하이텔(주),윤석래,서울,제영등포 2006-12호,199500,,,,,,
소방설비,소방시설공사업(전문),6585,주식회사 세진,구진모,대전,2026-02-00137,198700,,,,,,
소방설비,소방시설공사업(일반·전기),137,에스지디지털(주),강성구,경기(남),2020-02-00501,197200,,,,,,
소방설비,소방시설공사업(전문),6586,재암산업 주식회사,오태영,서울,2023-02-00210,195500,,,,,,
소방설비,소방시설공사업(전문),6586,주택관리공단(주),방성민,경남,2016-02-00423,195500,,,,,,
소방설비,소방시설공사업(전문),6588,(주)신흥건설,김범준,대구,제2012-8호,192200,,,,,,
소방설비,소방시설공사업(전문),6589,신우이엔아이(주),임선옥,서울,2024-02-00084,174500,,,,,,
소방설비,소방시설공사업(전문),6590,주식회사 덕우,정선,경기(남),2025-02-00306,164700,,,,,,
소방설비,소방시설공사업(전문),6591,(주)베스트소방,임정칠,경기(남),2022-02-00381,164200,,,,,,
소방설비,소방시설공사업(전문),6592,(주)정관소방,이향숙,부산,2016-02-00239,151800,,,,,,
소방설비,소방시설공사업(전문),6593,(주)기산소방,김득현,부산,2016-02-00325,151700,,,,,,
소방설비,소방시설공사업(전문),6594,주식회사 반석기술안전,이영진,서울,2022-02-00056,148400,,,,,,
소방설비,소방시설공사업(전문),6595,주식회사 의성테크,정정길,서울,2023-02-00233,124100,,,,,,
소방설비,소방시설공사업(일반·전기),138,우일정보기술(주),이오,서울,2017-02-00166,112600,,,,,,
소방설비,소방시설공사업(일반·전기),139,주식회사 정원전기,김주원,서울,2025-02-00185,110200,,,,,,
소방설비,소방시설공사업(일반·전기),140,신우이엔지(주),송세호,서울,제구로2009-10호,105500,,,,,,
소방설비,소방시설공사업(전문),6596,제이피코(주),문상현,경남,2026-02-00025,102700,,,,,,
소방설비,소방시설공사업(일반·전기),141,다드림방재,이영수,인천,2023-02-00144,102000,,,,,,
소방설비,소방시설공사업(전문),6597,주식회사 에너지드림,전기재,인천,2018-02-00354,100700,,,,,,
소방설비,소방시설공사업(전문),6597,주식회사 엠에이치,김종식,경북,2025-02-00141,100700,,,,,,
소방설비,소방시설공사업(전문),6599,주식회사 대원전기교육원,권신원,충북,2025-02-00247,100100,,,,,,
소방설비,소방시설공사업(전문),6600,주식회사 태봉산업개발,김남국,전남광주(광주),2026-02-00026,99100,,,,,,
소방설비,소방시설공사업(일반·전기),142,에스앤에이치전력 주식회사,조창수,경기(북),2026-02-00023,98900,,,,,,
소방설비,소방시설공사업(전문),6601,주식회사 석원정보통신,전문창,인천,2025-02-00342,98900,,,,,,
소방설비,소방시설공사업(전문),6601,주식회사 와이비소방,승경애,울산,2026-02-00050,98900,,,,,,
소방설비,소방시설공사업(일반·전기),143,주식회사 기산텔레콤,박병기,서울,2024-02-00155,98800,,,,,,
소방설비,소방시설공사업(전문),6603,주식회사 엘아이지휴세코,김기환,서울,2026-02-00019,98800,,,,,,
소방설비,소방시설공사업(전문),6603,주식회사 유원산업기술,문수경,전남광주(전남),2026-02-00189,98800,,,,,,
소방설비,소방시설공사업(전문),6603,주식회사 정이엔지,박수진,부산,2026-02-00158,98800,,,,,,
소방설비,소방시설공사업(일반·전기),144,하프트인(주),최민영,경기(남),2026-02-00206,98800,,,,,,
소방설비,소방시설공사업(전문),6603,주식회사 우리전기,김현식,강원,2026-02-00181,98800,,,,,,
소방설비,소방시설공사업(전문),6603,주식회사 비케이기술,안복규,전북,2026-02-00229,98800,,,,,,
소방설비,소방시설공사업(전문),6603,(주)대영산업기술,박병구,서울,2026-02-00195,98800,,,,,,
소방설비,소방시설공사업(전문),6609,(주)에이텍코리아,전민권,서울,제서초 2003-27호,98700,,,,,,
소방설비,소방시설공사업(전문),6609,주식회사 컴포텔소방전기,정우석,서울,2022-02-00323,98700,,,,,,
소방설비,소방시설공사업(전문),6609,주식회사 한국가스기술공사,임종석,대전,제2014-4호,98700,,,,,,
소방설비,소방시설공사업(전문),6609,주식회사 제이엘이앤씨,이화준,충남,2023-02-00245,98700,,,,,,
소방설비,소방시설공사업(전문),6609,주식회사 삼신,박나현,충남,2025-02-00281,98700,,,,,,
소방설비,소방시설공사업(전문),6609,(주)한일티앤씨,유제황,강원,2016-02-00359,98700,,,,,,
소방설비,소방시설공사업(전문),6609,주식회사 에코비트,임병용,경기(남),2015-02-00174,98700,,,,,,
소방설비,소방시설공사업(전문),6609,주식회사 그린라이프공조,정현준,경기(북),2025-02-00295,98700,,,,,,
소방설비,소방시설공사업(전문),6609,창신기술 주식회사,김종원,경기(남),2020-02-00663,98700,,,,,,
소방설비,소방시설공사업(전문),6609,대양에프엔지,김종석,경기(남),2022-02-00093,98700,,,,,,
소방설비,소방시설공사업(전문),6609,주식회사 원프랜트,최창준,서울,2025-02-00196,98700,,,,,,
소방설비,소방시설공사업(전문),6609,주식회사 한주,백석만,인천,2016-02-00624,98700,,,,,,
소방설비,소방시설공사업(전문),6609,신진유지건설 주식회사,김인식,전남광주(전남),2025-02-00188,98700,,,,,,
소방설비,소방시설공사업(전문),6609,주식회사 석수,안정희,전남광주(전남),2025-02-00256,98700,,,,,,
소방설비,소방시설공사업(전문),6609,범한메카텍 주식회사,김성수,경남,2025-02-00315,98700,,,,,,
소방설비,소방시설공사업(일반·기계),31,(주)구성이엔드씨,윤석구,서울,2018-02-00305,98700,,,,,,
소방설비,소방시설공사업(일반·전기),145,주식회사 더블유이엔지,정원형,경기(남),2025-02-00174,98700,,,,,,
소방설비,소방시설공사업(일반·전기),145,주식회사 이맥스파워,이원열,서울,2025-02-00136,98700,,,,,,
소방설비,소방시설공사업(일반·전기),145,"이엠시티 주식회사(emCT Co.,Ltd.)",이봉호,대전,2024-02-00002,98700,,,,,,
소방설비,소방시설공사업(일반·전기),145,(주)삼미미디어,김영식,경기(남),2025-02-00022,98700,,,,,,
소방설비,소방시설공사업(일반·기계),32,주식회사 파나링크이에스,김관유,서울,2024-02-00223,98700,,,,,,
소방설비,소방시설공사업(전문),6624,주식회사 포스코지와이에스테크,정우영,전남광주(전남),2024-02-00165,98700,,,,,,
소방설비,소방시설공사업(전문),6625,주식회사 넥스트워터,김인석,경기(남),2022-02-00193,98500,,,,,,
소방설비,소방시설공사업(전문),6626,(주)와이엠건영,박치원,경기(남),2021-02-00357,98300,,,,,,
소방설비,소방시설공사업(일반·전기),149,(주)지에스아이티엠,변재철,서울,2020-02-00232,98100,,,,,,
소방설비,소방시설공사업(일반·전기),150,(주)유인트,최우혁,서울,2024-02-00108,96700,,,,,,
소방설비,소방시설공사업(일반·전기),151,(주)대광전기,정승재,충남,제충남천안 2006-10호,91300,,,,,,
