대분류,중분류,순위,상호,대표자,소재지,등록번호,시공능력평가액,공사실적평가액,경영평가액,기술능력평가액,신인도평가액,건설공사실적,기술자수
정보통신,정보통신공사업,1,에스케이티엔에스(주),,,110116,256060400,,,,,,
정보통신,정보통신공사업,2,지에스네오텍(주),,,110311,210687600,,,,,,
정보통신,정보통신공사업,3,한전케이디엔(주),,,110234,169997700,,,,,,
정보통신,정보통신공사업,4,엘케이테크넷(주),,,110983,132742500,,,,,,
정보통신,정보통신공사업,5,명신정보통신(주),,,111557,121230700,,,,,,
정보통신,정보통신공사업,6,주식회사 유플러스홈서비스(Uplus Home Service Corp.),,,203178,119998500,,,,,,
정보통신,정보통신공사업,7,삼성물산 주식회사,,,201348,113951300,,,,,,
정보통신,정보통신공사업,8,(주)글로벌텔레콤,,,200162,109130100,,,,,,
정보통신,정보통신공사업,9,한국정보기술(주),,,310610,105493900,,,,,,
정보통신,정보통신공사업,10,대보정보통신(주),,,110019,95783500,,,,,,
정보통신,정보통신공사업,11,진우에이티에스 주식회사,,,110570,94011700,,,,,,
정보통신,정보통신공사업,12,부민통신(주),,,170023,89738200,,,,,,
정보통신,정보통신공사업,13,현대엔지니어링(주),,,111933,88667400,,,,,,
정보통신,정보통신공사업,14,(주)엘지씨엔에스,,,110325,87043700,,,,,,
정보통신,정보통신공사업,15,대아티아이(주),,,120287,83818200,,,,,,
정보통신,정보통신공사업,16,주식회사 와이어블 (Wiable Corp.),,,110506,82893500,,,,,,
정보통신,정보통신공사업,17,(주)뉴젠스,,,200058,81433600,,,,,,
정보통신,정보통신공사업,18,오티씨 주식회사,,,110418,80357700,,,,,,
정보통신,정보통신공사업,19,(주)에스원,,,110510,79525000,,,,,,
정보통신,정보통신공사업,20,(주)나우스넷,,,110105,74517300,,,,,,
정보통신,정보통신공사업,21,에프투텔레콤(주),,,111027,72023200,,,,,,
정보통신,정보통신공사업,22,(주)윈미디텍,,,112042,70651400,,,,,,
정보통신,정보통신공사업,23,(주)전통,,,140002,70144800,,,,,,
정보통신,정보통신공사업,24,(주)싸인텔레콤,,,112856,67723200,,,,,,
정보통신,정보통신공사업,25,렉스젠(주),,,160210,67605200,,,,,,
정보통신,정보통신공사업,26,현대건설(주),,,110107,67341200,,,,,,
정보통신,정보통신공사업,27,아이파크현대산업개발 주식회사,,,110459,66621500,,,,,,
정보통신,정보통신공사업,28,삼성에스디에스(주),,,110553,66030400,,,,,,
정보통신,정보통신공사업,29,(주)세오,,,140370,64998600,,,,,,
정보통신,정보통신공사업,30,(주)대우건설,,,110338,64896700,,,,,,
정보통신,정보통신공사업,31,주식회사 남양에스티엔,,,140007,63941800,,,,,,
정보통신,정보통신공사업,32,신흥정보통신(주),,,110078,63574100,,,,,,
정보통신,정보통신공사업,33,(주)한은씨앤씨,,,200854,63183800,,,,,,
정보통신,정보통신공사업,34,에스피케이인크 주식회사 (SPK Inc.),,,113134,61818100,,,,,,
정보통신,정보통신공사업,35,우일정보기술(주),,,110085,59507700,,,,,,
정보통신,정보통신공사업,36,주식회사 덕산,,,110278,59344100,,,,,,
정보통신,정보통신공사업,37,오리엔트 주식회사,,,110885,57851400,,,,,,
정보통신,정보통신공사업,38,(주)지앤에스기술,,,110079,56658100,,,,,,
정보통신,정보통신공사업,39,반도산전(주),,,120234,56542100,,,,,,
정보통신,정보통신공사업,40,"주식회사 케이티엔지니어링(kt engineering Co.,Ltd.)",,,110458,56281900,,,,,,
정보통신,정보통신공사업,41,지에스건설(주),,,110481,53794700,,,,,,
정보통신,정보통신공사업,42,(주)지엔텔,,,113292,53516200,,,,,,
정보통신,정보통신공사업,43,(주)하나비젼씨스템즈,,,111433,52258200,,,,,,
정보통신,정보통신공사업,44,아이클라우드 주식회사,,,203320,52088300,,,,,,
정보통신,정보통신공사업,45,(주)비알인포텍,,,320242,50730000,,,,,,
정보통신,정보통신공사업,46,에스케이텔레콤(주),,,200760,50303200,,,,,,
정보통신,정보통신공사업,47,쿠도커뮤니케이션(주),,,200214,50067200,,,,,,
정보통신,정보통신공사업,48,(주)인텔리안테크놀로지스,,,310849,49625000,,,,,,
정보통신,정보통신공사업,49,(주)스마트비전,,,113009,49198400,,,,,,
정보통신,정보통신공사업,50,(주)우주텔레콤,,,110001,49150000,,,,,,
정보통신,정보통신공사업,51,주식회사 트루본,,,111341,49004900,,,,,,
정보통신,정보통신공사업,52,"영남스퀘어 주식회사(YOUNGNAM SQUARE Co., Ltd)",,,110065,48112100,,,,,,
정보통신,정보통신공사업,53,"에이치디씨랩스 주식회사(HDC LABS Co., Ltd.)",,,110828,48038500,,,,,,
정보통신,정보통신공사업,54,중앙하이텔(주),,,111115,47698700,,,,,,
정보통신,정보통신공사업,55,(주)벨에어테크,,,200350,47035300,,,,,,
정보통신,정보통신공사업,56,(주)디라직,,,310220,46890900,,,,,,
정보통신,정보통신공사업,57,제일건설 주식회사,,,610332,46726400,,,,,,
정보통신,정보통신공사업,58,송암시스콤(주),,,110238,46274600,,,,,,
정보통신,정보통신공사업,59,(주)포딕스시스템,,,202640,45300000,,,,,,
정보통신,정보통신공사업,60,(주)유앤테크,,,110898,45218800,,,,,,
정보통신,정보통신공사업,61,"주식회사 캐스트윈(CASTWIN CO.,Ltd)",,,110622,44991000,,,,,,
정보통신,정보통신공사업,62,(주)투윈스컴,,,110263,44860400,,,,,,
정보통신,정보통신공사업,63,(주)파워텔레콤,,,310014,44733500,,,,,,
정보통신,정보통신공사업,64,(주)에스카,,,311054,44240800,,,,,,
정보통신,정보통신공사업,65,현대오토에버(주),,,113305,44227100,,,,,,
정보통신,정보통신공사업,66,디에스지엔(주),,,200778,44216700,,,,,,
정보통신,정보통신공사업,67,(주)신광티앤이,,,110268,44138700,,,,,,
정보통신,정보통신공사업,68,에스엠티정보기술(주),,,200090,43678200,,,,,,
정보통신,정보통신공사업,69,주식회사 한화,,,202919,43654600,,,,,,
정보통신,정보통신공사업,70,현대에이치디에스(주),,,111592,43646800,,,,,,
정보통신,정보통신공사업,71,유지텔레컴(주),,,200564,43396900,,,,,,
정보통신,정보통신공사업,72,(주)토페스,,,110249,41257700,,,,,,
정보통신,정보통신공사업,73,에스넷시스템(주),,,110830,40315600,,,,,,
정보통신,정보통신공사업,74,요다정보기술(주),,,201896,40219100,,,,,,
정보통신,정보통신공사업,75,(주)티원엘에스,,,202530,40165700,,,,,,
정보통신,정보통신공사업,76,롯데건설(주),,,110300,40157700,,,,,,
정보통신,정보통신공사업,77,주식회사 케이티엠오에스북부,,,112985,39885800,,,,,,
정보통신,정보통신공사업,78,"주식회사 대림 (DAELIM CO., LTD.)",,,110526,39437600,,,,,,
정보통신,정보통신공사업,79,주식회사 홍석,,,630034,39150400,,,,,,
정보통신,정보통신공사업,80,성일통신(주),,,120044,39050200,,,,,,
정보통신,정보통신공사업,81,주식회사 인텔리빅스,,,202517,38828300,,,,,,
정보통신,정보통신공사업,82,(주)서희건설,,,310085,38130400,,,,,,
정보통신,정보통신공사업,83,유니넷텍(주),,,111979,37884600,,,,,,
정보통신,정보통신공사업,84,디알씨티에스(주),,,310632,37196800,,,,,,
정보통신,정보통신공사업,85,(주)태영건설,,,110060,37152600,,,,,,
정보통신,정보통신공사업,86,(주)우리넷,,,310401,37144200,,,,,,
정보통신,정보통신공사업,87,주식회사 웨이브엔텍,,,311765,37075200,,,,,,
정보통신,정보통신공사업,88,한화시스템(주),,,150653,37040900,,,,,,
정보통신,정보통신공사업,89,"자이에스앤디 주식회사(Xi S&D, Inc.)",,,112006,36976900,,,,,,
정보통신,정보통신공사업,90,(주)두원전자통신,,,111353,36574300,,,,,,
정보통신,정보통신공사업,91,(주)화진티엔아이,,,200583,36453200,,,,,,
정보통신,정보통신공사업,92,삼언전공(주),,,111759,36141300,,,,,,
정보통신,정보통신공사업,93,고려정보통신(주),,,120248,35972400,,,,,,
정보통신,정보통신공사업,94,(주)엘지유플러스,,,110511,35303000,,,,,,
정보통신,정보통신공사업,95,(주)씨넷,,,510244,34764600,,,,,,
정보통신,정보통신공사업,96,(주)영전,,,110357,34669100,,,,,,
정보통신,정보통신공사업,97,"엘에스마린솔루션 주식회사 (LS Marine Solution Co., Ltd.)",,,120086,34496100,,,,,,
정보통신,정보통신공사업,98,주식회사 케이원,,,111053,34484000,,,,,,
정보통신,정보통신공사업,99,아마노코리아(주),,,113110,34465900,,,,,,
정보통신,정보통신공사업,100,유피이엔씨(주),,,201177,34149600,,,,,,
정보통신,정보통신공사업,101,(주)태광네트웍정보,,,200399,34021500,,,,,,
정보통신,정보통신공사업,102,주식회사 동곡기정,,,203261,33743600,,,,,,
정보통신,정보통신공사업,103,(주)우호텔레콤,,,111753,32590700,,,,,,
정보통신,정보통신공사업,104,"주식회사 지씨(GC Co., Ltd.)",,,120497,32387000,,,,,,
정보통신,정보통신공사업,105,에스케이오앤에스 주식회사,,,201335,32248400,,,,,,
정보통신,정보통신공사업,106,주식회사 대흥디씨티,,,120747,32243100,,,,,,
정보통신,정보통신공사업,107,에스케이네트웍스서비스(주),,,310387,32165700,,,,,,
정보통신,정보통신공사업,108,대신네트웍스(주),,,130183,32160200,,,,,,
정보통신,정보통신공사업,109,(주)국제광엔지니어링,,,130033,31919900,,,,,,
정보통신,정보통신공사업,110,(주)어빌리티시스템즈,,,200881,31478600,,,,,,
정보통신,정보통신공사업,111,(주)우성통신,,,120020,31473500,,,,,,
정보통신,정보통신공사업,112,(주)아이엠피,,,350120,31441900,,,,,,
정보통신,정보통신공사업,113,"(주)데스코(DESCO Co,.Ltd.)",,,110213,31381700,,,,,,
정보통신,정보통신공사업,114,(주)창원기전,,,150143,31363300,,,,,,
정보통신,정보통신공사업,115,이앤비정보통신(주),,,111212,31262200,,,,,,
정보통신,정보통신공사업,116,드림네트웍스(주),,,112793,31103600,,,,,,
정보통신,정보통신공사업,117,(주)서호이앤씨,,,310566,31100700,,,,,,
정보통신,정보통신공사업,118,(주)이화텔레콤,,,110056,31032000,,,,,,
정보통신,정보통신공사업,119,(주)명신시스템,,,110103,30853200,,,,,,
정보통신,정보통신공사업,120,우미건설(주),,,610084,30716200,,,,,,
정보통신,정보통신공사업,121,주식회사 유엔에이엔지니어링,,,310140,30614200,,,,,,
정보통신,정보통신공사업,122,(주)사이버텔브릿지,,,201114,30536700,,,,,,
정보통신,정보통신공사업,123,(주)유선통신,,,170031,30526400,,,,,,
정보통신,정보통신공사업,124,"현대에이치티 주식회사 (HYUNDAI HT CO,LTD.)",,,110929,30415800,,,,,,
정보통신,정보통신공사업,125,(주)테크빌,,,310469,30346300,,,,,,
정보통신,정보통신공사업,126,"주식회사 팬택씨앤아이엔지니어링(Pentech C&I Engineering CO.,LTD.)",,,203712,30234600,,,,,,
정보통신,정보통신공사업,127,대신네트웍스(주),,,120303,30161100,,,,,,
정보통신,정보통신공사업,128,(주)부현전기,,,200105,30039800,,,,,,
정보통신,정보통신공사업,129,대신통신기술(주),,,110587,29958800,,,,,,
정보통신,정보통신공사업,130,(주)굿링크,,,550021,29901000,,,,,,
정보통신,정보통신공사업,131,(주)시큐인포,,,112785,29804700,,,,,,
정보통신,정보통신공사업,132,건아정보기술(주),,,112106,29658700,,,,,,
정보통신,정보통신공사업,133,주식회사 벡트(VECT),,,201504,29643000,,,,,,
정보통신,정보통신공사업,134,(주)퍼니포커스,,,202701,29258300,,,,,,
정보통신,정보통신공사업,135,(주)제일정보통신,,,120148,29021100,,,,,,
정보통신,정보통신공사업,136,(주)케이티,,,111589,28896600,,,,,,
정보통신,정보통신공사업,137,메타넷디지털 주식회사,,,110273,28861800,,,,,,
정보통신,정보통신공사업,138,포원정보통신(주),,,640007,28786800,,,,,,
정보통신,정보통신공사업,139,주식회사 한영씨앤이,,,110055,28670000,,,,,,
정보통신,정보통신공사업,140,영현정보통신(주),,,112156,28588500,,,,,,
정보통신,정보통신공사업,141,에스정보통신(주),,,150278,28495300,,,,,,
정보통신,정보통신공사업,142,(유)미주계전,,,160136,28361600,,,,,,
정보통신,정보통신공사업,143,(주)진명아이앤씨,,,150275,28048500,,,,,,
정보통신,정보통신공사업,144,주식회사 아이웍스,,,550181,28009900,,,,,,
정보통신,정보통신공사업,145,(합)동화,,,112244,27694400,,,,,,
정보통신,정보통신공사업,146,주식회사 케이티서비스남부,,,420098,27660000,,,,,,
정보통신,정보통신공사업,147,"주식회사 윈스테크넷 (WINS Technet Co., Ltd.)",,,310685,27601100,,,,,,
정보통신,정보통신공사업,148,앤시정보기술(주),,,510018,27584400,,,,,,
정보통신,정보통신공사업,149,한진정보통신(주),,,110477,27472200,,,,,,
정보통신,정보통신공사업,150,(주)경림이앤지,,,201056,27309100,,,,,,
정보통신,정보통신공사업,151,(주)위드아이에스,,,311329,27115700,,,,,,
정보통신,정보통신공사업,152,(주)세한이엔씨,,,310463,27004300,,,,,,
정보통신,정보통신공사업,153,(주)컴피아,,,310084,26885500,,,,,,
정보통신,정보통신공사업,154,주식회사 넷워크인,,,410108,26838400,,,,,,
정보통신,정보통신공사업,155,(주)유라이프솔루션즈,,,320162,26630800,,,,,,
정보통신,정보통신공사업,156,(주)반도건설,,,202992,26507600,,,,,,
정보통신,정보통신공사업,157,주식회사 디티(DT INC.),,,110489,26427400,,,,,,
정보통신,정보통신공사업,158,(주)대인정보통신,,,110096,26424200,,,,,,
정보통신,정보통신공사업,159,(주)유비텍,,,530224,26266300,,,,,,
정보통신,정보통신공사업,160,(주)한일에스티엠,,,111590,26246500,,,,,,
정보통신,정보통신공사업,161,티엔에스아이(주),,,202379,26149900,,,,,,
정보통신,정보통신공사업,162,(주)그린아이티코리아,,,350122,26063700,,,,,,
정보통신,정보통신공사업,163,제이케이앤티텔레콤(주),,,113042,26054600,,,,,,
정보통신,정보통신공사업,164,(주)에스에이티,,,112684,25921300,,,,,,
정보통신,정보통신공사업,165,주식회사 트리즈엔 (TrizN Inc.),,,311143,25917600,,,,,,
정보통신,정보통신공사업,166,"주식회사 라피치(RAPEECH Co.,Ltd)",,,200345,25874300,,,,,,
정보통신,정보통신공사업,167,중흥토건(주),,,610162,25692100,,,,,,
정보통신,정보통신공사업,168,동서통신(주),,,150106,25664200,,,,,,
정보통신,정보통신공사업,169,(주)이에스통신,,,310512,25595000,,,,,,
정보통신,정보통신공사업,170,(주)아이엔아이,,,110500,25511100,,,,,,
정보통신,정보통신공사업,171,(주)케이투,,,120230,25510400,,,,,,
정보통신,정보통신공사업,172,(주)원테크,,,130292,25367700,,,,,,
정보통신,정보통신공사업,173,주식회사 네오비젼,,,310954,25237800,,,,,,
정보통신,정보통신공사업,174,수호정보통신(주),,,111142,25151400,,,,,,
정보통신,정보통신공사업,175,(주)싸이몬,,,310565,25102300,,,,,,
정보통신,정보통신공사업,176,한화비전 주식회사,,,120170,25065700,,,,,,
정보통신,정보통신공사업,177,"주식회사 진인프라(Jininfra Co.,Ltd.)",,,310242,25064400,,,,,,
정보통신,정보통신공사업,178,(주)화성,,,170038,25006200,,,,,,
정보통신,정보통신공사업,179,코오롱베니트(주),,,110849,24980000,,,,,,
정보통신,정보통신공사업,180,(주)넥스파시스템,,,200151,24900500,,,,,,
정보통신,정보통신공사업,181,대신네트웍스(주),,,110211,24828300,,,,,,
정보통신,정보통신공사업,182,이노뎁(주),,,201567,24485800,,,,,,
정보통신,정보통신공사업,183,세리정보기술 주식회사,,,203040,24475600,,,,,,
정보통신,정보통신공사업,184,(주)엠비씨씨앤아이,,,110316,24454500,,,,,,
정보통신,정보통신공사업,185,(주)클라우드네트웍스,,,202463,24439000,,,,,,
정보통신,정보통신공사업,186,"경남기업(주)(Keangnam Enterprises,Ltd)",,,110519,24335400,,,,,,
정보통신,정보통신공사업,187,대성네트웍(주),,,112356,24318300,,,,,,
정보통신,정보통신공사업,188,(주)이노솔루텍,,,420022,24269900,,,,,,
정보통신,정보통신공사업,189,주식회사 한라인프라코어,,,110432,24245700,,,,,,
정보통신,정보통신공사업,190,주식회사 코디아이앤씨,,,540489,24244000,,,,,,
정보통신,정보통신공사업,191,양산정보통신(주),,,530111,24234100,,,,,,
정보통신,정보통신공사업,192,(주)에스피엔이,,,201238,24074500,,,,,,
정보통신,정보통신공사업,193,대신정보기술(주),,,110097,23984400,,,,,,
정보통신,정보통신공사업,194,"주식회사 인콘(INCON Co., Ltd.)",,,112949,23941000,,,,,,
정보통신,정보통신공사업,195,(주)지성정보통신,,,310389,23892400,,,,,,
정보통신,정보통신공사업,196,주식회사 태왕이앤씨,,,530184,23820700,,,,,,
정보통신,정보통신공사업,197,이노테크놀로지(주),,,201548,23808100,,,,,,
정보통신,정보통신공사업,198,"콤시스 주식회사(Comsys Co., Ltd)",,,110997,23735900,,,,,,
정보통신,정보통신공사업,199,(주)한샘정보통신,,,150264,23559900,,,,,,
정보통신,정보통신공사업,200,(주)오버넷,,,112736,23508000,,,,,,
정보통신,정보통신공사업,201,(주)아이엔지시스템,,,110760,23501900,,,,,,
정보통신,정보통신공사업,202,"주식회사 오파스넷(OPASNET co., Ltd)",,,201342,23467400,,,,,,
정보통신,정보통신공사업,203,(주)시스원,,,111646,23420900,,,,,,
정보통신,정보통신공사업,204,주식회사 와이엔티솔루션,,,150588,23407300,,,,,,
정보통신,정보통신공사업,205,아주통신(주),,,140059,23399000,,,,,,
정보통신,정보통신공사업,206,(주)씨브이네트,,,111889,23392800,,,,,,
정보통신,정보통신공사업,207,중흥건설(주),,,140136,23309100,,,,,,
정보통신,정보통신공사업,208,(주)인포스텍,,,120258,23241100,,,,,,
정보통신,정보통신공사업,209,에스트래픽(주),,,310875,23231000,,,,,,
정보통신,정보통신공사업,210,청암기업(주),,,180024,23207000,,,,,,
정보통신,정보통신공사업,211,(주)신화통신,,,420025,23178000,,,,,,
정보통신,정보통신공사업,212,(주)경우이앤씨,,,112270,23152500,,,,,,
정보통신,정보통신공사업,213,두산건설(주),,,110795,23093700,,,,,,
정보통신,정보통신공사업,214,(주)우정넷,,,130303,23090200,,,,,,
정보통신,정보통신공사업,215,대일전기통신(주),,,111811,23074000,,,,,,
정보통신,정보통신공사업,216,주식회사 케이티엠오에스남부 (kt MOS Nambu Corporation),,,420018,23031900,,,,,,
정보통신,정보통신공사업,217,계룡건설산업(주),,,130091,23027000,,,,,,
정보통신,정보통신공사업,218,(주)인트로통신기술,,,112322,22968700,,,,,,
정보통신,정보통신공사업,219,한일통신(주),,,130047,22938700,,,,,,
정보통신,정보통신공사업,220,주식회사 에스비넷,,,111912,22849200,,,,,,
정보통신,정보통신공사업,221,유한책임회사 엔에이치네트웍스,,,140343,22735700,,,,,,
정보통신,정보통신공사업,222,(주)한스콤정보통신,,,120394,22696800,,,,,,
정보통신,정보통신공사업,223,주식회사 신화씨엔에스,,,202073,22571300,,,,,,
정보통신,정보통신공사업,224,(주)신보,,,110730,22538800,,,,,,
정보통신,정보통신공사업,225,한주통신(주),,,140145,22505500,,,,,,
정보통신,정보통신공사업,226,주식회사 알파시스템,,,120513,22478900,,,,,,
정보통신,정보통신공사업,227,(주)메트로컴넷,,,112730,22423300,,,,,,
정보통신,정보통신공사업,228,(주)아이디스,,,130473,22411600,,,,,,
정보통신,정보통신공사업,229,(주)서율,,,530207,22244200,,,,,,
정보통신,정보통신공사업,230,씨엠티정보통신(주),,,201924,22224200,,,,,,
정보통신,정보통신공사업,231,(주)삼도텔레콤,,,112965,22173200,,,,,,
정보통신,정보통신공사업,232,(주)코넥,,,120361,22162500,,,,,,
정보통신,정보통신공사업,233,(주)송우인포텍,,,550149,22130100,,,,,,
정보통신,정보통신공사업,234,케이씨씨정보통신(주),,,110583,22088300,,,,,,
정보통신,정보통신공사업,235,(주)케이티서비스북부,,,200811,22051300,,,,,,
정보통신,정보통신공사업,236,코오롱글로벌(주),,,110443,22049600,,,,,,
정보통신,정보통신공사업,237,(주)에스디시스템,,,112194,21802000,,,,,,
정보통신,정보통신공사업,238,에스케이브로드밴드(주),,,200640,21723400,,,,,,
정보통신,정보통신공사업,239,주식회사 국민,,,140016,21584100,,,,,,
정보통신,정보통신공사업,240,에스오에스미디어(주),,,130434,21583000,,,,,,
정보통신,정보통신공사업,241,에이치엘디앤아이한라 주식회사 (HL D&I HALLA CORPORATION),,,111022,21522300,,,,,,
정보통신,정보통신공사업,242,교보디티에스 주식회사,,,111085,21495400,,,,,,
정보통신,정보통신공사업,243,동부건설(주),,,110190,21451100,,,,,,
정보통신,정보통신공사업,244,주식회사 와이넷,,,420380,21444400,,,,,,
정보통신,정보통신공사업,245,(유)구이앤금우통신,,,630079,21378800,,,,,,
정보통신,정보통신공사업,246,(주)라사정보통신,,,110823,21289600,,,,,,
정보통신,정보통신공사업,247,주식회사 아이티트레인,,,201764,21191600,,,,,,
정보통신,정보통신공사업,248,다운이엔씨(주),,,520097,21154400,,,,,,
정보통신,정보통신공사업,249,주식회사 세종아이티엘 (SEJONGITL Ltd.),,,202097,21143500,,,,,,
정보통신,정보통신공사업,250,(주)인성정보,,,110400,21136500,,,,,,
정보통신,정보통신공사업,251,주식회사 아이티로그인,,,202792,21103600,,,,,,
정보통신,정보통신공사업,252,금호건설 주식회사,,,140010,21097400,,,,,,
정보통신,정보통신공사업,253,"주식회사 아이티센씨티에스 (ITCENCTS CO.,LTD.)",,,110423,20966000,,,,,,
정보통신,정보통신공사업,254,한애전자(주),,,110094,20958900,,,,,,
정보통신,정보통신공사업,255,에솜(주),,,311301,20888400,,,,,,
정보통신,정보통신공사업,256,태양정보통신(주),,,130071,20832100,,,,,,
정보통신,정보통신공사업,257,주식회사 엔투원시스템,,,112685,20791600,,,,,,
정보통신,정보통신공사업,258,(주)프라임엔시스템,,,200200,20780800,,,,,,
정보통신,정보통신공사업,259,삼영이엔씨(주),,,120072,20755300,,,,,,
정보통신,정보통신공사업,260,주식회사 에이치제이중공업,,,110315,20632800,,,,,,
정보통신,정보통신공사업,261,(합)조광,,,120049,20602700,,,,,,
정보통신,정보통신공사업,262,주식회사 엠케이솔루션,,,430290,20586200,,,,,,
정보통신,정보통신공사업,263,에프에스티코리아 주식회사,,,350444,20567300,,,,,,
정보통신,정보통신공사업,264,주식회사 알엔알(RNR Inc.),,,203086,20552700,,,,,,
정보통신,정보통신공사업,265,해솔정보통신 주식회사,,,150021,20530700,,,,,,
정보통신,정보통신공사업,266,아림통신건설,,,170022,20457400,,,,,,
정보통신,정보통신공사업,267,주식회사 파로스,,,620147,20278900,,,,,,
정보통신,정보통신공사업,268,(주)케이피에스보안시스템,,,310854,20276700,,,,,,
정보통신,정보통신공사업,269,(주)탑엔지니어링,,,110285,20253000,,,,,,
정보통신,정보통신공사업,270,(주)이레유비크,,,160178,20243400,,,,,,
정보통신,정보통신공사업,271,(주)셀콤,,,120359,20235300,,,,,,
정보통신,정보통신공사업,272,(주)케이디정보기술,,,112279,20215100,,,,,,
정보통신,정보통신공사업,273,주식회사 벨로크(Bellock Inc.),,,520106,20119100,,,,,,
정보통신,정보통신공사업,274,(주)주신에이브이티,,,200687,20114600,,,,,,
정보통신,정보통신공사업,275,(주)광진통신,,,130129,20097200,,,,,,
정보통신,정보통신공사업,276,주식회사 에이치케이시스템,,,350279,20095300,,,,,,
정보통신,정보통신공사업,277,배영텔레콤(주),,,150266,20074900,,,,,,
정보통신,정보통신공사업,278,금강통신(주),,,120068,19928100,,,,,,
정보통신,정보통신공사업,279,주식회사 프레이,,,202869,19923900,,,,,,
정보통신,정보통신공사업,280,케이티텔레캅(주),,,200565,19867300,,,,,,
정보통신,정보통신공사업,281,"에스케이쉴더스 주식회사 (SK shieldus Co.,Ltd)",,,200950,19772000,,,,,,
정보통신,정보통신공사업,282,주식회사 금양통신,,,120100,19675300,,,,,,
정보통신,정보통신공사업,283,아이씨티웨이(주),,,311124,19670900,,,,,,
정보통신,정보통신공사업,284,(주)시열정보통신,,,310265,19627300,,,,,,
정보통신,정보통신공사업,285,주식회사 지앤씨씨(G&CC),,,201346,19602500,,,,,,
정보통신,정보통신공사업,286,서부네트웍스(주),,,320025,19594600,,,,,,
정보통신,정보통신공사업,287,(주)케이엔정보기술,,,540216,19574400,,,,,,
정보통신,정보통신공사업,288,오상자이엘(주),,,111405,19558500,,,,,,
정보통신,정보통신공사업,289,주식회사 대하정보기술,,,120060,19527600,,,,,,
정보통신,정보통신공사업,290,(주)오티에스씨,,,200344,19498400,,,,,,
정보통신,정보통신공사업,291,주식회사 비포시스템,,,311939,19481000,,,,,,
정보통신,정보통신공사업,292,(주)애플파워,,,111305,19459400,,,,,,
정보통신,정보통신공사업,293,(주)세하통신,,,110236,19445900,,,,,,
정보통신,정보통신공사업,294,(주)메이머스트,,,202567,19376700,,,,,,
정보통신,정보통신공사업,295,(주)광주텔레콤,,,140134,19371700,,,,,,
정보통신,정보통신공사업,296,주식회사 디아이엔아이,,,350398,19309400,,,,,,
정보통신,정보통신공사업,297,(합자)동양아이텍,,,170070,19308000,,,,,,
정보통신,정보통신공사업,298,(주)대양정보통신,,,140062,19266800,,,,,,
정보통신,정보통신공사업,299,(주)영대정보통신,,,140423,19231600,,,,,,
정보통신,정보통신공사업,300,(주)미소건영,,,113500,19144400,,,,,,
정보통신,정보통신공사업,301,(주)한아아이티,,,530023,19142800,,,,,,
정보통신,정보통신공사업,302,주식회사 비에스한양(BS Hanyang Inc.),,,110061,19077800,,,,,,
정보통신,정보통신공사업,303,(주)두레정보통신,,,110578,19060300,,,,,,
정보통신,정보통신공사업,304,(주)에즈웰플러스,,,201104,19052800,,,,,,
정보통신,정보통신공사업,305,지티정보통신(주),,,320292,19041100,,,,,,
정보통신,정보통신공사업,306,"주식회사 에스노바시스템즈(Snova Systems Co.,Ltd.)",,,310499,19001400,,,,,,
정보통신,정보통신공사업,307,(주)이든정보기술,,,112594,18986600,,,,,,
정보통신,정보통신공사업,308,(주)엘앤비기술,,,510202,18954500,,,,,,
정보통신,정보통신공사업,309,주식회사 성호넷,,,111677,18930400,,,,,,
정보통신,정보통신공사업,310,에스엔티(주),,,330060,18883300,,,,,,
정보통신,정보통신공사업,311,(주)메가텔,,,110410,18859500,,,,,,
정보통신,정보통신공사업,312,대신정보통신(주),,,140158,18847500,,,,,,
정보통신,정보통신공사업,313,(주)제이엔테크,,,140012,18645700,,,,,,
정보통신,정보통신공사업,314,"주식회사 카네비모빌리티(Kanavi Mobility Co.,Ltd.)",,,320330,18587900,,,,,,
정보통신,정보통신공사업,315,블루엔이(주),,,110032,18483600,,,,,,
정보통신,정보통신공사업,316,(주)코어인프라,,,310971,18456300,,,,,,
정보통신,정보통신공사업,317,(주)에스포스텔레콤,,,200763,18448700,,,,,,
정보통신,정보통신공사업,318,코위버(주),,,113123,18426300,,,,,,
정보통신,정보통신공사업,319,벽산파워(주),,,201237,18329800,,,,,,
정보통신,정보통신공사업,320,에이스건설(주),,,201208,18270100,,,,,,
정보통신,정보통신공사업,321,뉴코리아전자통신(주),,,113324,18257900,,,,,,
정보통신,정보통신공사업,322,(주)센텍,,,130398,18234600,,,,,,
정보통신,정보통신공사업,323,싸이버테크(주),,,140482,18218700,,,,,,
정보통신,정보통신공사업,324,설악이앤씨(주),,,170048,18178200,,,,,,
정보통신,정보통신공사업,325,삼형전자(주),,,110228,18165600,,,,,,
정보통신,정보통신공사업,326,주식회사 명광,,,130049,18064300,,,,,,
정보통신,정보통신공사업,327,주식회사 엠토스솔루션스,,,203601,18061100,,,,,,
정보통신,정보통신공사업,328,(주)성진정보통신,,,112937,18057400,,,,,,
정보통신,정보통신공사업,329,주식회사 애즈원,,,202897,18048700,,,,,,
정보통신,정보통신공사업,330,에이블이엔씨 주식회사,,,202848,18048300,,,,,,
정보통신,정보통신공사업,331,종합전기(주),,,110507,18027100,,,,,,
정보통신,정보통신공사업,332,(주)유앤아이씨,,,620232,18000500,,,,,,
정보통신,정보통신공사업,333,(주)패스넷,,,310560,17958500,,,,,,
정보통신,정보통신공사업,334,(주)서경산업,,,202522,17944200,,,,,,
정보통신,정보통신공사업,335,(주)어니언소프트웨어,,,201751,17927500,,,,,,
정보통신,정보통신공사업,336,모바일파킹 유한회사,,,201165,17900700,,,,,,
정보통신,정보통신공사업,337,대한정보통신(주),,,140082,17892200,,,,,,
정보통신,정보통신공사업,338,계림통신건설(주),,,110517,17850100,,,,,,
정보통신,정보통신공사업,339,주식회사 새움,,,202005,17825200,,,,,,
정보통신,정보통신공사업,340,주식회사 명성이앤티,,,201191,17797100,,,,,,
정보통신,정보통신공사업,341,"주식회사 비에프랩스 (BFLABS Co.,LTD.)",,,111275,17794100,,,,,,
정보통신,정보통신공사업,342,(주)네오티스,,,111815,17790000,,,,,,
정보통신,정보통신공사업,343,원일정보통신(주),,,113278,17765500,,,,,,
정보통신,정보통신공사업,344,"주식회사 엠키스코어(MKIS CORE Co., Ltd.)",,,203540,17763000,,,,,,
정보통신,정보통신공사업,345,(주)그린텍아이엔씨,,,200989,17762500,,,,,,
정보통신,정보통신공사업,346,창조통신(주),,,130374,17622100,,,,,,
정보통신,정보통신공사업,347,경우전기(주),,,111071,17620100,,,,,,
정보통신,정보통신공사업,348,(주)라인테크놀로지,,,201503,17590500,,,,,,
정보통신,정보통신공사업,349,(주)컴버스테크,,,200820,17586000,,,,,,
정보통신,정보통신공사업,350,(주)포어링크,,,112347,17564300,,,,,,
정보통신,정보통신공사업,351,(주)콤위즈,,,113167,17501800,,,,,,
정보통신,정보통신공사업,352,엘지전자(주),,,200391,17500000,,,,,,
정보통신,정보통신공사업,353,(주)조은정보,,,201585,17399100,,,,,,
정보통신,정보통신공사업,354,(주)원캐스트,,,201436,17391700,,,,,,
정보통신,정보통신공사업,355,세림티에스지(주),,,420141,17388200,,,,,,
정보통신,정보통신공사업,356,(주)웨이브컴,,,110295,17356700,,,,,,
정보통신,정보통신공사업,357,(주)대경바스컴,,,111336,17349500,,,,,,
정보통신,정보통신공사업,358,주식회사 유진인프라코어,,,112141,17343100,,,,,,
정보통신,정보통신공사업,359,(주)디테코,,,140390,17308200,,,,,,
정보통신,정보통신공사업,360,(주)예성전기통신,,,150207,17293200,,,,,,
정보통신,정보통신공사업,361,주식회사 에프엔지네트웍스 (FNG NETWORKS Co. Ltd.),,,112011,17283200,,,,,,
정보통신,정보통신공사업,362,(주)서울영상테크,,,113109,17268500,,,,,,
정보통신,정보통신공사업,363,(주)카티스,,,111278,17233600,,,,,,
정보통신,정보통신공사업,364,주식회사 디엑스다온,,,610464,17205000,,,,,,
정보통신,정보통신공사업,365,주식회사 유니와이드,,,201296,17167100,,,,,,
정보통신,정보통신공사업,366,(합자)태성산업사,,,150628,17159800,,,,,,
정보통신,정보통신공사업,367,진흥씨앤씨(주),,,150514,17146800,,,,,,
정보통신,정보통신공사업,368,(주)한기술,,,620122,17144200,,,,,,
정보통신,정보통신공사업,369,국제텔레시스(주),,,112415,17057700,,,,,,
정보통신,정보통신공사업,370,주식회사 에이디엠,,,200852,17050200,,,,,,
정보통신,정보통신공사업,371,(주)신화전공,,,350289,17043200,,,,,,
정보통신,정보통신공사업,372,가락전자(주),,,110594,17022100,,,,,,
정보통신,정보통신공사업,373,(주)엠에스시스템,,,320182,17010200,,,,,,
정보통신,정보통신공사업,374,(주)세호영상,,,111292,16984500,,,,,,
정보통신,정보통신공사업,375,(주)신세계아이앤씨,,,111760,16894000,,,,,,
정보통신,정보통신공사업,376,(주)한성아이넷,,,120061,16830400,,,,,,
정보통신,정보통신공사업,377,아시아나아이디티(주),,,113197,16825500,,,,,,
정보통신,정보통신공사업,378,(주)유영정보통신,,,200974,16813800,,,,,,
정보통신,정보통신공사업,379,(주)명광,,,130109,16796800,,,,,,
정보통신,정보통신공사업,380,주식회사 컴포스,,,112379,16758900,,,,,,
정보통신,정보통신공사업,381,"에쓰이씨 주식회사 (SEC Co., Ltd.)",,,110305,16746400,,,,,,
정보통신,정보통신공사업,382,(주)미소아이티,,,201652,16746100,,,,,,
정보통신,정보통신공사업,383,비젼아이티에스 주식회사,,,311794,16734600,,,,,,
정보통신,정보통신공사업,384,(주)서광시스템,,,350033,16720000,,,,,,
정보통신,정보통신공사업,385,엘에스전선(주),,,110312,16698200,,,,,,
정보통신,정보통신공사업,386,한소리이앤씨(주),,,110009,16648000,,,,,,
정보통신,정보통신공사업,387,(주)한성원테크,,,510610,16643900,,,,,,
정보통신,정보통신공사업,388,(주)온리정보통신,,,111438,16639300,,,,,,
정보통신,정보통신공사업,389,(주)서인디지탈,,,310765,16585800,,,,,,
정보통신,정보통신공사업,390,(주)빅스타건설,,,150101,16574000,,,,,,
정보통신,정보통신공사업,391,주식회사 에코시스텍,,,630231,16568000,,,,,,
정보통신,정보통신공사업,392,(주)광신전설,,,111141,16556400,,,,,,
정보통신,정보통신공사업,393,청우통신(주),,,150508,16493600,,,,,,
정보통신,정보통신공사업,394,현대로템(주),,,120720,16482400,,,,,,
정보통신,정보통신공사업,395,(주)오성정보통신,,,140265,16467400,,,,,,
정보통신,정보통신공사업,396,"주식회사 아하 (AHA Co.,Ltd)",,,200698,16466600,,,,,,
정보통신,정보통신공사업,397,주식회사 엠아이솔텍,,,201690,16464800,,,,,,
정보통신,정보통신공사업,398,주식회사 이스젠,,,130325,16431100,,,,,,
정보통신,정보통신공사업,399,주식회사 남두,,,110066,16402300,,,,,,
정보통신,정보통신공사업,400,"주식회사 에이치씨코퍼레이션 (HC Corporation Co., Ltd.)",,,200719,16375400,,,,,,
정보통신,정보통신공사업,401,(주)신안정보통신,,,110140,16343700,,,,,,
정보통신,정보통신공사업,402,(주)세광통신,,,150303,16339600,,,,,,
정보통신,정보통신공사업,403,(주)엠케이씨티,,,112151,16298500,,,,,,
정보통신,정보통신공사업,404,(주)베가통신,,,120471,16247100,,,,,,
정보통신,정보통신공사업,405,동일전력 주식회사,,,640107,16245700,,,,,,
정보통신,정보통신공사업,406,갑을통신(주),,,120165,16194700,,,,,,
정보통신,정보통신공사업,407,(주)헬로네트워크,,,510592,16184200,,,,,,
정보통신,정보통신공사업,408,"주식회사 엠젠솔루션(MGEN SOLUTION CO., LTD.)",,,113026,16138200,,,,,,
정보통신,정보통신공사업,409,키엔컴(주),,,113119,16127200,,,,,,
정보통신,정보통신공사업,410,(사)해오름장애인협회,,,202538,16087200,,,,,,
정보통신,정보통신공사업,411,(주)기산이앤씨,,,350126,16070500,,,,,,
정보통신,정보통신공사업,412,(주)케이씨씨건설,,,111449,16062000,,,,,,
정보통신,정보통신공사업,413,주식회사 현명,,,310228,16054500,,,,,,
정보통신,정보통신공사업,414,주식회사 아이엘,,,310952,16042800,,,,,,
정보통신,정보통신공사업,415,(주)세웅정보통신,,,110100,16030500,,,,,,
정보통신,정보통신공사업,416,(주)비아이넷,,,113321,16020300,,,,,,
정보통신,정보통신공사업,417,(주)유셀네트웍스,,,111242,15987500,,,,,,
정보통신,정보통신공사업,418,통우통신,,,130092,15986800,,,,,,
정보통신,정보통신공사업,419,(주)필라테크,,,113025,15983200,,,,,,
정보통신,정보통신공사업,420,주식회사 솔버아이티,,,420172,15972700,,,,,,
정보통신,정보통신공사업,421,한국텔레콤(주),,,170155,15965600,,,,,,
정보통신,정보통신공사업,422,(주)에이치앤아이씨,,,202193,15946700,,,,,,
정보통신,정보통신공사업,423,야베스정보통신(주),,,150075,15922500,,,,,,
정보통신,정보통신공사업,424,(주)벨루션네트웍스,,,310780,15901500,,,,,,
정보통신,정보통신공사업,425,(주)이루온아이앤에스,,,201604,15894300,,,,,,
정보통신,정보통신공사업,426,(주)유비라인,,,200122,15880800,,,,,,
정보통신,정보통신공사업,427,(주)세종정보통신,,,550102,15868300,,,,,,
정보통신,정보통신공사업,428,(주)한솔텔레콤,,,330066,15862400,,,,,,
정보통신,정보통신공사업,429,도가테크,,,630082,15852500,,,,,,
정보통신,정보통신공사업,430,(주)케이엠넷,,,420206,15843500,,,,,,
정보통신,정보통신공사업,431,(주)정강통신,,,140024,15824200,,,,,,
정보통신,정보통신공사업,432,(주)동방데이타테크놀러지,,,111917,15803500,,,,,,
정보통신,정보통신공사업,433,(주)광운정보,,,130041,15763200,,,,,,
정보통신,정보통신공사업,434,주식회사 인테크,,,113063,15715000,,,,,,
정보통신,정보통신공사업,435,(주)건명테크윈,,,200966,15663900,,,,,,
정보통신,정보통신공사업,436,(주)파코코리아인더스,,,201914,15603700,,,,,,
정보통신,정보통신공사업,437,(주)티제이원,,,201474,15580500,,,,,,
정보통신,정보통신공사업,438,(주)신평통신,,,310481,15569800,,,,,,
정보통신,정보통신공사업,439,동보정보통신(주),,,150366,15552900,,,,,,
정보통신,정보통신공사업,440,동해정보통신(주),,,110028,15549300,,,,,,
정보통신,정보통신공사업,441,(주)트라콤,,,310163,15509200,,,,,,
정보통신,정보통신공사업,442,주식회사 이노트릭스,,,610287,15483500,,,,,,
정보통신,정보통신공사업,443,글로벌넷,,,420365,15478900,,,,,,
정보통신,정보통신공사업,444,"나이스인프라 주식회사(NICE Infra Co., Ltd)",,,112712,15475700,,,,,,
정보통신,정보통신공사업,445,주식회사 시스윈로보틱스,,,310270,15463600,,,,,,
정보통신,정보통신공사업,446,(주)유리네트웍스,,,320082,15378000,,,,,,
정보통신,정보통신공사업,447,주식회사 투비콤,,,203220,15375900,,,,,,
정보통신,정보통신공사업,448,정광(주),,,111239,15349600,,,,,,
정보통신,정보통신공사업,449,한신전자(주),,,120069,15330800,,,,,,
정보통신,정보통신공사업,450,주식회사 우리엔아이에스,,,111608,15281500,,,,,,
정보통신,정보통신공사업,451,부기테크(주),,,110740,15264800,,,,,,
정보통신,정보통신공사업,452,주식회사 새암정보기술,,,130440,15249800,,,,,,
정보통신,정보통신공사업,453,(주)신화시스템,,,201819,15227900,,,,,,
정보통신,정보통신공사업,454,서울데이타통신(주),,,110416,15227100,,,,,,
정보통신,정보통신공사업,455,(주)지인테크,,,310768,15196500,,,,,,
정보통신,정보통신공사업,456,(주)한우,,,120619,15194100,,,,,,
정보통신,정보통신공사업,457,서교정보통신(주),,,110068,15179400,,,,,,
정보통신,정보통신공사업,458,(주)태정이엔지,,,510591,15106500,,,,,,
정보통신,정보통신공사업,459,(주)이테크시스템,,,202106,15101000,,,,,,
정보통신,정보통신공사업,460,성우정보통신(주),,,110336,15095100,,,,,,
정보통신,정보통신공사업,461,동진통신(주),,,150137,15077200,,,,,,
정보통신,정보통신공사업,462,(주)부림,,,110122,15036200,,,,,,
정보통신,정보통신공사업,463,정화통신(주),,,170034,15032400,,,,,,
정보통신,정보통신공사업,464,(주)한영정보통신,,,150492,15011600,,,,,,
정보통신,정보통신공사업,465,주식회사 비엔에스테크,,,311866,15003100,,,,,,
정보통신,정보통신공사업,466,(주)코맥스,,,110538,15000300,,,,,,
정보통신,정보통신공사업,467,(주)아파트피아,,,200209,14987700,,,,,,
정보통신,정보통신공사업,468,"주식회사 씨아이테크(CITECH CO.,LTD.)",,,204224,14979300,,,,,,
정보통신,정보통신공사업,469,(주)삼성티엔지,,,201495,14962000,,,,,,
정보통신,정보통신공사업,470,주식회사 아이에스엔솔루션,,,201919,14958500,,,,,,
정보통신,정보통신공사업,471,효성아이티엑스(주),,,201733,14927800,,,,,,
정보통신,정보통신공사업,472,(주)유니포인트,,,201545,14920500,,,,,,
정보통신,정보통신공사업,473,(주)모빌텍,,,110601,14907500,,,,,,
정보통신,정보통신공사업,474,주식회사 서전텔콤,,,120062,14904900,,,,,,
정보통신,정보통신공사업,474,나성산업(주),,,112674,14904900,,,,,,
정보통신,정보통신공사업,476,(주)코콤,,,110549,14895300,,,,,,
정보통신,정보통신공사업,477,마이크로닉시스템(주),,,130189,14885300,,,,,,
정보통신,정보통신공사업,478,(주)유엔네트웍스,,,200851,14851600,,,,,,
정보통신,정보통신공사업,479,(주)하이넷네트웍스,,,112815,14835700,,,,,,
정보통신,정보통신공사업,480,(주)호반건설,,,140373,14834000,,,,,,
정보통신,정보통신공사업,481,해빛들에너지 주식회사,,,203941,14826400,,,,,,
정보통신,정보통신공사업,482,한아름정보통신(주),,,111441,14810500,,,,,,
정보통신,정보통신공사업,483,주식회사 대영아이오티,,,112546,14808700,,,,,,
정보통신,정보통신공사업,484,(주)선인프라,,,310251,14796000,,,,,,
정보통신,정보통신공사업,485,"케이지아이씨티 주식회사(KG ICT CO., LTD.)",,,203388,14767000,,,,,,
정보통신,정보통신공사업,486,(주)메카넷,,,202498,14758400,,,,,,
정보통신,정보통신공사업,487,굿어스(주),,,112703,14737500,,,,,,
정보통신,정보통신공사업,488,(주)삼흥정보통신,,,110697,14735300,,,,,,
정보통신,정보통신공사업,489,주식회사 디에스이앤티,,,110753,14733000,,,,,,
정보통신,정보통신공사업,490,지에스네트웍스(주),,,170024,14727700,,,,,,
정보통신,정보통신공사업,491,마인드원 주식회사,,,200309,14726900,,,,,,
정보통신,정보통신공사업,492,지에이치정보통신(주),,,410077,14677300,,,,,,
정보통신,정보통신공사업,493,(주)케이웍스,,,200007,14660300,,,,,,
정보통신,정보통신공사업,494,주식회사 제니스네트웍,,,510403,14597100,,,,,,
정보통신,정보통신공사업,495,(주)피엔에이링크,,,202653,14592100,,,,,,
정보통신,정보통신공사업,496,(주)위넷시스템,,,311492,14587400,,,,,,
정보통신,정보통신공사업,497,(주)지오통신,,,201916,14579600,,,,,,
정보통신,정보통신공사업,498,(주)인피니티네트웍스,,,550112,14572600,,,,,,
정보통신,정보통신공사업,499,주식회사 인성정보남부지사,,,530286,14566800,,,,,,
정보통신,정보통신공사업,500,(주)건호정보통신,,,150157,14555200,,,,,,
정보통신,정보통신공사업,501,엘에스사우타(주),,,113097,14527800,,,,,,
정보통신,정보통신공사업,502,(주)글로벌엔씨,,,120089,14524800,,,,,,
정보통신,정보통신공사업,503,(주)미래정보,,,130172,14511900,,,,,,
정보통신,정보통신공사업,504,(주)케이비에스비즈니스,,,201067,14508600,,,,,,
정보통신,정보통신공사업,505,(주)투데이게이트,,,200953,14497900,,,,,,
정보통신,정보통신공사업,506,유에프엠시스템즈(주),,,200809,14488900,,,,,,
정보통신,정보통신공사업,507,디아이디시스템(주),,,310648,14478400,,,,,,
정보통신,정보통신공사업,508,(주)하나로정보통신,,,120047,14472100,,,,,,
정보통신,정보통신공사업,509,(주)케이엘디,,,310946,14422500,,,,,,
정보통신,정보통신공사업,510,(주)두손씨에스티,,,111829,14391800,,,,,,
정보통신,정보통신공사업,511,(주)엘케이시스템,,,310490,14372800,,,,,,
정보통신,정보통신공사업,512,(주)유니온테크,,,150241,14349000,,,,,,
정보통신,정보통신공사업,513,(합자)삼우전자통신,,,150116,14332600,,,,,,
정보통신,정보통신공사업,514,주식회사 이건전기통신,,,311623,14330000,,,,,,
정보통신,정보통신공사업,515,(주)엔제로,,,311577,14308900,,,,,,
정보통신,정보통신공사업,516,주식회사 엠폴,,,202270,14308700,,,,,,
정보통신,정보통신공사업,517,(주)프론텍,,,530021,14233500,,,,,,
정보통신,정보통신공사업,518,(주)한빛네트웍스,,,140058,14221100,,,,,,
정보통신,정보통신공사업,519,보고이앤티 주식회사,,,120199,14216500,,,,,,
정보통신,정보통신공사업,520,"주식회사 디에이테크 (DATECH.CO.,Ltd)",,,311524,14206300,,,,,,
정보통신,정보통신공사업,521,(주)포소드,,,200764,14198200,,,,,,
정보통신,정보통신공사업,522,(주)에스오에이텔레콤,,,201174,14193600,,,,,,
정보통신,정보통신공사업,523,유한회사 경보통신,,,160033,14192200,,,,,,
정보통신,정보통신공사업,524,(주)경동나비엔,,,311648,14180600,,,,,,
정보통신,정보통신공사업,525,(주)융창,,,201768,14160800,,,,,,
정보통신,정보통신공사업,526,(주)인포인네트웍스,,,310190,14150500,,,,,,
정보통신,정보통신공사업,527,주식회사 창조에스티,,,420435,14083100,,,,,,
정보통신,정보통신공사업,528,(주)에스티엔인포텍,,,311401,14066800,,,,,,
정보통신,정보통신공사업,529,대형웍스(주),,,120753,14045700,,,,,,
정보통신,정보통신공사업,530,(주)희망에어텍,,,200460,13990500,,,,,,
정보통신,정보통신공사업,531,주식회사 포스코이앤씨,,,150228,13988400,,,,,,
정보통신,정보통신공사업,532,주식회사 폴라리스에이아이 (Polaris AI Corp.),,,112153,13978600,,,,,,
정보통신,정보통신공사업,533,(주)동양네트워크,,,110145,13971300,,,,,,
정보통신,정보통신공사업,534,(주)에스텍시스템,,,112917,13953800,,,,,,
정보통신,정보통신공사업,535,주식회사 성일,,,530019,13952200,,,,,,
정보통신,정보통신공사업,536,(주)아이티넷,,,430033,13906600,,,,,,
정보통신,정보통신공사업,537,주식회사 한양건설,,,311791,13874200,,,,,,
정보통신,정보통신공사업,538,(주)제이피파워정보통신,,,200451,13865700,,,,,,
정보통신,정보통신공사업,539,중앙통신(주),,,130023,13856300,,,,,,
정보통신,정보통신공사업,540,(주)인성이엔씨,,,110476,13828100,,,,,,
정보통신,정보통신공사업,541,(주)힘콤,,,510246,13817600,,,,,,
정보통신,정보통신공사업,542,(주)미동이엔씨,,,110757,13817400,,,,,,
정보통신,정보통신공사업,543,하나이앤지(주),,,310338,13812800,,,,,,
정보통신,정보통신공사업,544,합자회사 화인에스앤컴퍼니,,,111287,13811300,,,,,,
정보통신,정보통신공사업,545,주식회사 엔티에스,,,312095,13803400,,,,,,
정보통신,정보통신공사업,546,(주)제이엔디케이,,,201990,13791100,,,,,,
정보통신,정보통신공사업,547,파인건설 주식회사,,,420401,13749700,,,,,,
정보통신,정보통신공사업,548,동일통신(주),,,150079,13748400,,,,,,
정보통신,정보통신공사업,549,(주)에이치씨인포,,,201729,13744900,,,,,,
정보통신,정보통신공사업,550,(주)제이솔루션,,,510354,13729300,,,,,,
정보통신,정보통신공사업,551,(주)사운드솔루션,,,200670,13697300,,,,,,
정보통신,정보통신공사업,552,거산텔레콤(주),,,510130,13663500,,,,,,
정보통신,정보통신공사업,553,(주)산들네트웍스,,,111776,13660400,,,,,,
정보통신,정보통신공사업,554,"롯데이노베이트 주식회사(LOTTE INNOVATE Co., Ltd.)",,,200096,13628200,,,,,,
정보통신,정보통신공사업,555,아산정보통신(주),,,112646,13605000,,,,,,
정보통신,정보통신공사업,556,(주)다누시스,,,310080,13604900,,,,,,
정보통신,정보통신공사업,557,주식회사 다인정보기술,,,202997,13580700,,,,,,
정보통신,정보통신공사업,558,(주)동양아이텔,,,120180,13577700,,,,,,
정보통신,정보통신공사업,559,유엔넷 주식회사,,,112529,13565000,,,,,,
정보통신,정보통신공사업,560,(주)신성하이텍,,,110577,13517200,,,,,,
정보통신,정보통신공사업,561,(주)아프로시스템즈,,,311113,13517100,,,,,,
정보통신,정보통신공사업,562,주식회사 유진네트웍스,,,111634,13495100,,,,,,
정보통신,정보통신공사업,563,대정통신(주),,,110121,13493200,,,,,,
정보통신,정보통신공사업,564,(주)아이티에스컨버젼스,,,111647,13473000,,,,,,
정보통신,정보통신공사업,565,(주)서왕이노베이션,,,310449,13462100,,,,,,
정보통신,정보통신공사업,566,(주)한울정보통신,,,120609,13453700,,,,,,
정보통신,정보통신공사업,567,주식회사 상상인,,,110939,13449600,,,,,,
정보통신,정보통신공사업,568,(주)델타시스템,,,420040,13438100,,,,,,
정보통신,정보통신공사업,569,더원네트웍스(주),,,110039,13423300,,,,,,
정보통신,정보통신공사업,570,주식회사 지디엘시스템,,,420264,13416300,,,,,,
정보통신,정보통신공사업,571,(주)티볼리씨앤씨,,,201110,13403600,,,,,,
정보통신,정보통신공사업,572,"주식회사 더서울테크 (The Seoultech Co.,Ltd.)",,,350034,13391600,,,,,,
정보통신,정보통신공사업,573,유신통신(주),,,150060,13384900,,,,,,
정보통신,정보통신공사업,574,신아시스템(주),,,120682,13382100,,,,,,
정보통신,정보통신공사업,575,동광전자(주),,,111237,13379200,,,,,,
정보통신,정보통신공사업,576,대원전기(주),,,130016,13366300,,,,,,
정보통신,정보통신공사업,577,주식회사 일리,,,630365,13363100,,,,,,
정보통신,정보통신공사업,578,(주)얼라이드시스템,,,530030,13357200,,,,,,
정보통신,정보통신공사업,579,"주식회사 이에스(ES Co., Ltd.)",,,550186,13356800,,,,,,
정보통신,정보통신공사업,580,대신엔에스(주),,,110505,13346700,,,,,,
정보통신,정보통신공사업,581,금상첨화 주식회사,,,111826,13341500,,,,,,
정보통신,정보통신공사업,582,(주)넥스챌,,,111029,13319800,,,,,,
정보통신,정보통신공사업,583,대신네트웍스(주),,,170100,13317000,,,,,,
정보통신,정보통신공사업,584,(주)위쥬테크,,,200371,13302700,,,,,,
정보통신,정보통신공사업,585,득진통신(주),,,110445,13292800,,,,,,
정보통신,정보통신공사업,586,주식회사 제이한테크,,,610192,13290000,,,,,,
정보통신,정보통신공사업,587,(주)텔콤,,,130502,13286800,,,,,,
정보통신,정보통신공사업,588,(주)일광기업,,,110899,13277500,,,,,,
정보통신,정보통신공사업,589,케이씨전기(주),,,310905,13244000,,,,,,
정보통신,정보통신공사업,590,(주)캔텔,,,130217,13218300,,,,,,
정보통신,정보통신공사업,591,호진산업기연 주식회사,,,203004,13196100,,,,,,
정보통신,정보통신공사업,592,주식회사 인남,,,112202,13192000,,,,,,
정보통신,정보통신공사업,593,(주)우리아이티,,,112986,13186300,,,,,,
정보통신,정보통신공사업,594,주식회사 금성백조건설,,,440039,13184300,,,,,,
정보통신,정보통신공사업,595,(주)명진정보통신,,,120105,13181200,,,,,,
정보통신,정보통신공사업,596,동신통신(주),,,150039,13173600,,,,,,
정보통신,정보통신공사업,597,(주)한텔,,,150250,13149800,,,,,,
정보통신,정보통신공사업,598,주식회사 온품(OnPoom Corporation),,,111340,13126300,,,,,,
정보통신,정보통신공사업,599,주식회사 나노정보통신,,,630096,13113300,,,,,,
정보통신,정보통신공사업,600,(주)청조정보통신,,,310219,13084400,,,,,,
정보통신,정보통신공사업,601,링크맥스(주),,,310108,13078100,,,,,,
정보통신,정보통신공사업,602,(주)리버앤씨,,,310773,13066200,,,,,,
정보통신,정보통신공사업,603,(주)유알정보기술,,,540241,13059100,,,,,,
정보통신,정보통신공사업,604,(주)하이텍네트웍스,,,113176,13058100,,,,,,
정보통신,정보통신공사업,605,주식회사 신산전력,,,110337,13038700,,,,,,
정보통신,정보통신공사업,606,선테크 주식회사,,,111992,13013800,,,,,,
정보통신,정보통신공사업,607,(주)제이에프텍,,,200356,12991800,,,,,,
정보통신,정보통신공사업,608,금강산업(주),,,110296,12976900,,,,,,
정보통신,정보통신공사업,609,(주)동아티엔씨,,,120311,12957700,,,,,,
정보통신,정보통신공사업,610,주식회사 시스텍이앤씨,,,110208,12956200,,,,,,
정보통신,정보통신공사업,611,(주)태림,,,150100,12954700,,,,,,
정보통신,정보통신공사업,612,(주)삼지엔지니어링,,,110244,12954500,,,,,,
정보통신,정보통신공사업,613,(주)이노네트웍스,,,180065,12954100,,,,,,
정보통신,정보통신공사업,614,(주)다래파크텍,,,111721,12951500,,,,,,
정보통신,정보통신공사업,615,비티에스 주식회사,,,630269,12931100,,,,,,
정보통신,정보통신공사업,616,한창텔콤(주),,,150142,12921600,,,,,,
정보통신,정보통신공사업,617,태인텔레콤 주식회사,,,510401,12901400,,,,,,
정보통신,정보통신공사업,618,주식회사 큐브정보통신,,,200562,12898700,,,,,,
정보통신,정보통신공사업,619,씨티아이앤아이(주),,,111021,12887400,,,,,,
정보통신,정보통신공사업,620,참조은정보통신(주),,,150215,12872700,,,,,,
정보통신,정보통신공사업,621,(주)삼주전자,,,150346,12863400,,,,,,
정보통신,정보통신공사업,622,(주)오비스커뮤니케이션스,,,320030,12859200,,,,,,
정보통신,정보통신공사업,623,대선이엔씨(주),,,111321,12851200,,,,,,
정보통신,정보통신공사업,624,제아정보통신(주),,,111362,12838400,,,,,,
정보통신,정보통신공사업,625,(주)다온네트웍스,,,150304,12831500,,,,,,
정보통신,정보통신공사업,626,주식회사 에스아이테크,,,111687,12826900,,,,,,
정보통신,정보통신공사업,627,"해피콤 주식회사 (Happy Com Co., Ltd.)",,,111709,12818000,,,,,,
정보통신,정보통신공사업,628,(주)에스엠텔,,,112437,12793900,,,,,,
정보통신,정보통신공사업,629,(주)삼진일렉스,,,110732,12785300,,,,,,
정보통신,정보통신공사업,630,원탑정보통신 주식회사,,,312040,12779500,,,,,,
정보통신,정보통신공사업,631,주식회사 디비아이엔씨(DB Inc.),,,111149,12773700,,,,,,
정보통신,정보통신공사업,632,주식회사 우리솔루션 (Woori Solutions),,,310470,12743700,,,,,,
정보통신,정보통신공사업,633,에이치디에스(주),,,113117,12731800,,,,,,
정보통신,정보통신공사업,634,"주식회사 아이닛 (iNIT Co., Ltd.)",,,202373,12725800,,,,,,
정보통신,정보통신공사업,635,승아전기(주),,,200728,12720100,,,,,,
정보통신,정보통신공사업,636,(주)대호통신,,,610218,12708700,,,,,,
정보통신,정보통신공사업,637,아이크래프트(주),,,112032,12685500,,,,,,
정보통신,정보통신공사업,638,(주)엔에스테크,,,320190,12680500,,,,,,
정보통신,정보통신공사업,639,파란정보통신(주),,,520012,12656500,,,,,,
정보통신,정보통신공사업,640,(주)코리아통신공사,,,150028,12653700,,,,,,
정보통신,정보통신공사업,641,주식회사 광문정보통신,,,110020,12647400,,,,,,
정보통신,정보통신공사업,642,(주)에이블컴,,,311512,12643000,,,,,,
정보통신,정보통신공사업,643,피닉스엔지니어링(주),,,610017,12636900,,,,,,
정보통신,정보통신공사업,644,(주)명신하이넷,,,120155,12610100,,,,,,
정보통신,정보통신공사업,645,지영정보통신(주),,,130037,12607500,,,,,,
정보통신,정보통신공사업,646,"세종텔레콤 주식회사(SejongTelecom,Inc.)",,,310303,12607000,,,,,,
정보통신,정보통신공사업,647,이화티티씨(주),,,110110,12585200,,,,,,
정보통신,정보통신공사업,648,(주)주인정보시스템,,,200128,12582300,,,,,,
정보통신,정보통신공사업,649,"주식회사 아이티센글로벌 (ITCENGLOBAL CO.,LTD.)",,,150326,12579900,,,,,,
정보통신,정보통신공사업,650,대선아이넷(주),,,111793,12572000,,,,,,
정보통신,정보통신공사업,651,코레일테크(주),,,200110,12570000,,,,,,
정보통신,정보통신공사업,652,(주)젤루텍,,,200504,12559700,,,,,,
정보통신,정보통신공사업,653,(주)세화이티에프,,,202508,12544300,,,,,,
정보통신,정보통신공사업,654,대신네트웍스(주),,,150033,12540400,,,,,,
정보통신,정보통신공사업,655,(주)선택,,,150431,12539900,,,,,,
정보통신,정보통신공사업,656,주식회사 오션,,,150180,12523300,,,,,,
정보통신,정보통신공사업,657,(주)케이너스,,,200006,12517900,,,,,,
정보통신,정보통신공사업,658,(주)광영이엠씨,,,140008,12516900,,,,,,
정보통신,정보통신공사업,659,기룡이엔씨 주식회사,,,440016,12513600,,,,,,
정보통신,정보통신공사업,660,(주)일신전업,,,201153,12494800,,,,,,
정보통신,정보통신공사업,661,(주)혜림산업,,,350172,12492800,,,,,,
정보통신,정보통신공사업,662,(주)광전자통신,,,130010,12452800,,,,,,
정보통신,정보통신공사업,663,(주)슈프리마,,,311499,12452100,,,,,,
정보통신,정보통신공사업,664,주식회사 한빛티엔에스,,,113265,12441900,,,,,,
정보통신,정보통신공사업,665,에이케이에스정보주식회사,,,350345,12417200,,,,,,
정보통신,정보통신공사업,666,스크린정보통신(주),,,110722,12414700,,,,,,
정보통신,정보통신공사업,667,우영정보통신(주),,,110495,12405200,,,,,,
정보통신,정보통신공사업,668,주식회사 휴먼아이,,,510678,12404800,,,,,,
정보통신,정보통신공사업,669,(주)동성통신,,,150093,12399900,,,,,,
정보통신,정보통신공사업,670,(유)황우엔지니어링,,,160107,12398100,,,,,,
정보통신,정보통신공사업,671,주식회사 더나은산업,,,200348,12397600,,,,,,
정보통신,정보통신공사업,672,주식회사 텝섹,,,203689,12392800,,,,,,
정보통신,정보통신공사업,673,(주)썬플라워즈,,,320281,12383300,,,,,,
정보통신,정보통신공사업,674,동남전기통신(주),,,170039,12376300,,,,,,
정보통신,정보통신공사업,675,대경정보통신(주),,,311319,12366300,,,,,,
정보통신,정보통신공사업,676,하나정보통신(주),,,510084,12362400,,,,,,
정보통신,정보통신공사업,677,(주)한일통신,,,150096,12362300,,,,,,
정보통신,정보통신공사업,678,(주)엠제이케이,,,200684,12347200,,,,,,
정보통신,정보통신공사업,679,주식회사 윈피앤에스,,,200758,12329700,,,,,,
정보통신,정보통신공사업,680,우림통신 주식회사,,,530419,12316600,,,,,,
정보통신,정보통신공사업,681,주식회사 에이치앤티,,,520041,12307500,,,,,,
정보통신,정보통신공사업,682,태화정보통신(주),,,110467,12291300,,,,,,
정보통신,정보통신공사업,683,(주)삼영기업,,,111478,12289400,,,,,,
정보통신,정보통신공사업,684,(주)희원정보통신,,,310831,12287300,,,,,,
정보통신,정보통신공사업,685,네오콤(주),,,120190,12265100,,,,,,
정보통신,정보통신공사업,686,(유)창우,,,630031,12262300,,,,,,
정보통신,정보통신공사업,687,(주)시스젠,,,630140,12259200,,,,,,
정보통신,정보통신공사업,688,(주)하나씨엔에스,,,330138,12259100,,,,,,
정보통신,정보통신공사업,689,(주)지아이티,,,550095,12255700,,,,,,
정보통신,정보통신공사업,690,디엘인포 주식회사,,,311627,12254200,,,,,,
정보통신,정보통신공사업,691,"주식회사 일신이디아이 (ILSHIN EDI Co.,Ltd.)",,,110645,12240000,,,,,,
정보통신,정보통신공사업,692,(주)금성백조주택,,,420177,12238600,,,,,,
정보통신,정보통신공사업,693,(주)열림정보기술,,,112599,12219000,,,,,,
정보통신,정보통신공사업,694,세환엠에스(주),,,200352,12209900,,,,,,
정보통신,정보통신공사업,695,정보와기술(주),,,201744,12193600,,,,,,
정보통신,정보통신공사업,696,지에스앤티(주),,,111559,12192100,,,,,,
정보통신,정보통신공사업,697,주식회사 클라우드시스템,,,420458,12180900,,,,,,
정보통신,정보통신공사업,698,주식회사 로그인서광,,,140094,12170900,,,,,,
정보통신,정보통신공사업,699,주식회사 블랙홀,,,310891,12167600,,,,,,
정보통신,정보통신공사업,700,휴먼테크(주),,,110531,12159300,,,,,,
정보통신,정보통신공사업,701,(주)경성텔레콤,,,110147,12157900,,,,,,
정보통신,정보통신공사업,702,주식회사 산들정보통신,,,150269,12148000,,,,,,
정보통신,정보통신공사업,703,두복산전(주),,,200130,12128100,,,,,,
정보통신,정보통신공사업,704,(주)건우통신,,,110746,12127000,,,,,,
정보통신,정보통신공사업,705,우민전기 주식회사,,,113355,12124400,,,,,,
정보통신,정보통신공사업,706,(주)디오건설,,,311254,12118900,,,,,,
정보통신,정보통신공사업,707,(주)삼도통신,,,110330,12101500,,,,,,
정보통신,정보통신공사업,708,(주)미래엔솔루션,,,510327,12100100,,,,,,
정보통신,정보통신공사업,709,주식회사 웅진통신,,,120111,12071300,,,,,,
정보통신,정보통신공사업,710,(주)제나드시스템,,,310390,12061400,,,,,,
정보통신,정보통신공사업,711,(주)에스엠에이,,,310397,12056200,,,,,,
정보통신,정보통신공사업,712,유창통신(주),,,120154,12055100,,,,,,
정보통신,정보통신공사업,713,문창통신(주),,,170021,12053200,,,,,,
정보통신,정보통신공사업,714,(주)보다컴,,,112702,12051400,,,,,,
정보통신,정보통신공사업,715,(주)파워이엔씨,,,320099,12048500,,,,,,
정보통신,정보통신공사업,716,(주)알티솔루션,,,202351,12043600,,,,,,
정보통신,정보통신공사업,717,하이눈정보통신,,,120244,12041800,,,,,,
정보통신,정보통신공사업,718,"주식회사 메타넷글로벌(Metanet Global Co., Ltd.)",,,201791,12025700,,,,,,
정보통신,정보통신공사업,719,빛샘전자(주),,,110886,12013300,,,,,,
정보통신,정보통신공사업,720,프리스타일테크놀로지 유한회사,,,202431,12012800,,,,,,
정보통신,정보통신공사업,721,(주)성산정보시스템,,,110154,12010600,,,,,,
정보통신,정보통신공사업,722,유한회사 동방이노베이션,,,630022,11997700,,,,,,
정보통신,정보통신공사업,723,주식회사 한국크레아,,,510341,11984800,,,,,,
정보통신,정보통신공사업,724,하모니씨앤씨(주),,,111013,11978700,,,,,,
정보통신,정보통신공사업,725,이호기술단(주),,,510440,11973400,,,,,,
정보통신,정보통신공사업,726,주식회사 디케이앤트,,,201703,11971300,,,,,,
정보통신,정보통신공사업,727,우진산업개발(주),,,130063,11966700,,,,,,
정보통신,정보통신공사업,728,(주)동해종합기술공사,,,201317,11964300,,,,,,
정보통신,정보통신공사업,729,(주)이너인포,,,202105,11952700,,,,,,
정보통신,정보통신공사업,730,(주)동명이엔씨,,,111872,11941100,,,,,,
정보통신,정보통신공사업,731,(주)테크윈시스템,,,112767,11938500,,,,,,
정보통신,정보통신공사업,732,(주)파워텔레콤,,,110018,11934500,,,,,,
정보통신,정보통신공사업,733,주식회사 젠프로,,,350323,11933900,,,,,,
정보통신,정보통신공사업,734,아이에스(주),,,110541,11917600,,,,,,
정보통신,정보통신공사업,735,신한시스템즈(주),,,610061,11912500,,,,,,
정보통신,정보통신공사업,736,(주)링네트,,,111201,11912200,,,,,,
정보통신,정보통신공사업,737,세안이엔씨(주),,,111253,11899400,,,,,,
정보통신,정보통신공사업,738,주식회사 지에스티,,,310557,11894700,,,,,,
정보통신,정보통신공사업,739,주식회사 피씨엔,,,310297,11881300,,,,,,
정보통신,정보통신공사업,740,(주)세양텔레콤,,,110670,11866800,,,,,,
정보통신,정보통신공사업,741,주식회사 오스코,,,202094,11864200,,,,,,
정보통신,정보통신공사업,742,주식회사 세렉스,,,113133,11863300,,,,,,
정보통신,정보통신공사업,743,주식회사 다예테크넷,,,112186,11847300,,,,,,
정보통신,정보통신공사업,744,(주)성원이앤지,,,140364,11798500,,,,,,
정보통신,정보통신공사업,745,(주)에스엠인포메이션,,,201969,11776600,,,,,,
정보통신,정보통신공사업,746,원강정보통신(주),,,112609,11752000,,,,,,
정보통신,정보통신공사업,747,주식회사 세종(Sejong Corp.),,,200739,11706700,,,,,,
정보통신,정보통신공사업,748,(주)에스오넷,,,310062,11693100,,,,,,
정보통신,정보통신공사업,749,한국정보네트웍스(주),,,150058,11692200,,,,,,
정보통신,정보통신공사업,750,신양통신(주),,,110187,11673100,,,,,,
정보통신,정보통신공사업,751,씨오션전자(주),,,510291,11671400,,,,,,
정보통신,정보통신공사업,752,대일전기산업(주),,,200544,11667300,,,,,,
정보통신,정보통신공사업,753,(주)엔서브,,,310633,11632300,,,,,,
정보통신,정보통신공사업,754,대오이앤씨(주),,,111186,11627900,,,,,,
정보통신,정보통신공사업,755,(주)범일정보,,,530135,11624000,,,,,,
정보통신,정보통신공사업,756,이앤씨텔레콤(주),,,112085,11620300,,,,,,
정보통신,정보통신공사업,757,진흥정보통신(주),,,110151,11615500,,,,,,
정보통신,정보통신공사업,758,(주)거풍정보통신,,,111691,11605800,,,,,,
정보통신,정보통신공사업,759,동양전기통신(주),,,150370,11602600,,,,,,
정보통신,정보통신공사업,760,(주)에스비정보기술,,,202761,11588500,,,,,,
정보통신,정보통신공사업,761,성현기업(주),,,111391,11584700,,,,,,
정보통신,정보통신공사업,762,누리씨앤아이(주),,,610068,11581300,,,,,,
정보통신,정보통신공사업,763,주식회사 고도네트웍스,,,320063,11576700,,,,,,
정보통신,정보통신공사업,764,(주)지에프티,,,620094,11562500,,,,,,
정보통신,정보통신공사업,765,(주)올인원코리아,,,311166,11557800,,,,,,
정보통신,정보통신공사업,766,주식회사 명진에이앤아이,,,204207,11554300,,,,,,
정보통신,정보통신공사업,767,(주)하나월드정보통신,,,420077,11528700,,,,,,
정보통신,정보통신공사업,768,대방건설(주),,,350199,11507300,,,,,,
정보통신,정보통신공사업,769,주식회사 블루오션정보통신,,,420337,11502600,,,,,,
정보통신,정보통신공사업,770,오름정보통신(주),,,310054,11498700,,,,,,
정보통신,정보통신공사업,771,주식회사 가이드삼정,,,203348,11482600,,,,,,
정보통신,정보통신공사업,772,서전기술 주식회사,,,150669,11481400,,,,,,
정보통신,정보통신공사업,773,삼익전자공업(주),,,110479,11480400,,,,,,
정보통신,정보통신공사업,774,티에스라인시스템(주),,,200266,11480000,,,,,,
정보통신,정보통신공사업,775,사단법인 한국장애인미래정책포럼 (Korea Disabled Future Policy Forum),,,202926,11472000,,,,,,
정보통신,정보통신공사업,776,미르텍(주),,,140312,11457300,,,,,,
정보통신,정보통신공사업,777,(주)한미,,,110309,11457100,,,,,,
정보통신,정보통신공사업,778,(주)아름,,,430047,11444100,,,,,,
정보통신,정보통신공사업,779,"주식회사 펜타게이트(PentaGate Co.,Ltd)",,,203280,11410700,,,,,,
정보통신,정보통신공사업,780,(주)반도통신기술,,,111742,11410300,,,,,,
정보통신,정보통신공사업,781,주식회사 경도,,,111551,11400200,,,,,,
정보통신,정보통신공사업,782,주식회사 건양건설,,,130117,11381900,,,,,,
정보통신,정보통신공사업,783,옥산전기통신(주),,,201257,11379700,,,,,,
정보통신,정보통신공사업,784,주식회사 케이티넷코어(kt netcore Co. Ltd),,,204082,11379500,,,,,,
정보통신,정보통신공사업,785,종로전기(주),,,120265,11358000,,,,,,
정보통신,정보통신공사업,786,(주)경기방재,,,350024,11357300,,,,,,
정보통신,정보통신공사업,787,(주)제노시스,,,311219,11351700,,,,,,
정보통신,정보통신공사업,788,흥일정보통신(주),,,111209,11350200,,,,,,
정보통신,정보통신공사업,789,(주)삼정보안시스템,,,111553,11345600,,,,,,
정보통신,정보통신공사업,790,(합자)경민통신,,,170040,11334700,,,,,,
정보통신,정보통신공사업,791,"주식회사 필립이엔씨 (PillipENC Co.,Ltd.)",,,202265,11333100,,,,,,
정보통신,정보통신공사업,792,"주식회사 라임에스엔씨(LIMESNC Co.,Ltd.)",,,320328,11330300,,,,,,
정보통신,정보통신공사업,793,엘토스커뮤니케이션(주),,,510425,11312300,,,,,,
정보통신,정보통신공사업,794,(주)유토닉스,,,201522,11308400,,,,,,
정보통신,정보통신공사업,795,에이취휴먼테크(주),,,201874,11301500,,,,,,
정보통신,정보통신공사업,796,(주)윌네트,,,120730,11291400,,,,,,
정보통신,정보통신공사업,797,평송정보통신(주),,,110335,11279300,,,,,,
정보통신,정보통신공사업,798,에이스솔루션(주),,,430223,11278100,,,,,,
정보통신,정보통신공사업,799,골든시스(주),,,530275,11255600,,,,,,
정보통신,정보통신공사업,800,주식회사 파워텔,,,312082,11247900,,,,,,
정보통신,정보통신공사업,801,(주)진주네트워크,,,550229,11240300,,,,,,
정보통신,정보통신공사업,802,(주)경남개발,,,120070,11236600,,,,,,
정보통신,정보통신공사업,803,대신네트웍스(주),,,140115,11230600,,,,,,
정보통신,정보통신공사업,804,세연아이넷(주),,,202489,11230200,,,,,,
정보통신,정보통신공사업,805,미래정보통신(주),,,111547,11226300,,,,,,
정보통신,정보통신공사업,806,(주)참슬테크,,,201305,11216600,,,,,,
정보통신,정보통신공사업,807,(주)핀텔,,,311496,11197600,,,,,,
정보통신,정보통신공사업,808,(주)모피언스,,,202100,11193600,,,,,,
정보통신,정보통신공사업,809,(주)엔엠엑스이엔씨,,,110634,11172500,,,,,,
정보통신,정보통신공사업,810,주식회사 협신,,,130058,11168200,,,,,,
정보통신,정보통신공사업,811,주식회사 두웰,,,420327,11161000,,,,,,
정보통신,정보통신공사업,812,(주)위니텍,,,530003,11157600,,,,,,
정보통신,정보통신공사업,813,주식회사 율경,,,550023,11150900,,,,,,
정보통신,정보통신공사업,814,(주)동인시스템,,,310727,11149300,,,,,,
정보통신,정보통신공사업,815,(주)미래로택,,,310662,11138200,,,,,,
정보통신,정보통신공사업,816,에이원인포텍 주식회사,,,420499,11122200,,,,,,
정보통신,정보통신공사업,817,(주)안나시스템,,,111690,11108800,,,,,,
정보통신,정보통신공사업,818,(주)월드넷코리아,,,320117,11106700,,,,,,
정보통신,정보통신공사업,819,주식회사 에이아이네트웍,,,311857,11105600,,,,,,
정보통신,정보통신공사업,820,에스엔에스이서비스(주),,,201777,11105500,,,,,,
정보통신,정보통신공사업,821,(주)토네즈,,,200878,11105400,,,,,,
정보통신,정보통신공사업,822,주식회사 글로벌시스템스,,,420354,11095800,,,,,,
정보통신,정보통신공사업,823,(주)머큐리,,,110258,11091800,,,,,,
정보통신,정보통신공사업,824,(주)시스로그,,,510558,11085500,,,,,,
정보통신,정보통신공사업,825,(주)대경인트라넷,,,111198,11080500,,,,,,
정보통신,정보통신공사업,826,(주)스마일,,,430178,11072100,,,,,,
정보통신,정보통신공사업,827,(주)시티캅,,,510564,11053100,,,,,,
정보통신,정보통신공사업,828,주식회사 쓰리피인비전,,,420296,11035300,,,,,,
정보통신,정보통신공사업,829,미래정보시스템(주),,,510363,11032700,,,,,,
정보통신,정보통신공사업,830,주식회사 스마일테크넷,,,111281,11028300,,,,,,
정보통신,정보통신공사업,831,대신네트웍스 주식회사,,,330203,11015800,,,,,,
정보통신,정보통신공사업,832,(주)온더시스,,,420071,11001800,,,,,,
정보통신,정보통신공사업,833,(주)미디어테크,,,150625,10996900,,,,,,
정보통신,정보통신공사업,834,(주)진성아이텍,,,201213,10973800,,,,,,
정보통신,정보통신공사업,835,(주)한결아이앤씨,,,200046,10947000,,,,,,
정보통신,정보통신공사업,836,(합)대우전기통신공사,,,130099,10945000,,,,,,
정보통신,정보통신공사업,837,(주)케이씨에스,,,550222,10941000,,,,,,
정보통신,정보통신공사업,838,아성글로벌 주식회사,,,120037,10939100,,,,,,
정보통신,정보통신공사업,839,주식회사 디앤비엔지니어링,,,350041,10906200,,,,,,
정보통신,정보통신공사업,840,(주)남양이앤씨,,,110709,10902200,,,,,,
정보통신,정보통신공사업,841,탐투스(주),,,311016,10874500,,,,,,
정보통신,정보통신공사업,842,(주)이제이텍,,,310641,10864500,,,,,,
정보통신,정보통신공사업,843,(주)라온비주얼시스템,,,201552,10859800,,,,,,
정보통신,정보통신공사업,844,(주)용상전기통신,,,200843,10854900,,,,,,
정보통신,정보통신공사업,845,(주)누리콘,,,311367,10850900,,,,,,
정보통신,정보통신공사업,845,주식회사 동우텍,,,420467,10850900,,,,,,
정보통신,정보통신공사업,847,(주)태산정보기술,,,201216,10849000,,,,,,
정보통신,정보통신공사업,848,주식회사 하이큐넷,,,110210,10847600,,,,,,
정보통신,정보통신공사업,849,(주)아이커머,,,200227,10835600,,,,,,
정보통신,정보통신공사업,850,신세계건설(주),,,201172,10813800,,,,,,
정보통신,정보통신공사업,851,주식회사 성동아이앤티,,,203702,10807700,,,,,,
정보통신,정보통신공사업,852,주식회사 솔루파인,,,202939,10804600,,,,,,
정보통신,정보통신공사업,853,(주)대주전력,,,200489,10799100,,,,,,
정보통신,정보통신공사업,854,새결정보통신(주),,,112738,10793300,,,,,,
정보통신,정보통신공사업,855,(주)아이딘컴,,,201261,10789400,,,,,,
정보통신,정보통신공사업,856,(주)세은테크,,,311357,10762800,,,,,,
정보통신,정보통신공사업,857,주식회사 정호링크,,,120247,10756600,,,,,,
정보통신,정보통신공사업,858,(유)영화통신,,,140025,10752900,,,,,,
정보통신,정보통신공사업,859,동서텔레콤(주),,,130024,10750700,,,,,,
정보통신,정보통신공사업,860,소성정보기술(주),,,113295,10745900,,,,,,
정보통신,정보통신공사업,861,주식회사 세하,,,110527,10743100,,,,,,
정보통신,정보통신공사업,862,(주)지아이테크놀러지,,,200516,10740100,,,,,,
정보통신,정보통신공사업,863,주식회사 디피에스글로벌,,,540339,10735900,,,,,,
정보통신,정보통신공사업,864,(주)기가네트워크,,,200367,10725500,,,,,,
정보통신,정보통신공사업,865,(주)에피테크,,,311875,10713000,,,,,,
정보통신,정보통신공사업,866,(주)디투에스,,,112803,10705600,,,,,,
정보통신,정보통신공사업,867,키노톤 주식회사,,,202012,10703600,,,,,,
정보통신,정보통신공사업,868,(주)와이엘테크,,,113353,10692800,,,,,,
정보통신,정보통신공사업,869,(주)서원이엔씨,,,113299,10684500,,,,,,
정보통신,정보통신공사업,870,(주)지니텍,,,202187,10680500,,,,,,
정보통신,정보통신공사업,871,(주)인터엠,,,110411,10668700,,,,,,
정보통신,정보통신공사업,872,아이파킹 주식회사 (iParking Corp.),,,202412,10661000,,,,,,
정보통신,정보통신공사업,873,"주식회사 아이티센코어(ITCENCORE CO.,LTD.)",,,530319,10658000,,,,,,
정보통신,정보통신공사업,874,(주)도연시스템즈,,,311099,10653100,,,,,,
정보통신,정보통신공사업,875,"(주)두리씨앤에스(Doori C&S Co., Ltd.)",,,620229,10652800,,,,,,
정보통신,정보통신공사업,876,(주)제이에스인컴,,,200366,10650000,,,,,,
정보통신,정보통신공사업,877,(주)청화테크,,,320289,10647000,,,,,,
정보통신,정보통신공사업,878,(주)경일통신,,,130043,10644700,,,,,,
정보통신,정보통신공사업,879,(주)피플데이타,,,540318,10635800,,,,,,
정보통신,정보통신공사업,880,디알시스 주식회사,,,311817,10634600,,,,,,
정보통신,정보통신공사업,881,(주)정원,,,530178,10633700,,,,,,
정보통신,정보통신공사업,882,월드이엔텍(주),,,520022,10632300,,,,,,
정보통신,정보통신공사업,883,주식회사 이노펌프,,,110496,10606700,,,,,,
정보통신,정보통신공사업,884,주식회사 세창전기,,,550016,10603100,,,,,,
정보통신,정보통신공사업,885,신한종합네트웍스(주),,,110199,10600900,,,,,,
정보통신,정보통신공사업,886,(주)셋콤링크,,,310604,10579200,,,,,,
정보통신,정보통신공사업,887,(주)지엔콤,,,160226,10578700,,,,,,
정보통신,정보통신공사업,888,주식회사 씨엔엔정보기술,,,320373,10573700,,,,,,
정보통신,정보통신공사업,889,대경정보통신(주),,,530142,10573200,,,,,,
정보통신,정보통신공사업,890,글로벌정보통신 주식회사,,,311836,10570600,,,,,,
정보통신,정보통신공사업,891,주식회사 인스틴솔루션,,,200255,10568000,,,,,,
정보통신,정보통신공사업,892,주식회사 그린이엔에스,,,140168,10567900,,,,,,
정보통신,정보통신공사업,893,유한회사 광명이엔시,,,140014,10563100,,,,,,
정보통신,정보통신공사업,894,(주)아이넷테크,,,420086,10548800,,,,,,
정보통신,정보통신공사업,895,(주)예원이엔씨,,,120011,10546700,,,,,,
정보통신,정보통신공사업,896,주식회사 롤텍,,,311758,10530700,,,,,,
정보통신,정보통신공사업,897,주식회사 지나컴퍼니,,,320469,10526600,,,,,,
정보통신,정보통신공사업,898,(주)제이아이티,,,310317,10523800,,,,,,
정보통신,정보통신공사업,899,(주)오티에스,,,130168,10509100,,,,,,
정보통신,정보통신공사업,900,군인공제회,,,110345,10490000,,,,,,
정보통신,정보통신공사업,901,미래정보산업(주),,,130147,10472600,,,,,,
정보통신,정보통신공사업,902,청음통신(주),,,110272,10471700,,,,,,
정보통신,정보통신공사업,903,주식회사 진미,,,540187,10458200,,,,,,
정보통신,정보통신공사업,904,(주)신성전자통신,,,110378,10456100,,,,,,
정보통신,정보통신공사업,905,주식회사 이든솔,,,320250,10450700,,,,,,
정보통신,정보통신공사업,906,(주)오라시스템,,,112857,10445400,,,,,,
정보통신,정보통신공사업,907,주식회사 동우지씨에스,,,320295,10441900,,,,,,
정보통신,정보통신공사업,908,빅썬시스템즈(주),,,202338,10402500,,,,,,
정보통신,정보통신공사업,909,주식회사 넷티스트,,,530186,10399900,,,,,,
정보통신,정보통신공사업,910,주식회사 남동기술(NamDong-gisul),,,350012,10399200,,,,,,
정보통신,정보통신공사업,911,대신네트웍스(주),,,110358,10395600,,,,,,
정보통신,정보통신공사업,912,(주)금탑전기통신,,,130152,10392300,,,,,,
정보통신,정보통신공사업,913,한신공영(주),,,110157,10384700,,,,,,
정보통신,정보통신공사업,914,일성건설(주),,,111386,10369500,,,,,,
정보통신,정보통신공사업,915,(주)부강,,,111854,10364700,,,,,,
정보통신,정보통신공사업,916,세중물산 주식회사,,,201003,10362800,,,,,,
정보통신,정보통신공사업,917,주식회사 다가올아이앤씨,,,203558,10360600,,,,,,
정보통신,정보통신공사업,918,(주)이든티앤에스,,,201851,10345800,,,,,,
정보통신,정보통신공사업,919,(주)오픈웍스,,,201020,10344600,,,,,,
정보통신,정보통신공사업,920,주식회사 랜오아시스,,,202908,10339000,,,,,,
정보통신,정보통신공사업,921,(주)청심아이티,,,201094,10336800,,,,,,
정보통신,정보통신공사업,922,인포스텔(주),,,111274,10327000,,,,,,
정보통신,정보통신공사업,923,주식회사 시트론,,,320153,10307600,,,,,,
정보통신,정보통신공사업,924,주식회사 애니스마트,,,630181,10298200,,,,,,
정보통신,정보통신공사업,925,이디에스 주식회사,,,530238,10288200,,,,,,
정보통신,정보통신공사업,926,(주)엔탑엔지니어링,,,140080,10280100,,,,,,
정보통신,정보통신공사업,927,(주)지성이엔지,,,540151,10267400,,,,,,
정보통신,정보통신공사업,928,(주)다상테크,,,111831,10266000,,,,,,
정보통신,정보통신공사업,929,원플러스이엔씨 주식회사,,,310048,10258700,,,,,,
정보통신,정보통신공사업,930,(주)우정정보통신,,,111624,10252600,,,,,,
정보통신,정보통신공사업,931,주식회사 시스메이트,,,202830,10244000,,,,,,
정보통신,정보통신공사업,932,평화텔레콤(주),,,120797,10230400,,,,,,
정보통신,정보통신공사업,933,(주)보성전자,,,150414,10221300,,,,,,
정보통신,정보통신공사업,934,(주)비엘에스,,,200703,10220700,,,,,,
정보통신,정보통신공사업,935,주식회사 고려티에스아이,,,112497,10216500,,,,,,
정보통신,정보통신공사업,936,(주)광정보통신,,,140175,10214500,,,,,,
정보통신,정보통신공사업,937,(주)윌아이텍,,,310908,10212500,,,,,,
정보통신,정보통신공사업,938,(주)영보정보통신,,,130083,10206800,,,,,,
정보통신,정보통신공사업,939,주식회사 본정보,,,203061,10201700,,,,,,
정보통신,정보통신공사업,940,(주)덕산정보통신,,,130054,10189200,,,,,,
정보통신,정보통신공사업,941,영라인 주식회사,,,530336,10177500,,,,,,
정보통신,정보통신공사업,942,(주)우신아이앤씨,,,200144,10173000,,,,,,
정보통신,정보통신공사업,943,우정정보통신(주),,,112587,10172900,,,,,,
정보통신,정보통신공사업,944,(주)한일디엔에스,,,111065,10143600,,,,,,
정보통신,정보통신공사업,945,(주)샘터정보기술,,,540173,10143500,,,,,,
정보통신,정보통신공사업,946,주식회사 에이치큐엘씨,,,330279,10143100,,,,,,
정보통신,정보통신공사업,947,(주)유어스시스템,,,410100,10134100,,,,,,
정보통신,정보통신공사업,948,반델란드로지스틱스지엠비에이치 (Vanderlande Logistics GmbH)(영업소),,,203708,10126300,,,,,,
정보통신,정보통신공사업,949,건수정보통신(주),,,120789,10123700,,,,,,
정보통신,정보통신공사업,950,(주)이지전기통신,,,110946,10122400,,,,,,
정보통신,정보통신공사업,951,(주)용화전기통신,,,310076,10121900,,,,,,
정보통신,정보통신공사업,952,(주)지우네트웍스,,,310796,10097500,,,,,,
정보통신,정보통신공사업,953,주식회사 동진,,,530073,10094300,,,,,,
정보통신,정보통신공사업,954,경방전기통신(주),,,110834,10089900,,,,,,
정보통신,정보통신공사업,955,(주)수빈정보기술,,,311388,10083400,,,,,,
정보통신,정보통신공사업,956,유비텔레콤(주),,,111454,10076600,,,,,,
정보통신,정보통신공사업,957,(주)동산텔레콤,,,110361,10071700,,,,,,
정보통신,정보통신공사업,958,한선씨앤씨(주),,,112939,10069800,,,,,,
정보통신,정보통신공사업,959,주식회사 글로벌정보통신,,,203310,10056500,,,,,,
정보통신,정보통신공사업,960,두로산전(주),,,111586,10051200,,,,,,
정보통신,정보통신공사업,961,(주)아이티에이스,,,202528,10049800,,,,,,
정보통신,정보통신공사업,962,(주)에스엠네트웍스,,,310215,10047400,,,,,,
정보통신,정보통신공사업,963,탑정보통신(주),,,200449,10037600,,,,,,
정보통신,정보통신공사업,964,주식회사 씨앤씨건영,,,320397,10035300,,,,,,
정보통신,정보통신공사업,965,(주)풍건,,,150066,10027700,,,,,,
정보통신,정보통신공사업,966,(주)동화통신,,,130042,10019900,,,,,,
정보통신,정보통신공사업,967,큐비콤 주식회사,,,311918,10019300,,,,,,
정보통신,정보통신공사업,968,주식회사 디아이앤씨,,,510121,10018300,,,,,,
정보통신,정보통신공사업,969,(주)아이에스엘,,,113218,10011500,,,,,,
정보통신,정보통신공사업,970,(주)오성이앤씨,,,150558,10005700,,,,,,
정보통신,정보통신공사업,971,(주)진명텔레콤,,,120088,10000600,,,,,,
정보통신,정보통신공사업,972,상승종합통신(주),,,112552,9992700,,,,,,
정보통신,정보통신공사업,973,(주)이엔티파워,,,310990,9955800,,,,,,
정보통신,정보통신공사업,974,(주)굿채널시스템,,,112436,9955600,,,,,,
정보통신,정보통신공사업,975,(주)중앙전자통신,,,120023,9953900,,,,,,
정보통신,정보통신공사업,976,(주)한국아이티에스,,,530093,9935000,,,,,,
정보통신,정보통신공사업,977,주식회사 신성아이티에스,,,312149,9922500,,,,,,
정보통신,정보통신공사업,978,주식회사 라인정보통신,,,111982,9922100,,,,,,
정보통신,정보통신공사업,979,주식회사 메가이앤씨 (Mega E&C),,,310115,9901100,,,,,,
정보통신,정보통신공사업,980,(주)영원정보통신,,,110005,9900800,,,,,,
정보통신,정보통신공사업,981,(주)비디씨,,,130174,9895700,,,,,,
정보통신,정보통신공사업,982,(주)엔정보기술,,,120792,9893200,,,,,,
정보통신,정보통신공사업,983,(주)영하아이앤티,,,130234,9891500,,,,,,
정보통신,정보통신공사업,984,대호전기(주),,,140090,9891300,,,,,,
정보통신,정보통신공사업,985,주식회사 서진정보통신,,,311698,9886100,,,,,,
정보통신,정보통신공사업,986,주식회사 우리아이티,,,120778,9873800,,,,,,
정보통신,정보통신공사업,987,주식회사 삼일아이티,,,312240,9871900,,,,,,
정보통신,정보통신공사업,988,(주)에이에스티글로벌,,,202011,9859800,,,,,,
정보통신,정보통신공사업,989,주식회사 비디엔에프,,,203102,9859500,,,,,,
정보통신,정보통신공사업,990,라온이엔씨 주식회사,,,202269,9858900,,,,,,
정보통신,정보통신공사업,991,두원이에프씨(주),,,111381,9852800,,,,,,
정보통신,정보통신공사업,992,(합)미래통신공사,,,130059,9847900,,,,,,
정보통신,정보통신공사업,993,"주식회사 아이티센엔텍 (ITCENENTEC CO.,LTD.)",,,110117,9823200,,,,,,
정보통신,정보통신공사업,994,진광에스엔씨 주식회사,,,420312,9816200,,,,,,
정보통신,정보통신공사업,995,(주)디앤에스테크놀로지,,,111271,9811700,,,,,,
정보통신,정보통신공사업,996,(주)연무기술,,,130396,9806800,,,,,,
정보통신,정보통신공사업,997,엠에스텔레콤(주),,,112097,9794300,,,,,,
정보통신,정보통신공사업,998,해용정보통신(주),,,112861,9794200,,,,,,
정보통신,정보통신공사업,999,삼성디지컴(주),,,130456,9789400,,,,,,
정보통신,정보통신공사업,1000,주식회사 태율정보통신,,,320470,9784200,,,,,,
정보통신,정보통신공사업,1001,(주)케이아이앤티티,,,140051,9775400,,,,,,
정보통신,정보통신공사업,1002,(주)동신정보통신,,,202700,9773800,,,,,,
정보통신,정보통신공사업,1003,(주)케이탑솔루션,,,330026,9741900,,,,,,
정보통신,정보통신공사업,1004,(주)고운정보통신,,,150201,9734800,,,,,,
정보통신,정보통신공사업,1005,주식회사 대한네트웍,,,610225,9730600,,,,,,
정보통신,정보통신공사업,1006,(주)코리아넷,,,140498,9729300,,,,,,
정보통신,정보통신공사업,1007,장한전산(주),,,113375,9727100,,,,,,
정보통신,정보통신공사업,1008,(주)유비콤,,,430109,9725200,,,,,,
정보통신,정보통신공사업,1009,(주)낙원이엔지,,,350001,9724100,,,,,,
정보통신,정보통신공사업,1010,(주)비넷츠,,,120282,9715300,,,,,,
정보통신,정보통신공사업,1011,(주)솔루윈,,,310743,9714800,,,,,,
정보통신,정보통신공사업,1012,노블테크(주),,,120450,9713500,,,,,,
정보통신,정보통신공사업,1013,중원정보통신(주),,,130144,9712900,,,,,,
정보통신,정보통신공사업,1014,(주)대선정보통신,,,350256,9681800,,,,,,
정보통신,정보통신공사업,1015,에이에이씨케이(주),,,201469,9681000,,,,,,
정보통신,정보통신공사업,1016,승진산업(주),,,140446,9666700,,,,,,
정보통신,정보통신공사업,1017,(주)에이앤비정보기술,,,140056,9664400,,,,,,
정보통신,정보통신공사업,1018,동양네트웍스(주),,,420044,9660100,,,,,,
정보통신,정보통신공사업,1019,(주)삼경엠에스,,,310611,9654600,,,,,,
정보통신,정보통신공사업,1020,(주)에스에이텍,,,330112,9641100,,,,,,
정보통신,정보통신공사업,1021,(합)동양통신,,,110307,9622200,,,,,,
정보통신,정보통신공사업,1022,코리아데이타코퍼레이션(주),,,201301,9608900,,,,,,
정보통신,정보통신공사업,1023,주식회사 케이네트웍스,,,202203,9605700,,,,,,
정보통신,정보통신공사업,1024,(주)누리제어시스템,,,201196,9598600,,,,,,
정보통신,정보통신공사업,1025,주식회사 금원,,,350298,9597900,,,,,,
정보통신,정보통신공사업,1026,(유)시원,,,160238,9587800,,,,,,
정보통신,정보통신공사업,1027,(합)일육,,,130080,9572900,,,,,,
정보통신,정보통신공사업,1028,주식회사 포브텍,,,112659,9572700,,,,,,
정보통신,정보통신공사업,1029,(주)와치캠,,,311398,9569100,,,,,,
정보통신,정보통신공사업,1030,주식회사 티피지테크,,,311764,9566900,,,,,,
정보통신,정보통신공사업,1031,주식회사 조은기술,,,420211,9555100,,,,,,
정보통신,정보통신공사업,1032,주식회사 아이티유,,,420395,9553500,,,,,,
정보통신,정보통신공사업,1033,(주)엠앤에이치,,,200341,9544100,,,,,,
정보통신,정보통신공사업,1034,주식회사 가드온다이내믹스,,,420416,9527700,,,,,,
정보통신,정보통신공사업,1035,계영정보통신(주),,,310785,9526500,,,,,,
정보통신,정보통신공사업,1036,(주)네트웍리더,,,202222,9526400,,,,,,
정보통신,정보통신공사업,1037,(주)스카이뱅크,,,113239,9525000,,,,,,
정보통신,정보통신공사업,1038,주식회사 신아솔루션,,,350418,9520600,,,,,,
정보통신,정보통신공사업,1039,(주)명성씨앤에스,,,150070,9500900,,,,,,
정보통신,정보통신공사업,1040,대신네트웍스(주),,,120498,9484200,,,,,,
정보통신,정보통신공사업,1041,(주)퓨처아이스,,,610019,9481500,,,,,,
정보통신,정보통신공사업,1042,주식회사 에이치엘시스템,,,202440,9480300,,,,,,
정보통신,정보통신공사업,1043,(주)한올통신,,,140104,9475300,,,,,,
정보통신,정보통신공사업,1044,(주)우리젠,,,200189,9467200,,,,,,
정보통신,정보통신공사업,1045,제일아이앤에스(주),,,110248,9466600,,,,,,
정보통신,정보통신공사업,1046,(주)지엠에스인터내셔날,,,201008,9459500,,,,,,
정보통신,정보통신공사업,1047,(주)아이센트,,,200722,9436100,,,,,,
정보통신,정보통신공사업,1048,"주식회사 스피어에이엑스 (Sphere AX Co.,Ltd.)",,,530196,9413900,,,,,,
정보통신,정보통신공사업,1049,(주)일광통신,,,110205,9409300,,,,,,
정보통신,정보통신공사업,1050,주영정보통신(주),,,540067,9401300,,,,,,
정보통신,정보통신공사업,1051,(주)신우텔렉시스,,,110014,9396000,,,,,,
정보통신,정보통신공사업,1052,(주)원비즈시스템,,,200204,9392800,,,,,,
정보통신,정보통신공사업,1053,(주)우형정보통신,,,113144,9384500,,,,,,
정보통신,정보통신공사업,1054,(주)엑스파워정보통신,,,320071,9380000,,,,,,
정보통신,정보통신공사업,1055,(주)유씨아이,,,420182,9377100,,,,,,
정보통신,정보통신공사업,1056,(주)건영네트워크,,,310056,9376200,,,,,,
정보통신,정보통신공사업,1057,대한에프에이시스템 주식회사,,,204049,9373600,,,,,,
정보통신,정보통신공사업,1058,주식회사 파로스시스템,,,201379,9367200,,,,,,
정보통신,정보통신공사업,1059,(주)대경텔레콤,,,110163,9366900,,,,,,
정보통신,정보통신공사업,1060,화성아이티(주),,,120415,9365600,,,,,,
정보통신,정보통신공사업,1061,금맥정보통신 주식회사,,,120093,9360700,,,,,,
정보통신,정보통신공사업,1062,(주)타코스텔레콤,,,110686,9355000,,,,,,
정보통신,정보통신공사업,1063,(주)지준시스템,,,200183,9351900,,,,,,
정보통신,정보통신공사업,1064,(주)대한전광,,,110851,9323700,,,,,,
정보통신,정보통신공사업,1065,대진전자통신(주),,,120381,9323000,,,,,,
정보통신,정보통신공사업,1066,(주)청명씨앤아이,,,200651,9320100,,,,,,
정보통신,정보통신공사업,1067,(주)레오테크,,,320090,9307300,,,,,,
정보통신,정보통신공사업,1068,(주)창성에이스산업,,,110708,9305800,,,,,,
정보통신,정보통신공사업,1069,주식회사 이에스넷,,,430215,9305500,,,,,,
정보통신,정보통신공사업,1070,포스나인미디어(주),,,202596,9305300,,,,,,
정보통신,정보통신공사업,1071,씨지에스아이티(주),,,201497,9286400,,,,,,
정보통신,정보통신공사업,1072,주식회사 우경하이텍,,,110486,9254900,,,,,,
정보통신,정보통신공사업,1073,브이투씨(주),,,201538,9237100,,,,,,
정보통신,정보통신공사업,1074,(주)디알네트웍스,,,310100,9234400,,,,,,
정보통신,정보통신공사업,1075,(주)에스티씨,,,420059,9232700,,,,,,
정보통신,정보통신공사업,1076,주식회사 화영이엔씨,,,350613,9232200,,,,,,
정보통신,정보통신공사업,1077,(주)엠지브이보안시스템,,,201378,9219100,,,,,,
정보통신,정보통신공사업,1078,청운이엔에스주식회사,,,350029,9217200,,,,,,
정보통신,정보통신공사업,1079,(주)재성정보통신,,,330166,9202800,,,,,,
정보통신,정보통신공사업,1080,주식회사 더여일,,,530120,9202100,,,,,,
정보통신,정보통신공사업,1081,주식회사 이앤디비즈,,,202994,9198300,,,,,,
정보통신,정보통신공사업,1082,주식회사 티앤디소프트,,,311711,9195300,,,,,,
정보통신,정보통신공사업,1083,주식회사 우리기술,,,320211,9191300,,,,,,
정보통신,정보통신공사업,1084,(주)케이씨엠솔루션,,,510247,9187100,,,,,,
정보통신,정보통신공사업,1085,(주)성보,,,110653,9182000,,,,,,
정보통신,정보통신공사업,1086,주식회사 디엠정보기술,,,410233,9177200,,,,,,
정보통신,정보통신공사업,1087,주식회사 피앤에스네트웍솔루션,,,202934,9172200,,,,,,
정보통신,정보통신공사업,1088,(사)장애인인권센터,,,202378,9165300,,,,,,
정보통신,정보통신공사업,1089,두원이엔지 주식회사,,,410185,9162500,,,,,,
정보통신,정보통신공사업,1090,엘제이테크(주),,,540039,9161700,,,,,,
정보통신,정보통신공사업,1091,(주)이씨에스텔레콤,,,110853,9155600,,,,,,
정보통신,정보통신공사업,1092,해진건설 주식회사,,,510706,9149400,,,,,,
정보통신,정보통신공사업,1093,(주)이베이테크,,,200656,9143300,,,,,,
정보통신,정보통신공사업,1094,(주)씨아이시스템,,,310446,9139900,,,,,,
정보통신,정보통신공사업,1095,信元綜合開發 株式會社,,,311795,9120600,,,,,,
정보통신,정보통신공사업,1096,(주)화성정보통신,,,110255,9112200,,,,,,
정보통신,정보통신공사업,1097,주식회사 이앤엠테크,,,201252,9105600,,,,,,
정보통신,정보통신공사업,1098,케이전기통신 주식회사,,,111297,9100600,,,,,,
정보통신,정보통신공사업,1099,에스네트웍스(주),,,550159,9097900,,,,,,
정보통신,정보통신공사업,1100,주식회사 한성스틸레이져,,,311877,9093200,,,,,,
정보통신,정보통신공사업,1101,(주)백광전기통신,,,160010,9091000,,,,,,
정보통신,정보통신공사업,1102,사이테크놀로지스 주식회사,,,420208,9087500,,,,,,
정보통신,정보통신공사업,1103,(주)코맥스시큐리티,,,112154,9080300,,,,,,
정보통신,정보통신공사업,1104,(주)네오티엔씨,,,113164,9067600,,,,,,
정보통신,정보통신공사업,1105,(주)더존시스템,,,310588,9065400,,,,,,
정보통신,정보통신공사업,1106,주식회사 비앤에스컴퍼니,,,320492,9043800,,,,,,
정보통신,정보통신공사업,1107,(유)제이케이건설,,,160026,9040800,,,,,,
정보통신,정보통신공사업,1108,(주)대진정보기술,,,140215,9039600,,,,,,
정보통신,정보통신공사업,1109,주식회사 아이티에스비,,,410158,9035300,,,,,,
정보통신,정보통신공사업,1110,(주)이피씨,,,311311,9034400,,,,,,
정보통신,정보통신공사업,1111,(주)삼미무선정보시스템,,,430141,9032400,,,,,,
정보통신,정보통신공사업,1111,주식회사 한성아이시티,,,510512,9032400,,,,,,
정보통신,정보통신공사업,1113,주식회사 큐엘씨파워정보통신,,,203020,9014200,,,,,,
정보통신,정보통신공사업,1114,(주)좋은정보시스템,,,520127,8997800,,,,,,
정보통신,정보통신공사업,1115,(주)엔투스,,,520132,8984000,,,,,,
정보통신,정보통신공사업,1116,씨엔씨엔지니어링(주),,,310847,8979200,,,,,,
정보통신,정보통신공사업,1117,주식회사 안음,,,311461,8973200,,,,,,
정보통신,정보통신공사업,1118,(주)서한,,,530084,8960800,,,,,,
정보통신,정보통신공사업,1119,주식회사 아이티룩스,,,203083,8943300,,,,,,
정보통신,정보통신공사업,1120,주식회사 도경,,,112105,8938600,,,,,,
정보통신,정보통신공사업,1121,(주)동일이엔지,,,350146,8936200,,,,,,
정보통신,정보통신공사업,1122,(주)맥시오,,,311280,8933800,,,,,,
정보통신,정보통신공사업,1123,(주)나은엔지니어링,,,320068,8928600,,,,,,
정보통신,정보통신공사업,1124,이에스텍이엔지(주),,,311464,8921000,,,,,,
정보통신,정보통신공사업,1125,한국이엠에스(주),,,111501,8916300,,,,,,
정보통신,정보통신공사업,1126,육일정보통신(주),,,110633,8913900,,,,,,
정보통신,정보통신공사업,1127,(주)아이에스텍,,,350149,8912700,,,,,,
정보통신,정보통신공사업,1128,(주)우재이엔시,,,620223,8911400,,,,,,
정보통신,정보통신공사업,1129,(주)컴텔싸인,,,200257,8904000,,,,,,
정보통신,정보통신공사업,1130,(주)넥슨정보통신,,,110189,8887200,,,,,,
정보통신,정보통신공사업,1131,탑인더스트리(주),,,112175,8885400,,,,,,
정보통신,정보통신공사업,1132,(주)한맥아이티,,,201937,8882900,,,,,,
정보통신,정보통신공사업,1133,주식회사 엠스톤유넷,,,201209,8878100,,,,,,
정보통신,정보통신공사업,1134,(주)시스템앤솔루션,,,310569,8870900,,,,,,
정보통신,정보통신공사업,1135,(주)에쎈텍네트웍스,,,111956,8866500,,,,,,
정보통신,정보통신공사업,1136,(주)엠에스아이티,,,610165,8865600,,,,,,
정보통신,정보통신공사업,1137,에코아이넷(주),,,201655,8859200,,,,,,
정보통신,정보통신공사업,1138,주식회사 동영엠텍,,,110599,8859100,,,,,,
정보통신,정보통신공사업,1139,명신씨엔에스(주),,,201543,8849300,,,,,,
정보통신,정보통신공사업,1140,"주식회사 엑시냅스(XSYNAPSE CO.,LTD.)",,,630256,8845000,,,,,,
정보통신,정보통신공사업,1141,삼일씨티에스(주),,,111560,8833700,,,,,,
정보통신,정보통신공사업,1142,"주식회사 테크데이타피에스 (Techdata Ps Co.,Ltd)",,,201809,8826800,,,,,,
정보통신,정보통신공사업,1143,주식회사 에스엠씨,,,510073,8824300,,,,,,
정보통신,정보통신공사업,1144,주식회사 플랜비,,,350360,8818500,,,,,,
정보통신,정보통신공사업,1145,(주)지브이코리아,,,311263,8818100,,,,,,
정보통신,정보통신공사업,1146,(주)한길통신,,,110617,8815700,,,,,,
정보통신,정보통신공사업,1147,애니콤정보통신(주),,,112596,8813600,,,,,,
정보통신,정보통신공사업,1148,(주)비엔티플러스,,,311173,8801600,,,,,,
정보통신,정보통신공사업,1149,(주)다비전,,,311940,8796500,,,,,,
정보통신,정보통신공사업,1150,(주)다산카이스,,,311708,8796200,,,,,,
정보통신,정보통신공사업,1151,신성아이시티(주),,,520025,8787800,,,,,,
정보통신,정보통신공사업,1152,(주)텐스퀘어,,,201778,8787000,,,,,,
정보통신,정보통신공사업,1153,(주)광시스템,,,120251,8779200,,,,,,
정보통신,정보통신공사업,1154,(주)성창엔지니어링,,,310257,8777800,,,,,,
정보통신,정보통신공사업,1155,에스텍아이앤씨(주),,,420041,8776900,,,,,,
정보통신,정보통신공사업,1156,주식회사 줌네트웍스,,,530373,8764200,,,,,,
정보통신,정보통신공사업,1157,(주)창흥텔레콤,,,112916,8763700,,,,,,
정보통신,정보통신공사업,1158,"주식회사 제이원아이티(JwonIT Co., Ltd.)",,,202928,8752300,,,,,,
정보통신,정보통신공사업,1159,(주)하나전기,,,201572,8747200,,,,,,
정보통신,정보통신공사업,1160,벨코리아(주),,,110371,8738800,,,,,,
정보통신,정보통신공사업,1161,대신브이씨에스(주),,,200723,8731100,,,,,,
정보통신,정보통신공사업,1161,샘정보산업(주),,,111168,8731100,,,,,,
정보통신,정보통신공사업,1163,주식회사 산마루네트웍스,,,203450,8728100,,,,,,
정보통신,정보통신공사업,1164,주식회사 큐네스,,,320372,8727100,,,,,,
정보통신,정보통신공사업,1165,(주)비츠에스앤지,,,311216,8720300,,,,,,
정보통신,정보통신공사업,1166,주식회사 세원,,,113002,8717200,,,,,,
정보통신,정보통신공사업,1167,(주)케이비정보통신,,,202260,8714300,,,,,,
정보통신,정보통신공사업,1168,(주)동서전기통신,,,110738,8713900,,,,,,
정보통신,정보통신공사업,1169,(주)주니파워네트웍스,,,200405,8710600,,,,,,
정보통신,정보통신공사업,1170,제이에스통신건설(주),,,130387,8702900,,,,,,
정보통신,정보통신공사업,1170,하이텍앤솔 주식회사,,,201197,8702900,,,,,,
정보통신,정보통신공사업,1172,(주)지텔글로벌,,,311123,8699800,,,,,,
정보통신,정보통신공사업,1173,주식회사 건원정보통신,,,540332,8698800,,,,,,
정보통신,정보통신공사업,1174,(주)인포셋,,,530016,8692300,,,,,,
정보통신,정보통신공사업,1175,(주)파란텔,,,130125,8689800,,,,,,
정보통신,정보통신공사업,1176,"주식회사 다온티엔지(DAON T&G CO.,LTD)",,,200622,8687100,,,,,,
정보통신,정보통신공사업,1177,(주)누리온정보통신,,,200827,8684200,,,,,,
정보통신,정보통신공사업,1178,(주)장수커뮤니케이션즈,,,200472,8677300,,,,,,
정보통신,정보통신공사업,1179,유니아이엔씨(주),,,320192,8673100,,,,,,
정보통신,정보통신공사업,1180,(주)태건씨앤씨,,,201917,8665300,,,,,,
정보통신,정보통신공사업,1181,(주)와이엠테크,,,420258,8658500,,,,,,
정보통신,정보통신공사업,1182,(주)유케이,,,510085,8656000,,,,,,
정보통신,정보통신공사업,1183,주식회사 우진이엔에스,,,630162,8653800,,,,,,
정보통신,정보통신공사업,1184,주식회사 광진티앤씨,,,120205,8639000,,,,,,
정보통신,정보통신공사업,1185,(주)스타네트웍스,,,310202,8635700,,,,,,
정보통신,정보통신공사업,1186,대신네트웍스(주),,,130263,8630800,,,,,,
정보통신,정보통신공사업,1187,주식회사 서경엔지니어링,,,550055,8627000,,,,,,
정보통신,정보통신공사업,1188,(주)네오정보시스템,,,111579,8621200,,,,,,
정보통신,정보통신공사업,1189,주식회사 서원이앤지,,,540391,8619000,,,,,,
정보통신,정보통신공사업,1190,베스트 주식회사,,,440044,8618000,,,,,,
정보통신,정보통신공사업,1191,니브스코리아 주식회사,,,320311,8613200,,,,,,
정보통신,정보통신공사업,1192,(주)세진통신,,,130019,8611200,,,,,,
정보통신,정보통신공사업,1193,(주)범우정보기술,,,201907,8610700,,,,,,
정보통신,정보통신공사업,1194,링크정보통신(주),,,111610,8608000,,,,,,
정보통신,정보통신공사업,1195,(주)우진엔지니어링,,,130115,8605500,,,,,,
정보통신,정보통신공사업,1196,두진통신산업(주),,,170053,8605100,,,,,,
정보통신,정보통신공사업,1197,(주)청남통신,,,110965,8593800,,,,,,
정보통신,정보통신공사업,1198,"주식회사 대륙이엔지 (DAERYUK ENG CO.,LTD.)",,,310279,8593500,,,,,,
정보통신,정보통신공사업,1199,가온아이티에스(주),,,520084,8586700,,,,,,
정보통신,정보통신공사업,1200,한국오션플랫폼 주식회사,,,312544,8585700,,,,,,
정보통신,정보통신공사업,1201,주식회사 웨이투고,,,312143,8584400,,,,,,
정보통신,정보통신공사업,1202,주식회사 해피넷,,,640127,8579200,,,,,,
정보통신,정보통신공사업,1203,(주)크리에이티브넷,,,202482,8578300,,,,,,
정보통신,정보통신공사업,1204,(주)일능,,,111137,8576500,,,,,,
정보통신,정보통신공사업,1205,세광정보통신(주),,,610171,8570500,,,,,,
정보통신,정보통신공사업,1206,(주)핍스,,,310281,8569600,,,,,,
정보통신,정보통신공사업,1207,충청통신(자),,,130020,8564500,,,,,,
정보통신,정보통신공사업,1208,(주)섬엔지니어링,,,180044,8562800,,,,,,
정보통신,정보통신공사업,1209,주식회사 세원테크넷,,,320156,8557700,,,,,,
정보통신,정보통신공사업,1210,(주)탑이앤씨코리아,,,311302,8557400,,,,,,
정보통신,정보통신공사업,1211,(주)에스시큐리티,,,310802,8543700,,,,,,
정보통신,정보통신공사업,1212,(주)윈투스시스템,,,202025,8539000,,,,,,
정보통신,정보통신공사업,1213,주식회사 성창이엔씨,,,311919,8537000,,,,,,
정보통신,정보통신공사업,1214,(주)만사시스템,,,202645,8534300,,,,,,
정보통신,정보통신공사업,1215,주식회사 새로,,,410311,8525100,,,,,,
정보통신,정보통신공사업,1216,주식회사 굿퍼스트정보기술,,,610342,8523100,,,,,,
정보통신,정보통신공사업,1217,라온시스템즈(주),,,420248,8516000,,,,,,
정보통신,정보통신공사업,1217,(주)온브랜딩,,,520050,8516000,,,,,,
정보통신,정보통신공사업,1219,(주)나래정보통신,,,130400,8515700,,,,,,
정보통신,정보통신공사업,1220,(주)성보인프라넷,,,201786,8504800,,,,,,
정보통신,정보통신공사업,1221,"주식회사 클라모스(Clamos Co.,Ltd.)",,,202894,8502600,,,,,,
정보통신,정보통신공사업,1222,주식회사 노하우전기통신,,,200064,8498400,,,,,,
정보통신,정보통신공사업,1223,"동부엔텍 주식회사(DongbunTECH CO.,LTD)",,,203295,8495900,,,,,,
정보통신,정보통신공사업,1224,"주식회사 비트플래닛(BITPLANET Co.,Ltd.)",,,113381,8491000,,,,,,
정보통신,정보통신공사업,1225,(주)서우건설산업,,,202659,8487600,,,,,,
정보통신,정보통신공사업,1226,"아이티텍(유) (IT Tech Co. ,Ltd.)",,,140138,8478700,,,,,,
정보통신,정보통신공사업,1227,(주)드림코,,,610128,8468000,,,,,,
정보통신,정보통신공사업,1228,(주)에쓰엔씨정보기술,,,310706,8462900,,,,,,
정보통신,정보통신공사업,1228,(주)봄내이엔씨,,,410033,8462900,,,,,,
정보통신,정보통신공사업,1230,(주)하이브시스템,,,112504,8451300,,,,,,
정보통신,정보통신공사업,1231,(주)리드앤,,,311037,8446200,,,,,,
정보통신,정보통신공사업,1232,성창통신(주),,,120206,8443500,,,,,,
정보통신,정보통신공사업,1233,"주식회사 한울소재과학 (HanWool Materials Science, Inc.)",,,310082,8438700,,,,,,
정보통신,정보통신공사업,1234,"디엘이앤씨 주식회사(DL E&C CO., LTD.)",,,110173,8430500,,,,,,
정보통신,정보통신공사업,1235,(주)미디어디바이스,,,201255,8418500,,,,,,
정보통신,정보통신공사업,1236,(주)완일이씨에스,,,201612,8417600,,,,,,
정보통신,정보통신공사업,1237,주식회사 몽블,,,203042,8413600,,,,,,
정보통신,정보통신공사업,1238,(사)한올장애인자립복지회,,,620178,8408500,,,,,,
정보통신,정보통신공사업,1239,이솔정보통신(주),,,113124,8408300,,,,,,
정보통신,정보통신공사업,1240,평지넷 주식회사,,,320517,8402800,,,,,,
정보통신,정보통신공사업,1241,테크노빌리지(주),,,112056,8392200,,,,,,
정보통신,정보통신공사업,1242,명인정보통신(주),,,140214,8387300,,,,,,
정보통신,정보통신공사업,1243,주식회사 디나텍,,,610333,8383900,,,,,,
정보통신,정보통신공사업,1244,(주)이콘,,,550058,8381900,,,,,,
정보통신,정보통신공사업,1245,주식회사 유성아이티엠(YOOSEONG ITM),,,550381,8381300,,,,,,
정보통신,정보통신공사업,1246,(주)레디아테크놀러지,,,113213,8365100,,,,,,
정보통신,정보통신공사업,1247,주식회사 우리기술,,,540071,8362700,,,,,,
정보통신,정보통신공사업,1248,(주)두온네트웍스,,,311257,8359700,,,,,,
정보통신,정보통신공사업,1249,(주)현대엔지니어링,,,510279,8352600,,,,,,
정보통신,정보통신공사업,1249,(주)휴메인텍,,,510391,8352600,,,,,,
정보통신,정보통신공사업,1251,새빛기술(주),,,420100,8350900,,,,,,
정보통신,정보통신공사업,1252,주식회사 한산피엔씨,,,310177,8343500,,,,,,
정보통신,정보통신공사업,1253,주식회사 쎄임코리아,,,420284,8339600,,,,,,
정보통신,정보통신공사업,1254,(주)동양시스컴,,,510236,8338100,,,,,,
정보통신,정보통신공사업,1255,쌍용건설(주),,,110372,8333300,,,,,,
정보통신,정보통신공사업,1256,(주)에스엘테크,,,540274,8332200,,,,,,
정보통신,정보통신공사업,1257,주식회사 성동테크,,,610330,8323500,,,,,,
정보통신,정보통신공사업,1258,(주)홀리랜드테크놀러지,,,111128,8323000,,,,,,
정보통신,정보통신공사업,1259,(주)코아아이티,,,430168,8318100,,,,,,
정보통신,정보통신공사업,1260,주식회사 맥스정보통신,,,420270,8317700,,,,,,
정보통신,정보통신공사업,1261,비케이시스템즈(주),,,550100,8317600,,,,,,
정보통신,정보통신공사업,1262,비케이앤파워컴 주식회사(B.K & Powercomm),,,200111,8317100,,,,,,
정보통신,정보통신공사업,1263,옴니시스템(주),,,350021,8316500,,,,,,
정보통신,정보통신공사업,1264,주식회사 일경네트워크,,,430048,8309300,,,,,,
정보통신,정보통신공사업,1265,주식회사 포스코디엑스 (POSCO DX COMPANY LTD.),,,110522,8307900,,,,,,
정보통신,정보통신공사업,1266,(주)메가시스템,,,201488,8304000,,,,,,
정보통신,정보통신공사업,1267,(주)우리별,,,110201,8300900,,,,,,
정보통신,정보통신공사업,1268,(주)나우시스템,,,201549,8300000,,,,,,
정보통신,정보통신공사업,1269,(주)이노텍코리아,,,320199,8293000,,,,,,
정보통신,정보통신공사업,1270,(주)엔토스정보통신,,,113465,8289700,,,,,,
정보통신,정보통신공사업,1271,(유)오성통신,,,160043,8284200,,,,,,
정보통신,정보통신공사업,1272,(주)월드멀티넷,,,200303,8281600,,,,,,
정보통신,정보통신공사업,1273,주식회사 태진티엔에스,,,203045,8280600,,,,,,
정보통신,정보통신공사업,1274,주식회사 미르통신,,,350445,8269200,,,,,,
정보통신,정보통신공사업,1275,컴크로스(주),,,310877,8266600,,,,,,
정보통신,정보통신공사업,1276,(주)은혜정보통신,,,201664,8264000,,,,,,
정보통신,정보통신공사업,1277,태성전기통신(주),,,110062,8260200,,,,,,
정보통신,정보통신공사업,1278,(주)다남정보통신,,,110962,8257900,,,,,,
정보통신,정보통신공사업,1279,(주)에스엠시스템즈,,,202697,8254700,,,,,,
정보통신,정보통신공사업,1280,아이디비넷(주),,,200750,8254000,,,,,,
정보통신,정보통신공사업,1281,(주)하나통신,,,140099,8236100,,,,,,
정보통신,정보통신공사업,1282,(주)동승전기,,,420073,8233900,,,,,,
정보통신,정보통신공사업,1283,(주)남양계전,,,111202,8231400,,,,,,
정보통신,정보통신공사업,1284,유한회사 태산,,,630300,8215600,,,,,,
정보통신,정보통신공사업,1285,(주)현대통신공사,,,130052,8202900,,,,,,
정보통신,정보통신공사업,1286,(주)안현엔지니어링,,,430090,8202200,,,,,,
정보통신,정보통신공사업,1287,주식회사 서경,,,530039,8186400,,,,,,
정보통신,정보통신공사업,1288,(주)소스텔,,,110413,8181100,,,,,,
정보통신,정보통신공사업,1289,씨엠정보통신(주),,,350074,8177100,,,,,,
정보통신,정보통신공사업,1290,주식회사 비전아이티,,,520086,8174900,,,,,,
정보통신,정보통신공사업,1291,(주)제이제이,,,112681,8161200,,,,,,
정보통신,정보통신공사업,1292,한결정보기술 주식회사,,,610274,8151500,,,,,,
정보통신,정보통신공사업,1293,주식회사 진우엔에스,,,640125,8144900,,,,,,
정보통신,정보통신공사업,1294,에스제이파워(주),,,320360,8143700,,,,,,
정보통신,정보통신공사업,1295,대림통신 주식회사,,,320351,8137800,,,,,,
정보통신,정보통신공사업,1296,도안파비스(주),,,201358,8134000,,,,,,
정보통신,정보통신공사업,1297,(주)세리엔지니어링,,,200359,8132900,,,,,,
정보통신,정보통신공사업,1298,(주)소프트센,,,202095,8129800,,,,,,
정보통신,정보통신공사업,1299,(주)흥도통신,,,180021,8128300,,,,,,
정보통신,정보통신공사업,1300,태광통신(주),,,180007,8125700,,,,,,
정보통신,정보통신공사업,1301,주식회사 케이에스,,,420099,8111000,,,,,,
정보통신,정보통신공사업,1302,(주)금호태크,,,120583,8106700,,,,,,
정보통신,정보통신공사업,1303,태경정보통신(주),,,311195,8103200,,,,,,
정보통신,정보통신공사업,1304,(주)아현정보기술,,,320086,8102600,,,,,,
정보통신,정보통신공사업,1305,예은시스템(주),,,530199,8100500,,,,,,
정보통신,정보통신공사업,1305,(주)성산씨엔에스,,,620184,8100500,,,,,,
정보통신,정보통신공사업,1307,(주)에스하이웨이,,,311251,8097700,,,,,,
정보통신,정보통신공사업,1308,(주)에스티씨네트웍스,,,112581,8093600,,,,,,
정보통신,정보통신공사업,1309,고현건설(주),,,201418,8092600,,,,,,
정보통신,정보통신공사업,1310,주식회사 다윈산업,,,200668,8091800,,,,,,
정보통신,정보통신공사업,1311,(주)스마트웍스,,,202481,8086400,,,,,,
정보통신,정보통신공사업,1312,주식회사 선문,,,120593,8078600,,,,,,
정보통신,정보통신공사업,1313,주식회사 팬웨스트 에스앤티,,,350171,8078500,,,,,,
정보통신,정보통신공사업,1314,(주)지성하이텍,,,310141,8068300,,,,,,
정보통신,정보통신공사업,1315,(주)씨티테크,,,120344,8066900,,,,,,
정보통신,정보통신공사업,1316,주식회사 지아이솔루션즈,,,530329,8056200,,,,,,
정보통신,정보통신공사업,1317,공간미디어(주),,,111338,8044700,,,,,,
정보통신,정보통신공사업,1318,(주)엔시스템즈,,,202754,8043300,,,,,,
정보통신,정보통신공사업,1319,우주정보통신(주),,,310528,8041300,,,,,,
정보통신,정보통신공사업,1320,(주)자유전설,,,201835,8039900,,,,,,
정보통신,정보통신공사업,1321,(주)규담오티에스,,,430165,8037500,,,,,,
정보통신,정보통신공사업,1322,중앙티디아이 주식회사,,,140273,8036400,,,,,,
정보통신,정보통신공사업,1323,(주)성우이엔티,,,150445,8035200,,,,,,
정보통신,정보통신공사업,1324,성창 주식회사,,,130064,8033000,,,,,,
정보통신,정보통신공사업,1325,주식회사 에스티에스인터내셔널,,,312568,8031100,,,,,,
정보통신,정보통신공사업,1326,(주)에스마루,,,410175,8018400,,,,,,
정보통신,정보통신공사업,1327,(주)대전텔레콤,,,420014,8016400,,,,,,
정보통신,정보통신공사업,1328,주원통신(주),,,410044,8008100,,,,,,
정보통신,정보통신공사업,1329,주식회사 명진에스앤씨,,,202408,7996800,,,,,,
정보통신,정보통신공사업,1330,주식회사 노아엘이디,,,520094,7993400,,,,,,
정보통신,정보통신공사업,1331,주식회사 일신앤아이에스,,,320381,7990300,,,,,,
정보통신,정보통신공사업,1332,드림솔루션 주식회사,,,410179,7988400,,,,,,
정보통신,정보통신공사업,1333,(주)해오름이엔씨,,,111729,7987700,,,,,,
정보통신,정보통신공사업,1334,(주)유엔텍,,,120136,7987200,,,,,,
정보통신,정보통신공사업,1335,주식회사 진정보기술,,,311762,7985600,,,,,,
정보통신,정보통신공사업,1336,(주)우리텍,,,620081,7983400,,,,,,
정보통신,정보통신공사업,1337,(주)엠지티,,,130302,7980800,,,,,,
정보통신,정보통신공사업,1338,(주)테라이앤씨,,,350050,7972500,,,,,,
정보통신,정보통신공사업,1339,(주)우주씨앤티,,,150336,7970300,,,,,,
정보통신,정보통신공사업,1340,(주)중부보안,,,420012,7969800,,,,,,
정보통신,정보통신공사업,1341,(주)대원,,,430194,7968700,,,,,,
정보통신,정보통신공사업,1342,첨단정보통신(주),,,170026,7967600,,,,,,
정보통신,정보통신공사업,1343,(주)드림테크,,,330102,7965000,,,,,,
정보통신,정보통신공사업,1344,(주)홍익무선,,,120727,7960500,,,,,,
정보통신,정보통신공사업,1345,주식회사 늘푸른정보기술,,,510230,7959700,,,,,,
정보통신,정보통신공사업,1346,주식회사 에이치에스이노텍,,,410148,7957300,,,,,,
정보통신,정보통신공사업,1347,주식회사 구암하이텍(GUAM HITECH Inc.),,,203582,7956200,,,,,,
정보통신,정보통신공사업,1348,주식회사 시온네트워크,,,202778,7948700,,,,,,
정보통신,정보통신공사업,1349,(유)삼일통신,,,160029,7940400,,,,,,
정보통신,정보통신공사업,1350,동인이엔씨(주),,,310719,7940200,,,,,,
정보통신,정보통신공사업,1351,(주)버티스,,,620001,7936800,,,,,,
정보통신,정보통신공사업,1352,주식회사 가영테크,,,150209,7931300,,,,,,
정보통신,정보통신공사업,1353,(주)뉴넷정보기술,,,200307,7928900,,,,,,
정보통신,정보통신공사업,1354,태현네트웍스(주),,,550204,7920500,,,,,,
정보통신,정보통신공사업,1355,대신네트웍스(주),,,320112,7917400,,,,,,
정보통신,정보통신공사업,1356,주식회사 비앤지,,,311985,7917000,,,,,,
정보통신,정보통신공사업,1357,주식회사 케이티아이에스 (ktis Corporation),,,202784,7916900,,,,,,
정보통신,정보통신공사업,1358,주식회사 넥스트정보기술,,,203510,7910600,,,,,,
정보통신,정보통신공사업,1359,주식회사 나라이엔씨,,,112319,7908500,,,,,,
정보통신,정보통신공사업,1360,(주)나우테크,,,430072,7908100,,,,,,
정보통신,정보통신공사업,1361,대한전선(주),,,110139,7907800,,,,,,
정보통신,정보통신공사업,1362,극동정보기술 주식회사,,,112539,7904600,,,,,,
정보통신,정보통신공사업,1363,주식회사 에스씨엔지니어스,,,330153,7897000,,,,,,
정보통신,정보통신공사업,1364,비티컨설턴트(주),,,310913,7895300,,,,,,
정보통신,정보통신공사업,1365,피씨랜정보(주),,,420078,7891300,,,,,,
정보통신,정보통신공사업,1366,"주식회사 에임드 (AIMED Co., Ltd.)",,,312251,7884700,,,,,,
정보통신,정보통신공사업,1367,(주)정상일렉콤,,,310752,7882300,,,,,,
정보통신,정보통신공사업,1368,(주)가온이엠씨,,,620070,7882200,,,,,,
정보통신,정보통신공사업,1369,(주)한국전자정보시스템,,,110077,7880800,,,,,,
정보통신,정보통신공사업,1370,유타스(주),,,530263,7879400,,,,,,
정보통신,정보통신공사업,1370,다올정보통신 주식회사,,,530315,7879400,,,,,,
정보통신,정보통신공사업,1372,(주)엘엔씨,,,130471,7858900,,,,,,
정보통신,정보통신공사업,1373,대신네트웍스(주),,,540086,7848100,,,,,,
정보통신,정보통신공사업,1374,주식회사 인프라이엔씨,,,201484,7834800,,,,,,
정보통신,정보통신공사업,1375,다손테크(주),,,111860,7833800,,,,,,
정보통신,정보통신공사업,1376,"주식회사 더기가(TheGiGACo.,Ltd.)",,,311163,7828100,,,,,,
정보통신,정보통신공사업,1377,"주식회사 비트릭스 (VITRIX Co.,Ltd.)",,,203966,7817300,,,,,,
정보통신,정보통신공사업,1378,(주)벧엘정보통신,,,110721,7811200,,,,,,
정보통신,정보통신공사업,1379,광명디앤씨 주식회사,,,180005,7810900,,,,,,
정보통신,정보통신공사업,1380,(주)에이아이네트웍스,,,311730,7808700,,,,,,
정보통신,정보통신공사업,1381,(주)앤앤에스피,,,200403,7808000,,,,,,
정보통신,정보통신공사업,1382,(주)대한엔지니어링,,,610124,7797100,,,,,,
정보통신,정보통신공사업,1383,(주)청음미디어,,,111303,7793600,,,,,,
정보통신,정보통신공사업,1384,(주)대영통신건설,,,330106,7792400,,,,,,
정보통신,정보통신공사업,1385,(주)누리나루,,,311843,7791900,,,,,,
정보통신,정보통신공사업,1386,케이제이무선(주),,,510119,7789000,,,,,,
정보통신,정보통신공사업,1387,(주)화성이엔지,,,120502,7786400,,,,,,
정보통신,정보통신공사업,1388,더로드아이앤씨(주),,,311519,7783700,,,,,,
정보통신,정보통신공사업,1389,(주)조은시스템,,,110843,7781900,,,,,,
정보통신,정보통신공사업,1390,(주)시큐뱅크,,,200724,7779200,,,,,,
정보통신,정보통신공사업,1391,(주)락플레이스,,,201906,7776800,,,,,,
정보통신,정보통신공사업,1392,(주)아이티엔에스,,,350030,7776600,,,,,,
정보통신,정보통신공사업,1393,(주)나웅테크,,,410211,7773500,,,,,,
정보통신,정보통신공사업,1394,주식회사 바이오네트웍스(Vio Networks Inc.),,,312474,7768100,,,,,,
정보통신,정보통신공사업,1395,(주)뉴인테크,,,310541,7764800,,,,,,
정보통신,정보통신공사업,1396,주식회사 이제이정보시스템,,,203525,7763800,,,,,,
정보통신,정보통신공사업,1397,(주)이담에스티,,,202529,7763700,,,,,,
정보통신,정보통신공사업,1398,(주)올포랜드,,,630083,7762800,,,,,,
정보통신,정보통신공사업,1399,주식회사 신우씨앤에스,,,420299,7759300,,,,,,
정보통신,정보통신공사업,1400,대보건설(주),,,112382,7759200,,,,,,
정보통신,정보통신공사업,1401,주식회사 애니파이브,,,203364,7756100,,,,,,
정보통신,정보통신공사업,1402,사단법인 더불어사는 장애인복지회,,,620273,7754100,,,,,,
정보통신,정보통신공사업,1403,(주)대유엔지니어링,,,520007,7752000,,,,,,
정보통신,정보통신공사업,1404,새서울정보통신(주),,,110270,7748400,,,,,,
정보통신,정보통신공사업,1405,(주)이노메트릭스,,,510466,7745300,,,,,,
정보통신,정보통신공사업,1406,(주)한성전자산업,,,310823,7744200,,,,,,
정보통신,정보통신공사업,1407,누리콤(주),,,150282,7743000,,,,,,
정보통신,정보통신공사업,1408,"주식회사 시선에이아이 (SECERN AI Co., Ltd.)",,,202803,7742900,,,,,,
정보통신,정보통신공사업,1409,(주)퓨젼아이앤씨,,,111689,7741900,,,,,,
정보통신,정보통신공사업,1410,주식회사 광안이앤씨,,,320185,7735300,,,,,,
정보통신,정보통신공사업,1411,(주)정우통신,,,110388,7724800,,,,,,
정보통신,정보통신공사업,1412,주식회사 상림기술,,,312051,7722000,,,,,,
정보통신,정보통신공사업,1412,엘림네트웍스(주),,,110973,7722000,,,,,,
정보통신,정보통신공사업,1414,주식회사 은환이엔씨,,,630005,7708200,,,,,,
정보통신,정보통신공사업,1415,주식회사 중진,,,320091,7700800,,,,,,
정보통신,정보통신공사업,1416,(주)행복아이티,,,410201,7698800,,,,,,
정보통신,정보통신공사업,1417,(주)이지트래픽,,,311351,7697600,,,,,,
정보통신,정보통신공사업,1418,네오넷피아(주),,,112765,7691600,,,,,,
정보통신,정보통신공사업,1419,"주식회사 아이앤씨파트너스(INC PARTNERS Co.,Ltd.)",,,112639,7691100,,,,,,
정보통신,정보통신공사업,1420,(주)경남네트워크,,,550020,7674700,,,,,,
정보통신,정보통신공사업,1421,(주)창성통신,,,120138,7672400,,,,,,
정보통신,정보통신공사업,1422,주식회사 아인스기술,,,320466,7670500,,,,,,
정보통신,정보통신공사업,1423,(주)피앤지텍,,,202582,7668400,,,,,,
정보통신,정보통신공사업,1424,금광기업(주),,,140095,7663400,,,,,,
정보통신,정보통신공사업,1425,(주)무한정보,,,430063,7661800,,,,,,
정보통신,정보통신공사업,1426,주식회사 케이케이투,,,350094,7654700,,,,,,
정보통신,정보통신공사업,1427,아시아통신(주),,,120804,7652200,,,,,,
정보통신,정보통신공사업,1428,(주)티노,,,420250,7646200,,,,,,
정보통신,정보통신공사업,1429,세진미디어통신(주),,,112873,7645000,,,,,,
정보통신,정보통신공사업,1430,(주)티씨아이네트,,,112122,7641300,,,,,,
정보통신,정보통신공사업,1431,대신네트웍스(주),,,150216,7637700,,,,,,
정보통신,정보통신공사업,1432,원창이앤씨 주식회사,,,320268,7637600,,,,,,
정보통신,정보통신공사업,1433,코콤정보통신 주식회사,,,320201,7634600,,,,,,
정보통신,정보통신공사업,1434,주식회사 씨와이디정보기술,,,203268,7633700,,,,,,
정보통신,정보통신공사업,1435,(주)프라임테크넷,,,310715,7629000,,,,,,
정보통신,정보통신공사업,1436,(주)이피에스이앤이,,,310983,7628500,,,,,,
정보통신,정보통신공사업,1437,가온정보통신 주식회사,,,310010,7625500,,,,,,
정보통신,정보통신공사업,1438,(주)소나텍,,,202436,7623700,,,,,,
정보통신,정보통신공사업,1439,(주)비아이씨스템,,,140283,7621600,,,,,,
정보통신,정보통신공사업,1440,중원(주),,,311281,7619300,,,,,,
정보통신,정보통신공사업,1441,(주)케이씨에스,,,540196,7616200,,,,,,
정보통신,정보통신공사업,1442,씨제이대한통운 주식회사,,,311053,7615400,,,,,,
정보통신,정보통신공사업,1443,(주)우성텔레콤,,,112645,7615200,,,,,,
정보통신,정보통신공사업,1444,지성정보 주식회사,,,203472,7613000,,,,,,
정보통신,정보통신공사업,1445,(주)인트루바인,,,202486,7608500,,,,,,
정보통신,정보통신공사업,1446,더함비즈 주식회사,,,203207,7605800,,,,,,
정보통신,정보통신공사업,1447,지에스(주),,,111489,7601700,,,,,,
정보통신,정보통신공사업,1448,주식회사 씨에스엔아이,,,510186,7596300,,,,,,
정보통신,정보통신공사업,1449,(주)신화유디텍,,,550067,7595600,,,,,,
정보통신,정보통신공사업,1450,(주)대흥정보,,,202742,7593400,,,,,,
정보통신,정보통신공사업,1451,(주)위드텍,,,112716,7593200,,,,,,
정보통신,정보통신공사업,1452,(주)텔레트론,,,113029,7587800,,,,,,
정보통신,정보통신공사업,1453,(주)동국산업,,,140064,7585200,,,,,,
정보통신,정보통신공사업,1454,(주)다온시스,,,311297,7583700,,,,,,
정보통신,정보통신공사업,1455,길샘정보통신,,,320134,7583200,,,,,,
정보통신,정보통신공사업,1456,(주)네시비스,,,200789,7572100,,,,,,
정보통신,정보통신공사업,1457,(주)위츠,,,150247,7570200,,,,,,
정보통신,정보통신공사업,1458,(주)바이콤,,,120330,7561600,,,,,,
정보통신,정보통신공사업,1459,(주)세광,,,130212,7555900,,,,,,
정보통신,정보통신공사업,1460,동문이엔티(주),,,201494,7553300,,,,,,
정보통신,정보통신공사업,1461,주식회사 가온이앤씨,,,520057,7551200,,,,,,
정보통신,정보통신공사업,1461,(주)황주,,,120408,7551200,,,,,,
정보통신,정보통신공사업,1463,(주)진네트웍스,,,520087,7544400,,,,,,
정보통신,정보통신공사업,1464,(주)티지오,,,111934,7540200,,,,,,
정보통신,정보통신공사업,1465,(주)경인씨엔에스,,,310007,7527700,,,,,,
정보통신,정보통신공사업,1466,(주)유주컴퍼니,,,311027,7524400,,,,,,
정보통신,정보통신공사업,1467,주식회사 산호,,,311678,7520400,,,,,,
정보통신,정보통신공사업,1468,(주)유비즈정보기술,,,640016,7519500,,,,,,
정보통신,정보통신공사업,1469,주식회사 테라아이앤씨,,,540244,7513600,,,,,,
정보통신,정보통신공사업,1470,(주)이씨오,,,201697,7508800,,,,,,
정보통신,정보통신공사업,1471,주식회사 피플앤미래정보기술,,,510022,7493800,,,,,,
정보통신,정보통신공사업,1472,(주)케이엘넷,,,200291,7492700,,,,,,
정보통신,정보통신공사업,1473,(주)유풍정보기술,,,140225,7492100,,,,,,
정보통신,정보통신공사업,1474,(주)포스트엠비,,,200729,7492000,,,,,,
정보통신,정보통신공사업,1475,(주)대림통신,,,150065,7478500,,,,,,
정보통신,정보통신공사업,1476,(주)지트인,,,202551,7473000,,,,,,
정보통신,정보통신공사업,1477,주식회사 원테크시스템,,,311641,7466500,,,,,,
정보통신,정보통신공사업,1478,(주)엔텔스,,,201166,7464900,,,,,,
정보통신,정보통신공사업,1479,지.피.에스 데이타넷 주식회사,,,550490,7463900,,,,,,
정보통신,정보통신공사업,1480,주식회사 에스피정보기술,,,350294,7463000,,,,,,
정보통신,정보통신공사업,1481,신동아건설(주),,,110676,7461700,,,,,,
정보통신,정보통신공사업,1482,(주)엘림넷,,,201614,7460100,,,,,,
정보통신,정보통신공사업,1483,아이엔씨에스,,,540184,7458400,,,,,,
정보통신,정보통신공사업,1484,주식회사 예원엔지니어링,,,630010,7448300,,,,,,
정보통신,정보통신공사업,1485,(주)제이앤씨컴,,,110793,7445100,,,,,,
정보통신,정보통신공사업,1486,(주)해인아이엔티,,,120676,7443700,,,,,,
정보통신,정보통신공사업,1487,주식회사 유이에스인프라,,,320303,7439100,,,,,,
정보통신,정보통신공사업,1488,(주)제이넷통신,,,540114,7439000,,,,,,
정보통신,정보통신공사업,1489,(주)시아이티,,,550156,7431500,,,,,,
정보통신,정보통신공사업,1490,(주)웨이제닉테크,,,120214,7431000,,,,,,
정보통신,정보통신공사업,1491,(주)금호이.티.시,,,120101,7430500,,,,,,
정보통신,정보통신공사업,1492,(주)에스씨정보통신,,,530242,7418500,,,,,,
정보통신,정보통신공사업,1493,주식회사 은새이앤티,,,150062,7415300,,,,,,
정보통신,정보통신공사업,1494,"주식회사 이룩 (elook Co., Ltd.)",,,203861,7414200,,,,,,
정보통신,정보통신공사업,1495,주식회사 유비케이솔루션,,,350448,7412100,,,,,,
정보통신,정보통신공사업,1496,주식회사 대창이엔씨,,,150386,7409100,,,,,,
정보통신,정보통신공사업,1497,(주)온누리텔레콤,,,510334,7406500,,,,,,
정보통신,정보통신공사업,1498,(주)아튼,,,320121,7404600,,,,,,
정보통신,정보통신공사업,1499,(주)유니시큐,,,550147,7400600,,,,,,
정보통신,정보통신공사업,1500,(주)와이즈드림,,,150199,7399400,,,,,,
정보통신,정보통신공사업,1501,주식회사 금강뉴이앤씨,,,111082,7389800,,,,,,
정보통신,정보통신공사업,1502,"주식회사 아이티센클로잇 (ITCENCLOIT CO.,LTD.)",,,112195,7385300,,,,,,
정보통신,정보통신공사업,1503,회명정보통신(주),,,111609,7377300,,,,,,
정보통신,정보통신공사업,1504,제일정보통신(주),,,120269,7375000,,,,,,
정보통신,정보통신공사업,1504,(주)아이시에스솔루션스,,,320243,7375000,,,,,,
정보통신,정보통신공사업,1506,(사)한국사회적일자리협회,,,311739,7372800,,,,,,
정보통신,정보통신공사업,1507,주식회사 파브미디어,,,350370,7372300,,,,,,
정보통신,정보통신공사업,1508,샘솔정보(주),,,202349,7368500,,,,,,
정보통신,정보통신공사업,1509,하나정보기술(주),,,111119,7366000,,,,,,
정보통신,정보통신공사업,1510,주식회사 매그넷,,,200693,7364100,,,,,,
정보통신,정보통신공사업,1511,(주)한맥아이피에스,,,150649,7357200,,,,,,
정보통신,정보통신공사업,1512,씨스존(주),,,201544,7347100,,,,,,
정보통신,정보통신공사업,1513,에이빗코리아(주),,,430067,7346400,,,,,,
정보통신,정보통신공사업,1514,"디엘건설 주식회사(DL Construction Co., Ltd.)",,,110212,7345600,,,,,,
정보통신,정보통신공사업,1515,다원컴퓨팅 주식회사,,,311705,7345200,,,,,,
정보통신,정보통신공사업,1516,크리스탈이엔이(주),,,310037,7344900,,,,,,
정보통신,정보통신공사업,1517,(주)세안정보통신전기,,,120439,7341100,,,,,,
정보통신,정보통신공사업,1518,(주)에이치에스,,,530070,7337600,,,,,,
정보통신,정보통신공사업,1519,(주)비전정보통신,,,310546,7337100,,,,,,
정보통신,정보통신공사업,1520,(주)엑스리치네트웍스,,,311417,7336600,,,,,,
정보통신,정보통신공사업,1521,(주)성지정보통신,,,410056,7334200,,,,,,
정보통신,정보통신공사업,1522,주식회사 다성에스엔시,,,203609,7324900,,,,,,
정보통신,정보통신공사업,1523,(주)아이에스엠,,,510294,7323900,,,,,,
정보통신,정보통신공사업,1524,(주)경동텔레콤,,,120515,7321000,,,,,,
정보통신,정보통신공사업,1525,(주)동방텔레콤,,,110397,7311200,,,,,,
정보통신,정보통신공사업,1526,알앤비시스템(주),,,610176,7310700,,,,,,
정보통신,정보통신공사업,1527,주식회사 엔지스웨이,,,203128,7309400,,,,,,
정보통신,정보통신공사업,1528,주식회사 채움기술,,,420351,7309300,,,,,,
정보통신,정보통신공사업,1529,주식회사 에이치더블유,,,310955,7308300,,,,,,
정보통신,정보통신공사업,1530,주식회사 더웨이브,,,111994,7305900,,,,,,
정보통신,정보통신공사업,1531,(주)용진통신,,,120014,7302000,,,,,,
정보통신,정보통신공사업,1532,(주)지엠티,,,200114,7296500,,,,,,
정보통신,정보통신공사업,1533,(주)에이앤티플러스,,,202311,7289400,,,,,,
정보통신,정보통신공사업,1534,영아이티 주식회사,,,420418,7289200,,,,,,
정보통신,정보통신공사업,1535,(주)후엔지니어링,,,410090,7285200,,,,,,
정보통신,정보통신공사업,1536,(주)글로벌넷,,,420464,7281800,,,,,,
정보통신,정보통신공사업,1537,주식회사 인터코어,,,330367,7278000,,,,,,
정보통신,정보통신공사업,1538,주식회사 신영통신,,,170081,7276300,,,,,,
정보통신,정보통신공사업,1539,이유솔루션(주),,,201150,7263300,,,,,,
정보통신,정보통신공사업,1540,(주)와이즈박스,,,510161,7258200,,,,,,
정보통신,정보통신공사업,1541,주식회사 루테크,,,202061,7257600,,,,,,
정보통신,정보통신공사업,1542,주식회사 블루인텔리전스(Blue Intelligence Inc.),,,203376,7256400,,,,,,
정보통신,정보통신공사업,1543,(주)넷코디,,,150607,7250900,,,,,,
정보통신,정보통신공사업,1544,주식회사 아이티플랜,,,420357,7249800,,,,,,
정보통신,정보통신공사업,1545,(주)현대네트웍기술,,,113424,7244600,,,,,,
정보통신,정보통신공사업,1546,(주)비엔인더스트리,,,200934,7241700,,,,,,
정보통신,정보통신공사업,1547,(주)원모어정보시스템,,,420057,7240100,,,,,,
정보통신,정보통신공사업,1548,금영전기통신 주식회사,,,510035,7239100,,,,,,
정보통신,정보통신공사업,1549,(주)태영정보,,,150632,7238000,,,,,,
정보통신,정보통신공사업,1549,티에스인싸이트 유한회사 (TSINSIGHT LLC.),,,203482,7238000,,,,,,
정보통신,정보통신공사업,1551,(주)유명이앤씨,,,530231,7236200,,,,,,
정보통신,정보통신공사업,1552,주식회사 누리콘트롤,,,311787,7220400,,,,,,
정보통신,정보통신공사업,1553,다한정보통신,,,320123,7219600,,,,,,
정보통신,정보통신공사업,1554,(주)테스콤엔지니어링,,,201829,7219100,,,,,,
정보통신,정보통신공사업,1555,하비넷정보통신(주),,,111426,7218900,,,,,,
정보통신,정보통신공사업,1556,주식회사 웹게이트,,,330119,7218400,,,,,,
정보통신,정보통신공사업,1557,(주)컴스정보기술,,,201527,7217300,,,,,,
정보통신,정보통신공사업,1558,에스유앤텔레콤 주식회사,,,110188,7217000,,,,,,
정보통신,정보통신공사업,1559,(주)다인정보기술,,,350156,7215900,,,,,,
정보통신,정보통신공사업,1560,주식회사 마루이앤씨,,,160234,7203200,,,,,,
정보통신,정보통신공사업,1561,보성통신기술(주),,,110098,7201100,,,,,,
정보통신,정보통신공사업,1562,(주)에스엔케이미디어,,,430016,7196500,,,,,,
정보통신,정보통신공사업,1563,새롬기술 주식회사,,,610293,7194200,,,,,,
정보통신,정보통신공사업,1564,(주)광덕전력,,,150568,7194000,,,,,,
정보통신,정보통신공사업,1565,(주)대경기전,,,111145,7192200,,,,,,
정보통신,정보통신공사업,1566,주식회사 비티엘정보통신,,,200234,7191600,,,,,,
정보통신,정보통신공사업,1567,(주)유아이에스,,,420234,7189800,,,,,,
정보통신,정보통신공사업,1568,(주)경남통신기술,,,550042,7189700,,,,,,
정보통신,정보통신공사업,1569,"주식회사 원츠넷 (Wantsnet Co., Ltd.)",,,312094,7182400,,,,,,
정보통신,정보통신공사업,1570,제일정보통신(주),,,150406,7175700,,,,,,
정보통신,정보통신공사업,1571,일메테크(주),,,310291,7174000,,,,,,
정보통신,정보통신공사업,1572,주식회사 파노텍,,,112179,7165400,,,,,,
정보통신,정보통신공사업,1573,(주)아이티언,,,112761,7160500,,,,,,
정보통신,정보통신공사업,1574,(주)케이닷컴,,,420017,7158900,,,,,,
정보통신,정보통신공사업,1575,(주)제이에스넷시스템,,,201490,7158500,,,,,,
정보통신,정보통신공사업,1576,(주)씨월드정보기술,,,112545,7158400,,,,,,
정보통신,정보통신공사업,1577,인아이티 주식회사,,,320018,7150700,,,,,,
정보통신,정보통신공사업,1578,주식회사 엠스텍(MSTECH Inc.),,,203022,7145800,,,,,,
정보통신,정보통신공사업,1579,(주)앤커웨이브,,,202723,7145300,,,,,,
정보통신,정보통신공사업,1580,시큐어밸리(주),,,202069,7141600,,,,,,
정보통신,정보통신공사업,1581,주식회사 비에스정보통신,,,550371,7140200,,,,,,
정보통신,정보통신공사업,1581,(주)다임즈,,,202245,7140200,,,,,,
정보통신,정보통신공사업,1583,주식회사 대덕전력,,,320499,7136400,,,,,,
정보통신,정보통신공사업,1584,(주)코스콤,,,111463,7136200,,,,,,
정보통신,정보통신공사업,1585,(주)태영전기,,,440017,7134900,,,,,,
정보통신,정보통신공사업,1586,미래정보통신,,,610152,7134500,,,,,,
정보통신,정보통신공사업,1587,세광정보통신(주),,,120771,7134200,,,,,,
정보통신,정보통신공사업,1588,(주)임산업,,,320083,7132300,,,,,,
정보통신,정보통신공사업,1589,(주)에스유테크,,,320047,7132100,,,,,,
정보통신,정보통신공사업,1590,(유)세일,,,630126,7127800,,,,,,
정보통신,정보통신공사업,1591,대신네트웍스(주),,,430007,7124100,,,,,,
정보통신,정보통신공사업,1592,(주)데이타렉스,,,200932,7120000,,,,,,
정보통신,정보통신공사업,1593,신신이앤씨 주식회사,,,111685,7118300,,,,,,
정보통신,정보통신공사업,1594,주식회사 대광건영,,,620249,7118100,,,,,,
정보통신,정보통신공사업,1595,엠에스온(주),,,201267,7115000,,,,,,
정보통신,정보통신공사업,1596,(주)하나이엔디,,,200171,7110500,,,,,,
정보통신,정보통신공사업,1597,와이티파트너스 주식회사,,,312276,7109500,,,,,,
정보통신,정보통신공사업,1598,성보계전(주),,,510631,7098600,,,,,,
정보통신,정보통신공사업,1599,(주)삼보아이씨티,,,550170,7096800,,,,,,
정보통신,정보통신공사업,1600,주식회사 티디씨,,,320088,7094800,,,,,,
정보통신,정보통신공사업,1601,주식회사 도부네트웍스,,,113021,7093900,,,,,,
정보통신,정보통신공사업,1602,태윤정보통신 주식회사,,,312591,7092100,,,,,,
정보통신,정보통신공사업,1603,(주)주은정보시스템,,,112754,7085600,,,,,,
정보통신,정보통신공사업,1604,(주)파도시스템,,,311262,7083100,,,,,,
정보통신,정보통신공사업,1605,제일정보건설(주),,,110053,7078200,,,,,,
정보통신,정보통신공사업,1606,첨단제어시스템(주),,,430045,7076800,,,,,,
정보통신,정보통신공사업,1607,주식회사 카스하이퍼씨앤씨(KAS Hyper Connectivity & Convergence Corp.),,,110702,7075000,,,,,,
정보통신,정보통신공사업,1608,(주)솔루텍시스템,,,201817,7071500,,,,,,
정보통신,정보통신공사업,1609,(주)넥솔위즈빌,,,202740,7067900,,,,,,
정보통신,정보통신공사업,1610,(주)에스앤티에스,,,111877,7067800,,,,,,
정보통신,정보통신공사업,1611,주식회사 휴먼시스템즈,,,330305,7067200,,,,,,
정보통신,정보통신공사업,1612,"주식회사 엔제이이앤씨(NJE&C Co.,Ltd.)",,,110172,7066500,,,,,,
정보통신,정보통신공사업,1613,(주)엘앤씨글로벌,,,311181,7066400,,,,,,
정보통신,정보통신공사업,1614,(주)대륭시스템즈,,,550264,7064100,,,,,,
정보통신,정보통신공사업,1615,주식회사 부강정보통신,,,310083,7062900,,,,,,
정보통신,정보통신공사업,1616,주식회사 새눈,,,630167,7062600,,,,,,
정보통신,정보통신공사업,1617,수미디어통신(주),,,201173,7056100,,,,,,
정보통신,정보통신공사업,1618,(주)인터엠AV전자통신,,,140209,7049200,,,,,,
정보통신,정보통신공사업,1619,유한회사 대성정보기술,,,630182,7048400,,,,,,
정보통신,정보통신공사업,1620,(주)명현정보통신,,,111659,7046700,,,,,,
정보통신,정보통신공사업,1621,주식회사 드림아이시스템,,,203052,7041600,,,,,,
정보통신,정보통신공사업,1622,(주)동화이엔씨,,,112471,7040600,,,,,,
정보통신,정보통신공사업,1623,(주)베스트디지탈,,,113462,7039700,,,,,,
정보통신,정보통신공사업,1624,주식회사 에이블아이앤씨,,,320254,7033200,,,,,,
정보통신,정보통신공사업,1625,(주)대명텔레콤,,,200202,7032100,,,,,,
정보통신,정보통신공사업,1626,(주)시스넷정보기술,,,640014,7023800,,,,,,
정보통신,정보통신공사업,1627,(주)파이브텍,,,310116,7023700,,,,,,
정보통신,정보통신공사업,1628,(주)제이앤,,,510561,7009900,,,,,,
정보통신,정보통신공사업,1629,(주)네트로,,,530270,7007700,,,,,,
정보통신,정보통신공사업,1630,(주)비컴,,,113399,7003200,,,,,,
정보통신,정보통신공사업,1631,(주)미래정보기술,,,330125,7001300,,,,,,
정보통신,정보통신공사업,1632,주식회사 케이디씨정보기술,,,540249,7000800,,,,,,
정보통신,정보통신공사업,1633,"주식회사 더씬 (The SYN Co.,Ltd.)",,,203467,6995700,,,,,,
정보통신,정보통신공사업,1634,한일미디어텍,,,510094,6992500,,,,,,
정보통신,정보통신공사업,1635,(주)에스오정보통신,,,350406,6990400,,,,,,
정보통신,정보통신공사업,1636,(주)코리아싸인,,,350276,6989800,,,,,,
정보통신,정보통신공사업,1637,(주)유인프라,,,201994,6989400,,,,,,
정보통신,정보통신공사업,1638,(주)이예스피,,,200421,6989000,,,,,,
정보통신,정보통신공사업,1639,(주)이수,,,200563,6988500,,,,,,
정보통신,정보통신공사업,1640,(주)아이앤비,,,311396,6987800,,,,,,
정보통신,정보통신공사업,1641,현시스메틱(주),,,610224,6986000,,,,,,
정보통신,정보통신공사업,1642,(주)위덱스정보기술,,,200548,6984500,,,,,,
정보통신,정보통신공사업,1643,주식회사 에스이지,,,510250,6982900,,,,,,
정보통신,정보통신공사업,1644,(주)엔이아이씨,,,350302,6974100,,,,,,
정보통신,정보통신공사업,1645,주식회사 에이스뷰,,,200834,6972000,,,,,,
정보통신,정보통신공사업,1646,씨아이즈(주),,,111705,6969400,,,,,,
정보통신,정보통신공사업,1647,어반아이티에스 주식회사,,,620326,6966800,,,,,,
정보통신,정보통신공사업,1648,(주)에스디정보통신,,,610194,6961400,,,,,,
정보통신,정보통신공사업,1649,주식회사 이레아이디에스,,,203776,6954500,,,,,,
정보통신,정보통신공사업,1650,주식회사 엔트론,,,202614,6945400,,,,,,
정보통신,정보통신공사업,1651,주식회사 코리아와이드아이티에스,,,200364,6944300,,,,,,
정보통신,정보통신공사업,1652,(주)파워테크놀로지,,,170173,6943700,,,,,,
정보통신,정보통신공사업,1653,(주)동우이앤에스,,,430196,6940600,,,,,,
정보통신,정보통신공사업,1654,(주)삼일아엔씨,,,112601,6934500,,,,,,
정보통신,정보통신공사업,1655,(주)대영통신,,,150645,6934000,,,,,,
정보통신,정보통신공사업,1656,주식회사 석원정보통신,,,320108,6927600,,,,,,
정보통신,정보통신공사업,1657,주식회사 제이에스투,,,610226,6926300,,,,,,
정보통신,정보통신공사업,1658,주식회사 태영네트웍스,,,200221,6918900,,,,,,
정보통신,정보통신공사업,1659,(주)우미개발,,,620295,6916800,,,,,,
정보통신,정보통신공사업,1660,(주)에이치엔엠,,,202180,6914900,,,,,,
정보통신,정보통신공사업,1661,동보전기통신(주),,,111123,6914600,,,,,,
정보통신,정보통신공사업,1662,주식회사 엠플러스통신,,,203093,6912100,,,,,,
정보통신,정보통신공사업,1663,주식회사 수운,,,203918,6911900,,,,,,
정보통신,정보통신공사업,1664,주식회사 정암정보통신,,,113493,6909600,,,,,,
정보통신,정보통신공사업,1665,코리아이지텔(주),,,112077,6902900,,,,,,
정보통신,정보통신공사업,1666,동은엔지니어링(주),,,112201,6902100,,,,,,
정보통신,정보통신공사업,1667,인천전기통신(주),,,111413,6887100,,,,,,
정보통신,정보통신공사업,1668,한국디지탈콘트롤(주),,,310309,6885300,,,,,,
정보통신,정보통신공사업,1669,한세정보통신(주),,,150246,6885100,,,,,,
정보통신,정보통신공사업,1670,리더정보통신(주),,,310657,6875200,,,,,,
정보통신,정보통신공사업,1671,(주)퍼스트넷,,,311529,6872100,,,,,,
정보통신,정보통신공사업,1672,주식회사 하이라인,,,202991,6871100,,,,,,
정보통신,정보통신공사업,1673,오오씨아이(주),,,510489,6866900,,,,,,
정보통신,정보통신공사업,1674,트라이오넷(주),,,202228,6855700,,,,,,
정보통신,정보통신공사업,1675,"주식회사 신우에코넷 (SWeconet Co., Ltd.)",,,311503,6855200,,,,,,
정보통신,정보통신공사업,1676,주식회사 에스피비,,,312114,6854000,,,,,,
정보통신,정보통신공사업,1677,(주)태인시스템,,,530305,6851300,,,,,,
정보통신,정보통신공사업,1678,(주)이레솔루션,,,311775,6850600,,,,,,
정보통신,정보통신공사업,1679,(주)씨디에이,,,311656,6850200,,,,,,
정보통신,정보통신공사업,1680,서림엔지니어링 주식회사,,,311449,6849800,,,,,,
정보통신,정보통신공사업,1681,가보산업 주식회사,,,420349,6849400,,,,,,
정보통신,정보통신공사업,1682,일렉큐브(주),,,310832,6849100,,,,,,
정보통신,정보통신공사업,1683,주식회사 조인테크,,,140505,6844800,,,,,,
정보통신,정보통신공사업,1684,(주)브레인네트웍스,,,202414,6843800,,,,,,
정보통신,정보통신공사업,1685,(주)유에스시큐리티,,,310580,6842700,,,,,,
정보통신,정보통신공사업,1686,(주)에이엔시,,,640065,6841900,,,,,,
정보통신,정보통신공사업,1687,하나씨앤아이(주),,,202629,6838500,,,,,,
정보통신,정보통신공사업,1688,주식회사 비츠로시스,,,110144,6838100,,,,,,
정보통신,정보통신공사업,1689,(주)안세기술,,,110861,6837700,,,,,,
정보통신,정보통신공사업,1690,주식회사 지엘네트워크,,,510692,6835900,,,,,,
정보통신,정보통신공사업,1691,에이앤티 주식회사,,,201429,6834700,,,,,,
정보통신,정보통신공사업,1692,주식회사 다몬시스템,,,430053,6829000,,,,,,
정보통신,정보통신공사업,1693,주식회사 아주엔지니어링,,,311847,6825400,,,,,,
정보통신,정보통신공사업,1694,(유)쎈스,,,140379,6816000,,,,,,
정보통신,정보통신공사업,1695,(주)디지탈라인,,,310370,6815800,,,,,,
정보통신,정보통신공사업,1696,(주)플러스정보기술,,,311453,6815500,,,,,,
정보통신,정보통신공사업,1697,(주)부경정보통신,,,610243,6813200,,,,,,
정보통신,정보통신공사업,1698,(주)유코리아,,,113286,6803600,,,,,,
정보통신,정보통신공사업,1699,(주)큐브정보기술,,,350270,6802400,,,,,,
정보통신,정보통신공사업,1700,(주)비전정보통신,,,111692,6801800,,,,,,
정보통신,정보통신공사업,1701,(주)티제이네트워크,,,311557,6796200,,,,,,
정보통신,정보통신공사업,1702,제이디미디어(주),,,310436,6796000,,,,,,
정보통신,정보통신공사업,1703,하나정보기술(주),,,350067,6795800,,,,,,
정보통신,정보통신공사업,1704,삼화전력 주식회사,,,540356,6795500,,,,,,
정보통신,정보통신공사업,1705,(유)지원통신,,,140072,6789900,,,,,,
정보통신,정보통신공사업,1706,삼원에프에이(주),,,120716,6788600,,,,,,
정보통신,정보통신공사업,1707,주식회사 케이투시스템즈,,,202971,6786500,,,,,,
정보통신,정보통신공사업,1708,주식회사 제이씨큐,,,410107,6779500,,,,,,
정보통신,정보통신공사업,1709,(주)서울정보시스템,,,112034,6778500,,,,,,
정보통신,정보통신공사업,1710,주식회사 레인보우,,,201099,6776700,,,,,,
정보통신,정보통신공사업,1710,완전정보통신(주),,,160110,6776700,,,,,,
정보통신,정보통신공사업,1712,(주)피플인소프트,,,440042,6770000,,,,,,
정보통신,정보통신공사업,1713,대신아이씨티 주식회사,,,111016,6764800,,,,,,
정보통신,정보통신공사업,1714,보은전자방송통신(주),,,202204,6764200,,,,,,
정보통신,정보통신공사업,1715,(주)헤드아이티,,,630099,6761800,,,,,,
정보통신,정보통신공사업,1716,(주)대해일렉스,,,111044,6761400,,,,,,
정보통신,정보통신공사업,1717,(주)이코우,,,540150,6760900,,,,,,
정보통신,정보통신공사업,1718,주식회사 진중아이티,,,202769,6758900,,,,,,
정보통신,정보통신공사업,1719,주식회사 포스정보통신,,,311489,6756900,,,,,,
정보통신,정보통신공사업,1720,주식회사 엑세스씨앤에스,,,204027,6755300,,,,,,
정보통신,정보통신공사업,1721,(주)이지텔레콤,,,111708,6749600,,,,,,
정보통신,정보통신공사업,1722,(주)드림정보,,,440020,6747400,,,,,,
정보통신,정보통신공사업,1723,주식회사 위드테크,,,203439,6743800,,,,,,
정보통신,정보통신공사업,1724,"쎄인탑(주)(SEINTOP Co.,Ltd.)",,,540045,6743400,,,,,,
정보통신,정보통신공사업,1725,(주)원테크놀로지,,,310320,6741400,,,,,,
정보통신,정보통신공사업,1726,"주식회사 힌트 (HINT.CO.,Ltd.)",,,311395,6735700,,,,,,
정보통신,정보통신공사업,1727,주식회사 유시스,,,320375,6733100,,,,,,
정보통신,정보통신공사업,1728,주식회사 넷플러스,,,420465,6729900,,,,,,
정보통신,정보통신공사업,1729,주식회사 미르정보기술,,,510375,6727700,,,,,,
정보통신,정보통신공사업,1730,(주)매트릭스미디어,,,200635,6721200,,,,,,
정보통신,정보통신공사업,1731,(주)영국전자,,,111373,6719900,,,,,,
정보통신,정보통신공사업,1732,주식회사 오피에이,,,410114,6719100,,,,,,
정보통신,정보통신공사업,1733,(주)아이에스피테크,,,311201,6718600,,,,,,
정보통신,정보통신공사업,1734,온누리(주),,,140183,6714200,,,,,,
정보통신,정보통신공사업,1735,주식회사 동일이엔티,,,350393,6713900,,,,,,
정보통신,정보통신공사업,1736,주식회사 삼우(SAMWOO INC),,,312007,6712500,,,,,,
정보통신,정보통신공사업,1737,신성통신건설 주식회사,,,330291,6711900,,,,,,
정보통신,정보통신공사업,1738,(주)오경컴텍,,,112896,6707000,,,,,,
정보통신,정보통신공사업,1739,(주)그랜드,,,330083,6706500,,,,,,
정보통신,정보통신공사업,1740,(주)대광정보통신,,,130060,6705300,,,,,,
정보통신,정보통신공사업,1741,(주)티원아이티,,,510206,6705100,,,,,,
정보통신,정보통신공사업,1742,유텔레콤(주),,,200858,6704000,,,,,,
정보통신,정보통신공사업,1743,(주)이젠정보통신,,,112603,6703900,,,,,,
정보통신,정보통신공사업,1744,주식회사 지오엘,,,540438,6703300,,,,,,
정보통신,정보통신공사업,1745,(주)이노테크미디어,,,201142,6700900,,,,,,
정보통신,정보통신공사업,1746,주식회사 민국정보통신,,,510502,6698800,,,,,,
정보통신,정보통신공사업,1747,신우엔지니어링 주식회사,,,610329,6693900,,,,,,
정보통신,정보통신공사업,1748,우리정보기술(주),,,550014,6689800,,,,,,
정보통신,정보통신공사업,1749,(주)새롬정보통신,,,112941,6684100,,,,,,
정보통신,정보통신공사업,1750,(주)에스알티,,,310489,6681200,,,,,,
정보통신,정보통신공사업,1751,(주)열림데이타시스템,,,201011,6676400,,,,,,
정보통신,정보통신공사업,1752,(주)진명파워택,,,110770,6674400,,,,,,
정보통신,정보통신공사업,1753,에이치유앤티(주),,,110949,6673900,,,,,,
정보통신,정보통신공사업,1754,한국마이크로닉(주),,,112664,6672200,,,,,,
정보통신,정보통신공사업,1755,주식회사 그렉터,,,203229,6665300,,,,,,
정보통신,정보통신공사업,1756,주식회사 앤샵,,,203345,6662300,,,,,,
정보통신,정보통신공사업,1757,(주)새올정보기술,,,330179,6660100,,,,,,
정보통신,정보통신공사업,1758,진흥기업(주),,,110447,6654000,,,,,,
정보통신,정보통신공사업,1759,(주)지제이전기통신,,,201981,6651900,,,,,,
정보통신,정보통신공사업,1760,엔텍월드(주),,,200304,6649000,,,,,,
정보통신,정보통신공사업,1761,주식회사 대호,,,150388,6645000,,,,,,
정보통신,정보통신공사업,1762,(주)세븐전자코리아,,,320130,6644000,,,,,,
정보통신,정보통신공사업,1763,(주)삼우건설,,,120116,6642700,,,,,,
정보통신,정보통신공사업,1764,(주)세연텔레콤,,,111895,6641300,,,,,,
정보통신,정보통신공사업,1765,(주)대민방송네트워크,,,310709,6635200,,,,,,
정보통신,정보통신공사업,1766,아라정보통신(주),,,120216,6634800,,,,,,
정보통신,정보통신공사업,1767,(주)한국아이오티기술원(K-IOTT. INC),,,310939,6631500,,,,,,
정보통신,정보통신공사업,1768,주식회사 노바디엑스,,,203760,6630700,,,,,,
정보통신,정보통신공사업,1769,선진인포텍(주),,,201081,6629400,,,,,,
정보통신,정보통신공사업,1770,주식회사 백년기술,,,310850,6628700,,,,,,
정보통신,정보통신공사업,1771,드림테크정보통신(주),,,112723,6617000,,,,,,
정보통신,정보통신공사업,1772,(주)서전일렉스,,,550039,6614900,,,,,,
정보통신,정보통신공사업,1773,(주)와이엠네트웍스,,,310609,6612400,,,,,,
정보통신,정보통신공사업,1774,(주)대명건설,,,330061,6607500,,,,,,
정보통신,정보통신공사업,1775,(주)대선텔레콤,,,430041,6599100,,,,,,
정보통신,정보통신공사업,1776,이터널(주),,,311107,6597700,,,,,,
정보통신,정보통신공사업,1777,(주)알파아이엔씨,,,130291,6595300,,,,,,
정보통신,정보통신공사업,1778,청수개발 주식회사,,,640088,6594600,,,,,,
정보통신,정보통신공사업,1779,주식회사 정인이엔시,,,140093,6593700,,,,,,
정보통신,정보통신공사업,1780,건일정보통신,,,630041,6586300,,,,,,
정보통신,정보통신공사업,1781,동남티앤씨 주식회사,,,120123,6583100,,,,,,
정보통신,정보통신공사업,1782,청맥산업(주),,,130405,6582400,,,,,,
정보통신,정보통신공사업,1783,(주)제이앤지시스템,,,202527,6579400,,,,,,
정보통신,정보통신공사업,1784,주식회사 한국제일,,,420001,6578000,,,,,,
정보통신,정보통신공사업,1785,주식회사 우리시스템,,,311637,6577900,,,,,,
정보통신,정보통신공사업,1786,"주식회사 공유테크(Gong You Tech., Ltd.)",,,203328,6575500,,,,,,
정보통신,정보통신공사업,1787,(주)루트앤루트,,,120259,6574500,,,,,,
정보통신,정보통신공사업,1788,(주)국보정보통신,,,310694,6572600,,,,,,
정보통신,정보통신공사업,1789,"주식회사 엠큐닉 (MQNIC Co., Ltd.)",,,202783,6569900,,,,,,
정보통신,정보통신공사업,1789,(주)영우정보기술,,,410011,6569900,,,,,,
정보통신,정보통신공사업,1791,(주)미디어밸리렛,,,202624,6567100,,,,,,
정보통신,정보통신공사업,1792,대성아이넷(주),,,310090,6561400,,,,,,
정보통신,정보통신공사업,1793,(주)케이티샛,,,201871,6558500,,,,,,
정보통신,정보통신공사업,1794,(주)윤송이엔씨,,,113055,6558200,,,,,,
정보통신,정보통신공사업,1795,(주)대은계전,,,640082,6555300,,,,,,
정보통신,정보통신공사업,1796,(주)우주전기통신,,,130006,6553900,,,,,,
정보통신,정보통신공사업,1797,한국아이디정보(주),,,201194,6549000,,,,,,
정보통신,정보통신공사업,1798,주식회사 민이엔씨,,,530387,6547700,,,,,,
정보통신,정보통신공사업,1799,"주식회사 앙츠 (Antz. Co., Ltd)",,,140027,6545800,,,,,,
정보통신,정보통신공사업,1800,빛가람정보(주),,,620047,6539700,,,,,,
정보통신,정보통신공사업,1800,주식회사 영원시스템즈,,,620143,6539700,,,,,,
정보통신,정보통신공사업,1802,딥아이 주식회사,,,170097,6539500,,,,,,
정보통신,정보통신공사업,1803,(주)광성통신,,,110090,6536200,,,,,,
정보통신,정보통신공사업,1804,주식회사 애니텍,,,530413,6535900,,,,,,
정보통신,정보통신공사업,1805,(주)정원엔시스,,,111654,6533700,,,,,,
정보통신,정보통신공사업,1806,"(주)에스에스티(SST Co., Ltd.)",,,630161,6530100,,,,,,
정보통신,정보통신공사업,1807,주식회사 뉴플러스,,,111820,6526000,,,,,,
정보통신,정보통신공사업,1808,(주)아이티씨테크,,,311504,6522400,,,,,,
정보통신,정보통신공사업,1809,에이엠테크(주),,,110724,6521600,,,,,,
정보통신,정보통신공사업,1810,한솔정보통신(주),,,310383,6521400,,,,,,
정보통신,정보통신공사업,1811,대신네트웍스(주),,,160119,6519800,,,,,,
정보통신,정보통신공사업,1812,주식회사 케이탑시스템,,,330116,6515700,,,,,,
정보통신,정보통신공사업,1813,영진기술(주),,,311103,6515100,,,,,,
정보통신,정보통신공사업,1814,(주)썬더테크놀로지,,,630029,6511100,,,,,,
정보통신,정보통신공사업,1815,(주)효승,,,113153,6510300,,,,,,
정보통신,정보통신공사업,1816,(주)두루스코,,,202033,6509100,,,,,,
정보통신,정보통신공사업,1817,(주)아이티에스뱅크,,,113212,6508200,,,,,,
정보통신,정보통신공사업,1818,(주)청림텔레콤,,,130014,6505900,,,,,,
정보통신,정보통신공사업,1819,주식회사 부강(扶江),,,311031,6505300,,,,,,
정보통신,정보통신공사업,1820,"주식회사 에이샛(ASAT.Co.,Ltd)",,,311064,6504000,,,,,,
정보통신,정보통신공사업,1821,주식회사 젠탑(GENTOP),,,550032,6503300,,,,,,
정보통신,정보통신공사업,1822,(주)그린아이티,,,550243,6501700,,,,,,
정보통신,정보통신공사업,1823,(주)창리정보통신,,,113400,6500600,,,,,,
정보통신,정보통신공사업,1824,(주)와이씨스템,,,110728,6499500,,,,,,
정보통신,정보통신공사업,1825,(주)가넷정보기술,,,510371,6499000,,,,,,
정보통신,정보통신공사업,1826,주식회사 태온,,,150192,6497000,,,,,,
정보통신,정보통신공사업,1827,"주식회사 코아맥스테크놀로지(COREMAX TECHNOLOGY CO.,LTD.)",,,201411,6493600,,,,,,
정보통신,정보통신공사업,1828,(주)아이아이에스티,,,202667,6493200,,,,,,
정보통신,정보통신공사업,1829,(주)미디컴전자,,,112743,6488300,,,,,,
정보통신,정보통신공사업,1830,동아신호(주),,,201131,6484300,,,,,,
정보통신,정보통신공사업,1831,주식회사 에이치엔에스이엔씨,,,311978,6483500,,,,,,
정보통신,정보통신공사업,1832,대명전력(주),,,120266,6482900,,,,,,
정보통신,정보통신공사업,1833,(주)스피드이엔지,,,150593,6476800,,,,,,
정보통신,정보통신공사업,1834,(주)진웅텔레콤,,,160041,6468500,,,,,,
정보통신,정보통신공사업,1835,(주)조양테크,,,110352,6465600,,,,,,
정보통신,정보통신공사업,1835,구스텍 주식회사,,,203211,6465600,,,,,,
정보통신,정보통신공사업,1837,주식회사 세우이엔씨,,,330314,6463300,,,,,,
정보통신,정보통신공사업,1838,대신네트웍스 주식회사,,,202026,6462900,,,,,,
정보통신,정보통신공사업,1839,(주)현신정보통신,,,110407,6461400,,,,,,
정보통신,정보통신공사업,1840,다우정보(주),,,130133,6456400,,,,,,
정보통신,정보통신공사업,1841,제이비티정보통신(주),,,350379,6452000,,,,,,
정보통신,정보통신공사업,1842,주식회사 디콘,,,550199,6448800,,,,,,
정보통신,정보통신공사업,1843,주식회사 대명통신,,,111732,6447700,,,,,,
정보통신,정보통신공사업,1844,이정보통신(주),,,620045,6442100,,,,,,
정보통신,정보통신공사업,1845,제이아이티 주식회사,,,202016,6441000,,,,,,
정보통신,정보통신공사업,1846,(주)캐스트코아,,,311753,6440900,,,,,,
정보통신,정보통신공사업,1847,주식회사 성암전력,,,510325,6440800,,,,,,
정보통신,정보통신공사업,1848,화성티이씨(주),,,510076,6440200,,,,,,
정보통신,정보통신공사업,1849,우림정보시스템(주),,,111972,6438000,,,,,,
정보통신,정보통신공사업,1850,(유)서원정보통신,,,160106,6436200,,,,,,
정보통신,정보통신공사업,1851,주식회사 나래테크,,,150353,6432400,,,,,,
정보통신,정보통신공사업,1852,(주)에이원정보통신,,,310681,6427300,,,,,,
정보통신,정보통신공사업,1853,주식회사 지노디엠,,,420315,6427100,,,,,,
정보통신,정보통신공사업,1854,(주)신성글로벌네트워크,,,200402,6421900,,,,,,
정보통신,정보통신공사업,1855,태림전자(주),,,160140,6420200,,,,,,
정보통신,정보통신공사업,1856,(유)시원이엔지,,,160236,6409500,,,,,,
정보통신,정보통신공사업,1856,주식회사 에어로디제이컨설팅,,,203421,6409500,,,,,,
정보통신,정보통신공사업,1858,(주)솔모정보기술,,,201206,6406300,,,,,,
정보통신,정보통신공사업,1859,주식회사 대일정보통신,,,150650,6403100,,,,,,
정보통신,정보통신공사업,1860,금일정보기술 주식회사,,,113051,6401800,,,,,,
정보통신,정보통신공사업,1861,위성이앤씨(주),,,111073,6401600,,,,,,
정보통신,정보통신공사업,1862,주식회사 네오글로벌시스템,,,350243,6399900,,,,,,
정보통신,정보통신공사업,1863,주식회사 사람과통신,,,350258,6395900,,,,,,
정보통신,정보통신공사업,1864,(주)에이번,,,201769,6392500,,,,,,
정보통신,정보통신공사업,1865,주식회사 스맥,,,420132,6390400,,,,,,
정보통신,정보통신공사업,1866,(주)트리엠,,,201424,6384800,,,,,,
정보통신,정보통신공사업,1867,주식회사 파로스,,,350249,6383800,,,,,,
정보통신,정보통신공사업,1868,(주)신한전기,,,610096,6383100,,,,,,
정보통신,정보통신공사업,1869,주식회사 화인폰,,,203808,6381700,,,,,,
정보통신,정보통신공사업,1869,세림디에스지 주식회사,,,440062,6381700,,,,,,
정보통신,정보통신공사업,1871,(주)윌테크,,,113363,6381600,,,,,,
정보통신,정보통신공사업,1872,(주)엠아이비,,,130482,6381300,,,,,,
정보통신,정보통신공사업,1873,(주)케이써비스,,,112836,6378000,,,,,,
정보통신,정보통신공사업,1874,주식회사 우석이앤씨,,,530153,6376900,,,,,,
정보통신,정보통신공사업,1875,(주)파크엘즈,,,201773,6376200,,,,,,
정보통신,정보통신공사업,1876,주식회사 위즈에스,,,420517,6375100,,,,,,
정보통신,정보통신공사업,1877,"(주)알에프코리아(RF KOREA Co., Ltd.)",,,113453,6372400,,,,,,
정보통신,정보통신공사업,1878,수성정보(주),,,150532,6372300,,,,,,
정보통신,정보통신공사업,1879,주식회사 천익,,,203264,6363300,,,,,,
정보통신,정보통신공사업,1880,(주)도빈,,,320191,6361900,,,,,,
정보통신,정보통신공사업,1881,주식회사 데이타렉스대전,,,420340,6361700,,,,,,
정보통신,정보통신공사업,1882,(주)제이넷시스템즈,,,202234,6359700,,,,,,
정보통신,정보통신공사업,1883,(주)스피드데이타정보통신,,,420085,6358900,,,,,,
정보통신,정보통신공사업,1884,주식회사 에스에이치비젼,,,630192,6353900,,,,,,
정보통신,정보통신공사업,1885,(주)철탑,,,310829,6353100,,,,,,
정보통신,정보통신공사업,1886,(주)엔에스정보통신,,,202182,6350200,,,,,,
정보통신,정보통신공사업,1887,(주)싸이버텍,,,202579,6348100,,,,,,
정보통신,정보통신공사업,1888,(주)에스엠케이정보통신,,,630074,6347300,,,,,,
정보통신,정보통신공사업,1889,(주)엘에스아이정보기술,,,130466,6344700,,,,,,
정보통신,정보통신공사업,1890,(주)GES,,,310484,6344100,,,,,,
정보통신,정보통신공사업,1891,(주)아이쿼드,,,113497,6343000,,,,,,
정보통신,정보통신공사업,1892,(주)동천기공,,,610046,6342300,,,,,,
정보통신,정보통신공사업,1893,금성정보기술(주),,,160001,6339500,,,,,,
정보통신,정보통신공사업,1894,(주)월드씨앤에스,,,640019,6338400,,,,,,
정보통신,정보통신공사업,1895,(주)엘이디오션,,,311535,6336200,,,,,,
정보통신,정보통신공사업,1896,프리커스 주식회사,,,203520,6329300,,,,,,
정보통신,정보통신공사업,1897,(주)니트로시스템,,,202046,6329100,,,,,,
정보통신,정보통신공사업,1898,(주)뉴테크,,,520056,6326900,,,,,,
정보통신,정보통신공사업,1899,주식회사 유수,,,330187,6326400,,,,,,
정보통신,정보통신공사업,1900,지앤티테크(주),,,112117,6325400,,,,,,
정보통신,정보통신공사업,1901,다인아이티(주),,,510517,6323900,,,,,,
정보통신,정보통신공사업,1902,(주)경일,,,110232,6322300,,,,,,
정보통신,정보통신공사업,1903,케이씨티정보통신(주),,,112499,6320700,,,,,,
정보통신,정보통신공사업,1903,주식회사 엔시스코리아 (ENSYS KOREA Inc.),,,203953,6320700,,,,,,
정보통신,정보통신공사업,1905,주식회사 아성,,,330264,6320400,,,,,,
정보통신,정보통신공사업,1906,(주)정우비앤에스,,,540044,6317900,,,,,,
정보통신,정보통신공사업,1907,주식회사 등화기전,,,620335,6317400,,,,,,
정보통신,정보통신공사업,1908,"주식회사 케이엑스넥스지 (KX NexGo.,LTD.)",,,202361,6315500,,,,,,
정보통신,정보통신공사업,1909,주식회사 헤이즐시스,,,203825,6314600,,,,,,
정보통신,정보통신공사업,1910,아이티에스엔지니어링(주),,,112605,6309800,,,,,,
정보통신,정보통신공사업,1911,보령전력(주),,,310494,6304600,,,,,,
정보통신,정보통신공사업,1912,대원정보통신(주),,,410137,6302900,,,,,,
정보통신,정보통신공사업,1913,주식회사 영일이엔씨,,,110427,6301600,,,,,,
정보통신,정보통신공사업,1914,(주)우신지엘에스,,,111326,6288600,,,,,,
정보통신,정보통신공사업,1915,대일정보통신 주식회사,,,320257,6287800,,,,,,
정보통신,정보통신공사업,1916,(주)동양이앤티,,,160130,6286800,,,,,,
정보통신,정보통신공사업,1917,(주)아이티로그,,,202607,6284100,,,,,,
정보통신,정보통신공사업,1918,(주)소나타시스템즈,,,311590,6283700,,,,,,
정보통신,정보통신공사업,1919,주식회사 영풍,,,140105,6283000,,,,,,
정보통신,정보통신공사업,1920,주식회사 에드원,,,113410,6282600,,,,,,
정보통신,정보통신공사업,1921,(주)알파이앤시,,,610036,6280800,,,,,,
정보통신,정보통신공사업,1922,(주)용두애브컴,,,170114,6277000,,,,,,
정보통신,정보통신공사업,1923,(주)콘스탄텍,,,310625,6276300,,,,,,
정보통신,정보통신공사업,1924,남일통신(주),,,120029,6274700,,,,,,
정보통신,정보통신공사업,1925,주식회사 와이케이정보통신,,,110186,6274400,,,,,,
정보통신,정보통신공사업,1926,(주)대웅아이피에스,,,113499,6272700,,,,,,
정보통신,정보통신공사업,1927,(주)성문정보통신,,,150327,6272600,,,,,,
정보통신,정보통신공사업,1928,(주)대경미디어텍,,,202067,6269800,,,,,,
정보통신,정보통신공사업,1928,주식회사 화성에어토탈,,,130215,6269800,,,,,,
정보통신,정보통신공사업,1930,(주)네비웍스,,,201977,6268000,,,,,,
정보통신,정보통신공사업,1931,주식회사 우리시스템,,,320491,6262300,,,,,,
정보통신,정보통신공사업,1932,(주)경신텔레콤,,,150231,6261800,,,,,,
정보통신,정보통신공사업,1933,(주)서진아이티에스,,,510222,6261000,,,,,,
정보통신,정보통신공사업,1934,강진통신,,,520016,6259100,,,,,,
정보통신,정보통신공사업,1935,(주)경원정보통신,,,200623,6254500,,,,,,
정보통신,정보통신공사업,1936,(주)유니원시스템,,,410204,6251500,,,,,,
정보통신,정보통신공사업,1937,대신티엔아이(주),,,610063,6251000,,,,,,
정보통신,정보통신공사업,1938,(주)창조시스템,,,530197,6250800,,,,,,
정보통신,정보통신공사업,1939,(주)나래넷츠,,,311921,6242400,,,,,,
정보통신,정보통신공사업,1940,유한회사 유피통신,,,620363,6241500,,,,,,
정보통신,정보통신공사업,1941,엘에스정보기술(주),,,510289,6241400,,,,,,
정보통신,정보통신공사업,1942,(주)이원시스템,,,530259,6238500,,,,,,
정보통신,정보통신공사업,1943,삼일데이타시스템(주),,,310176,6237500,,,,,,
정보통신,정보통신공사업,1944,호산이앤씨 주식회사,,,310300,6236600,,,,,,
정보통신,정보통신공사업,1945,(주)솔더,,,170159,6235600,,,,,,
정보통신,정보통신공사업,1946,(주)송림하이텍,,,550128,6232400,,,,,,
정보통신,정보통신공사업,1947,(주)제이엔테크놀러지,,,201843,6229700,,,,,,
정보통신,정보통신공사업,1948,(주)선진일렉텍,,,311117,6226800,,,,,,
정보통신,정보통신공사업,1949,"주식회사 알트온(Alt-On Co,Ltd.)",,,203640,6224000,,,,,,
정보통신,정보통신공사업,1950,주식회사진영이앤티,,,540207,6223400,,,,,,
정보통신,정보통신공사업,1951,우리윈시스템 주식회사,,,550260,6217600,,,,,,
정보통신,정보통신공사업,1952,(주)아이티에스엠,,,202271,6215100,,,,,,
정보통신,정보통신공사업,1953,(주)제이넷,,,310187,6213100,,,,,,
정보통신,정보통신공사업,1954,(주)비에스엔지니어링,,,120210,6210400,,,,,,
정보통신,정보통신공사업,1955,선원건설 주식회사,,,410068,6208900,,,,,,
정보통신,정보통신공사업,1956,(주)알씨,,,311423,6207000,,,,,,
정보통신,정보통신공사업,1957,(주)나우아이앤씨,,,111443,6206300,,,,,,
정보통신,정보통신공사업,1958,주식회사 서광전기공사,,,312391,6201600,,,,,,
정보통신,정보통신공사업,1959,(주)지에스아이티엠,,,201030,6199900,,,,,,
정보통신,정보통신공사업,1960,주식회사 위드시스,,,311796,6199000,,,,,,
정보통신,정보통신공사업,1961,주식회사 드림씨엔에스,,,311960,6197800,,,,,,
정보통신,정보통신공사업,1962,한진영상정보(주),,,150457,6196700,,,,,,
정보통신,정보통신공사업,1963,(주)진영아이티,,,410194,6196300,,,,,,
정보통신,정보통신공사업,1964,(주)코인텔,,,120143,6192900,,,,,,
정보통신,정보통신공사업,1965,(주)멀티정보통신,,,420020,6189900,,,,,,
정보통신,정보통신공사업,1966,(주)영진전자통신,,,320358,6186900,,,,,,
정보통신,정보통신공사업,1967,(주)디엠아이씨,,,200306,6186800,,,,,,
정보통신,정보통신공사업,1968,(주)비엔씨테크,,,330137,6181300,,,,,,
정보통신,정보통신공사업,1969,대아정보통신(주),,,530040,6179400,,,,,,
정보통신,정보통신공사업,1970,"주식회사 상지건설 (Sangji Construction, Inc.)",,,110461,6172700,,,,,,
정보통신,정보통신공사업,1971,(주)하나넷,,,140308,6171400,,,,,,
정보통신,정보통신공사업,1972,(주)해냄콘트롤스,,,310710,6169000,,,,,,
정보통신,정보통신공사업,1973,중앙아이.엔.티.(주),,,112732,6165000,,,,,,
정보통신,정보통신공사업,1974,대진정보통신 주식회사,,,550249,6163600,,,,,,
정보통신,정보통신공사업,1975,허브링크(주),,,112961,6160900,,,,,,
정보통신,정보통신공사업,1976,(주)대성엔이씨,,,310545,6157900,,,,,,
정보통신,정보통신공사업,1977,이로시스템 주식회사,,,530324,6157800,,,,,,
정보통신,정보통신공사업,1978,주식회사 태양테크,,,350483,6156900,,,,,,
정보통신,정보통신공사업,1979,주식회사 티에스,,,420282,6147000,,,,,,
정보통신,정보통신공사업,1980,주식회사 금봉기업,,,320215,6143400,,,,,,
정보통신,정보통신공사업,1981,(주)지에스컴,,,110813,6140500,,,,,,
정보통신,정보통신공사업,1982,극동건설(주),,,110240,6138900,,,,,,
정보통신,정보통신공사업,1983,(주)네오시스,,,530277,6136100,,,,,,
정보통신,정보통신공사업,1984,(주)티웍스,,,350019,6132500,,,,,,
정보통신,정보통신공사업,1985,(주)예강텔레콤,,,310478,6130400,,,,,,
정보통신,정보통신공사업,1986,(주)에스씨네트,,,111762,6130300,,,,,,
정보통신,정보통신공사업,1987,(주)조이테크,,,510530,6126400,,,,,,
정보통신,정보통신공사업,1988,우리네트웍스(주),,,170133,6123100,,,,,,
정보통신,정보통신공사업,1989,주식회사 플러스파크,,,203471,6119500,,,,,,
정보통신,정보통신공사업,1990,주식회사 라인정보,,,420283,6118300,,,,,,
정보통신,정보통신공사업,1991,인포텔(주),,,120560,6115600,,,,,,
정보통신,정보통신공사업,1992,(주)아트엔티이,,,111397,6108000,,,,,,
정보통신,정보통신공사업,1993,(주)하이텔네트웍스,,,110057,6106700,,,,,,
정보통신,정보통신공사업,1994,(주)케이씨에이,,,201269,6105700,,,,,,
정보통신,정보통신공사업,1995,주식회사 대한전기통신,,,410188,6104400,,,,,,
정보통신,정보통신공사업,1996,주식회사 광일정보시스템,,,510135,6104300,,,,,,
정보통신,정보통신공사업,1997,대청보안(주),,,420191,6104100,,,,,,
정보통신,정보통신공사업,1998,"주식회사 유니원(UNIONE Co.,Ltd.)",,,311991,6102400,,,,,,
정보통신,정보통신공사업,1999,"주식회사 엠티씨엠 (MTCM Co.,Ltd)",,,202891,6102000,,,,,,
정보통신,정보통신공사업,2000,보람정보통신서비스(주),,,200333,6101000,,,,,,
정보통신,정보통신공사업,2001,(주)이현정보기술,,,120516,6096900,,,,,,
정보통신,정보통신공사업,2002,조아전자(주),,,150312,6094200,,,,,,
정보통신,정보통신공사업,2003,(주)마하사운드,,,202601,6091600,,,,,,
정보통신,정보통신공사업,2004,루컴즈씨엔에스 주식회사,,,310772,6090600,,,,,,
정보통신,정보통신공사업,2005,아이티인 주식회사,,,311673,6088600,,,,,,
정보통신,정보통신공사업,2006,연합정밀(주),,,410065,6087900,,,,,,
정보통신,정보통신공사업,2007,(주)대로정보통신,,,410152,6084000,,,,,,
정보통신,정보통신공사업,2008,(주)정우디지털,,,530290,6082000,,,,,,
정보통신,정보통신공사업,2009,주식회사 태온산업개발,,,510256,6081300,,,,,,
정보통신,정보통신공사업,2010,(주)한국에빅스,,,111835,6080400,,,,,,
정보통신,정보통신공사업,2011,주식회사 스타버킷,,,203501,6080100,,,,,,
정보통신,정보통신공사업,2012,주식회사 유환아이티,,,320033,6079500,,,,,,
정보통신,정보통신공사업,2013,주식회사 로아,,,111076,6079100,,,,,,
정보통신,정보통신공사업,2014,(주)아이원시스템,,,310514,6078400,,,,,,
정보통신,정보통신공사업,2015,(주)대성정보통신기술,,,112341,6078200,,,,,,
정보통신,정보통신공사업,2016,주식회사 씨에이에스,,,203262,6074700,,,,,,
정보통신,정보통신공사업,2017,이도테라원 주식회사 (YIDO TerraOne Inc.),,,440025,6073600,,,,,,
정보통신,정보통신공사업,2018,주식회사 인지테크,,,330207,6073400,,,,,,
정보통신,정보통신공사업,2019,(주)세인씨앤씨,,,112657,6072500,,,,,,
정보통신,정보통신공사업,2020,주식회사 태강,,,510219,6072200,,,,,,
정보통신,정보통신공사업,2021,아라정보기술 주식회사,,,320310,6066100,,,,,,
정보통신,정보통신공사업,2022,(주)티앤씨,,,330065,6061000,,,,,,
정보통신,정보통신공사업,2023,뉴인테크 주식회사,,,320380,6060400,,,,,,
정보통신,정보통신공사업,2024,(주)아신정보기술,,,120184,6058700,,,,,,
정보통신,정보통신공사업,2025,뉴아이텍 주식회사,,,312129,6058500,,,,,,
정보통신,정보통신공사업,2026,주식회사 지디시스,,,203627,6056800,,,,,,
정보통신,정보통신공사업,2027,(주)한진전력,,,550060,6056400,,,,,,
정보통신,정보통신공사업,2028,(주)에스앤티,,,311235,6054000,,,,,,
정보통신,정보통신공사업,2029,쓰리아이퓨처 주식회사,,,203431,6052200,,,,,,
정보통신,정보통신공사업,2030,룩스전기통신,,,120836,6052100,,,,,,
정보통신,정보통신공사업,2030,에스앤지텔레콤(주),,,620037,6052100,,,,,,
정보통신,정보통신공사업,2032,주식회사 티에스아이티,,,201193,6051000,,,,,,
정보통신,정보통신공사업,2033,주식회사 레이어스,,,200346,6049700,,,,,,
정보통신,정보통신공사업,2034,주식회사 아워스,,,130287,6048500,,,,,,
정보통신,정보통신공사업,2035,주식회사 차세대정보통신,,,430138,6047400,,,,,,
정보통신,정보통신공사업,2036,(주)아이티밸리,,,510037,6046000,,,,,,
정보통신,정보통신공사업,2037,(주)광영,,,130320,6045700,,,,,,
정보통신,정보통신공사업,2038,주식회사 부송,,,110478,6044700,,,,,,
정보통신,정보통신공사업,2039,주식회사 엔베스트,,,430023,6043400,,,,,,
정보통신,정보통신공사업,2040,(주)조흥테크,,,140034,6042000,,,,,,
정보통신,정보통신공사업,2041,지티에스솔루션즈(주),,,201732,6040700,,,,,,
정보통신,정보통신공사업,2042,주식회사 세기이엔지,,,630154,6038200,,,,,,
정보통신,정보통신공사업,2043,주식회사 대경이앤에스,,,130391,6037700,,,,,,
정보통신,정보통신공사업,2044,(주)나스콤,,,430064,6037400,,,,,,
정보통신,정보통신공사업,2045,상림종합전설(주),,,311977,6036300,,,,,,
정보통신,정보통신공사업,2046,(주)크루스텍,,,202635,6033400,,,,,,
정보통신,정보통신공사업,2047,지앤티네트웍스(주),,,120275,6032700,,,,,,
정보통신,정보통신공사업,2048,주식회사 이스온,,,202162,6029500,,,,,,
정보통신,정보통신공사업,2049,(주)이한엔에스,,,311869,6029100,,,,,,
정보통신,정보통신공사업,2050,주식회사 클라우데이타,,,203408,6022700,,,,,,
정보통신,정보통신공사업,2051,(주)아이티벨리,,,140457,6020200,,,,,,
정보통신,정보통신공사업,2052,(주)아이알디통신,,,202441,6019300,,,,,,
정보통신,정보통신공사업,2053,(주)라온아이엔씨,,,510469,6019000,,,,,,
정보통신,정보통신공사업,2054,주식회사 건담이엔씨,,,350310,6013200,,,,,,
정보통신,정보통신공사업,2055,케이엠티시스템 주식회사,,,610032,6013100,,,,,,
정보통신,정보통신공사업,2056,(주)시너젠,,,202774,6010800,,,,,,
정보통신,정보통신공사업,2057,(주)네트아이티,,,530175,6009200,,,,,,
정보통신,정보통신공사업,2058,주식회사 준성,,,350124,6006100,,,,,,
정보통신,정보통신공사업,2059,주식회사 천일,,,112889,6001100,,,,,,
정보통신,정보통신공사업,2060,(주)세원씨앤에스,,,140460,6000300,,,,,,
정보통신,정보통신공사업,2061,"주식회사 에이치케이(HK Co., Ltd.)",,,112844,6000000,,,,,,
정보통신,정보통신공사업,2061,(주)케이알산업,,,113030,6000000,,,,,,
정보통신,정보통신공사업,2063,(주)지엔아이테크,,,202029,5999500,,,,,,
정보통신,정보통신공사업,2064,(주)펜타콤씨엔씨,,,110860,5997300,,,,,,
정보통신,정보통신공사업,2065,주식회사 하이정보통신,,,550172,5996300,,,,,,
정보통신,정보통신공사업,2066,(주)비에스아이시스템,,,201224,5994800,,,,,,
정보통신,정보통신공사업,2067,청방네트웍스(주),,,120824,5994200,,,,,,
정보통신,정보통신공사업,2068,(주)스카이코어,,,202611,5991900,,,,,,
정보통신,정보통신공사업,2069,(사회복지법인)한국청각장애인복지회,,,200874,5991200,,,,,,
정보통신,정보통신공사업,2070,링크정보시스템(주),,,120780,5989000,,,,,,
정보통신,정보통신공사업,2071,주식회사 에스티알,,,540387,5988300,,,,,,
정보통신,정보통신공사업,2072,(주)조은커뮤니케이션,,,111582,5987500,,,,,,
정보통신,정보통신공사업,2073,주식회사 문형이엔씨,,,202809,5986800,,,,,,
정보통신,정보통신공사업,2074,한국토코넷(주),,,201180,5986300,,,,,,
정보통신,정보통신공사업,2075,(주)에이바이트,,,202720,5978500,,,,,,
정보통신,정보통신공사업,2076,(주)이엠테크,,,310549,5978200,,,,,,
정보통신,정보통신공사업,2077,(주)대성아이엔티,,,201739,5978100,,,,,,
정보통신,정보통신공사업,2078,(주)지오,,,110807,5974000,,,,,,
정보통신,정보통신공사업,2079,주식회사 케이엔티,,,550190,5970400,,,,,,
정보통신,정보통신공사업,2080,(주)디브이알씨앤씨,,,201241,5969500,,,,,,
정보통신,정보통신공사업,2081,(주)파란정보통신,,,430088,5967700,,,,,,
정보통신,정보통신공사업,2082,태광에스엠(주),,,201770,5967200,,,,,,
정보통신,정보통신공사업,2083,지티비(주),,,310616,5964500,,,,,,
정보통신,정보통신공사업,2084,(주)그루기술,,,201725,5960100,,,,,,
정보통신,정보통신공사업,2085,주식회사 뮤온시스템,,,330260,5958000,,,,,,
정보통신,정보통신공사업,2086,(주)이지웍스뉴미디어,,,350438,5957100,,,,,,
정보통신,정보통신공사업,2087,주식회사 대화이엔지,,,530124,5956400,,,,,,
정보통신,정보통신공사업,2088,사회적협동조합 나라사랑,,,311910,5954300,,,,,,
정보통신,정보통신공사업,2089,주식회사 네트컴시스템,,,202843,5952700,,,,,,
정보통신,정보통신공사업,2090,씨에스텔레콤(주),,,310033,5951100,,,,,,
정보통신,정보통신공사업,2091,주식회사 건양에스엔티,,,310535,5950600,,,,,,
정보통신,정보통신공사업,2092,(주)왓치캅,,,311145,5946900,,,,,,
정보통신,정보통신공사업,2093,(주)디지팍스,,,350180,5944300,,,,,,
정보통신,정보통신공사업,2094,(주)스파이어테크놀로지,,,311131,5942700,,,,,,
정보통신,정보통신공사업,2095,(주)신한개발,,,111192,5941300,,,,,,
정보통신,정보통신공사업,2096,(주)휴먼시스템,,,350010,5939200,,,,,,
정보통신,정보통신공사업,2097,(주)에스비에스에이앤티,,,110677,5937500,,,,,,
정보통신,정보통신공사업,2098,주식회사 아이에스앤로드테크,,,350207,5937400,,,,,,
정보통신,정보통신공사업,2099,(주)우진정보,,,112800,5935000,,,,,,
정보통신,정보통신공사업,2100,(주)링스텔레콤,,,630118,5932600,,,,,,
정보통신,정보통신공사업,2101,주식회사 제이엔디,,,420275,5926800,,,,,,
정보통신,정보통신공사업,2102,(주)케이폴,,,311770,5925800,,,,,,
정보통신,정보통신공사업,2102,주식회사 서광아이엔씨,,,610159,5925800,,,,,,
정보통신,정보통신공사업,2104,(주)카이네트웍스,,,202593,5921800,,,,,,
정보통신,정보통신공사업,2105,(주)유명통신,,,120402,5921000,,,,,,
정보통신,정보통신공사업,2106,우창전력(주),,,130410,5919000,,,,,,
정보통신,정보통신공사업,2107,주식회사 테이아인포,,,203940,5918500,,,,,,
정보통신,정보통신공사업,2108,주식회사 맥스아이티,,,203853,5916700,,,,,,
정보통신,정보통신공사업,2108,(주)호디,,,201148,5916700,,,,,,
정보통신,정보통신공사업,2110,(주)성우음향정보통신,,,112301,5912800,,,,,,
정보통신,정보통신공사업,2111,조이웰네트웍스(주),,,111374,5911500,,,,,,
정보통신,정보통신공사업,2112,태건에스앤아이(주),,,202425,5910300,,,,,,
정보통신,정보통신공사업,2113,(주)애니씨앤에스,,,113111,5910100,,,,,,
정보통신,정보통신공사업,2114,동광텔레콤(주),,,140084,5907700,,,,,,
정보통신,정보통신공사업,2115,(주)진성시스템,,,202143,5907100,,,,,,
정보통신,정보통신공사업,2116,(주)컴윌,,,510521,5903700,,,,,,
정보통신,정보통신공사업,2117,(주)하이브릿지정보통신,,,201648,5901900,,,,,,
정보통신,정보통신공사업,2118,주식회사 계룡아이씨티,,,130175,5900000,,,,,,
정보통신,정보통신공사업,2119,(주)블루나일네트웍스,,,350077,5899800,,,,,,
정보통신,정보통신공사업,2120,(주)한올정보통신,,,350112,5899400,,,,,,
정보통신,정보통신공사업,2121,(주)시큐어월,,,510468,5893600,,,,,,
정보통신,정보통신공사업,2122,(주)아이비리더스,,,202268,5893400,,,,,,
정보통신,정보통신공사업,2123,주식회사 진원정보,,,430117,5891700,,,,,,
정보통신,정보통신공사업,2124,(주)성림케이블,,,430078,5890900,,,,,,
정보통신,정보통신공사업,2125,화인정보기술(주),,,200928,5890100,,,,,,
정보통신,정보통신공사업,2126,주식회사 금산,,,111166,5889800,,,,,,
정보통신,정보통신공사업,2127,주식회사 이노벤텍,,,420341,5880700,,,,,,
정보통신,정보통신공사업,2128,우리씨티에스 주식회사 (WOORICTS Inc.),,,430298,5879700,,,,,,
정보통신,정보통신공사업,2129,(주)정보통신공사,,,140374,5879200,,,,,,
정보통신,정보통신공사업,2130,주식회사 진정보,,,430104,5878600,,,,,,
정보통신,정보통신공사업,2131,주식회사 유건네트웍스(Ugun Networks Inc.),,,312047,5878400,,,,,,
정보통신,정보통신공사업,2132,에스넷아이씨티(주),,,420238,5874400,,,,,,
정보통신,정보통신공사업,2133,주식회사 엔씨씨디지탈,,,202912,5874100,,,,,,
정보통신,정보통신공사업,2134,(유)제이씨기술정보통신,,,160225,5873700,,,,,,
정보통신,정보통신공사업,2135,(주)신우퍼스텍,,,200842,5873100,,,,,,
정보통신,정보통신공사업,2136,로버무트(주),,,201515,5872300,,,,,,
정보통신,정보통신공사업,2137,"주식회사 웨이버스(WAVUS Co,Ltd)",,,200125,5869200,,,,,,
정보통신,정보통신공사업,2138,(주)휴넷시스템,,,200024,5867800,,,,,,
정보통신,정보통신공사업,2139,"(주)에스앤디비즈(S＆D Biz Co.,Ltd)",,,200512,5867500,,,,,,
정보통신,정보통신공사업,2140,(주)대성오토텍,,,202449,5866000,,,,,,
정보통신,정보통신공사업,2141,(주)아이젠시스템즈,,,200918,5861500,,,,,,
정보통신,정보통신공사업,2142,서경정보통신(주),,,620129,5860200,,,,,,
정보통신,정보통신공사업,2143,국제시스템산업(주),,,113198,5857300,,,,,,
정보통신,정보통신공사업,2143,비콤시스템(주),,,170181,5857300,,,,,,
정보통신,정보통신공사업,2143,주식회사 윈스타비투비,,,203648,5857300,,,,,,
정보통신,정보통신공사업,2146,주식회사 미르종합건설,,,113425,5856700,,,,,,
정보통신,정보통신공사업,2147,주식회사 엠제이솔루션,,,530160,5854500,,,,,,
정보통신,정보통신공사업,2148,브이픽셀 주식회사,,,312398,5852100,,,,,,
정보통신,정보통신공사업,2149,(주)제이에스네트웍,,,310857,5847300,,,,,,
정보통신,정보통신공사업,2150,주식회사 위트콘,,,320411,5845700,,,,,,
정보통신,정보통신공사업,2151,데이타통신공사,,,140170,5843200,,,,,,
정보통신,정보통신공사업,2152,(주)유신테크,,,200927,5839400,,,,,,
정보통신,정보통신공사업,2153,"주식회사 키코 (KIKO Co.,Ltd.)",,,311011,5839200,,,,,,
정보통신,정보통신공사업,2154,애드넷정보통신(주),,,112720,5838800,,,,,,
정보통신,정보통신공사업,2155,(주)씨엔씨테크,,,540112,5835200,,,,,,
정보통신,정보통신공사업,2156,(주)비전,,,410252,5833600,,,,,,
정보통신,정보통신공사업,2157,(주)한맥정보기술,,,112400,5831200,,,,,,
정보통신,정보통신공사업,2158,(주)애니아이티,,,540297,5829600,,,,,,
정보통신,정보통신공사업,2159,(주)인펙비전,,,510074,5829000,,,,,,
정보통신,정보통신공사업,2160,(주)오라엔지니어링,,,320040,5828600,,,,,,
정보통신,정보통신공사업,2161,(주)지니트,,,320080,5828000,,,,,,
정보통신,정보통신공사업,2162,(주)콘웰,,,311750,5827000,,,,,,
정보통신,정보통신공사업,2163,주식회사 더넷,,,320436,5826300,,,,,,
정보통신,정보통신공사업,2164,신화에스앤씨 주식회사,,,330154,5824200,,,,,,
정보통신,정보통신공사업,2165,(주)반도전기통신,,,120289,5816900,,,,,,
정보통신,정보통신공사업,2166,주식회사 금강네트워크,,,630094,5815500,,,,,,
정보통신,정보통신공사업,2167,플러스테라 주식회사,,,540408,5810900,,,,,,
정보통신,정보통신공사업,2168,주식회사 일하아이티,,,204030,5809000,,,,,,
정보통신,정보통신공사업,2169,(주)일화통신,,,120162,5808000,,,,,,
정보통신,정보통신공사업,2170,모던웨이브(주),,,113386,5806000,,,,,,
정보통신,정보통신공사업,2171,(주)눈소프트,,,130364,5805800,,,,,,
정보통신,정보통신공사업,2172,(주)종성테크,,,200610,5805300,,,,,,
정보통신,정보통신공사업,2173,(주)신영티아이,,,550192,5803600,,,,,,
정보통신,정보통신공사업,2174,(주)영은시스템,,,310902,5803400,,,,,,
정보통신,정보통신공사업,2175,(주)두고테크,,,310868,5797000,,,,,,
정보통신,정보통신공사업,2176,(주)대명이엔지,,,620142,5796600,,,,,,
정보통신,정보통신공사업,2177,(주)신용아이엔씨,,,140254,5796400,,,,,,
정보통신,정보통신공사업,2178,엘글로벌 주식회사,,,620124,5792700,,,,,,
정보통신,정보통신공사업,2179,주식회사 경농,,,204094,5791600,,,,,,
정보통신,정보통신공사업,2180,한국씨텍(주),,,113382,5788300,,,,,,
정보통신,정보통신공사업,2181,(주)아이앤이,,,430079,5781600,,,,,,
정보통신,정보통신공사업,2182,(주)성민전기통신,,,202478,5779500,,,,,,
정보통신,정보통신공사업,2183,(주)앤다스,,,201307,5777400,,,,,,
정보통신,정보통신공사업,2184,주식회사 정광파워텍,,,312005,5775100,,,,,,
정보통신,정보통신공사업,2185,에이치에스화성 주식회사,,,150090,5773300,,,,,,
정보통신,정보통신공사업,2186,한국유체기술(주),,,530098,5770700,,,,,,
정보통신,정보통신공사업,2187,주식회사 동명시스템즈,,,310866,5769700,,,,,,
정보통신,정보통신공사업,2188,(주)남인정보통신,,,111593,5766500,,,,,,
정보통신,정보통신공사업,2189,케이아이에코시스템 주식회사,,,620381,5763000,,,,,,
정보통신,정보통신공사업,2190,주식회사 진도아이비에스,,,310254,5761200,,,,,,
정보통신,정보통신공사업,2191,동양통신(주),,,150050,5760500,,,,,,
정보통신,정보통신공사업,2192,주식회사 네오미디어,,,350429,5758900,,,,,,
정보통신,정보통신공사업,2193,이주씨스템(주),,,200515,5758200,,,,,,
정보통신,정보통신공사업,2194,(주)첫눈,,,630133,5758000,,,,,,
정보통신,정보통신공사업,2195,동화전자산업(주),,,111318,5757900,,,,,,
정보통신,정보통신공사업,2196,대연정보통신(주),,,550158,5756100,,,,,,
정보통신,정보통신공사업,2197,(주)고려다이나믹스,,,112863,5755300,,,,,,
정보통신,정보통신공사업,2198,주식회사 씨에쓰정보기술,,,203007,5749100,,,,,,
정보통신,정보통신공사업,2199,(주)해양무선,,,120232,5748400,,,,,,
정보통신,정보통신공사업,2200,(주)향수정보통신,,,430140,5747800,,,,,,
정보통신,정보통신공사업,2201,주식회사 아이엔(IN),,,540455,5743600,,,,,,
정보통신,정보통신공사업,2202,광명통신안전(주),,,201955,5742700,,,,,,
정보통신,정보통신공사업,2203,한빛통신 주식회사,,,410202,5740700,,,,,,
정보통신,정보통신공사업,2204,(주)에스지앤씨,,,130399,5739900,,,,,,
정보통신,정보통신공사업,2205,(주)엠브이씨앤에스,,,201928,5737900,,,,,,
정보통신,정보통신공사업,2206,(주)해일아이티,,,150004,5737800,,,,,,
정보통신,정보통신공사업,2207,주식회사 진아전력,,,530384,5737000,,,,,,
정보통신,정보통신공사업,2208,(주)아이티블럭,,,201794,5735800,,,,,,
정보통신,정보통신공사업,2209,(유)드림테크,,,630127,5735200,,,,,,
정보통신,정보통신공사업,2210,(주)아미넷,,,202232,5724900,,,,,,
정보통신,정보통신공사업,2211,(주)동아전업,,,120112,5724300,,,,,,
정보통신,정보통신공사업,2212,주식회사 태일솔루션,,,201698,5721400,,,,,,
정보통신,정보통신공사업,2213,"주식회사 에이치에스코리아 (HS Korea Co., Ltd.)",,,200907,5718100,,,,,,
정보통신,정보통신공사업,2213,대국테크놀로지(주),,,530154,5718100,,,,,,
정보통신,정보통신공사업,2215,(주)제이브이지,,,310581,5716300,,,,,,
정보통신,정보통신공사업,2216,주식회사 엔시드,,,311174,5712400,,,,,,
정보통신,정보통신공사업,2217,(주)인더텍,,,530018,5712200,,,,,,
정보통신,정보통신공사업,2218,(주)엠투엠솔루션,,,311479,5710800,,,,,,
정보통신,정보통신공사업,2219,(주)나래정보통신,,,310974,5706700,,,,,,
정보통신,정보통신공사업,2220,(주)유원아이씨티,,,320235,5704900,,,,,,
정보통신,정보통신공사업,2220,(주)애드텍,,,311269,5704900,,,,,,
정보통신,정보통신공사업,2222,(주)세움정보기술,,,540001,5701300,,,,,,
정보통신,정보통신공사업,2223,(주)다음정보기술,,,110891,5700600,,,,,,
정보통신,정보통신공사업,2224,가천씨앤텍(주),,,320219,5699100,,,,,,
정보통신,정보통신공사업,2225,(주)밝은정보통신,,,320231,5698100,,,,,,
정보통신,정보통신공사업,2226,주식회사 이음유앤아이,,,203705,5698000,,,,,,
정보통신,정보통신공사업,2226,(주)성보전력,,,540259,5698000,,,,,,
정보통신,정보통신공사업,2228,(주)케이네트,,,201283,5691800,,,,,,
정보통신,정보통신공사업,2229,(유)효성엔지니어링,,,140112,5687400,,,,,,
정보통신,정보통신공사업,2230,동양정보서비스 주식회사,,,202922,5686200,,,,,,
정보통신,정보통신공사업,2231,(주)라온정보통신,,,350403,5685700,,,,,,
정보통신,정보통신공사업,2232,(주)가을디에스,,,202651,5680800,,,,,,
정보통신,정보통신공사업,2233,(주)한국알파시스템,,,150644,5680500,,,,,,
정보통신,정보통신공사업,2234,주식회사 제이앤에이텔레콤,,,410359,5680100,,,,,,
정보통신,정보통신공사업,2235,(주)지엠케이정보통신,,,201660,5678900,,,,,,
정보통신,정보통신공사업,2236,(주)한빛인포텍,,,550292,5678500,,,,,,
정보통신,정보통신공사업,2237,(주)사운드코리아이엔지,,,201581,5677600,,,,,,
정보통신,정보통신공사업,2238,주식회사 에이블그리드,,,203143,5677200,,,,,,
정보통신,정보통신공사업,2239,주식회사 아인이앤텍(AIN electric&technology Co. Ltd),,,540365,5675700,,,,,,
정보통신,정보통신공사업,2240,주식회사 가람전력,,,312228,5674600,,,,,,
정보통신,정보통신공사업,2241,주식회사 화산엔지니어링,,,610167,5672500,,,,,,
정보통신,정보통신공사업,2242,주식회사 뉴엣지,,,203097,5669800,,,,,,
정보통신,정보통신공사업,2243,주식회사 한양아이앤디,,,350382,5668500,,,,,,
정보통신,정보통신공사업,2244,(주)한국에이브이,,,111783,5663100,,,,,,
정보통신,정보통신공사업,2245,(주)씨앤티콘트롤스,,,310173,5662000,,,,,,
정보통신,정보통신공사업,2246,(주)정원테크,,,330176,5659900,,,,,,
정보통신,정보통신공사업,2247,주식회사 씨앤아이테크,,,203697,5656300,,,,,,
정보통신,정보통신공사업,2248,(주)번계전,,,140187,5654300,,,,,,
정보통신,정보통신공사업,2249,(주)포네트,,,311667,5653700,,,,,,
정보통신,정보통신공사업,2250,(주)사운더스,,,201731,5652300,,,,,,
정보통신,정보통신공사업,2251,보령기전 주식회사,,,330239,5651900,,,,,,
정보통신,정보통신공사업,2252,주식회사 대은기전,,,620050,5647700,,,,,,
정보통신,정보통신공사업,2253,"주식회사 스마트씨앤아이(SmartCNI Co.,Ltd)",,,201022,5647000,,,,,,
정보통신,정보통신공사업,2254,주식회사 디에스앤지,,,203606,5644900,,,,,,
정보통신,정보통신공사업,2254,(주)두나우,,,520014,5644900,,,,,,
정보통신,정보통신공사업,2256,(주)경훈테크,,,440031,5644100,,,,,,
정보통신,정보통신공사업,2257,(주)삼신씨엔에스,,,310538,5643200,,,,,,
정보통신,정보통신공사업,2258,(주)미래엔시스,,,350061,5640500,,,,,,
정보통신,정보통신공사업,2259,주식회사 제주네트웍스,,,640122,5639600,,,,,,
정보통신,정보통신공사업,2260,(주)극동정보통신,,,130383,5638200,,,,,,
정보통신,정보통신공사업,2261,폴그린테크주식회사,,,200338,5637800,,,,,,
정보통신,정보통신공사업,2262,(주)지에스아이엔티,,,310707,5636900,,,,,,
정보통신,정보통신공사업,2263,도원아이앤씨(주),,,310440,5635900,,,,,,
정보통신,정보통신공사업,2264,주식회사 파로스,,,630198,5634800,,,,,,
정보통신,정보통신공사업,2265,(주)대아산업,,,520090,5630900,,,,,,
정보통신,정보통신공사업,2266,(주)새별네트웍스,,,200501,5630800,,,,,,
정보통신,정보통신공사업,2267,동영테크원(주),,,510029,5630200,,,,,,
정보통신,정보통신공사업,2268,아임스통신(주),,,200975,5628900,,,,,,
정보통신,정보통신공사업,2269,(주)창일정보통신,,,311420,5628600,,,,,,
정보통신,정보통신공사업,2270,주식회사 제이스텍,,,111926,5627900,,,,,,
정보통신,정보통신공사업,2271,서호전설 주식회사,,,410024,5627300,,,,,,
정보통신,정보통신공사업,2272,(주)카이져텍,,,200507,5626900,,,,,,
정보통신,정보통신공사업,2273,(주)에스엠플러스정보통신,,,201232,5626800,,,,,,
정보통신,정보통신공사업,2273,주식회사 엘케이에스텍(LKS TECH),,,311972,5626800,,,,,,
정보통신,정보통신공사업,2275,주식회사 에이맥스,,,200054,5626200,,,,,,
정보통신,정보통신공사업,2276,(주)부경네티존,,,120307,5620500,,,,,,
정보통신,정보통신공사업,2277,(주)신흥정보,,,420224,5619100,,,,,,
정보통신,정보통신공사업,2278,주식회사 으뜸정보기술,,,620283,5616500,,,,,,
정보통신,정보통신공사업,2278,(주)디케이엔지니어링,,,311243,5616500,,,,,,
정보통신,정보통신공사업,2280,"주식회사 우진이엔씨(WOOJIN ENC Co., Ltd.)",,,311365,5614800,,,,,,
정보통신,정보통신공사업,2281,(주)한일전자시스템,,,110651,5614600,,,,,,
정보통신,정보통신공사업,2282,"주식회사 시큐어포인트(SECUREPOINT CO.,LTD.)",,,203491,5614100,,,,,,
정보통신,정보통신공사업,2283,(주)비티컴퍼스,,,350158,5609500,,,,,,
정보통신,정보통신공사업,2284,(주)로드반,,,200178,5608600,,,,,,
정보통신,정보통신공사업,2285,"주식회사 에스에스아이코리아 (SSI KOREA CO.,LTD)",,,202447,5607800,,,,,,
정보통신,정보통신공사업,2286,(주)플러스씨엔씨,,,510621,5606500,,,,,,
정보통신,정보통신공사업,2287,(주)에이플러스아이티,,,111900,5604600,,,,,,
정보통신,정보통신공사업,2287,오픈정보기술(주),,,530189,5604600,,,,,,
정보통신,정보통신공사업,2289,주식회사 두잇(Do it),,,420348,5604000,,,,,,
정보통신,정보통신공사업,2290,주식회사 에이시에스,,,610228,5603300,,,,,,
정보통신,정보통신공사업,2291,(주)와이엠솔루션,,,420454,5601900,,,,,,
정보통신,정보통신공사업,2292,(주)화진정보통신,,,112942,5601000,,,,,,
정보통신,정보통신공사업,2293,(주)범영테크,,,180027,5599900,,,,,,
정보통신,정보통신공사업,2294,주식회사 에스아이씨,,,420033,5599500,,,,,,
정보통신,정보통신공사업,2295,(주)디엠파워,,,311569,5598800,,,,,,
정보통신,정보통신공사업,2296,(주)에프에스네트웍스,,,202360,5597900,,,,,,
정보통신,정보통신공사업,2297,주식회사 넥스트테크놀로지,,,203462,5597200,,,,,,
정보통신,정보통신공사업,2298,(주)코리아텔링크,,,510060,5594000,,,,,,
정보통신,정보통신공사업,2299,주식회사 순천오에이시스템,,,610151,5593600,,,,,,
정보통신,정보통신공사업,2300,(주)데이타콤,,,150317,5593300,,,,,,
정보통신,정보통신공사업,2301,대성정보통신(주),,,170184,5588700,,,,,,
정보통신,정보통신공사업,2302,유토피아정보기술(주),,,410003,5587200,,,,,,
정보통신,정보통신공사업,2303,남영통신 주식회사,,,150122,5585900,,,,,,
정보통신,정보통신공사업,2304,(주)보문테크닉스,,,202711,5583400,,,,,,
정보통신,정보통신공사업,2305,에널텍티엠에스(주),,,530276,5582000,,,,,,
정보통신,정보통신공사업,2306,코마스기술(주),,,530292,5581900,,,,,,
정보통신,정보통신공사업,2307,주식회사 솔루션즈온넷,,,330219,5581700,,,,,,
정보통신,정보통신공사업,2308,(주)이지시스템,,,540155,5581500,,,,,,
정보통신,정보통신공사업,2309,우경전기(주),,,420145,5580300,,,,,,
정보통신,정보통신공사업,2310,(주)온세이엔씨,,,311861,5579300,,,,,,
정보통신,정보통신공사업,2311,주식회사 일동에너텍,,,112810,5578400,,,,,,
정보통신,정보통신공사업,2312,재우일렉스 주식회사,,,311951,5575900,,,,,,
정보통신,정보통신공사업,2313,월드코어 주식회사,,,440072,5575400,,,,,,
정보통신,정보통신공사업,2314,전원정보통신(주),,,120494,5575000,,,,,,
정보통신,정보통신공사업,2315,주식회사 수호네트워크,,,350545,5574500,,,,,,
정보통신,정보통신공사업,2316,"주식회사 제이디케이에이티 (JDKAT Co., Ltd.)",,,203744,5574100,,,,,,
정보통신,정보통신공사업,2317,(주)윈테크,,,311594,5573300,,,,,,
정보통신,정보통신공사업,2318,(주)에디넷,,,510192,5571800,,,,,,
정보통신,정보통신공사업,2319,디피코어 주식회사,,,312054,5571400,,,,,,
정보통신,정보통신공사업,2320,주식회사 메타비전,,,620414,5569600,,,,,,
정보통신,정보통신공사업,2321,(주)비젼엔텍,,,201326,5567000,,,,,,
정보통신,정보통신공사업,2322,주식회사 감수,,,550395,5566700,,,,,,
정보통신,정보통신공사업,2323,주식회사 다인코어,,,420414,5565300,,,,,,
정보통신,정보통신공사업,2324,대상건설 주식회사,,,311242,5564700,,,,,,
정보통신,정보통신공사업,2325,(주)케이텍,,,540163,5563800,,,,,,
정보통신,정보통신공사업,2326,(주)원우전자,,,120606,5558300,,,,,,
정보통신,정보통신공사업,2327,주식회사 에이치제이엠(HJM),,,312009,5557000,,,,,,
정보통신,정보통신공사업,2328,(주)포엠넷,,,201557,5555800,,,,,,
정보통신,정보통신공사업,2329,주식회사 마이티시스템,,,350291,5553400,,,,,,
정보통신,정보통신공사업,2330,(주)성우씨앤엔,,,111720,5552900,,,,,,
정보통신,정보통신공사업,2331,(유)제일이엔지,,,330114,5552400,,,,,,
정보통신,정보통신공사업,2332,(주)우리티엔에스,,,200606,5551400,,,,,,
정보통신,정보통신공사업,2332,(주)다함정보통신,,,111005,5551400,,,,,,
정보통신,정보통신공사업,2334,현진테크 주식회사,,,610439,5551200,,,,,,
정보통신,정보통신공사업,2335,(주)킴스앤,,,202631,5550400,,,,,,
정보통신,정보통신공사업,2336,주식회사 서울음향,,,200717,5546400,,,,,,
정보통신,정보통신공사업,2337,주식회사 진메타,,,312238,5545700,,,,,,
정보통신,정보통신공사업,2338,이수건설(주),,,111383,5542000,,,,,,
정보통신,정보통신공사업,2339,한솔티엔씨(주),,,120339,5539700,,,,,,
정보통신,정보통신공사업,2340,주식회사 갑산전기,,,530314,5538900,,,,,,
정보통신,정보통신공사업,2341,(주)케이엔에스,,,510118,5536300,,,,,,
정보통신,정보통신공사업,2342,(주)가온정보통신,,,510307,5535600,,,,,,
정보통신,정보통신공사업,2343,(주)솔로몬기술단기술사사무소,,,201404,5534800,,,,,,
정보통신,정보통신공사업,2344,"주식회사 탄탄코어(TANTAN Core Co., Ltd.)",,,312217,5533000,,,,,,
정보통신,정보통신공사업,2345,주식회사 세이정보기술,,,420281,5532500,,,,,,
정보통신,정보통신공사업,2346,주식회사 바이다,,,203455,5532300,,,,,,
정보통신,정보통신공사업,2347,(주)대호아이티에스,,,111486,5531400,,,,,,
정보통신,정보통신공사업,2348,주식회사 비즈아이티,,,530298,5530800,,,,,,
정보통신,정보통신공사업,2349,(주)컴솔텍,,,510416,5529500,,,,,,
정보통신,정보통신공사업,2350,(주)포유네트웍스,,,200888,5527000,,,,,,
정보통신,정보통신공사업,2351,(주)덕성전기통신소방공사,,,150584,5526900,,,,,,
정보통신,정보통신공사업,2352,(주)유비쿼터스통신,,,140097,5525500,,,,,,
정보통신,정보통신공사업,2353,(주)동주통신,,,120643,5520400,,,,,,
정보통신,정보통신공사업,2354,(주)티아이에스,,,330041,5519600,,,,,,
정보통신,정보통신공사업,2355,주식회사 한길정보통신,,,550427,5518100,,,,,,
정보통신,정보통신공사업,2356,일신씨엔에스 주식회사,,,550351,5517100,,,,,,
정보통신,정보통신공사업,2357,"(주)키텔(Kitel Co.,Ltd)",,,111262,5516600,,,,,,
정보통신,정보통신공사업,2358,동진이앤씨(주),,,530127,5508800,,,,,,
정보통신,정보통신공사업,2359,주식회사 케파스,,,202874,5507500,,,,,,
정보통신,정보통신공사업,2360,아트에이브이(주),,,113354,5506100,,,,,,
정보통신,정보통신공사업,2361,(주)메트로콤,,,170059,5504400,,,,,,
정보통신,정보통신공사업,2362,주식회사 신우정보기술,,,120577,5502700,,,,,,
정보통신,정보통신공사업,2363,주식회사 제이디솔루션,,,203281,5501700,,,,,,
정보통신,정보통신공사업,2364,"주식회사 에코솔루션이앤지 (ECO SOLUTION ENG CO., Ltd)",,,510698,5500400,,,,,,
정보통신,정보통신공사업,2365,(주)다현정보통신,,,310287,5499200,,,,,,
정보통신,정보통신공사업,2366,(주)페타네트워크,,,201303,5494900,,,,,,
정보통신,정보통신공사업,2367,(주)아톰정보통신,,,410292,5494500,,,,,,
정보통신,정보통신공사업,2368,신우정보통신(주),,,112287,5493300,,,,,,
정보통신,정보통신공사업,2369,(주)비오더블테크놀로지,,,311051,5492300,,,,,,
정보통신,정보통신공사업,2370,최신정보통신,,,510190,5489500,,,,,,
정보통신,정보통신공사업,2371,티앤피 주식회사(TNP Inc.),,,530321,5489400,,,,,,
정보통신,정보통신공사업,2372,주식회사 성심정보기술,,,203816,5488700,,,,,,
정보통신,정보통신공사업,2373,(주)지구정보기술,,,112665,5486600,,,,,,
정보통신,정보통신공사업,2374,주식회사 우진티앤에스,,,203791,5486400,,,,,,
정보통신,정보통신공사업,2375,(주)세원정보시스템,,,320019,5484900,,,,,,
정보통신,정보통신공사업,2376,(주)무궁화전자,,,110304,5476900,,,,,,
정보통신,정보통신공사업,2377,신원전기통신(주),,,120397,5473900,,,,,,
정보통신,정보통신공사업,2378,삼성정보시스템(주),,,140192,5473300,,,,,,
정보통신,정보통신공사업,2379,주식회사 이노앤쏘,,,111045,5471000,,,,,,
정보통신,정보통신공사업,2380,(주)유엔터스,,,111747,5469200,,,,,,
정보통신,정보통신공사업,2381,(주)승아이엔티,,,170163,5468900,,,,,,
정보통신,정보통신공사업,2382,주식회사 까뮤이앤씨,,,120503,5467900,,,,,,
정보통신,정보통신공사업,2383,(주)베스트일렉트로닉스,,,200627,5465800,,,,,,
정보통신,정보통신공사업,2384,(주)삼은텔레콤,,,310165,5465600,,,,,,
정보통신,정보통신공사업,2385,(주)리드온,,,540137,5464400,,,,,,
정보통신,정보통신공사업,2386,강호정보통신(주),,,170106,5463800,,,,,,
정보통신,정보통신공사업,2386,(주)유일미디어,,,510323,5463800,,,,,,
정보통신,정보통신공사업,2388,(주)유에이썬,,,540149,5460400,,,,,,
정보통신,정보통신공사업,2389,드림정보통신(주),,,112344,5457100,,,,,,
정보통신,정보통신공사업,2389,(주)다솜이엔씨,,,200637,5457100,,,,,,
정보통신,정보통신공사업,2391,(주)바다에이앤티,,,200588,5451600,,,,,,
정보통신,정보통신공사업,2392,디토닉 주식회사,,,312073,5450700,,,,,,
정보통신,정보통신공사업,2393,(주)와이비네트웍스,,,440014,5450600,,,,,,
정보통신,정보통신공사업,2394,주식회사 다온이엔씨,,,320039,5440700,,,,,,
정보통신,정보통신공사업,2395,서광전기통신공사(주),,,130084,5438400,,,,,,
정보통신,정보통신공사업,2396,디비밸리(주),,,520101,5437700,,,,,,
정보통신,정보통신공사업,2397,주식회사 에프씨,,,200541,5437000,,,,,,
정보통신,정보통신공사업,2398,(주)지컴네트웍스,,,202297,5435600,,,,,,
정보통신,정보통신공사업,2399,(주)인스테크,,,440027,5435200,,,,,,
정보통신,정보통신공사업,2400,(주)씨앤텍,,,530102,5434100,,,,,,
정보통신,정보통신공사업,2401,(주)엔에스엔,,,350138,5433400,,,,,,
정보통신,정보통신공사업,2402,엔씨엔스페이스 주식회사,,,203108,5432400,,,,,,
정보통신,정보통신공사업,2403,에스지컴테크(주),,,311555,5432300,,,,,,
정보통신,정보통신공사업,2404,(주)베이스인네트웍스,,,112055,5429600,,,,,,
정보통신,정보통신공사업,2405,(주)동해정보통신,,,150165,5429500,,,,,,
정보통신,정보통신공사업,2406,(주)송화전기통신,,,110872,5429100,,,,,,
정보통신,정보통신공사업,2407,(주)트윅스정보통신,,,430214,5427400,,,,,,
정보통신,정보통신공사업,2408,주식회사 소담정보통신,,,203017,5420100,,,,,,
정보통신,정보통신공사업,2409,주식회사 다성씨엔씨,,,110031,5419700,,,,,,
정보통신,정보통신공사업,2410,주식회사 에스알시스템,,,202956,5417500,,,,,,
정보통신,정보통신공사업,2411,(주)와이드넷엔지니어링,,,110754,5417300,,,,,,
정보통신,정보통신공사업,2412,으뜸이앤씨(주),,,111605,5416600,,,,,,
정보통신,정보통신공사업,2413,(주)혜성테크윈,,,311600,5415800,,,,,,
정보통신,정보통신공사업,2414,주식회사 에스제이정보통신,,,420286,5415700,,,,,,
정보통신,정보통신공사업,2415,(주)에이제이월드,,,113196,5414500,,,,,,
정보통신,정보통신공사업,2416,주식회사 이노튜브,,,312305,5413700,,,,,,
정보통신,정보통신공사업,2417,주식회사 율이앤씨,,,202553,5413100,,,,,,
정보통신,정보통신공사업,2418,(주)에스에이치정보통신,,,410351,5411900,,,,,,
정보통신,정보통신공사업,2419,(주)엔와이인포텍,,,140247,5409600,,,,,,
정보통신,정보통신공사업,2420,디디텔레콤 주식회사,,,620253,5409500,,,,,,
정보통신,정보통신공사업,2421,주식회사 시온테크,,,630024,5407200,,,,,,
정보통신,정보통신공사업,2422,주식회사 동우이앤지,,,112584,5406700,,,,,,
정보통신,정보통신공사업,2423,(주)에스엠에이시스템,,,120588,5403000,,,,,,
정보통신,정보통신공사업,2424,코스믹전기통신(주),,,111299,5399700,,,,,,
정보통신,정보통신공사업,2425,(주)유비컴,,,620007,5398500,,,,,,
정보통신,정보통신공사업,2426,주식회사 엠아이에스피,,,203991,5397400,,,,,,
정보통신,정보통신공사업,2427,서광종합개발(주),,,110475,5396000,,,,,,
정보통신,정보통신공사업,2428,(주)도래정보시스템,,,111078,5395500,,,,,,
정보통신,정보통신공사업,2429,(주)신한이엔씨,,,530100,5395100,,,,,,
정보통신,정보통신공사업,2430,(주)장원,,,430039,5390400,,,,,,
정보통신,정보통신공사업,2431,크리스피드 주식회사,,,203356,5389500,,,,,,
정보통신,정보통신공사업,2432,주식회사 이앤알씨,,,312335,5386500,,,,,,
정보통신,정보통신공사업,2433,(주)해오름넷,,,110909,5386400,,,,,,
정보통신,정보통신공사업,2434,(주)진솔이앤지,,,112361,5386200,,,,,,
정보통신,정보통신공사업,2435,주식회사 큐디스,,,202841,5385400,,,,,,
정보통신,정보통신공사업,2436,(주)씨디에프,,,311389,5384400,,,,,,
정보통신,정보통신공사업,2437,대성네트웍스(주),,,150206,5383800,,,,,,
정보통신,정보통신공사업,2438,(주)유엔콘트롤,,,200148,5382500,,,,,,
정보통신,정보통신공사업,2439,주식회사 아이랜스테크놀러지,,,202884,5381400,,,,,,
정보통신,정보통신공사업,2440,(주)도원엔지니어링건축사사무소,,,130281,5379900,,,,,,
정보통신,정보통신공사업,2441,(주)이레테크,,,420138,5376500,,,,,,
정보통신,정보통신공사업,2442,(주)디즈넷,,,112929,5376400,,,,,,
정보통신,정보통신공사업,2443,진영텔레콤 주식회사,,,510383,5376200,,,,,,
정보통신,정보통신공사업,2444,월드정보통신(주),,,130510,5375700,,,,,,
정보통신,정보통신공사업,2445,(주)오투에이브이,,,150636,5373700,,,,,,
정보통신,정보통신공사업,2446,"세기미래기술 주식회사(SEGI FUTURE TECHNOLOGY CO., LTD.)",,,150410,5372600,,,,,,
정보통신,정보통신공사업,2447,우광기전(주),,,200384,5371300,,,,,,
정보통신,정보통신공사업,2448,유한회사 대명티앤에스,,,630282,5369300,,,,,,
정보통신,정보통신공사업,2449,(주)케이엔에스,,,530294,5366600,,,,,,
정보통신,정보통신공사업,2450,(주)온라인정보통신,,,200387,5364200,,,,,,
정보통신,정보통신공사업,2451,(주)이지엠시스템즈,,,202130,5361700,,,,,,
정보통신,정보통신공사업,2452,(주)재원텔레콤,,,112289,5359200,,,,,,
정보통신,정보통신공사업,2453,(주)삼미미디어,,,202418,5355500,,,,,,
정보통신,정보통신공사업,2454,주식회사 정수미디어,,,620268,5355000,,,,,,
정보통신,정보통신공사업,2455,주식회사 지티아이,,,420058,5352900,,,,,,
정보통신,정보통신공사업,2456,주식회사 아스카넷,,,420450,5351500,,,,,,
정보통신,정보통신공사업,2457,이룸유비쿼터스(주),,,200794,5351200,,,,,,
정보통신,정보통신공사업,2458,(주)에스티에스,,,620092,5349700,,,,,,
정보통신,정보통신공사업,2459,주식회사 삼성전기통신,,,530340,5348400,,,,,,
정보통신,정보통신공사업,2460,백마텔레콤(주),,,110317,5347200,,,,,,
정보통신,정보통신공사업,2461,(주)계명,,,311346,5346100,,,,,,
정보통신,정보통신공사업,2462,(주)에프알텍,,,112221,5346000,,,,,,
정보통신,정보통신공사업,2463,주식회사 테크윤,,,111814,5345300,,,,,,
정보통신,정보통신공사업,2464,남양정보통신(주),,,170187,5345100,,,,,,
정보통신,정보통신공사업,2465,주식회사 인드라텍,,,111436,5344100,,,,,,
정보통신,정보통신공사업,2466,삼아씨디에스 유한회사,,,201710,5343900,,,,,,
정보통신,정보통신공사업,2467,세영정보통신(주),,,540021,5341600,,,,,,
정보통신,정보통신공사업,2468,(주)지티엔지,,,620157,5339900,,,,,,
정보통신,정보통신공사업,2469,주식회사 아이티아이,,,530369,5336400,,,,,,
정보통신,정보통신공사업,2470,(주)청화텔레콤,,,320050,5333500,,,,,,
정보통신,정보통신공사업,2471,(주)리드텍,,,610078,5333000,,,,,,
정보통신,정보통신공사업,2472,(주)예원정보통신,,,430001,5331400,,,,,,
정보통신,정보통신공사업,2473,유한회사 에이치와이테크,,,160144,5329900,,,,,,
정보통신,정보통신공사업,2474,(주)대흥음향정보통신,,,130139,5329300,,,,,,
정보통신,정보통신공사업,2475,(주)티티네트웍스,,,202040,5327900,,,,,,
정보통신,정보통신공사업,2476,주식회사 해솔이에프씨,,,311670,5326900,,,,,,
정보통신,정보통신공사업,2477,(주)코럽시스템,,,310932,5325100,,,,,,
정보통신,정보통신공사업,2478,(주)원건설,,,430348,5324900,,,,,,
정보통신,정보통신공사업,2479,주식회사 양림테크놀러지,,,330295,5323300,,,,,,
정보통신,정보통신공사업,2480,레몬솔루션 주식회사,,,320200,5321400,,,,,,
정보통신,정보통신공사업,2481,(주)우주텔레콤,,,140281,5318500,,,,,,
정보통신,정보통신공사업,2482,주식회사 새온위성통신,,,440009,5316600,,,,,,
정보통신,정보통신공사업,2483,주식회사 모린정보기술,,,550332,5314700,,,,,,
정보통신,정보통신공사업,2484,주식회사 시온넷,,,550306,5314000,,,,,,
정보통신,정보통신공사업,2485,(주)투데이,,,530143,5313600,,,,,,
정보통신,정보통신공사업,2486,(주)오케이이엔씨,,,620084,5313000,,,,,,
정보통신,정보통신공사업,2487,남광토건(주),,,110074,5312100,,,,,,
정보통신,정보통신공사업,2488,주식회사 티알엘코리아,,,350443,5311000,,,,,,
정보통신,정보통신공사업,2489,(주)현진테크놀로지,,,510107,5308600,,,,,,
정보통신,정보통신공사업,2490,(주)대경산전,,,630067,5308200,,,,,,
정보통신,정보통신공사업,2491,앤드통신서비스 주식회사,,,520153,5306500,,,,,,
정보통신,정보통신공사업,2492,(주)태화아이티,,,510471,5303900,,,,,,
정보통신,정보통신공사업,2493,주식회사 아이엘,,,110875,5301400,,,,,,
정보통신,정보통신공사업,2494,주식회사 대유미디어시스템즈,,,311116,5301200,,,,,,
정보통신,정보통신공사업,2495,스마트인포(주),,,410183,5298500,,,,,,
정보통신,정보통신공사업,2496,제이엔텍 주식회사,,,420198,5298100,,,,,,
정보통신,정보통신공사업,2497,(주)에슬론통신,,,620079,5297900,,,,,,
정보통신,정보통신공사업,2498,(주)비엔솔루트,,,201668,5294100,,,,,,
정보통신,정보통신공사업,2499,대신네트웍스(주),,,111004,5290300,,,,,,
정보통신,정보통신공사업,2500,화인정보통신(주),,,110045,5289000,,,,,,
정보통신,정보통신공사업,2501,(주)동림티엔에스,,,520058,5287100,,,,,,
정보통신,정보통신공사업,2502,(주)인컴에스엔,,,113360,5283700,,,,,,
정보통신,정보통신공사업,2503,주식회사 에이원,,,610215,5283200,,,,,,
정보통신,정보통신공사업,2504,주식회사 명선정보기술,,,311838,5280700,,,,,,
정보통신,정보통신공사업,2505,새론정보통신,,,330019,5277800,,,,,,
정보통신,정보통신공사업,2506,주식회사 정도산업,,,320096,5277600,,,,,,
정보통신,정보통신공사업,2507,(주)파이널위즈,,,113271,5277400,,,,,,
정보통신,정보통신공사업,2508,주식회사 제니앤시스템즈,,,111264,5277100,,,,,,
정보통신,정보통신공사업,2509,주식회사 소트시스템,,,312079,5273000,,,,,,
정보통신,정보통신공사업,2510,(주)타치온네트웍스,,,311040,5271200,,,,,,
정보통신,정보통신공사업,2511,영복통신(주),,,540050,5266800,,,,,,
정보통신,정보통신공사업,2512,주식회사 운강,,,610364,5265700,,,,,,
정보통신,정보통신공사업,2513,한빛기술,,,150664,5263900,,,,,,
정보통신,정보통신공사업,2514,(주)이너스시스템,,,311584,5263700,,,,,,
정보통신,정보통신공사업,2515,(주)마임정보기술,,,200296,5263500,,,,,,
정보통신,정보통신공사업,2516,(주)오엠에스시스템,,,111459,5262300,,,,,,
정보통신,정보통신공사업,2517,주식회사 제이아이앤티,,,203315,5261200,,,,,,
정보통신,정보통신공사업,2518,(주)메이사운드,,,202192,5261100,,,,,,
정보통신,정보통신공사업,2519,주식회사 우정산업테크,,,550234,5260300,,,,,,
정보통신,정보통신공사업,2520,엘이디플러스 주식회사,,,350439,5259700,,,,,,
정보통신,정보통신공사업,2521,(주)진성정보통신,,,320142,5259300,,,,,,
정보통신,정보통신공사업,2522,(주)아이정보기술,,,111794,5258900,,,,,,
정보통신,정보통신공사업,2523,(주)리버스톤미디어,,,310942,5257800,,,,,,
정보통신,정보통신공사업,2524,(주)오성에스이엠,,,111235,5256000,,,,,,
정보통신,정보통신공사업,2525,주식회사 도경,,,350491,5255800,,,,,,
정보통신,정보통신공사업,2526,주식회사 지우넷,,,320369,5255300,,,,,,
정보통신,정보통신공사업,2527,광운전자통신공사,,,111790,5253200,,,,,,
정보통신,정보통신공사업,2528,주식회사 아임톡,,,550049,5253100,,,,,,
정보통신,정보통신공사업,2529,시온정보통신(주),,,111424,5253000,,,,,,
정보통신,정보통신공사업,2530,(주)글로벌넷,,,330006,5252100,,,,,,
정보통신,정보통신공사업,2531,주식회사 하이디앤지,,,201439,5248300,,,,,,
정보통신,정보통신공사업,2531,투앤원정보통신(주),,,202302,5248300,,,,,,
정보통신,정보통신공사업,2533,(주)지엔티,,,111196,5247000,,,,,,
정보통신,정보통신공사업,2534,아이피119정보통신 주식회사,,,203327,5245400,,,,,,
정보통신,정보통신공사업,2535,다담마이크로 주식회사,,,312528,5242000,,,,,,
정보통신,정보통신공사업,2536,(주)루시드네트웍스,,,312019,5240900,,,,,,
정보통신,정보통신공사업,2537,(주)산들네트웍스,,,610005,5239700,,,,,,
정보통신,정보통신공사업,2537,주식회사 아우라네트웍,,,202920,5239700,,,,,,
정보통신,정보통신공사업,2539,주식회사 등대씨엔씨,,,202609,5236900,,,,,,
정보통신,정보통신공사업,2540,주식회사 나노테크,,,110493,5236700,,,,,,
정보통신,정보통신공사업,2541,(주)이화정보통신,,,310830,5236500,,,,,,
정보통신,정보통신공사업,2542,(주)예흥정보통신,,,130101,5236100,,,,,,
정보통신,정보통신공사업,2543,국제시스템(주),,,120558,5235400,,,,,,
정보통신,정보통신공사업,2544,(주)에스제이정보기술,,,311331,5232600,,,,,,
정보통신,정보통신공사업,2545,주식회사 화진,,,112353,5231600,,,,,,
정보통신,정보통신공사업,2546,주식회사 쇼앤프루브,,,350496,5231200,,,,,,
정보통신,정보통신공사업,2547,(주)한소리,,,310602,5228600,,,,,,
정보통신,정보통신공사업,2548,주식회사 미디어웍스,,,640121,5228300,,,,,,
정보통신,정보통신공사업,2549,주식회사 려,,,130339,5221000,,,,,,
정보통신,정보통신공사업,2550,이리텔레콤(주),,,140091,5220000,,,,,,
정보통신,정보통신공사업,2551,(주)라이크소프트,,,420463,5219200,,,,,,
정보통신,정보통신공사업,2552,(주)합동전자산업,,,111784,5218400,,,,,,
정보통신,정보통신공사업,2553,(주)태주이엔지,,,111054,5217900,,,,,,
정보통신,정보통신공사업,2554,(주)한양이앤시,,,140129,5217700,,,,,,
정보통신,정보통신공사업,2555,(주)두원네트워크,,,310049,5215200,,,,,,
정보통신,정보통신공사업,2556,영진종합건설(주),,,540300,5213300,,,,,,
정보통신,정보통신공사업,2557,(주)인넷,,,120722,5206700,,,,,,
정보통신,정보통신공사업,2558,주식회사 서보,,,311052,5206200,,,,,,
정보통신,정보통신공사업,2559,(주)성혜정보통신,,,311353,5203200,,,,,,
정보통신,정보통신공사업,2560,(주)효성파워택,,,120438,5200900,,,,,,
정보통신,정보통신공사업,2561,대방산업개발 주식회사,,,203674,5200500,,,,,,
정보통신,정보통신공사업,2561,주식회사 더마크,,,350405,5200500,,,,,,
정보통신,정보통신공사업,2563,(주)아리시스,,,200480,5198200,,,,,,
정보통신,정보통신공사업,2564,유진전기(주),,,311591,5197600,,,,,,
정보통신,정보통신공사업,2565,두레에스텍(주),,,201667,5196400,,,,,,
정보통신,정보통신공사업,2566,(주)부광네트워크,,,110576,5194400,,,,,,
정보통신,정보통신공사업,2567,(주)왈도시스템,,,200904,5194000,,,,,,
정보통신,정보통신공사업,2568,남양건설(주),,,140071,5193500,,,,,,
정보통신,정보통신공사업,2568,(주)다온에스디,,,202231,5193500,,,,,,
정보통신,정보통신공사업,2570,(주)뉴콤,,,200378,5189500,,,,,,
정보통신,정보통신공사업,2571,주식회사 코넨컴즈,,,203703,5188500,,,,,,
정보통신,정보통신공사업,2572,주식회사 에스앤아이코퍼레이션 (S&I Corp.),,,200443,5187200,,,,,,
정보통신,정보통신공사업,2573,(주)대호씨앤씨,,,200482,5186800,,,,,,
정보통신,정보통신공사업,2573,(주)신한오엔씨,,,310150,5186800,,,,,,
정보통신,정보통신공사업,2575,(주)하나다,,,430233,5183700,,,,,,
정보통신,정보통신공사업,2575,주식회사 휴앤소프트,,,112921,5183700,,,,,,
정보통신,정보통신공사업,2577,(유)인켈정보통신,,,610238,5182600,,,,,,
정보통신,정보통신공사업,2578,(유)신아종합,,,120358,5180900,,,,,,
정보통신,정보통신공사업,2579,(주)다성아이앤에스,,,112755,5180600,,,,,,
정보통신,정보통신공사업,2580,주식회사 나래정보통신,,,350044,5178500,,,,,,
정보통신,정보통신공사업,2580,(주)경북정보통신,,,150367,5178500,,,,,,
정보통신,정보통신공사업,2582,(주)센코,,,310948,5178400,,,,,,
정보통신,정보통신공사업,2582,"주식회사 이젬코(eGemco Co., Ltd.)",,,203644,5178400,,,,,,
정보통신,정보통신공사업,2584,에이치씨테크(주),,,150689,5177900,,,,,,
정보통신,정보통신공사업,2585,주식회사 넷세이프(Netsafe Inc.),,,204150,5176000,,,,,,
정보통신,정보통신공사업,2586,(주)씨노텍,,,320136,5174700,,,,,,
정보통신,정보통신공사업,2587,(주)인씨스,,,311239,5174000,,,,,,
정보통신,정보통신공사업,2588,근남정보기술 주식회사,,,630180,5172400,,,,,,
정보통신,정보통신공사업,2589,인터엠미디어(주),,,140186,5170300,,,,,,
정보통신,정보통신공사업,2590,인강오디오 주식회사,,,202855,5168900,,,,,,
정보통신,정보통신공사업,2591,(주)이투워크솔루션,,,201691,5168100,,,,,,
정보통신,정보통신공사업,2592,주식회사 경인정보통신,,,203577,5167000,,,,,,
정보통신,정보통신공사업,2593,(주)한국정보통신,,,630006,5166600,,,,,,
정보통신,정보통신공사업,2594,주식회사 한빛정보통신,,,200979,5166100,,,,,,
정보통신,정보통신공사업,2595,주식회사 유한테크,,,350338,5165200,,,,,,
정보통신,정보통신공사업,2596,유넷시스(주),,,201726,5162900,,,,,,
정보통신,정보통신공사업,2597,(주)화성통신,,,150059,5162500,,,,,,
정보통신,정보통신공사업,2598,(주)엘케이시스코,,,202076,5160800,,,,,,
정보통신,정보통신공사업,2599,(주)아이비즈,,,550018,5157700,,,,,,
정보통신,정보통신공사업,2600,오엔씨네트웍스(주),,,111629,5157300,,,,,,
정보통신,정보통신공사업,2601,(주)메가정보통신,,,140455,5156200,,,,,,
정보통신,정보통신공사업,2602,관동OA정보통신,,,170197,5155500,,,,,,
정보통신,정보통신공사업,2603,(주)뉴콤시스,,,311632,5155200,,,,,,
정보통신,정보통신공사업,2604,주영통신,,,540273,5153000,,,,,,
정보통신,정보통신공사업,2605,도드람정보기술(주),,,112923,5152700,,,,,,
정보통신,정보통신공사업,2606,새한에이브이텍(주),,,112071,5151100,,,,,,
정보통신,정보통신공사업,2607,사단법인 한국사회적일자리개발원,,,311495,5149900,,,,,,
정보통신,정보통신공사업,2608,주식회사 스마트시큐리티,,,550348,5149500,,,,,,
정보통신,정보통신공사업,2609,(주)대해전기통신,,,350125,5148200,,,,,,
정보통신,정보통신공사업,2610,아이에스동서(주),,,550080,5144000,,,,,,
정보통신,정보통신공사업,2611,주식회사 링크로드,,,550310,5142900,,,,,,
정보통신,정보통신공사업,2612,주식회사 마글론이에프씨,,,203474,5140900,,,,,,
정보통신,정보통신공사업,2613,(주)오앤씨테크,,,310818,5138800,,,,,,
정보통신,정보통신공사업,2614,주식회사 운경,,,140241,5133400,,,,,,
정보통신,정보통신공사업,2615,주식회사 케이엔엔,,,510717,5132800,,,,,,
정보통신,정보통신공사업,2616,(주)인스웨어,,,201483,5130700,,,,,,
정보통신,정보통신공사업,2617,(주)하남통신,,,110502,5129700,,,,,,
정보통신,정보통신공사업,2618,엠앨캐스트(주),,,200385,5129300,,,,,,
정보통신,정보통신공사업,2619,(주)아이티앤씨,,,201414,5128000,,,,,,
정보통신,정보통신공사업,2620,해강정보통신(주),,,170073,5125900,,,,,,
정보통신,정보통신공사업,2621,주식회사 세이콘,,,202283,5123300,,,,,,
정보통신,정보통신공사업,2622,주식회사 하영기업,,,550502,5122400,,,,,,
정보통신,정보통신공사업,2623,"주식회사 케이쓰리아이(K3I. Co., Ltd.)",,,420486,5121800,,,,,,
정보통신,정보통신공사업,2624,올넷피아(주),,,550142,5121200,,,,,,
정보통신,정보통신공사업,2625,에프티(주),,,150670,5121000,,,,,,
정보통신,정보통신공사업,2626,주식회사 구성이엔씨,,,140004,5120500,,,,,,
정보통신,정보통신공사업,2627,(주)엠텍정보통신공사,,,120038,5118700,,,,,,
정보통신,정보통신공사업,2628,주식회사 퍼스트넷,,,610270,5115400,,,,,,
정보통신,정보통신공사업,2629,피에스텍(주),,,201532,5114600,,,,,,
정보통신,정보통신공사업,2629,주식회사 디에스테크놀러지,,,550311,5114600,,,,,,
정보통신,정보통신공사업,2631,건웅정보통신(주),,,111232,5114400,,,,,,
정보통신,정보통신공사업,2632,주식회사 아이에스디앤피,,,202840,5114300,,,,,,
정보통신,정보통신공사업,2633,주식회사 보금,,,550141,5112500,,,,,,
정보통신,정보통신공사업,2634,주식회사 칸씨앤에스,,,202400,5110700,,,,,,
정보통신,정보통신공사업,2635,(주)하이게인안테나,,,110227,5110200,,,,,,
정보통신,정보통신공사업,2636,혜윰이엔씨 주식회사,,,202292,5109000,,,,,,
정보통신,정보통신공사업,2637,(주)세명에스엠지,,,200045,5104200,,,,,,
정보통신,정보통신공사업,2638,(주)오성텔레콤,,,510390,5103200,,,,,,
정보통신,정보통신공사업,2639,(주)씨제이텔레콤,,,112340,5100000,,,,,,
정보통신,정보통신공사업,2640,주식회사 새롬정보기술,,,310845,5099100,,,,,,
정보통신,정보통신공사업,2641,(주)샘물정보통신,,,311908,5098300,,,,,,
정보통신,정보통신공사업,2642,(주)사운드플레이스,,,202318,5096800,,,,,,
정보통신,정보통신공사업,2643,주식회사 케이에이치정보통신,,,203227,5096700,,,,,,
정보통신,정보통신공사업,2643,디유씨앤아이티(유),,,610024,5096700,,,,,,
정보통신,정보통신공사업,2645,주성전기통신(주),,,540024,5095200,,,,,,
정보통신,정보통신공사업,2646,(주)대보,,,140244,5089500,,,,,,
정보통신,정보통신공사업,2647,주식회사 천호정보통신,,,311348,5089000,,,,,,
정보통신,정보통신공사업,2648,(주)인포월드,,,201658,5087800,,,,,,
정보통신,정보통신공사업,2649,주식회사 티엔에스솔루션,,,203232,5087100,,,,,,
정보통신,정보통신공사업,2650,주식회사 알앤에이시스템,,,320483,5083500,,,,,,
정보통신,정보통신공사업,2651,삼덕이엔티 주식회사,,,311624,5080300,,,,,,
정보통신,정보통신공사업,2652,주식회사 대호이엔지,,,610276,5076600,,,,,,
정보통신,정보통신공사업,2653,주식회사 이레정보통신,,,111717,5075400,,,,,,
정보통신,정보통신공사업,2654,(주)씨엠,,,410013,5075300,,,,,,
정보통신,정보통신공사업,2655,주식회사 에스비텍,,,330177,5074800,,,,,,
정보통신,정보통신공사업,2656,장원씨앤아이 주식회사,,,530453,5074600,,,,,,
정보통신,정보통신공사업,2657,(주)세아네트웍스,,,110368,5072700,,,,,,
정보통신,정보통신공사업,2658,(주)인포마인드,,,640021,5072400,,,,,,
정보통신,정보통신공사업,2659,주식회사 디제이파워,,,203300,5070500,,,,,,
정보통신,정보통신공사업,2660,"주식회사 직방(ZIGBANG Co., Ltd.)",,,203620,5069800,,,,,,
정보통신,정보통신공사업,2661,"씨큐리티 주식회사(CECURITI Co.,Ltd)",,,202829,5069500,,,,,,
정보통신,정보통신공사업,2662,주식회사 매사,,,203196,5069300,,,,,,
정보통신,정보통신공사업,2663,새한정보통신,,,120467,5068400,,,,,,
정보통신,정보통신공사업,2664,(주)세나텍,,,201633,5066200,,,,,,
정보통신,정보통신공사업,2665,"주식회사 앤로보틱스 (NRobotics Co., Ltd.)",,,310448,5066100,,,,,,
정보통신,정보통신공사업,2666,한담건설(주),,,110299,5066000,,,,,,
정보통신,정보통신공사업,2667,(주)대경통신,,,110883,5065400,,,,,,
정보통신,정보통신공사업,2668,주식회사 하이브웍스,,,312266,5064700,,,,,,
정보통신,정보통신공사업,2669,(주)유진솔루션,,,112620,5064600,,,,,,
정보통신,정보통신공사업,2670,주이스 주식회사,,,204119,5063500,,,,,,
정보통신,정보통신공사업,2671,주식회사 아남아이티,,,530239,5061500,,,,,,
정보통신,정보통신공사업,2672,(주)에스씨정보통신,,,311870,5060200,,,,,,
정보통신,정보통신공사업,2673,(주)제이씨정보통신,,,130107,5059500,,,,,,
정보통신,정보통신공사업,2674,주식회사 대경무선통신,,,120329,5059300,,,,,,
정보통신,정보통신공사업,2674,주식회사 지원방송(Gangwon No.1 Broadcasting Co.),,,330129,5059300,,,,,,
정보통신,정보통신공사업,2676,일광전설(주),,,130025,5058600,,,,,,
정보통신,정보통신공사업,2677,천연테크놀러지,,,610189,5057400,,,,,,
정보통신,정보통신공사업,2678,(주)경봉,,,550187,5055300,,,,,,
정보통신,정보통신공사업,2679,"주식회사 엠제이비전테크(MJVisionTech Co.,Ltd.)",,,530334,5052400,,,,,,
정보통신,정보통신공사업,2680,주식회사 요타,,,420424,5047500,,,,,,
정보통신,정보통신공사업,2681,주식회사 쌍용소프트웨어,,,620284,5046000,,,,,,
정보통신,정보통신공사업,2682,뉴테크원,,,311790,5043500,,,,,,
정보통신,정보통신공사업,2683,(주)경원통신건설,,,160049,5041800,,,,,,
정보통신,정보통신공사업,2684,(주)경동정보기술,,,150604,5041000,,,,,,
정보통신,정보통신공사업,2685,(주)구주네트웍,,,201309,5039300,,,,,,
정보통신,정보통신공사업,2686,아라텔레콤(유),,,620046,5037900,,,,,,
정보통신,정보통신공사업,2687,(주)강인정보통신,,,113057,5037600,,,,,,
정보통신,정보통신공사업,2688,(주)신성에스아이,,,150221,5036600,,,,,,
정보통신,정보통신공사업,2689,주식회사 아이비피,,,203043,5035900,,,,,,
정보통신,정보통신공사업,2690,(주)맑은기술,,,202512,5035100,,,,,,
정보통신,정보통신공사업,2691,주식회사 범무시스템,,,203142,5034500,,,,,,
정보통신,정보통신공사업,2692,(주)삼성오토홈시스템,,,530172,5033800,,,,,,
정보통신,정보통신공사업,2693,주식회사 아이티아이비전,,,203019,5033000,,,,,,
정보통신,정보통신공사업,2694,(주)경원시스템,,,610117,5032900,,,,,,
정보통신,정보통신공사업,2695,(주)다원코리아,,,540214,5031100,,,,,,
정보통신,정보통신공사업,2696,청명(주),,,610253,5030400,,,,,,
정보통신,정보통신공사업,2696,한성건설(주),,,410301,5030400,,,,,,
정보통신,정보통신공사업,2698,(주)동원시스템,,,150341,5029500,,,,,,
정보통신,정보통신공사업,2698,(주)비트엔,,,200483,5029500,,,,,,
정보통신,정보통신공사업,2700,주식회사 은하,,,311425,5027700,,,,,,
정보통신,정보통신공사업,2701,(주)한승,,,311071,5023700,,,,,,
정보통신,정보통신공사업,2702,현대파워텍(주),,,111180,5020700,,,,,,
정보통신,정보통신공사업,2703,(주)이넷시스,,,200844,5018100,,,,,,
정보통신,정보통신공사업,2704,창조정보통신,,,120016,5014400,,,,,,
정보통신,정보통신공사업,2705,주아정보 주식회사,,,550283,5013900,,,,,,
정보통신,정보통신공사업,2706,주식회사 코베트,,,540394,5013500,,,,,,
정보통신,정보통신공사업,2707,(주)이미넷,,,202052,5012900,,,,,,
정보통신,정보통신공사업,2708,유한회사 시영,,,630104,5012700,,,,,,
정보통신,정보통신공사업,2709,(주)한포넷,,,200612,5010400,,,,,,
정보통신,정보통신공사업,2710,유한회사 스마트21,,,620374,5009800,,,,,,
정보통신,정보통신공사업,2711,(주)엔클라우드,,,330148,5007800,,,,,,
정보통신,정보통신공사업,2712,유한회사 에스티원,,,630204,5007000,,,,,,
정보통신,정보통신공사업,2713,(주)시큐렉스,,,202166,5006800,,,,,,
정보통신,정보통신공사업,2714,(주)그린이지,,,540313,5005900,,,,,,
정보통신,정보통신공사업,2715,주식회사 인콤,,,200279,5001600,,,,,,
정보통신,정보통신공사업,2716,(주)조양,,,430085,5000100,,,,,,
정보통신,정보통신공사업,2717,케이투웹테크(주),,,201642,4999200,,,,,,
정보통신,정보통신공사업,2718,대신아이씨티(주),,,610136,4997600,,,,,,
정보통신,정보통신공사업,2719,(주)디지텍코리아,,,311344,4996200,,,,,,
정보통신,정보통신공사업,2720,(주)씨티아이앤씨,,,311171,4994900,,,,,,
정보통신,정보통신공사업,2721,세종하이텍(주),,,610074,4994500,,,,,,
정보통신,정보통신공사업,2722,주식회사 케이비티정보통신,,,202325,4992000,,,,,,
정보통신,정보통신공사업,2723,노드링크(주),,,200156,4986100,,,,,,
정보통신,정보통신공사업,2724,(주)한빛에스아이,,,202606,4985300,,,,,,
정보통신,정보통신공사업,2725,주식회사 하이텍이엔지,,,410364,4984500,,,,,,
정보통신,정보통신공사업,2726,해유건설 주식회사,,,410206,4984100,,,,,,
정보통신,정보통신공사업,2727,(주)멕서스,,,202770,4983200,,,,,,
정보통신,정보통신공사업,2728,(주)시스매니아,,,310117,4983100,,,,,,
정보통신,정보통신공사업,2729,동천하이테크(주),,,420169,4982500,,,,,,
정보통신,정보통신공사업,2730,(주)벤처씨엔씨프라자,,,201799,4982400,,,,,,
정보통신,정보통신공사업,2731,주식회사 티사이언티픽,,,201442,4981600,,,,,,
정보통신,정보통신공사업,2732,주식회사 엠에스코리아,,,311885,4980700,,,,,,
정보통신,정보통신공사업,2733,(주)삼원텔레콤,,,160115,4980100,,,,,,
정보통신,정보통신공사업,2734,주식회사 아트원테크,,,320233,4978900,,,,,,
정보통신,정보통신공사업,2734,주식회사 휴라,,,420321,4978900,,,,,,
정보통신,정보통신공사업,2736,유닉디지털(주),,,320127,4978300,,,,,,
정보통신,정보통신공사업,2737,주식회사 아이씨티,,,610235,4977400,,,,,,
정보통신,정보통신공사업,2738,현대아이티에스전자(주),,,201052,4977000,,,,,,
정보통신,정보통신공사업,2739,(주)아바비젼,,,310925,4975000,,,,,,
정보통신,정보통신공사업,2740,(주)이디엔텍,,,200444,4971400,,,,,,
정보통신,정보통신공사업,2741,(주)데이타솔루션,,,530067,4969700,,,,,,
정보통신,정보통신공사업,2742,(주)프로텍,,,620018,4968600,,,,,,
정보통신,정보통신공사업,2743,(주)제나드이엔씨,,,311384,4968400,,,,,,
정보통신,정보통신공사업,2744,주식회사로스텍,,,310247,4967800,,,,,,
정보통신,정보통신공사업,2745,주식회사 유엔아이티,,,420338,4967300,,,,,,
정보통신,정보통신공사업,2746,주식회사 에이스전기통신,,,180078,4965900,,,,,,
정보통신,정보통신공사업,2747,(주)티에프오네트웍스,,,510264,4964400,,,,,,
정보통신,정보통신공사업,2748,(주)아이티아이에스,,,130433,4963800,,,,,,
정보통신,정보통신공사업,2749,에이치피씨코리아 주식회사,,,420287,4959700,,,,,,
정보통신,정보통신공사업,2750,(주)한영기전,,,610240,4958800,,,,,,
정보통신,정보통신공사업,2751,(유)비츠,,,160100,4957900,,,,,,
정보통신,정보통신공사업,2752,"엘에스일렉트릭 주식회사(LS ELECTRIC Co., Ltd.)",,,110331,4957000,,,,,,
정보통신,정보통신공사업,2753,(주)디에스티,,,530328,4956400,,,,,,
정보통신,정보통신공사업,2754,주식회사 아이엠시티,,,630215,4955400,,,,,,
정보통신,정보통신공사업,2755,(주)오엔에스,,,202743,4954300,,,,,,
정보통신,정보통신공사업,2756,주식회사 제주아이티엘,,,640167,4953900,,,,,,
정보통신,정보통신공사업,2757,(주)옵티링크,,,140304,4953600,,,,,,
정보통신,정보통신공사업,2758,(주)탑네트웍스,,,510372,4953200,,,,,,
정보통신,정보통신공사업,2759,옵티시스(주),,,311538,4953100,,,,,,
정보통신,정보통신공사업,2760,대한정보통신,,,150603,4952800,,,,,,
정보통신,정보통신공사업,2761,(주)신정,,,110216,4951800,,,,,,
정보통신,정보통신공사업,2762,(주)수호정보통신,,,620227,4949300,,,,,,
정보통신,정보통신공사업,2763,(주)융시스템,,,111068,4948900,,,,,,
정보통신,정보통신공사업,2764,"주식회사 에이치포넷(H4net Co., Ltd)",,,320482,4948400,,,,,,
정보통신,정보통신공사업,2765,(주)인스젠시스템즈,,,201727,4946500,,,,,,
정보통신,정보통신공사업,2766,굿어스데이터 주식회사,,,202976,4946000,,,,,,
정보통신,정보통신공사업,2767,(주)우경이엔에스,,,200710,4945400,,,,,,
정보통신,정보통신공사업,2768,(주)아주엔지니어링,,,130338,4943400,,,,,,
정보통신,정보통신공사업,2769,웨스글로벌(주),,,410214,4943000,,,,,,
정보통신,정보통신공사업,2770,(주)엑스퍼넷,,,200677,4940600,,,,,,
정보통신,정보통신공사업,2771,(주)동아텔레콤,,,150617,4937800,,,,,,
정보통신,정보통신공사업,2772,(주)아이티맨,,,113221,4936700,,,,,,
정보통신,정보통신공사업,2773,(주)엘디티,,,410276,4932500,,,,,,
정보통신,정보통신공사업,2774,신명엔지니어링(주),,,310047,4931000,,,,,,
정보통신,정보통신공사업,2775,주식회사 엔슨소프트,,,530343,4930200,,,,,,
정보통신,정보통신공사업,2776,(주)하영이앤아이,,,530204,4930000,,,,,,
정보통신,정보통신공사업,2777,(주)세움테크윈,,,160054,4928300,,,,,,
정보통신,정보통신공사업,2778,주식회사 에스티씨안산,,,310813,4927700,,,,,,
정보통신,정보통신공사업,2779,(주)나루테크,,,420236,4926200,,,,,,
정보통신,정보통신공사업,2780,주식회사 에스비트,,,350467,4925000,,,,,,
정보통신,정보통신공사업,2781,한국전기통신(주),,,111222,4924900,,,,,,
정보통신,정보통신공사업,2782,(주)에펠,,,350147,4924700,,,,,,
정보통신,정보통신공사업,2783,"주식회사 포커스에이아이 (FOCUS AI Co., Ltd.)",,,311322,4924000,,,,,,
정보통신,정보통신공사업,2784,주식회사 엘리커뮤니티,,,311990,4923600,,,,,,
정보통신,정보통신공사업,2785,(주)케이더블유엠산업기술,,,112297,4922000,,,,,,
정보통신,정보통신공사업,2786,(주)아이페이지온,,,202039,4918100,,,,,,
정보통신,정보통신공사업,2787,주식회사 삼덕테크윈,,,540396,4914100,,,,,,
정보통신,정보통신공사업,2788,주식회사 포인트정보,,,200117,4914000,,,,,,
정보통신,정보통신공사업,2789,주식회사 제이원아이씨티,,,540442,4913400,,,,,,
정보통신,정보통신공사업,2790,(주)대원통신,,,530223,4913300,,,,,,
정보통신,정보통신공사업,2791,부광이앤씨 주식회사,,,111182,4912600,,,,,,
정보통신,정보통신공사업,2792,(유)세아정보통신공사,,,630112,4911800,,,,,,
정보통신,정보통신공사업,2793,엔아이테크(주),,,550178,4910400,,,,,,
정보통신,정보통신공사업,2794,엔탑정보통신(주),,,112445,4903300,,,,,,
정보통신,정보통신공사업,2795,주식회사 알파코엠앤에스,,,203752,4901600,,,,,,
정보통신,정보통신공사업,2796,(주)현진하이테크,,,140224,4900300,,,,,,
정보통신,정보통신공사업,2797,(주)금강항해통신,,,120703,4897300,,,,,,
정보통신,정보통신공사업,2798,주식회사 소망정보통신,,,410349,4897100,,,,,,
정보통신,정보통신공사업,2799,(주)두리넷,,,310844,4896000,,,,,,
정보통신,정보통신공사업,2800,(주)아이엠아이씨티,,,510332,4893500,,,,,,
정보통신,정보통신공사업,2801,(주)신세계전기,,,200232,4891300,,,,,,
정보통신,정보통신공사업,2802,(주)강원전산원네트웍스,,,330045,4890300,,,,,,
정보통신,정보통신공사업,2803,주식회사 옥타곤솔루션,,,312118,4888300,,,,,,
정보통신,정보통신공사업,2804,일에이엔 주식회사,,,510628,4888000,,,,,,
정보통신,정보통신공사업,2805,인켈전기통신 주식회사,,,180015,4886800,,,,,,
정보통신,정보통신공사업,2806,(주)안,,,350036,4885900,,,,,,
정보통신,정보통신공사업,2807,케이씨에스통신기술(주),,,111252,4885000,,,,,,
정보통신,정보통신공사업,2808,주식회사 온앤오프미디어,,,203478,4883500,,,,,,
정보통신,정보통신공사업,2809,(주)협진정보,,,140053,4880800,,,,,,
정보통신,정보통신공사업,2810,(주)영전정보통신,,,130195,4877000,,,,,,
정보통신,정보통신공사업,2811,주식회사 제이솔루션,,,530385,4876600,,,,,,
정보통신,정보통신공사업,2812,(주)오메카,,,201482,4876300,,,,,,
정보통신,정보통신공사업,2813,주식회사 델타텔링크,,,510547,4874300,,,,,,
정보통신,정보통신공사업,2814,(주)광운통신,,,112409,4873400,,,,,,
정보통신,정보통신공사업,2815,(주)다원시스,,,202713,4873000,,,,,,
정보통신,정보통신공사업,2816,(주)KCTV제주방송,,,180049,4872300,,,,,,
정보통신,정보통신공사업,2817,(주)에프에이이,,,140481,4872100,,,,,,
정보통신,정보통신공사업,2818,(주)명가씨앤씨,,,120272,4871000,,,,,,
정보통신,정보통신공사업,2819,(주)이에스텍,,,310508,4870400,,,,,,
정보통신,정보통신공사업,2820,주식회사 씨에이테크,,,410290,4867900,,,,,,
정보통신,정보통신공사업,2821,(주)광주자동화시스템,,,620332,4867800,,,,,,
정보통신,정보통신공사업,2822,삼화전기정보통신공사,,,110978,4867600,,,,,,
정보통신,정보통신공사업,2823,주식회사 서경아이티,,,550470,4865200,,,,,,
정보통신,정보통신공사업,2824,주식회사 디비콤,,,312166,4862500,,,,,,
정보통신,정보통신공사업,2825,(주)대원정보시스템,,,160117,4862200,,,,,,
정보통신,정보통신공사업,2826,(주)윈더스코리아,,,201408,4859500,,,,,,
정보통신,정보통신공사업,2827,주식회사 엑시큐어하이트론 (EXICURE HITRON INC.),,,112514,4858400,,,,,,
정보통신,정보통신공사업,2828,주식회사 아이케이에스,,,610424,4857800,,,,,,
정보통신,정보통신공사업,2829,(주)두원계전,,,320260,4857300,,,,,,
정보통신,정보통신공사업,2830,(유)제일통신건설,,,160032,4857200,,,,,,
정보통신,정보통신공사업,2831,(주)지티일렉콘,,,111911,4855800,,,,,,
정보통신,정보통신공사업,2832,(주)하이텍아이디티,,,140127,4855000,,,,,,
정보통신,정보통신공사업,2833,광통신산업(주),,,110050,4853700,,,,,,
정보통신,정보통신공사업,2833,주식회사 우진정보통신,,,410294,4853700,,,,,,
정보통신,정보통신공사업,2835,하나정보통신(주),,,130171,4853400,,,,,,
정보통신,정보통신공사업,2836,(주)내포정보통신공사,,,130464,4852300,,,,,,
정보통신,정보통신공사업,2837,광림IMS,,,510495,4851500,,,,,,
정보통신,정보통신공사업,2838,스마트네트웍스 주식회사,,,203728,4851000,,,,,,
정보통신,정보통신공사업,2839,주식회사 디에스시스템,,,530365,4850900,,,,,,
정보통신,정보통신공사업,2840,주식회사 화인테크,,,620306,4850800,,,,,,
정보통신,정보통신공사업,2841,주식회사 제이케이데이터시스템즈,,,630148,4849300,,,,,,
정보통신,정보통신공사업,2842,(주)맥스컴텍,,,111358,4848800,,,,,,
정보통신,정보통신공사업,2843,주식회사 에스앤케이,,,350264,4848000,,,,,,
정보통신,정보통신공사업,2844,하이넷텍(주),,,110719,4847800,,,,,,
정보통신,정보통신공사업,2845,주식회사 케이엠이엔지,,,112748,4846600,,,,,,
정보통신,정보통신공사업,2846,(주)이루기술,,,201464,4846400,,,,,,
정보통신,정보통신공사업,2847,선진테크1 주식회사,,,310612,4843200,,,,,,
정보통신,정보통신공사업,2848,엘비휴넷(주),,,202352,4842400,,,,,,
정보통신,정보통신공사업,2849,주식회사 티원정보,,,350331,4842100,,,,,,
정보통신,정보통신공사업,2850,주식회사 버텍스아이디,,,203468,4840500,,,,,,
정보통신,정보통신공사업,2851,(주)프라임아이씨티,,,440018,4837400,,,,,,
정보통신,정보통신공사업,2852,(주)이현정보통신,,,540284,4834400,,,,,,
정보통신,정보통신공사업,2853,(주)강산아이티,,,310013,4832200,,,,,,
정보통신,정보통신공사업,2854,주식회사 신한전력,,,350317,4830900,,,,,,
정보통신,정보통신공사업,2855,주식회사 상도아이씨티,,,312144,4830700,,,,,,
정보통신,정보통신공사업,2856,주식회사 에스티아이넷,,,200566,4829000,,,,,,
정보통신,정보통신공사업,2857,(주)유정보통신,,,530048,4828600,,,,,,
정보통신,정보통신공사업,2858,주식회사 테라정보통신,,,510005,4828200,,,,,,
정보통신,정보통신공사업,2859,(주)동보안전,,,112351,4827500,,,,,,
정보통신,정보통신공사업,2860,(주)공간,,,140499,4825900,,,,,,
정보통신,정보통신공사업,2861,주식회사 등화,,,620348,4825300,,,,,,
정보통신,정보통신공사업,2862,주식회사 홍원테크 (Hongwon tech. Co. Ltd.),,,110453,4823900,,,,,,
정보통신,정보통신공사업,2863,한경정보기술(주),,,202684,4822200,,,,,,
정보통신,정보통신공사업,2864,(주)씨티정보통신,,,630055,4822000,,,,,,
정보통신,정보통신공사업,2865,주식회사 디비전기통신,,,350271,4821900,,,,,,
정보통신,정보통신공사업,2866,봉산통신 주식회사,,,112389,4821500,,,,,,
정보통신,정보통신공사업,2867,주식회사 성진테크,,,620215,4821200,,,,,,
정보통신,정보통신공사업,2868,(사)한국나눔복지연합회,,,202710,4821100,,,,,,
정보통신,정보통신공사업,2869,(주)아인스에스엔씨,,,201322,4817500,,,,,,
정보통신,정보통신공사업,2870,(주)인텍비전,,,550218,4817300,,,,,,
정보통신,정보통신공사업,2871,주식회사 동남이앤아이,,,110833,4817200,,,,,,
정보통신,정보통신공사업,2872,(주)다인정보,,,510097,4816300,,,,,,
정보통신,정보통신공사업,2873,(주)프로엘코리아,,,310576,4813800,,,,,,
정보통신,정보통신공사업,2874,주식회사 창우,,,113339,4813300,,,,,,
정보통신,정보통신공사업,2875,남성기전(주),,,200070,4809900,,,,,,
정보통신,정보통신공사업,2876,엔에스게이트 주식회사,,,311942,4808800,,,,,,
정보통신,정보통신공사업,2877,(주)화인전자,,,620025,4805100,,,,,,
정보통신,정보통신공사업,2878,(주)케이엘,,,330107,4804800,,,,,,
정보통신,정보통신공사업,2879,현대정보산업(주),,,110037,4804200,,,,,,
정보통신,정보통신공사업,2880,(주)케이에스솔루션,,,420180,4803200,,,,,,
정보통신,정보통신공사업,2881,주식회사 원진미디어,,,330244,4803100,,,,,,
정보통신,정보통신공사업,2882,앤디피에스(주),,,420090,4802700,,,,,,
정보통신,정보통신공사업,2883,이피정보통신주식회사,,,350267,4801700,,,,,,
정보통신,정보통신공사업,2884,(주)테크스피어,,,201674,4801500,,,,,,
정보통신,정보통신공사업,2885,(주)누리이엔씨,,,150666,4800700,,,,,,
정보통신,정보통신공사업,2886,(주)서해정보통신,,,410119,4800500,,,,,,
정보통신,정보통신공사업,2887,(주)에스에이정보기술,,,201693,4790400,,,,,,
정보통신,정보통신공사업,2888,(주)이튜,,,530200,4789100,,,,,,
정보통신,정보통신공사업,2889,(주)동남무선통신,,,150543,4788900,,,,,,
정보통신,정보통신공사업,2890,(주)풀굿,,,200401,4788100,,,,,,
정보통신,정보통신공사업,2891,주식회사 한빛통신,,,430248,4788000,,,,,,
정보통신,정보통신공사업,2892,(주)태영정보통신,,,311400,4787700,,,,,,
정보통신,정보통신공사업,2893,국제미디어(주),,,120071,4787200,,,,,,
정보통신,정보통신공사업,2894,(주)우보재난시스템,,,311305,4786100,,,,,,
정보통신,정보통신공사업,2895,주식회사 퍼스트엑씨앤씨,,,204038,4784500,,,,,,
정보통신,정보통신공사업,2896,사단법인 아이티 케어복지회,,,620324,4783900,,,,,,
정보통신,정보통신공사업,2897,(주)유림,,,140424,4781900,,,,,,
정보통신,정보통신공사업,2898,주식회사 북동,,,112208,4778300,,,,,,
정보통신,정보통신공사업,2899,(주)웹센,,,112509,4778100,,,,,,
정보통신,정보통신공사업,2900,(주)와이비테크,,,350265,4777800,,,,,,
정보통신,정보통신공사업,2901,포에스미디어(주),,,201440,4776400,,,,,,
정보통신,정보통신공사업,2902,주식회사 이엔티원우,,,150120,4775100,,,,,,
정보통신,정보통신공사업,2903,주식회사 수주,,,520080,4773400,,,,,,
정보통신,정보통신공사업,2904,주식회사 네이즈 (NAIZ Co. Inc.),,,203716,4769400,,,,,,
정보통신,정보통신공사업,2905,에스에스브이,,,200153,4769100,,,,,,
정보통신,정보통신공사업,2906,(주)그린넷,,,410247,4766600,,,,,,
정보통신,정보통신공사업,2907,(주)하이텍영상,,,201282,4764200,,,,,,
정보통신,정보통신공사업,2908,아이코리아(주),,,110224,4763000,,,,,,
정보통신,정보통신공사업,2909,시스템어소시에이츠 주식회사,,,203403,4761300,,,,,,
정보통신,정보통신공사업,2910,명진아이텍 주식회사,,,420378,4761000,,,,,,
정보통신,정보통신공사업,2911,(주)명인,,,610099,4758800,,,,,,
정보통신,정보통신공사업,2912,(주)우진일렉트,,,310668,4757600,,,,,,
정보통신,정보통신공사업,2913,(주)이케이시스,,,202259,4756400,,,,,,
정보통신,정보통신공사업,2914,(주)아이티아이에스,,,150494,4755100,,,,,,
정보통신,정보통신공사업,2915,(주)모비젠,,,202175,4754400,,,,,,
정보통신,정보통신공사업,2916,"주식회사 하이퍼월(Hiperwall korea co., Ltd)",,,203594,4754200,,,,,,
정보통신,정보통신공사업,2917,주식회사 다온테크놀로지,,,203298,4754100,,,,,,
정보통신,정보통신공사업,2918,대성정보통신(주),,,330015,4753900,,,,,,
정보통신,정보통신공사업,2919,(주)미래아이앤씨,,,430112,4753200,,,,,,
정보통신,정보통신공사업,2920,(주)성진텔레콤,,,202181,4750600,,,,,,
정보통신,정보통신공사업,2921,(주)누리정보통신기술,,,330192,4749500,,,,,,
정보통신,정보통신공사업,2922,해동에너지 주식회사,,,610419,4746800,,,,,,
정보통신,정보통신공사업,2923,(주)코스모티어,,,201901,4744900,,,,,,
정보통신,정보통신공사업,2924,주식회사 씨에스산업,,,112178,4742100,,,,,,
정보통신,정보통신공사업,2925,(주)티아이에스,,,120698,4741300,,,,,,
정보통신,정보통신공사업,2926,주식회사 아스텍통신,,,110662,4737800,,,,,,
정보통신,정보통신공사업,2927,주식회사 나눔오토메이션,,,520161,4736600,,,,,,
정보통신,정보통신공사업,2928,(주)디지털미디어,,,310103,4736300,,,,,,
정보통신,정보통신공사업,2929,주식회사 하나아이씨티,,,203057,4735700,,,,,,
정보통신,정보통신공사업,2930,에이치케이전기통신(주),,,201593,4734600,,,,,,
정보통신,정보통신공사업,2931,(주)이룸아이앤씨,,,310536,4731000,,,,,,
정보통신,정보통신공사업,2932,주식회사 투비,,,203549,4729700,,,,,,
정보통신,정보통신공사업,2933,주식회사 이지지오,,,510733,4728900,,,,,,
정보통신,정보통신공사업,2934,성웅기술,,,120707,4727400,,,,,,
정보통신,정보통신공사업,2935,주식회사 에스씨엠네트웍,,,320474,4727200,,,,,,
정보통신,정보통신공사업,2936,(주)스마트네트웍스,,,330120,4725500,,,,,,
정보통신,정보통신공사업,2937,주식회사 보스테크,,,203795,4724800,,,,,,
정보통신,정보통신공사업,2938,주식회사 다윈정보기술,,,312048,4724100,,,,,,
정보통신,정보통신공사업,2939,태화전력(주),,,112912,4723800,,,,,,
정보통신,정보통신공사업,2940,(주)서돌전자통신,,,350079,4723000,,,,,,
정보통신,정보통신공사업,2941,주식회사 사운드레이스,,,202951,4722500,,,,,,
정보통신,정보통신공사업,2942,(주)포트론,,,200084,4722200,,,,,,
정보통신,정보통신공사업,2943,삼렬정보통신(주),,,150140,4722100,,,,,,
정보통신,정보통신공사업,2944,주식회사 테크아이,,,420326,4721400,,,,,,
정보통신,정보통신공사업,2945,주식회사 도원디에스,,,203063,4720600,,,,,,
정보통신,정보통신공사업,2946,(주)다인정보통신,,,510314,4718100,,,,,,
정보통신,정보통신공사업,2947,주식회사 에이치아이티,,,150497,4718000,,,,,,
정보통신,정보통신공사업,2948,(주)신화,,,113315,4717400,,,,,,
정보통신,정보통신공사업,2949,주식회사 더포스,,,311874,4717100,,,,,,
정보통신,정보통신공사업,2950,(주)금성에이브이,,,130122,4716000,,,,,,
정보통신,정보통신공사업,2951,웅지전기,,,550210,4715600,,,,,,
정보통신,정보통신공사업,2952,이노넷 주식회사,,,202862,4713900,,,,,,
정보통신,정보통신공사업,2953,(주)에스오씨코리아,,,350353,4711400,,,,,,
정보통신,정보통신공사업,2954,이노컴퍼니(주),,,200164,4710100,,,,,,
정보통신,정보통신공사업,2955,주식회사 다온아이티,,,430282,4708800,,,,,,
정보통신,정보통신공사업,2956,(주)영창시스템,,,120645,4708400,,,,,,
정보통신,정보통신공사업,2957,주식회사 유얼,,,120608,4708300,,,,,,
정보통신,정보통신공사업,2958,주식회사 지니가치,,,311767,4708200,,,,,,
정보통신,정보통신공사업,2959,주식회사 클라이브,,,312567,4708100,,,,,,
정보통신,정보통신공사업,2960,주식회사 엔테크,,,330043,4706500,,,,,,
정보통신,정보통신공사업,2961,동화정보통신 주식회사,,,330088,4706300,,,,,,
정보통신,정보통신공사업,2962,(주)이엔씨테크,,,430020,4705700,,,,,,
정보통신,정보통신공사업,2963,"주식회사 맥서브 (Maxerve Co.,Ltd.)",,,200093,4698200,,,,,,
정보통신,정보통신공사업,2963,(주)세종네트웍,,,201854,4698200,,,,,,
정보통신,정보통신공사업,2965,"주식회사 에스텍솔루션스(S Tech solutions Co., Ltd.)",,,312457,4696100,,,,,,
정보통신,정보통신공사업,2966,(주)무강기업,,,610168,4694800,,,,,,
정보통신,정보통신공사업,2967,주식회사 두힘,,,320521,4694700,,,,,,
정보통신,정보통신공사업,2968,주식회사 케이아이티,,,420269,4693600,,,,,,
정보통신,정보통신공사업,2969,주식회사 이디에스,,,540333,4692000,,,,,,
정보통신,정보통신공사업,2970,오조씨엔에스(주),,,420183,4690600,,,,,,
정보통신,정보통신공사업,2971,나누리통신 주식회사,,,140044,4690400,,,,,,
정보통신,정보통신공사업,2972,주식회사 더아미,,,410064,4688900,,,,,,
정보통신,정보통신공사업,2973,"주식회사 케이스마트피아(K-SmartPia CO., LTD)",,,530306,4687600,,,,,,
정보통신,정보통신공사업,2974,대경아이티 주식회사,,,150063,4687000,,,,,,
정보통신,정보통신공사업,2975,(주)코맥스씨에스,,,311180,4684700,,,,,,
정보통신,정보통신공사업,2976,주식회사 라온통신,,,420148,4681100,,,,,,
정보통신,정보통신공사업,2977,(주)가보테크,,,310152,4680500,,,,,,
정보통신,정보통신공사업,2978,(주)넥스트이지,,,640074,4680300,,,,,,
정보통신,정보통신공사업,2979,태광텔레콤(주),,,112829,4679800,,,,,,
정보통신,정보통신공사업,2979,세원전설(주),,,111572,4679800,,,,,,
정보통신,정보통신공사업,2981,주식회사 두레시스템,,,350105,4679100,,,,,,
정보통신,정보통신공사업,2982,(주)대웅정보통신,,,610186,4678900,,,,,,
정보통신,정보통신공사업,2982,(주)필립정보통신,,,540010,4678900,,,,,,
정보통신,정보통신공사업,2984,주식회사 코콤텍,,,202936,4678200,,,,,,
정보통신,정보통신공사업,2984,(주)듀얼에스디,,,311078,4678200,,,,,,
정보통신,정보통신공사업,2986,(주)미코정보통신,,,320110,4678100,,,,,,
정보통신,정보통신공사업,2987,성현시스템 주식회사,,,203867,4677900,,,,,,
정보통신,정보통신공사업,2988,(주)에스엘티,,,130201,4677200,,,,,,
정보통신,정보통신공사업,2989,주식회사 현승,,,320056,4676200,,,,,,
정보통신,정보통신공사업,2990,케이엘정보통신(주),,,420127,4675400,,,,,,
정보통신,정보통신공사업,2991,명송테크 주식회사,,,550220,4674600,,,,,,
정보통신,정보통신공사업,2992,(주)태림네트웍스,,,310193,4673600,,,,,,
정보통신,정보통신공사업,2993,(주)서아정보통신,,,311470,4673200,,,,,,
정보통신,정보통신공사업,2994,(주)태성미디어,,,530182,4671000,,,,,,
정보통신,정보통신공사업,2995,(합자)대성전업상사,,,110250,4670000,,,,,,
정보통신,정보통신공사업,2996,주식회사 태경엔지니어링,,,610106,4669400,,,,,,
정보통신,정보통신공사업,2997,(주)아이젠테크,,,113260,4669000,,,,,,
정보통신,정보통신공사업,2998,주식회사 제이와이 정보통신,,,350498,4666800,,,,,,
정보통신,정보통신공사업,2999,(주)인석텔,,,130111,4664500,,,,,,
정보통신,정보통신공사업,3000,아인네트웍시스템(주),,,170186,4664200,,,,,,
정보통신,정보통신공사업,3000,주식회사 인지솔루션,,,610318,4664200,,,,,,
정보통신,정보통신공사업,3002,(주)아이티아이씨앤씨,,,311111,4663000,,,,,,
정보통신,정보통신공사업,3003,미르네트웍(주),,,201247,4661200,,,,,,
정보통신,정보통신공사업,3004,(주)한진전자산업,,,110704,4659900,,,,,,
정보통신,정보통신공사업,3005,주식회사 디제이아이,,,550116,4658000,,,,,,
정보통신,정보통신공사업,3006,주식회사 지온,,,510404,4657100,,,,,,
정보통신,정보통신공사업,3007,(주)유엠로직스,,,420243,4656600,,,,,,
정보통신,정보통신공사업,3008,(주)휴버텍,,,201961,4656200,,,,,,
정보통신,정보통신공사업,3009,(주)더블유에프텍,,,201512,4655600,,,,,,
정보통신,정보통신공사업,3010,(주)야베스케이,,,200043,4655400,,,,,,
정보통신,정보통신공사업,3011,(주)한길정보통신,,,550115,4654700,,,,,,
정보통신,정보통신공사업,3012,케이정보기술 주식회사,,,430210,4653400,,,,,,
정보통신,정보통신공사업,3013,주식회사 티제이비,,,420240,4652300,,,,,,
정보통신,정보통신공사업,3014,(주)베이직테크,,,350187,4652000,,,,,,
정보통신,정보통신공사업,3015,(주)시온,,,130392,4649500,,,,,,
정보통신,정보통신공사업,3016,주식회사 자이닉스,,,203428,4649100,,,,,,
정보통신,정보통신공사업,3017,(주)에스엔제이정보통신,,,311089,4647700,,,,,,
정보통신,정보통신공사업,3018,(주)화신,,,150230,4646100,,,,,,
정보통신,정보통신공사업,3018,그린컴퓨터시스템,,,150622,4646100,,,,,,
정보통신,정보통신공사업,3020,주식회사 금광테크,,,130420,4645700,,,,,,
정보통신,정보통신공사업,3021,주식회사 우원산업,,,610227,4643600,,,,,,
정보통신,정보통신공사업,3022,(주)문아이앤시,,,310183,4643500,,,,,,
정보통신,정보통신공사업,3023,화진정보통신,,,111032,4642500,,,,,,
정보통신,정보통신공사업,3024,(주)엘리시스,,,201661,4642400,,,,,,
정보통신,정보통신공사업,3025,주식회사 하나아이씨티,,,550318,4642000,,,,,,
정보통신,정보통신공사업,3026,지엘씨티 주식회사,,,620091,4639100,,,,,,
정보통신,정보통신공사업,3027,주식회사 에이테크정보기술,,,201802,4638600,,,,,,
정보통신,정보통신공사업,3028,(주)세계로,,,150069,4637400,,,,,,
정보통신,정보통신공사업,3029,(주)스마트게이트,,,201623,4636500,,,,,,
정보통신,정보통신공사업,3030,(주)리퓨터,,,160209,4636400,,,,,,
정보통신,정보통신공사업,3031,(주)구구이앤씨,,,150280,4635600,,,,,,
정보통신,정보통신공사업,3032,제이시스템 주식회사,,,110142,4634600,,,,,,
정보통신,정보통신공사업,3033,주식회사 아름,,,550277,4634500,,,,,,
정보통신,정보통신공사업,3034,주식회사 올댓씨큐리티,,,350420,4634000,,,,,,
정보통신,정보통신공사업,3035,청보음향(주),,,112580,4633600,,,,,,
정보통신,정보통신공사업,3036,(주)이준시스템,,,202495,4632500,,,,,,
정보통신,정보통신공사업,3037,주식회사 케이웍스,,,420489,4632000,,,,,,
정보통신,정보통신공사업,3038,주식회사 유민아이티,,,530234,4628900,,,,,,
정보통신,정보통신공사업,3039,(주)성원네트웍스,,,202442,4627700,,,,,,
정보통신,정보통신공사업,3040,(주)라인정보시스템,,,200044,4627100,,,,,,
정보통신,정보통신공사업,3041,"주식회사 휴먼아고스 (Human Agos Co., Ltd.)",,,202071,4626700,,,,,,
정보통신,정보통신공사업,3042,두레옵트로닉스(주),,,201722,4626100,,,,,,
정보통신,정보통신공사업,3043,인텍전기전자(주),,,310994,4626000,,,,,,
정보통신,정보통신공사업,3044,온새미정보통신(주),,,310651,4625100,,,,,,
정보통신,정보통신공사업,3045,옥성정보통신(주),,,110288,4623600,,,,,,
정보통신,정보통신공사업,3046,주식회사 예스에너텍,,,410072,4623400,,,,,,
정보통신,정보통신공사업,3047,(주)아이티센,,,311929,4621300,,,,,,
정보통신,정보통신공사업,3048,신광정보통신주식회사,,,311917,4621000,,,,,,
정보통신,정보통신공사업,3049,주식회사 새솔정보통신,,,311288,4620100,,,,,,
정보통신,정보통신공사업,3050,주식회사 코어,,,312326,4619000,,,,,,
정보통신,정보통신공사업,3050,한신정보(주),,,550197,4619000,,,,,,
정보통신,정보통신공사업,3052,"주식회사 제이원아이엔씨(J won INC Co,.Ltd)",,,203611,4618800,,,,,,
정보통신,정보통신공사업,3053,(주)키월드정보통신,,,201083,4618000,,,,,,
정보통신,정보통신공사업,3054,주식회사 니치테크,,,203498,4617500,,,,,,
정보통신,정보통신공사업,3055,주식회사 지티앤,,,110177,4616900,,,,,,
정보통신,정보통신공사업,3056,주식회사 윈코어,,,311789,4615400,,,,,,
정보통신,정보통신공사업,3056,(주)씨엠네트워크,,,311462,4615400,,,,,,
정보통신,정보통신공사업,3058,(주)동아이앤씨,,,140335,4615100,,,,,,
정보통신,정보통신공사업,3059,주식회사 지원정보통신,,,630217,4614500,,,,,,
정보통신,정보통신공사업,3060,주식회사 티오피아이앤씨,,,203961,4614000,,,,,,
정보통신,정보통신공사업,3060,(주)경원통신공사,,,550024,4614000,,,,,,
정보통신,정보통신공사업,3062,(합)북일정보통신,,,130475,4613000,,,,,,
정보통신,정보통신공사업,3063,위너시스텍(주),,,112866,4611800,,,,,,
정보통신,정보통신공사업,3064,(주)유신씨앤씨,,,311245,4608700,,,,,,
정보통신,정보통신공사업,3065,(주)주영일렉트로닉,,,310428,4607100,,,,,,
정보통신,정보통신공사업,3066,에스케이(주),,,110565,4605400,,,,,,
정보통신,정보통신공사업,3067,주식회사 우진지앤에스,,,202851,4605100,,,,,,
정보통신,정보통신공사업,3068,(주)전일통신공사,,,140401,4601600,,,,,,
정보통신,정보통신공사업,3069,주식회사 이텍피엔지,,,203362,4600900,,,,,,
정보통신,정보통신공사업,3070,(주)제일시스템,,,120622,4600300,,,,,,
정보통신,정보통신공사업,3071,주식회사 링크앤존,,,204003,4598900,,,,,,
정보통신,정보통신공사업,3072,주식회사 스마트정보기술,,,203719,4598800,,,,,,
정보통신,정보통신공사업,3073,(주)미르메이트,,,640010,4597600,,,,,,
정보통신,정보통신공사업,3074,"주식회사 파워테크닉 (Powertechnique Co.,Ltd)",,,202853,4597100,,,,,,
정보통신,정보통신공사업,3075,주식회사 세종기술,,,420010,4595800,,,,,,
정보통신,정보통신공사업,3076,(주)우광,,,110206,4595600,,,,,,
정보통신,정보통신공사업,3077,(주)이지정보통신,,,130134,4592400,,,,,,
정보통신,정보통신공사업,3078,(주)영산시스템,,,630001,4590300,,,,,,
정보통신,정보통신공사업,3079,(주)에스에스이엔지,,,610203,4588300,,,,,,
정보통신,정보통신공사업,3080,주식회사 동탄이엔씨,,,203201,4587800,,,,,,
정보통신,정보통신공사업,3080,주식회사 울산전기통신,,,520112,4587800,,,,,,
정보통신,정보통신공사업,3082,(주)다산엔지니어링,,,350434,4587700,,,,,,
정보통신,정보통신공사업,3083,주식회사 지안솔루션,,,630336,4584200,,,,,,
정보통신,정보통신공사업,3084,주식회사 인하씨엔티,,,550135,4583800,,,,,,
정보통신,정보통신공사업,3085,주식회사 케이파트너,,,420487,4583100,,,,,,
정보통신,정보통신공사업,3086,제이케이씨 주식회사,,,312306,4582600,,,,,,
정보통신,정보통신공사업,3087,주식회사 세강엔지니어링,,,610268,4581600,,,,,,
정보통신,정보통신공사업,3088,(주)유한정보통신,,,530044,4580600,,,,,,
정보통신,정보통신공사업,3089,(주)이천정보통신기술,,,510394,4577700,,,,,,
정보통신,정보통신공사업,3090,주식회사 강화이앤씨,,,330268,4577200,,,,,,
정보통신,정보통신공사업,3091,(주)다윈,,,540183,4575700,,,,,,
정보통신,정보통신공사업,3092,(주)엘시스,,,610067,4575500,,,,,,
정보통신,정보통신공사업,3093,에이치제이정보통신 주식회사,,,320284,4573800,,,,,,
정보통신,정보통신공사업,3094,강남정보통신 주식회사,,,150310,4572300,,,,,,
정보통신,정보통신공사업,3095,주식회사 정오이엔씨,,,170050,4571700,,,,,,
정보통신,정보통신공사업,3095,주식회사 세이프원,,,200654,4571700,,,,,,
정보통신,정보통신공사업,3097,주식회사 창성이엔씨,,,150412,4570600,,,,,,
정보통신,정보통신공사업,3098,주식회사 신한전기통신,,,550261,4569100,,,,,,
정보통신,정보통신공사업,3099,주식회사 휴먼이엔지,,,630159,4568500,,,,,,
정보통신,정보통신공사업,3100,세인트로그 주식회사,,,202798,4568300,,,,,,
정보통신,정보통신공사업,3101,디스플레이허브 주식회사(Display Hub Ltd.),,,203476,4565600,,,,,,
정보통신,정보통신공사업,3102,주식회사 엠씨에스텍,,,203044,4561200,,,,,,
정보통신,정보통신공사업,3103,(주)신호,,,130070,4560100,,,,,,
정보통신,정보통신공사업,3104,"주식회사 엑스코어시스템 (XCore System co., Ltd.)",,,440050,4559800,,,,,,
정보통신,정보통신공사업,3105,주식회사 아이엠엔씨에스,,,320240,4559200,,,,,,
정보통신,정보통신공사업,3106,제이와이전력 주식회사,,,311354,4558700,,,,,,
정보통신,정보통신공사업,3107,주식회사 에스,,,150592,4557800,,,,,,
정보통신,정보통신공사업,3108,(주)비온시이노베이터,,,610086,4556200,,,,,,
정보통신,정보통신공사업,3109,주식회사 케이엠씨엔씨,,,330247,4555700,,,,,,
정보통신,정보통신공사업,3110,주식회사 삼양소방,,,350416,4554000,,,,,,
정보통신,정보통신공사업,3111,주식회사 서윤네트워크,,,112050,4552200,,,,,,
정보통신,정보통신공사업,3112,주식회사 유림인포텍,,,510666,4551700,,,,,,
정보통신,정보통신공사업,3113,(주)태승정보통신,,,440023,4549100,,,,,,
정보통신,정보통신공사업,3114,주식회사 엔틱이엔씨,,,312499,4547200,,,,,,
정보통신,정보통신공사업,3115,(주)유진시스템,,,620030,4546800,,,,,,
정보통신,정보통신공사업,3116,주식회사 승리정보통신,,,420313,4545900,,,,,,
정보통신,정보통신공사업,3117,대광정보시스템(주),,,111140,4545700,,,,,,
정보통신,정보통신공사업,3118,아이티협동조합,,,610282,4545400,,,,,,
정보통신,정보통신공사업,3119,한양공영(주),,,620036,4543900,,,,,,
정보통신,정보통신공사업,3120,삼성영상보안(주),,,510027,4541700,,,,,,
정보통신,정보통신공사업,3121,세광정보통신(주),,,330017,4541400,,,,,,
정보통신,정보통신공사업,3122,(주)훈민아이티,,,540028,4539000,,,,,,
정보통신,정보통신공사업,3123,(주)나우시스템,,,140388,4538500,,,,,,
정보통신,정보통신공사업,3124,(주)덕분이엔씨,,,350165,4537200,,,,,,
정보통신,정보통신공사업,3125,(주)두현아이티에스,,,540209,4537000,,,,,,
정보통신,정보통신공사업,3126,동원안전시스템(주),,,140444,4535200,,,,,,
정보통신,정보통신공사업,3127,(주)퓨전소프트,,,530157,4534000,,,,,,
정보통신,정보통신공사업,3128,진형정보통신 주식회사,,,320396,4532500,,,,,,
정보통신,정보통신공사업,3129,(주)유현정보통신,,,620080,4532200,,,,,,
정보통신,정보통신공사업,3130,주식회사 케이엔피네트웍스,,,203271,4530400,,,,,,
정보통신,정보통신공사업,3131,주식회사 모리트,,,201266,4529200,,,,,,
정보통신,정보통신공사업,3132,(주)케이원시스템,,,350213,4528400,,,,,,
정보통신,정보통신공사업,3133,주식회사 아리바이오홀딩스,,,410412,4528000,,,,,,
정보통신,정보통신공사업,3134,아이티 월드(IT. WORLD),,,510689,4527300,,,,,,
정보통신,정보통신공사업,3135,(주)동명텔레콤,,,113138,4525000,,,,,,
정보통신,정보통신공사업,3136,(주)국민이엠씨,,,311080,4524000,,,,,,
정보통신,정보통신공사업,3137,현대위성네트워크(주),,,113413,4519800,,,,,,
정보통신,정보통신공사업,3138,(주)알이시스,,,120531,4519700,,,,,,
정보통신,정보통신공사업,3139,주식회사 에이아이정보기술,,,530424,4518500,,,,,,
정보통신,정보통신공사업,3140,에스엠테크 주식회사,,,440036,4518100,,,,,,
정보통신,정보통신공사업,3141,(주)이니텍,,,430346,4517900,,,,,,
정보통신,정보통신공사업,3142,(주)성우시스텍,,,410073,4514100,,,,,,
정보통신,정보통신공사업,3143,주식회사그라디안,,,311968,4512700,,,,,,
정보통신,정보통신공사업,3144,(합자)하나오에이정보통신,,,330094,4512100,,,,,,
정보통신,정보통신공사업,3145,(주)코스텍시스템,,,310453,4509900,,,,,,
정보통신,정보통신공사업,3146,(주)케이텍솔루션,,,201692,4508200,,,,,,
정보통신,정보통신공사업,3147,주식회사 다움정보통신,,,440071,4507600,,,,,,
정보통신,정보통신공사업,3148,동양기전(주),,,550167,4507300,,,,,,
정보통신,정보통신공사업,3149,(주)신영이엔티,,,201178,4507000,,,,,,
정보통신,정보통신공사업,3150,(주)와이씨앤,,,312092,4504900,,,,,,
정보통신,정보통신공사업,3151,(주)대오,,,140223,4504100,,,,,,
정보통신,정보통신공사업,3152,"디에스인포시스 주식회사(DS Infosys Co.,Ltd.)",,,202733,4503400,,,,,,
정보통신,정보통신공사업,3153,사회적협동조합 어우리,,,311754,4502800,,,,,,
정보통신,정보통신공사업,3154,(주)두리안정보기술,,,311661,4501800,,,,,,
정보통신,정보통신공사업,3155,(주)부영정보통신,,,510482,4500000,,,,,,
정보통신,정보통신공사업,3156,(주)윌코모시스템즈,,,420461,4499800,,,,,,
정보통신,정보통신공사업,3157,주식회사 거성정보통신,,,520067,4499700,,,,,,
정보통신,정보통신공사업,3158,(주)디케이아이테크놀로지,,,202249,4499500,,,,,,
정보통신,정보통신공사업,3159,주식회사 퍼스트네트워크,,,311349,4499100,,,,,,
정보통신,정보통신공사업,3160,(주)소프트아이텍,,,420168,4498200,,,,,,
정보통신,정보통신공사업,3161,국동이엔티(주),,,530353,4497200,,,,,,
정보통신,정보통신공사업,3162,"올래디오 주식회사(allRadio Co., Ltd.)",,,110424,4496300,,,,,,
정보통신,정보통신공사업,3163,(주)호경에스앤씨,,,420081,4495000,,,,,,
정보통신,정보통신공사업,3164,(주)대륜통신,,,150580,4492300,,,,,,
정보통신,정보통신공사업,3165,주식회사 씨앤아이플러스,,,203369,4492200,,,,,,
정보통신,정보통신공사업,3166,"주식회사 이모션(e-motion Co.,Ltd.)",,,630232,4492000,,,,,,
정보통신,정보통신공사업,3167,(주)드림넷코리아,,,150510,4491500,,,,,,
정보통신,정보통신공사업,3167,주식회사 모아기술,,,430284,4491500,,,,,,
정보통신,정보통신공사업,3169,주식회사 지오멕스소프트,,,330197,4491000,,,,,,
정보통신,정보통신공사업,3170,주식회사 이룸전기통신,,,420362,4490800,,,,,,
정보통신,정보통신공사업,3171,주식회사 푸름넷,,,310978,4490400,,,,,,
정보통신,정보통신공사업,3172,"삼성이앤에이 주식회사(SAMSUNG E&A CO., LTD.)",,,111474,4490200,,,,,,
정보통신,정보통신공사업,3173,(주)예스정보통신,,,550185,4490000,,,,,,
정보통신,정보통신공사업,3174,(주)동양기전,,,330047,4488400,,,,,,
정보통신,정보통신공사업,3175,주식회사 엠에프솔루션,,,203305,4486000,,,,,,
정보통신,정보통신공사업,3175,(주)엑스큐시스템,,,310917,4486000,,,,,,
정보통신,정보통신공사업,3177,"주식회사 이노스(innos Co.,Ltd.)",,,312231,4485400,,,,,,
정보통신,정보통신공사업,3178,주식회사 다온전기통신,,,312130,4485000,,,,,,
정보통신,정보통신공사업,3179,(주)인더스비젼,,,311421,4484800,,,,,,
정보통신,정보통신공사업,3180,공간정보기술(주),,,310800,4483500,,,,,,
정보통신,정보통신공사업,3181,주식회사 엑센솔루션,,,203619,4483100,,,,,,
정보통신,정보통신공사업,3182,(주)아이비넥스트,,,201100,4482700,,,,,,
정보통신,정보통신공사업,3182,재영전기주식회사,,,311810,4482700,,,,,,
정보통신,정보통신공사업,3184,(주)디엘에스,,,640150,4481800,,,,,,
정보통신,정보통신공사업,3185,남부전력 주식회사,,,610111,4481600,,,,,,
정보통신,정보통신공사업,3186,팍스코이앤아이(주),,,112832,4481400,,,,,,
정보통신,정보통신공사업,3187,"현대무벡스 주식회사(HYUNDAI MOVEX CO., Ltd.)",,,200290,4481000,,,,,,
정보통신,정보통신공사업,3188,(주)티엔에스,,,550312,4480100,,,,,,
정보통신,정보통신공사업,3189,"주식회사 코맥스강북점 (COMMAX GangBuk Co.,Ltd.)",,,203696,4479200,,,,,,
정보통신,정보통신공사업,3190,주식회사 제이아이티,,,420374,4478500,,,,,,
정보통신,정보통신공사업,3191,(주)에스앤아이,,,110537,4476500,,,,,,
정보통신,정보통신공사업,3192,(주)씨앤피테크,,,201624,4475600,,,,,,
정보통신,정보통신공사업,3193,주식회사 이솔씨엔에스,,,610466,4475000,,,,,,
정보통신,정보통신공사업,3194,(주)블루앤시스,,,510318,4474300,,,,,,
정보통신,정보통신공사업,3195,(주)제이큐브데이터,,,510470,4473200,,,,,,
정보통신,정보통신공사업,3196,주식회사 광성시스템,,,620199,4471800,,,,,,
정보통신,정보통신공사업,3197,신화전자(주),,,130307,4471600,,,,,,
정보통신,정보통신공사업,3198,휴먼테크(주),,,150630,4469600,,,,,,
정보통신,정보통신공사업,3199,에이스기전(주),,,420104,4469500,,,,,,
정보통신,정보통신공사업,3200,(주)케이엔비씨,,,420189,4465200,,,,,,
정보통신,정보통신공사업,3201,(주)유디엔에스,,,312010,4464400,,,,,,
정보통신,정보통신공사업,3202,(주)동진이앤티,,,202464,4463900,,,,,,
정보통신,정보통신공사업,3203,"주식회사 수호이미지랩스 (Suho Image Labs Co.,Ltd)",,,202833,4461000,,,,,,
정보통신,정보통신공사업,3204,(주)희성,,,330101,4459400,,,,,,
정보통신,정보통신공사업,3205,주식회사 자인인더스트리,,,311736,4458400,,,,,,
정보통신,정보통신공사업,3206,(주)대양전기,,,530383,4458300,,,,,,
정보통신,정보통신공사업,3207,(주)한양인프라넷,,,112811,4458200,,,,,,
정보통신,정보통신공사업,3208,(주)효원엔지니어링,,,110763,4456700,,,,,,
정보통신,정보통신공사업,3209,(주)정원아이티,,,510654,4456500,,,,,,
정보통신,정보통신공사업,3210,(주)우남아이씨티,,,550240,4455300,,,,,,
정보통신,정보통신공사업,3211,신흥통신(주),,,130489,4452600,,,,,,
정보통신,정보통신공사업,3212,(주)나라정보기술,,,111833,4451800,,,,,,
정보통신,정보통신공사업,3213,광명정보통신(주),,,110986,4451100,,,,,,
정보통신,정보통신공사업,3214,(주)디에이치미디어테크,,,112121,4450700,,,,,,
정보통신,정보통신공사업,3215,주식회사 파스칼,,,540072,4442400,,,,,,
정보통신,정보통신공사업,3216,(주)좋은인프라,,,520089,4441400,,,,,,
정보통신,정보통신공사업,3217,디씨에스아이 주식회사,,,203701,4438800,,,,,,
정보통신,정보통신공사업,3218,(주)아이티이엔지,,,130253,4438600,,,,,,
정보통신,정보통신공사업,3219,(주)솔탑,,,420233,4438200,,,,,,
정보통신,정보통신공사업,3220,(주)아이에스인텍,,,202066,4436600,,,,,,
정보통신,정보통신공사업,3221,주식회사 한통,,,112707,4436400,,,,,,
정보통신,정보통신공사업,3221,주식회사 선광이엔지,,,201761,4436400,,,,,,
정보통신,정보통신공사업,3223,(주)하이네트웍,,,530185,4436300,,,,,,
정보통신,정보통신공사업,3224,시너지네트워크,,,310601,4434600,,,,,,
정보통신,정보통신공사업,3225,주식회사 기창인포텍,,,203208,4433600,,,,,,
정보통신,정보통신공사업,3226,(사)아름다움나눔협회,,,350324,4433500,,,,,,
정보통신,정보통신공사업,3227,이에스이(주),,,310426,4433400,,,,,,
정보통신,정보통신공사업,3228,스마트솔루션 유한회사,,,630367,4433100,,,,,,
정보통신,정보통신공사업,3229,주식회사 경동이앤지,,,410343,4428200,,,,,,
정보통신,정보통신공사업,3230,진아이티(주),,,111105,4427000,,,,,,
정보통신,정보통신공사업,3230,주식회사 세인,,,510355,4427000,,,,,,
정보통신,정보통신공사업,3232,(주)엔케이아이티,,,420155,4426400,,,,,,
정보통신,정보통신공사업,3233,주봉정보시스템 주식회사,,,202953,4425700,,,,,,
정보통신,정보통신공사업,3234,주식회사 네오정보통신,,,540252,4423900,,,,,,
정보통신,정보통신공사업,3235,주식회사 태영엔에스,,,203204,4423800,,,,,,
정보통신,정보통신공사업,3236,사단법인 대한장애인복지협회,,,202988,4423700,,,,,,
정보통신,정보통신공사업,3237,주식회사 낙원전기통신,,,640194,4422900,,,,,,
정보통신,정보통신공사업,3238,주식회사 온유정보,,,610207,4422400,,,,,,
정보통신,정보통신공사업,3239,(주)나비시스템,,,350189,4422200,,,,,,
정보통신,정보통신공사업,3240,(주)대흥전설,,,130250,4421800,,,,,,
정보통신,정보통신공사업,3241,(주)이노탑,,,620048,4421400,,,,,,
정보통신,정보통신공사업,3242,(주)형우통신,,,170196,4421100,,,,,,
정보통신,정보통신공사업,3243,(주)엘피에스,,,420195,4419000,,,,,,
정보통신,정보통신공사업,3244,(주)새론에스엔씨,,,170119,4418200,,,,,,
정보통신,정보통신공사업,3244,(주)지오엔지스,,,310826,4418200,,,,,,
정보통신,정보통신공사업,3246,유현아이티(주),,,540106,4413800,,,,,,
정보통신,정보통신공사업,3247,(주)맥스이엔씨,,,311077,4410200,,,,,,
정보통신,정보통신공사업,3248,유화전력(주),,,201450,4409900,,,,,,
정보통신,정보통신공사업,3249,주식회사 온산,,,112776,4408900,,,,,,
정보통신,정보통신공사업,3250,(주)라인인포,,,160152,4408200,,,,,,
정보통신,정보통신공사업,3251,(주)텔코아,,,200715,4407800,,,,,,
정보통신,정보통신공사업,3252,케이시스 주식회사,,,510398,4405700,,,,,,
정보통신,정보통신공사업,3253,주식회사 지앤아이,,,520191,4404900,,,,,,
정보통신,정보통신공사업,3254,(주)지와이코맥스,,,120700,4403600,,,,,,
정보통신,정보통신공사업,3255,굿어스스마트솔루션 주식회사,,,202975,4402900,,,,,,
정보통신,정보통신공사업,3256,(주)엘아이엔씨,,,540122,4402700,,,,,,
정보통신,정보통신공사업,3257,(주)하나전력,,,610320,4401500,,,,,,
정보통신,정보통신공사업,3258,(주)엑스코하이텍,,,310504,4401300,,,,,,
정보통신,정보통신공사업,3259,레보론,,,550324,4399000,,,,,,
정보통신,정보통신공사업,3260,파나소닉코리아(주),,,202670,4398400,,,,,,
정보통신,정보통신공사업,3261,삼성통신기술(주),,,330075,4397400,,,,,,
정보통신,정보통신공사업,3262,(주)수창미디어,,,140206,4395700,,,,,,
정보통신,정보통신공사업,3263,(주)가온아이,,,201894,4394200,,,,,,
정보통신,정보통신공사업,3264,주식회사 영진씨엔씨,,,110579,4393500,,,,,,
정보통신,정보통신공사업,3265,주식회사 티에스한영,,,312408,4393200,,,,,,
정보통신,정보통신공사업,3266,주식회사 오정건설,,,620244,4392300,,,,,,
정보통신,정보통신공사업,3267,주식회사 제이투시스템,,,203155,4392000,,,,,,
정보통신,정보통신공사업,3268,(주)비즈메이드,,,311727,4391800,,,,,,
정보통신,정보통신공사업,3269,(주)에이엠피,,,140344,4391700,,,,,,
정보통신,정보통신공사업,3270,주식회사 이엘,,,140362,4390500,,,,,,
정보통신,정보통신공사업,3271,스마트한(주),,,311451,4389100,,,,,,
정보통신,정보통신공사업,3272,가온소프트(주),,,550034,4388800,,,,,,
정보통신,정보통신공사업,3273,(주)지오시스템,,,112481,4387300,,,,,,
정보통신,정보통신공사업,3274,주식회사 이음일렉콤,,,312500,4387100,,,,,,
정보통신,정보통신공사업,3275,(주)씨엘시스템즈,,,310848,4385800,,,,,,
정보통신,정보통신공사업,3276,주식회사 에이스티앤비(ACE T&B),,,310982,4384800,,,,,,
정보통신,정보통신공사업,3277,주식회사 스카이엔에스,,,510101,4384300,,,,,,
정보통신,정보통신공사업,3278,한국안전기술네트(주),,,530037,4383800,,,,,,
정보통신,정보통신공사업,3279,메타콤 주식회사,,,120220,4382800,,,,,,
정보통신,정보통신공사업,3280,우성에스앤지(주),,,510227,4379500,,,,,,
정보통신,정보통신공사업,3280,(주)동명텔레콤,,,201386,4379500,,,,,,
정보통신,정보통신공사업,3282,광은비지니스(주),,,620182,4379300,,,,,,
정보통신,정보통신공사업,3283,주식회사 아이원코리아,,,350366,4378900,,,,,,
정보통신,정보통신공사업,3284,주식회사 보아정보기술,,,320179,4377000,,,,,,
정보통신,정보통신공사업,3285,(주)삼성테크,,,410029,4376000,,,,,,
정보통신,정보통신공사업,3286,누리정보통신(주),,,130315,4375700,,,,,,
정보통신,정보통신공사업,3287,(주)진 솔루션,,,510016,4375300,,,,,,
정보통신,정보통신공사업,3288,위더스컴퓨터 주식회사,,,203822,4375200,,,,,,
정보통신,정보통신공사업,3289,비젼텔링크(주),,,201226,4369300,,,,,,
정보통신,정보통신공사업,3290,(주)트래콘건설,,,310988,4368300,,,,,,
정보통신,정보통신공사업,3291,(주)온시스템즈,,,160114,4366900,,,,,,
정보통신,정보통신공사업,3292,현대디지텍코어(주),,,200875,4365300,,,,,,
정보통신,정보통신공사업,3293,"주식회사 지에프씨코리아(GFC KOREA Co., Ltd.)",,,202954,4364700,,,,,,
정보통신,정보통신공사업,3294,(주)동국일렉콘스,,,112926,4362700,,,,,,
정보통신,정보통신공사업,3295,오픈스택(주),,,311081,4362000,,,,,,
정보통신,정보통신공사업,3296,주식회사 주연전자서비스,,,203272,4361100,,,,,,
정보통신,정보통신공사업,3297,(주)파워텔레콤,,,540124,4360700,,,,,,
정보통신,정보통신공사업,3298,(주)대명이엔씨,,,530283,4360300,,,,,,
정보통신,정보통신공사업,3299,(주)지오정보통신,,,420049,4360200,,,,,,
정보통신,정보통신공사업,3300,새천년이엔씨(주),,,111002,4356900,,,,,,
정보통신,정보통신공사업,3301,(주)조은시스템,,,510210,4355600,,,,,,
정보통신,정보통신공사업,3302,"주식회사 블루웍스 (Blue Works .CO.,LTD)",,,310947,4353400,,,,,,
정보통신,정보통신공사업,3303,(주)듀얼아이,,,310551,4353000,,,,,,
정보통신,정보통신공사업,3304,(주)한라씨앤씨,,,510181,4352400,,,,,,
정보통신,정보통신공사업,3304,엑티브아이티 주식회사,,,312327,4352400,,,,,,
정보통신,정보통신공사업,3306,(주)이레씨즈,,,201242,4352300,,,,,,
정보통신,정보통신공사업,3307,주식회사 아이티케어,,,420360,4350200,,,,,,
정보통신,정보통신공사업,3308,주식회사 에이엑스네트웍스,,,510758,4349900,,,,,,
정보통신,정보통신공사업,3309,에이원네트워크(주),,,200011,4348800,,,,,,
정보통신,정보통신공사업,3310,(주)나인텔레콤넷,,,510137,4347700,,,,,,
정보통신,정보통신공사업,3311,다린전력 주식회사,,,202880,4347300,,,,,,
정보통신,정보통신공사업,3312,주식회사 엔텍,,,620013,4345800,,,,,,
정보통신,정보통신공사업,3313,(주)연우정보,,,430133,4343900,,,,,,
정보통신,정보통신공사업,3314,(주)제이에스지테크,,,202321,4342800,,,,,,
정보통신,정보통신공사업,3315,(주)수경테크,,,420048,4337000,,,,,,
정보통신,정보통신공사업,3316,주식회사 엔하스,,,202941,4335100,,,,,,
정보통신,정보통신공사업,3317,동음전자,,,150377,4334200,,,,,,
정보통신,정보통신공사업,3318,(주)마루솔루션,,,311568,4331100,,,,,,
정보통신,정보통신공사업,3319,(주)한양티이씨,,,112623,4329600,,,,,,
정보통신,정보통신공사업,3320,(주)시에나텔레콤,,,201012,4329200,,,,,,
정보통신,정보통신공사업,3321,"주식회사 디비인솔(DB Insoul Co., Ltd.)",,,203216,4327800,,,,,,
정보통신,정보통신공사업,3321,(주)두성이앤씨,,,430002,4327800,,,,,,
정보통신,정보통신공사업,3323,주식회사 경인텔레콤,,,311735,4326900,,,,,,
정보통신,정보통신공사업,3324,주식회사 피에스콤,,,202805,4322900,,,,,,
정보통신,정보통신공사업,3325,(주)청우정보시스템,,,530088,4322600,,,,,,
정보통신,정보통신공사업,3326,티엔정보기술(주),,,180071,4321600,,,,,,
정보통신,정보통신공사업,3327,주식회사 한백시스템,,,410028,4321000,,,,,,
정보통신,정보통신공사업,3328,(주)디제이티,,,200497,4320300,,,,,,
정보통신,정보통신공사업,3329,(주)네오인아이텍,,,200795,4319800,,,,,,
정보통신,정보통신공사업,3330,"주식회사 케이티클라우드(kt cloud Co.,Ltd)",,,203657,4319700,,,,,,
정보통신,정보통신공사업,3331,주식회사 제이엠테크,,,610315,4319300,,,,,,
정보통신,정보통신공사업,3332,염광전기통신(주),,,111844,4318100,,,,,,
정보통신,정보통신공사업,3333,(주)융합기술,,,530392,4316700,,,,,,
정보통신,정보통신공사업,3334,주식회사 드림솔루션,,,420455,4316400,,,,,,
정보통신,정보통신공사업,3335,(주)성화,,,110401,4316300,,,,,,
정보통신,정보통신공사업,3335,승리정보통신(주),,,120701,4316300,,,,,,
정보통신,정보통신공사업,3337,동해아이앤티(주),,,200770,4315000,,,,,,
정보통신,정보통신공사업,3338,주식회사 세진테크,,,312235,4313100,,,,,,
정보통신,정보통신공사업,3339,주식회사 혼정보통신,,,420419,4311900,,,,,,
정보통신,정보통신공사업,3340,주식회사 신보산업,,,430103,4311400,,,,,,
정보통신,정보통신공사업,3341,조아텍(주),,,550356,4310800,,,,,,
정보통신,정보통신공사업,3342,(주)코맥스정보통신,,,111107,4310000,,,,,,
정보통신,정보통신공사업,3343,주식회사 아빅스,,,111188,4308100,,,,,,
정보통신,정보통신공사업,3344,주식회사 세은정보기술,,,610292,4307700,,,,,,
정보통신,정보통신공사업,3345,(주)근영이엔씨,,,112229,4307600,,,,,,
정보통신,정보통신공사업,3346,매스콤시스템(주),,,320102,4307100,,,,,,
정보통신,정보통신공사업,3347,(주)하나정보통신,,,140029,4307000,,,,,,
정보통신,정보통신공사업,3348,(주)나우(NAWOO),,,540203,4306900,,,,,,
정보통신,정보통신공사업,3349,협진통신(주),,,110438,4306400,,,,,,
정보통신,정보통신공사업,3350,(주)엠비에스,,,640045,4305000,,,,,,
정보통신,정보통신공사업,3351,주식회사 트러스(TRUSS Inc.),,,203659,4303800,,,,,,
정보통신,정보통신공사업,3352,대은전자 주식회사,,,311922,4301700,,,,,,
정보통신,정보통신공사업,3353,(주)디투이노베이션,,,311153,4301100,,,,,,
정보통신,정보통신공사업,3354,주식회사 진영에스아이티,,,430123,4301000,,,,,,
정보통신,정보통신공사업,3355,(주)데스카,,,202021,4300400,,,,,,
정보통신,정보통신공사업,3356,주식회사 넥스에이아이티,,,550289,4298700,,,,,,
정보통신,정보통신공사업,3357,주식회사 튠미디어,,,203177,4298500,,,,,,
정보통신,정보통신공사업,3358,(주)성신전업,,,350226,4298300,,,,,,
정보통신,정보통신공사업,3359,경안정보기술(주),,,150384,4297900,,,,,,
정보통신,정보통신공사업,3360,대호씨엔씨 주식회사(DAEHO C&C Co.Ltd.),,,310918,4296800,,,,,,
정보통신,정보통신공사업,3361,에이존테크(주),,,540204,4296700,,,,,,
정보통신,정보통신공사업,3362,디에스종합건설(주),,,620323,4296600,,,,,,
정보통신,정보통신공사업,3363,서원정보통신(주),,,130187,4296100,,,,,,
정보통신,정보통신공사업,3364,주식회사 엘렉슨미디어테크,,,620340,4295500,,,,,,
정보통신,정보통신공사업,3365,광영정보통신 주식회사,,,350261,4295400,,,,,,
정보통신,정보통신공사업,3366,(주)삼구정보통신,,,200865,4294600,,,,,,
정보통신,정보통신공사업,3367,(주)세인텍,,,120114,4292000,,,,,,
정보통신,정보통신공사업,3368,주식회사 파로스,,,550267,4291200,,,,,,
정보통신,정보통신공사업,3369,(주)티지에스,,,310304,4290100,,,,,,
정보통신,정보통신공사업,3370,(주)아즈넷,,,311120,4289800,,,,,,
정보통신,정보통신공사업,3371,비욘드데이터 주식회사,,,203670,4288200,,,,,,
정보통신,정보통신공사업,3372,주식회사하이패스텔,,,350026,4287900,,,,,,
정보통신,정보통신공사업,3373,(주)임택전기통신,,,120065,4287800,,,,,,
정보통신,정보통신공사업,3374,(주)화성개발,,,530010,4287300,,,,,,
정보통신,정보통신공사업,3375,(주)위너스엔지니어링,,,610220,4286100,,,,,,
정보통신,정보통신공사업,3376,아룸테크 주식회사,,,311825,4285400,,,,,,
정보통신,정보통신공사업,3377,(주)대진정보텔레콤,,,110259,4284400,,,,,,
정보통신,정보통신공사업,3378,주식회사 한통엔지니어링,,,110456,4284000,,,,,,
정보통신,정보통신공사업,3379,에이케이아이에스 주식회사,,,202989,4283700,,,,,,
정보통신,정보통신공사업,3380,(주)이언시스템,,,320354,4283300,,,,,,
정보통신,정보통신공사업,3381,(주)펀진,,,202079,4283000,,,,,,
정보통신,정보통신공사업,3382,오경이에스티 주식회사,,,120129,4282900,,,,,,
정보통신,정보통신공사업,3383,(주)이젠트리,,,311771,4282600,,,,,,
정보통신,정보통신공사업,3383,(주)영재정보통신,,,180067,4282600,,,,,,
정보통신,정보통신공사업,3385,태진미디어통신(주),,,520037,4281100,,,,,,
정보통신,정보통신공사업,3386,주식회사 다인이엔에스,,,330213,4279700,,,,,,
정보통신,정보통신공사업,3387,주식회사 제일정보통신,,,550336,4279500,,,,,,
정보통신,정보통신공사업,3388,주식회사 명신이앤씨,,,550027,4278900,,,,,,
정보통신,정보통신공사업,3389,(주)좋은소리,,,420003,4278300,,,,,,
정보통신,정보통신공사업,3390,(주)삼우통신,,,120053,4277400,,,,,,
정보통신,정보통신공사업,3390,(주)테크미컴,,,113231,4277400,,,,,,
정보통신,정보통신공사업,3392,(주)참정보통신,,,112634,4276400,,,,,,
정보통신,정보통신공사업,3393,주식회사 유원씨앤씨,,,510441,4276300,,,,,,
정보통신,정보통신공사업,3394,(주)에스앤씨텍,,,330270,4276200,,,,,,
정보통신,정보통신공사업,3395,주식회사 지에프에스,,,350412,4275300,,,,,,
정보통신,정보통신공사업,3396,주식회사 두울,,,113079,4271800,,,,,,
정보통신,정보통신공사업,3397,삼영마린통신,,,140422,4270200,,,,,,
정보통신,정보통신공사업,3398,(주)오토게이트,,,350432,4268800,,,,,,
정보통신,정보통신공사업,3399,(주)태산이에이지,,,201682,4268400,,,,,,
정보통신,정보통신공사업,3400,(주)라코스시스템,,,202566,4268300,,,,,,
정보통신,정보통신공사업,3401,주식회사 마커스코리아,,,202856,4267400,,,,,,
정보통신,정보통신공사업,3402,금부전자통신(주),,,170126,4266600,,,,,,
정보통신,정보통신공사업,3403,(주)윈플러스정보기술,,,112576,4264300,,,,,,
정보통신,정보통신공사업,3404,(주)콘포테크,,,350223,4263500,,,,,,
정보통신,정보통신공사업,3405,(주)대원정보기술,,,420027,4263400,,,,,,
정보통신,정보통신공사업,3406,(주)대성인포텍,,,311119,4262400,,,,,,
정보통신,정보통신공사업,3407,(주)씨엔비테크,,,530216,4262000,,,,,,
정보통신,정보통신공사업,3408,주식회사 한성기술개발,,,202877,4261800,,,,,,
정보통신,정보통신공사업,3409,티엔에스(주),,,130445,4261600,,,,,,
정보통신,정보통신공사업,3410,주식회사 씨에이웨이브,,,203761,4259800,,,,,,
정보통신,정보통신공사업,3411,(주)씨케이테크피아,,,310375,4259000,,,,,,
정보통신,정보통신공사업,3412,주식회사 포인정보,,,330237,4258000,,,,,,
정보통신,정보통신공사업,3412,에스케이하이스텍(주),,,310175,4258000,,,,,,
정보통신,정보통신공사업,3414,(주)씨텍,,,510481,4256700,,,,,,
정보통신,정보통신공사업,3415,(주)다산에스알,,,201752,4255900,,,,,,
정보통신,정보통신공사업,3416,(주)동성씨앤티,,,120746,4254900,,,,,,
정보통신,정보통신공사업,3417,(주)턴온전자,,,120369,4254700,,,,,,
정보통신,정보통신공사업,3418,(주)이츠,,,311206,4254500,,,,,,
정보통신,정보통신공사업,3419,주식회사 세원그룹,,,420279,4252600,,,,,,
정보통신,정보통신공사업,3420,(주)혜성정보통신,,,150130,4252300,,,,,,
정보통신,정보통신공사업,3421,(주)운산이엔씨,,,150319,4251500,,,,,,
정보통신,정보통신공사업,3421,(주)티엔아이넷,,,320124,4251500,,,,,,
정보통신,정보통신공사업,3423,주식회사 천우,,,180066,4250800,,,,,,
정보통신,정보통신공사업,3424,(주)일신기전,,,510518,4250000,,,,,,
정보통신,정보통신공사업,3425,미래전기주식회사,,,550216,4249700,,,,,,
정보통신,정보통신공사업,3426,(유)동아테크놀로지,,,160196,4247300,,,,,,
정보통신,정보통신공사업,3427,우암건설 주식회사,,,312249,4246700,,,,,,
정보통신,정보통신공사업,3428,(주)아이티마인드,,,410229,4244300,,,,,,
정보통신,정보통신공사업,3429,주식회사 다구현,,,203724,4243000,,,,,,
정보통신,정보통신공사업,3430,(주)삼경통신,,,520011,4242900,,,,,,
정보통신,정보통신공사업,3431,(주)웨더링크,,,310344,4242800,,,,,,
정보통신,정보통신공사업,3432,(주)다원아이엔씨,,,311467,4239300,,,,,,
정보통신,정보통신공사업,3433,(주)동서개발,,,530101,4239200,,,,,,
정보통신,정보통신공사업,3434,경동아이티 주식회사,,,510596,4238000,,,,,,
정보통신,정보통신공사업,3435,(주)나산이엔씨,,,140367,4237800,,,,,,
정보통신,정보통신공사업,3436,(주)성화이아이,,,150313,4235500,,,,,,
정보통신,정보통신공사업,3437,(주)에스에이텍,,,200270,4235400,,,,,,
정보통신,정보통신공사업,3437,"덕산넵코어스 주식회사 (DUKSAN NAVCOURS CO.,LTD.)",,,420291,4235400,,,,,,
정보통신,정보통신공사업,3439,주식회사 상진이노베이션,,,312384,4234600,,,,,,
정보통신,정보통신공사업,3440,주식회사 미래엘케이시스템,,,202846,4234000,,,,,,
정보통신,정보통신공사업,3441,(주)제주안전시스템,,,180040,4233700,,,,,,
정보통신,정보통신공사업,3442,주식회사 지바오텍,,,350352,4233600,,,,,,
정보통신,정보통신공사업,3443,주식회사 노비텍,,,203368,4232800,,,,,,
정보통신,정보통신공사업,3444,윈스로드(주),,,113478,4231800,,,,,,
정보통신,정보통신공사업,3445,(주)지앤에스이엔지,,,350197,4230500,,,,,,
정보통신,정보통신공사업,3446,(주)상부사종합건설,,,202068,4230300,,,,,,
정보통신,정보통신공사업,3447,주식회사 아람기술,,,312515,4229300,,,,,,
정보통신,정보통신공사업,3448,(주)웰정보통신,,,130511,4228700,,,,,,
정보통신,정보통신공사업,3449,한빛통신(주),,,330142,4228100,,,,,,
정보통신,정보통신공사업,3450,(주)씨에스이엔지,,,311270,4227700,,,,,,
정보통신,정보통신공사업,3451,주식회사 다올인포텍,,,530444,4227200,,,,,,
정보통신,정보통신공사업,3452,디씨티준오 주식회사,,,410133,4226600,,,,,,
정보통신,정보통신공사업,3453,(주)원정보기술원,,,202575,4225900,,,,,,
정보통신,정보통신공사업,3454,에임시스템(주),,,311366,4225600,,,,,,
정보통신,정보통신공사업,3455,(주)원업솔루션,,,311129,4225000,,,,,,
정보통신,정보통신공사업,3456,(주)명성,,,112334,4224900,,,,,,
정보통신,정보통신공사업,3457,(주)새빛테크놀러지,,,311579,4223400,,,,,,
정보통신,정보통신공사업,3458,(주)홍진전기,,,110637,4221300,,,,,,
정보통신,정보통신공사업,3459,(주)대덕지에스,,,620064,4221100,,,,,,
정보통신,정보통신공사업,3460,일조텔레콤(주),,,110548,4220500,,,,,,
정보통신,정보통신공사업,3461,(주)서드웨이브,,,200661,4218700,,,,,,
정보통신,정보통신공사업,3462,주식회사 세종아이티,,,330297,4217600,,,,,,
정보통신,정보통신공사업,3463,(주)아트웨어,,,201306,4216800,,,,,,
정보통신,정보통신공사업,3464,주식회사 미소기술공사,,,311859,4215300,,,,,,
정보통신,정보통신공사업,3465,쓰리에스텍(주),,,640079,4212700,,,,,,
정보통신,정보통신공사업,3466,삼동흥산 주식회사,,,203400,4212300,,,,,,
정보통신,정보통신공사업,3466,금수티아이 주식회사,,,540290,4212300,,,,,,
정보통신,정보통신공사업,3468,(주)유니스디,,,510147,4212200,,,,,,
정보통신,정보통신공사업,3469,유비네트웍스(주),,,520092,4209100,,,,,,
정보통신,정보통신공사업,3470,(주)하나정보통신,,,130393,4207400,,,,,,
정보통신,정보통신공사업,3471,(주)대아전력,,,610015,4207100,,,,,,
정보통신,정보통신공사업,3472,(주)엔터그레인,,,202238,4206800,,,,,,
정보통신,정보통신공사업,3473,(주)송림정보통신,,,140037,4206100,,,,,,
정보통신,정보통신공사업,3474,대영유비텍(주),,,111069,4204000,,,,,,
정보통신,정보통신공사업,3475,주식회사 씨엔컴즈,,,350515,4203900,,,,,,
정보통신,정보통신공사업,3476,(주)삼보정보통신,,,540166,4203000,,,,,,
정보통신,정보통신공사업,3477,고구려엔지니어링 주식회사,,,312027,4200400,,,,,,
정보통신,정보통신공사업,3478,주식회사 신설,,,640099,4199600,,,,,,
정보통신,정보통신공사업,3479,주식회사 씨엔테크,,,350422,4197300,,,,,,
정보통신,정보통신공사업,3480,(주)세빛전자통신,,,111744,4197000,,,,,,
정보통신,정보통신공사업,3481,에스큐앤티(주),,,202416,4194800,,,,,,
정보통신,정보통신공사업,3482,유한회사 이디네트웍스,,,630252,4193300,,,,,,
정보통신,정보통신공사업,3483,주식회사 이룸아이씨티,,,420346,4191600,,,,,,
정보통신,정보통신공사업,3484,주식회사 이제이엔넷,,,204034,4191300,,,,,,
정보통신,정보통신공사업,3485,주식회사 에스엔텍,,,530386,4190300,,,,,,
정보통신,정보통신공사업,3486,(주)파이더스,,,311438,4189800,,,,,,
정보통신,정보통신공사업,3487,"주식회사 쏜다 (SONDAR Co., Ltd.)",,,310361,4189500,,,,,,
정보통신,정보통신공사업,3488,(주)광양,,,120131,4189300,,,,,,
정보통신,정보통신공사업,3489,(주)온누리컴,,,120710,4189200,,,,,,
정보통신,정보통신공사업,3489,(주)혜인에스앤에스,,,201031,4189200,,,,,,
정보통신,정보통신공사업,3491,엔트로링크 주식회사,,,203881,4188000,,,,,,
정보통신,정보통신공사업,3492,주식회사 클립이엔지,,,540427,4187600,,,,,,
정보통신,정보통신공사업,3493,문엔지니어링(주),,,111267,4186000,,,,,,
정보통신,정보통신공사업,3494,주식회사 시온,,,630203,4185600,,,,,,
정보통신,정보통신공사업,3495,봉신이앤씨(주),,,350426,4185300,,,,,,
정보통신,정보통신공사업,3496,주식회사 조인잇,,,311768,4184700,,,,,,
정보통신,정보통신공사업,3497,비제이에코텍 주식회사,,,350081,4184400,,,,,,
정보통신,정보통신공사업,3498,(주)우리기업,,,111765,4183600,,,,,,
정보통신,정보통신공사업,3499,(주)제로정보기술,,,430181,4183500,,,,,,
정보통신,정보통신공사업,3500,(주)링크씨앤아이,,,201979,4183000,,,,,,
정보통신,정보통신공사업,3501,주식회사 포바이포 (4by4 Inc.),,,203947,4182300,,,,,,
정보통신,정보통신공사업,3502,(주)대성정보기술,,,180032,4181700,,,,,,
정보통신,정보통신공사업,3503,(주)유니콤,,,311574,4179400,,,,,,
정보통신,정보통신공사업,3504,대한신호(주),,,110810,4178600,,,,,,
정보통신,정보통신공사업,3505,코드네트웍스 주식회사,,,310483,4178200,,,,,,
정보통신,정보통신공사업,3506,(주)고려네트웍스,,,113172,4176400,,,,,,
정보통신,정보통신공사업,3507,(주)정운정보통신,,,200063,4175700,,,,,,
정보통신,정보통신공사업,3508,주식회사 한양전자피에이,,,111451,4175100,,,,,,
정보통신,정보통신공사업,3509,(주)다우텔레콤,,,113384,4174600,,,,,,
정보통신,정보통신공사업,3510,(주)대전사,,,150392,4173500,,,,,,
정보통신,정보통신공사업,3511,창희파워 주식회사,,,204000,4173400,,,,,,
정보통신,정보통신공사업,3512,(주)에스에이치전기,,,202511,4173100,,,,,,
정보통신,정보통신공사업,3513,엠에스전자통신(주),,,112217,4170900,,,,,,
정보통신,정보통신공사업,3514,주식회사 상상솔루션,,,203943,4170500,,,,,,
정보통신,정보통신공사업,3515,(주)씨.에스시스템,,,410006,4170200,,,,,,
정보통신,정보통신공사업,3516,주식회사 남악테크,,,610231,4169800,,,,,,
정보통신,정보통신공사업,3517,"에스지씨이앤씨 주식회사 (SGC E&C Co., Ltd.)",,,201392,4169500,,,,,,
정보통신,정보통신공사업,3518,주식회사 엘토브,,,203082,4169300,,,,,,
정보통신,정보통신공사업,3519,(주)투위즈넷,,,510091,4168400,,,,,,
정보통신,정보통신공사업,3520,(주)대운전설,,,112373,4168300,,,,,,
정보통신,정보통신공사업,3520,(주)청산뉴미디어,,,140220,4168300,,,,,,
정보통신,정보통신공사업,3522,주식회사 비손정보통신,,,530269,4167600,,,,,,
정보통신,정보통신공사업,3523,주식회사 피코씨엔아이,,,310063,4165900,,,,,,
정보통신,정보통신공사업,3524,주식회사 상지이엔씨,,,311643,4165000,,,,,,
정보통신,정보통신공사업,3525,(주)시원에스알아이,,,200702,4163500,,,,,,
정보통신,정보통신공사업,3526,주식회사 엔큐씨,,,202520,4163300,,,,,,
정보통신,정보통신공사업,3527,(주)에스티엔아이,,,350297,4162100,,,,,,
정보통신,정보통신공사업,3528,주식회사 이엔아이미디어,,,540483,4161800,,,,,,
정보통신,정보통신공사업,3529,주식회사 티에스,,,540062,4161500,,,,,,
정보통신,정보통신공사업,3530,한국랜트로비젼(주),,,200390,4161000,,,,,,
정보통신,정보통신공사업,3531,세종네트웍스 주식회사,,,312532,4160700,,,,,,
정보통신,정보통신공사업,3532,(주)호경,,,610123,4157600,,,,,,
정보통신,정보통신공사업,3533,주식회사 금강정보통신,,,630179,4155500,,,,,,
정보통신,정보통신공사업,3533,동원건설산업(주),,,310864,4155500,,,,,,
정보통신,정보통신공사업,3535,광주정보통신(주),,,140054,4153700,,,,,,
정보통신,정보통신공사업,3536,(주)디지털우민,,,200074,4152200,,,,,,
정보통신,정보통신공사업,3537,(주)에이원아이티,,,201740,4152000,,,,,,
정보통신,정보통신공사업,3538,(주)이씨티,,,430120,4148300,,,,,,
정보통신,정보통신공사업,3539,주식회사 파인드텍,,,203411,4145200,,,,,,
정보통신,정보통신공사업,3540,주식회사 리드앤컴퍼니,,,200514,4145000,,,,,,
정보통신,정보통신공사업,3541,(유)무궁화통신건설,,,140197,4143200,,,,,,
정보통신,정보통신공사업,3542,주식회사 씨엔에스전기통신,,,310798,4140400,,,,,,
정보통신,정보통신공사업,3543,(주)범산,,,330064,4140300,,,,,,
정보통신,정보통신공사업,3544,주식회사 아이시큐,,,510715,4139600,,,,,,
정보통신,정보통신공사업,3545,제이디건설산업 주식회사,,,312252,4136200,,,,,,
정보통신,정보통신공사업,3546,(주)희수정보통신,,,320216,4135500,,,,,,
정보통신,정보통신공사업,3547,주식회사 열린정보기술,,,430353,4133700,,,,,,
정보통신,정보통신공사업,3548,한국방송통신산업협동조합,,,203443,4132000,,,,,,
정보통신,정보통신공사업,3549,(주)주원정보통신,,,510516,4130700,,,,,,
정보통신,정보통신공사업,3550,주식회사 위플러스,,,312093,4129000,,,,,,
정보통신,정보통신공사업,3551,대성텔레콤(주),,,120523,4127900,,,,,,
정보통신,정보통신공사업,3552,주식회사 세아정보통신,,,320345,4127200,,,,,,
정보통신,정보통신공사업,3553,주식회사 유콘텍,,,203855,4126700,,,,,,
정보통신,정보통신공사업,3554,FT MARINE,,,550109,4124800,,,,,,
정보통신,정보통신공사업,3555,금강기술 주식회사,,,540061,4124400,,,,,,
정보통신,정보통신공사업,3556,주식회사 지니테크,,,311969,4124000,,,,,,
정보통신,정보통신공사업,3557,(주)민현테크,,,310841,4123600,,,,,,
정보통신,정보통신공사업,3558,유원이엔씨 주식회사,,,510365,4123300,,,,,,
정보통신,정보통신공사업,3559,(주)에디넷,,,310178,4122000,,,,,,
정보통신,정보통신공사업,3560,(주)시대정보통신,,,430144,4121900,,,,,,
정보통신,정보통신공사업,3561,세진네트웍스 주식회사,,,140141,4121100,,,,,,
정보통신,정보통신공사업,3562,에이스테크(주),,,311026,4120600,,,,,,
정보통신,정보통신공사업,3563,주식회사 엠비아테크,,,320180,4118900,,,,,,
정보통신,정보통신공사업,3564,주식회사 포디텍,,,620258,4117400,,,,,,
정보통신,정보통신공사업,3565,주식회사 아이피캠프(IP Camp),,,550333,4114500,,,,,,
정보통신,정보통신공사업,3566,대한민국상이군경회,,,111530,4113900,,,,,,
정보통신,정보통신공사업,3567,더파트 주식회사 (THE PART),,,203889,4112300,,,,,,
정보통신,정보통신공사업,3568,(주)블루웨이,,,540271,4111700,,,,,,
정보통신,정보통신공사업,3569,유한회사 시온이엔씨,,,630297,4110400,,,,,,
정보통신,정보통신공사업,3570,주식회사 과학기술분석센타,,,420288,4110300,,,,,,
정보통신,정보통신공사업,3570,서우통신 주식회사,,,112462,4110300,,,,,,
정보통신,정보통신공사업,3572,"블루센 주식회사 (Bluesen Co.,Ltd.)",,,510110,4109400,,,,,,
정보통신,정보통신공사업,3572,퍼스트아이앤씨(주),,,200996,4109400,,,,,,
정보통신,정보통신공사업,3574,(주)옴니테크,,,420088,4108100,,,,,,
정보통신,정보통신공사업,3575,(주)일성텔레콤,,,170142,4107300,,,,,,
정보통신,정보통신공사업,3576,하나아이씨티,,,350233,4107100,,,,,,
정보통신,정보통신공사업,3577,주식회사 젠투,,,510632,4106700,,,,,,
정보통신,정보통신공사업,3578,주식회사 서진건설,,,620205,4106300,,,,,,
정보통신,정보통신공사업,3579,(주)지후,,,620099,4105900,,,,,,
정보통신,정보통신공사업,3580,(주)금호전력,,,610144,4105400,,,,,,
정보통신,정보통신공사업,3581,영남정보통신(주),,,150074,4103600,,,,,,
정보통신,정보통신공사업,3582,인켈정보통신(주),,,540189,4102200,,,,,,
정보통신,정보통신공사업,3583,네오에스티엠(주),,,113250,4101300,,,,,,
정보통신,정보통신공사업,3584,(유)수호안전,,,120325,4100600,,,,,,
정보통신,정보통신공사업,3585,주식회사 주연,,,120137,4100500,,,,,,
정보통신,정보통신공사업,3586,(주)에즈웰,,,420122,4100400,,,,,,
정보통신,정보통신공사업,3587,(주)누리아이코리아,,,120458,4100200,,,,,,
정보통신,정보통신공사업,3588,주식회사 케이디지,,,130153,4099200,,,,,,
정보통신,정보통신공사업,3589,(주)씨티에스,,,540305,4099000,,,,,,
정보통신,정보통신공사업,3590,대성아이넷(주),,,120846,4098300,,,,,,
정보통신,정보통신공사업,3591,주식회사 아이엘미디어,,,311808,4097900,,,,,,
정보통신,정보통신공사업,3592,주식회사 건하정보통신,,,320389,4097600,,,,,,
정보통신,정보통신공사업,3593,(주)지에프전력,,,113325,4096700,,,,,,
정보통신,정보통신공사업,3594,유징테크(주),,,540243,4096600,,,,,,
정보통신,정보통신공사업,3595,(주)제일첨단테크,,,200488,4094800,,,,,,
정보통신,정보통신공사업,3596,(주)동화전설,,,201245,4093500,,,,,,
정보통신,정보통신공사업,3597,주식회사 로뎀씨엔씨,,,610034,4091800,,,,,,
정보통신,정보통신공사업,3598,주식회사 제온기술,,,610288,4089200,,,,,,
정보통신,정보통신공사업,3598,(주)테크인,,,311226,4089200,,,,,,
정보통신,정보통신공사업,3600,(주)네오아이에스,,,311553,4088800,,,,,,
정보통신,정보통신공사업,3601,주식회사 에프엔에스,,,620377,4086900,,,,,,
정보통신,정보통신공사업,3602,호근전기(주),,,200833,4085700,,,,,,
정보통신,정보통신공사업,3602,유일엔지니어링(주),,,410053,4085700,,,,,,
정보통신,정보통신공사업,3604,주식회사 백운전기통신,,,550148,4083800,,,,,,
정보통신,정보통신공사업,3605,"주식회사 대운텔레시스(Dae Un Telesis Co., Ltd.)",,,201960,4082600,,,,,,
정보통신,정보통신공사업,3606,(주)신관산업,,,200681,4080400,,,,,,
정보통신,정보통신공사업,3607,(주)은광유비텍,,,120395,4078400,,,,,,
정보통신,정보통신공사업,3608,(주)제일정보통신,,,120564,4077400,,,,,,
정보통신,정보통신공사업,3608,태현정보통신(주),,,110204,4077400,,,,,,
정보통신,정보통신공사업,3610,주식회사 인사이트온,,,520175,4076800,,,,,,
정보통신,정보통신공사업,3611,위즈테크놀로지(주),,,420231,4075500,,,,,,
정보통신,정보통신공사업,3612,블루넷테크놀러지(주),,,202434,4074100,,,,,,
정보통신,정보통신공사업,3613,주식회사 테크인스,,,203669,4074000,,,,,,
정보통신,정보통신공사업,3614,(주)라산전공,,,150572,4073900,,,,,,
정보통신,정보통신공사업,3615,주식회사 양지,,,111193,4073100,,,,,,
정보통신,정보통신공사업,3616,(주)미래이엔씨,,,150629,4072700,,,,,,
정보통신,정보통신공사업,3617,주식회사 한선이엔지,,,420406,4072000,,,,,,
정보통신,정보통신공사업,3618,주식회사 코리아아이씨티,,,203971,4071700,,,,,,
정보통신,정보통신공사업,3619,주식회사 더블유엔에스,,,110007,4070600,,,,,,
정보통신,정보통신공사업,3620,(주)명도정보통신,,,510535,4068600,,,,,,
정보통신,정보통신공사업,3621,주식회사 대덕전산,,,620307,4067700,,,,,,
정보통신,정보통신공사업,3622,(주)보고텍,,,311706,4066100,,,,,,
정보통신,정보통신공사업,3623,주식회사 에이티지,,,510627,4065700,,,,,,
정보통신,정보통신공사업,3624,(주)부일아이티,,,510051,4065200,,,,,,
정보통신,정보통신공사업,3625,주식회사 마테라아이티,,,510059,4064300,,,,,,
정보통신,정보통신공사업,3626,(주)위드네트웍스,,,202103,4064200,,,,,,
정보통신,정보통신공사업,3627,주식회사 벨류데이터,,,540235,4063000,,,,,,
정보통신,정보통신공사업,3628,삼덕정보통신(주),,,150446,4062300,,,,,,
정보통신,정보통신공사업,3629,주식회사 글로웰시스템,,,202159,4061800,,,,,,
정보통신,정보통신공사업,3630,주식회사 그린에코텍,,,610269,4060800,,,,,,
정보통신,정보통신공사업,3631,주식회사 승현시스템,,,350408,4059900,,,,,,
정보통신,정보통신공사업,3632,주식회사 엔에프,,,312056,4055000,,,,,,
정보통신,정보통신공사업,3633,(주)에스티엔비,,,311258,4053700,,,,,,
정보통신,정보통신공사업,3634,"주식회사 엔씨에스(NCS Co., Ltd)",,,550334,4053100,,,,,,
정보통신,정보통신공사업,3635,보스시큐리티(주),,,113391,4052100,,,,,,
정보통신,정보통신공사업,3636,(주)경일전공,,,202256,4051800,,,,,,
정보통신,정보통신공사업,3637,주식회사 원탑정보기술,,,610407,4051100,,,,,,
정보통신,정보통신공사업,3638,주식회사 에스에이취 (SH),,,530201,4050900,,,,,,
정보통신,정보통신공사업,3639,주식회사 한창기전,,,204053,4050300,,,,,,
정보통신,정보통신공사업,3640,주식회사 큐빅테크,,,203937,4049200,,,,,,
정보통신,정보통신공사업,3641,주식회사 벨아이앤에스,,,203231,4048400,,,,,,
정보통신,정보통신공사업,3642,(주)제일,,,112236,4047400,,,,,,
정보통신,정보통신공사업,3643,(주)유아이,,,170124,4045700,,,,,,
정보통신,정보통신공사업,3644,사단법인 꿈드래장애인협회,,,630185,4044800,,,,,,
정보통신,정보통신공사업,3645,(주)비욘드커뮤니케이션,,,113121,4044400,,,,,,
정보통신,정보통신공사업,3646,하이퍼미디어,,,520104,4043200,,,,,,
정보통신,정보통신공사업,3647,주식회사 우리통신,,,550043,4042600,,,,,,
정보통신,정보통신공사업,3648,에스피티씨(주),,,311075,4041900,,,,,,
정보통신,정보통신공사업,3649,(주)피에스아이티,,,350482,4041500,,,,,,
정보통신,정보통신공사업,3650,(주)서경방송,,,120711,4041300,,,,,,
정보통신,정보통신공사업,3651,주식회사 공감아이티,,,410304,4038500,,,,,,
정보통신,정보통신공사업,3652,(주)피앤디아이앤씨,,,201818,4037700,,,,,,
정보통신,정보통신공사업,3653,(주)큐오텍,,,202356,4037100,,,,,,
정보통신,정보통신공사업,3654,세기정보통신(주),,,111695,4035800,,,,,,
정보통신,정보통신공사업,3655,티에스퓨처(주),,,201636,4034600,,,,,,
정보통신,정보통신공사업,3656,주식회사 세이브앤태원,,,120478,4034500,,,,,,
정보통신,정보통신공사업,3657,(주)하픽스,,,311272,4034300,,,,,,
정보통신,정보통신공사업,3657,(주)프로웰,,,550075,4034300,,,,,,
정보통신,정보통신공사업,3659,(주)나래,,,150615,4033700,,,,,,
정보통신,정보통신공사업,3660,(주)케이씨티,,,150084,4033300,,,,,,
정보통신,정보통신공사업,3661,주식회사 엘에프엔지니어링,,,630008,4032500,,,,,,
정보통신,정보통신공사업,3662,(주)세영통신,,,110181,4032400,,,,,,
정보통신,정보통신공사업,3663,아이투케이코리아(주),,,202117,4032100,,,,,,
정보통신,정보통신공사업,3664,주식회사 건인티엔에스,,,310240,4030800,,,,,,
정보통신,정보통신공사업,3665,(주)세아정보기술,,,610178,4029300,,,,,,
정보통신,정보통신공사업,3666,(주)모든테크,,,620040,4028700,,,,,,
정보통신,정보통신공사업,3667,(주)지성정보통신,,,310018,4025700,,,,,,
정보통신,정보통신공사업,3668,(주)두주시스템,,,350082,4025500,,,,,,
정보통신,정보통신공사업,3669,주식회사 태화산업,,,610383,4025000,,,,,,
정보통신,정보통신공사업,3670,(주)대광시스템,,,150205,4024700,,,,,,
정보통신,정보통신공사업,3671,신호시스템(주),,,202048,4023800,,,,,,
정보통신,정보통신공사업,3672,(주)제이엠텔레콤,,,550090,4021800,,,,,,
정보통신,정보통신공사업,3673,(주)알엠케이,,,112326,4020300,,,,,,
정보통신,정보통신공사업,3674,주식회사 태연,,,312137,4019300,,,,,,
정보통신,정보통신공사업,3675,(주)이너트론,,,320329,4015900,,,,,,
정보통신,정보통신공사업,3676,(주)아이제이일렉트론,,,201250,4015300,,,,,,
정보통신,정보통신공사업,3677,엘림네트웍스,,,410104,4014500,,,,,,
정보통신,정보통신공사업,3678,주은통신기술 주식회사,,,310238,4013600,,,,,,
정보통신,정보통신공사업,3679,주식회사 에이치엔와이(H&Y),,,203568,4013500,,,,,,
정보통신,정보통신공사업,3680,주식회사 신화이앤씨,,,630229,4011800,,,,,,
정보통신,정보통신공사업,3681,코스모스티이에스(주),,,113084,4010800,,,,,,
정보통신,정보통신공사업,3682,(주)가디엘,,,200010,4009600,,,,,,
정보통신,정보통신공사업,3683,지엔네텔(주),,,111862,4008100,,,,,,
정보통신,정보통신공사업,3684,(주)파인정보통신,,,410205,4006400,,,,,,
정보통신,정보통신공사업,3685,주식회사 한강기전,,,203691,4006200,,,,,,
정보통신,정보통신공사업,3686,(주)태성정보통신,,,440056,4006000,,,,,,
정보통신,정보통신공사업,3687,(주)이루온,,,310897,4005100,,,,,,
정보통신,정보통신공사업,3688,(주)이노테크,,,311196,4004200,,,,,,
정보통신,정보통신공사업,3689,(주)대하정보통신,,,550081,4003900,,,,,,
정보통신,정보통신공사업,3690,남광정보통신(주),,,111545,4003700,,,,,,
정보통신,정보통신공사업,3691,(주)넥선,,,110752,4003600,,,,,,
정보통신,정보통신공사업,3692,주식회사 시큐어원,,,201472,4000600,,,,,,
정보통신,정보통신공사업,3693,세움기술(주),,,201858,3999600,,,,,,
정보통신,정보통신공사업,3694,주식회사 미강전력,,,202703,3999300,,,,,,
정보통신,정보통신공사업,3695,주식회사 아이버스씨앤아이(AIBUS CnI),,,203628,3998600,,,,,,
정보통신,정보통신공사업,3696,(주)이오정보통신,,,420192,3998000,,,,,,
정보통신,정보통신공사업,3697,솔텍인포넷(주),,,202399,3995900,,,,,,
정보통신,정보통신공사업,3698,주식회사 엠앤제이테크,,,310027,3994500,,,,,,
정보통신,정보통신공사업,3699,(주)중앙통신건설,,,160034,3994200,,,,,,
정보통신,정보통신공사업,3700,주식회사 애드테크,,,111074,3994000,,,,,,
정보통신,정보통신공사업,3701,(주)아이엘에스씨,,,112069,3993600,,,,,,
정보통신,정보통신공사업,3702,주식회사 두레이앤씨,,,311039,3992300,,,,,,
정보통신,정보통신공사업,3703,(주)동양산전,,,112424,3991500,,,,,,
정보통신,정보통신공사업,3704,동아비쥬얼테크놀로지(주),,,620154,3991400,,,,,,
정보통신,정보통신공사업,3705,"주식회사 모두아이티(ModuIT Co., Ltd.)",,,204111,3991200,,,,,,
정보통신,정보통신공사업,3706,(주)브레인컨설팅,,,202402,3991000,,,,,,
정보통신,정보통신공사업,3707,영창전설(주),,,520046,3989000,,,,,,
정보통신,정보통신공사업,3708,주식회사 개성건설,,,312176,3987400,,,,,,
정보통신,정보통신공사업,3708,삼성지투비(주),,,510058,3987400,,,,,,
정보통신,정보통신공사업,3710,시큐어텍,,,530325,3986800,,,,,,
정보통신,정보통신공사업,3711,(주)나라네트워크,,,330086,3986500,,,,,,
정보통신,정보통신공사업,3712,주식회사 서진아이티씨,,,330360,3986400,,,,,,
정보통신,정보통신공사업,3713,(주)예스정보통신,,,310966,3986100,,,,,,
정보통신,정보통신공사업,3714,주식회사 라온정보통신,,,350375,3985200,,,,,,
정보통신,정보통신공사업,3715,(주)원네트웍,,,110867,3980300,,,,,,
정보통신,정보통신공사업,3716,주식회사 브이게이트,,,203667,3979600,,,,,,
정보통신,정보통신공사업,3717,주식회사 성우일렉콤,,,112945,3979500,,,,,,
정보통신,정보통신공사업,3718,주식회사 다인테크,,,203530,3979000,,,,,,
정보통신,정보통신공사업,3719,(주)엔디에스,,,110287,3978100,,,,,,
정보통신,정보통신공사업,3720,오무전력 합자회사,,,530139,3976000,,,,,,
정보통신,정보통신공사업,3721,주식회사 두경테크,,,310996,3975700,,,,,,
정보통신,정보통신공사업,3722,주식회사 라임플러스,,,550450,3975200,,,,,,
정보통신,정보통신공사업,3723,(유)동아미디어정보,,,160203,3972700,,,,,,
정보통신,정보통신공사업,3724,주식회사 휴랜,,,320429,3972600,,,,,,
정보통신,정보통신공사업,3725,주식회사 이리야시스템,,,203202,3972200,,,,,,
정보통신,정보통신공사업,3726,(주)성진이엔씨,,,510215,3970600,,,,,,
정보통신,정보통신공사업,3727,(주)에스티에스시스템,,,510330,3968800,,,,,,
정보통신,정보통신공사업,3728,투빅스(주),,,110473,3966500,,,,,,
정보통신,정보통신공사업,3729,(주)다나통신,,,430220,3966400,,,,,,
정보통신,정보통신공사업,3730,(주)명승아이티,,,110491,3966300,,,,,,
정보통신,정보통신공사업,3731,마스트아이엔씨(주),,,202753,3965300,,,,,,
정보통신,정보통신공사업,3732,(주)신우테크,,,320077,3964200,,,,,,
정보통신,정보통신공사업,3733,"주식회사 로제에이아이코리아 (RozeAI Korea Co., Ltd.)",,,311953,3962100,,,,,,
정보통신,정보통신공사업,3734,(주)넷솔테크,,,200123,3961700,,,,,,
정보통신,정보통신공사업,3735,주식회사 신성디아이디,,,203465,3961600,,,,,,
정보통신,정보통신공사업,3736,(주)로뎀산전,,,410066,3961300,,,,,,
정보통신,정보통신공사업,3737,(주)로버텍,,,201646,3960600,,,,,,
정보통신,정보통신공사업,3738,(주)액션테크,,,200298,3960000,,,,,,
정보통신,정보통신공사업,3739,동서이엔씨(주),,,111834,3957600,,,,,,
정보통신,정보통신공사업,3740,주식회사 정우이엔씨에스,,,311696,3956800,,,,,,
정보통신,정보통신공사업,3741,(주)세인블루,,,200573,3956500,,,,,,
정보통신,정보통신공사업,3742,(주)충남정보통신,,,130267,3955800,,,,,,
정보통신,정보통신공사업,3743,(주)씽크테크,,,112458,3955200,,,,,,
정보통신,정보통신공사업,3744,(주)엔젠정보통신,,,140491,3955000,,,,,,
정보통신,정보통신공사업,3745,(주)유노아이티,,,120241,3953800,,,,,,
정보통신,정보통신공사업,3746,(주)이지정보통신,,,140275,3953600,,,,,,
정보통신,정보통신공사업,3747,한광정보통신 주식회사,,,311818,3953300,,,,,,
정보통신,정보통신공사업,3748,(합자)원진,,,330090,3953200,,,,,,
정보통신,정보통신공사업,3749,(주)래도,,,113191,3951300,,,,,,
정보통신,정보통신공사업,3750,나루씨앤씨(주),,,201900,3951200,,,,,,
정보통신,정보통신공사업,3751,주식회사 에스제이엔이티,,,311989,3950800,,,,,,
정보통신,정보통신공사업,3752,(주)한울정보통신,,,180045,3950200,,,,,,
정보통신,정보통신공사업,3753,주식회사 새올정보기술,,,410232,3948500,,,,,,
정보통신,정보통신공사업,3754,(주)티제이텔레시스,,,350161,3948300,,,,,,
정보통신,정보통신공사업,3755,대신네트웍스(주),,,120182,3948000,,,,,,
정보통신,정보통신공사업,3756,(주)엔에스티정보통신,,,202666,3947200,,,,,,
정보통신,정보통신공사업,3757,(유)동아테크,,,630117,3946400,,,,,,
정보통신,정보통신공사업,3758,(주)두드림정보,,,420359,3943300,,,,,,
정보통신,정보통신공사업,3759,(주)동우시스네트,,,150081,3942300,,,,,,
정보통신,정보통신공사업,3760,(주)라인시스텍,,,311500,3941700,,,,,,
정보통신,정보통신공사업,3761,하이콤(주),,,120627,3941600,,,,,,
정보통신,정보통신공사업,3761,주식회사 성화에프티,,,510676,3941600,,,,,,
정보통신,정보통신공사업,3763,하나이티에프(주),,,113349,3940600,,,,,,
정보통신,정보통신공사업,3764,제이씨앤에스,,,311856,3940500,,,,,,
정보통신,정보통신공사업,3765,(주)신안전력,,,430167,3938500,,,,,,
정보통신,정보통신공사업,3766,(사)한국장애인이워크협회,,,200542,3934700,,,,,,
정보통신,정보통신공사업,3767,주식회사 싸이버텍홀딩스,,,203694,3934400,,,,,,
정보통신,정보통신공사업,3768,주식회사 혁산정보시스템,,,203487,3931700,,,,,,
정보통신,정보통신공사업,3769,(주)평화,,,150668,3931500,,,,,,
정보통신,정보통신공사업,3770,HF테크,,,420300,3931100,,,,,,
정보통신,정보통신공사업,3771,(주)소프트넷,,,201930,3930000,,,,,,
정보통신,정보통신공사업,3772,주식회사 필라넷,,,203085,3929900,,,,,,
정보통신,정보통신공사업,3773,정원산업(주),,,311848,3929300,,,,,,
정보통신,정보통신공사업,3774,(주)부원정보통신,,,140306,3928300,,,,,,
정보통신,정보통신공사업,3775,(주)디큐,,,330110,3926800,,,,,,
정보통신,정보통신공사업,3775,폴마켓,,,510569,3926800,,,,,,
정보통신,정보통신공사업,3777,프로티앤에스 주식회사,,,203839,3924500,,,,,,
정보통신,정보통신공사업,3778,(주)지비유데이터링크스,,,311247,3924100,,,,,,
정보통신,정보통신공사업,3779,주식회사 콘텍에스디,,,530156,3922900,,,,,,
정보통신,정보통신공사업,3779,주식회사 와이전력,,,330294,3922900,,,,,,
정보통신,정보통신공사업,3781,코스텔(주),,,110322,3922600,,,,,,
정보통신,정보통신공사업,3782,제이엔에스텍(주),,,201639,3921200,,,,,,
정보통신,정보통신공사업,3783,대한엔지니어링(주),,,113451,3918100,,,,,,
정보통신,정보통신공사업,3784,주식회사 테라시스,,,312548,3917000,,,,,,
정보통신,정보통신공사업,3785,(주)하진테크,,,120599,3916100,,,,,,
정보통신,정보통신공사업,3786,주식회사 진정보통신,,,520100,3914900,,,,,,
정보통신,정보통신공사업,3787,(주)영진전기통신,,,130098,3912700,,,,,,
정보통신,정보통신공사업,3788,(주)에이티맥스,,,311018,3911900,,,,,,
정보통신,정보통신공사업,3789,주식회사 계림정보통신,,,640110,3911200,,,,,,
정보통신,정보통신공사업,3790,주식회사 대성미디어,,,520201,3911000,,,,,,
정보통신,정보통신공사업,3791,주식회사 우진이앤씨,,,120621,3910600,,,,,,
정보통신,정보통신공사업,3792,(주)신흥솔루션,,,310766,3909400,,,,,,
정보통신,정보통신공사업,3793,주식회사 비전제어시스템,,,320342,3909100,,,,,,
정보통신,정보통신공사업,3794,(주)디피엔,,,112196,3908300,,,,,,
정보통신,정보통신공사업,3794,(주)일산이엔씨,,,310159,3908300,,,,,,
정보통신,정보통신공사업,3796,유한회사 한울,,,160206,3908200,,,,,,
정보통신,정보통신공사업,3797,(주)에이치엠씨,,,120255,3907000,,,,,,
정보통신,정보통신공사업,3798,(주)위트콤,,,201080,3906900,,,,,,
정보통신,정보통신공사업,3799,주식회사 지투넥스,,,203105,3906700,,,,,,
정보통신,정보통신공사업,3800,(주)온고을정보통신,,,160171,3906600,,,,,,
정보통신,정보통신공사업,3801,(주)효주,,,610062,3906400,,,,,,
정보통신,정보통신공사업,3802,(주)아라정보,,,320043,3905800,,,,,,
정보통신,정보통신공사업,3803,이천정보통신 주식회사,,,312344,3905500,,,,,,
정보통신,정보통신공사업,3803,(주)마스터시스템,,,540159,3905500,,,,,,
정보통신,정보통신공사업,3805,(주)영남이엔지,,,540296,3905300,,,,,,
정보통신,정보통신공사업,3806,주식회사 위드네트,,,312480,3903500,,,,,,
정보통신,정보통신공사업,3807,(주)기준시스템,,,540371,3902900,,,,,,
정보통신,정보통신공사업,3808,남인천방송(주),,,110936,3902500,,,,,,
정보통신,정보통신공사업,3809,주식회사 한울정보,,,430158,3902300,,,,,,
정보통신,정보통신공사업,3810,(주)삼인정보통신,,,311093,3901700,,,,,,
정보통신,정보통신공사업,3811,(주)다승텔레콤,,,120201,3900600,,,,,,
정보통신,정보통신공사업,3812,금강방송(주),,,110694,3900500,,,,,,
정보통신,정보통신공사업,3813,미래정보기술(주),,,311211,3900400,,,,,,
정보통신,정보통신공사업,3814,(주)비노기술,,,120380,3899900,,,,,,
정보통신,정보통신공사업,3815,(주)나인콤,,,140191,3899700,,,,,,
정보통신,정보통신공사업,3816,주식회사 사파시스템,,,350369,3896200,,,,,,
정보통신,정보통신공사업,3817,(주)영도정보통신,,,540120,3895200,,,,,,
정보통신,정보통신공사업,3818,주식회사 진우정보,,,620305,3894500,,,,,,
정보통신,정보통신공사업,3818,주식회사 넷엔씨큐,,,203794,3894500,,,,,,
정보통신,정보통신공사업,3820,(주)동부코리아통신,,,112160,3893800,,,,,,
정보통신,정보통신공사업,3821,(유)유성통신건설,,,160027,3892700,,,,,,
정보통신,정보통신공사업,3822,디지털네트워크 주식회사,,,550350,3891900,,,,,,
정보통신,정보통신공사업,3823,금호마린테크(주),,,510105,3891500,,,,,,
정보통신,정보통신공사업,3824,주식회사 다컴,,,550233,3890400,,,,,,
정보통신,정보통신공사업,3825,주식회사 지산이앤씨,,,330127,3890300,,,,,,
정보통신,정보통신공사업,3826,(유)건일시앤시,,,160224,3889300,,,,,,
정보통신,정보통신공사업,3827,주식회사 잡매니아,,,204021,3888400,,,,,,
정보통신,정보통신공사업,3828,미호전공 주식회사,,,410149,3887400,,,,,,
정보통신,정보통신공사업,3828,주식회사 지유글로벌,,,203663,3887400,,,,,,
정보통신,정보통신공사업,3830,파이널위즈,,,510536,3887200,,,,,,
정보통신,정보통신공사업,3831,대승정보통신(주),,,111263,3885500,,,,,,
정보통신,정보통신공사업,3832,인터엠음향정보통신(주),,,130184,3884900,,,,,,
정보통신,정보통신공사업,3833,(주)아이퀸즈,,,200600,3884800,,,,,,
정보통신,정보통신공사업,3834,주식회사 서진아이앤씨(SEOJIN.INC),,,540347,3884500,,,,,,
정보통신,정보통신공사업,3835,주식회사 새암정보통신,,,310476,3884300,,,,,,
정보통신,정보통신공사업,3836,(주)에스아이정보기술,,,320198,3883200,,,,,,
정보통신,정보통신공사업,3837,주식회사 영풍전력설비,,,202982,3879200,,,,,,
정보통신,정보통신공사업,3838,(주)대신정보통신,,,430037,3878800,,,,,,
정보통신,정보통신공사업,3839,주식회사 더솔루션스,,,610321,3878100,,,,,,
정보통신,정보통신공사업,3840,(주)전우사,,,110257,3877100,,,,,,
정보통신,정보통신공사업,3841,미디어텔레콤(주),,,112461,3875200,,,,,,
정보통신,정보통신공사업,3841,삼일아이앤씨(주),,,510315,3875200,,,,,,
정보통신,정보통신공사업,3843,(주)엠비씨플러스,,,350419,3875100,,,,,,
정보통신,정보통신공사업,3844,주식회사 이안세이프,,,420466,3875000,,,,,,
정보통신,정보통신공사업,3845,주식회사 가나,,,120809,3872400,,,,,,
정보통신,정보통신공사업,3846,주식회사 나이스음향정보통신,,,202226,3871500,,,,,,
정보통신,정보통신공사업,3847,주식회사 마이크로시스템,,,312084,3870200,,,,,,
정보통신,정보통신공사업,3848,(주)현진정보통신,,,410217,3869600,,,,,,
정보통신,정보통신공사업,3848,(주)이룸시스,,,202759,3869600,,,,,,
정보통신,정보통신공사업,3850,(주)에이에스정보통신,,,510052,3867700,,,,,,
정보통신,정보통신공사업,3851,주식회사 에스아이티,,,620275,3866000,,,,,,
정보통신,정보통신공사업,3852,에코정보 주식회사,,,311477,3865700,,,,,,
정보통신,정보통신공사업,3853,(주)경구정보통신,,,530355,3865300,,,,,,
정보통신,정보통신공사업,3854,주식회사 넥서스티앤씨,,,202821,3864800,,,,,,
정보통신,정보통신공사업,3855,성훈정보전기,,,111129,3864100,,,,,,
정보통신,정보통신공사업,3856,케이넷(주),,,410009,3864000,,,,,,
정보통신,정보통신공사업,3857,(주)씨에스정보기술,,,510276,3863500,,,,,,
정보통신,정보통신공사업,3857,주식회사 지미션,,,201170,3863500,,,,,,
정보통신,정보통신공사업,3859,아이원정보기술(주),,,610066,3862200,,,,,,
정보통신,정보통신공사업,3860,네트원정보통신(주),,,111223,3859400,,,,,,
정보통신,정보통신공사업,3861,(주)호성일렉콤,,,110166,3857900,,,,,,
정보통신,정보통신공사업,3862,엑사정보기술(주),,,520020,3857300,,,,,,
정보통신,정보통신공사업,3863,태경이엘피(주),,,150146,3856600,,,,,,
정보통신,정보통신공사업,3864,(주)하나에스아이,,,150654,3856300,,,,,,
정보통신,정보통신공사업,3865,주식회사 다온텍,,,202858,3854600,,,,,,
정보통신,정보통신공사업,3866,(주)다인하이텍,,,310876,3853600,,,,,,
정보통신,정보통신공사업,3867,주식회사 삼신정보통신,,,111523,3852500,,,,,,
정보통신,정보통신공사업,3868,(주)브이아이테크,,,130432,3852000,,,,,,
정보통신,정보통신공사업,3869,우원정보(주),,,150582,3849700,,,,,,
정보통신,정보통신공사업,3870,주식회사 동광지엔티,,,410363,3848100,,,,,,
정보통신,정보통신공사업,3871,(주)삼성토탈정보기기,,,630103,3847200,,,,,,
정보통신,정보통신공사업,3872,한결이엔지(주),,,140393,3845700,,,,,,
정보통신,정보통신공사업,3873,(주)하이파이사운드,,,120770,3843300,,,,,,
정보통신,정보통신공사업,3874,새재전기통신소방,,,540055,3840800,,,,,,
정보통신,정보통신공사업,3875,(주)바른이엔씨,,,113106,3839500,,,,,,
정보통신,정보통신공사업,3876,(주)대신통신,,,540053,3838000,,,,,,
정보통신,정보통신공사업,3877,주식회사 엠비에프,,,204013,3836600,,,,,,
정보통신,정보통신공사업,3878,홍운이엔씨(주),,,610098,3835100,,,,,,
정보통신,정보통신공사업,3879,프리비전 주식회사,,,530430,3835000,,,,,,
정보통신,정보통신공사업,3880,주식회사 비에스티그룹,,,320374,3834500,,,,,,
정보통신,정보통신공사업,3881,(주)시공테크,,,111466,3833100,,,,,,
정보통신,정보통신공사업,3882,주식회사 아이엔티정보통신,,,640169,3831700,,,,,,
정보통신,정보통신공사업,3883,주식회사 성운이엔씨,,,540093,3829200,,,,,,
정보통신,정보통신공사업,3883,(주)월드텍,,,330002,3829200,,,,,,
정보통신,정보통신공사업,3885,주식회사 씨피에스,,,620185,3827200,,,,,,
정보통신,정보통신공사업,3886,주식회사 케이디에스,,,610023,3826700,,,,,,
정보통신,정보통신공사업,3887,태진네트웍스,,,113403,3826200,,,,,,
정보통신,정보통신공사업,3888,한사랑엔지니어링(주),,,112710,3825500,,,,,,
정보통신,정보통신공사업,3889,(주)경진네트워크,,,201772,3825400,,,,,,
정보통신,정보통신공사업,3890,앤아이에스(주),,,111398,3824900,,,,,,
정보통신,정보통신공사업,3891,주식회사엔에스오엠,,,520130,3824300,,,,,,
정보통신,정보통신공사업,3892,주식회사 유토비즈,,,420512,3823500,,,,,,
정보통신,정보통신공사업,3893,(주)유성씨엔에스,,,150466,3823400,,,,,,
정보통신,정보통신공사업,3893,(주)아이티에스서비스,,,201872,3823400,,,,,,
정보통신,정보통신공사업,3895,주식회사 정림,,,410329,3821900,,,,,,
정보통신,정보통신공사업,3896,(주)부강이앤티,,,110560,3821800,,,,,,
정보통신,정보통신공사업,3897,풍성건설(주),,,111613,3821100,,,,,,
정보통신,정보통신공사업,3898,주식회사 경남스마트,,,550488,3819400,,,,,,
정보통신,정보통신공사업,3899,주식회사 스피드정보,,,550409,3817600,,,,,,
정보통신,정보통신공사업,3900,부광아이티 주식회사,,,311703,3817100,,,,,,
정보통신,정보통신공사업,3901,(주)아이피로드,,,202458,3816800,,,,,,
정보통신,정보통신공사업,3902,주식회사 더존일렉스,,,320245,3816600,,,,,,
정보통신,정보통신공사업,3903,"주식회사 이케이엠(EKM Co., Ltd.)",,,312101,3815900,,,,,,
정보통신,정보통신공사업,3904,주식회사 넷츠플러스,,,203010,3814100,,,,,,
정보통신,정보통신공사업,3905,주식회사 가델,,,110025,3814000,,,,,,
정보통신,정보통신공사업,3906,아셀씨앤씨티 주식회사,,,130452,3813700,,,,,,
정보통신,정보통신공사업,3907,주식회사 티닉스,,,320426,3812700,,,,,,
정보통신,정보통신공사업,3908,주식회사 옵티멀,,,311631,3812600,,,,,,
정보통신,정보통신공사업,3909,특수에이브이,,,630100,3812300,,,,,,
정보통신,정보통신공사업,3910,(주)서신정보통신,,,113439,3812100,,,,,,
정보통신,정보통신공사업,3911,(주)휴먼정보,,,420222,3811700,,,,,,
정보통신,정보통신공사업,3912,(주)유비프라임,,,310169,3811300,,,,,,
정보통신,정보통신공사업,3913,주식회사 리비젼프로젝트,,,204187,3811200,,,,,,
정보통신,정보통신공사업,3914,(주)니드테크,,,310326,3811100,,,,,,
정보통신,정보통신공사업,3914,다원아이엔에스(주),,,202571,3811100,,,,,,
정보통신,정보통신공사업,3916,(주)트랜드플러스,,,202037,3809900,,,,,,
정보통신,정보통신공사업,3917,문명통신건설(주),,,110516,3809100,,,,,,
정보통신,정보통신공사업,3918,(주)유일정보통신,,,120346,3807600,,,,,,
정보통신,정보통신공사업,3919,주식회사 엘에스씨시스템즈,,,312314,3806900,,,,,,
정보통신,정보통신공사업,3920,다올정보기술(주),,,200759,3806600,,,,,,
정보통신,정보통신공사업,3921,성림시스템,,,112000,3805600,,,,,,
정보통신,정보통신공사업,3922,(주)제노글로벌,,,202257,3805400,,,,,,
정보통신,정보통신공사업,3923,대형웍스지와이티(주),,,550322,3805100,,,,,,
정보통신,정보통신공사업,3924,주식회사 이노포스트,,,203900,3804600,,,,,,
정보통신,정보통신공사업,3924,(주)누리인프라,,,202177,3804600,,,,,,
정보통신,정보통신공사업,3926,(주)한국시스템,,,540212,3803900,,,,,,
정보통신,정보통신공사업,3927,(주)범우,,,530241,3803600,,,,,,
정보통신,정보통신공사업,3928,시큐어트리 주식회사,,,311629,3802400,,,,,,
정보통신,정보통신공사업,3929,사단법인 행복드림복지회,,,630271,3801700,,,,,,
정보통신,정보통신공사업,3930,대신네트웍스(주),,,140218,3801300,,,,,,
정보통신,정보통신공사업,3931,켑코이에스 주식회사,,,203454,3799100,,,,,,
정보통신,정보통신공사업,3932,주식회사 제이제이에스티,,,203249,3799000,,,,,,
정보통신,정보통신공사업,3933,(주)지엠디텔레콤,,,201304,3797300,,,,,,
정보통신,정보통신공사업,3934,인플랩 주식회사(INPLAB Inc.),,,540434,3795300,,,,,,
정보통신,정보통신공사업,3935,주식회사 성민,,,120779,3794700,,,,,,
정보통신,정보통신공사업,3936,유한회사 에이치디정보기술,,,630274,3793500,,,,,,
정보통신,정보통신공사업,3937,(주)대산글로벌,,,510380,3793300,,,,,,
정보통신,정보통신공사업,3938,(주)하이원넷,,,510175,3792900,,,,,,
정보통신,정보통신공사업,3939,주식회사 동호이엔씨,,,311855,3792600,,,,,,
정보통신,정보통신공사업,3940,(주)세종아이씨티,,,410165,3790800,,,,,,
정보통신,정보통신공사업,3941,(주)예준시스템,,,202032,3787900,,,,,,
정보통신,정보통신공사업,3942,삼영에이아이씨(주),,,110369,3785000,,,,,,
정보통신,정보통신공사업,3943,에프엠테크 주식회사,,,520196,3784600,,,,,,
정보통신,정보통신공사업,3944,"주식회사 아이티윈스(ITWEENS CO.,Ltd.)",,,203679,3783700,,,,,,
정보통신,정보통신공사업,3944,(주)아이즈넷,,,201627,3783700,,,,,,
정보통신,정보통신공사업,3946,주식회사 인필드정보통신,,,320362,3782900,,,,,,
정보통신,정보통신공사업,3947,(주)통광,,,110017,3782300,,,,,,
정보통신,정보통신공사업,3948,신해공영(주),,,202638,3781700,,,,,,
정보통신,정보통신공사업,3949,(유)비제이솔루션,,,160031,3779600,,,,,,
정보통신,정보통신공사업,3950,주식회사 아이티지,,,550146,3779100,,,,,,
정보통신,정보통신공사업,3951,(주)콘텐츠브릿지,,,202340,3779000,,,,,,
정보통신,정보통신공사업,3952,주식회사 쓰리에스정보통신,,,350598,3778600,,,,,,
정보통신,정보통신공사업,3953,주식회사 잇츠비솔루션,,,202001,3777500,,,,,,
정보통신,정보통신공사업,3954,드림조이앤바투 주식회사,,,200653,3777300,,,,,,
정보통신,정보통신공사업,3955,(주)인텍,,,420241,3776600,,,,,,
정보통신,정보통신공사업,3956,(주)유솔,,,420194,3775900,,,,,,
정보통신,정보통신공사업,3957,(주)부흥전기소방공사,,,550258,3775200,,,,,,
정보통신,정보통신공사업,3958,(주)동진정보통신,,,120432,3775000,,,,,,
정보통신,정보통신공사업,3959,(주)제이에스시스템,,,530077,3773400,,,,,,
정보통신,정보통신공사업,3960,주식회사 세진정보통신,,,350581,3771800,,,,,,
정보통신,정보통신공사업,3961,다이아몬드전자(주),,,111751,3771600,,,,,,
정보통신,정보통신공사업,3962,상현엔지니어링 주식회사,,,350574,3771300,,,,,,
정보통신,정보통신공사업,3962,대윤계기산업 주식회사,,,202937,3771300,,,,,,
정보통신,정보통신공사업,3964,(주)아이티온넷,,,202688,3770000,,,,,,
정보통신,정보통신공사업,3965,주식회사 이레아이티,,,410397,3767500,,,,,,
정보통신,정보통신공사업,3966,(주)종합시스템,,,620145,3767000,,,,,,
정보통신,정보통신공사업,3967,탑솔라 주식회사,,,310104,3766800,,,,,,
정보통신,정보통신공사업,3968,(주)현대종합사무기,,,410047,3766300,,,,,,
정보통신,정보통신공사업,3969,태영통신,,,330095,3764600,,,,,,
정보통신,정보통신공사업,3970,(주)한인정보통신,,,430003,3764300,,,,,,
정보통신,정보통신공사업,3971,주식회사 인피니티에코,,,311993,3763400,,,,,,
정보통신,정보통신공사업,3972,리더시스템,,,550331,3763300,,,,,,
정보통신,정보통신공사업,3973,(주)하이큐스,,,112484,3762500,,,,,,
정보통신,정보통신공사업,3974,"주식회사 재미 (XEMI Co.,Ltd.)",,,203944,3761400,,,,,,
정보통신,정보통신공사업,3975,유비트론(주),,,310863,3761300,,,,,,
정보통신,정보통신공사업,3976,강화정보통신(주),,,320176,3760500,,,,,,
정보통신,정보통신공사업,3977,(주)유인프라웨이,,,311110,3759400,,,,,,
정보통신,정보통신공사업,3978,(주)엘렉스정보통신,,,312254,3759000,,,,,,
정보통신,정보통신공사업,3979,주식회사 에스디보안시스템,,,312418,3758400,,,,,,
정보통신,정보통신공사업,3979,주식회사 씨앤티정보기술,,,550417,3758400,,,,,,
정보통신,정보통신공사업,3981,(주)아이콘텍,,,620166,3758200,,,,,,
정보통신,정보통신공사업,3982,주식회사 담장,,,610309,3756400,,,,,,
정보통신,정보통신공사업,3982,주식회사 도아(到我),,,112671,3756400,,,,,,
정보통신,정보통신공사업,3984,(주)영인미디어,,,430116,3756300,,,,,,
정보통신,정보통신공사업,3985,주식회사 승주이엔씨,,,620027,3754600,,,,,,
정보통신,정보통신공사업,3986,유한회사 한주엔지니어링,,,610071,3754500,,,,,,
정보통신,정보통신공사업,3987,"주식회사 엠에이치소프트 (MH Soft Co., Ltd.)",,,630401,3753800,,,,,,
정보통신,정보통신공사업,3988,주식회사 케이아이에스,,,550302,3753600,,,,,,
정보통신,정보통신공사업,3989,(주)한일미디어,,,120826,3751500,,,,,,
정보통신,정보통신공사업,3989,한양전자산업(주),,,202241,3751500,,,,,,
정보통신,정보통신공사업,3991,코리아디지탈 주식회사,,,204099,3751400,,,,,,
정보통신,정보통신공사업,3992,주식회사 에프에이일렉콤,,,202055,3751100,,,,,,
정보통신,정보통신공사업,3993,(주)디지컴,,,510090,3751000,,,,,,
정보통신,정보통신공사업,3994,영남통신,,,120293,3750500,,,,,,
정보통신,정보통신공사업,3995,(주)성근테크,,,112513,3750200,,,,,,
정보통신,정보통신공사업,3995,주식회사 비젼,,,310121,3750200,,,,,,
정보통신,정보통신공사업,3997,주식회사 에이엠넷,,,202704,3748000,,,,,,
정보통신,정보통신공사업,3998,(주)인타운,,,510050,3747800,,,,,,
정보통신,정보통신공사업,3999,(주)규림정보통신,,,540121,3745800,,,,,,
정보통신,정보통신공사업,4000,가나테크윈,,,150551,3745200,,,,,,
정보통신,정보통신공사업,4000,주식회사 제이웰,,,530255,3745200,,,,,,
정보통신,정보통신공사업,4002,주식회사 경원이앤씨,,,312227,3744100,,,,,,
정보통신,정보통신공사업,4003,씨링크전자(주),,,510128,3741300,,,,,,
정보통신,정보통신공사업,4004,"주식회사 제노코 (Genohco, Inc.)",,,310382,3739600,,,,,,
정보통신,정보통신공사업,4005,주식회사 아이알컴퍼니,,,510742,3739100,,,,,,
정보통신,정보통신공사업,4005,(주)시큐웨어,,,430218,3739100,,,,,,
정보통신,정보통신공사업,4007,셔블테크놀러지(주),,,200059,3738600,,,,,,
정보통신,정보통신공사업,4008,(주)나노정보기술,,,112371,3738500,,,,,,
정보통신,정보통신공사업,4009,주식회사 새결,,,312617,3738200,,,,,,
정보통신,정보통신공사업,4010,(주)네오드림스,,,202013,3737700,,,,,,
정보통신,정보통신공사업,4011,대광시스템(주),,,530083,3736900,,,,,,
정보통신,정보통신공사업,4012,주식회사 제이에이디엔씨,,,620254,3736700,,,,,,
정보통신,정보통신공사업,4013,원일통신(주),,,110944,3734900,,,,,,
정보통신,정보통신공사업,4014,주식회사 영동정보통신,,,430099,3733500,,,,,,
정보통신,정보통신공사업,4015,주식회사 디에이치에스아이,,,420390,3732600,,,,,,
정보통신,정보통신공사업,4016,(주)서정아이씨티,,,410267,3731000,,,,,,
정보통신,정보통신공사업,4017,"아이리스인포테크 주식회사(Iris Infotech Co., Ltd)",,,203203,3730700,,,,,,
정보통신,정보통신공사업,4018,넷진테크(주),,,310608,3729900,,,,,,
정보통신,정보통신공사업,4019,주식회사 수민텔레콤,,,202786,3728500,,,,,,
정보통신,정보통신공사업,4020,(주)신광이엔씨,,,111472,3728300,,,,,,
정보통신,정보통신공사업,4021,(주)에스이든,,,202082,3727900,,,,,,
정보통신,정보통신공사업,4022,비테크코리아 주식회사,,,202485,3727200,,,,,,
정보통신,정보통신공사업,4023,(주)오트로닉스,,,202354,3726500,,,,,,
정보통신,정보통신공사업,4024,주식회사 두웰서비스,,,420523,3726300,,,,,,
정보통신,정보통신공사업,4025,(주)지팬스,,,510595,3726000,,,,,,
정보통신,정보통신공사업,4026,(주)예성이앤씨,,,620146,3724500,,,,,,
정보통신,정보통신공사업,4027,윈텍시스템(주),,,112428,3723500,,,,,,
정보통신,정보통신공사업,4028,(주)사강통신,,,112741,3722800,,,,,,
정보통신,정보통신공사업,4029,비엔디정보통신(주),,,540210,3720900,,,,,,
정보통신,정보통신공사업,4030,(주)하나넷,,,350051,3720500,,,,,,
정보통신,정보통신공사업,4031,(주)뉴피에스,,,530092,3718200,,,,,,
정보통신,정보통신공사업,4032,디지털정보통신(주),,,130334,3716600,,,,,,
정보통신,정보통신공사업,4033,성온엘,,,203458,3715000,,,,,,
정보통신,정보통신공사업,4034,주식회사 해성아이씨티,,,120827,3714100,,,,,,
정보통신,정보통신공사업,4035,주식회사 윤성이엔지,,,420335,3713800,,,,,,
정보통신,정보통신공사업,4036,(주)씨앤씨,,,430195,3712900,,,,,,
정보통신,정보통신공사업,4037,주식회사 해림아이티,,,120347,3712000,,,,,,
정보통신,정보통신공사업,4038,주식회사 예향엔지니어링,,,320291,3710600,,,,,,
정보통신,정보통신공사업,4039,(주)휴먼,,,111155,3710500,,,,,,
정보통신,정보통신공사업,4040,주식회사 보은이엔시,,,140135,3708900,,,,,,
정보통신,정보통신공사업,4041,(주)삼보전자통신,,,110705,3708700,,,,,,
정보통신,정보통신공사업,4042,주식회사 에이원탑시큐리티,,,420339,3708600,,,,,,
정보통신,정보통신공사업,4043,주식회사 위더스넷,,,312357,3708500,,,,,,
정보통신,정보통신공사업,4044,(주)가온테크,,,350142,3708400,,,,,,
정보통신,정보통신공사업,4045,금산정보통신(주),,,140321,3708100,,,,,,
정보통신,정보통신공사업,4046,(주)현대전기통신,,,550231,3707400,,,,,,
정보통신,정보통신공사업,4047,(주)월드씨엔에스,,,311416,3706800,,,,,,
정보통신,정보통신공사업,4048,(주)비엔티,,,510528,3706600,,,,,,
정보통신,정보통신공사업,4049,선명전자통신(주),,,350106,3706500,,,,,,
정보통신,정보통신공사업,4050,(주)레이월드,,,530293,3704100,,,,,,
정보통신,정보통신공사업,4051,태창시스템(주),,,310456,3703300,,,,,,
정보통신,정보통신공사업,4052,(주)엔에스솔루션,,,420225,3702500,,,,,,
정보통신,정보통신공사업,4053,주식회사 메타통신,,,430294,3702400,,,,,,
정보통신,정보통신공사업,4054,(주)에스이코리아,,,530168,3700200,,,,,,
정보통신,정보통신공사업,4055,주식회사 모두네트웍스,,,620372,3698200,,,,,,
정보통신,정보통신공사업,4056,주식회사 에스티에스비즈,,,312317,3697500,,,,,,
정보통신,정보통신공사업,4057,(주)이프,,,540169,3696700,,,,,,
정보통신,정보통신공사업,4058,(주)코드원,,,430076,3694300,,,,,,
정보통신,정보통신공사업,4059,주식회사 아이온텍,,,320434,3694200,,,,,,
정보통신,정보통신공사업,4060,케이디아이앤씨 주식회사,,,203088,3693700,,,,,,
정보통신,정보통신공사업,4061,주식회사 신아산업개발,,,620032,3693500,,,,,,
정보통신,정보통신공사업,4062,위디비 주식회사,,,620426,3693300,,,,,,
정보통신,정보통신공사업,4063,(주)미래산업,,,520018,3691600,,,,,,
정보통신,정보통신공사업,4064,주식회사 제이더블유씨네트웍스,,,203073,3690800,,,,,,
정보통신,정보통신공사업,4065,(주)금하테크,,,610241,3690600,,,,,,
정보통신,정보통신공사업,4066,(주)스타네트웍,,,310669,3690500,,,,,,
정보통신,정보통신공사업,4067,(주)가나이엔지,,,202587,3690400,,,,,,
정보통신,정보통신공사업,4068,한국도로전산(주),,,311338,3689300,,,,,,
정보통신,정보통신공사업,4069,(주)드림메카텍,,,530187,3689200,,,,,,
정보통신,정보통신공사업,4070,주식회사 제이투정보통신,,,510599,3688900,,,,,,
정보통신,정보통신공사업,4071,(주)엑손텍,,,311432,3688000,,,,,,
정보통신,정보통신공사업,4072,주식회사 씨큐윈,,,203499,3687600,,,,,,
정보통신,정보통신공사업,4073,주식회사 포커스,,,420376,3687500,,,,,,
정보통신,정보통신공사업,4074,(주)씨케이투,,,312075,3686000,,,,,,
정보통신,정보통신공사업,4075,휴먼아이티에스(주),,,120833,3685600,,,,,,
정보통신,정보통신공사업,4076,주식회사 유아이네트웍스,,,203779,3684200,,,,,,
정보통신,정보통신공사업,4077,(주)명민,,,620096,3682900,,,,,,
정보통신,정보통신공사업,4078,에이아이솔루션(AI Solution),,,350508,3682800,,,,,,
정보통신,정보통신공사업,4079,(주)비젼코리아,,,311431,3682700,,,,,,
정보통신,정보통신공사업,4080,(주)대광정보통신,,,150289,3681400,,,,,,
정보통신,정보통신공사업,4081,대경정보통신기술,,,550384,3680800,,,,,,
정보통신,정보통신공사업,4082,주식회사 태화이엔씨,,,312103,3680600,,,,,,
정보통신,정보통신공사업,4083,케이엠디지털라인,,,350239,3680400,,,,,,
정보통신,정보통신공사업,4084,엘에스통신(주),,,311356,3680300,,,,,,
정보통신,정보통신공사업,4085,(주)대덕,,,112044,3680000,,,,,,
정보통신,정보통신공사업,4085,주식회사 가하정보기술,,,320340,3680000,,,,,,
정보통신,정보통신공사업,4087,(주)에스알씨,,,510296,3679200,,,,,,
정보통신,정보통신공사업,4088,주식회사 엔이티,,,620355,3677900,,,,,,
정보통신,정보통신공사업,4089,에스제이텍(주),,,310860,3677100,,,,,,
정보통신,정보통신공사업,4090,더블유아이티 주식회사(WIT Inc.),,,130044,3676800,,,,,,
정보통신,정보통신공사업,4091,(주)테크모아,,,530226,3676200,,,,,,
정보통신,정보통신공사업,4092,을지정보통신(주),,,410087,3675700,,,,,,
정보통신,정보통신공사업,4093,기남전기통신(주),,,540046,3673900,,,,,,
정보통신,정보통신공사업,4093,(주)포오스,,,112368,3673900,,,,,,
정보통신,정보통신공사업,4095,하나정보통신,,,550380,3672200,,,,,,
정보통신,정보통신공사업,4095,"주식회사 루트웰(RouteWell Co., Ltd)",,,203359,3672200,,,,,,
정보통신,정보통신공사업,4097,주식회사 금화통신,,,120483,3671900,,,,,,
정보통신,정보통신공사업,4098,주식회사 명성이엔티,,,550447,3671100,,,,,,
정보통신,정보통신공사업,4099,주식회사 엠스톤솔루션,,,610191,3669500,,,,,,
정보통신,정보통신공사업,4100,주식회사 대림네트,,,550458,3669400,,,,,,
정보통신,정보통신공사업,4101,주식회사 나경,,,120669,3669100,,,,,,
정보통신,정보통신공사업,4101,주식회사 삼아솔루션,,,203331,3669100,,,,,,
정보통신,정보통신공사업,4103,(주)온누리정보통신,,,550180,3668600,,,,,,
정보통신,정보통신공사업,4104,(주)삼신정보기술,,,610385,3668400,,,,,,
정보통신,정보통신공사업,4105,산기술(주),,,180037,3668200,,,,,,
정보통신,정보통신공사업,4106,(주)세일시스템,,,540087,3665900,,,,,,
정보통신,정보통신공사업,4107,한빛인프라넷 주식회사,,,201159,3664000,,,,,,
정보통신,정보통신공사업,4108,(주)오토텍,,,510288,3662500,,,,,,
정보통신,정보통신공사업,4109,주식회사 진석테크윈,,,150083,3661100,,,,,,
정보통신,정보통신공사업,4110,우주통신(주),,,310231,3660400,,,,,,
정보통신,정보통신공사업,4111,대건정보통신,,,170194,3660200,,,,,,
정보통신,정보통신공사업,4112,주식회사 신화시큐리티,,,203666,3658100,,,,,,
정보통신,정보통신공사업,4113,(주)동영이엔티,,,120132,3658000,,,,,,
정보통신,정보통신공사업,4114,"주식회사 디텍(D-TEG Co.,Ltd.)",,,310803,3657700,,,,,,
정보통신,정보통신공사업,4115,(주)두올테크,,,200906,3657600,,,,,,
정보통신,정보통신공사업,4116,한길텔레콤(주),,,170188,3657400,,,,,,
정보통신,정보통신공사업,4116,"아이디스파워텔 주식회사 (IDIS POWERTEL CO.,Ltd)",,,200980,3657400,,,,,,
정보통신,정보통신공사업,4116,(주)선우커뮤니케이션,,,110398,3657400,,,,,,
정보통신,정보통신공사업,4119,(주)에이스네트웍스,,,120360,3657300,,,,,,
정보통신,정보통신공사업,4120,(주)에이텍,,,170171,3656200,,,,,,
정보통신,정보통신공사업,4121,주식회사 베율,,,320502,3654900,,,,,,
정보통신,정보통신공사업,4121,(주)데이타렉스아이티,,,530287,3654900,,,,,,
정보통신,정보통신공사업,4123,주식회사 연훈,,,202134,3654700,,,,,,
정보통신,정보통신공사업,4124,충남전기(주),,,130409,3651200,,,,,,
정보통신,정보통신공사업,4125,(주)에스티탑,,,113092,3650500,,,,,,
정보통신,정보통신공사업,4126,엘림광통신(주),,,310149,3650400,,,,,,
정보통신,정보통신공사업,4127,주식회사 엔에스엠,,,420415,3648700,,,,,,
정보통신,정보통신공사업,4128,거성일렉콤(주),,,310950,3647700,,,,,,
정보통신,정보통신공사업,4129,(주)디에스텔레콤,,,112318,3647000,,,,,,
정보통신,정보통신공사업,4130,동부아이시티 주식회사,,,202225,3646400,,,,,,
정보통신,정보통신공사업,4131,(주)그린시스템,,,510537,3646000,,,,,,
정보통신,정보통신공사업,4132,"주식회사 디메타 (D-meta, Corp.)",,,203870,3645800,,,,,,
정보통신,정보통신공사업,4133,주식회사 드림텔레콤,,,520169,3644500,,,,,,
정보통신,정보통신공사업,4134,주식회사 케이눅,,,312438,3644400,,,,,,
정보통신,정보통신공사업,4135,에스케이시큐리티(주),,,311550,3644300,,,,,,
정보통신,정보통신공사업,4136,선문아이엔에스 주식회사,,,312347,3643000,,,,,,
정보통신,정보통신공사업,4136,주식회사 그리드텍,,,610256,3643000,,,,,,
정보통신,정보통신공사업,4138,(주)성창시스템,,,111651,3642900,,,,,,
정보통신,정보통신공사업,4139,거광이엔티,,,120528,3642800,,,,,,
정보통신,정보통신공사업,4140,(주)천우아이씨티,,,410272,3642300,,,,,,
정보통신,정보통신공사업,4141,주식회사 아이옵스,,,420412,3642200,,,,,,
정보통신,정보통신공사업,4142,(주)토탈음향,,,310665,3641300,,,,,,
정보통신,정보통신공사업,4143,주식회사 엠넷시스템즈,,,202949,3640800,,,,,,
정보통신,정보통신공사업,4144,삼진무선,,,120469,3640600,,,,,,
정보통신,정보통신공사업,4145,주식회사 유니이앤씨,,,150015,3639700,,,,,,
정보통신,정보통신공사업,4146,"주식회사 크랜베리 (Cranberry Co., Ltd.)",,,203781,3638200,,,,,,
정보통신,정보통신공사업,4147,케이미디어,,,550307,3638100,,,,,,
정보통신,정보통신공사업,4148,주식회사 강원네트웍스,,,330162,3637900,,,,,,
정보통신,정보통신공사업,4149,(주)에이픽스,,,201944,3637400,,,,,,
정보통신,정보통신공사업,4150,주식회사 아로텍(Arotec Inc.),,,203391,3637200,,,,,,
정보통신,정보통신공사업,4151,(주)한컴네트워크,,,140255,3636700,,,,,,
정보통신,정보통신공사업,4152,주식회사 비즈온정보기술,,,410414,3635100,,,,,,
정보통신,정보통신공사업,4153,(주)이안네트워크,,,620073,3633700,,,,,,
정보통신,정보통신공사업,4154,엠에스원디지털(주),,,201958,3632700,,,,,,
정보통신,정보통신공사업,4154,(주)브로드씨엔에스,,,202634,3632700,,,,,,
정보통신,정보통신공사업,4156,그린아이티,,,410143,3630900,,,,,,
정보통신,정보통신공사업,4157,아이앤시텔레콤(주),,,120018,3630700,,,,,,
정보통신,정보통신공사업,4158,주식회사 빛가람시스템,,,510573,3629300,,,,,,
정보통신,정보통신공사업,4159,주식회사 가이아이앤씨,,,203150,3629100,,,,,,
정보통신,정보통신공사업,4160,주식회사 하이브네트웍스,,,320498,3626900,,,,,,
정보통신,정보통신공사업,4161,파워전기통신(주),,,112666,3626600,,,,,,
정보통신,정보통신공사업,4162,(주)미도정보기술,,,540221,3625900,,,,,,
정보통신,정보통신공사업,4163,주식회사 유성전기통신,,,630088,3625600,,,,,,
정보통신,정보통신공사업,4164,(주)예성시스템,,,111453,3625500,,,,,,
정보통신,정보통신공사업,4165,(주)지아이정보기술,,,420002,3623500,,,,,,
정보통신,정보통신공사업,4166,주식회사 에이앤티정보시스템,,,610448,3623400,,,,,,
정보통신,정보통신공사업,4166,주식회사 에스아이비전,,,540444,3623400,,,,,,
정보통신,정보통신공사업,4168,(유)금강시스템,,,160132,3622900,,,,,,
정보통신,정보통신공사업,4169,(주)무궁화정보통신,,,170093,3622400,,,,,,
정보통신,정보통신공사업,4170,주식회사 뉴테크시스템,,,312193,3622300,,,,,,
정보통신,정보통신공사업,4171,(주)에이치넷,,,430057,3621800,,,,,,
정보통신,정보통신공사업,4172,(주)성원통신,,,201588,3621200,,,,,,
정보통신,정보통신공사업,4173,주식회사 나인이즈,,,630322,3620800,,,,,,
정보통신,정보통신공사업,4174,(주)강동미디어,,,120630,3620000,,,,,,
정보통신,정보통신공사업,4175,현대디지탈시스템(주),,,420207,3619600,,,,,,
정보통신,정보통신공사업,4176,주식회사 이티엠,,,312041,3618700,,,,,,
정보통신,정보통신공사업,4177,(주)유아이티,,,350181,3618300,,,,,,
정보통신,정보통신공사업,4178,(주)티디씨,,,140387,3618000,,,,,,
정보통신,정보통신공사업,4179,(주)휴톤,,,202725,3617700,,,,,,
정보통신,정보통신공사업,4180,(주)퓨쳐아이티,,,200272,3617300,,,,,,
정보통신,정보통신공사업,4181,주식회사 동승에스아이,,,630242,3616600,,,,,,
정보통신,정보통신공사업,4182,(주)콜사인테크놀러지,,,310396,3615600,,,,,,
정보통신,정보통신공사업,4183,(주)화신테크,,,620128,3615300,,,,,,
정보통신,정보통신공사업,4184,(주)나로,,,430024,3614800,,,,,,
정보통신,정보통신공사업,4185,(주)애드트로닉,,,200818,3614100,,,,,,
정보통신,정보통신공사업,4186,주식회사 대보전자통신,,,530177,3612800,,,,,,
정보통신,정보통신공사업,4186,(주)중흥테크놀러지,,,310491,3612800,,,,,,
정보통신,정보통신공사업,4188,주식회사 디지온,,,203406,3612400,,,,,,
정보통신,정보통신공사업,4189,(주)일해정보통신,,,150012,3611700,,,,,,
정보통신,정보통신공사업,4190,금석정보산업 주식회사,,,430357,3611500,,,,,,
정보통신,정보통신공사업,4191,주식회사 투투,,,312006,3610600,,,,,,
정보통신,정보통신공사업,4192,(주)컴테크텔레콤,,,510013,3609800,,,,,,
정보통신,정보통신공사업,4193,(주)다올씨앤씨,,,200398,3609000,,,,,,
정보통신,정보통신공사업,4194,혜인티엔에스(주),,,510154,3608400,,,,,,
정보통신,정보통신공사업,4195,(주)인호이엔지,,,320067,3608300,,,,,,
정보통신,정보통신공사업,4196,천마정보통신(주),,,110894,3607000,,,,,,
정보통신,정보통신공사업,4197,주식회사 티이엔,,,311987,3606800,,,,,,
정보통신,정보통신공사업,4198,(주)케이티엔티,,,130226,3606500,,,,,,
정보통신,정보통신공사업,4199,주식회사 유트론,,,204109,3606100,,,,,,
정보통신,정보통신공사업,4200,"주식회사 유니온바이오메트릭스 (UNION biometrics Co., Ltd.)",,,201222,3605900,,,,,,
정보통신,정보통신공사업,4201,(주)금호비젼,,,350123,3605800,,,,,,
정보통신,정보통신공사업,4202,주식회사 에스넷,,,350520,3604000,,,,,,
정보통신,정보통신공사업,4203,대주씨앤에스(주),,,310234,3603900,,,,,,
정보통신,정보통신공사업,4204,(주)원우전자통신,,,510579,3603800,,,,,,
정보통신,정보통신공사업,4205,광원테크놀로지 주식회사,,,420314,3601300,,,,,,
정보통신,정보통신공사업,4206,주식회사 디사이드,,,312484,3599900,,,,,,
정보통신,정보통신공사업,4207,(주)피닉스정보통신,,,112943,3599800,,,,,,
정보통신,정보통신공사업,4208,레드파인웍스 주식회사,,,204019,3599200,,,,,,
정보통신,정보통신공사업,4209,에스알 주식회사,,,540372,3599000,,,,,,
정보통신,정보통신공사업,4209,경인계측시스템(주),,,201561,3599000,,,,,,
정보통신,정보통신공사업,4211,주식회사 태영이엔지,,,310450,3598600,,,,,,
정보통신,정보통신공사업,4212,(유)호남정보시스템,,,610112,3598200,,,,,,
정보통신,정보통신공사업,4213,(주)유넷컨버전스,,,311383,3597300,,,,,,
정보통신,정보통신공사업,4214,(주)제이에스정보통신,,,610245,3596000,,,,,,
정보통신,정보통신공사업,4215,주식회사 신도테크노,,,204121,3595100,,,,,,
정보통신,정보통신공사업,4216,주식회사 대신네트워크,,,111376,3594200,,,,,,
정보통신,정보통신공사업,4217,(주)에스엠엔네트워크,,,201112,3592700,,,,,,
정보통신,정보통신공사업,4218,우리전력(주),,,310119,3592600,,,,,,
정보통신,정보통신공사업,4219,(주)비전에스엔씨,,,111913,3592200,,,,,,
정보통신,정보통신공사업,4220,주식회사 대흥솔루션,,,420305,3591900,,,,,,
정보통신,정보통신공사업,4221,(주)엘제이이엔지,,,201489,3591800,,,,,,
정보통신,정보통신공사업,4222,(주)이화일렉콤,,,113080,3591500,,,,,,
정보통신,정보통신공사업,4223,주식회사 피엠피테크,,,350326,3591200,,,,,,
정보통신,정보통신공사업,4224,화진정보 주식회사,,,430326,3590500,,,,,,
정보통신,정보통신공사업,4225,(주)서원티에스,,,201229,3589400,,,,,,
정보통신,정보통신공사업,4226,유한회사 노블이엔씨,,,630244,3589000,,,,,,
정보통신,정보통신공사업,4227,주식회사 다올테크,,,113358,3588900,,,,,,
정보통신,정보통신공사업,4228,유로통신,,,140340,3587800,,,,,,
정보통신,정보통신공사업,4229,유한회사 미들텍,,,630262,3587500,,,,,,
정보통신,정보통신공사업,4230,(주)서울전업공사,,,410177,3586400,,,,,,
정보통신,정보통신공사업,4231,주식회사 유에이아이,,,312102,3586100,,,,,,
정보통신,정보통신공사업,4231,(주)브이텍,,,420228,3586100,,,,,,
정보통신,정보통신공사업,4233,(주)스페이스인터,,,310554,3585900,,,,,,
정보통신,정보통신공사업,4234,주식회사 소노텍,,,311697,3585800,,,,,,
정보통신,정보통신공사업,4235,주식회사 티엘씨커뮤니케이션,,,311776,3585700,,,,,,
정보통신,정보통신공사업,4236,(주)대륙미디어,,,350220,3585000,,,,,,
정보통신,정보통신공사업,4236,주식회사 인다통신기술,,,640119,3585000,,,,,,
정보통신,정보통신공사업,4238,(주)엘에프아이티,,,201781,3584800,,,,,,
정보통신,정보통신공사업,4239,주식회사 엑스파워네트웍스,,,320472,3584600,,,,,,
정보통신,정보통신공사업,4239,한국네트웍엔지니어링(주),,,112282,3584600,,,,,,
정보통신,정보통신공사업,4241,요진건설산업(주),,,170044,3583900,,,,,,
정보통신,정보통신공사업,4242,큐릭스 주식회사,,,311959,3582200,,,,,,
정보통신,정보통신공사업,4243,(주)대건시스템즈,,,320119,3582100,,,,,,
정보통신,정보통신공사업,4244,(주)제이에이치전력,,,140086,3579800,,,,,,
정보통신,정보통신공사업,4244,(주)케이티에스정보통신,,,140501,3579800,,,,,,
정보통신,정보통신공사업,4246,주식회사 엠투아이티,,,204047,3579500,,,,,,
정보통신,정보통신공사업,4247,유한회사 드림솔루션,,,630184,3579100,,,,,,
정보통신,정보통신공사업,4248,주식회사 솔디아,,,311517,3579000,,,,,,
정보통신,정보통신공사업,4249,(주)충청넷,,,130509,3578200,,,,,,
정보통신,정보통신공사업,4250,(주)대영에스텍,,,420442,3577600,,,,,,
정보통신,정보통신공사업,4251,(주)하이드로넷,,,310754,3577200,,,,,,
정보통신,정보통신공사업,4252,(주)보선,,,140371,3576600,,,,,,
정보통신,정보통신공사업,4253,주식회사 씨앤,,,440069,3576000,,,,,,
정보통신,정보통신공사업,4254,(주)파란아이티,,,200527,3574700,,,,,,
정보통신,정보통신공사업,4255,상헌엔터테크(주),,,120603,3574200,,,,,,
정보통신,정보통신공사업,4256,한국전력기술(주),,,310525,3573100,,,,,,
정보통신,정보통신공사업,4257,(주)케이제이산업,,,630107,3572700,,,,,,
정보통신,정보통신공사업,4258,주식회사 엠아이티마스,,,204085,3572500,,,,,,
정보통신,정보통신공사업,4259,주식회사 우솔통신기술,,,311282,3572300,,,,,,
정보통신,정보통신공사업,4260,엔에스하이텍(주),,,610138,3572200,,,,,,
정보통신,정보통신공사업,4261,(주)대청시스템스,,,201742,3571900,,,,,,
정보통신,정보통신공사업,4262,주식회사 태흥,,,312233,3571500,,,,,,
정보통신,정보통신공사업,4263,솔트웨어 주식회사,,,203686,3569500,,,,,,
정보통신,정보통신공사업,4264,주식회사 티앤제이,,,530345,3569000,,,,,,
정보통신,정보통신공사업,4265,"주식회사 와이즈플러스 (WISE PLUS Co., Ltd.)",,,312390,3568800,,,,,,
정보통신,정보통신공사업,4266,주식회사 위치스,,,620416,3568700,,,,,,
정보통신,정보통신공사업,4267,(주)파인스닷컴,,,202513,3568400,,,,,,
정보통신,정보통신공사업,4268,세광정보통신(주),,,130030,3567700,,,,,,
정보통신,정보통신공사업,4269,(주)원신정보통신,,,130438,3567300,,,,,,
정보통신,정보통신공사업,4270,(주)보다텍,,,200520,3566400,,,,,,
정보통신,정보통신공사업,4271,주식회사 명지정보기술,,,630226,3564200,,,,,,
정보통신,정보통신공사업,4272,지엔비테크 주식회사,,,530243,3563900,,,,,,
정보통신,정보통신공사업,4272,케이아이티밸리(주),,,201487,3563900,,,,,,
정보통신,정보통신공사업,4274,코리아넷시스템(주),,,150631,3563000,,,,,,
정보통신,정보통신공사업,4275,(주)대건정보통신,,,530264,3562200,,,,,,
정보통신,정보통신공사업,4276,(유)인터테크,,,610369,3562100,,,,,,
정보통신,정보통신공사업,4277,오티아이 주식회사(OTICo.Ltd),,,202371,3561800,,,,,,
정보통신,정보통신공사업,4278,"주식회사 엔피코어(NPCore, Inc.)",,,203294,3561500,,,,,,
정보통신,정보통신공사업,4279,(주)티앤에이치시스템,,,310883,3561400,,,,,,
정보통신,정보통신공사업,4280,주식회사 인터테크소프트,,,312459,3560200,,,,,,
정보통신,정보통신공사업,4281,한양무선통신,,,550066,3560100,,,,,,
정보통신,정보통신공사업,4282,에스케이텔링크(주),,,201062,3559600,,,,,,
정보통신,정보통신공사업,4283,주식회사 파인클라우드,,,320072,3559400,,,,,,
정보통신,정보통신공사업,4284,"주식회사 한싹 (Hanssak Co., LTD.)",,,201294,3559100,,,,,,
정보통신,정보통신공사업,4285,주식회사 티앤씨넷코리아,,,203682,3558300,,,,,,
정보통신,정보통신공사업,4286,(주)백선통신,,,201092,3558100,,,,,,
정보통신,정보통신공사업,4287,(주)라이크텍,,,350103,3557700,,,,,,
정보통신,정보통신공사업,4288,주식회사 바로,,,202560,3556300,,,,,,
정보통신,정보통신공사업,4289,이노네트웍스(주),,,630114,3555100,,,,,,
정보통신,정보통신공사업,4290,(주)동남전기통신,,,113099,3553600,,,,,,
정보통신,정보통신공사업,4291,삼미정보시스템(주),,,201670,3552200,,,,,,
정보통신,정보통신공사업,4292,(주)유피정보통신,,,420021,3551600,,,,,,
정보통신,정보통신공사업,4293,진명통신(주),,,310482,3551500,,,,,,
정보통신,정보통신공사업,4294,주식회사 루트랩 (ROOT LAB),,,530455,3551200,,,,,,
정보통신,정보통신공사업,4295,문경전기정보통신,,,150077,3550600,,,,,,
정보통신,정보통신공사업,4296,주식회사 소명시스템,,,311923,3550400,,,,,,
정보통신,정보통신공사업,4297,주식회사 오케이넷,,,420436,3549800,,,,,,
정보통신,정보통신공사업,4298,주식회사 미래아이엔텍,,,203751,3549000,,,,,,
정보통신,정보통신공사업,4299,주식회사 한림기술,,,530417,3548500,,,,,,
정보통신,정보통신공사업,4300,(주)성훈통신기술,,,540390,3546600,,,,,,
정보통신,정보통신공사업,4301,아함전자,,,111272,3546300,,,,,,
정보통신,정보통신공사업,4302,현우전기 주식회사,,,200535,3545600,,,,,,
정보통신,정보통신공사업,4303,주식회사 하이멕,,,203847,3545000,,,,,,
정보통신,정보통신공사업,4304,(주)건영,,,640061,3543200,,,,,,
정보통신,정보통신공사업,4305,(합자)보광전기,,,420016,3542600,,,,,,
정보통신,정보통신공사업,4306,(주)성삼,,,110762,3541500,,,,,,
정보통신,정보통신공사업,4307,(주)예인유엑스,,,540309,3540400,,,,,,
정보통신,정보통신공사업,4308,주식회사 에스아이그룹,,,510778,3540000,,,,,,
정보통신,정보통신공사업,4309,(주)이엔에스테크,,,430145,3539300,,,,,,
정보통신,정보통신공사업,4310,패트롤포콤(주),,,202682,3538300,,,,,,
정보통신,정보통신공사업,4311,(주)신성테크원,,,312124,3538100,,,,,,
정보통신,정보통신공사업,4312,(주)누비텔레콤,,,150496,3537500,,,,,,
정보통신,정보통신공사업,4313,주식회사 성광이엔지,,,350478,3537100,,,,,,
정보통신,정보통신공사업,4314,티에이케이정보시스템(주)(TAK INFORMATION SYSTEMS),,,110597,3536000,,,,,,
정보통신,정보통신공사업,4315,(주)인피니티시스템,,,420201,3535100,,,,,,
정보통신,정보통신공사업,4316,주식회사 삼성이엔씨,,,410059,3534900,,,,,,
정보통신,정보통신공사업,4317,주식회사 건우이엔지,,,610386,3534600,,,,,,
정보통신,정보통신공사업,4318,(주)홍석,,,140085,3534500,,,,,,
정보통신,정보통신공사업,4319,강남정보기술 주식회사,,,202909,3534300,,,,,,
정보통신,정보통신공사업,4320,주식회사 국제미디어,,,550198,3534200,,,,,,
정보통신,정보통신공사업,4321,(주)남경전력,,,320055,3533900,,,,,,
정보통신,정보통신공사업,4322,(주)우리티앤에스,,,430249,3530900,,,,,,
정보통신,정보통신공사업,4323,주식회사 문성통신,,,620260,3529300,,,,,,
정보통신,정보통신공사업,4323,(주)지음이엔지,,,540011,3529300,,,,,,
정보통신,정보통신공사업,4323,지미디어 주식회사,,,312262,3529300,,,,,,
정보통신,정보통신공사업,4323,(주)싸이버로지텍,,,112557,3529300,,,,,,
정보통신,정보통신공사업,4327,(주)씨씨티비네오텍,,,202728,3529200,,,,,,
정보통신,정보통신공사업,4328,주식회사 엘엔에스넷,,,320416,3528900,,,,,,
정보통신,정보통신공사업,4329,(주)가나엔터프라이즈,,,620320,3528700,,,,,,
정보통신,정보통신공사업,4330,삼성계기공업,,,310341,3527900,,,,,,
정보통신,정보통신공사업,4330,(주)나오디지탈,,,113204,3527900,,,,,,
정보통신,정보통신공사업,4332,(주)금성전기통신공사,,,111973,3527500,,,,,,
정보통신,정보통신공사업,4333,주식회사 푸름엘엔티,,,203936,3527400,,,,,,
정보통신,정보통신공사업,4334,에이스테크,,,530421,3525700,,,,,,
정보통신,정보통신공사업,4335,"주식회사 유앤케이테크(UNKTECH Co.,Ltd)",,,203618,3525100,,,,,,
정보통신,정보통신공사업,4336,구례케이블티비시스템(주),,,610002,3524600,,,,,,
정보통신,정보통신공사업,4337,주식회사 세영,,,610041,3523700,,,,,,
정보통신,정보통신공사업,4338,월드네트웍스(주),,,320085,3522800,,,,,,
정보통신,정보통신공사업,4339,(주)티아젠정보,,,530221,3521600,,,,,,
정보통신,정보통신공사업,4340,온세계정보통신(주),,,130477,3521000,,,,,,
정보통신,정보통신공사업,4341,(주)에스엔디테크,,,311686,3520700,,,,,,
정보통신,정보통신공사업,4342,주식회사 테크커넥트,,,312623,3519800,,,,,,
정보통신,정보통신공사업,4343,(주)두현,,,350212,3519600,,,,,,
정보통신,정보통신공사업,4344,콘텐츠스퀘어(주),,,201846,3519300,,,,,,
정보통신,정보통신공사업,4345,(주)유디피시스,,,550227,3518500,,,,,,
정보통신,정보통신공사업,4346,선문 주식회사,,,610476,3518000,,,,,,
정보통신,정보통신공사업,4347,주식회사 세솔,,,204198,3517200,,,,,,
정보통신,정보통신공사업,4348,뉴.코리아정보통신,,,350341,3516600,,,,,,
정보통신,정보통신공사업,4348,(주)태성디앤에스,,,311413,3516600,,,,,,
정보통신,정보통신공사업,4350,뉴텔정보통신(주),,,110954,3516300,,,,,,
정보통신,정보통신공사업,4351,"주식회사 인피니티아이씨티(INFINITY ICT Co., Ltd.)",,,203230,3514800,,,,,,
정보통신,정보통신공사업,4352,태우산전,,,111781,3514700,,,,,,
정보통신,정보통신공사업,4353,태창미디어넷 주식회사,,,620296,3513800,,,,,,
정보통신,정보통신공사업,4354,(주)케이시스,,,510223,3513500,,,,,,
정보통신,정보통신공사업,4355,(주)디노시스,,,200265,3511300,,,,,,
정보통신,정보통신공사업,4356,제이케이이엔씨 주식회사,,,320273,3511100,,,,,,
정보통신,정보통신공사업,4357,대웅정보통신 주식회사,,,111231,3509900,,,,,,
정보통신,정보통신공사업,4358,케이제이엔지니어링(주),,,510539,3509000,,,,,,
정보통신,정보통신공사업,4359,주식회사 태원시스템,,,310364,3508100,,,,,,
정보통신,정보통신공사업,4360,합동전자통신(주),,,110118,3506400,,,,,,
정보통신,정보통신공사업,4361,주식회사 디지윌,,,202964,3506300,,,,,,
정보통신,정보통신공사업,4362,가람정보기술(주),,,150646,3505300,,,,,,
정보통신,정보통신공사업,4363,(주)맨컴,,,311108,3504700,,,,,,
정보통신,정보통신공사업,4364,주식회사 스카이통신,,,410218,3504300,,,,,,
정보통신,정보통신공사업,4365,주식회사 엔씨엔,,,620272,3503400,,,,,,
정보통신,정보통신공사업,4366,(주)이레에너지테크,,,202273,3503100,,,,,,
정보통신,정보통신공사업,4367,주식회사 호반산업,,,111991,3501600,,,,,,
정보통신,정보통신공사업,4368,(주)셀퍼,,,201319,3501200,,,,,,
정보통신,정보통신공사업,4369,(주)유비스코프,,,201940,3501100,,,,,,
정보통신,정보통신공사업,4370,오푸스(주),,,113113,3499600,,,,,,
정보통신,정보통신공사업,4371,"주식회사 지오앤(Geo& Co.,Ltd.)",,,330324,3499400,,,,,,
정보통신,정보통신공사업,4372,주군이앤씨(주),,,311014,3499100,,,,,,
정보통신,정보통신공사업,4373,(주)동양건설산업,,,110956,3498600,,,,,,
정보통신,정보통신공사업,4374,(주)비젼아이티,,,130363,3497800,,,,,,
정보통신,정보통신공사업,4375,주식회사 대덕에너지,,,200675,3497500,,,,,,
정보통신,정보통신공사업,4376,어니컴(주),,,201044,3497100,,,,,,
정보통신,정보통신공사업,4377,주식회사 씨엠비,,,130310,3496500,,,,,,
정보통신,정보통신공사업,4378,주식회사 대영모빌리티 (DAEYOUNG Mobility Inc.),,,112579,3495900,,,,,,
정보통신,정보통신공사업,4379,(주)헤드,,,550226,3495000,,,,,,
정보통신,정보통신공사업,4380,아몽솔루션(주),,,550120,3493800,,,,,,
정보통신,정보통신공사업,4381,주식회사 월드싸운드,,,320407,3493700,,,,,,
정보통신,정보통신공사업,4381,디에스인포(주),,,620102,3493700,,,,,,
정보통신,정보통신공사업,4383,스피드컴프라자,,,350278,3493400,,,,,,
정보통신,정보통신공사업,4384,(주)새한에이앤지,,,201409,3493300,,,,,,
정보통신,정보통신공사업,4385,(주)쎄븐정보기술,,,202018,3492800,,,,,,
정보통신,정보통신공사업,4386,주식회사 해진정보통신,,,140203,3492500,,,,,,
정보통신,정보통신공사업,4387,(주)동광정보통신,,,120656,3492200,,,,,,
정보통신,정보통신공사업,4388,우림계기(주),,,311621,3492100,,,,,,
정보통신,정보통신공사업,4388,(주)이엔제이솔루션,,,311558,3492100,,,,,,
정보통신,정보통신공사업,4390,"주식회사 이노테나 (Innotena, Inc.)",,,202913,3491700,,,,,,
정보통신,정보통신공사업,4391,주식회사 아이테크,,,610406,3491000,,,,,,
정보통신,정보통신공사업,4392,(주)위드컴,,,201893,3490600,,,,,,
정보통신,정보통신공사업,4393,(주)하림아이티,,,510374,3490500,,,,,,
정보통신,정보통신공사업,4394,지온통신기술 주식회사,,,510474,3490300,,,,,,
정보통신,정보통신공사업,4395,(주)씨유정보통신,,,410041,3490000,,,,,,
정보통신,정보통신공사업,4396,(주)플랜티넷,,,113058,3489900,,,,,,
정보통신,정보통신공사업,4396,주식회사 선우이엔씨,,,350335,3489900,,,,,,
정보통신,정보통신공사업,4396,지니언스 주식회사,,,311957,3489900,,,,,,
정보통신,정보통신공사업,4396,라온위즈 주식회사,,,202719,3489900,,,,,,
정보통신,정보통신공사업,4396,주식회사 앤트라인소프트,,,203039,3489900,,,,,,
정보통신,정보통신공사업,4396,텔코웨어(주),,,201225,3489900,,,,,,
정보통신,정보통신공사업,4396,"주식회사 엑스게이트 (AXGATE Co., Ltd.)",,,203835,3489900,,,,,,
정보통신,정보통신공사업,4403,주식회사 네트콤,,,200442,3489700,,,,,,
정보통신,정보통신공사업,4404,주식회사 대성정보,,,620086,3487400,,,,,,
정보통신,정보통신공사업,4405,유경제어(주),,,112817,3487100,,,,,,
정보통신,정보통신공사업,4406,제이씨현시스템(주),,,111752,3486300,,,,,,
정보통신,정보통신공사업,4407,진테크,,,620271,3485800,,,,,,
정보통신,정보통신공사업,4408,(주)여의시스템,,,200340,3483800,,,,,,
정보통신,정보통신공사업,4409,(주)한일테크닉스,,,112572,3481000,,,,,,
정보통신,정보통신공사업,4410,(주)진돗개보안,,,311862,3480700,,,,,,
정보통신,정보통신공사업,4411,에이텍(주),,,330104,3479600,,,,,,
정보통신,정보통신공사업,4412,주식회사 백중,,,610202,3478900,,,,,,
정보통신,정보통신공사업,4413,웅진보안시스템(주),,,130218,3478800,,,,,,
정보통신,정보통신공사업,4414,(주)코런,,,311829,3478400,,,,,,
정보통신,정보통신공사업,4415,(주)우리정보통신,,,130294,3477600,,,,,,
정보통신,정보통신공사업,4416,주식회사 카지트(CARGIT),,,312458,3476900,,,,,,
정보통신,정보통신공사업,4417,(주)광회정보통신,,,630153,3476800,,,,,,
정보통신,정보통신공사업,4418,주식회사 유비텍정보기술,,,310751,3476700,,,,,,
정보통신,정보통신공사업,4419,시큐리타스코리아 주식회사,,,203635,3476100,,,,,,
정보통신,정보통신공사업,4420,(주)세종보안시스템,,,410069,3475700,,,,,,
정보통신,정보통신공사업,4421,(주)부성정보통신,,,420009,3475300,,,,,,
정보통신,정보통신공사업,4422,건일정보통신(주),,,630068,3474500,,,,,,
정보통신,정보통신공사업,4423,한성정보기술(주),,,201019,3472900,,,,,,
정보통신,정보통신공사업,4424,풍국전기(주),,,200532,3472000,,,,,,
정보통신,정보통신공사업,4425,(주)선인,,,111817,3471700,,,,,,
정보통신,정보통신공사업,4426,(주)세명엔지니어링,,,330050,3470900,,,,,,
정보통신,정보통신공사업,4427,(주)진네트웍스,,,310890,3470500,,,,,,
정보통신,정보통신공사업,4428,(주)드림정보시스템,,,620224,3470300,,,,,,
정보통신,정보통신공사업,4429,주식회사 해인기술,,,550455,3467900,,,,,,
정보통신,정보통신공사업,4430,(주)경운전력,,,201235,3467400,,,,,,
정보통신,정보통신공사업,4431,(주)엠비에스엔지니어링,,,200019,3465800,,,,,,
정보통신,정보통신공사업,4432,효성중공업 주식회사,,,200206,3465500,,,,,,
정보통신,정보통신공사업,4433,와이디일렉트로닉스(주),,,510494,3464400,,,,,,
정보통신,정보통신공사업,4434,주식회사 유피시앤에스,,,520155,3463700,,,,,,
정보통신,정보통신공사업,4435,(주)동광이엔씨,,,113101,3463500,,,,,,
정보통신,정보통신공사업,4436,(주)지오시스템리서치,,,310985,3463100,,,,,,
정보통신,정보통신공사업,4437,(주)주애기술,,,311309,3462200,,,,,,
정보통신,정보통신공사업,4438,(주)미래씨앤테크,,,110991,3462100,,,,,,
정보통신,정보통신공사업,4439,(주)조은네트웍스,,,202072,3462000,,,,,,
정보통신,정보통신공사업,4440,주식회사 에스웨이엠,,,311582,3461700,,,,,,
정보통신,정보통신공사업,4441,시설물안전연구원(주),,,311572,3461100,,,,,,
정보통신,정보통신공사업,4442,(주)한신기전통신,,,111050,3460200,,,,,,
정보통신,정보통신공사업,4443,(주)네오텔링크,,,201063,3459300,,,,,,
정보통신,정보통신공사업,4444,극동음향(주),,,202207,3459100,,,,,,
정보통신,정보통신공사업,4445,씨엔엔정보통신,,,320528,3457000,,,,,,
정보통신,정보통신공사업,4446,주식회사 명천전기통신,,,310342,3455900,,,,,,
정보통신,정보통신공사업,4447,주식회사 서진아이티씨,,,630089,3455800,,,,,,
정보통신,정보통신공사업,4448,로안테크 주식회사,,,203056,3454500,,,,,,
정보통신,정보통신공사업,4449,(주)오픈링크시스템,,,620220,3453100,,,,,,
정보통신,정보통신공사업,4450,에이디솔루션즈(주),,,311355,3452700,,,,,,
정보통신,정보통신공사업,4451,한창이웨이 주식회사,,,203737,3452600,,,,,,
정보통신,정보통신공사업,4452,신도정보통신(주),,,311321,3450900,,,,,,
정보통신,정보통신공사업,4453,주식회사 비앤에스,,,170051,3450500,,,,,,
정보통신,정보통신공사업,4454,"주식회사 램스(LAMS Co., Ltd.)",,,311092,3448400,,,,,,
정보통신,정보통신공사업,4455,남화토건(주),,,610088,3447800,,,,,,
정보통신,정보통신공사업,4456,주식회사 천산정보통신,,,620208,3447400,,,,,,
정보통신,정보통신공사업,4457,(주)기술사사무소한빛기술단,,,420147,3447100,,,,,,
정보통신,정보통신공사업,4458,주식회사 한국픽셀,,,311336,3446300,,,,,,
정보통신,정보통신공사업,4459,(주)와이컴,,,550342,3445800,,,,,,
정보통신,정보통신공사업,4460,앤에스씨정보시스템(주),,,200261,3445000,,,,,,
정보통신,정보통신공사업,4461,낙스넷(주),,,201554,3444700,,,,,,
정보통신,정보통신공사업,4462,채움정보통신 주식회사,,,420375,3441400,,,,,,
정보통신,정보통신공사업,4463,"(주)포스웨이브(Force Wave Co., Ltd.)",,,311149,3441300,,,,,,
정보통신,정보통신공사업,4464,주식회사 정도정보통신,,,320390,3440900,,,,,,
정보통신,정보통신공사업,4465,(주)제이비티,,,202749,3440500,,,,,,
정보통신,정보통신공사업,4466,(주)루민비젼,,,310548,3440400,,,,,,
정보통신,정보통신공사업,4467,주식회사 스마트제어계측,,,420292,3440200,,,,,,
정보통신,정보통신공사업,4468,주식회사 리안시스템,,,202967,3439100,,,,,,
정보통신,정보통신공사업,4469,주식회사 이노인프라,,,204115,3439000,,,,,,
정보통신,정보통신공사업,4469,엠이엠시스템 주식회사,,,312592,3439000,,,,,,
정보통신,정보통신공사업,4471,케이엠이엔씨 주식회사,,,202427,3438800,,,,,,
정보통신,정보통신공사업,4472,(주)통해,,,310564,3438600,,,,,,
정보통신,정보통신공사업,4473,"주식회사 엘아이지아큐버 (LIG Accuver Co., Ltd.)",,,310243,3437500,,,,,,
정보통신,정보통신공사업,4473,(주)모두텔,,,510370,3437500,,,,,,
정보통신,정보통신공사업,4475,주식회사 씨아이피시스템,,,203797,3434300,,,,,,
정보통신,정보통신공사업,4476,주식회사 대경이엔에스,,,120817,3434000,,,,,,
정보통신,정보통신공사업,4477,(주)서해종합건설,,,201738,3433500,,,,,,
정보통신,정보통신공사업,4478,유한회사 다담정보통신,,,610266,3432800,,,,,,
정보통신,정보통신공사업,4479,주식회사 아이링크시스템,,,202931,3432500,,,,,,
정보통신,정보통신공사업,4480,(주)헤리트,,,311763,3432400,,,,,,
정보통신,정보통신공사업,4481,주식회사 피에이시스,,,203306,3431800,,,,,,
정보통신,정보통신공사업,4482,으뜸정보통신,,,310987,3431700,,,,,,
정보통신,정보통신공사업,4483,주식회사 로뎀정보통신,,,311813,3430600,,,,,,
정보통신,정보통신공사업,4484,주식회사 씨큐리티에비던스,,,312220,3430500,,,,,,
정보통신,정보통신공사업,4485,세진정보 주식회사,,,440035,3429900,,,,,,
정보통신,정보통신공사업,4486,(주)가나엔터프라이즈,,,520113,3429600,,,,,,
정보통신,정보통신공사업,4487,(주)유진정보통신,,,430152,3429500,,,,,,
정보통신,정보통신공사업,4488,(주)서해전설,,,140378,3429100,,,,,,
정보통신,정보통신공사업,4489,일성미디어통신(주),,,113032,3428000,,,,,,
정보통신,정보통신공사업,4489,(주)케이디티,,,310562,3428000,,,,,,
정보통신,정보통신공사업,4491,주식회사 진엔지니어링,,,311946,3427100,,,,,,
정보통신,정보통신공사업,4492,투썸데이타(주),,,510524,3426900,,,,,,
정보통신,정보통신공사업,4493,아이에스엘정보통신(주),,,120493,3426700,,,,,,
정보통신,정보통신공사업,4493,주식회사 케이시스템,,,203367,3426700,,,,,,
정보통신,정보통신공사업,4495,주식회사 이노파크텍,,,112362,3426500,,,,,,
정보통신,정보통신공사업,4495,디비이앤씨(주),,,550096,3426500,,,,,,
정보통신,정보통신공사업,4497,(주)스완아나리티칼코리아,,,130005,3426300,,,,,,
정보통신,정보통신공사업,4498,주식회사 대진정보네트웍,,,550374,3425300,,,,,,
정보통신,정보통신공사업,4499,시앤시인스트루먼트(주),,,311237,3423600,,,,,,
정보통신,정보통신공사업,4500,(주)서라벌씨앤아이,,,150320,3422800,,,,,,
정보통신,정보통신공사업,4501,주식회사 엑사엔터프라이즈,,,430191,3422100,,,,,,
정보통신,정보통신공사업,4501,(주)제이비파워텍,,,430139,3422100,,,,,,
정보통신,정보통신공사업,4503,(주)동양타브,,,112378,3419900,,,,,,
정보통신,정보통신공사업,4504,주식회사 에스엠소프트,,,610436,3419300,,,,,,
정보통신,정보통신공사업,4505,뉴아이텍(주),,,202773,3418200,,,,,,
정보통신,정보통신공사업,4506,주식회사 다옴솔루션,,,203106,3417600,,,,,,
정보통신,정보통신공사업,4507,태양넷콤(주),,,130018,3417400,,,,,,
정보통신,정보통신공사업,4507,주식회사 에스비아이앤씨,,,204233,3417400,,,,,,
정보통신,정보통신공사업,4509,나눔아이씨티 주식회사,,,310318,3416700,,,,,,
정보통신,정보통신공사업,4510,(주)아텍정보시스템,,,311342,3416200,,,,,,
정보통신,정보통신공사업,4511,(주)오픈네트웍시스템,,,311193,3415800,,,,,,
정보통신,정보통신공사업,4512,(유)아이디씨케이,,,160228,3415500,,,,,,
정보통신,정보통신공사업,4513,"주식회사 광무 (Kwangmu Co.,Ltd.)",,,202009,3414900,,,,,,
정보통신,정보통신공사업,4514,주식회사 디티에스,,,530402,3414600,,,,,,
정보통신,정보통신공사업,4515,주식회사 인컴스,,,630175,3414200,,,,,,
정보통신,정보통신공사업,4516,(주)이엠맵정보,,,540008,3413800,,,,,,
정보통신,정보통신공사업,4517,주식회사 아이네트,,,540416,3413700,,,,,,
정보통신,정보통신공사업,4518,(주)비인텍,,,202248,3413500,,,,,,
정보통신,정보통신공사업,4519,(주)나인정보기술,,,320286,3411900,,,,,,
정보통신,정보통신공사업,4520,주식회사 우성넷콤,,,130332,3411400,,,,,,
정보통신,정보통신공사업,4520,주식회사 앤앤씨월드,,,204086,3411400,,,,,,
정보통신,정보통신공사업,4522,(주)제이에치코리아,,,202470,3411100,,,,,,
정보통신,정보통신공사업,4523,영원아이앤에스주식회사,,,312333,3411000,,,,,,
정보통신,정보통신공사업,4523,주식회사 한종,,,312323,3411000,,,,,,
정보통신,정보통신공사업,4523,주식회사 싸이크로스,,,203442,3411000,,,,,,
정보통신,정보통신공사업,4526,(주)아토스,,,201120,3408700,,,,,,
정보통신,정보통신공사업,4527,주식회사 지니넷,,,520111,3408500,,,,,,
정보통신,정보통신공사업,4528,동양전자통신,,,180076,3407400,,,,,,
정보통신,정보통신공사업,4529,주식회사 다인시스템,,,550366,3405000,,,,,,
정보통신,정보통신공사업,4529,글로벌아이씨티(주),,,311292,3405000,,,,,,
정보통신,정보통신공사업,4531,대상정보기술(주),,,110688,3404900,,,,,,
정보통신,정보통신공사업,4532,으뜸아이에스 주식회사,,,320318,3404800,,,,,,
정보통신,정보통신공사업,4533,주식회사 디에스에스지,,,203170,3403000,,,,,,
정보통신,정보통신공사업,4534,주식회사 아이원테크,,,130159,3402500,,,,,,
정보통신,정보통신공사업,4535,(주)진영이엔씨,,,110022,3402400,,,,,,
정보통신,정보통신공사업,4536,(주)이베스트엔지니어링,,,330331,3401800,,,,,,
정보통신,정보통신공사업,4537,(주)이안씨엔티,,,311327,3400400,,,,,,
정보통신,정보통신공사업,4538,주식회사 주원테크,,,610306,3400300,,,,,,
정보통신,정보통신공사업,4539,(주)자은,,,120613,3400100,,,,,,
정보통신,정보통신공사업,4540,(주)정호,,,311634,3399700,,,,,,
정보통신,정보통신공사업,4541,(주)지엘앤티,,,201696,3399500,,,,,,
정보통신,정보통신공사업,4542,성민전기(주),,,201757,3398500,,,,,,
정보통신,정보통신공사업,4542,유토피아정보기술(주),,,201528,3398500,,,,,,
정보통신,정보통신공사업,4544,주식회사 케이티에스테이트,,,202791,3397200,,,,,,
정보통신,정보통신공사업,4545,(주)한별휴스템,,,111967,3394800,,,,,,
정보통신,정보통신공사업,4546,퍼스트정보통신(주),,,420237,3394500,,,,,,
정보통신,정보통신공사업,4547,(주)지플러스,,,420199,3393900,,,,,,
정보통신,정보통신공사업,4548,주식회사 테라비트,,,510720,3393700,,,,,,
정보통신,정보통신공사업,4549,(주)샌디아,,,202557,3393500,,,,,,
정보통신,정보통신공사업,4550,유림테크 주식회사,,,202815,3393300,,,,,,
정보통신,정보통신공사업,4550,(주)한성전자에이알엠,,,311494,3393300,,,,,,
정보통신,정보통신공사업,4552,(주)모드원,,,311564,3393100,,,,,,
정보통신,정보통신공사업,4553,주식회사 한정원,,,202120,3393000,,,,,,
정보통신,정보통신공사업,4554,(주)연합정보,,,113214,3392200,,,,,,
정보통신,정보통신공사업,4555,(주)가은씨앤에스,,,202457,3391600,,,,,,
정보통신,정보통신공사업,4556,(주)누리씨아이에스,,,200682,3391000,,,,,,
정보통신,정보통신공사업,4557,주식회사 다온이엔씨,,,140470,3390300,,,,,,
정보통신,정보통신공사업,4558,신영에스아이 주식회사,,,203379,3390200,,,,,,
정보통신,정보통신공사업,4559,도남정보통신 주식회사,,,110580,3389000,,,,,,
정보통신,정보통신공사업,4560,(주)나우티앤에스,,,200464,3387400,,,,,,
정보통신,정보통신공사업,4561,(주)쓰리에스전기통신,,,311510,3387100,,,,,,
정보통신,정보통신공사업,4562,(주)건영정보통신,,,410098,3386500,,,,,,
정보통신,정보통신공사업,4562,주식회사 유비,,,540368,3386500,,,,,,
정보통신,정보통신공사업,4564,한국종합통신,,,170107,3386200,,,,,,
정보통신,정보통신공사업,4565,"주식회사 테이슨(teixon Co.,Ltd.)",,,204090,3385800,,,,,,
정보통신,정보통신공사업,4566,"주식회사 에스엠메이커스(SMmakers Co.,Ltd.)",,,311452,3385700,,,,,,
정보통신,정보통신공사업,4567,주식회사 유알피,,,201233,3385200,,,,,,
정보통신,정보통신공사업,4568,이오아이알 주식회사,,,420532,3385000,,,,,,
정보통신,정보통신공사업,4569,"주식회사 케이티에이치씨엔 (kt HCN Co., Ltd.)",,,111462,3384900,,,,,,
정보통신,정보통신공사업,4570,다산정보통신(주),,,350092,3382600,,,,,,
정보통신,정보통신공사업,4571,아람정보기술(주),,,320092,3381400,,,,,,
정보통신,정보통신공사업,4572,주식회사 하나테크놀러지,,,530416,3381100,,,,,,
정보통신,정보통신공사업,4573,주식회사 아르게스마린,,,550413,3380800,,,,,,
정보통신,정보통신공사업,4574,주식회사 엔씨커뮤니티,,,620401,3380700,,,,,,
정보통신,정보통신공사업,4575,신명유아이(주),,,610056,3377700,,,,,,
정보통신,정보통신공사업,4575,(주)스페이스빌더스,,,620328,3377700,,,,,,
정보통신,정보통신공사업,4575,(주)두성미디어,,,113125,3377700,,,,,,
정보통신,정보통신공사업,4578,(주)코지라인,,,640041,3376100,,,,,,
정보통신,정보통신공사업,4579,(유)제이티솔루션,,,620100,3375700,,,,,,
정보통신,정보통신공사업,4580,휴미템,,,540441,3375600,,,,,,
정보통신,정보통신공사업,4581,스마트미터 주식회사,,,350507,3375100,,,,,,
정보통신,정보통신공사업,4582,주식회사 수산이앤에스(SOOSAN ENS),,,520071,3375000,,,,,,
정보통신,정보통신공사업,4582,"(주)안랩(AHNLAB, INC.)",,,201444,3375000,,,,,,
정보통신,정보통신공사업,4584,(주)아진정보통신,,,530042,3374100,,,,,,
정보통신,정보통신공사업,4585,(주)케이이에스전기공사,,,201569,3373600,,,,,,
정보통신,정보통신공사업,4586,금강전기산업(주),,,430017,3373500,,,,,,
정보통신,정보통신공사업,4587,두리통신건설(주),,,110072,3373100,,,,,,
정보통신,정보통신공사업,4588,주식회사 지란지교시큐리티,,,203071,3372900,,,,,,
정보통신,정보통신공사업,4589,알티컴 주식회사,,,311822,3372600,,,,,,
정보통신,정보통신공사업,4589,주식회사 베가프로젝트코리아,,,203355,3372600,,,,,,
정보통신,정보통신공사업,4591,(주)협성임프,,,510414,3372400,,,,,,
정보통신,정보통신공사업,4592,(주)조은통신,,,410174,3372100,,,,,,
정보통신,정보통신공사업,4593,화일정보산업,,,312173,3371900,,,,,,
정보통신,정보통신공사업,4594,주식회사 동한피앤에스,,,203434,3371600,,,,,,
정보통신,정보통신공사업,4594,(주)시큐브,,,201344,3371600,,,,,,
정보통신,정보통신공사업,4594,주식회사 엑시노스,,,312428,3371600,,,,,,
정보통신,정보통신공사업,4594,주식회사 귀뚜라미 범양냉방,,,530451,3371600,,,,,,
정보통신,정보통신공사업,4598,(주)에스유아이티,,,420205,3370800,,,,,,
정보통신,정보통신공사업,4598,(주)리얼허브,,,510309,3370800,,,,,,
정보통신,정보통신공사업,4600,주식회사 가교오씨아이,,,111574,3370700,,,,,,
정보통신,정보통신공사업,4601,(주)서인지엔티,,,311006,3369700,,,,,,
정보통신,정보통신공사업,4602,윤전기통신공사,,,113219,3369500,,,,,,
정보통신,정보통신공사업,4603,우리해양(주),,,320027,3369200,,,,,,
정보통신,정보통신공사업,4604,(주)위버시스템즈,,,201873,3368700,,,,,,
정보통신,정보통신공사업,4605,주식회사 에이브이팀,,,550499,3367600,,,,,,
정보통신,정보통신공사업,4606,아이비젼(주),,,140019,3367200,,,,,,
정보통신,정보통신공사업,4607,(주)엘케이일레븐,,,311175,3365800,,,,,,
정보통신,정보통신공사업,4608,창우이엔씨 주식회사,,,140369,3364200,,,,,,
정보통신,정보통신공사업,4609,(주)진성디지털,,,610031,3363600,,,,,,
정보통신,정보통신공사업,4610,동은정보기술 주식회사,,,311952,3363500,,,,,,
정보통신,정보통신공사업,4611,(주)썬정보통신,,,540314,3363400,,,,,,
정보통신,정보통신공사업,4612,(주)우성시큐리티,,,410254,3362200,,,,,,
정보통신,정보통신공사업,4613,(주)수리이엔씨,,,311267,3362100,,,,,,
정보통신,정보통신공사업,4614,주식회사 성진이엔씨,,,550319,3361800,,,,,,
정보통신,정보통신공사업,4614,(주)나이츠넷,,,112624,3361800,,,,,,
정보통신,정보통신공사업,4616,주식회사 장광,,,203625,3361700,,,,,,
정보통신,정보통신공사업,4617,주식회사 삼보컴퓨터 대구센터(TGS),,,530362,3361300,,,,,,
정보통신,정보통신공사업,4618,(주)케이티비즈컴,,,350218,3361200,,,,,,
정보통신,정보통신공사업,4619,(주)반도통신,,,550004,3360700,,,,,,
정보통신,정보통신공사업,4620,(주)오름정보기술,,,640031,3360600,,,,,,
정보통신,정보통신공사업,4621,(주)대경시스텍,,,202098,3360400,,,,,,
정보통신,정보통신공사업,4621,아람이엔테크(주),,,350095,3360400,,,,,,
정보통신,정보통신공사업,4623,(주)대한유비텍,,,201825,3359900,,,,,,
정보통신,정보통신공사업,4624,신호네트워크 주식회사,,,350433,3359800,,,,,,
정보통신,정보통신공사업,4625,주식회사 시더,,,312441,3359500,,,,,,
정보통신,정보통신공사업,4626,"주식회사 블루넥스 (blunex Co., Ltd.)",,,510600,3358100,,,,,,
정보통신,정보통신공사업,4627,동신전기통신공사,,,120318,3357900,,,,,,
정보통신,정보통신공사업,4627,(주)링크로드,,,550155,3357900,,,,,,
정보통신,정보통신공사업,4629,(주)그린테크,,,140036,3357400,,,,,,
정보통신,정보통신공사업,4630,(주)두원이엔지,,,530132,3357300,,,,,,
정보통신,정보통신공사업,4631,주식회사테크에이엘,,,320249,3355400,,,,,,
정보통신,정보통신공사업,4632,우남전력(주),,,640077,3355300,,,,,,
정보통신,정보통신공사업,4633,주식회사 정도양행,,,320394,3353600,,,,,,
정보통신,정보통신공사업,4634,첨단정보통신,,,320205,3353400,,,,,,
정보통신,정보통신공사업,4635,(주)디케이이앤씨,,,320101,3353100,,,,,,
정보통신,정보통신공사업,4636,(주)그린네트웍스,,,530252,3353000,,,,,,
정보통신,정보통신공사업,4637,"주식회사 아이노바(AINOVA Co., Ltd.)",,,311325,3352100,,,,,,
정보통신,정보통신공사업,4638,주식회사 서경이엔씨,,,140412,3351300,,,,,,
정보통신,정보통신공사업,4639,세화정보통신(주),,,520019,3350200,,,,,,
정보통신,정보통신공사업,4639,주식회사 위드플러스,,,350340,3350200,,,,,,
정보통신,정보통신공사업,4641,주식회사 비젼플러스,,,320393,3348800,,,,,,
정보통신,정보통신공사업,4641,(주)웰정보기술,,,202179,3348800,,,,,,
정보통신,정보통신공사업,4643,(주)윈어텍,,,200813,3348100,,,,,,
정보통신,정보통신공사업,4644,씨제이올리브네트웍스 주식회사,,,112527,3347600,,,,,,
정보통신,정보통신공사업,4645,(주)조아정보통신,,,202107,3347100,,,,,,
정보통신,정보통신공사업,4646,소울테크(주),,,311306,3346200,,,,,,
정보통신,정보통신공사업,4647,"주식회사 스페이스애드(Space Add Co.,Ltd.)",,,204033,3345900,,,,,,
정보통신,정보통신공사업,4648,주식회사 에이아이커넥트,,,311276,3344900,,,,,,
정보통신,정보통신공사업,4649,(주)와이지글로벌,,,350108,3343400,,,,,,
정보통신,정보통신공사업,4650,(주)앤시스테크놀러지,,,311402,3343300,,,,,,
정보통신,정보통신공사업,4651,에이치디에스주식회사,,,311799,3342700,,,,,,
정보통신,정보통신공사업,4651,주식회사 진승정보기술,,,204042,3342700,,,,,,
정보통신,정보통신공사업,4653,주식회사 브릭스컴퍼니,,,310599,3342300,,,,,,
정보통신,정보통신공사업,4654,주식회사 선우이엔씨,,,110328,3341200,,,,,,
정보통신,정보통신공사업,4655,(주)현진통신,,,510623,3340600,,,,,,
정보통신,정보통신공사업,4656,영동전기 주식회사,,,120453,3340200,,,,,,
정보통신,정보통신공사업,4657,(주)케이티지,,,420112,3336400,,,,,,
정보통신,정보통신공사업,4658,금화씨앤이(주),,,311390,3336200,,,,,,
정보통신,정보통신공사업,4659,대성홀딩스(주),,,200160,3335500,,,,,,
정보통신,정보통신공사업,4660,주식회사 삼승이엔씨,,,311250,3335400,,,,,,
정보통신,정보통신공사업,4661,(주)현이엔지,,,320104,3335100,,,,,,
정보통신,정보통신공사업,4662,주식회사 엠지데이터시스템,,,203789,3334900,,,,,,
정보통신,정보통신공사업,4663,주식회사 엔버스,,,312131,3334400,,,,,,
정보통신,정보통신공사업,4664,주식회사 엔아이네트웍스,,,640091,3333900,,,,,,
정보통신,정보통신공사업,4665,사단법인 어울림복지재단,,,620432,3333800,,,,,,
정보통신,정보통신공사업,4666,(주)프로브디지털,,,311290,3333600,,,,,,
정보통신,정보통신공사업,4666,에스엔지시스템,,,350283,3333600,,,,,,
정보통신,정보통신공사업,4668,주식회사 아레나,,,510670,3333200,,,,,,
정보통신,정보통신공사업,4668,(주)와이즈넷,,,510646,3333200,,,,,,
정보통신,정보통신공사업,4670,"주식회사 이즈넷 (ISNET Co., Ltd.)",,,420519,3332700,,,,,,
정보통신,정보통신공사업,4671,주식회사 정안디엔씨,,,200334,3332100,,,,,,
정보통신,정보통신공사업,4671,주식회사 싸이웰시스템,,,203344,3332100,,,,,,
정보통신,정보통신공사업,4671,주식회사 스패셜티,,,630417,3332100,,,,,,
정보통신,정보통신공사업,4671,하이미르 주식회사,,,350594,3332100,,,,,,
정보통신,정보통신공사업,4671,주식회사 참마루건설,,,204238,3332100,,,,,,
정보통신,정보통신공사업,4676,주식회사 해빛씨엔에스,,,203096,3330400,,,,,,
정보통신,정보통신공사업,4677,(주)티엠정보통신,,,113008,3329200,,,,,,
정보통신,정보통신공사업,4678,명진전기(주),,,540153,3328500,,,,,,
정보통신,정보통신공사업,4679,퓨처웨어 주식회사,,,111446,3328100,,,,,,
정보통신,정보통신공사업,4680,(주)엠텍정보시스템,,,201637,3326500,,,,,,
정보통신,정보통신공사업,4681,신화정보통신,,,540126,3326200,,,,,,
정보통신,정보통신공사업,4681,미르네트웍스 주식회사,,,203436,3326200,,,,,,
정보통신,정보통신공사업,4683,남양정보기술(주),,,140434,3326100,,,,,,
정보통신,정보통신공사업,4684,(주)다람정보,,,202091,3325400,,,,,,
정보통신,정보통신공사업,4685,위츠넷 주식회사,,,203658,3324500,,,,,,
정보통신,정보통신공사업,4686,주식회사 계림엔지니어링,,,410357,3324000,,,,,,
정보통신,정보통신공사업,4687,(주)씨이기술,,,202342,3323000,,,,,,
정보통신,정보통신공사업,4687,주식회사 한맥기술,,,410409,3323000,,,,,,
정보통신,정보통신공사업,4687,광동정보통신 주식회사,,,201830,3323000,,,,,,
정보통신,정보통신공사업,4690,주식회사 한국인프라,,,203833,3322400,,,,,,
정보통신,정보통신공사업,4691,에이치테크(주),,,140227,3322300,,,,,,
정보통신,정보통신공사업,4692,(주)씨씨에스충북방송,,,430283,3321800,,,,,,
정보통신,정보통신공사업,4693,주식회사 대림시스템,,,320420,3321100,,,,,,
정보통신,정보통신공사업,4694,(주)유윈정보통신,,,311030,3319000,,,,,,
정보통신,정보통신공사업,4695,(주)케이제이테크,,,311973,3318100,,,,,,
정보통신,정보통신공사업,4696,(주)에이텍정보기술,,,420212,3316600,,,,,,
정보통신,정보통신공사업,4697,(합자)광진전력,,,330063,3316500,,,,,,
정보통신,정보통신공사업,4698,(주)파이텍,,,630130,3316100,,,,,,
정보통신,정보통신공사업,4699,주식회사 이비즈테크,,,202779,3315700,,,,,,
정보통신,정보통신공사업,4700,주식회사 미디온,,,420503,3314600,,,,,,
정보통신,정보통신공사업,4701,(주)온누리정보통신,,,311428,3314100,,,,,,
정보통신,정보통신공사업,4702,대륭이엔지,,,111114,3313900,,,,,,
정보통신,정보통신공사업,4703,주식회사 제이엠티미디어,,,203279,3313500,,,,,,
정보통신,정보통신공사업,4704,보성선박전자장비(주),,,120835,3313300,,,,,,
정보통신,정보통신공사업,4705,(주)라인통신,,,130199,3312600,,,,,,
정보통신,정보통신공사업,4706,주식회사 시원아이티,,,310592,3312500,,,,,,
정보통신,정보통신공사업,4707,"주식회사 콕스(COX CO., LTD.)",,,203446,3312400,,,,,,
정보통신,정보통신공사업,4708,한국씨네텍(주),,,111350,3311700,,,,,,
정보통신,정보통신공사업,4709,트롤네트웍스(주),,,420072,3310900,,,,,,
정보통신,정보통신공사업,4710,남양이엔씨(주),,,130057,3310600,,,,,,
정보통신,정보통신공사업,4711,(주)도스넷,,,150574,3310500,,,,,,
정보통신,정보통신공사업,4712,주식회사 풍정정보통신,,,310438,3310400,,,,,,
정보통신,정보통신공사업,4713,주식회사 비엠아이,,,150381,3308500,,,,,,
정보통신,정보통신공사업,4714,주식회사 아이티위너,,,203062,3308400,,,,,,
정보통신,정보통신공사업,4715,주식회사 싸이버원,,,202151,3306600,,,,,,
정보통신,정보통신공사업,4716,주식회사 트루넷,,,201419,3304500,,,,,,
정보통신,정보통신공사업,4717,(주)앤네트웍스,,,550193,3304300,,,,,,
정보통신,정보통신공사업,4718,(주)화창기업,,,330013,3303400,,,,,,
정보통신,정보통신공사업,4719,(유)정안정보,,,160038,3302000,,,,,,
정보통신,정보통신공사업,4720,에이플시스템즈(주),,,112128,3301700,,,,,,
정보통신,정보통신공사업,4721,아임에버(주),,,310945,3301500,,,,,,
정보통신,정보통신공사업,4721,(주)신우에스티,,,430173,3301500,,,,,,
정보통신,정보통신공사업,4723,솔루텍(주),,,112809,3300900,,,,,,
정보통신,정보통신공사업,4724,(주)두일정보통신,,,130422,3300500,,,,,,
정보통신,정보통신공사업,4725,(주)투웰텍,,,520081,3300300,,,,,,
정보통신,정보통신공사업,4726,(주)태마루,,,202717,3299900,,,,,,
정보통신,정보통신공사업,4727,태평양이앤씨 주식회사,,,311567,3298600,,,,,,
정보통신,정보통신공사업,4728,LK통신,,,130348,3296300,,,,,,
정보통신,정보통신공사업,4729,주식회사 한진테크,,,312206,3296100,,,,,,
정보통신,정보통신공사업,4730,케이비드 주식회사,,,202782,3295600,,,,,,
정보통신,정보통신공사업,4731,주식회사 라인산업,,,440013,3295200,,,,,,
정보통신,정보통신공사업,4732,주식회사 비케이정보통신,,,410326,3294300,,,,,,
정보통신,정보통신공사업,4733,(주)서건,,,430055,3294000,,,,,,
정보통신,정보통신공사업,4734,주식회사 진승전기통신,,,320258,3293900,,,,,,
정보통신,정보통신공사업,4735,(주)세인미디어,,,110218,3292600,,,,,,
정보통신,정보통신공사업,4736,주식회사 라온에스,,,312501,3292300,,,,,,
정보통신,정보통신공사업,4737,주식회사 브랜드텍,,,201811,3291700,,,,,,
정보통신,정보통신공사업,4738,(주)우신정보시스템,,,201121,3290900,,,,,,
정보통신,정보통신공사업,4739,디비비전(주),,,200877,3290700,,,,,,
정보통신,정보통신공사업,4740,(주)프로텔레콤,,,330024,3290600,,,,,,
정보통신,정보통신공사업,4740,(주)씨엠유니버샬,,,113036,3290600,,,,,,
정보통신,정보통신공사업,4742,주식회사 이아이에스,,,530301,3290100,,,,,,
정보통신,정보통신공사업,4743,(유)주성산업,,,630158,3288800,,,,,,
정보통신,정보통신공사업,4744,주식회사 포이시스,,,203977,3288600,,,,,,
정보통신,정보통신공사업,4745,(주)세기전자,,,201824,3288400,,,,,,
정보통신,정보통신공사업,4746,부원아이티(주),,,120840,3287700,,,,,,
정보통신,정보통신공사업,4747,주식회사 디투제이,,,120227,3287000,,,,,,
정보통신,정보통신공사업,4748,주식회사 제이케이아이엔씨,,,170192,3286300,,,,,,
정보통신,정보통신공사업,4749,다원이엔지 주식회사,,,203074,3286100,,,,,,
정보통신,정보통신공사업,4750,(주)스톤헨지,,,311209,3285700,,,,,,
정보통신,정보통신공사업,4751,(주)알엠텍,,,310677,3284700,,,,,,
정보통신,정보통신공사업,4752,(주)사랑방미디어,,,620378,3284600,,,,,,
정보통신,정보통신공사업,4753,유니닥스 주식회사,,,203756,3283500,,,,,,
정보통신,정보통신공사업,4753,하나시스 주식회사,,,312374,3283500,,,,,,
정보통신,정보통신공사업,4753,리딩포인트(주),,,202620,3283500,,,,,,
정보통신,정보통신공사업,4756,주식회사 줌네트웍스,,,610087,3282400,,,,,,
정보통신,정보통신공사업,4757,하나시스템,,,430226,3282300,,,,,,
정보통신,정보통신공사업,4758,(주)규원테크,,,130346,3281800,,,,,,
정보통신,정보통신공사업,4759,주식회사 한국통신공사,,,430148,3279100,,,,,,
정보통신,정보통신공사업,4760,주식회사 우전정보통신,,,150635,3279000,,,,,,
정보통신,정보통신공사업,4761,(주)동아넷,,,310419,3276300,,,,,,
정보통신,정보통신공사업,4762,(유)우전,,,620127,3275800,,,,,,
정보통신,정보통신공사업,4763,(주)미드키스,,,202536,3275000,,,,,,
정보통신,정보통신공사업,4764,웨이즈원 주식회사,,,311988,3274800,,,,,,
정보통신,정보통신공사업,4765,주식회사 다인테크,,,630176,3273900,,,,,,
정보통신,정보통신공사업,4765,(주)가민정보시스템,,,620329,3273900,,,,,,
정보통신,정보통신공사업,4767,삼선전기(주),,,550106,3273300,,,,,,
정보통신,정보통신공사업,4768,(주)파인디지털,,,112766,3272700,,,,,,
정보통신,정보통신공사업,4769,주식회사 코드원에스에스 (CODEONE SS),,,430209,3270400,,,,,,
정보통신,정보통신공사업,4770,유한회사 세움이엔지,,,630412,3269300,,,,,,
정보통신,정보통신공사업,4771,에스에스코리아 주식회사(SS COREA),,,180047,3268800,,,,,,
정보통신,정보통신공사업,4771,주식회사 티아이지코리아,,,203163,3268800,,,,,,
정보통신,정보통신공사업,4773,주식회사 네바다정보통신,,,420289,3268700,,,,,,
정보통신,정보통신공사업,4774,(주)티스마트,,,311218,3267700,,,,,,
정보통신,정보통신공사업,4775,가온통신,,,430285,3267000,,,,,,
정보통신,정보통신공사업,4776,두우정보통신(주),,,111093,3266600,,,,,,
정보통신,정보통신공사업,4776,유한회사 전라보안공사,,,630306,3266600,,,,,,
정보통신,정보통신공사업,4778,주식회사 현진정보통신,,,111159,3265900,,,,,,
정보통신,정보통신공사업,4779,주식회사 앤솔루션,,,610475,3265500,,,,,,
정보통신,정보통신공사업,4780,세경통신 주식회사,,,610374,3264800,,,,,,
정보통신,정보통신공사업,4781,(주)강원,,,170035,3263700,,,,,,
정보통신,정보통신공사업,4782,주식회사 제이엠테크,,,312061,3262500,,,,,,
정보통신,정보통신공사업,4783,주식회사 새빛날,,,140426,3261700,,,,,,
정보통신,정보통신공사업,4784,(주)서우전설,,,200316,3260300,,,,,,
정보통신,정보통신공사업,4785,(주)링크,,,120774,3260200,,,,,,
정보통신,정보통신공사업,4786,(주)석산텔레콤,,,111492,3258600,,,,,,
정보통신,정보통신공사업,4786,민네트워크(주),,,113100,3258600,,,,,,
정보통신,정보통신공사업,4788,뉴마린엔지니어링(주),,,120604,3258100,,,,,,
정보통신,정보통신공사업,4789,(주)아이앤씨코리아,,,630106,3256500,,,,,,
정보통신,정보통신공사업,4790,주식회사 굿브릿지(GOODBRIDGE INC.),,,312450,3256100,,,,,,
정보통신,정보통신공사업,4791,(주)유씨네트웍스,,,510377,3255700,,,,,,
정보통신,정보통신공사업,4792,주식회사 유티스,,,320302,3255500,,,,,,
정보통신,정보통신공사업,4793,(주)제이아이티,,,201278,3254800,,,,,,
정보통신,정보통신공사업,4794,(주)유런테크,,,202438,3254500,,,,,,
정보통신,정보통신공사업,4795,(주)포스시스템,,,610010,3254200,,,,,,
정보통신,정보통신공사업,4796,(주)크레온유니티,,,350262,3253600,,,,,,
정보통신,정보통신공사업,4797,대립통신산업,,,120226,3253500,,,,,,
정보통신,정보통신공사업,4798,주식회사 송림정보통신,,,320473,3253000,,,,,,
정보통신,정보통신공사업,4799,주식회사 유비플러스,,,330257,3251700,,,,,,
정보통신,정보통신공사업,4800,주식회사 더블유티씨,,,320464,3250800,,,,,,
정보통신,정보통신공사업,4801,(주)가드텍,,,200897,3248300,,,,,,
정보통신,정보통신공사업,4802,(주)신한항업,,,310858,3247200,,,,,,
정보통신,정보통신공사업,4802,효성솔루션 주식회사,,,112759,3247200,,,,,,
정보통신,정보통신공사업,4804,(주)더지원네트웍스,,,311061,3247000,,,,,,
정보통신,정보통신공사업,4804,(주)지오투정보기술,,,310880,3247000,,,,,,
정보통신,정보통신공사업,4806,동원티앤씨 주식회사,,,630353,3246700,,,,,,
정보통신,정보통신공사업,4807,사단법인 대한용사장애인협회,,,320287,3246100,,,,,,
정보통신,정보통신공사업,4808,엑사아이엔티 주식회사,,,203027,3245400,,,,,,
정보통신,정보통신공사업,4809,(주)포도,,,311084,3244100,,,,,,
정보통신,정보통신공사업,4809,주식회사 이포넷,,,204167,3244100,,,,,,
정보통신,정보통신공사업,4809,"라온시큐어 주식회사(RaonSecure Co., Ltd.)",,,203266,3244100,,,,,,
정보통신,정보통신공사업,4812,"디케이엠텍 주식회사 (DK M-TECH Co., LTD.)",,,201509,3243400,,,,,,
정보통신,정보통신공사업,4813,주식회사 엘씨정보기술,,,170003,3241800,,,,,,
정보통신,정보통신공사업,4814,(주)새빛엔에스,,,200479,3241300,,,,,,
정보통신,정보통신공사업,4815,(주)세인전기정보통신,,,150249,3241200,,,,,,
정보통신,정보통신공사업,4816,(주)예원시스템,,,420262,3240600,,,,,,
정보통신,정보통신공사업,4817,(주)호서텔넷,,,201638,3238200,,,,,,
정보통신,정보통신공사업,4818,(주)삼성정보통신,,,550305,3238100,,,,,,
정보통신,정보통신공사업,4819,주식회사 에이치에스정보기술,,,540429,3237000,,,,,,
정보통신,정보통신공사업,4820,(주)나우씨앤아이,,,620098,3236100,,,,,,
정보통신,정보통신공사업,4821,하나텍플러스 주식회사,,,312555,3235700,,,,,,
정보통신,정보통신공사업,4822,에이치에스효성인포메이션시스템 주식회사,,,201086,3234900,,,,,,
정보통신,정보통신공사업,4823,"피앤아이티 주식회사(P & IT CO., LTD)",,,203168,3234700,,,,,,
정보통신,정보통신공사업,4824,주식회사 고업,,,312181,3234300,,,,,,
정보통신,정보통신공사업,4825,주식회사 키스정보통신,,,620330,3233100,,,,,,
정보통신,정보통신공사업,4826,(주)하나로솔루션,,,550279,3230900,,,,,,
정보통신,정보통신공사업,4826,주식회사 연합통신건설,,,510724,3230900,,,,,,
정보통신,정보통신공사업,4828,"주식회사 제이에스테크솔루션(JS-TECH SOLUTION Co., Ltd.)",,,204068,3230700,,,,,,
정보통신,정보통신공사업,4829,주식회사 보아텍,,,312509,3230100,,,,,,
정보통신,정보통신공사업,4830,한국통신인터넷기술(주),,,113104,3228400,,,,,,
정보통신,정보통신공사업,4831,(주)거성에너지,,,110878,3227200,,,,,,
정보통신,정보통신공사업,4832,주식회사 서로네트웍,,,530316,3226900,,,,,,
정보통신,정보통신공사업,4833,주식회사 아이티리그,,,203378,3226800,,,,,,
정보통신,정보통신공사업,4834,제우스전기정보통신(주),,,311545,3224400,,,,,,
정보통신,정보통신공사업,4835,(사)희망근로장애인협회,,,410314,3222600,,,,,,
정보통신,정보통신공사업,4836,(주)보성정보통신,,,430225,3220600,,,,,,
정보통신,정보통신공사업,4837,(주)다룸정보기술,,,201805,3220400,,,,,,
정보통신,정보통신공사업,4838,(주)델타정보통신,,,201931,3220300,,,,,,
정보통신,정보통신공사업,4839,주식회사 반디소프트,,,203410,3219900,,,,,,
정보통신,정보통신공사업,4839,명진전기통신(주),,,170170,3219900,,,,,,
정보통신,정보통신공사업,4841,(주)태양유니스,,,113418,3218100,,,,,,
정보통신,정보통신공사업,4841,주식회사 다온통신,,,350546,3218100,,,,,,
정보통신,정보통신공사업,4843,그로윈(주),,,204093,3217900,,,,,,
정보통신,정보통신공사업,4844,(주)스마트넷테크놀로지,,,112825,3216800,,,,,,
정보통신,정보통신공사업,4845,(주)삼정솔루션,,,311007,3215900,,,,,,
정보통신,정보통신공사업,4846,진성정보시스템 주식회사,,,320325,3215500,,,,,,
정보통신,정보통신공사업,4847,우신정보통신(주),,,430046,3215100,,,,,,
정보통신,정보통신공사업,4848,(주)대산네트워크,,,620067,3215000,,,,,,
정보통신,정보통신공사업,4849,주식회사 포엠아이텍,,,312375,3214900,,,,,,
정보통신,정보통신공사업,4850,주식회사 바다정보통신,,,330186,3214800,,,,,,
정보통신,정보통신공사업,4851,주식회사 광일전기통신,,,120596,3213000,,,,,,
정보통신,정보통신공사업,4852,주식회사 디씨아이,,,110741,3212600,,,,,,
정보통신,정보통신공사업,4853,주식회사 대아전력,,,310417,3211500,,,,,,
정보통신,정보통신공사업,4854,(주)대한전설,,,550073,3211000,,,,,,
정보통신,정보통신공사업,4855,주식회사 에드원테크,,,311947,3210800,,,,,,
정보통신,정보통신공사업,4856,엔.퓨쳐(주),,,160205,3210100,,,,,,
정보통신,정보통신공사업,4857,모토로라솔루션코리아 주식회사,,,203075,3208500,,,,,,
정보통신,정보통신공사업,4858,주식회사 비플,,,204045,3207600,,,,,,
정보통신,정보통신공사업,4859,주식회사 진정보통신,,,311998,3207100,,,,,,
정보통신,정보통신공사업,4859,성백산업개발(주),,,320225,3207100,,,,,,
정보통신,정보통신공사업,4861,아리온통신 주식회사,,,203512,3206200,,,,,,
정보통신,정보통신공사업,4862,(주)두일테크,,,311690,3205900,,,,,,
정보통신,정보통신공사업,4863,진화이엔지 주식회사,,,312443,3205800,,,,,,
정보통신,정보통신공사업,4864,(주)인포인,,,312219,3205700,,,,,,
정보통신,정보통신공사업,4865,광명인터컴(주),,,110280,3205000,,,,,,
정보통신,정보통신공사업,4866,주식회사 주성코퍼레이션,,,410324,3204600,,,,,,
정보통신,정보통신공사업,4866,케이디디아이코리아 주식회사,,,202844,3204600,,,,,,
정보통신,정보통신공사업,4866,주식회사 이루인포,,,204072,3204600,,,,,,
정보통신,정보통신공사업,4866,주식회사 클러쉬(Clush Inc.),,,204140,3204600,,,,,,
정보통신,정보통신공사업,4866,중앙건설 주식회사,,,312601,3204600,,,,,,
정보통신,정보통신공사업,4871,(주)파워씨앤아이,,,200196,3201400,,,,,,
정보통신,정보통신공사업,4872,주식회사 세경하이텍,,,150610,3201300,,,,,,
정보통신,정보통신공사업,4873,주식회사 에스디정보통신,,,202586,3200800,,,,,,
정보통신,정보통신공사업,4874,(주)새한정보통신,,,111210,3200100,,,,,,
정보통신,정보통신공사업,4875,(유)가온정보통신,,,630145,3199300,,,,,,
정보통신,정보통신공사업,4876,파인넷,,,510568,3199200,,,,,,
정보통신,정보통신공사업,4877,(주)엠에이치정보통신,,,410310,3198900,,,,,,
정보통신,정보통신공사업,4878,단이정보통신 주식회사,,,620201,3198800,,,,,,
정보통신,정보통신공사업,4879,(주)세보엠이씨,,,202578,3197700,,,,,,
정보통신,정보통신공사업,4879,(주)아이티앤에스,,,202618,3197700,,,,,,
정보통신,정보통신공사업,4881,진성산전,,,510723,3196700,,,,,,
정보통신,정보통신공사업,4882,주식회사 오픈노트,,,610414,3196500,,,,,,
정보통신,정보통신공사업,4883,주식회사 길네트웍스,,,350268,3196300,,,,,,
정보통신,정보통신공사업,4884,주식회사 세운정보기술,,,320417,3193300,,,,,,
정보통신,정보통신공사업,4885,사단법인 한국장애인협회,,,311731,3193200,,,,,,
정보통신,정보통신공사업,4886,(주)하이테크미디어,,,410260,3192700,,,,,,
정보통신,정보통신공사업,4886,(주)다빈치넷,,,140325,3192700,,,,,,
정보통신,정보통신공사업,4888,주식회사 카프,,,440046,3192000,,,,,,
정보통신,정보통신공사업,4889,(주)동천아이엔씨,,,420110,3191500,,,,,,
정보통신,정보통신공사업,4890,원전기통신(주),,,112039,3189400,,,,,,
정보통신,정보통신공사업,4891,주식회사 한결피아이에프,,,203542,3189200,,,,,,
정보통신,정보통신공사업,4892,주식회사 유영,,,640101,3189100,,,,,,
정보통신,정보통신공사업,4893,(주)팔팔이엔씨,,,200172,3187700,,,,,,
정보통신,정보통신공사업,4894,(주)심우에이앤씨,,,540081,3186700,,,,,,
정보통신,정보통신공사업,4895,신성정보통신(주),,,310430,3185500,,,,,,
정보통신,정보통신공사업,4896,주식회사 피닉스아이티에스,,,630136,3184800,,,,,,
정보통신,정보통신공사업,4897,"주식회사 블루포트 (BluePort, Inc.)",,,203891,3184000,,,,,,
정보통신,정보통신공사업,4898,주식회사 대경테크,,,540302,3182000,,,,,,
정보통신,정보통신공사업,4899,주식회사 쏠리드네트웍스,,,311955,3179800,,,,,,
정보통신,정보통신공사업,4900,(주)기양상사,,,111352,3179700,,,,,,
정보통신,정보통신공사업,4901,코어네트웍스,,,520068,3179400,,,,,,
정보통신,정보통신공사업,4901,주식회사 에스씨솔루션글로벌,,,530415,3179400,,,,,,
정보통신,정보통신공사업,4903,메가이엔씨,,,430202,3179200,,,,,,
정보통신,정보통신공사업,4904,주식회사 동원사운드,,,540004,3177500,,,,,,
정보통신,정보통신공사업,4905,구루멘토링 주식회사,,,202852,3176300,,,,,,
정보통신,정보통신공사업,4906,주식회사 티엠아이씨,,,530181,3176000,,,,,,
정보통신,정보통신공사업,4907,(주)창흥통신,,,620074,3175300,,,,,,
정보통신,정보통신공사업,4908,(주)두리전기통신,,,130345,3174900,,,,,,
정보통신,정보통신공사업,4909,(주)씨에이치테크,,,510429,3174400,,,,,,
정보통신,정보통신공사업,4910,유진정보(주),,,170027,3174100,,,,,,
정보통신,정보통신공사업,4911,(주)포스콤에스아이,,,200838,3173900,,,,,,
정보통신,정보통신공사업,4912,(주)대한전기,,,540164,3173200,,,,,,
정보통신,정보통신공사업,4913,(주)나우테크,,,310345,3173100,,,,,,
정보통신,정보통신공사업,4914,주식회사 중앙일렉파워,,,310552,3171500,,,,,,
정보통신,정보통신공사업,4915,(주)승도이엔씨,,,112273,3171300,,,,,,
정보통신,정보통신공사업,4916,(주)테라네트웍스,,,420175,3171000,,,,,,
정보통신,정보통신공사업,4916,(주)명성정보통신,,,130190,3171000,,,,,,
정보통신,정보통신공사업,4918,케이에스이씨(주),,,430287,3169800,,,,,,
정보통신,정보통신공사업,4919,(주)네트워크코리아,,,150240,3169700,,,,,,
정보통신,정보통신공사업,4920,주식회사 케이케이정보통신,,,550309,3169500,,,,,,
정보통신,정보통신공사업,4921,주식회사 순광전력,,,610280,3169100,,,,,,
정보통신,정보통신공사업,4922,(주)본시스,,,430286,3168900,,,,,,
정보통신,정보통신공사업,4923,누리텔레콤,,,311406,3168700,,,,,,
정보통신,정보통신공사업,4924,(주)에스유지,,,510548,3168100,,,,,,
정보통신,정보통신공사업,4925,(주)플러스넷,,,550228,3167900,,,,,,
정보통신,정보통신공사업,4926,"주식회사 에스엔이엔씨(SNENC Co.,Ltd.)",,,312246,3167500,,,,,,
정보통신,정보통신공사업,4927,(주)윈윈텔레콤,,,310487,3166300,,,,,,
정보통신,정보통신공사업,4928,주식회사 새한이엔텔,,,140261,3164900,,,,,,
정보통신,정보통신공사업,4929,주식회사 가가정보,,,550238,3163200,,,,,,
정보통신,정보통신공사업,4930,주식회사 티온시스템,,,312072,3162800,,,,,,
정보통신,정보통신공사업,4931,주식회사 대광아이엔씨,,,311938,3162000,,,,,,
정보통신,정보통신공사업,4932,동보텔레콤(주),,,530017,3161900,,,,,,
정보통신,정보통신공사업,4933,주식회사 스카이넷,,,610319,3161200,,,,,,
정보통신,정보통신공사업,4934,"주식회사 청호아이씨티(CHUNGHO ICT CO., LTD.)",,,110616,3159900,,,,,,
정보통신,정보통신공사업,4935,자림솔루션(주),,,550223,3158900,,,,,,
정보통신,정보통신공사업,4935,유니원아이앤씨(주),,,201925,3158900,,,,,,
정보통신,정보통신공사업,4937,(주)한국에스알테크,,,112518,3158800,,,,,,
정보통신,정보통신공사업,4937,(주)이지넷콤,,,112700,3158800,,,,,,
정보통신,정보통신공사업,4939,시우넷,,,320002,3157300,,,,,,
정보통신,정보통신공사업,4940,케이에스정보기술(주),,,311170,3157200,,,,,,
정보통신,정보통신공사업,4941,주식회사 산수,,,510544,3157100,,,,,,
정보통신,정보통신공사업,4942,주식회사 부민더블유엔피,,,203561,3156800,,,,,,
정보통신,정보통신공사업,4943,한서전자,,,200792,3156300,,,,,,
정보통신,정보통신공사업,4943,주식회사 유비코,,,610372,3156300,,,,,,
정보통신,정보통신공사업,4945,주식회사 아이코어이앤씨,,,204132,3156000,,,,,,
정보통신,정보통신공사업,4945,솔트정보시스템 주식회사,,,203765,3156000,,,,,,
정보통신,정보통신공사업,4947,주식회사 유성티엔에스,,,420373,3155200,,,,,,
정보통신,정보통신공사업,4948,더산테크 주식회사,,,430193,3155100,,,,,,
정보통신,정보통신공사업,4949,(주)한일환경테크,,,113275,3154900,,,,,,
정보통신,정보통신공사업,4950,주식회사 아이앤서브,,,202835,3153000,,,,,,
정보통신,정보통신공사업,4951,주식회사 테라시스,,,311773,3152300,,,,,,
정보통신,정보통신공사업,4952,(주)조은엔지니어링,,,550339,3151100,,,,,,
정보통신,정보통신공사업,4953,(주)마이크로닉,,,130135,3148900,,,,,,
정보통신,정보통신공사업,4954,(주)한국데이타통신,,,111534,3146400,,,,,,
정보통신,정보통신공사업,4955,기린정보통신(주),,,420254,3146200,,,,,,
정보통신,정보통신공사업,4956,주식회사 에스에이치엔,,,203985,3145500,,,,,,
정보통신,정보통신공사업,4957,주식회사 삼인에이치엔티,,,420358,3145300,,,,,,
정보통신,정보통신공사업,4958,주식회사 더캠,,,410361,3145200,,,,,,
정보통신,정보통신공사업,4959,주식회사 미래엔텍,,,350447,3144900,,,,,,
정보통신,정보통신공사업,4960,(주)성진에스에스,,,310230,3144400,,,,,,
정보통신,정보통신공사업,4961,(주)소리통신기술,,,311539,3143300,,,,,,
정보통신,정보통신공사업,4962,(주)한얼미디어시스템,,,320087,3142600,,,,,,
정보통신,정보통신공사업,4963,주식회사 선진정보통신,,,320290,3141700,,,,,,
정보통신,정보통신공사업,4964,(주)인정보기술,,,620167,3141600,,,,,,
정보통신,정보통신공사업,4965,주식회사 이룸,,,310756,3141500,,,,,,
정보통신,정보통신공사업,4966,지원건설(주),,,510461,3140700,,,,,,
정보통신,정보통신공사업,4967,"(주)쏠리드(Solid, Inc.)",,,111502,3140400,,,,,,
정보통신,정보통신공사업,4968,(주)엘제이텍,,,202448,3139600,,,,,,
정보통신,정보통신공사업,4969,주식회사 스페이스링크,,,610094,3139400,,,,,,
정보통신,정보통신공사업,4969,주식회사 씨티,,,201753,3139400,,,,,,
정보통신,정보통신공사업,4971,주식회사 태영아이앤씨,,,202002,3139000,,,,,,
정보통신,정보통신공사업,4972,(주)써니텔레콤,,,111037,3138600,,,,,,
정보통신,정보통신공사업,4973,(주)케이에스기술통신,,,540358,3138500,,,,,,
정보통신,정보통신공사업,4973,돈오정보통신,,,520103,3138500,,,,,,
정보통신,정보통신공사업,4975,주식회사 일광테크,,,203496,3137800,,,,,,
정보통신,정보통신공사업,4976,(주)엠씨미디어솔루션,,,201616,3135300,,,,,,
정보통신,정보통신공사업,4977,주식회사 엠시드,,,610371,3135200,,,,,,
정보통신,정보통신공사업,4978,주식회사 범호전력,,,620286,3135100,,,,,,
정보통신,정보통신공사업,4979,(주)티엔정보기술,,,140375,3134200,,,,,,
정보통신,정보통신공사업,4980,주식회사 부일이엔씨,,,112421,3132900,,,,,,
정보통신,정보통신공사업,4981,(주)다해,,,120317,3132700,,,,,,
정보통신,정보통신공사업,4982,수영개발산업 주식회사,,,130326,3131500,,,,,,
정보통신,정보통신공사업,4983,주식회사 엑소텍,,,420427,3131300,,,,,,
정보통신,정보통신공사업,4984,매컴정보통신(주),,,201152,3131000,,,,,,
정보통신,정보통신공사업,4985,(주)포콤,,,311551,3130100,,,,,,
정보통신,정보통신공사업,4986,(주)이랜드건설,,,311573,3129500,,,,,,
정보통신,정보통신공사업,4987,주식회사 만성,,,112074,3129200,,,,,,
정보통신,정보통신공사업,4988,(주)지에스씨,,,350163,3126700,,,,,,
정보통신,정보통신공사업,4989,동양전자통신,,,120286,3126000,,,,,,
정보통신,정보통신공사업,4990,광덕전력(주),,,640018,3125000,,,,,,
정보통신,정보통신공사업,4991,주식회사 케이엔엑스정보통신,,,203016,3124300,,,,,,
정보통신,정보통신공사업,4992,하이웨이브(주),,,112847,3123600,,,,,,
정보통신,정보통신공사업,4993,(주)넥스모어시스템즈,,,201779,3122800,,,,,,
정보통신,정보통신공사업,4994,(주)순흥이엔지,,,120539,3122700,,,,,,
정보통신,정보통신공사업,4995,(주)파인앤애플시스템즈,,,201879,3122100,,,,,,
정보통신,정보통신공사업,4996,주식회사 엘템,,,202126,3121100,,,,,,
정보통신,정보통신공사업,4997,씨티에스정보기술(주),,,310726,3120000,,,,,,
정보통신,정보통신공사업,4998,에이트리정보통신(주),,,410176,3119200,,,,,,
정보통신,정보통신공사업,4999,(주)티엠이앤씨,,,311066,3119000,,,,,,
정보통신,정보통신공사업,4999,(주)부원건설,,,410242,3119000,,,,,,
정보통신,정보통신공사업,4999,(주)에스에이치아이티,,,202168,3119000,,,,,,
정보통신,정보통신공사업,5002,(주)삼원홀딩스,,,201210,3118700,,,,,,
정보통신,정보통신공사업,5003,주식회사 리번드,,,203518,3118400,,,,,,
정보통신,정보통신공사업,5004,주식회사 창일,,,113108,3117900,,,,,,
정보통신,정보통신공사업,5005,(주)토탈소프트뱅크,,,510625,3117600,,,,,,
정보통신,정보통신공사업,5006,(주)에스앤에이치,,,550076,3117100,,,,,,
정보통신,정보통신공사업,5006,(주)마루지앤에스,,,430028,3117100,,,,,,
정보통신,정보통신공사업,5008,(주)홍남테크,,,111327,3116800,,,,,,
정보통신,정보통신공사업,5009,주식회사 도현이앤지,,,620235,3116700,,,,,,
정보통신,정보통신공사업,5010,리얼타임비쥬얼 주식회사,,,203269,3116600,,,,,,
정보통신,정보통신공사업,5011,(주)구남텍,,,111983,3115700,,,,,,
정보통신,정보통신공사업,5012,주식회사 지지56코리아(GG56 KOREA LIMITED),,,203729,3114900,,,,,,
정보통신,정보통신공사업,5012,주식회사 뷰런테크놀로지,,,204318,3114900,,,,,,
정보통신,정보통신공사업,5014,주식회사 신흥이앤씨,,,410365,3114400,,,,,,
정보통신,정보통신공사업,5015,명성정보통신,,,540158,3114300,,,,,,
정보통신,정보통신공사업,5016,주식회사 엔플럭스,,,312377,3113000,,,,,,
정보통신,정보통신공사업,5017,비엘프로세스 주식회사,,,312492,3112800,,,,,,
정보통신,정보통신공사업,5018,(주)서진통신,,,120096,3111800,,,,,,
정보통신,정보통신공사업,5019,디지탈플랜,,,640049,3110000,,,,,,
정보통신,정보통신공사업,5020,한신이엔씨,,,180072,3106600,,,,,,
정보통신,정보통신공사업,5021,주식회사 지원이엔지,,,430367,3106200,,,,,,
정보통신,정보통신공사업,5022,(주)동양엔지니어링,,,520091,3105200,,,,,,
정보통신,정보통신공사업,5023,(주)씨엔마스타,,,510345,3104100,,,,,,
정보통신,정보통신공사업,5024,(주)지비엠아이엔씨,,,113346,3104000,,,,,,
정보통신,정보통신공사업,5025,우현전기(주),,,112970,3102400,,,,,,
정보통신,정보통신공사업,5026,주식회사 라곤이엔씨,,,630354,3101600,,,,,,
정보통신,정보통신공사업,5027,주식회사 예인이엔지,,,410062,3100600,,,,,,
정보통신,정보통신공사업,5028,(주)엔비웨어,,,201272,3100100,,,,,,
정보통신,정보통신공사업,5029,오렌지시스 주식회사,,,202637,3099900,,,,,,
정보통신,정보통신공사업,5030,신아정보통신,,,610020,3099800,,,,,,
정보통신,정보통신공사업,5031,(주)한성정보시스템,,,330224,3099700,,,,,,
정보통신,정보통신공사업,5032,(주)아이앤씨테크놀로지,,,311418,3098900,,,,,,
정보통신,정보통신공사업,5033,(주)보성전력,,,610092,3098800,,,,,,
정보통신,정보통신공사업,5034,(주)앤츠,,,510552,3098600,,,,,,
정보통신,정보통신공사업,5034,주식회사 케이폴넷,,,350396,3098600,,,,,,
정보통신,정보통신공사업,5036,일광전기통신,,,113488,3098100,,,,,,
정보통신,정보통신공사업,5037,주식회사 제이엔,,,160137,3097700,,,,,,
정보통신,정보통신공사업,5038,주식회사 에이피솔루션,,,350273,3097200,,,,,,
정보통신,정보통신공사업,5039,주식회사 제이더블유,,,312677,3096900,,,,,,
정보통신,정보통신공사업,5039,(주)연암이엔지,,,140201,3096900,,,,,,
정보통신,정보통신공사업,5041,(주)대용와트스,,,200556,3096600,,,,,,
정보통신,정보통신공사업,5042,주식회사 길빛,,,204136,3095700,,,,,,
정보통신,정보통신공사업,5043,동방신에너지(주),,,111873,3095400,,,,,,
정보통신,정보통신공사업,5044,(주)쏠리드윈텍,,,311659,3094500,,,,,,
정보통신,정보통신공사업,5045,"주식회사 포니링크(PonyLink Co., Ltd.)",,,202000,3093200,,,,,,
정보통신,정보통신공사업,5046,주식회사 에이쓰리,,,350511,3091100,,,,,,
정보통신,정보통신공사업,5047,탑 솔루션,,,510714,3091000,,,,,,
정보통신,정보통신공사업,5048,주식회사 우신,,,311607,3090900,,,,,,
정보통신,정보통신공사업,5049,(주)제이디,,,430246,3090600,,,,,,
정보통신,정보통신공사업,5050,주식회사 아키브소프트,,,350333,3090300,,,,,,
정보통신,정보통신공사업,5050,(주)인찬,,,320097,3090300,,,,,,
정보통신,정보통신공사업,5052,(주)모아넷,,,350151,3090200,,,,,,
정보통신,정보통신공사업,5053,주식회사 대운정보,,,540242,3090100,,,,,,
정보통신,정보통신공사업,5054,주식회사 승호전력,,,620297,3090000,,,,,,
정보통신,정보통신공사업,5055,엔에스정보통신(주),,,410134,3089500,,,,,,
정보통신,정보통신공사업,5056,유한회사 드림씨앤씨,,,630376,3088800,,,,,,
정보통신,정보통신공사업,5057,주식회사 씨엠디코리아,,,350464,3087600,,,,,,
정보통신,정보통신공사업,5058,제일음향정보통신(주),,,113268,3087200,,,,,,
정보통신,정보통신공사업,5059,(주)누리정보시스템,,,350169,3086600,,,,,,
정보통신,정보통신공사업,5060,(주)디엠씨정보,,,201723,3085500,,,,,,
정보통신,정보통신공사업,5060,(주)씨투정보통신,,,530235,3085500,,,,,,
정보통신,정보통신공사업,5062,주식회사 한국에이브이산업,,,200603,3085200,,,,,,
정보통신,정보통신공사업,5063,주식회사 케이제이이엔씨,,,203026,3084400,,,,,,
정보통신,정보통신공사업,5064,신성통신 주식회사,,,540033,3082500,,,,,,
정보통신,정보통신공사업,5065,(주)세연아이씨티,,,311228,3081400,,,,,,
정보통신,정보통신공사업,5066,(주)쎄트렉아이,,,420186,3080500,,,,,,
정보통신,정보통신공사업,5066,세원정보통신,,,540143,3080500,,,,,,
정보통신,정보통신공사업,5068,주식회사 태림이앤씨,,,530015,3080300,,,,,,
정보통신,정보통신공사업,5069,(주)대원정보통신,,,120097,3080200,,,,,,
정보통신,정보통신공사업,5069,(주)성운이엔지,,,350072,3080200,,,,,,
정보통신,정보통신공사업,5071,(주)에이시스,,,201827,3079600,,,,,,
정보통신,정보통신공사업,5072,주식회사 시온테크닉스,,,610400,3079200,,,,,,
정보통신,정보통신공사업,5073,(주)크로스젠,,,201375,3078800,,,,,,
정보통신,정보통신공사업,5074,(주)앤솔루션,,,311370,3078400,,,,,,
정보통신,정보통신공사업,5075,주식회사 지호,,,620250,3078100,,,,,,
정보통신,정보통신공사업,5076,주식회사 은지정보통신,,,140452,3077700,,,,,,
정보통신,정보통신공사업,5077,(주)세진엔지니어링,,,610129,3076800,,,,,,
정보통신,정보통신공사업,5078,"주식회사 에바테크놀러지(Evatechnology Co., Ltd.)",,,203210,3076300,,,,,,
정보통신,정보통신공사업,5079,에스엠이엔티 주식회사,,,620404,3075100,,,,,,
정보통신,정보통신공사업,5080,주식회사 신한네트웍스,,,130220,3073900,,,,,,
정보통신,정보통신공사업,5081,(주)국제정보통신,,,140477,3073700,,,,,,
정보통신,정보통신공사업,5082,케이티커머스(주),,,202119,3072500,,,,,,
정보통신,정보통신공사업,5082,씨존테크,,,120752,3072500,,,,,,
정보통신,정보통신공사업,5084,주식회사 하이드로셈,,,312339,3072400,,,,,,
정보통신,정보통신공사업,5085,주식회사 시지아이,,,610422,3071800,,,,,,
정보통신,정보통신공사업,5086,주식회사 반디,,,630245,3071300,,,,,,
정보통신,정보통신공사업,5087,월드시스템 주식회사,,,150660,3070700,,,,,,
정보통신,정보통신공사업,5088,주식회사 큐엔큐,,,203100,3070100,,,,,,
정보통신,정보통신공사업,5088,(주)한일종합산업,,,110049,3070100,,,,,,
정보통신,정보통신공사업,5090,주식회사 로아아이앤씨,,,320337,3069800,,,,,,
정보통신,정보통신공사업,5091,(주)기성산업,,,330155,3069300,,,,,,
정보통신,정보통신공사업,5092,주식회사 미디어컨버전스,,,350567,3068600,,,,,,
정보통신,정보통신공사업,5093,호원건설(주),,,630039,3068300,,,,,,
정보통신,정보통신공사업,5094,(주)세종윈,,,410398,3067500,,,,,,
정보통신,정보통신공사업,5095,케이비에스미디어(주),,,110202,3066700,,,,,,
정보통신,정보통신공사업,5096,주식회사 앱이지,,,203764,3066600,,,,,,
정보통신,정보통신공사업,5097,주식회사 토탈플랜,,,430302,3066100,,,,,,
정보통신,정보통신공사업,5098,주식회사 알체라,,,312350,3065900,,,,,,
정보통신,정보통신공사업,5099,(주)에이피에스코퍼레이션,,,200611,3065700,,,,,,
정보통신,정보통신공사업,5100,(주)아이티인프라엔,,,130386,3065600,,,,,,
정보통신,정보통신공사업,5101,합자회사 기명이아이티,,,540268,3064100,,,,,,
정보통신,정보통신공사업,5102,(주)태영아이티,,,510562,3063600,,,,,,
정보통신,정보통신공사업,5103,주식회사 쏠에너지,,,610055,3062600,,,,,,
정보통신,정보통신공사업,5104,제이엔에스 주식회사,,,410275,3062300,,,,,,
정보통신,정보통신공사업,5105,(주)서울티엔에스,,,202562,3061400,,,,,,
정보통신,정보통신공사업,5106,(주)다인이엔에스,,,350284,3061000,,,,,,
정보통신,정보통신공사업,5107,거산테크 주식회사,,,203448,3060700,,,,,,
정보통신,정보통신공사업,5108,한독컴퓨터(주),,,202219,3059900,,,,,,
정보통신,정보통신공사업,5109,(주)큰날개,,,200658,3059700,,,,,,
정보통신,정보통신공사업,5110,주식회사 비에이치,,,540413,3059600,,,,,,
정보통신,정보통신공사업,5111,주식회사 연일전력,,,202983,3057500,,,,,,
정보통신,정보통신공사업,5112,주식회사 이엘피케이뉴,,,311340,3057200,,,,,,
정보통신,정보통신공사업,5113,주식회사 엘티네트워크,,,200039,3055300,,,,,,
정보통신,정보통신공사업,5114,(주)다온전력,,,140259,3055200,,,,,,
정보통신,정보통신공사업,5115,다은정보통신(주),,,540229,3055100,,,,,,
정보통신,정보통신공사업,5116,(주)알림시스템,,,350399,3053800,,,,,,
정보통신,정보통신공사업,5117,유한회사 세연정보시스템,,,630343,3053600,,,,,,
정보통신,정보통신공사업,5118,컨버젼스 주식회사,,,112915,3052900,,,,,,
정보통신,정보통신공사업,5119,주식회사 씨투아테크놀러지,,,202969,3052700,,,,,,
정보통신,정보통신공사업,5120,코맥스씨앤씨,,,111036,3052600,,,,,,
정보통신,정보통신공사업,5121,이수이엔지(주),,,550511,3051700,,,,,,
정보통신,정보통신공사업,5122,기쁜전자통신(주),,,350075,3051600,,,,,,
정보통신,정보통신공사업,5123,주식회사 피닉스씨엔씨,,,311784,3050800,,,,,,
정보통신,정보통신공사업,5124,주식회사 원우이엔지,,,203031,3049800,,,,,,
정보통신,정보통신공사업,5125,가온테크 주식회사,,,312140,3048900,,,,,,
정보통신,정보통신공사업,5126,화인씨엔이(주),,,201239,3047600,,,,,,
정보통신,정보통신공사업,5127,(주)신성정보통신,,,140336,3047200,,,,,,
정보통신,정보통신공사업,5128,지에스네트웍스(주),,,201246,3047000,,,,,,
정보통신,정보통신공사업,5129,(주)신영씨앤디,,,310660,3046900,,,,,,
정보통신,정보통신공사업,5129,"주식회사 미래아이앤지(MiraeING.Co.,Ltd.)",,,110359,3046900,,,,,,
정보통신,정보통신공사업,5131,주식회사 우솔네트웍스,,,202163,3045900,,,,,,
정보통신,정보통신공사업,5132,(주)파워테크놀노지,,,170178,3045800,,,,,,
정보통신,정보통신공사업,5132,주식회사 더블유아이,,,630131,3045800,,,,,,
정보통신,정보통신공사업,5134,(주)동부이엔씨,,,140277,3045200,,,,,,
정보통신,정보통신공사업,5135,(주)미래네트웍스,,,310735,3044100,,,,,,
정보통신,정보통신공사업,5136,주식회사 위드이엔씨,,,520165,3043500,,,,,,
정보통신,정보통신공사업,5137,(주)이지스,,,530115,3041500,,,,,,
정보통신,정보통신공사업,5138,주식회사 에프비지코리아,,,420396,3040200,,,,,,
정보통신,정보통신공사업,5139,주식회사 폴라리스에이아이핸디(Polaris AI Handy Corp.),,,310716,3039400,,,,,,
정보통신,정보통신공사업,5140,신네트웍스(주),,,530274,3039300,,,,,,
정보통신,정보통신공사업,5141,(주)엑스큐어넷,,,201963,3038500,,,,,,
정보통신,정보통신공사업,5142,주식회사 자몽컴퍼니,,,320376,3037300,,,,,,
정보통신,정보통신공사업,5143,유티정보 주식회사,,,311931,3037100,,,,,,
정보통신,정보통신공사업,5144,(주)대한티피에스,,,311274,3036100,,,,,,
정보통신,정보통신공사업,5145,(주)코난테크놀로지,,,202724,3036000,,,,,,
정보통신,정보통신공사업,5146,주식회사 위드넷,,,202903,3035200,,,,,,
정보통신,정보통신공사업,5147,(주)영원텔레콤,,,110051,3034600,,,,,,
정보통신,정보통신공사업,5148,티.비.티. 주식회사,,,320456,3034300,,,,,,
정보통신,정보통신공사업,5149,(주)엔에스미디어,,,202641,3031800,,,,,,
정보통신,정보통신공사업,5150,성원정보통신(주),,,111402,3031400,,,,,,
정보통신,정보통신공사업,5151,주식회사 탑천통신,,,610133,3029300,,,,,,
정보통신,정보통신공사업,5152,(주)탑이엔씨,,,550007,3029000,,,,,,
정보통신,정보통신공사업,5153,(주)가암테크,,,311548,3028100,,,,,,
정보통신,정보통신공사업,5153,퍼스트통신(주),,,311409,3028100,,,,,,
정보통신,정보통신공사업,5155,한국건설연구소 주식회사,,,430280,3027300,,,,,,
정보통신,정보통신공사업,5155,(주)우리이엔시,,,311090,3027300,,,,,,
정보통신,정보통신공사업,5157,주식회사 성천정보통신,,,550422,3027200,,,,,,
정보통신,정보통신공사업,5158,주식회사 에코브레인,,,640192,3026800,,,,,,
정보통신,정보통신공사업,5159,(주)세화,,,420164,3026700,,,,,,
정보통신,정보통신공사업,5160,청석전기(주),,,350032,3026300,,,,,,
정보통신,정보통신공사업,5160,두손(주),,,350013,3026300,,,,,,
정보통신,정보통신공사업,5162,알에스전기통신(주),,,111363,3026200,,,,,,
정보통신,정보통신공사업,5163,대한시스템 유한회사,,,610158,3026000,,,,,,
정보통신,정보통신공사업,5164,(주)산암텍,,,200119,3025600,,,,,,
정보통신,정보통신공사업,5165,주식회사 랩241,,,203006,3025500,,,,,,
정보통신,정보통신공사업,5166,주식회사 에이원파워텍,,,510430,3024700,,,,,,
정보통신,정보통신공사업,5167,영재정보통신(주),,,550065,3023400,,,,,,
정보통신,정보통신공사업,5168,"주식회사 트러스테이 (Trustay Co.,Ltd.)",,,203824,3023300,,,,,,
정보통신,정보통신공사업,5169,에스피엘아이에스코리아 주식회사,,,350392,3023200,,,,,,
정보통신,정보통신공사업,5170,주식회사 동현전기,,,610367,3022700,,,,,,
정보통신,정보통신공사업,5171,삼일정보시스템(주),,,120309,3021500,,,,,,
정보통신,정보통신공사업,5172,(주)엘엔케이네트웍스,,,202209,3021400,,,,,,
정보통신,정보통신공사업,5173,(주)월드전자,,,180050,3019700,,,,,,
정보통신,정보통신공사업,5174,(주)미래정보통신,,,420080,3018800,,,,,,
정보통신,정보통신공사업,5175,부강전설(주),,,150509,3018100,,,,,,
정보통신,정보통신공사업,5176,(주)이컴정보기술,,,310155,3017800,,,,,,
정보통신,정보통신공사업,5177,사회복지법인 성만원,,,312146,3017400,,,,,,
정보통신,정보통신공사업,5178,(주)에스지테크놀러지,,,202656,3017000,,,,,,
정보통신,정보통신공사업,5179,(주)한텍시스템,,,510015,3013000,,,,,,
정보통신,정보통신공사업,5180,주식회사 헤로스테크,,,203709,3012900,,,,,,
정보통신,정보통신공사업,5181,주식회사 원주사무기,,,330317,3012600,,,,,,
정보통신,정보통신공사업,5182,(주)정풍시큐리티,,,530213,3011700,,,,,,
정보통신,정보통신공사업,5183,청원전기(주),,,510483,3010700,,,,,,
정보통신,정보통신공사업,5184,한울림네트웍(주),,,510086,3010600,,,,,,
정보통신,정보통신공사업,5184,태양이엠씨(주),,,200528,3010600,,,,,,
정보통신,정보통신공사업,5186,와이에이치테크,,,410115,3010000,,,,,,
정보통신,정보통신공사업,5187,주식회사 남양아이씨티,,,130196,3009800,,,,,,
정보통신,정보통신공사업,5188,주식회사 창현아이티,,,610275,3008700,,,,,,
정보통신,정보통신공사업,5188,"(주)애니원(NE-ONE Co.,Ltd.)",,,620236,3008700,,,,,,
정보통신,정보통신공사업,5190,(주)엠디케이,,,510649,3008500,,,,,,
정보통신,정보통신공사업,5191,주식회사 정현정보,,,350584,3007700,,,,,,
정보통신,정보통신공사업,5192,(주)중앙에스엠씨,,,311307,3007300,,,,,,
정보통신,정보통신공사업,5193,(주)에스케이범통신,,,520040,3006600,,,,,,
정보통신,정보통신공사업,5194,주식회사 이연통신,,,610449,3005500,,,,,,
정보통신,정보통신공사업,5195,(주)에스씨티,,,510582,3004900,,,,,,
정보통신,정보통신공사업,5196,토탈이앤텍,,,320306,3004500,,,,,,
정보통신,정보통신공사업,5196,주식회사 도은,,,330128,3004500,,,,,,
정보통신,정보통신공사업,5198,(주)호성정보통신,,,310274,3003600,,,,,,
정보통신,정보통신공사업,5199,"주식회사 엠에이치텍(MH TECH Co.,Ltd.)",,,630339,3003200,,,,,,
정보통신,정보통신공사업,5200,(주)나래젠,,,202426,3002400,,,,,,
정보통신,정보통신공사업,5200,주식회사 에이치케이,,,630253,3002400,,,,,,
정보통신,정보통신공사업,5202,주식회사 나노넷,,,201844,3002200,,,,,,
정보통신,정보통신공사업,5203,주식회사 엠디에스모빌리티(MDS Mobility Inc.),,,201997,3001600,,,,,,
정보통신,정보통신공사업,5204,(주)텔컴,,,310679,3001200,,,,,,
정보통신,정보통신공사업,5205,예스정보기술(주),,,410021,3001000,,,,,,
정보통신,정보통신공사업,5206,준상정보통신(주),,,610004,3000800,,,,,,
정보통신,정보통신공사업,5207,"주식회사 이에스아이티(ESIT Co.,Ltd.)",,,520055,2999900,,,,,,
정보통신,정보통신공사업,5208,(주)솔트룩스,,,201632,2999700,,,,,,
정보통신,정보통신공사업,5209,(주)대신,,,112867,2999100,,,,,,
정보통신,정보통신공사업,5210,(주)에어큐브,,,202116,2999000,,,,,,
정보통신,정보통신공사업,5211,주식회사 마테,,,311850,2998300,,,,,,
정보통신,정보통신공사업,5212,(주)태건,,,120829,2998200,,,,,,
정보통신,정보통신공사업,5213,평산정보통신(주),,,120135,2997900,,,,,,
정보통신,정보통신공사업,5214,주식회사 진명전기통신,,,310624,2997700,,,,,,
정보통신,정보통신공사업,5215,주식회사 광진테크,,,110631,2997600,,,,,,
정보통신,정보통신공사업,5216,주식회사 보람정보통신,,,510174,2997400,,,,,,
정보통신,정보통신공사업,5217,세움정보통신 주식회사,,,120083,2996700,,,,,,
정보통신,정보통신공사업,5218,"주식회사 플랜텍(PLANTEC Co., Ltd.)",,,540552,2996600,,,,,,
정보통신,정보통신공사업,5218,주식회사 알트에이,,,203769,2996600,,,,,,
정보통신,정보통신공사업,5220,(주)썬즈,,,311188,2996300,,,,,,
정보통신,정보통신공사업,5221,(주)엔씨미디어정보통신,,,430092,2996000,,,,,,
정보통신,정보통신공사업,5222,주식회사 레일,,,130500,2995700,,,,,,
정보통신,정보통신공사업,5223,비피에스테크 주식회사,,,410288,2995400,,,,,,
정보통신,정보통신공사업,5224,(주)해원이앤지,,,420039,2994800,,,,,,
정보통신,정보통신공사업,5224,(주)가람씨앤씨,,,111241,2994800,,,,,,
정보통신,정보통신공사업,5226,주식회사 파인테크,,,160204,2994600,,,,,,
정보통신,정보통신공사업,5227,(주)흥일통신,,,110649,2993900,,,,,,
정보통신,정보통신공사업,5228,비원이미지 주식회사,,,510356,2992200,,,,,,
정보통신,정보통신공사업,5229,주식회사 스마트정보기술,,,410147,2992100,,,,,,
정보통신,정보통신공사업,5229,(주)부경정보통신,,,510193,2992100,,,,,,
정보통신,정보통신공사업,5231,(주)글로비트,,,640060,2992000,,,,,,
정보통신,정보통신공사업,5232,(주)신성엔에스텍,,,350154,2991800,,,,,,
정보통신,정보통신공사업,5233,(주)엘트정보기술,,,200510,2989400,,,,,,
정보통신,정보통신공사업,5234,주식회사 티이케이,,,410347,2988600,,,,,,
정보통신,정보통신공사업,5234,"주식회사 힘네트워크(HIM NETWORK Co., Ltd.)",,,510748,2988600,,,,,,
정보통신,정보통신공사업,5236,(주)비솔,,,310920,2988200,,,,,,
정보통신,정보통신공사업,5237,주식회사 비엔솔루션,,,320467,2987700,,,,,,
정보통신,정보통신공사업,5238,주식회사 가스트론,,,312424,2987400,,,,,,
정보통신,정보통신공사업,5239,에스에이치텔레콤 주식회사,,,550367,2986900,,,,,,
정보통신,정보통신공사업,5240,주식회사 엘다임,,,312394,2986800,,,,,,
정보통신,정보통신공사업,5241,(유)광명통신,,,160065,2986600,,,,,,
정보통신,정보통신공사업,5241,주식회사 크리에이티브솔루션,,,203098,2986600,,,,,,
정보통신,정보통신공사업,5241,키코아이비에스 주식회사,,,203194,2986600,,,,,,
정보통신,정보통신공사업,5244,백광미디어,,,120295,2986200,,,,,,
정보통신,정보통신공사업,5245,주식회사 다인,,,510686,2985300,,,,,,
정보통신,정보통신공사업,5246,와이에스티(주),,,311324,2984800,,,,,,
정보통신,정보통신공사업,5247,(주)한누리테크,,,140440,2984000,,,,,,
정보통신,정보통신공사업,5247,(유)삼학무선전자장비,,,140314,2984000,,,,,,
정보통신,정보통신공사업,5249,주식회사 다해,,,550105,2983800,,,,,,
정보통신,정보통신공사업,5250,(주)흥화,,,111151,2983600,,,,,,
정보통신,정보통신공사업,5251,엘제이테크 주식회사,,,420350,2980900,,,,,,
정보통신,정보통신공사업,5252,비호시스템(주),,,120277,2979600,,,,,,
정보통신,정보통신공사업,5253,주식회사 엔에스,,,110749,2979300,,,,,,
정보통신,정보통신공사업,5254,제이디네트워크 주식회사,,,350562,2978900,,,,,,
정보통신,정보통신공사업,5254,제이에스통신(주),,,330027,2978900,,,,,,
정보통신,정보통신공사업,5256,(주)청원통신,,,120098,2977700,,,,,,
정보통신,정보통신공사업,5257,진우전자,,,550093,2977400,,,,,,
정보통신,정보통신공사업,5258,펜타린크 주식회사 (PentaLink Inc.),,,203859,2976900,,,,,,
정보통신,정보통신공사업,5258,"주식회사 하이디(HIGHD Co., Ltd)",,,202167,2976900,,,,,,
정보통신,정보통신공사업,5258,한별전기 주식회사,,,203735,2976900,,,,,,
정보통신,정보통신공사업,5261,"주식회사 에스지앤아이 (SG&I Co., Ltd.)",,,430289,2976300,,,,,,
정보통신,정보통신공사업,5262,옹진전력 주식회사,,,320370,2976200,,,,,,
정보통신,정보통신공사업,5263,(주)티앤씨텍,,,150599,2976100,,,,,,
정보통신,정보통신공사업,5264,주식회사 동방전력,,,180043,2974000,,,,,,
정보통신,정보통신공사업,5264,주식회사 진광텔레콤,,,312003,2974000,,,,,,
정보통신,정보통신공사업,5266,주식회사 씨디엠비,,,202902,2973600,,,,,,
정보통신,정보통신공사업,5267,(주)제오네트웍스,,,200935,2973500,,,,,,
정보통신,정보통신공사업,5268,풍림산업(주),,,110571,2973400,,,,,,
정보통신,정보통신공사업,5269,현진아이씨티 주식회사,,,111738,2972700,,,,,,
정보통신,정보통신공사업,5269,(주)대연애드,,,550207,2972700,,,,,,
정보통신,정보통신공사업,5271,주식회사 라온시스,,,312097,2972400,,,,,,
정보통신,정보통신공사업,5272,데이타링크시스템(주),,,410117,2972000,,,,,,
정보통신,정보통신공사업,5273,주식회사 모은정보기술,,,520151,2971300,,,,,,
정보통신,정보통신공사업,5274,(주)이노씨앤정보통신,,,350272,2971200,,,,,,
정보통신,정보통신공사업,5275,(주)실로아이앤씨,,,202709,2970800,,,,,,
정보통신,정보통신공사업,5276,주식회사 이트랜드,,,610305,2970200,,,,,,
정보통신,정보통신공사업,5277,주식회사 아이티콘,,,203516,2970100,,,,,,
정보통신,정보통신공사업,5278,삼보과학 주식회사,,,203383,2968900,,,,,,
정보통신,정보통신공사업,5279,(주)아이비에스코리아,,,310671,2967100,,,,,,
정보통신,정보통신공사업,5280,주식회사 도원이엔씨,,,620344,2966900,,,,,,
정보통신,정보통신공사업,5281,"에스케이에코플랜트 주식회사 (SK ecoplant Co., Ltd.)",,,202413,2964900,,,,,,
정보통신,정보통신공사업,5281,주식회사 득성정보통신,,,311883,2964900,,,,,,
정보통신,정보통신공사업,5283,(주)바우텍,,,640068,2964600,,,,,,
정보통신,정보통신공사업,5284,주식회사 에버이엔씨,,,530271,2964500,,,,,,
정보통신,정보통신공사업,5285,(주)다인미디어시스템,,,320151,2964100,,,,,,
정보통신,정보통신공사업,5286,(주)유디피시스,,,310873,2963300,,,,,,
정보통신,정보통신공사업,5287,에이치엠,,,320399,2963200,,,,,,
정보통신,정보통신공사업,5288,"주식회사 버넥트 (VIRNECT CO., LTD.)",,,203925,2963000,,,,,,
정보통신,정보통신공사업,5289,주식회사 수성일렉트릭,,,312503,2962900,,,,,,
정보통신,정보통신공사업,5290,"주식회사 케스피온 (KESPION Co., Ltd.)",,,200922,2962600,,,,,,
정보통신,정보통신공사업,5291,(주)팔팔전기통신소방,,,120108,2961800,,,,,,
정보통신,정보통신공사업,5292,(주)인텍하우징,,,200805,2960700,,,,,,
정보통신,정보통신공사업,5293,인터아이코리아(주),,,201706,2960300,,,,,,
정보통신,정보통신공사업,5294,(주)대웅텔레콤,,,200602,2958800,,,,,,
정보통신,정보통신공사업,5295,(주)포스텍,,,120149,2958200,,,,,,
정보통신,정보통신공사업,5296,주식회사 두루안,,,203197,2955900,,,,,,
정보통신,정보통신공사업,5297,주식회사 정우시스템,,,420329,2955600,,,,,,
정보통신,정보통신공사업,5298,(주)대동기전,,,320188,2955400,,,,,,
정보통신,정보통신공사업,5299,주식회사 더블에스아이,,,350461,2955000,,,,,,
정보통신,정보통신공사업,5300,(주)론스텍,,,112673,2953900,,,,,,
정보통신,정보통신공사업,5301,한빛네트워크,,,510319,2953700,,,,,,
정보통신,정보통신공사업,5302,(주)퓨전아이티,,,550040,2951000,,,,,,
정보통신,정보통신공사업,5303,(주)비전테크,,,510545,2950100,,,,,,
정보통신,정보통신공사업,5304,흥화텔레콤(주),,,110059,2948900,,,,,,
정보통신,정보통신공사업,5305,대진네트워크 주식회사,,,120366,2948400,,,,,,
정보통신,정보통신공사업,5306,리드정보기술(주),,,202053,2948300,,,,,,
정보통신,정보통신공사업,5306,(주)맥스윈,,,311386,2948300,,,,,,
정보통신,정보통신공사업,5308,(주)삼산전자통신,,,120717,2948000,,,,,,
정보통신,정보통신공사업,5308,트리거정보기술 주식회사,,,203932,2948000,,,,,,
정보통신,정보통신공사업,5308,주식회사 포투,,,312571,2948000,,,,,,
정보통신,정보통신공사업,5311,(주)씨앤코,,,311466,2947600,,,,,,
정보통신,정보통신공사업,5312,(주)파스컴,,,310513,2946800,,,,,,
정보통신,정보통신공사업,5312,(주)대평전기,,,320288,2946800,,,,,,
정보통신,정보통신공사업,5314,주식회사 새봄정보통신,,,430275,2946700,,,,,,
정보통신,정보통신공사업,5315,주식회사 엠아이티산업,,,420399,2945900,,,,,,
정보통신,정보통신공사업,5316,젠트넷정보기술(주),,,200320,2945800,,,,,,
정보통신,정보통신공사업,5317,(주)씨에스콘트롤즈,,,201758,2945100,,,,,,
정보통신,정보통신공사업,5318,한화통신(주),,,130166,2944900,,,,,,
정보통신,정보통신공사업,5319,주식회사 이노씨앤에스,,,350489,2941700,,,,,,
정보통신,정보통신공사업,5320,주식회사 조은코디스,,,202984,2941600,,,,,,
정보통신,정보통신공사업,5321,(주)상아엠에스디,,,311484,2941200,,,,,,
정보통신,정보통신공사업,5322,주식회사 우리정보통신,,,640172,2941100,,,,,,
정보통신,정보통신공사업,5323,주식회사 에이텐시스템,,,203631,2940600,,,,,,
정보통신,정보통신공사업,5324,(주)선진콘트롤엔엑세스,,,111737,2939700,,,,,,
정보통신,정보통신공사업,5325,(주)타임게이트,,,201834,2939300,,,,,,
정보통신,정보통신공사업,5326,(주)대신피아이씨,,,330048,2938600,,,,,,
정보통신,정보통신공사업,5327,(주)신보기전,,,201560,2937700,,,,,,
정보통신,정보통신공사업,5328,남부산전 주식회사,,,610397,2937600,,,,,,
정보통신,정보통신공사업,5329,주식회사 인프로(INPRO Inc.),,,203351,2936700,,,,,,
정보통신,정보통신공사업,5329,"주식회사 딥파인(deepfine Co.,Ltd.)",,,204242,2936700,,,,,,
정보통신,정보통신공사업,5331,우성이엔디(주),,,311004,2935400,,,,,,
정보통신,정보통신공사업,5332,다음산업개발 주식회사,,,620248,2934700,,,,,,
정보통신,정보통신공사업,5333,삼매정보통신(주),,,112147,2934600,,,,,,
정보통신,정보통신공사업,5334,드림타워솔루션 주식회사,,,203801,2934500,,,,,,
정보통신,정보통신공사업,5335,(주)제이비네트웍스,,,113495,2934300,,,,,,
정보통신,정보통신공사업,5336,컴레이저 주식회사,,,312541,2932700,,,,,,
정보통신,정보통신공사업,5336,(주)케이엠미디어,,,310530,2932700,,,,,,
정보통신,정보통신공사업,5338,주식회사 비에이치에스,,,203874,2931500,,,,,,
정보통신,정보통신공사업,5339,신광씨앤티(주),,,200243,2930900,,,,,,
정보통신,정보통신공사업,5340,성보정보통신(주),,,310840,2930400,,,,,,
정보통신,정보통신공사업,5341,(주)성보시스템,,,120650,2929000,,,,,,
정보통신,정보통신공사업,5342,(주)현진전자,,,520122,2928800,,,,,,
정보통신,정보통신공사업,5343,(주)네오위드넷,,,201498,2928200,,,,,,
정보통신,정보통신공사업,5344,주식회사 세종통신,,,420363,2926700,,,,,,
정보통신,정보통신공사업,5345,한별정보통신,,,111603,2926500,,,,,,
정보통신,정보통신공사업,5346,주식회사 세양전기,,,540382,2926100,,,,,,
정보통신,정보통신공사업,5347,주식회사 선진이앤씨,,,410377,2925900,,,,,,
정보통신,정보통신공사업,5348,(주)신성미네랄,,,430118,2925700,,,,,,
정보통신,정보통신공사업,5349,주식회사 맥스네트워크,,,312504,2924400,,,,,,
정보통신,정보통신공사업,5350,세인에스앤씨(주),,,200628,2923300,,,,,,
정보통신,정보통신공사업,5351,(주)티아이,,,410251,2923000,,,,,,
정보통신,정보통신공사업,5352,주식회사 다보링크,,,312165,2922500,,,,,,
정보통신,정보통신공사업,5353,주식회사 영데이타통신전기,,,120077,2920800,,,,,,
정보통신,정보통신공사업,5354,삼화텔콤,,,120537,2920500,,,,,,
정보통신,정보통신공사업,5354,(주)한백,,,140219,2920500,,,,,,
정보통신,정보통신공사업,5354,트리코스 주식회사,,,311961,2920500,,,,,,
정보통신,정보통신공사업,5357,주식회사 가나이엔씨,,,202178,2920400,,,,,,
정보통신,정보통신공사업,5358,주식회사 다우통신,,,530427,2919800,,,,,,
정보통신,정보통신공사업,5359,동원이엔지 합자회사,,,130450,2919600,,,,,,
정보통신,정보통신공사업,5360,주식회사 태림,,,170144,2919200,,,,,,
정보통신,정보통신공사업,5361,(유)비엔에스테크,,,160223,2916100,,,,,,
정보통신,정보통신공사업,5362,주식회사 서해정보통신,,,630238,2915400,,,,,,
정보통신,정보통신공사업,5362,신성정보통신,,,150167,2915400,,,,,,
정보통신,정보통신공사업,5364,주식회사 티이에프,,,610415,2914500,,,,,,
정보통신,정보통신공사업,5365,(주)한국에스시엔,,,510165,2914400,,,,,,
정보통신,정보통신공사업,5366,(주)스피드정보통신,,,110809,2913200,,,,,,
정보통신,정보통신공사업,5367,"주식회사 웨이텍(WAYTECH CO.,LTD.)",,,203257,2912200,,,,,,
정보통신,정보통신공사업,5368,(주)태양이엔씨,,,112764,2912000,,,,,,
정보통신,정보통신공사업,5369,(주)서진멀티미디어통신,,,170177,2911100,,,,,,
정보통신,정보통신공사업,5370,(주)소리통신,,,120559,2910400,,,,,,
정보통신,정보통신공사업,5371,(주)비엠시스솔루션,,,202208,2910200,,,,,,
정보통신,정보통신공사업,5372,(주)지케스,,,201856,2910100,,,,,,
정보통신,정보통신공사업,5373,주식회사 디원,,,420389,2909600,,,,,,
정보통신,정보통신공사업,5374,(주)중앙텔레콤,,,170141,2909500,,,,,,
정보통신,정보통신공사업,5375,경기정보통신(주),,,310885,2909400,,,,,,
정보통신,정보통신공사업,5376,주식회사 건하정보통신,,,630195,2907200,,,,,,
정보통신,정보통신공사업,5377,(주)피데스,,,620202,2906900,,,,,,
정보통신,정보통신공사업,5378,에너시스주식회사,,,312518,2906500,,,,,,
정보통신,정보통신공사업,5379,주식회사 파크원에이피에스,,,203976,2904400,,,,,,
정보통신,정보통신공사업,5380,정암전기통신(주),,,111108,2904100,,,,,,
정보통신,정보통신공사업,5381,(주)큐앤아이티,,,201525,2903100,,,,,,
정보통신,정보통신공사업,5382,주식회사 이레에스엔씨,,,312392,2901400,,,,,,
정보통신,정보통신공사업,5382,주식회사 비엠더코리아,,,111701,2901400,,,,,,
정보통신,정보통신공사업,5384,(주)미래정보시스템,,,550375,2901000,,,,,,
정보통신,정보통신공사업,5385,주식회사 우성정보기술,,,203233,2899500,,,,,,
정보통신,정보통신공사업,5386,(주)태성전력,,,530288,2899200,,,,,,
정보통신,정보통신공사업,5387,(주)협성기전,,,311035,2899100,,,,,,
정보통신,정보통신공사업,5388,"세이지 주식회사(SAIGE Co.,Ltd.)",,,204152,2898000,,,,,,
정보통신,정보통신공사업,5389,"주식회사 에이아이텔레콤 (AI Telecom Co.,Ltd.)",,,203837,2896800,,,,,,
정보통신,정보통신공사업,5390,(주)대하테크,,,510061,2895900,,,,,,
정보통신,정보통신공사업,5391,주식회사 다올전기,,,520052,2895800,,,,,,
정보통신,정보통신공사업,5392,(주)누리정보기술,,,120372,2893900,,,,,,
정보통신,정보통신공사업,5393,(주)한국정보기술단,,,112630,2892600,,,,,,
정보통신,정보통신공사업,5394,(주)동양에너텍,,,610035,2892000,,,,,,
정보통신,정보통신공사업,5395,(주)연화엠텍,,,310984,2890900,,,,,,
정보통신,정보통신공사업,5396,주식회사 에이다루트 (AIDA Root Corp.),,,203149,2889600,,,,,,
정보통신,정보통신공사업,5397,(주)유엘네트웍스,,,201017,2889500,,,,,,
정보통신,정보통신공사업,5397,유한회사 새롬정보통신,,,630332,2889500,,,,,,
정보통신,정보통신공사업,5399,베스트원(주),,,120834,2889400,,,,,,
정보통신,정보통신공사업,5400,에이텐코리아 주식회사,,,203796,2888800,,,,,,
정보통신,정보통신공사업,5401,(주)컴넷,,,520054,2888500,,,,,,
정보통신,정보통신공사업,5402,주식회사 한민경테크,,,510661,2887800,,,,,,
정보통신,정보통신공사업,5403,에스엠피플스 주식회사,,,350593,2887200,,,,,,
정보통신,정보통신공사업,5404,세온시스템 주식회사,,,312614,2886900,,,,,,
정보통신,정보통신공사업,5405,(주)광진,,,140448,2885700,,,,,,
정보통신,정보통신공사업,5406,(주)옥주전력,,,610118,2884200,,,,,,
정보통신,정보통신공사업,5407,건영네트웍스(주),,,111540,2883900,,,,,,
정보통신,정보통신공사업,5408,주식회사 샤론정보통신,,,530149,2883700,,,,,,
정보통신,정보통신공사업,5409,(주)동훈아이텍,,,201980,2881200,,,,,,
정보통신,정보통신공사업,5410,일송건설 주식회사,,,430056,2880800,,,,,,
정보통신,정보통신공사업,5411,"주식회사 심플랫폼(Simplatform Co., Ltd.)",,,203550,2879300,,,,,,
정보통신,정보통신공사업,5412,주식회사 윤성워터텍,,,410224,2878100,,,,,,
정보통신,정보통신공사업,5413,(주)신라이앤씨,,,530126,2877900,,,,,,
정보통신,정보통신공사업,5413,주식회사 하나테크,,,330236,2877900,,,,,,
정보통신,정보통신공사업,5415,하나정보통신,,,202034,2876700,,,,,,
정보통신,정보통신공사업,5416,주식회사 뉴비엘,,,410265,2876400,,,,,,
정보통신,정보통신공사업,5416,주식회사 에스아이텍,,,320204,2876400,,,,,,
정보통신,정보통신공사업,5418,라온정보통신,,,530367,2876000,,,,,,
정보통신,정보통신공사업,5419,주식회사 서연,,,540430,2875900,,,,,,
정보통신,정보통신공사업,5420,(주)오성전기,,,110375,2874900,,,,,,
정보통신,정보통신공사업,5420,주식회사 이현정보,,,610341,2874900,,,,,,
정보통신,정보통신공사업,5422,주식회사 엔이티건설,,,204134,2874200,,,,,,
정보통신,정보통신공사업,5423,그린씨에스 주식회사,,,610405,2874000,,,,,,
정보통신,정보통신공사업,5423,(주)테라테코,,,310722,2874000,,,,,,
정보통신,정보통신공사업,5425,주식회사 정한전력,,,550152,2872900,,,,,,
정보통신,정보통신공사업,5426,(주)세명인포텍,,,320173,2872500,,,,,,
정보통신,정보통신공사업,5427,(주)다경시스템,,,201377,2871300,,,,,,
정보통신,정보통신공사업,5428,주식회사 지케이정보통신,,,620354,2869400,,,,,,
정보통신,정보통신공사업,5429,(주)한영파트너스에프에이치,,,312406,2869100,,,,,,
정보통신,정보통신공사업,5429,주식회사 경우시스테크,,,203832,2869100,,,,,,
정보통신,정보통신공사업,5431,비젼네트워크,,,203678,2868800,,,,,,
정보통신,정보통신공사업,5432,한국산업써비스 주식회사,,,312011,2868700,,,,,,
정보통신,정보통신공사업,5433,(주)성민전력,,,550046,2868400,,,,,,
정보통신,정보통신공사업,5434,(유)다복,,,640111,2868100,,,,,,
정보통신,정보통신공사업,5435,"다인스 주식회사(Dains Co., Ltd.)",,,203539,2867400,,,,,,
정보통신,정보통신공사업,5436,"주식회사 넥스텝(NEXTEP Co.,Ltd.)",,,312224,2867100,,,,,,
정보통신,정보통신공사업,5437,주식회사 참솔테크,,,320379,2866600,,,,,,
정보통신,정보통신공사업,5438,(주)신화정보통신,,,111698,2865800,,,,,,
정보통신,정보통신공사업,5439,(주)정우통신,,,120614,2865700,,,,,,
정보통신,정보통신공사업,5440,주식회사 미르정보기술,,,330259,2864900,,,,,,
정보통신,정보통신공사업,5441,주식회사 선엠,,,540294,2864700,,,,,,
정보통신,정보통신공사업,5442,(주)에스이,,,630057,2864300,,,,,,
정보통신,정보통신공사업,5443,주식회사 영호전기통신,,,201600,2864000,,,,,,
정보통신,정보통신공사업,5444,(주)데이터월드,,,420220,2863000,,,,,,
정보통신,정보통신공사업,5445,(주)해피로드,,,310058,2862000,,,,,,
정보통신,정보통신공사업,5446,태극정보통신,,,113135,2861700,,,,,,
정보통신,정보통신공사업,5447,엘티메트릭 주식회사,,,630331,2860300,,,,,,
정보통신,정보통신공사업,5448,주식회사 소프트제국,,,350516,2859400,,,,,,
정보통신,정보통신공사업,5449,한울통신(주),,,610222,2859100,,,,,,
정보통신,정보통신공사업,5450,주식회사 케이비케이,,,311411,2858800,,,,,,
정보통신,정보통신공사업,5451,(주)나래이앤씨,,,530291,2858700,,,,,,
정보통신,정보통신공사업,5452,(주)에스디정보통신,,,150263,2858100,,,,,,
정보통신,정보통신공사업,5453,유솔정보통신 주식회사,,,311909,2857900,,,,,,
정보통신,정보통신공사업,5454,(주)하나정보통신,,,510451,2857800,,,,,,
정보통신,정보통신공사업,5455,주식회사 목림정보통신,,,312467,2857300,,,,,,
정보통신,정보통신공사업,5456,(주)엠티에스정보기술,,,201721,2857200,,,,,,
정보통신,정보통신공사업,5457,느티나무정보통신(주),,,310068,2856200,,,,,,
정보통신,정보통신공사업,5457,주식회사 진솔루션즈,,,320501,2856200,,,,,,
정보통신,정보통신공사업,5459,주식회사 제이에스넷,,,410401,2855200,,,,,,
정보통신,정보통신공사업,5460,(주)대동정보통신,,,150105,2852700,,,,,,
정보통신,정보통신공사업,5461,"주식회사 그립 (Grib Co.,Ltd)",,,203898,2852200,,,,,,
정보통신,정보통신공사업,5462,(주)동서티앤씨,,,201755,2850800,,,,,,
정보통신,정보통신공사업,5463,주식회사 엠제이솔루션,,,420533,2850300,,,,,,
정보통신,정보통신공사업,5464,주식회사 가람시스템,,,530002,2849400,,,,,,
정보통신,정보통신공사업,5465,주식회사 이노쓰리시스템즈,,,311999,2847900,,,,,,
정보통신,정보통신공사업,5466,에스케이플래닛(주),,,311150,2846700,,,,,,
정보통신,정보통신공사업,5467,주식회사 제이에이치테크,,,330272,2846100,,,,,,
정보통신,정보통신공사업,5468,주식회사 더블유피,,,610484,2845100,,,,,,
정보통신,정보통신공사업,5469,이앤엠솔루션주식회사,,,311916,2844700,,,,,,
정보통신,정보통신공사업,5470,"대성산업 주식회사(DAESUNG INDUSTRIAL CO.,LTD)",,,203633,2843700,,,,,,
정보통신,정보통신공사업,5471,양산전설(주),,,430164,2843400,,,,,,
정보통신,정보통신공사업,5471,주식회사 바로씨앤에스,,,140297,2843400,,,,,,
정보통신,정보통신공사업,5473,엠에스피정보기술(주),,,202277,2842500,,,,,,
정보통신,정보통신공사업,5474,대신네트웍스(주),,,111622,2842400,,,,,,
정보통신,정보통신공사업,5474,(주)수인테크,,,311229,2842400,,,,,,
정보통신,정보통신공사업,5476,하프트인(주),,,110451,2840800,,,,,,
정보통신,정보통신공사업,5477,주식회사 케이씨이,,,320335,2839800,,,,,,
정보통신,정보통신공사업,5478,세계전자,,,350003,2839000,,,,,,
정보통신,정보통신공사업,5479,(주)온피아,,,202135,2838500,,,,,,
정보통신,정보통신공사업,5480,"한결아이씨티 주식회사(Hangeul ICT Co., Ltd.)",,,420247,2837900,,,,,,
정보통신,정보통신공사업,5481,(주)케이아이티씨엔씨,,,430311,2837800,,,,,,
정보통신,정보통신공사업,5482,(주)한길테크놀로지,,,130254,2837700,,,,,,
정보통신,정보통신공사업,5483,(주)유진아이티,,,420185,2836400,,,,,,
정보통신,정보통신공사업,5484,(주)동양테크,,,530001,2835600,,,,,,
정보통신,정보통신공사업,5485,(주)하나전설,,,510033,2833700,,,,,,
정보통신,정보통신공사업,5486,(주)티오피통신,,,130483,2833500,,,,,,
정보통신,정보통신공사업,5487,(주)서진정보통신,,,120773,2833300,,,,,,
정보통신,정보통신공사업,5488,(주)세계일렉컴,,,111625,2833200,,,,,,
정보통신,정보통신공사업,5489,(주)한페이시스,,,620133,2833000,,,,,,
정보통신,정보통신공사업,5490,(주)키미데이타,,,201746,2832800,,,,,,
정보통신,정보통신공사업,5491,미래일 주식회사,,,203548,2830700,,,,,,
정보통신,정보통신공사업,5492,씨아이토피아(주),,,111567,2830600,,,,,,
정보통신,정보통신공사업,5493,주식회사 위피아,,,203607,2830100,,,,,,
정보통신,정보통신공사업,5494,주식회사 나이스이엔씨,,,550006,2829800,,,,,,
정보통신,정보통신공사업,5495,(주)대한에이브이,,,530027,2829200,,,,,,
정보통신,정보통신공사업,5495,주식회사 제이엔아이티,,,312028,2829200,,,,,,
정보통신,정보통신공사업,5497,정한인프라 주식회사,,,312291,2827900,,,,,,
정보통신,정보통신공사업,5498,케이원,,,430317,2827500,,,,,,
정보통신,정보통신공사업,5499,주식회사 스마트캅스,,,201577,2826700,,,,,,
정보통신,정보통신공사업,5500,낙원기업(주),,,202712,2826500,,,,,,
정보통신,정보통신공사업,5501,대성엔에스(주),,,202148,2826400,,,,,,
정보통신,정보통신공사업,5502,미래아이티 주식회사,,,201712,2826300,,,,,,
정보통신,정보통신공사업,5502,주식회사 올레전자,,,640146,2826300,,,,,,
정보통신,정보통신공사업,5504,(주)비엘텍,,,540066,2826100,,,,,,
정보통신,정보통신공사업,5505,(주)영민시스템,,,420245,2825800,,,,,,
정보통신,정보통신공사업,5506,주식회사 위우너스,,,202842,2825400,,,,,,
정보통신,정보통신공사업,5507,주식회사 세화전설,,,510349,2825300,,,,,,
정보통신,정보통신공사업,5508,컴라인,,,540211,2824700,,,,,,
정보통신,정보통신공사업,5509,(유)다함,,,410125,2824000,,,,,,
정보통신,정보통신공사업,5509,주식회사 에스디테크(SD Tech Inc.),,,620393,2824000,,,,,,
정보통신,정보통신공사업,5511,(주)엔오에스,,,110707,2823700,,,,,,
정보통신,정보통신공사업,5511,(주)오아이티,,,130040,2823700,,,,,,
정보통신,정보통신공사업,5513,주식회사 다인이엔씨,,,350314,2822500,,,,,,
정보통신,정보통신공사업,5514,(주)디에스티인터내셔날,,,202086,2821800,,,,,,
정보통신,정보통신공사업,5515,(주)현성인포컴,,,112940,2821500,,,,,,
정보통신,정보통신공사업,5516,"주식회사 이지네트워크(Ez Network Co.,LTD)",,,540524,2820500,,,,,,
정보통신,정보통신공사업,5517,시그널테크 주식회사,,,610258,2819800,,,,,,
정보통신,정보통신공사업,5518,(주)이노셋,,,410105,2818600,,,,,,
정보통신,정보통신공사업,5519,(주)에이스엘이디,,,311628,2817200,,,,,,
정보통신,정보통신공사업,5520,(주)다정한넷,,,620031,2816900,,,,,,
정보통신,정보통신공사업,5521,(주)믿음정보통신,,,410130,2815600,,,,,,
정보통신,정보통신공사업,5522,주식회사 홍우,,,430212,2813900,,,,,,
정보통신,정보통신공사업,5523,(주)인디넷,,,201891,2812800,,,,,,
정보통신,정보통신공사업,5524,주식회사 에스엘정보통신,,,111965,2812700,,,,,,
정보통신,정보통신공사업,5525,(주)리드텍,,,310787,2812500,,,,,,
정보통신,정보통신공사업,5526,주식회사 트인아이엔티,,,320463,2812100,,,,,,
정보통신,정보통신공사업,5527,태지종합건설(주),,,112422,2808800,,,,,,
정보통신,정보통신공사업,5528,주식회사 케이에스엔지니어링,,,111827,2808500,,,,,,
정보통신,정보통신공사업,5529,주식회사 샤인뷰,,,320140,2808200,,,,,,
정보통신,정보통신공사업,5530,주식회사 시온정보통신,,,150385,2806600,,,,,,
정보통신,정보통신공사업,5531,(주)위스텍,,,311184,2806200,,,,,,
정보통신,정보통신공사업,5532,주식회사 씨케이미디어,,,311653,2806100,,,,,,
정보통신,정보통신공사업,5533,(주)스마트파워시스템,,,202124,2806000,,,,,,
정보통신,정보통신공사업,5534,주식회사 이상시스템,,,203614,2805600,,,,,,
정보통신,정보통신공사업,5535,주식회사 수도전기제어,,,430235,2805500,,,,,,
정보통신,정보통신공사업,5536,(주)루트온플러스,,,202506,2805300,,,,,,
정보통신,정보통신공사업,5537,(주)참좋은넷,,,311486,2804500,,,,,,
정보통신,정보통신공사업,5538,주식회사 세이브인시스템,,,312260,2804400,,,,,,
정보통신,정보통신공사업,5539,주식회사 중앙정보통신,,,540464,2804200,,,,,,
정보통신,정보통신공사업,5539,"주식회사 원넷시스템(One-Net System Co.,Ltd.)",,,201168,2804200,,,,,,
정보통신,정보통신공사업,5539,(주)유일시스템,,,320021,2804200,,,,,,
정보통신,정보통신공사업,5542,(주)제이에스정보통신,,,310675,2804100,,,,,,
정보통신,정보통신공사업,5543,나우엔지니어링 주식회사,,,120326,2803800,,,,,,
정보통신,정보통신공사업,5544,"주식회사 엠투엠테크(M2M Tech Co.,Ltd.)",,,312189,2803700,,,,,,
정보통신,정보통신공사업,5544,동우정보통신,,,530051,2803700,,,,,,
정보통신,정보통신공사업,5546,이앤텔(주),,,320010,2802700,,,,,,
정보통신,정보통신공사업,5547,주식회사 서치이앤씨 (Seochi E&C),,,311073,2802300,,,,,,
정보통신,정보통신공사업,5548,"주식회사 소어텍(soartech Co.,Ltd.)",,,203228,2801800,,,,,,
정보통신,정보통신공사업,5549,울산컴퓨터뱅크,,,520035,2801400,,,,,,
정보통신,정보통신공사업,5550,(주)유앤후레쉬,,,111084,2801200,,,,,,
정보통신,정보통신공사업,5551,주식회사 비스무트,,,202776,2800700,,,,,,
정보통신,정보통신공사업,5552,주식회사 이아이에스,,,420345,2800500,,,,,,
정보통신,정보통신공사업,5553,(주)유일통신,,,110344,2800200,,,,,,
정보통신,정보통신공사업,5554,(주)에이원넷,,,530378,2800000,,,,,,
정보통신,정보통신공사업,5555,세진시스콤(주),,,111259,2799100,,,,,,
정보통신,정보통신공사업,5556,(사)한국노인생활지원재단,,,201275,2799000,,,,,,
정보통신,정보통신공사업,5557,에이원시스템,,,510650,2798800,,,,,,
정보통신,정보통신공사업,5558,주식회사 지엔아이티,,,202504,2798400,,,,,,
정보통신,정보통신공사업,5559,주식회사 엔콤,,,630213,2797300,,,,,,
정보통신,정보통신공사업,5560,주식회사 광야,,,203916,2796600,,,,,,
정보통신,정보통신공사업,5561,(주)씨엔케이솔루션,,,310969,2796400,,,,,,
정보통신,정보통신공사업,5562,금강종합건설(주),,,311704,2794800,,,,,,
정보통신,정보통신공사업,5563,(주)호현시스템,,,310561,2794200,,,,,,
정보통신,정보통신공사업,5564,주식회사 안영전기공사,,,200253,2793900,,,,,,
정보통신,정보통신공사업,5565,주식회사 대산정보통신,,,350277,2793300,,,,,,
정보통신,정보통신공사업,5566,일광정보통신,,,150153,2791200,,,,,,
정보통신,정보통신공사업,5567,"주식회사 지에스디랩(GSDlab Co., Ltd)",,,203829,2790200,,,,,,
정보통신,정보통신공사업,5568,주식회사 디앤샤인,,,350327,2790100,,,,,,
정보통신,정보통신공사업,5569,합자회사 스타엔지니어링,,,530395,2789900,,,,,,
정보통신,정보통신공사업,5570,(주)다우기술,,,110922,2788700,,,,,,
정보통신,정보통신공사업,5571,주식회사 나노엔지니어링,,,630072,2786900,,,,,,
정보통신,정보통신공사업,5572,비타민전자,,,510565,2786400,,,,,,
정보통신,정보통신공사업,5573,한국요꼬가와전기(주),,,320008,2786000,,,,,,
정보통신,정보통신공사업,5574,(주)더솔텍이엔지,,,201328,2785900,,,,,,
정보통신,정보통신공사업,5575,주식회사 농협네트웍스,,,201312,2785700,,,,,,
정보통신,정보통신공사업,5576,(주)에이엠알시스템,,,310348,2783100,,,,,,
정보통신,정보통신공사업,5577,주식회사 하성씨앤아이,,,202859,2782800,,,,,,
정보통신,정보통신공사업,5578,호맘디앤씨 주식회사,,,112731,2782300,,,,,,
정보통신,정보통신공사업,5579,(주)건화티에스,,,320210,2782100,,,,,,
정보통신,정보통신공사업,5580,주식회사 창조전기통신,,,530401,2781500,,,,,,
정보통신,정보통신공사업,5581,인프라소프트(주),,,202101,2781000,,,,,,
정보통신,정보통신공사업,5581,주식회사 누림소프트,,,420540,2781000,,,,,,
정보통신,정보통신공사업,5583,인콤아이에스(주),,,200645,2780100,,,,,,
정보통신,정보통신공사업,5584,(주)태진정보,,,430328,2779900,,,,,,
정보통신,정보통신공사업,5584,(주)하나로,,,160142,2779900,,,,,,
정보통신,정보통신공사업,5586,삼양데이타시스템(주),,,111304,2779400,,,,,,
정보통신,정보통신공사업,5587,(주)씨텍,,,111686,2778200,,,,,,
정보통신,정보통신공사업,5588,창조데이타,,,540176,2776200,,,,,,
정보통신,정보통신공사업,5589,(주)지에스티,,,510311,2775500,,,,,,
정보통신,정보통신공사업,5590,주식회사 태영티에스,,,311766,2774800,,,,,,
정보통신,정보통신공사업,5591,유비라커산업 주식회사,,,202795,2774600,,,,,,
정보통신,정보통신공사업,5592,(주)효성정보통신,,,201518,2774500,,,,,,
정보통신,정보통신공사업,5593,주식회사 코리아정보,,,640145,2774300,,,,,,
정보통신,정보통신공사업,5593,(주)스마컴,,,202573,2774300,,,,,,
정보통신,정보통신공사업,5595,주식회사 평강정보통신,,,350191,2773500,,,,,,
정보통신,정보통신공사업,5596,(주)진성이엔지,,,311599,2771900,,,,,,
정보통신,정보통신공사업,5597,주식회사 성주통신,,,420432,2771800,,,,,,
정보통신,정보통신공사업,5598,주식회사 세원정보통신,,,430342,2771700,,,,,,
정보통신,정보통신공사업,5599,(주)한창엔지니어링,,,430227,2770000,,,,,,
정보통신,정보통신공사업,5600,(주)서광전기통신,,,130211,2769200,,,,,,
정보통신,정보통신공사업,5601,주식회사 다원디엔에스,,,620351,2768800,,,,,,
정보통신,정보통신공사업,5602,(주)큰별토탈,,,430065,2768700,,,,,,
정보통신,정보통신공사업,5603,우호정보통신 주식회사,,,620251,2767400,,,,,,
정보통신,정보통신공사업,5604,(주)다산네트웍솔루션즈,,,311183,2767300,,,,,,
정보통신,정보통신공사업,5605,(주)세진파워텍,,,630137,2767200,,,,,,
정보통신,정보통신공사업,5606,주식회사 다음정보시스템즈,,,203333,2766300,,,,,,
정보통신,정보통신공사업,5607,주식회사 삼화정보,,,510359,2766200,,,,,,
정보통신,정보통신공사업,5608,(주)우정하이텍,,,310828,2765800,,,,,,
정보통신,정보통신공사업,5609,(주)무진산업기술,,,510002,2764900,,,,,,
정보통신,정보통신공사업,5610,주식회사 아스트론아이씨티,,,420367,2764000,,,,,,
정보통신,정보통신공사업,5611,케이탑솔루션 주식회사,,,140179,2763900,,,,,,
정보통신,정보통신공사업,5612,주식회사 행복이앤씨,,,620419,2763600,,,,,,
정보통신,정보통신공사업,5613,명성이앤지,,,170109,2763400,,,,,,
정보통신,정보통신공사업,5614,(주)세종아이티,,,430083,2762700,,,,,,
정보통신,정보통신공사업,5615,(주)다원아이티,,,310907,2762600,,,,,,
정보통신,정보통신공사업,5616,주식회사 토브넷 (Tovnet Corp.),,,203763,2761100,,,,,,
정보통신,정보통신공사업,5617,이지정보통신,,,410095,2759900,,,,,,
정보통신,정보통신공사업,5617,(주)씨티넷,,,311157,2759900,,,,,,
정보통신,정보통신공사업,5619,주식회사 민테크,,,410169,2759500,,,,,,
정보통신,정보통신공사업,5620,태건(주),,,620075,2759100,,,,,,
정보통신,정보통신공사업,5621,주식회사 해피링크,,,204059,2758900,,,,,,
정보통신,정보통신공사업,5622,대명전기 주식회사,,,620317,2758700,,,,,,
정보통신,정보통신공사업,5623,(주)오성에이브이시스템,,,201136,2758100,,,,,,
정보통신,정보통신공사업,5623,메가정보기술,,,430115,2758100,,,,,,
정보통신,정보통신공사업,5625,"주식회사 에오스 (EOS Co., Ltd)",,,203843,2756800,,,,,,
정보통신,정보통신공사업,5626,(주)일진메가텍,,,311286,2756000,,,,,,
정보통신,정보통신공사업,5627,(주)드림정보기술,,,510388,2755800,,,,,,
정보통신,정보통신공사업,5628,주식회사 대산파워텍,,,320382,2755300,,,,,,
정보통신,정보통신공사업,5629,주식회사 창정보통신,,,510709,2752900,,,,,,
정보통신,정보통신공사업,5630,엘티정보통신 주식회사,,,111953,2751400,,,,,,
정보통신,정보통신공사업,5631,(주)광진기업,,,540330,2749600,,,,,,
정보통신,정보통신공사업,5632,(주)제이엠정보통신,,,610137,2749400,,,,,,
정보통신,정보통신공사업,5633,이엔아이에스 주식회사,,,350470,2749200,,,,,,
정보통신,정보통신공사업,5634,주식회사 현희정보통신,,,540364,2748300,,,,,,
정보통신,정보통신공사업,5635,(주)대광전설,,,410226,2748100,,,,,,
정보통신,정보통신공사업,5636,주식회사 이엘정보통신,,,430234,2745800,,,,,,
정보통신,정보통신공사업,5637,주식회사 준네트웍스,,,610134,2744300,,,,,,
정보통신,정보통신공사업,5638,주식회사 디콤,,,550030,2744200,,,,,,
정보통신,정보통신공사업,5639,우주에즈원 주식회사(WOOJOOASONE Inc.),,,630115,2743600,,,,,,
정보통신,정보통신공사업,5640,주식회사 에이스,,,112933,2743500,,,,,,
정보통신,정보통신공사업,5640,(주)옵텔콤,,,112021,2743500,,,,,,
정보통신,정보통신공사업,5642,주식회사 하나이엔지전력,,,610362,2743000,,,,,,
정보통신,정보통신공사업,5643,주식회사 아임솔텍,,,203125,2742900,,,,,,
정보통신,정보통신공사업,5644,주식회사 케이엘에스티,,,202081,2742400,,,,,,
정보통신,정보통신공사업,5645,(주)신기정보통신,,,110092,2742000,,,,,,
정보통신,정보통신공사업,5646,(주)기산텔레콤,,,111423,2741700,,,,,,
정보통신,정보통신공사업,5647,신일전산 주식회사,,,550439,2741500,,,,,,
정보통신,정보통신공사업,5648,발안정보통신,,,110540,2741200,,,,,,
정보통신,정보통신공사업,5649,(주)한세시큐리티,,,620315,2741100,,,,,,
정보통신,정보통신공사업,5650,우신통신(주),,,150293,2740700,,,,,,
정보통신,정보통신공사업,5651,주식회사 웨이텍이엔지,,,350458,2740100,,,,,,
정보통신,정보통신공사업,5652,주식회사 금화전통,,,130149,2739800,,,,,,
정보통신,정보통신공사업,5653,주식회사 대성전기,,,610345,2739700,,,,,,
정보통신,정보통신공사업,5654,주식회사 삼건,,,530363,2739000,,,,,,
정보통신,정보통신공사업,5655,주식회사 에스지옵티컬,,,320457,2738800,,,,,,
정보통신,정보통신공사업,5656,주식회사 대경테크,,,311220,2738000,,,,,,
정보통신,정보통신공사업,5657,선박전자통신,,,160214,2737200,,,,,,
정보통신,정보통신공사업,5658,(주)휴먼인텍,,,201887,2737100,,,,,,
정보통신,정보통신공사업,5659,주식회사 부경넷,,,550437,2736900,,,,,,
정보통신,정보통신공사업,5660,(주)이서,,,200294,2736700,,,,,,
정보통신,정보통신공사업,5661,주식회사 달빛,,,610239,2736500,,,,,,
정보통신,정보통신공사업,5662,(주)액트솔루션,,,201909,2736200,,,,,,
정보통신,정보통신공사업,5663,(주)마루텔레콤,,,310775,2735600,,,,,,
정보통신,정보통신공사업,5664,대천통신(주),,,410140,2734200,,,,,,
정보통신,정보통신공사업,5665,주식회사 혜림,,,312264,2734100,,,,,,
정보통신,정보통신공사업,5666,거룡전력(주),,,310659,2733100,,,,,,
정보통신,정보통신공사업,5667,경일위성전자,,,111440,2732800,,,,,,
정보통신,정보통신공사업,5668,주식회사 에이디엔노뜨,,,204194,2732700,,,,,,
정보통신,정보통신공사업,5669,엔에스시스템(주),,,120584,2731900,,,,,,
정보통신,정보통신공사업,5670,주식회사 삼정디지탈정보,,,530372,2731300,,,,,,
정보통신,정보통신공사업,5670,주식회사 오아이씨코리아,,,320377,2731300,,,,,,
정보통신,정보통신공사업,5672,(주)씨엘에이에스,,,111221,2731100,,,,,,
정보통신,정보통신공사업,5673,(주)대상정보,,,150331,2730300,,,,,,
정보통신,정보통신공사업,5674,대승정보통신,,,160235,2729200,,,,,,
정보통신,정보통신공사업,5675,(주)삼한정보통신,,,430124,2728800,,,,,,
정보통신,정보통신공사업,5676,(주)대구정보,,,150224,2728400,,,,,,
정보통신,정보통신공사업,5677,한영전기 주식회사,,,550359,2728000,,,,,,
정보통신,정보통신공사업,5678,은하수정보통신(주),,,112822,2727800,,,,,,
정보통신,정보통신공사업,5679,주식회사 디엘정보통신,,,410309,2726300,,,,,,
정보통신,정보통신공사업,5680,(주)원광전기,,,420278,2726100,,,,,,
정보통신,정보통신공사업,5681,주식회사 명승미디어넷,,,620242,2725300,,,,,,
정보통신,정보통신공사업,5682,(주)코어넷,,,112048,2724700,,,,,,
정보통신,정보통신공사업,5683,주식회사 제이앤에스통신,,,311746,2723700,,,,,,
정보통신,정보통신공사업,5684,삼성그린텔서비스,,,150309,2723200,,,,,,
정보통신,정보통신공사업,5685,(주)청림이에프씨,,,610201,2721600,,,,,,
정보통신,정보통신공사업,5686,주식회사 미르,,,120207,2721300,,,,,,
정보통신,정보통신공사업,5687,(주)자이솜,,,420260,2721000,,,,,,
정보통신,정보통신공사업,5688,(주)디지털알에프코리아,,,310822,2720400,,,,,,
정보통신,정보통신공사업,5689,탑아이티 주식회사,,,410244,2719700,,,,,,
정보통신,정보통신공사업,5690,캐논코리아 주식회사,,,202455,2719500,,,,,,
정보통신,정보통신공사업,5691,여송전자,,,510304,2719400,,,,,,
정보통신,정보통신공사업,5692,선광테크 주식회사,,,410389,2719300,,,,,,
정보통신,정보통신공사업,5692,(주)건우전력,,,430128,2719300,,,,,,
정보통신,정보통신공사업,5694,(유)대원통신건설,,,160011,2718100,,,,,,
정보통신,정보통신공사업,5695,(주)에코아이씨티,,,311387,2717900,,,,,,
정보통신,정보통신공사업,5696,(주)성전사,,,120776,2716000,,,,,,
정보통신,정보통신공사업,5697,(주)한얼누리,,,111727,2713900,,,,,,
정보통신,정보통신공사업,5698,주식회사 원넷,,,510519,2713100,,,,,,
정보통신,정보통신공사업,5699,"주식회사 모네에스앤씨(MONE S&C CO., LTD.)",,,312105,2712800,,,,,,
정보통신,정보통신공사업,5700,(주)자명기술정보,,,510153,2712300,,,,,,
정보통신,정보통신공사업,5700,근영테크,,,510731,2712300,,,,,,
정보통신,정보통신공사업,5702,(주)제일보안네트,,,201849,2711000,,,,,,
정보통신,정보통신공사업,5703,민정보시스템,,,540288,2710600,,,,,,
정보통신,정보통신공사업,5704,주영전자통신 주식회사,,,201615,2710100,,,,,,
정보통신,정보통신공사업,5705,주식회사 본테크,,,630224,2709300,,,,,,
정보통신,정보통신공사업,5706,한국경보(주),,,610169,2708900,,,,,,
정보통신,정보통신공사업,5707,(주)에스에스통신,,,112510,2706700,,,,,,
정보통신,정보통신공사업,5708,"주식회사 엘앤디테크 (L&D TECH Co.,Ltd)",,,630345,2706600,,,,,,
정보통신,정보통신공사업,5709,주식회사 정도아이넷,,,203394,2705100,,,,,,
정보통신,정보통신공사업,5710,"주식회사 아이에이엠(IAM Co., Ltd.)",,,203546,2705000,,,,,,
정보통신,정보통신공사업,5711,주식회사 한성유니티,,,350599,2704800,,,,,,
정보통신,정보통신공사업,5712,(주)백승통신,,,140017,2704400,,,,,,
정보통신,정보통신공사업,5712,에이스정보통신,,,540177,2704400,,,,,,
정보통신,정보통신공사업,5714,(주)유진엘이디,,,350627,2704200,,,,,,
정보통신,정보통신공사업,5715,주식회사 지오케이,,,350485,2704100,,,,,,
정보통신,정보통신공사업,5716,(주)미래윈정보통신,,,111883,2703900,,,,,,
정보통신,정보통신공사업,5716,디오텍 주식회사,,,620024,2703900,,,,,,
정보통신,정보통신공사업,5718,(주)대흥데이타통신,,,111308,2703600,,,,,,
정보통신,정보통신공사업,5719,석우정보기술 주식회사,,,520159,2703200,,,,,,
정보통신,정보통신공사업,5720,삼흥전기 주식회사,,,410178,2703100,,,,,,
정보통신,정보통신공사업,5721,(주)마이크로넷,,,112472,2702800,,,,,,
정보통신,정보통신공사업,5722,미래이앤시 주식회사,,,311724,2702400,,,,,,
정보통신,정보통신공사업,5723,드림디엔엠 주식회사,,,203453,2702300,,,,,,
정보통신,정보통신공사업,5724,주식회사 티미,,,312170,2702200,,,,,,
정보통신,정보통신공사업,5724,주식회사 성하정보통신,,,510297,2702200,,,,,,
정보통신,정보통신공사업,5726,(주)디지탈씨오에스,,,201277,2702000,,,,,,
정보통신,정보통신공사업,5727,(주)한성전기,,,120066,2701600,,,,,,
정보통신,정보통신공사업,5728,주식회사 제머나이소프트,,,204342,2701500,,,,,,
정보통신,정보통신공사업,5729,주식회사 인큐버스,,,420496,2700600,,,,,,
정보통신,정보통신공사업,5730,주식회사 주왕정보통신,,,202295,2700500,,,,,,
정보통신,정보통신공사업,5731,주식회사 더원티이씨,,,630293,2700100,,,,,,
정보통신,정보통신공사업,5732,(주)엘아이지시스템,,,350097,2699900,,,,,,
정보통신,정보통신공사업,5733,(유)실릭스,,,201393,2699500,,,,,,
정보통신,정보통신공사업,5734,블루텍 유한회사,,,630273,2699400,,,,,,
정보통신,정보통신공사업,5735,주식회사 큐브프로퍼티서비스,,,110054,2697600,,,,,,
정보통신,정보통신공사업,5736,가나안정보통신(주),,,140411,2697400,,,,,,
정보통신,정보통신공사업,5737,주식회사 엔에이치,,,510415,2696800,,,,,,
정보통신,정보통신공사업,5738,주식회사 코네트,,,540386,2696400,,,,,,
정보통신,정보통신공사업,5739,"주식회사 쿠치 (CWTCH Co.,Ltd.)",,,440083,2695000,,,,,,
정보통신,정보통신공사업,5740,(주)나눔정보,,,410257,2694600,,,,,,
정보통신,정보통신공사업,5740,주식회사 에이치투테크,,,350413,2694600,,,,,,
정보통신,정보통신공사업,5742,(주)진우소프트이노베이션,,,640042,2694400,,,,,,
정보통신,정보통신공사업,5743,(유)삼화전설,,,140022,2694200,,,,,,
정보통신,정보통신공사업,5743,사단법인 다솜복지회,,,620294,2694200,,,,,,
정보통신,정보통신공사업,5745,주식회사 세인엔에스,,,203479,2693500,,,,,,
정보통신,정보통신공사업,5746,(주)한남이앤씨,,,201609,2692000,,,,,,
정보통신,정보통신공사업,5747,한화호텔앤드리조트 주식회사,,,112029,2691400,,,,,,
정보통신,정보통신공사업,5748,주식회사 대명정보통신,,,120548,2691100,,,,,,
정보통신,정보통신공사업,5749,주식회사 더원,,,310747,2690500,,,,,,
정보통신,정보통신공사업,5749,(주)제윤,,,530129,2690500,,,,,,
정보통신,정보통신공사업,5751,지음이엔아이(주),,,201015,2690100,,,,,,
정보통신,정보통신공사업,5752,(유)넥스정보통신,,,630009,2690000,,,,,,
정보통신,정보통신공사업,5753,(주)신성정보통신,,,640050,2687400,,,,,,
정보통신,정보통신공사업,5753,주식회사 진광엔지니어링건축사사무소,,,310759,2687400,,,,,,
정보통신,정보통신공사업,5753,(주)솔루윈스,,,510088,2687400,,,,,,
정보통신,정보통신공사업,5756,주식회사 지티알 (GTR Inc.),,,203905,2684900,,,,,,
정보통신,정보통신공사업,5757,주식회사 정원이알텍,,,610461,2684400,,,,,,
정보통신,정보통신공사업,5758,(주)제이유테크,,,540197,2684200,,,,,,
정보통신,정보통신공사업,5758,(주)코레이트,,,430228,2684200,,,,,,
정보통신,정보통신공사업,5758,포우기전(주),,,540213,2684200,,,,,,
정보통신,정보통신공사업,5761,(주)인텍앤컴퍼니,,,201759,2683900,,,,,,
정보통신,정보통신공사업,5761,(주)알토,,,201709,2683900,,,,,,
정보통신,정보통신공사업,5763,제노솔루션 주식회사,,,203393,2683800,,,,,,
정보통신,정보통신공사업,5764,(주)동양에이브이전자통신,,,610016,2683100,,,,,,
정보통신,정보통신공사업,5765,"이에이트 주식회사 (E8IGHT Co., Ltd.)",,,203739,2682400,,,,,,
정보통신,정보통신공사업,5766,(주)위넥,,,120685,2681700,,,,,,
정보통신,정보통신공사업,5767,(주)인프라아이씨티,,,311576,2681000,,,,,,
정보통신,정보통신공사업,5768,주식회사 시공이엔씨,,,202545,2680400,,,,,,
정보통신,정보통신공사업,5769,(유)혜민통신,,,620217,2680200,,,,,,
정보통신,정보통신공사업,5770,에스비이엔디 주식회사,,,311734,2679400,,,,,,
정보통신,정보통신공사업,5771,(주)지투,,,320177,2678800,,,,,,
정보통신,정보통신공사업,5772,(주)유안테크,,,510508,2677800,,,,,,
정보통신,정보통신공사업,5773,이화정보통신 주식회사,,,330243,2677400,,,,,,
정보통신,정보통신공사업,5774,주식회사 원종합관리,,,550536,2677100,,,,,,
정보통신,정보통신공사업,5775,주식회사 다인콘트롤,,,312180,2677000,,,,,,
정보통신,정보통신공사업,5776,(주)아이티네트웍스,,,630160,2676600,,,,,,
정보통신,정보통신공사업,5777,상강기술(주),,,420047,2676300,,,,,,
정보통신,정보통신공사업,5778,대성정보기술(주),,,550153,2676100,,,,,,
정보통신,정보통신공사업,5779,(주)케이넷통신기술,,,120350,2675800,,,,,,
정보통신,정보통신공사업,5780,(주)삼원씨앤지,,,330141,2675700,,,,,,
정보통신,정보통신공사업,5781,신성정보통신 주식회사,,,111591,2675600,,,,,,
정보통신,정보통신공사업,5782,(주)대웅전기,,,510209,2673800,,,,,,
정보통신,정보통신공사업,5783,(주)미디어보성,,,350192,2673700,,,,,,
정보통신,정보통신공사업,5784,주식회사 에이제이씨앤씨,,,320496,2672700,,,,,,
정보통신,정보통신공사업,5785,동영기업(주),,,510083,2671300,,,,,,
정보통신,정보통신공사업,5786,삼우솔루션 주식회사,,,310824,2668800,,,,,,
정보통신,정보통신공사업,5787,주식회사 디브이네스트,,,203630,2668500,,,,,,
정보통신,정보통신공사업,5788,지오종합건설(주),,,540255,2668100,,,,,,
정보통신,정보통신공사업,5789,(주)티와이씨엔,,,550108,2667700,,,,,,
정보통신,정보통신공사업,5790,대신네트웍스(주),,,180029,2666500,,,,,,
정보통신,정보통신공사업,5791,(주)지우정보기술,,,311460,2666400,,,,,,
정보통신,정보통신공사업,5792,제이에스네트웍스,,,312022,2666300,,,,,,
정보통신,정보통신공사업,5793,신광전기 주식회사,,,320313,2665200,,,,,,
정보통신,정보통신공사업,5794,(주)모아정보통신,,,430238,2663800,,,,,,
정보통신,정보통신공사업,5795,(주)제일정보통신,,,430101,2662800,,,,,,
정보통신,정보통신공사업,5796,"주식회사 무스마(MUSMA Co., Ltd.)",,,510735,2662700,,,,,,
정보통신,정보통신공사업,5797,메가일렉(주),,,350209,2662600,,,,,,
정보통신,정보통신공사업,5798,(주)지산미디어통신,,,120721,2662500,,,,,,
정보통신,정보통신공사업,5799,한마음통신,,,111487,2662100,,,,,,
정보통신,정보통신공사업,5799,주식회사 더원정보,,,530418,2662100,,,,,,
정보통신,정보통신공사업,5801,아이앤피통신(주),,,610090,2661600,,,,,,
정보통신,정보통신공사업,5802,(주)엠쏘,,,112100,2660700,,,,,,
정보통신,정보통신공사업,5803,주식회사 금오정보통신,,,530426,2660400,,,,,,
정보통신,정보통신공사업,5804,(주)정석,,,630086,2659900,,,,,,
정보통신,정보통신공사업,5805,주식회사 루다이엔씨,,,311473,2659600,,,,,,
정보통신,정보통신공사업,5806,(주)용백전설,,,202546,2658700,,,,,,
정보통신,정보통신공사업,5807,주식회사 디토시스,,,203029,2658600,,,,,,
정보통신,정보통신공사업,5808,주식회사 태광이엔지,,,111620,2657900,,,,,,
정보통신,정보통신공사업,5809,주식회사 제이엘테크놀로지,,,320538,2657000,,,,,,
정보통신,정보통신공사업,5810,주식회사 비엘아이앤씨,,,311253,2656700,,,,,,
정보통신,정보통신공사업,5811,(주)스마트웨이,,,440054,2655900,,,,,,
정보통신,정보통신공사업,5812,(주)어웨이프롬,,,311597,2654800,,,,,,
정보통신,정보통신공사업,5813,주식회사 로드맵,,,312043,2654500,,,,,,
정보통신,정보통신공사업,5814,주식회사 교림정보통신,,,540359,2654200,,,,,,
정보통신,정보통신공사업,5815,(주)스마일서브,,,311899,2652900,,,,,,
정보통신,정보통신공사업,5816,주식회사 에이원네트웍스,,,203386,2652100,,,,,,
정보통신,정보통신공사업,5817,(주)서흥,,,170153,2651100,,,,,,
정보통신,정보통신공사업,5818,주식회사 케이에스시엔시,,,311457,2650700,,,,,,
정보통신,정보통신공사업,5819,브이에스이앤티(주),,,310792,2650200,,,,,,
정보통신,정보통신공사업,5820,와이즈넷(주),,,430204,2649900,,,,,,
정보통신,정보통신공사업,5821,기린전자 주식회사,,,203072,2649600,,,,,,
정보통신,정보통신공사업,5822,주식회사 베스트정보통신,,,630218,2648900,,,,,,
정보통신,정보통신공사업,5823,주식회사 극동이엔씨,,,113284,2648700,,,,,,
정보통신,정보통신공사업,5824,주식회사 프레이즈,,,420294,2648500,,,,,,
정보통신,정보통신공사업,5825,(주)남해전기,,,550160,2647900,,,,,,
정보통신,정보통신공사업,5826,케이티정보통신 주식회사,,,330230,2647700,,,,,,
정보통신,정보통신공사업,5827,(주)디지컴아이엔씨,,,200916,2647200,,,,,,
정보통신,정보통신공사업,5827,주식회사 한강네트웍스,,,540517,2647200,,,,,,
정보통신,정보통신공사업,5829,(주)그레이스정보통신,,,310166,2646900,,,,,,
정보통신,정보통신공사업,5830,시흥용사촌안흥합성 주식회사,,,312272,2645600,,,,,,
정보통신,정보통신공사업,5831,주식회사 비즈앤컴,,,350344,2645400,,,,,,
정보통신,정보통신공사업,5832,그린정보통신,,,310129,2645100,,,,,,
정보통신,정보통신공사업,5833,주식회사 디씨앤아이,,,130053,2642600,,,,,,
정보통신,정보통신공사업,5834,(주)동일그린시스,,,200955,2642000,,,,,,
정보통신,정보통신공사업,5835,(주)원정보통신,,,550144,2641000,,,,,,
정보통신,정보통신공사업,5835,주식회사 혜정정보기술,,,120127,2641000,,,,,,
정보통신,정보통신공사업,5837,아우시스템 주식회사,,,312099,2640900,,,,,,
정보통신,정보통신공사업,5838,하누리정보기술(주),,,113229,2639300,,,,,,
정보통신,정보통신공사업,5838,(유)건창통신,,,160121,2639300,,,,,,
정보통신,정보통신공사업,5840,주식회사 투비정보기술,,,311981,2637800,,,,,,
정보통신,정보통신공사업,5841,주식회사 대우네트웍스,,,550280,2635400,,,,,,
정보통신,정보통신공사업,5841,주식회사 더메이테크,,,320408,2635400,,,,,,
정보통신,정보통신공사업,5843,(주)넷마루,,,310553,2634400,,,,,,
정보통신,정보통신공사업,5843,(주)유림정보통신,,,550086,2634400,,,,,,
정보통신,정보통신공사업,5845,주식회사 지티이앤지,,,510364,2633700,,,,,,
정보통신,정보통신공사업,5846,남해조명전기,,,550237,2633200,,,,,,
정보통신,정보통신공사업,5847,(주)벽우,,,130017,2632300,,,,,,
정보통신,정보통신공사업,5848,(주)엔지엔테크(NGNTech),,,202315,2631600,,,,,,
정보통신,정보통신공사업,5849,주식회사 유진에스엔티,,,203084,2629400,,,,,,
정보통신,정보통신공사업,5850,주식회사 신일정보통신,,,140167,2629000,,,,,,
정보통신,정보통신공사업,5851,주식회사 동천전력,,,112865,2628700,,,,,,
정보통신,정보통신공사업,5852,(주)이젠네트웍스,,,330025,2628600,,,,,,
정보통신,정보통신공사업,5853,주식회사 비아이자이로,,,510765,2628400,,,,,,
정보통신,정보통신공사업,5854,주식회사 세화텔링크,,,112253,2626900,,,,,,
정보통신,정보통신공사업,5855,(주)코어링크,,,420097,2626500,,,,,,
정보통신,정보통신공사업,5856,우리정보,,,203923,2625700,,,,,,
정보통신,정보통신공사업,5857,(합)나라정보통신,,,130224,2625600,,,,,,
정보통신,정보통신공사업,5858,마루이엔씨,,,320312,2625500,,,,,,
정보통신,정보통신공사업,5859,휴먼테크,,,530265,2625300,,,,,,
정보통신,정보통신공사업,5860,이아이시텍(주),,,610051,2624500,,,,,,
정보통신,정보통신공사업,5861,(주)하나컴퓨터,,,113054,2622800,,,,,,
정보통신,정보통신공사업,5862,(주)동우커뮤니케이션,,,140162,2622600,,,,,,
정보통신,정보통신공사업,5863,트라이콤텍(주),,,201634,2622300,,,,,,
정보통신,정보통신공사업,5864,주식회사 에스에이,,,410246,2621900,,,,,,
정보통신,정보통신공사업,5865,(주)태영정보통신공사,,,111565,2621600,,,,,,
정보통신,정보통신공사업,5865,주식회사 모아소프트,,,203804,2621600,,,,,,
정보통신,정보통신공사업,5867,주식회사 에스엔에이,,,202781,2619000,,,,,,
정보통신,정보통신공사업,5868,주식회사 라이커든,,,320513,2618600,,,,,,
정보통신,정보통신공사업,5869,(주)엔이에스,,,310283,2618300,,,,,,
정보통신,정보통신공사업,5869,(주)이컴기술,,,350203,2618300,,,,,,
정보통신,정보통신공사업,5871,주식회사 기광전기,,,203253,2617800,,,,,,
정보통신,정보통신공사업,5872,오케이통신(주),,,310194,2617200,,,,,,
정보통신,정보통신공사업,5873,(주)범한네트웍스,,,510136,2616700,,,,,,
정보통신,정보통신공사업,5874,(주)성찬정보통신,,,110990,2616600,,,,,,
정보통신,정보통신공사업,5875,다진건설 주식회사,,,620222,2616200,,,,,,
정보통신,정보통신공사업,5876,주식회사 티엔피컴,,,311930,2615900,,,,,,
정보통신,정보통신공사업,5877,주식회사 소정정보통신,,,311483,2615700,,,,,,
정보통신,정보통신공사업,5878,(주)석미,,,330031,2615300,,,,,,
정보통신,정보통신공사업,5879,주식회사 크리웨이브이엔지,,,311655,2615200,,,,,,
정보통신,정보통신공사업,5880,"주식회사 윈즈 (Winz Co., Ltd.)",,,311412,2614400,,,,,,
정보통신,정보통신공사업,5881,주식회사 코어라이트,,,530108,2614200,,,,,,
정보통신,정보통신공사업,5882,지오넷 주식회사,,,120845,2613400,,,,,,
정보통신,정보통신공사업,5883,주식회사 이솜,,,430264,2611700,,,,,,
정보통신,정보통신공사업,5884,삼부토건(주),,,110298,2610400,,,,,,
정보통신,정보통신공사업,5885,유비아이티,,,113323,2609400,,,,,,
정보통신,정보통신공사업,5886,사성정보통신(주),,,410036,2608800,,,,,,
정보통신,정보통신공사업,5887,(주)포커스타임,,,201240,2608400,,,,,,
정보통신,정보통신공사업,5888,주식회사 바른씨에스,,,350555,2605900,,,,,,
정보통신,정보통신공사업,5889,주식회사 유니정보,,,203699,2604900,,,,,,
정보통신,정보통신공사업,5890,주식회사 비에이치통신,,,510684,2604700,,,,,,
정보통신,정보통신공사업,5891,주식회사 세광산업조명,,,312115,2602900,,,,,,
정보통신,정보통신공사업,5892,(주)동일전기이앤지,,,430179,2602300,,,,,,
정보통신,정보통신공사업,5893,주식회사 모닝아이티,,,540510,2601900,,,,,,
정보통신,정보통신공사업,5893,주식회사 티아이피,,,203473,2601900,,,,,,
정보통신,정보통신공사업,5895,동양인터엠,,,140467,2601800,,,,,,
정보통신,정보통신공사업,5896,(주)휴먼테크,,,310603,2600300,,,,,,
정보통신,정보통신공사업,5897,주식회사 대경정보통신,,,550340,2599900,,,,,,
정보통신,정보통신공사업,5898,주식회사 정토건설,,,610263,2599800,,,,,,
정보통신,정보통신공사업,5899,(주)아이티코,,,320299,2599600,,,,,,
정보통신,정보통신공사업,5900,신우산업 주식회사,,,630352,2599300,,,,,,
정보통신,정보통신공사업,5901,주식회사 경기종합통신,,,350282,2598400,,,,,,
정보통신,정보통신공사업,5902,주식회사 대성이앤지,,,410355,2597000,,,,,,
정보통신,정보통신공사업,5903,"주식회사 한국네트웍스(HANKOOK NETWORKS CO., LTD.)",,,200905,2596800,,,,,,
정보통신,정보통신공사업,5904,(주)태영아이씨티,,,520115,2596700,,,,,,
정보통신,정보통신공사업,5905,주식회사 클로버플러스,,,200106,2595300,,,,,,
정보통신,정보통신공사업,5906,마린전자상사,,,510272,2595000,,,,,,
정보통신,정보통신공사업,5907,(주)유비컴,,,320355,2594300,,,,,,
정보통신,정보통신공사업,5908,주식회사 태성아이오티,,,520147,2594200,,,,,,
정보통신,정보통신공사업,5909,주식회사 아이티써미트,,,440070,2592900,,,,,,
정보통신,정보통신공사업,5910,(주)강원브레닉스,,,330173,2592400,,,,,,
정보통신,정보통신공사업,5911,(주)신석,,,202128,2592000,,,,,,
정보통신,정보통신공사업,5911,(주)금강정보,,,130312,2592000,,,,,,
정보통신,정보통신공사업,5913,주식회사 풀빛네트웍,,,310156,2591900,,,,,,
정보통신,정보통신공사업,5914,인프리콘(주),,,510185,2591800,,,,,,
정보통신,정보통신공사업,5915,주식회사 케이엠파크,,,312307,2590300,,,,,,
정보통신,정보통신공사업,5916,주식회사 동아씨엔아이,,,110041,2590200,,,,,,
정보통신,정보통신공사업,5917,주식회사 씨엠지,,,203841,2589700,,,,,,
정보통신,정보통신공사업,5918,(주)해창건설,,,310542,2589500,,,,,,
정보통신,정보통신공사업,5919,주식회사 퍼스트텍,,,311474,2589400,,,,,,
정보통신,정보통신공사업,5920,주식회사 에스에스전력,,,330159,2588400,,,,,,
정보통신,정보통신공사업,5921,주식회사 모아데이타,,,311890,2588300,,,,,,
정보통신,정보통신공사업,5922,주식회사 다인글로벌산업개발,,,320391,2587600,,,,,,
정보통신,정보통신공사업,5923,신현대텔레콤(주),,,520072,2587500,,,,,,
정보통신,정보통신공사업,5924,주식회사 엔에스정보시스템,,,540426,2586400,,,,,,
정보통신,정보통신공사업,5925,(주)지오씨엔아이,,,540178,2585300,,,,,,
정보통신,정보통신공사업,5926,(주)알엠에이,,,510382,2585100,,,,,,
정보통신,정보통신공사업,5927,월드정보통신,,,550092,2584900,,,,,,
정보통신,정보통신공사업,5928,주식회사 엔비시스템,,,350455,2584400,,,,,,
정보통신,정보통신공사업,5929,(주)도울정보기술,,,510601,2583800,,,,,,
정보통신,정보통신공사업,5930,주식회사 예스,,,540275,2583100,,,,,,
정보통신,정보통신공사업,5931,(주)일주지앤에스,,,510352,2582600,,,,,,
정보통신,정보통신공사업,5932,(주)크루메이트,,,202762,2582100,,,,,,
정보통신,정보통신공사업,5932,주식회사 엔소프트,,,520186,2582100,,,,,,
정보통신,정보통신공사업,5934,한국이미지시스템(주),,,120816,2582000,,,,,,
정보통신,정보통신공사업,5935,주식회사 해비치이앤티,,,111949,2581800,,,,,,
정보통신,정보통신공사업,5935,(주)스위트케이,,,312210,2581800,,,,,,
정보통신,정보통신공사업,5935,(주)아진테크노피아,,,630002,2581800,,,,,,
정보통신,정보통신공사업,5938,주식회사 파란시스템,,,610285,2581500,,,,,,
정보통신,정보통신공사업,5939,주식회사 타스통신,,,204066,2581000,,,,,,
정보통신,정보통신공사업,5940,늘푸른통신,,,120253,2578800,,,,,,
정보통신,정보통신공사업,5941,아이티솔루션주식회사,,,530396,2578600,,,,,,
정보통신,정보통신공사업,5942,주식회사 보람,,,410291,2578500,,,,,,
정보통신,정보통신공사업,5943,(주)승일전력산업,,,202417,2577600,,,,,,
정보통신,정보통신공사업,5944,(주)명성하이텍,,,510199,2576900,,,,,,
정보통신,정보통신공사업,5945,위팩트(WIFECT),,,550262,2576700,,,,,,
정보통신,정보통신공사업,5946,(주)조은시스템,,,540321,2576400,,,,,,
정보통신,정보통신공사업,5947,(주)하나기전,,,410156,2576200,,,,,,
정보통신,정보통신공사업,5948,한국방송통신(주),,,140120,2576000,,,,,,
정보통신,정보통신공사업,5949,보승개발(주),,,170032,2575600,,,,,,
정보통신,정보통신공사업,5950,(주)일호정보통신,,,420158,2575400,,,,,,
정보통신,정보통신공사업,5951,뱅크웨어글로벌 주식회사,,,202878,2574700,,,,,,
정보통신,정보통신공사업,5952,주식회사 샤론테크,,,620339,2574000,,,,,,
정보통신,정보통신공사업,5952,아이엔티정보통신,,,540185,2574000,,,,,,
정보통신,정보통신공사업,5954,주식회사 태원기술정보,,,550465,2573200,,,,,,
정보통신,정보통신공사업,5955,진성항해통신,,,510362,2573000,,,,,,
정보통신,정보통신공사업,5955,주식회사 에프원시큐리티 (F1 Security Inc.),,,203922,2573000,,,,,,
정보통신,정보통신공사업,5957,(주)에프앤에프네트웍스,,,610410,2572700,,,,,,
정보통신,정보통신공사업,5958,주식회사 진성기전,,,520198,2572600,,,,,,
정보통신,정보통신공사업,5959,주식회사 남양이. 엔. 지,,,420311,2572500,,,,,,
정보통신,정보통신공사업,5960,(주)이스텍,,,200917,2572200,,,,,,
정보통신,정보통신공사업,5961,가아전기(주),,,330052,2572100,,,,,,
정보통신,정보통신공사업,5962,에이스이엔지 주식회사,,,420491,2571700,,,,,,
정보통신,정보통신공사업,5963,(주)광명정보통신,,,150427,2571200,,,,,,
정보통신,정보통신공사업,5964,주식회사 투아이스,,,202865,2570200,,,,,,
정보통신,정보통신공사업,5965,(주)포스코에이앤씨건축사사무소,,,200680,2569800,,,,,,
정보통신,정보통신공사업,5966,(주)성강통신기술사사무소,,,110137,2569700,,,,,,
정보통신,정보통신공사업,5967,디에이치정보 주식회사,,,203179,2569600,,,,,,
정보통신,정보통신공사업,5968,주식회사 시원,,,610349,2569200,,,,,,
정보통신,정보통신공사업,5969,주식회사 디오에프,,,350348,2569100,,,,,,
정보통신,정보통신공사업,5970,(주)방주전기,,,510335,2568600,,,,,,
정보통신,정보통신공사업,5971,옥천사무기,,,430010,2567000,,,,,,
정보통신,정보통신공사업,5972,(주)와이즈콘,,,311505,2566500,,,,,,
정보통신,정보통신공사업,5973,케비스전자(주),,,311410,2566000,,,,,,
정보통신,정보통신공사업,5974,(주)토마토시스템,,,202616,2564800,,,,,,
정보통신,정보통신공사업,5975,유림씨스템통신(주),,,112638,2564300,,,,,,
정보통신,정보통신공사업,5976,주식회사 세기,,,550132,2564200,,,,,,
정보통신,정보통신공사업,5977,(주)제이앤비,,,610193,2564100,,,,,,
정보통신,정보통신공사업,5978,일통정보(주),,,430125,2563600,,,,,,
정보통신,정보통신공사업,5978,난방산업(주),,,202421,2563600,,,,,,
정보통신,정보통신공사업,5980,주식회사 솔라테크,,,312666,2562400,,,,,,
정보통신,정보통신공사업,5981,주식회사 피씨로,,,311742,2562300,,,,,,
정보통신,정보통신공사업,5981,한일통신 주식회사,,,330189,2562300,,,,,,
정보통신,정보통신공사업,5983,주식회사 일성정보통신,,,550362,2562200,,,,,,
정보통신,정보통신공사업,5984,주식회사 이우아이엔씨,,,120445,2562100,,,,,,
정보통신,정보통신공사업,5985,한서정보통신(주),,,640053,2561900,,,,,,
정보통신,정보통신공사업,5986,(주)고려안전,,,130270,2561200,,,,,,
정보통신,정보통신공사업,5987,가인정보시스템,,,530218,2559800,,,,,,
정보통신,정보통신공사업,5988,주식회사 대야에스디,,,112747,2558800,,,,,,
정보통신,정보통신공사업,5988,주식회사 지엠티엔지니어링,,,510687,2558800,,,,,,
정보통신,정보통신공사업,5990,주식회사 세상,,,320443,2558200,,,,,,
정보통신,정보통신공사업,5991,일송 주식회사,,,640006,2558100,,,,,,
정보통신,정보통신공사업,5992,주식회사 감마미디어정보통신,,,510629,2557100,,,,,,
정보통신,정보통신공사업,5993,주식회사 이레이앤씨,,,110071,2556800,,,,,,
정보통신,정보통신공사업,5993,주식회사 이에이엔테크놀로지,,,203427,2556800,,,,,,
정보통신,정보통신공사업,5995,(주)광파통신,,,170172,2556200,,,,,,
정보통신,정보통신공사업,5996,(주)조은정보통신,,,130519,2555400,,,,,,
정보통신,정보통신공사업,5997,주식회사 신한아이피에스,,,510693,2554400,,,,,,
정보통신,정보통신공사업,5998,(주)진성정보통신,,,510613,2554100,,,,,,
정보통신,정보통신공사업,5998,(주)네오정보기술,,,530080,2554100,,,,,,
정보통신,정보통신공사업,6000,(유)이솜정보통신,,,630284,2553600,,,,,,
정보통신,정보통신공사업,6001,주식회사 비바,,,320465,2551800,,,,,,
정보통신,정보통신공사업,6002,(주)나노텔레콤,,,140397,2551300,,,,,,
정보통신,정보통신공사업,6003,태웅이엔에스(주),,,130423,2550900,,,,,,
정보통신,정보통신공사업,6004,진성정보기술,,,201551,2550300,,,,,,
정보통신,정보통신공사업,6005,(주)미래정보,,,620159,2550000,,,,,,
정보통신,정보통신공사업,6006,(주)태영텔레콤,,,550110,2548600,,,,,,
정보통신,정보통신공사업,6007,(주)아이씨쥐,,,320203,2548300,,,,,,
정보통신,정보통신공사업,6008,한길정보통신 주식회사,,,610290,2547100,,,,,,
정보통신,정보통신공사업,6009,(주)월드린시스템즈,,,111856,2547000,,,,,,
정보통신,정보통신공사업,6010,주식회사 모리아정보통신,,,350462,2546500,,,,,,
정보통신,정보통신공사업,6011,동문건설 주식회사,,,203390,2546000,,,,,,
정보통신,정보통신공사업,6012,우리아이티에스(주),,,550163,2545900,,,,,,
정보통신,정보통신공사업,6013,주식회사 그레이스컴퍼니,,,350251,2543500,,,,,,
정보통신,정보통신공사업,6014,다온정보기술 주식회사,,,610310,2543400,,,,,,
정보통신,정보통신공사업,6015,주식회사 에이에스티홀딩스,,,312511,2542700,,,,,,
정보통신,정보통신공사업,6016,신우아이앤에스,,,430113,2542500,,,,,,
정보통신,정보통신공사업,6017,주식회사 엔케이시스템,,,312269,2541100,,,,,,
정보통신,정보통신공사업,6018,신호전자통신,,,130358,2539900,,,,,,
정보통신,정보통신공사업,6019,주식회사 아이엠,,,610444,2539400,,,,,,
정보통신,정보통신공사업,6020,주식회사 케이티피앤엠,,,312530,2538300,,,,,,
정보통신,정보통신공사업,6021,(주)애니베스트,,,202006,2538100,,,,,,
정보통신,정보통신공사업,6022,청우디지털정보통신,,,530332,2537100,,,,,,
정보통신,정보통신공사업,6022,주식회사 에이치와이이앤씨,,,120578,2537100,,,,,,
정보통신,정보통신공사업,6024,펜타시스템테크놀러지(주),,,201717,2536700,,,,,,
정보통신,정보통신공사업,6025,주식회사 에프엠이엔지(FMEnG),,,312044,2536600,,,,,,
정보통신,정보통신공사업,6026,(주)선광기전,,,311105,2535700,,,,,,
정보통신,정보통신공사업,6026,주식회사 제이정보통신,,,150620,2535700,,,,,,
정보통신,정보통신공사업,6028,(주)그린정보통신,,,520074,2535500,,,,,,
정보통신,정보통신공사업,6029,"에이비넷 주식회사 (ABnet Co., Ltd.)",,,202892,2535000,,,,,,
정보통신,정보통신공사업,6030,주식회사 태성아이앤씨,,,350586,2534200,,,,,,
정보통신,정보통신공사업,6031,(주)남호테크,,,640032,2534100,,,,,,
정보통신,정보통신공사업,6032,나로텔레콤(주),,,440004,2532900,,,,,,
정보통신,정보통신공사업,6033,KS전기제어,,,420425,2529900,,,,,,
정보통신,정보통신공사업,6034,신비텍,,,550397,2529500,,,,,,
정보통신,정보통신공사업,6035,(주)경동원,,,201641,2528300,,,,,,
정보통신,정보통신공사업,6035,(주)금천산업개발,,,540199,2528300,,,,,,
정보통신,정보통신공사업,6037,강산건설(주),,,111354,2527800,,,,,,
정보통신,정보통신공사업,6038,"주식회사 넥스톤(NEXTONE Co., Ltd.)",,,203581,2527700,,,,,,
정보통신,정보통신공사업,6039,(주)메가서브,,,201837,2527300,,,,,,
정보통신,정보통신공사업,6040,(주)유민에쓰티,,,310911,2527100,,,,,,
정보통신,정보통신공사업,6041,(주)성창전기,,,530131,2526400,,,,,,
정보통신,정보통신공사업,6042,신성통신(주),,,150055,2524600,,,,,,
정보통신,정보통신공사업,6043,다모정보통신(주),,,130493,2523800,,,,,,
정보통신,정보통신공사업,6044,동명아이티(주),,,540088,2523300,,,,,,
정보통신,정보통신공사업,6045,씨더블유정보통신(주),,,510303,2523200,,,,,,
정보통신,정보통신공사업,6046,주식회사 정호디에스,,,203380,2523000,,,,,,
정보통신,정보통신공사업,6047,주식회사 나로정보통신,,,420426,2521900,,,,,,
정보통신,정보통신공사업,6048,주식회사 비앤스산업,,,420249,2521600,,,,,,
정보통신,정보통신공사업,6049,(주)넥타르소프트,,,201082,2521500,,,,,,
정보통신,정보통신공사업,6050,주식회사 오엔시스템즈,,,203725,2520500,,,,,,
정보통신,정보통신공사업,6051,대건정보통신,,,150516,2520300,,,,,,
정보통신,정보통신공사업,6052,(주)대한전기,,,110748,2519200,,,,,,
정보통신,정보통신공사업,6053,태양정보통신(주),,,410181,2519000,,,,,,
정보통신,정보통신공사업,6054,한국위성시스템(주),,,610127,2518500,,,,,,
정보통신,정보통신공사업,6055,주식회사 코어전기통신,,,311717,2518100,,,,,,
정보통신,정보통신공사업,6055,휴테크엘이디 유한회사,,,620262,2518100,,,,,,
정보통신,정보통신공사업,6057,하나로넷(주),,,110680,2517900,,,,,,
정보통신,정보통신공사업,6058,이텍솔루션,,,530309,2517500,,,,,,
정보통신,정보통신공사업,6059,주식회사 가나안정보통신,,,311283,2517100,,,,,,
정보통신,정보통신공사업,6060,오션파워콤(주),,,111369,2516900,,,,,,
정보통신,정보통신공사업,6061,(주)이지텍,,,510132,2514600,,,,,,
정보통신,정보통신공사업,6062,주식회사 도하미디어텍,,,410369,2514200,,,,,,
정보통신,정보통신공사업,6063,(주)태광전력,,,530389,2514100,,,,,,
정보통신,정보통신공사업,6063,(주)씨아이앤씨,,,510138,2514100,,,,,,
정보통신,정보통신공사업,6063,주식회사 에스엠일렉트릭,,,530411,2514100,,,,,,
정보통신,정보통신공사업,6066,삼호통신(주),,,150251,2513200,,,,,,
정보통신,정보통신공사업,6067,주식회사 다일시스템,,,610284,2513000,,,,,,
정보통신,정보통신공사업,6067,(주)태성정보기술,,,540138,2513000,,,,,,
정보통신,정보통신공사업,6069,미래정보통신,,,350115,2511800,,,,,,
정보통신,정보통신공사업,6070,주식회사 케이씨이이앤씨,,,203576,2510600,,,,,,
정보통신,정보통신공사업,6071,주식회사 핸텍,,,420422,2509500,,,,,,
정보통신,정보통신공사업,6072,효한전기 주식회사,,,510754,2508800,,,,,,
정보통신,정보통신공사업,6073,수미디어,,,550268,2508600,,,,,,
정보통신,정보통신공사업,6074,신화소방(주),,,311702,2507000,,,,,,
정보통신,정보통신공사업,6075,태웅미디어(주),,,110827,2506600,,,,,,
정보통신,정보통신공사업,6076,이지정보통신,,,510541,2505900,,,,,,
정보통신,정보통신공사업,6077,주식회사 하이브랜드,,,320527,2505700,,,,,,
정보통신,정보통신공사업,6077,주식회사 이즈소프트,,,620322,2505700,,,,,,
정보통신,정보통신공사업,6079,로지시스템(주),,,311102,2503900,,,,,,
정보통신,정보통신공사업,6080,(주)고페르 아이티,,,311422,2503600,,,,,,
정보통신,정보통신공사업,6081,주식회사 유동,,,170165,2503400,,,,,,
정보통신,정보통신공사업,6082,주식회사 네오윈,,,520192,2502700,,,,,,
정보통신,정보통신공사업,6083,(주)대명기전,,,440028,2501900,,,,,,
정보통신,정보통신공사업,6084,(주)모든정보통신,,,540226,2501100,,,,,,
정보통신,정보통신공사업,6085,(주)다산지앤지,,,112618,2501000,,,,,,
정보통신,정보통신공사업,6086,한국정보공학(주),,,111432,2500500,,,,,,
정보통신,정보통신공사업,6087,주식회사 리더캠,,,510704,2500400,,,,,,
정보통신,정보통신공사업,6088,주식회사 우영아이티,,,510755,2500200,,,,,,
정보통신,정보통신공사업,6088,(주)명문이엔지,,,510368,2500200,,,,,,
정보통신,정보통신공사업,6090,(주)태경전기,,,510442,2499900,,,,,,
정보통신,정보통신공사업,6091,인터엠미디어텍,,,430189,2499400,,,,,,
정보통신,정보통신공사업,6092,"주식회사 킴스프로젝트(Kimsproject Co.,Ltd)",,,203456,2498900,,,,,,
정보통신,정보통신공사업,6093,주식회사 트리바이브,,,312524,2498500,,,,,,
정보통신,정보통신공사업,6094,주식회사 스카이텍,,,330216,2498300,,,,,,
정보통신,정보통신공사업,6095,대림통신(주),,,120340,2497900,,,,,,
정보통신,정보통신공사업,6096,주식회사 유승건설,,,320189,2497100,,,,,,
정보통신,정보통신공사업,6097,(주)제이케이씨큐리티,,,430198,2496700,,,,,,
정보통신,정보통신공사업,6097,주식회사 테크제이솔루션,,,203385,2496700,,,,,,
정보통신,정보통신공사업,6099,호준전업(주),,,610070,2496400,,,,,,
정보통신,정보통신공사업,6100,진솔이앤에스(주),,,202058,2495500,,,,,,
정보통신,정보통신공사업,6101,부광통신(주),,,510243,2494900,,,,,,
정보통신,정보통신공사업,6102,주식회사 알앤씨미디어,,,203567,2494700,,,,,,
정보통신,정보통신공사업,6102,"주식회사 엔엑스(NX Co., Ltd.)",,,520156,2494700,,,,,,
정보통신,정보통신공사업,6104,토탈정보통신,,,320279,2494500,,,,,,
정보통신,정보통신공사업,6105,유한회사 서현기전,,,610289,2494400,,,,,,
정보통신,정보통신공사업,6106,주식회사 거양이앤씨,,,610001,2492800,,,,,,
정보통신,정보통신공사업,6107,주식회사 바름,,,420381,2492600,,,,,,
정보통신,정보통신공사업,6108,주식회사 기가시스템,,,320431,2492400,,,,,,
정보통신,정보통신공사업,6108,대성정보통신(주),,,170183,2492400,,,,,,
정보통신,정보통신공사업,6110,(주)오라테크,,,410297,2492000,,,,,,
정보통신,정보통신공사업,6111,(주)일산,,,610185,2491900,,,,,,
정보통신,정보통신공사업,6112,일진이앤씨 주식회사,,,312008,2491700,,,,,,
정보통신,정보통신공사업,6113,주식회사 남경텔레콤,,,312379,2491000,,,,,,
정보통신,정보통신공사업,6114,(주)예원정보통신,,,113362,2489800,,,,,,
정보통신,정보통신공사업,6115,(주)지에스이엔지,,,430156,2489600,,,,,,
정보통신,정보통신공사업,6116,주식회사 장인기술단,,,510787,2488900,,,,,,
정보통신,정보통신공사업,6117,(주)대호아이앤티,,,550168,2488300,,,,,,
정보통신,정보통신공사업,6118,주식회사 에이스미디어,,,510744,2486900,,,,,,
정보통신,정보통신공사업,6119,(주)삼일이엔씨,,,430206,2486700,,,,,,
정보통신,정보통신공사업,6120,(주)티엔아이정보,,,310737,2486600,,,,,,
정보통신,정보통신공사업,6121,주식회사 피플가드,,,311933,2486300,,,,,,
정보통신,정보통신공사업,6122,태영전자(주),,,640043,2486100,,,,,,
정보통신,정보통신공사업,6123,(주)태영에스엔에스,,,200380,2485100,,,,,,
정보통신,정보통신공사업,6124,(주)코맥스디에스씨,,,111707,2484600,,,,,,
정보통신,정보통신공사업,6125,주식회사 동일아이씨티,,,311442,2484400,,,,,,
정보통신,정보통신공사업,6126,(주)삼보통신,,,150430,2484300,,,,,,
정보통신,정보통신공사업,6127,금하개발(주),,,200981,2484200,,,,,,
정보통신,정보통신공사업,6128,주식회사 대양미디어통신,,,120592,2484000,,,,,,
정보통신,정보통신공사업,6129,대건통신(주),,,530339,2483200,,,,,,
정보통신,정보통신공사업,6130,주식회사 케이넷,,,312066,2481700,,,,,,
정보통신,정보통신공사업,6131,미르이디에스 주식회사,,,312292,2481600,,,,,,
정보통신,정보통신공사업,6132,한국전설(주),,,130207,2481500,,,,,,
정보통신,정보통신공사업,6132,율림테크 주식회사,,,311976,2481500,,,,,,
정보통신,정보통신공사업,6134,(주)올댓이엔티,,,113069,2479900,,,,,,
정보통신,정보통신공사업,6135,(주)하이앤텍,,,311501,2478500,,,,,,
정보통신,정보통신공사업,6136,(주)프리네트시스템,,,202074,2478000,,,,,,
정보통신,정보통신공사업,6137,(주)제이엠시스,,,202057,2477300,,,,,,
정보통신,정보통신공사업,6138,(주)이지전력,,,201053,2476700,,,,,,
정보통신,정보통신공사업,6139,튜브솔루션(주),,,550297,2476400,,,,,,
정보통신,정보통신공사업,6139,주식회사 서현,,,350252,2476400,,,,,,
정보통신,정보통신공사업,6141,(주)하몬소프트,,,202298,2474800,,,,,,
정보통신,정보통신공사업,6142,(주)이음정보통신,,,420051,2474200,,,,,,
정보통신,정보통신공사업,6143,주식회사 휴미디어,,,311802,2474000,,,,,,
정보통신,정보통신공사업,6144,(주)한국스카다,,,112177,2473000,,,,,,
정보통신,정보통신공사업,6145,(주)금일이앤티,,,540260,2472900,,,,,,
정보통신,정보통신공사업,6146,"주식회사 씨큐아이티(SECUIT Co.,Ltd.)",,,350528,2472000,,,,,,
정보통신,정보통신공사업,6147,주식회사 신호,,,610502,2471800,,,,,,
정보통신,정보통신공사업,6148,영일정보통신(주),,,110836,2471200,,,,,,
정보통신,정보통신공사업,6149,선진통신,,,130318,2470700,,,,,,
정보통신,정보통신공사업,6150,주식회사 화인씨앤엠,,,520143,2469300,,,,,,
정보통신,정보통신공사업,6151,주식회사 인포센,,,320350,2468800,,,,,,
정보통신,정보통신공사업,6152,주식회사 리드앤텍,,,510696,2467600,,,,,,
정보통신,정보통신공사업,6153,주식회사 비앤아이테크,,,202820,2466700,,,,,,
정보통신,정보통신공사업,6154,주식회사 현대씨엠,,,510313,2465600,,,,,,
정보통신,정보통신공사업,6155,드림에스앤아이,,,550328,2465000,,,,,,
정보통신,정보통신공사업,6156,(주)씨엔피테크,,,200286,2464300,,,,,,
정보통신,정보통신공사업,6157,세아전기 주식회사,,,550173,2463400,,,,,,
정보통신,정보통신공사업,6158,합자회사 일진정보,,,130357,2463000,,,,,,
정보통신,정보통신공사업,6159,세원엔디이 주식회사,,,312396,2462600,,,,,,
정보통신,정보통신공사업,6160,(주)플라넷정보통신,,,150662,2461600,,,,,,
정보통신,정보통신공사업,6161,주식회사 남선알미늄,,,550044,2460800,,,,,,
정보통신,정보통신공사업,6162,엘에스케이전자통신(주),,,311109,2458500,,,,,,
정보통신,정보통신공사업,6163,주식회사 그레이트,,,311992,2457900,,,,,,
정보통신,정보통신공사업,6164,주식회사 나라정보,,,311878,2457800,,,,,,
정보통신,정보통신공사업,6165,주식회사 시큐어이즈,,,440059,2457600,,,,,,
정보통신,정보통신공사업,6165,세원아이티(주),,,201878,2457600,,,,,,
정보통신,정보통신공사업,6167,주식회사 제이에스텍,,,410391,2457500,,,,,,
정보통신,정보통신공사업,6168,주식회사 이음아이씨티,,,420446,2455700,,,,,,
정보통신,정보통신공사업,6169,주식회사 두굿이엔지,,,201601,2455200,,,,,,
정보통신,정보통신공사업,6170,(주)신성정보기술,,,150257,2455100,,,,,,
정보통신,정보통신공사업,6171,유테크 주식회사,,,201219,2454700,,,,,,
정보통신,정보통신공사업,6172,에스지디지털(주),,,310926,2454600,,,,,,
정보통신,정보통신공사업,6172,"주식회사 비엔아이엔씨(BN I&C Co., Ltd)",,,203580,2454600,,,,,,
정보통신,정보통신공사업,6172,주식회사 퍼스트정보,,,204008,2454600,,,,,,
정보통신,정보통신공사업,6175,주식회사 자람정보기술,,,640080,2454500,,,,,,
정보통신,정보통신공사업,6176,주식회사 카카오엔터프라이즈,,,311995,2452000,,,,,,
정보통신,정보통신공사업,6177,(주)제타솔루션즈,,,430219,2451500,,,,,,
정보통신,정보통신공사업,6177,주식회사 케이아이티앤씨,,,203553,2451500,,,,,,
정보통신,정보통신공사업,6179,스토리엔네트웍스(주),,,530169,2451300,,,,,,
정보통신,정보통신공사업,6180,큐보스 주식회사,,,202882,2451000,,,,,,
정보통신,정보통신공사업,6181,(주)아이링크,,,530240,2449100,,,,,,
정보통신,정보통신공사업,6182,주식회사 금상테크,,,312035,2448900,,,,,,
정보통신,정보통신공사업,6183,(주)에스에스시스템,,,620206,2448800,,,,,,
정보통신,정보통신공사업,6184,주식회사 이루시스,,,120106,2448500,,,,,,
정보통신,정보통신공사업,6185,주식회사 동강네트웍스,,,520194,2448300,,,,,,
정보통신,정보통신공사업,6185,텔콤,,,550064,2448300,,,,,,
정보통신,정보통신공사업,6187,주식회사 국민전기통신,,,330191,2448000,,,,,,
정보통신,정보통신공사업,6188,주식회사 케이탑정보기술,,,312560,2447400,,,,,,
정보통신,정보통신공사업,6189,스피드텔레콤,,,510263,2446900,,,,,,
정보통신,정보통신공사업,6190,주식회사 스윙크,,,204106,2446000,,,,,,
정보통신,정보통신공사업,6191,주식회사 메이커스테크놀로지,,,203933,2445600,,,,,,
정보통신,정보통신공사업,6191,(주)은성정보통신,,,120459,2445600,,,,,,
정보통신,정보통신공사업,6193,주식회사 이동의즐거움,,,310663,2445500,,,,,,
정보통신,정보통신공사업,6193,"주식회사 시너지온(SYNERGION Co., LTD.)",,,204058,2445500,,,,,,
정보통신,정보통신공사업,6193,(주)비시텍코리아,,,201276,2445500,,,,,,
정보통신,정보통신공사업,6196,디엠아이티(주),,,150339,2445000,,,,,,
정보통신,정보통신공사업,6197,(주)성현정보통신,,,140144,2443000,,,,,,
정보통신,정보통신공사업,6198,주식회사 에스이엔지,,,550271,2442800,,,,,,
정보통신,정보통신공사업,6198,디케이엔에스(주),,,550308,2442800,,,,,,
정보통신,정보통신공사업,6200,(주)상현엔지니어링,,,202604,2441500,,,,,,
정보통신,정보통신공사업,6201,삼성전기산업(주),,,202790,2441400,,,,,,
정보통신,정보통신공사업,6202,주식회사 더원네트웍스,,,620396,2441200,,,,,,
정보통신,정보통신공사업,6203,경인엔지니어링(주),,,112223,2441100,,,,,,
정보통신,정보통신공사업,6204,(주)제일데이타에듀케이션,,,200023,2440500,,,,,,
정보통신,정보통신공사업,6205,(주)젠시스,,,201972,2440200,,,,,,
정보통신,정보통신공사업,6206,주식회사 미르아이티,,,320489,2440000,,,,,,
정보통신,정보통신공사업,6207,나시스 주식회사(NaSys Inc.),,,312057,2439600,,,,,,
정보통신,정보통신공사업,6208,(주)태원테크,,,120734,2439300,,,,,,
정보통신,정보통신공사업,6208,(주)한성아이티엘,,,200892,2439300,,,,,,
정보통신,정보통신공사업,6210,엔지엘(주),,,510511,2438900,,,,,,
정보통신,정보통신공사업,6211,(주)로지시스,,,111497,2437900,,,,,,
정보통신,정보통신공사업,6212,(주)핌,,,311560,2437100,,,,,,
정보통신,정보통신공사업,6213,주식회사 더원정보통신,,,311542,2437000,,,,,,
정보통신,정보통신공사업,6214,주식회사 예진이엔씨,,,310039,2435800,,,,,,
정보통신,정보통신공사업,6215,은재정보통신,,,520162,2435200,,,,,,
정보통신,정보통신공사업,6216,(주)제이엠,,,540236,2434500,,,,,,
정보통신,정보통신공사업,6217,다스텍 주식회사,,,530370,2432900,,,,,,
정보통신,정보통신공사업,6218,주식회사 한신전기,,,540264,2431800,,,,,,
정보통신,정보통신공사업,6219,(주)제이더블유엠,,,540142,2431500,,,,,,
정보통신,정보통신공사업,6219,예산삼성컴퓨터,,,410058,2431500,,,,,,
정보통신,정보통신공사업,6221,(주)유벤어스,,,120768,2431200,,,,,,
정보통신,정보통신공사업,6222,주식회사 연홍개발,,,320439,2430600,,,,,,
정보통신,정보통신공사업,6223,티앤에스정보통신 주식회사,,,330199,2430500,,,,,,
정보통신,정보통신공사업,6224,(주)영의,,,510434,2430300,,,,,,
정보통신,정보통신공사업,6225,(주)아이티포스,,,510435,2429600,,,,,,
정보통신,정보통신공사업,6225,(주)미도이앤씨,,,150038,2429600,,,,,,
정보통신,정보통신공사업,6227,주식회사 프라임컨트롤,,,350551,2429100,,,,,,
정보통신,정보통신공사업,6227,주식회사 하이브원,,,312434,2429100,,,,,,
정보통신,정보통신공사업,6229,동광정보통신(주),,,170120,2427500,,,,,,
정보통신,정보통신공사업,6230,주식회사 아이원이엔씨,,,113473,2427300,,,,,,
정보통신,정보통신공사업,6231,(주)다산통신,,,540132,2427200,,,,,,
정보통신,정보통신공사업,6232,(주)지엔아이,,,350182,2426800,,,,,,
정보통신,정보통신공사업,6233,(주)신우일렉스,,,113177,2425400,,,,,,
정보통신,정보통신공사업,6234,주식회사 세종정보통신,,,111349,2425100,,,,,,
정보통신,정보통신공사업,6235,정원전설(주),,,530134,2424900,,,,,,
정보통신,정보통신공사업,6236,한국전자통신,,,111664,2424700,,,,,,
정보통신,정보통신공사업,6237,청암엔지니어링,,,311719,2423500,,,,,,
정보통신,정보통신공사업,6238,(주)링크로드씨앤씨,,,330029,2423300,,,,,,
정보통신,정보통신공사업,6239,키마시스템즈(주),,,202654,2423000,,,,,,
정보통신,정보통신공사업,6240,고려이엔티(주),,,430060,2422900,,,,,,
정보통신,정보통신공사업,6241,(주)에스에이치네트워크,,,330005,2422600,,,,,,
정보통신,정보통신공사업,6242,샬롬엔지니어링(주),,,110985,2422300,,,,,,
정보통신,정보통신공사업,6243,세담아이엔씨 주식회사,,,204108,2422000,,,,,,
정보통신,정보통신공사업,6244,남광전기(주),,,510011,2420000,,,,,,
정보통신,정보통신공사업,6245,주식회사 해찬시스템,,,320458,2419800,,,,,,
정보통신,정보통신공사업,6245,주식회사 주왕산업,,,630075,2419800,,,,,,
정보통신,정보통신공사업,6247,(주)인성시스템,,,620114,2419400,,,,,,
정보통신,정보통신공사업,6248,(주)아이티정보통신,,,420063,2419000,,,,,,
정보통신,정보통신공사업,6249,(주)대성전기통신,,,630377,2418100,,,,,,
정보통신,정보통신공사업,6250,(주)선진텔레콤,,,510032,2417800,,,,,,
정보통신,정보통신공사업,6251,쿨사인(주),,,202532,2417100,,,,,,
정보통신,정보통신공사업,6252,(주)성산전기통신,,,130508,2417000,,,,,,
정보통신,정보통신공사업,6253,주식회사 유리시스템즈,,,420101,2416700,,,,,,
정보통신,정보통신공사업,6254,주식회사 동아종합전력,,,203849,2416200,,,,,,
정보통신,정보통신공사업,6255,(주)대성무선,,,430241,2416000,,,,,,
정보통신,정보통신공사업,6256,"에이원게이트 주식회사(A1 GATE,, CO.)",,,201737,2415500,,,,,,
정보통신,정보통신공사업,6257,주식회사 소프트원,,,203850,2415200,,,,,,
정보통신,정보통신공사업,6258,구미이앤티(주),,,540145,2415000,,,,,,
정보통신,정보통신공사업,6259,"주식회사 인티큐브 (Inticube Co., Ltd.)",,,110829,2414700,,,,,,
정보통신,정보통신공사업,6260,(주)태양전기통신,,,550166,2414600,,,,,,
정보통신,정보통신공사업,6261,주식회사 코탁스,,,203615,2414200,,,,,,
정보통신,정보통신공사업,6262,바로이엔티 주식회사,,,110660,2414100,,,,,,
정보통신,정보통신공사업,6263,(주)세종네트웍스,,,311570,2413900,,,,,,
정보통신,정보통신공사업,6264,신원전자,,,111384,2413600,,,,,,
정보통신,정보통신공사업,6265,다임정보통신기술(주),,,110384,2413400,,,,,,
정보통신,정보통신공사업,6266,영주인켈정보통신 주식회사,,,540175,2412200,,,,,,
정보통신,정보통신공사업,6267,청명이엔지 주식회사,,,203532,2412000,,,,,,
정보통신,정보통신공사업,6268,(주)동남시스템즈,,,350293,2410900,,,,,,
정보통신,정보통신공사업,6269,(주)송원이앤씨,,,310734,2410700,,,,,,
정보통신,정보통신공사업,6270,명진아이씨티 주식회사(MyeongJinICT Corp.),,,550464,2410500,,,,,,
정보통신,정보통신공사업,6271,주식회사 성진시스템,,,510538,2409800,,,,,,
정보통신,정보통신공사업,6272,(주)태광통신,,,120008,2408200,,,,,,
정보통신,정보통신공사업,6273,건웅신호산전(주),,,111907,2408100,,,,,,
정보통신,정보통신공사업,6274,주식회사 아이디에스,,,312337,2407700,,,,,,
정보통신,정보통신공사업,6275,(주)남일,,,120825,2406900,,,,,,
정보통신,정보통신공사업,6276,(주)코리아라인,,,112441,2405700,,,,,,
정보통신,정보통신공사업,6277,주식회사 경동티에스,,,203654,2405400,,,,,,
정보통신,정보통신공사업,6278,주식회사 디포그,,,312682,2405100,,,,,,
정보통신,정보통신공사업,6279,(주)씨큐앤비,,,311227,2405000,,,,,,
정보통신,정보통신공사업,6280,주식회사 부성정보통신,,,550372,2404800,,,,,,
정보통신,정보통신공사업,6281,(주)한국시엠알,,,510589,2404000,,,,,,
정보통신,정보통신공사업,6282,주식회사 필명,,,550313,2403300,,,,,,
정보통신,정보통신공사업,6283,한민산업 주식회사,,,630251,2401700,,,,,,
정보통신,정보통신공사업,6283,(주)하이테크,,,110533,2401700,,,,,,
정보통신,정보통신공사업,6285,(주)연일정보통신,,,510427,2401600,,,,,,
정보통신,정보통신공사업,6286,성용테크 주식회사,,,350442,2399800,,,,,,
정보통신,정보통신공사업,6287,가가이지텍(주),,,140405,2399700,,,,,,
정보통신,정보통신공사업,6288,주식회사 대건일렉트릭,,,203713,2398200,,,,,,
정보통신,정보통신공사업,6289,서안이앤씨 주식회사,,,620417,2398100,,,,,,
정보통신,정보통신공사업,6290,(주)장유정보통신,,,550029,2397900,,,,,,
정보통신,정보통신공사업,6291,이비인프라(주),,,112886,2397200,,,,,,
정보통신,정보통신공사업,6292,주식회사 미르이앤씨,,,430132,2396500,,,,,,
정보통신,정보통신공사업,6293,아라온정보통신(주),,,430094,2396300,,,,,,
정보통신,정보통신공사업,6294,주식회사 조이,,,540377,2395700,,,,,,
정보통신,정보통신공사업,6295,주식회사 제이에이치솔루션,,,312404,2395200,,,,,,
정보통신,정보통신공사업,6296,(주)중앙개발,,,170094,2392900,,,,,,
정보통신,정보통신공사업,6297,디에치피 주식회사,,,540256,2392100,,,,,,
정보통신,정보통신공사업,6298,주식회사 에스시스템즈,,,312199,2388900,,,,,,
정보통신,정보통신공사업,6299,우진네트웍스,,,550485,2388500,,,,,,
정보통신,정보통신공사업,6300,닛시시스템 주식회사,,,312296,2388100,,,,,,
정보통신,정보통신공사업,6301,주식회사 오성에이치앤비,,,410256,2388000,,,,,,
정보통신,정보통신공사업,6302,주식회사 열방이엔지,,,330028,2385700,,,,,,
정보통신,정보통신공사업,6303,해성전화공사,,,120262,2385200,,,,,,
정보통신,정보통신공사업,6303,(주)보성공업,,,310825,2385200,,,,,,
정보통신,정보통신공사업,6305,(주)에스엠엔지니어링,,,440005,2384900,,,,,,
정보통신,정보통신공사업,6306,주식회사 세진종합이엔씨,,,203008,2384800,,,,,,
정보통신,정보통신공사업,6307,주식회사 엘이에이치,,,330285,2384400,,,,,,
정보통신,정보통신공사업,6308,(유)산돌,,,630061,2384100,,,,,,
정보통신,정보통신공사업,6308,(주)수길정보통신,,,540099,2384100,,,,,,
정보통신,정보통신공사업,6310,양우건설(주),,,200569,2384000,,,,,,
정보통신,정보통신공사업,6311,화영일렉콤(주),,,310314,2383500,,,,,,
정보통신,정보통신공사업,6312,(유)다함,,,420161,2383400,,,,,,
정보통신,정보통신공사업,6313,코디텍(주),,,350242,2381400,,,,,,
정보통신,정보통신공사업,6314,주식회사 심스리얼리티,,,420526,2380800,,,,,,
정보통신,정보통신공사업,6315,(주)명동전기공사,,,350150,2380700,,,,,,
정보통신,정보통신공사업,6316,주식회사 명인이노,,,202948,2380500,,,,,,
정보통신,정보통신공사업,6317,온누리이앤씨 주식회사,,,350527,2379600,,,,,,
정보통신,정보통신공사업,6317,주식회사 인테크,,,620371,2379600,,,,,,
정보통신,정보통신공사업,6319,(주)에너지코리아,,,410110,2379300,,,,,,
정보통신,정보통신공사업,6319,해냄기업(주),,,111880,2379300,,,,,,
정보통신,정보통신공사업,6319,브렉셀(주),,,202227,2379300,,,,,,
정보통신,정보통신공사업,6322,주식회사 스마트밸류,,,312629,2379200,,,,,,
정보통신,정보통신공사업,6322,(주)성원정보통신,,,620190,2379200,,,,,,
정보통신,정보통신공사업,6324,노바일렉트로닉(주),,,320116,2378400,,,,,,
정보통신,정보통신공사업,6325,주식회사 효원정보통신,,,140216,2377600,,,,,,
정보통신,정보통신공사업,6326,두레정보통신,,,430229,2375300,,,,,,
정보통신,정보통신공사업,6327,한빛통신건설 주식회사,,,311757,2374900,,,,,,
정보통신,정보통신공사업,6328,주식회사 앤트정보통신,,,311514,2374100,,,,,,
정보통신,정보통신공사업,6329,단암시스템즈(주),,,112508,2373000,,,,,,
정보통신,정보통신공사업,6330,(주)대교이앤에스,,,201743,2372800,,,,,,
정보통신,정보통신공사업,6331,(주)리트코,,,111470,2371900,,,,,,
정보통신,정보통신공사업,6332,주식회사 휘영,,,310590,2371600,,,,,,
정보통신,정보통신공사업,6333,(주)지원정보통신,,,410091,2371000,,,,,,
정보통신,정보통신공사업,6334,주식회사 마크로텍,,,610291,2370800,,,,,,
정보통신,정보통신공사업,6335,(주)씨큐넷,,,201519,2370500,,,,,,
정보통신,정보통신공사업,6336,주식회사 피엔티시스템,,,420431,2369800,,,,,,
정보통신,정보통신공사업,6337,"두산에너빌리티 주식회사(DOOSAN ENERBILITY CO., LTD.)",,,120040,2369000,,,,,,
정보통신,정보통신공사업,6338,대한정보통신 주식회사,,,150190,2368400,,,,,,
정보통신,정보통신공사업,6339,(주)대림테크,,,120708,2368000,,,,,,
정보통신,정보통신공사업,6340,K.COM(K닷컴),,,430356,2367600,,,,,,
정보통신,정보통신공사업,6341,주식회사 케이시스,,,550314,2367500,,,,,,
정보통신,정보통신공사업,6342,주식회사 위지트에너지,,,311248,2367200,,,,,,
정보통신,정보통신공사업,6343,주식회사 케이앤에스아이앤씨,,,420303,2367100,,,,,,
정보통신,정보통신공사업,6344,(주)아람정보통신,,,120541,2367000,,,,,,
정보통신,정보통신공사업,6345,후지쯔코리아테크놀러지(주),,,200264,2366900,,,,,,
정보통신,정보통신공사업,6346,주식회사 디지털포캐스트,,,203171,2366800,,,,,,
정보통신,정보통신공사업,6347,주식회사 이도,,,550503,2366600,,,,,,
정보통신,정보통신공사업,6348,(주)에이치씨,,,540170,2365800,,,,,,
정보통신,정보통신공사업,6349,삼덕전기(주),,,113050,2365000,,,,,,
정보통신,정보통신공사업,6350,주식회사 에스오에스랩,,,620403,2364900,,,,,,
정보통신,정보통신공사업,6351,주식회사 이든이앤씨,,,311821,2362600,,,,,,
정보통신,정보통신공사업,6352,(주)제트로정보통신,,,311154,2362400,,,,,,
정보통신,정보통신공사업,6353,유한회사 빛나는정보통신,,,610273,2361300,,,,,,
정보통신,정보통신공사업,6353,(주)아너스코리아,,,311554,2361300,,,,,,
정보통신,정보통신공사업,6355,(주)탑통신,,,620072,2360800,,,,,,
정보통신,정보통신공사업,6356,"주식회사 에스엘콤(SL Com. Co.,Ltd)",,,113361,2360400,,,,,,
정보통신,정보통신공사업,6357,(주)동양화학,,,610197,2360100,,,,,,
정보통신,정보통신공사업,6358,주식회사 서이시스템,,,203514,2357900,,,,,,
정보통신,정보통신공사업,6359,(주)코아콤,,,430095,2356900,,,,,,
정보통신,정보통신공사업,6360,두전네트웍스 주식회사,,,203009,2356800,,,,,,
정보통신,정보통신공사업,6361,주식회사 어썸웨이,,,350441,2356600,,,,,,
정보통신,정보통신공사업,6362,(주)제이투컴퍼니,,,311671,2356300,,,,,,
정보통신,정보통신공사업,6362,(주)대진정보통신,,,510585,2356300,,,,,,
정보통신,정보통신공사업,6364,(주)천명시스템,,,202680,2356200,,,,,,
정보통신,정보통신공사업,6365,주식회사 대원정보기술,,,620345,2356000,,,,,,
정보통신,정보통신공사업,6366,(주)현민정보통신,,,620196,2355400,,,,,,
정보통신,정보통신공사업,6367,(주)타이호인스트,,,201459,2355100,,,,,,
정보통신,정보통신공사업,6368,주식회사 해주정보통신,,,170167,2353500,,,,,,
정보통신,정보통신공사업,6369,정현네트웍스,,,312245,2353300,,,,,,
정보통신,정보통신공사업,6369,주식회사 삼일정보통신,,,420070,2353300,,,,,,
정보통신,정보통신공사업,6369,(주)에스엠티엔씨,,,320115,2353300,,,,,,
정보통신,정보통신공사업,6372,(주)지에스엔시스템즈,,,201754,2353200,,,,,,
정보통신,정보통신공사업,6373,주식회사 한우리정보통신,,,610312,2353000,,,,,,
정보통신,정보통신공사업,6374,(주)울산전자,,,120487,2352700,,,,,,
정보통신,정보통신공사업,6375,주식회사 라인,,,550028,2352600,,,,,,
정보통신,정보통신공사업,6376,(주)아이소프트,,,510488,2352400,,,,,,
정보통신,정보통신공사업,6377,이맥시스템(주),,,311561,2352100,,,,,,
정보통신,정보통신공사업,6378,주식회사 태원아이앤씨,,,202549,2351800,,,,,,
정보통신,정보통신공사업,6378,유한회사 알파고,,,630223,2351800,,,,,,
정보통신,정보통신공사업,6380,(주)마인드올,,,202657,2351700,,,,,,
정보통신,정보통신공사업,6381,주식회사 노바이앤씨,,,203675,2351400,,,,,,
정보통신,정보통신공사업,6382,주식회사 은광이엔시,,,610490,2350700,,,,,,
정보통신,정보통신공사업,6383,(주)동원정보통신,,,410193,2350400,,,,,,
정보통신,정보통신공사업,6384,(주)울산통신공사,,,530063,2349800,,,,,,
정보통신,정보통신공사업,6385,"우선이엔씨(주)(Woosun ENC Co., Ltd.)",,,110864,2348300,,,,,,
정보통신,정보통신공사업,6385,주식회사 보군,,,110350,2348300,,,,,,
정보통신,정보통신공사업,6387,주식회사 라인업코리아,,,203552,2347900,,,,,,
정보통신,정보통신공사업,6388,(주)허그웰시스템,,,201291,2347700,,,,,,
정보통신,정보통신공사업,6389,(주)상지일렉스,,,202409,2346900,,,,,,
정보통신,정보통신공사업,6390,(주)협인,,,311639,2346700,,,,,,
정보통신,정보통신공사업,6391,서경하이텍 주식회사,,,320444,2342900,,,,,,
정보통신,정보통신공사업,6392,충북통신(주),,,130517,2342400,,,,,,
정보통신,정보통신공사업,6393,(주)테라시스,,,311695,2341800,,,,,,
정보통신,정보통신공사업,6394,"주식회사 이노스벤 (INNOSVEN CO., LTD.)",,,530448,2341300,,,,,,
정보통신,정보통신공사업,6395,(주)삼흥전력,,,140473,2341200,,,,,,
정보통신,정보통신공사업,6396,거인전자시스템,,,350143,2340700,,,,,,
정보통신,정보통신공사업,6397,(주)피앤티정보통신,,,130301,2340400,,,,,,
정보통신,정보통신공사업,6398,(주)유니디아,,,201018,2339800,,,,,,
정보통신,정보통신공사업,6398,주식회사 사운드허브,,,203213,2339800,,,,,,
정보통신,정보통신공사업,6400,주식회사 아이티존,,,630340,2339200,,,,,,
정보통신,정보통신공사업,6401,주식회사 만년,,,140268,2338900,,,,,,
정보통신,정보통신공사업,6402,주식회사 가시,,,203928,2338000,,,,,,
정보통신,정보통신공사업,6403,(주)필텍시스템,,,510139,2337200,,,,,,
정보통신,정보통신공사업,6404,주식회사 광명이엔지,,,630172,2336900,,,,,,
정보통신,정보통신공사업,6405,(주)제일전력,,,330184,2336700,,,,,,
정보통신,정보통신공사업,6405,동원오비텍(주),,,111675,2336700,,,,,,
정보통신,정보통신공사업,6407,주식회사 태산종합,,,540410,2336600,,,,,,
정보통신,정보통신공사업,6408,"주식회사 더케이(The K Co.,Ltd)",,,630327,2336400,,,,,,
정보통신,정보통신공사업,6408,주식회사 일신테크,,,312183,2336400,,,,,,
정보통신,정보통신공사업,6410,(주)동하통신기술,,,350052,2335300,,,,,,
정보통신,정보통신공사업,6411,동양정보통신,,,530091,2334600,,,,,,
정보통신,정보통신공사업,6411,주식회사 넷온,,,610141,2334600,,,,,,
정보통신,정보통신공사업,6413,주식회사 엘텔레콤,,,110313,2334500,,,,,,
정보통신,정보통신공사업,6414,특수AV전자통신,,,610166,2333100,,,,,,
정보통신,정보통신공사업,6415,주식회사 이든넷,,,312091,2332900,,,,,,
정보통신,정보통신공사업,6416,(유)동양정보통신,,,160037,2332600,,,,,,
정보통신,정보통신공사업,6417,주식회사 모션시스템즈,,,202808,2330700,,,,,,
정보통신,정보통신공사업,6418,한솔정보통신(주),,,180051,2330600,,,,,,
정보통신,정보통신공사업,6419,주식회사 신성정보통신,,,350240,2330300,,,,,,
정보통신,정보통신공사업,6420,재성전기(주),,,201998,2330000,,,,,,
정보통신,정보통신공사업,6421,주식회사 엠브이에스시스템즈,,,203979,2329800,,,,,,
정보통신,정보통신공사업,6422,주식회사 진환정보통신,,,630351,2329700,,,,,,
정보통신,정보통신공사업,6423,(유)세운,,,630037,2329400,,,,,,
정보통신,정보통신공사업,6423,(주)유니씨엔에스,,,201046,2329400,,,,,,
정보통신,정보통신공사업,6425,주식회사 한울테크,,,630230,2328900,,,,,,
정보통신,정보통신공사업,6426,(유)누리미르정보통신,,,160166,2328100,,,,,,
정보통신,정보통신공사업,6427,시엔스 주식회사,,,202610,2327700,,,,,,
정보통신,정보통신공사업,6428,지엔소프트 주식회사,,,420392,2327100,,,,,,
정보통신,정보통신공사업,6429,주식회사 쓰리에스소프트,,,203014,2326800,,,,,,
정보통신,정보통신공사업,6430,(유)한양테크,,,140189,2326400,,,,,,
정보통신,정보통신공사업,6430,(주)길리,,,520021,2326400,,,,,,
정보통신,정보통신공사업,6432,(주)아이원,,,330170,2325900,,,,,,
정보통신,정보통신공사업,6433,"주식회사 브이티더블유(VTW Co.,Ltd)",,,203346,2325500,,,,,,
정보통신,정보통신공사업,6434,(주)노쓰정보기술,,,620174,2325300,,,,,,
정보통신,정보통신공사업,6435,(주)서일엔지니어링,,,110857,2325000,,,,,,
정보통신,정보통신공사업,6436,서경정보통신,,,140217,2324800,,,,,,
정보통신,정보통신공사업,6437,주식회사 티에스엠테크놀로지,,,311633,2323900,,,,,,
정보통신,정보통신공사업,6437,주식회사 제너시스템,,,202827,2323900,,,,,,
정보통신,정보통신공사업,6439,주식회사 선운전기통신,,,120673,2323600,,,,,,
정보통신,정보통신공사업,6440,주식회사 예강정보통신,,,410203,2323000,,,,,,
정보통신,정보통신공사업,6441,주식회사 동진파워텍,,,330275,2322900,,,,,,
정보통신,정보통신공사업,6442,주식회사 성하이엔지,,,130239,2322300,,,,,,
정보통신,정보통신공사업,6443,"주식회사 티머니(Tmoney Co., Ltd.)",,,200574,2322200,,,,,,
정보통신,정보통신공사업,6444,삼보OA,,,410220,2322000,,,,,,
정보통신,정보통신공사업,6445,(주)이즈파크,,,550346,2321700,,,,,,
정보통신,정보통신공사업,6446,(주)하이콤정보시스템,,,140485,2321000,,,,,,
정보통신,정보통신공사업,6447,주식회사 아울이앤디,,,550486,2320900,,,,,,
정보통신,정보통신공사업,6448,(주)천하정보통신,,,630143,2320700,,,,,,
정보통신,정보통신공사업,6449,진원 주식회사,,,630386,2320100,,,,,,
정보통신,정보통신공사업,6450,화성전기건설(주),,,110595,2319500,,,,,,
정보통신,정보통신공사업,6451,(유)이지정보통신,,,630043,2319300,,,,,,
정보통신,정보통신공사업,6452,주식회사 피엘시스템즈,,,203080,2318500,,,,,,
정보통신,정보통신공사업,6453,주식회사 케이엠에스정보통신,,,540133,2316600,,,,,,
정보통신,정보통신공사업,6454,(주)은창아이티,,,540123,2316100,,,,,,
정보통신,정보통신공사업,6455,청화하이테크 주식회사,,,111112,2316000,,,,,,
정보통신,정보통신공사업,6456,주식회사 이츠유(IT's u),,,203438,2315900,,,,,,
정보통신,정보통신공사업,6457,주식회사 비에이블텍,,,550388,2315600,,,,,,
정보통신,정보통신공사업,6458,(주)삼한전기통신공사,,,550038,2312600,,,,,,
정보통신,정보통신공사업,6459,(주)비전정보통신,,,530082,2312300,,,,,,
정보통신,정보통신공사업,6460,셀코정보기술(주),,,202224,2310700,,,,,,
정보통신,정보통신공사업,6461,주식회사 인프라원,,,312222,2310500,,,,,,
정보통신,정보통신공사업,6462,(주)상하이엔지,,,620144,2310200,,,,,,
정보통신,정보통신공사업,6463,(주)강원통신,,,330009,2309600,,,,,,
정보통신,정보통신공사업,6464,주식회사 다온플러스,,,320515,2309200,,,,,,
정보통신,정보통신공사업,6465,동양씨엔티(주),,,311005,2308800,,,,,,
정보통신,정보통신공사업,6466,엠케이정보기술 주식회사,,,410198,2308400,,,,,,
정보통신,정보통신공사업,6467,주식회사 동평기술,,,420336,2307700,,,,,,
정보통신,정보통신공사업,6468,동양정보통신,,,120343,2307500,,,,,,
정보통신,정보통신공사업,6469,(주)에이엔비트,,,430307,2307000,,,,,,
정보통신,정보통신공사업,6470,주식회사 태승전설,,,320438,2306900,,,,,,
정보통신,정보통신공사업,6471,(주)대우에스티,,,430265,2306800,,,,,,
정보통신,정보통신공사업,6472,원테크솔루션 주식회사,,,150485,2306500,,,,,,
정보통신,정보통신공사업,6473,(주)용천전력,,,201815,2305900,,,,,,
정보통신,정보통신공사업,6474,"주식회사 이앤아이시티 (E&ICT CO.,LTD)",,,200182,2305600,,,,,,
정보통신,정보통신공사업,6475,(주)텔라이프,,,310139,2303400,,,,,,
정보통신,정보통신공사업,6476,명진전력 주식회사,,,113223,2303300,,,,,,
정보통신,정보통신공사업,6477,주식회사 엘로이미디어,,,510658,2302600,,,,,,
정보통신,정보통신공사업,6478,(합)자유이엔씨,,,140291,2302300,,,,,,
정보통신,정보통신공사업,6479,(주)고덕종합건설,,,201884,2302100,,,,,,
정보통신,정보통신공사업,6480,주식회사 백경정보기술,,,410245,2301300,,,,,,
정보통신,정보통신공사업,6481,(주)포유엔터스,,,620162,2300600,,,,,,
정보통신,정보통신공사업,6482,주식회사 한길정보통신,,,540530,2299900,,,,,,
정보통신,정보통신공사업,6483,자인테크놀로지 주식회사,,,203469,2299300,,,,,,
정보통신,정보통신공사업,6484,합자회사 유비넷,,,330093,2298500,,,,,,
정보통신,정보통신공사업,6484,주식회사 신명미디어,,,311144,2298500,,,,,,
정보통신,정보통신공사업,6486,주식회사 자유아이씨티,,,350522,2297700,,,,,,
정보통신,정보통신공사업,6487,주식회사 지누지앤아이,,,311965,2297300,,,,,,
정보통신,정보통신공사업,6488,(주)한누리시스템,,,550103,2296800,,,,,,
정보통신,정보통신공사업,6489,(주)다경테크,,,311562,2296400,,,,,,
정보통신,정보통신공사업,6490,광명전력(주),,,430271,2296000,,,,,,
정보통신,정보통신공사업,6491,(주)하이눈정보통신,,,110941,2295300,,,,,,
정보통신,정보통신공사업,6492,주식회사 더원이앤씨,,,440021,2291900,,,,,,
정보통신,정보통신공사업,6493,나래시스템,,,510284,2290800,,,,,,
정보통신,정보통신공사업,6494,(주)엠디에스코리아,,,311482,2289700,,,,,,
정보통신,정보통신공사업,6495,선박전자마트,,,120671,2288800,,,,,,
정보통신,정보통신공사업,6496,"주식회사 인젠트 (Inzent Co., Ltd.)",,,202766,2288000,,,,,,
정보통신,정보통신공사업,6497,(주)포스트큐브,,,350057,2287800,,,,,,
정보통신,정보통신공사업,6497,"주식회사 제이에스시스템 (JS system co., LTD.)",,,410261,2287800,,,,,,
정보통신,정보통신공사업,6499,인성테크이엔씨 주식회사,,,311970,2286900,,,,,,
정보통신,정보통신공사업,6500,(주)에이시에스,,,202186,2286000,,,,,,
정보통신,정보통신공사업,6501,(주)삼우아이.티,,,150476,2284000,,,,,,
정보통신,정보통신공사업,6502,주식회사 에이쓰리시큐리티,,,202901,2282300,,,,,,
정보통신,정보통신공사업,6503,광원시스템 주식회사,,,202789,2281900,,,,,,
정보통신,정보통신공사업,6503,주식회사 케이티팝스,,,312689,2281900,,,,,,
정보통신,정보통신공사업,6505,(주)무한기술,,,130094,2281700,,,,,,
정보통신,정보통신공사업,6506,(주)이시컨트롤,,,310870,2281600,,,,,,
정보통신,정보통신공사업,6507,주식회사 라인,,,330227,2281000,,,,,,
정보통신,정보통신공사업,6508,유한회사 엘에스시스템즈,,,610378,2280800,,,,,,
정보통신,정보통신공사업,6508,(주)남일기업,,,112296,2280800,,,,,,
정보통신,정보통신공사업,6508,(주)광진테크,,,311508,2280800,,,,,,
정보통신,정보통신공사업,6511,주식회사 상상하는사람들,,,312626,2280400,,,,,,
정보통신,정보통신공사업,6512,주식회사 테라정보보호,,,204327,2279200,,,,,,
정보통신,정보통신공사업,6512,거산음향통신(주),,,112277,2279200,,,,,,
정보통신,정보통신공사업,6514,(주)이룸아이엔씨,,,311048,2279100,,,,,,
정보통신,정보통신공사업,6515,영진이앤지 주식회사,,,620176,2278100,,,,,,
정보통신,정보통신공사업,6516,주식회사 나래씨앤아이,,,550405,2277900,,,,,,
정보통신,정보통신공사업,6517,주식회사 나루정보통신,,,330121,2277100,,,,,,
정보통신,정보통신공사업,6518,주식회사 아콘스,,,320524,2277000,,,,,,
정보통신,정보통신공사업,6519,(주)넥스쳐컴,,,311391,2276600,,,,,,
정보통신,정보통신공사업,6520,영한산업 주식회사,,,530173,2276400,,,,,,
정보통신,정보통신공사업,6521,(주)아이티씨,,,111034,2275600,,,,,,
정보통신,정보통신공사업,6522,넥스트라인 주식회사,,,202771,2274400,,,,,,
정보통신,정보통신공사업,6523,주식회사 주광전기,,,112588,2274300,,,,,,
정보통신,정보통신공사업,6524,뮤지엄아이 주식회사,,,203484,2273800,,,,,,
정보통신,정보통신공사업,6525,(주)고전사,,,311298,2273700,,,,,,
정보통신,정보통신공사업,6526,주식회사 혁신아이씨티,,,410302,2273300,,,,,,
정보통신,정보통신공사업,6527,금오이엔시(주),,,150110,2273000,,,,,,
정보통신,정보통신공사업,6527,세계정보시스템(주),,,110916,2273000,,,,,,
정보통신,정보통신공사업,6529,주식회사 태원텍,,,630255,2272800,,,,,,
정보통신,정보통신공사업,6530,"주식회사 벨텍소프트 (Beltechsoft Co.,Ltd.)",,,203952,2272400,,,,,,
정보통신,정보통신공사업,6531,코드텍,,,510572,2272000,,,,,,
정보통신,정보통신공사업,6532,주식회사 삼부시스템,,,140483,2271700,,,,,,
정보통신,정보통신공사업,6533,(주)보우기전,,,150394,2271600,,,,,,
정보통신,정보통신공사업,6534,동광건설(주),,,140114,2269900,,,,,,
정보통신,정보통신공사업,6535,"주식회사 미래네트웍(MIRAE NETWORK Co., Ltd.)",,,204186,2269800,,,,,,
정보통신,정보통신공사업,6535,(주)사운드폭스코리아,,,330074,2269800,,,,,,
정보통신,정보통신공사업,6537,(주)하이테크솔루션,,,410170,2269700,,,,,,
정보통신,정보통신공사업,6538,(주)퓨처젠,,,201929,2269200,,,,,,
정보통신,정보통신공사업,6539,빛고을정보통신(주),,,140121,2269000,,,,,,
정보통신,정보통신공사업,6540,우일계전공업(주),,,201741,2268800,,,,,,
정보통신,정보통신공사업,6541,"주식회사 테트라(TETRA co., Ltd)",,,202745,2268700,,,,,,
정보통신,정보통신공사업,6542,한성티에스 주식회사(HanSungTS),,,203396,2268200,,,,,,
정보통신,정보통신공사업,6543,유한회사 유엔에스테크,,,630303,2267800,,,,,,
정보통신,정보통신공사업,6544,유한회사 경성뱅크,,,160159,2267600,,,,,,
정보통신,정보통신공사업,6545,주식회사 삼인공간정보,,,312343,2266300,,,,,,
정보통신,정보통신공사업,6546,주식회사 두전네오시스템,,,111333,2265700,,,,,,
정보통신,정보통신공사업,6547,(주)세종디지털통신,,,440051,2265500,,,,,,
정보통신,정보통신공사업,6548,대주정보산업(주),,,160131,2264600,,,,,,
정보통신,정보통신공사업,6549,금상디엔씨(주),,,201143,2264200,,,,,,
정보통신,정보통신공사업,6550,대원에스엔티(주),,,112059,2264100,,,,,,
정보통신,정보통신공사업,6551,선진이엔씨,,,204208,2264000,,,,,,
정보통신,정보통신공사업,6552,"피나클나인 주식회사 (PINNACLE 9 Co., Ltd.)",,,203680,2263400,,,,,,
정보통신,정보통신공사업,6553,동산통신 주식회사,,,150067,2263300,,,,,,
정보통신,정보통신공사업,6554,옴니크래프트 주식회사,,,640067,2261300,,,,,,
정보통신,정보통신공사업,6555,(주)청운정보시스템,,,120211,2261200,,,,,,
정보통신,정보통신공사업,6556,(주)에스웨이,,,430084,2260600,,,,,,
정보통신,정보통신공사업,6557,승호시스템(주),,,112583,2260000,,,,,,
정보통신,정보통신공사업,6558,(주)유유엔,,,113083,2258500,,,,,,
정보통신,정보통신공사업,6559,주식회사 아이비즈,,,530072,2257800,,,,,,
정보통신,정보통신공사업,6560,(주)우방,,,150088,2257500,,,,,,
정보통신,정보통신공사업,6561,주식회사 에임투지(AimToG),,,203877,2257200,,,,,,
정보통신,정보통신공사업,6562,세이프롬 정보,,,550295,2255700,,,,,,
정보통신,정보통신공사업,6563,신영테크,,,550321,2254800,,,,,,
정보통신,정보통신공사업,6564,한뜻정보시스템(주),,,410127,2254600,,,,,,
정보통신,정보통신공사업,6565,(주)세진정보통신,,,120775,2254100,,,,,,
정보통신,정보통신공사업,6566,주식회사 대광,,,540432,2252900,,,,,,
정보통신,정보통신공사업,6567,(주)정우정보통신,,,110743,2252600,,,,,,
정보통신,정보통신공사업,6568,(주)케이디파워,,,310308,2252300,,,,,,
정보통신,정보통신공사업,6569,청보이엔지 주식회사,,,350430,2252100,,,,,,
정보통신,정보통신공사업,6570,주식회사 엠엔지이엔티,,,203013,2251600,,,,,,
정보통신,정보통신공사업,6570,(주)금호시스템,,,330222,2251600,,,,,,
정보통신,정보통신공사업,6572,종합무선통신,,,140493,2250600,,,,,,
정보통신,정보통신공사업,6573,차일정보통신(주),,,112118,2250500,,,,,,
정보통신,정보통신공사업,6574,다몬전기통신공사,,,112828,2250200,,,,,,
정보통신,정보통신공사업,6575,(주)가산정보통신,,,170090,2249200,,,,,,
정보통신,정보통신공사업,6576,제스프로 주식회사,,,202980,2248300,,,,,,
정보통신,정보통신공사업,6577,주식회사 이넷아이씨티,,,540179,2248100,,,,,,
정보통신,정보통신공사업,6578,주식회사 유니텔정보기술,,,113014,2247400,,,,,,
정보통신,정보통신공사업,6579,대우산업개발(주),,,320009,2247100,,,,,,
정보통신,정보통신공사업,6580,정정보통신(주),,,111859,2246600,,,,,,
정보통신,정보통신공사업,6580,주식회사 바넷정보기술,,,204142,2246600,,,,,,
정보통신,정보통신공사업,6582,주식회사 신승,,,640106,2245600,,,,,,
정보통신,정보통신공사업,6583,(주)에스제이링크,,,350016,2245200,,,,,,
정보통신,정보통신공사업,6584,우진이앤씨 주식회사,,,111091,2243400,,,,,,
정보통신,정보통신공사업,6585,(주)에이씨앤티시스템,,,310362,2243100,,,,,,
정보통신,정보통신공사업,6586,주식회사 이레,,,520145,2241800,,,,,,
정보통신,정보통신공사업,6587,(주)바른정보기술,,,311920,2240800,,,,,,
정보통신,정보통신공사업,6588,(주)훼미리정보통신,,,130356,2239300,,,,,,
정보통신,정보통신공사업,6589,주식회사 라온테크엔지니어링,,,130397,2239200,,,,,,
정보통신,정보통신공사업,6590,주식회사 서화통신,,,140324,2237700,,,,,,
정보통신,정보통신공사업,6591,(주)서광기전,,,350101,2236600,,,,,,
정보통신,정보통신공사업,6591,(주)빛을꿈꾸는사람들,,,610119,2236600,,,,,,
정보통신,정보통신공사업,6593,에이디텔레콤(주),,,180036,2236300,,,,,,
정보통신,정보통신공사업,6594,주식회사 케어비즈,,,203820,2236200,,,,,,
정보통신,정보통신공사업,6594,주식회사 아이온퓨처,,,204129,2236200,,,,,,
정보통신,정보통신공사업,6596,삼기정보통신,,,110355,2235900,,,,,,
정보통신,정보통신공사업,6597,유한회사 이룸엔지니어링,,,630380,2234800,,,,,,
정보통신,정보통신공사업,6598,(주)피치테크,,,112881,2234200,,,,,,
정보통신,정보통신공사업,6599,동하시티개발(주),,,111007,2233900,,,,,,
정보통신,정보통신공사업,6600,(주)엔제이정보통신,,,311827,2233700,,,,,,
정보통신,정보통신공사업,6601,대조전설(주),,,200021,2231100,,,,,,
정보통신,정보통신공사업,6602,첨단산업,,,620053,2231000,,,,,,
정보통신,정보통신공사업,6602,한국음향,,,320016,2231000,,,,,,
정보통신,정보통신공사업,6604,(주)스카이,,,630073,2230600,,,,,,
정보통신,정보통신공사업,6605,주식회사 제이에스네트웍스,,,311619,2230300,,,,,,
정보통신,정보통신공사업,6606,(주)세윤씨앤에스,,,201842,2229800,,,,,,
정보통신,정보통신공사업,6607,주식회사 해토이엔지,,,312378,2229400,,,,,,
정보통신,정보통신공사업,6608,주식회사 라온시스템,,,630267,2229200,,,,,,
정보통신,정보통신공사업,6609,주식회사 드림씨엔씨,,,610348,2228600,,,,,,
정보통신,정보통신공사업,6609,(주)아미티엘,,,320327,2228600,,,,,,
정보통신,정보통신공사업,6611,엠케이제어시스템,,,320526,2228500,,,,,,
정보통신,정보통신공사업,6612,주식회사 디엠,,,550250,2228400,,,,,,
정보통신,정보통신공사업,6613,동천하이테크세종(주),,,440002,2227000,,,,,,
정보통신,정보통신공사업,6614,(주)제닉인프라,,,350073,2226100,,,,,,
정보통신,정보통신공사업,6615,(합자)근화기업,,,530128,2225400,,,,,,
정보통신,정보통신공사업,6616,주식회사 듀델코리아,,,203167,2224600,,,,,,
정보통신,정보통신공사업,6617,주식회사 지앤아이,,,410192,2223400,,,,,,
정보통신,정보통신공사업,6618,삼화정보통신,,,120324,2222900,,,,,,
정보통신,정보통신공사업,6619,(주)우노,,,510526,2222800,,,,,,
정보통신,정보통신공사업,6620,세영정보통신,,,330103,2222600,,,,,,
정보통신,정보통신공사업,6620,(주)알컴서비스,,,550145,2222600,,,,,,
정보통신,정보통신공사업,6622,단양이노앤텍 주식회사,,,430188,2221600,,,,,,
정보통신,정보통신공사업,6623,주식회사 레이컴,,,203464,2220400,,,,,,
정보통신,정보통신공사업,6624,주식회사 명인정보통신,,,420301,2220200,,,,,,
정보통신,정보통신공사업,6625,예성,,,311520,2220100,,,,,,
정보통신,정보통신공사업,6626,금양산업,,,111673,2219400,,,,,,
정보통신,정보통신공사업,6627,보국이엔지 주식회사,,,430245,2218500,,,,,,
정보통신,정보통신공사업,6628,(주)일우인터내셔날,,,311375,2218200,,,,,,
정보통신,정보통신공사업,6628,주식회사 진승,,,540063,2218200,,,,,,
정보통신,정보통신공사업,6630,(주)아이티이즈넷,,,350210,2217900,,,,,,
정보통신,정보통신공사업,6631,주식회사 티에이피,,,350536,2217100,,,,,,
정보통신,정보통신공사업,6632,(주)케이넷,,,201840,2216700,,,,,,
정보통신,정보통신공사업,6633,신우이엔지(주),,,201133,2216600,,,,,,
정보통신,정보통신공사업,6634,(주)한걸음정보통신,,,113089,2216500,,,,,,
정보통신,정보통신공사업,6635,주식회사 금광,,,610120,2216400,,,,,,
정보통신,정보통신공사업,6636,주식회사 글로벌텍,,,540439,2216200,,,,,,
정보통신,정보통신공사업,6636,주식회사 한명정보통신,,,540431,2216200,,,,,,
정보통신,정보통신공사업,6638,헬스커넥트 주식회사,,,203486,2215900,,,,,,
정보통신,정보통신공사업,6639,주식회사 태라,,,610328,2215600,,,,,,
정보통신,정보통신공사업,6640,(주)포위즈시스템,,,530260,2215500,,,,,,
정보통신,정보통신공사업,6641,주식회사 엠티에스이엔씨,,,150389,2215400,,,,,,
정보통신,정보통신공사업,6642,에이비씨네트워크 주식회사,,,203164,2215200,,,,,,
정보통신,정보통신공사업,6643,(주)선진솔루션,,,200032,2213900,,,,,,
정보통신,정보통신공사업,6644,(주)중앙탑,,,130418,2213800,,,,,,
정보통신,정보통신공사업,6645,(주)아레스,,,420190,2212800,,,,,,
정보통신,정보통신공사업,6646,주식회사 한결테크,,,111256,2212400,,,,,,
정보통신,정보통신공사업,6647,주식회사 에이콘컴퍼니,,,203354,2212300,,,,,,
정보통신,정보통신공사업,6648,(주)노바코스,,,201714,2211800,,,,,,
정보통신,정보통신공사업,6649,주식회사 에스지아이코리아,,,203035,2211600,,,,,,
정보통신,정보통신공사업,6649,미래통신기술(주),,,311074,2211600,,,,,,
정보통신,정보통신공사업,6649,네오프랜드(주),,,202729,2211600,,,,,,
정보통신,정보통신공사업,6652,주식회사 나래,,,311437,2211500,,,,,,
정보통신,정보통신공사업,6653,이지씨엔티 주식회사,,,203812,2210900,,,,,,
정보통신,정보통신공사업,6654,안택건설 주식회사,,,550304,2209600,,,,,,
정보통신,정보통신공사업,6655,디지탈정보통신(주),,,110003,2209500,,,,,,
정보통신,정보통신공사업,6656,(주)건대,,,530278,2209400,,,,,,
정보통신,정보통신공사업,6657,한국씨앤텍 주식회사,,,112544,2208300,,,,,,
정보통신,정보통신공사업,6658,버튼솔루션 주식회사,,,311645,2208200,,,,,,
정보통신,정보통신공사업,6659,제이플러스,,,330280,2207800,,,,,,
정보통신,정보통신공사업,6660,케이디에프에스 주식회사,,,204175,2207400,,,,,,
정보통신,정보통신공사업,6661,주식회사 코드쓰리,,,203992,2207100,,,,,,
정보통신,정보통신공사업,6662,(주)삼구,,,180041,2207000,,,,,,
정보통신,정보통신공사업,6663,이룸테크 주식회사,,,112784,2206400,,,,,,
정보통신,정보통신공사업,6664,에스케이와이아이앤씨 주식회사,,,112075,2206000,,,,,,
정보통신,정보통신공사업,6665,누리종합전기 주식회사,,,202319,2205400,,,,,,
정보통신,정보통신공사업,6666,주식회사 케이제이산업,,,440048,2205300,,,,,,
정보통신,정보통신공사업,6666,(주)가야정보시스템,,,550012,2205300,,,,,,
정보통신,정보통신공사업,6668,"주식회사 트리톤넷(TritonNet Co., Ltd.)",,,312218,2204900,,,,,,
정보통신,정보통신공사업,6669,(주)금성이엔씨,,,620228,2204400,,,,,,
정보통신,정보통신공사업,6670,오성미래기술 주식회사,,,330327,2204300,,,,,,
정보통신,정보통신공사업,6671,맥큐브(주),,,510604,2203700,,,,,,
정보통신,정보통신공사업,6672,국제컨트로닉스 주식회사,,,202806,2203600,,,,,,
정보통신,정보통신공사업,6673,주식회사 세기기술,,,520131,2203400,,,,,,
정보통신,정보통신공사업,6674,주식회사 에스이씨아이티,,,312050,2201400,,,,,,
정보통신,정보통신공사업,6675,(주)아이스기술,,,310086,2201300,,,,,,
정보통신,정보통신공사업,6676,상인엔지니어링 주식회사,,,430096,2201000,,,,,,
정보통신,정보통신공사업,6677,(주)진유통신,,,530118,2200900,,,,,,
정보통신,정보통신공사업,6678,주식회사 태양소방통신,,,610206,2200300,,,,,,
정보통신,정보통신공사업,6679,유니스타스 주식회사,,,320378,2198900,,,,,,
정보통신,정보통신공사업,6680,주식회사 테이크네트웍스,,,550386,2198800,,,,,,
정보통신,정보통신공사업,6681,주식회사 진원,,,312322,2198500,,,,,,
정보통신,정보통신공사업,6682,뉴텔레콤(주),,,110877,2197600,,,,,,
정보통신,정보통신공사업,6683,(주)세정테크,,,510463,2197500,,,,,,
정보통신,정보통신공사업,6684,(주)다윈시스템,,,202735,2197200,,,,,,
정보통신,정보통신공사업,6685,국제엔지이(주),,,310712,2197100,,,,,,
정보통신,정보통신공사업,6686,주식회사 뉴엔브이,,,203814,2196200,,,,,,
정보통신,정보통신공사업,6687,우주미디어정보통신(주),,,111507,2195600,,,,,,
정보통신,정보통신공사업,6688,(유)우진이엔지,,,350244,2194000,,,,,,
정보통신,정보통신공사업,6689,주식회사 제이에이치엠,,,312419,2193800,,,,,,
정보통신,정보통신공사업,6690,(주)진원통신,,,530295,2193600,,,,,,
정보통신,정보통신공사업,6691,금성텔레콤,,,110844,2193300,,,,,,
정보통신,정보통신공사업,6692,미래시스텍 주식회사,,,201334,2193000,,,,,,
정보통신,정보통신공사업,6693,주식회사 미르정보기술,,,420273,2191300,,,,,,
정보통신,정보통신공사업,6694,대원전기통신 주식회사,,,120647,2191200,,,,,,
정보통신,정보통신공사업,6694,주식회사 세진씨엔에이,,,540316,2191200,,,,,,
정보통신,정보통신공사업,6696,주식회사 성진디에스피,,,203413,2189800,,,,,,
정보통신,정보통신공사업,6697,다원정보통신 주식회사,,,312496,2189200,,,,,,
정보통신,정보통신공사업,6698,(주)행복의 날개,,,350322,2187800,,,,,,
정보통신,정보통신공사업,6699,주식회사 에이엔알,,,420379,2187400,,,,,,
정보통신,정보통신공사업,6700,대한정보통신(주),,,150076,2187200,,,,,,
정보통신,정보통신공사업,6701,주식회사 신영통신,,,320323,2187000,,,,,,
정보통신,정보통신공사업,6702,(주)정석정보기술,,,430069,2186500,,,,,,
정보통신,정보통신공사업,6703,(유)청림씨에스,,,630019,2185700,,,,,,
정보통신,정보통신공사업,6704,(주)미래종합전기통신,,,130435,2185400,,,,,,
정보통신,정보통신공사업,6705,"허브정보기술(주)(HUBINFOTECH Co.,Ltd.)",,,111594,2184600,,,,,,
정보통신,정보통신공사업,6705,에스엔비정보통신,,,420497,2184600,,,,,,
정보통신,정보통신공사업,6707,주식회사 네오트래픽,,,312033,2184300,,,,,,
정보통신,정보통신공사업,6708,(주)유원정보통신,,,540092,2184200,,,,,,
정보통신,정보통신공사업,6709,(주)유안이엔씨,,,312160,2183600,,,,,,
정보통신,정보통신공사업,6710,(주)올레이어,,,201999,2183300,,,,,,
정보통신,정보통신공사업,6711,주식회사 팔마정보통신,,,610355,2182900,,,,,,
정보통신,정보통신공사업,6712,주식회사 아이트래픽이엔지,,,550382,2182000,,,,,,
정보통신,정보통신공사업,6713,(주)라스테크,,,420087,2181800,,,,,,
정보통신,정보통신공사업,6714,(주)다인,,,430075,2180600,,,,,,
정보통신,정보통신공사업,6715,주식회사 대연아이앤티,,,420304,2179800,,,,,,
정보통신,정보통신공사업,6716,"주식회사 코말(Komal co.,LTD)",,,610223,2179600,,,,,,
정보통신,정보통신공사업,6717,(주)미주전통,,,110779,2179400,,,,,,
정보통신,정보통신공사업,6718,주식회사 미소테크,,,204133,2179200,,,,,,
정보통신,정보통신공사업,6719,(주)대영음향정보통신,,,430093,2178700,,,,,,
정보통신,정보통신공사업,6720,주식회사 두원,,,550114,2178600,,,,,,
정보통신,정보통신공사업,6721,주식회사 지안,,,350556,2177900,,,,,,
정보통신,정보통신공사업,6722,부원전기통신(주),,,180068,2176400,,,,,,
정보통신,정보통신공사업,6723,한라인포넷(주),,,112052,2175300,,,,,,
정보통신,정보통신공사업,6724,다우정보(주),,,410159,2175000,,,,,,
정보통신,정보통신공사업,6725,주식회사 신성씨앤에스,,,203515,2174500,,,,,,
정보통신,정보통신공사업,6726,주식회사 케이엠콘트롤,,,330200,2174400,,,,,,
정보통신,정보통신공사업,6727,(주)그린산전,,,410081,2173500,,,,,,
정보통신,정보통신공사업,6727,주식회사 포투샛컴,,,312309,2173500,,,,,,
정보통신,정보통신공사업,6729,보성파워텍(주),,,110691,2173400,,,,,,
정보통신,정보통신공사업,6730,(주)타키온네트워크,,,550104,2173000,,,,,,
정보통신,정보통신공사업,6731,한려정보통신(주),,,110318,2172200,,,,,,
정보통신,정보통신공사업,6732,(주)케이지에프,,,520062,2171600,,,,,,
정보통신,정보통신공사업,6733,(주)진일,,,610080,2170100,,,,,,
정보통신,정보통신공사업,6734,재담,,,550214,2169900,,,,,,
정보통신,정보통신공사업,6735,(주)제이원,,,540373,2169700,,,,,,
정보통신,정보통신공사업,6736,주식회사 넥스트림,,,204127,2169500,,,,,,
정보통신,정보통신공사업,6737,드림아이씨티 주식회사,,,420272,2168900,,,,,,
정보통신,정보통신공사업,6738,"주식회사 웨스컴(WESSCOM Co., Ltd.)",,,204161,2168700,,,,,,
정보통신,정보통신공사업,6739,주식회사 승은,,,610409,2168600,,,,,,
정보통신,정보통신공사업,6740,주식회사하이테크비젼,,,350253,2168100,,,,,,
정보통신,정보통신공사업,6741,주식회사 태광이알텍,,,110448,2167700,,,,,,
정보통신,정보통신공사업,6742,(주)쌍용전기.통신.소방,,,120401,2167300,,,,,,
정보통신,정보통신공사업,6743,(주)카프,,,410014,2166500,,,,,,
정보통신,정보통신공사업,6744,주식회사 라인에스텍,,,312021,2166300,,,,,,
정보통신,정보통신공사업,6745,(주)상지정보시스템,,,310631,2165800,,,,,,
정보통신,정보통신공사업,6746,엘씨 주식회사,,,320202,2165600,,,,,,
정보통신,정보통신공사업,6747,우리전력(주),,,410207,2165100,,,,,,
정보통신,정보통신공사업,6747,"스트라토 주식회사 (Strato Co.,Ltd.)",,,202152,2165100,,,,,,
정보통신,정보통신공사업,6749,한솔피엔에스(주),,,110487,2164900,,,,,,
정보통신,정보통신공사업,6750,한국에너지종합기술 주식회사,,,640126,2164700,,,,,,
정보통신,정보통신공사업,6751,주식회사 보광전기통신,,,540116,2162500,,,,,,
정보통신,정보통신공사업,6752,주식회사 태광통신,,,610368,2160900,,,,,,
정보통신,정보통신공사업,6753,주식회사 세진네트워크,,,111127,2160600,,,,,,
정보통신,정보통신공사업,6754,주식회사 한울티엔씨,,,320341,2159100,,,,,,
정보통신,정보통신공사업,6755,(주)씨앤티,,,540160,2158700,,,,,,
정보통신,정보통신공사업,6756,주식회사 천호,,,530431,2158600,,,,,,
정보통신,정보통신공사업,6757,오뚜기전자통신주식회사,,,430087,2158500,,,,,,
정보통신,정보통신공사업,6758,위수전기 주식회사,,,420007,2158400,,,,,,
정보통신,정보통신공사업,6759,주식회사 세정,,,610430,2158300,,,,,,
정보통신,정보통신공사업,6759,주식회사 케이엔,,,550281,2158300,,,,,,
정보통신,정보통신공사업,6761,주식회사 다해,,,311927,2157900,,,,,,
정보통신,정보통신공사업,6762,광양이엔씨(주),,,140100,2157700,,,,,,
정보통신,정보통신공사업,6762,(주)화인시스템,,,130444,2157700,,,,,,
정보통신,정보통신공사업,6764,리조이스통신(주),,,200679,2157400,,,,,,
정보통신,정보통신공사업,6765,삼성이앤씨,,,540218,2157200,,,,,,
정보통신,정보통신공사업,6766,주식회사 이엔씨파워,,,330303,2156900,,,,,,
정보통신,정보통신공사업,6767,백영전자 주식회사,,,202603,2156400,,,,,,
정보통신,정보통신공사업,6768,(주)규보시스템,,,310618,2155400,,,,,,
정보통신,정보통신공사업,6769,"주식회사 에스디아이씨티 (SDICT Co., Ltd.)",,,203974,2154700,,,,,,
정보통신,정보통신공사업,6770,STX엔진(주),,,112869,2154600,,,,,,
정보통신,정보통신공사업,6771,(주)삼성피씨정보통신,,,540219,2154400,,,,,,
정보통신,정보통신공사업,6771,주식회사 신성솔루션,,,630355,2154400,,,,,,
정보통신,정보통신공사업,6773,주식회사 지에스넷비전,,,203782,2154000,,,,,,
정보통신,정보통신공사업,6774,주식회사 소리넷,,,330363,2152800,,,,,,
정보통신,정보통신공사업,6774,(주)신화정보시스템,,,150114,2152800,,,,,,
정보통신,정보통신공사업,6776,(주)신명정보,,,510571,2152000,,,,,,
정보통신,정보통신공사업,6777,(주)스마트테크,,,111902,2151800,,,,,,
정보통신,정보통신공사업,6777,주식회사 주원엔지니어링,,,540493,2151800,,,,,,
정보통신,정보통신공사업,6779,(주)북경,,,540250,2151600,,,,,,
정보통신,정보통신공사업,6780,주식회사 케이폴시큐리티,,,312157,2151100,,,,,,
정보통신,정보통신공사업,6781,한성씨앤엔(주),,,112338,2151000,,,,,,
정보통신,정보통신공사업,6782,이수이 주식회사,,,550143,2150000,,,,,,
정보통신,정보통신공사업,6783,우정아이앤씨,,,510258,2149700,,,,,,
정보통신,정보통신공사업,6783,신화ENC,,,540263,2149700,,,,,,
정보통신,정보통신공사업,6783,우리통신,,,430059,2149700,,,,,,
정보통신,정보통신공사업,6786,(주)아이티퍼플,,,311676,2149400,,,,,,
정보통신,정보통신공사업,6787,대륭중공건설(주),,,110390,2149100,,,,,,
정보통신,정보통신공사업,6788,주식회사 웨이크,,,410362,2148600,,,,,,
정보통신,정보통신공사업,6789,주식회사 코위,,,312385,2147900,,,,,,
정보통신,정보통신공사업,6789,(주)발해이엔지,,,310938,2147900,,,,,,
정보통신,정보통신공사업,6791,주식회사 두루정보통신,,,320322,2147600,,,,,,
정보통신,정보통신공사업,6792,앤에스정보통신,,,640029,2147200,,,,,,
정보통신,정보통신공사업,6792,(주)토건,,,410230,2147200,,,,,,
정보통신,정보통신공사업,6794,동일테크 주식회사,,,312029,2147100,,,,,,
정보통신,정보통신공사업,6795,(주)태창씨에스,,,550127,2145100,,,,,,
정보통신,정보통신공사업,6796,유비트정보통신(주),,,550089,2144400,,,,,,
정보통신,정보통신공사업,6797,주식회사 서명,,,111598,2144200,,,,,,
정보통신,정보통신공사업,6798,플라이넷(주),,,350076,2144100,,,,,,
정보통신,정보통신공사업,6799,(주)중앙시스템,,,430182,2143800,,,,,,
정보통신,정보통신공사업,6800,주식회사 피에스정보,,,112791,2141600,,,,,,
정보통신,정보통신공사업,6801,주식회사 대림정보통신,,,330252,2141100,,,,,,
정보통신,정보통신공사업,6802,주식회사 더원시스템,,,550282,2141000,,,,,,
정보통신,정보통신공사업,6803,주식회사 케이제이씨엔에스,,,620308,2140800,,,,,,
정보통신,정보통신공사업,6804,(주)동호엔지니어링,,,330058,2140400,,,,,,
정보통신,정보통신공사업,6805,오피전력기술(주),,,311854,2139200,,,,,,
정보통신,정보통신공사업,6806,(주)텍센,,,202138,2139100,,,,,,
정보통신,정보통신공사업,6807,소프트캠프 주식회사,,,312302,2138800,,,,,,
정보통신,정보통신공사업,6808,(주)태강,,,550247,2137900,,,,,,
정보통신,정보통신공사업,6809,(주)한성기술단,,,330092,2137800,,,,,,
정보통신,정보통신공사업,6810,주식회사 유투,,,620221,2137100,,,,,,
정보통신,정보통신공사업,6811,주식회사 비전앤컴퍼니,,,620325,2136900,,,,,,
정보통신,정보통신공사업,6812,(주)동양타브,,,311556,2136600,,,,,,
정보통신,정보통신공사업,6813,주식회사 포트녹스,,,204122,2135000,,,,,,
정보통신,정보통신공사업,6814,(주)이은네트웍스,,,311313,2134900,,,,,,
정보통신,정보통신공사업,6815,주식회사 웨더코리아,,,550479,2134800,,,,,,
정보통신,정보통신공사업,6816,대신네트웍스(주),,,540311,2133000,,,,,,
정보통신,정보통신공사업,6817,(주)씨엠3,,,430190,2129900,,,,,,
정보통신,정보통신공사업,6818,제일영상이엔씨,,,112845,2128900,,,,,,
정보통신,정보통신공사업,6819,(주)천일정보통신,,,112726,2128500,,,,,,
정보통신,정보통신공사업,6820,(주)아이케이이앤지,,,120605,2127400,,,,,,
정보통신,정보통신공사업,6821,씨엔에스코리아(주),,,112184,2127100,,,,,,
정보통신,정보통신공사업,6822,(주)드림정보통신,,,330133,2127000,,,,,,
정보통신,정보통신공사업,6823,오성네트웍스,,,430153,2126600,,,,,,
정보통신,정보통신공사업,6824,주식회사 원아이티,,,530351,2126200,,,,,,
정보통신,정보통신공사업,6825,(주)노바투스,,,200662,2124800,,,,,,
정보통신,정보통신공사업,6826,젊은기술 주식회사,,,320449,2122600,,,,,,
정보통신,정보통신공사업,6827,주식회사 에스아이티컴,,,200631,2122100,,,,,,
정보통신,정보통신공사업,6828,동양정보산업(주),,,310658,2121900,,,,,,
정보통신,정보통신공사업,6828,나라전력(주),,,430253,2121900,,,,,,
정보통신,정보통신공사업,6830,(주)비젼텔레콤,,,112209,2121700,,,,,,
정보통신,정보통신공사업,6831,주식회사 와이제이정보기술,,,120150,2121100,,,,,,
정보통신,정보통신공사업,6832,동신정보기술 주식회사,,,350330,2120600,,,,,,
정보통신,정보통신공사업,6833,주식회사 한길커뮤니티,,,620303,2120200,,,,,,
정보통신,정보통신공사업,6834,대원경제,,,150619,2120000,,,,,,
정보통신,정보통신공사업,6835,한길씨앤씨(주),,,201860,2119900,,,,,,
정보통신,정보통신공사업,6835,신원전설(주),,,530045,2119900,,,,,,
정보통신,정보통신공사업,6837,"주식회사 아이오티스페이스(IOT SPACE Co., Ltd.)",,,204200,2119400,,,,,,
정보통신,정보통신공사업,6838,주식회사 이츠아이,,,420538,2118300,,,,,,
정보통신,정보통신공사업,6839,(주)진영전기통신,,,112399,2117800,,,,,,
정보통신,정보통신공사업,6840,주식회사 합성,,,330258,2117000,,,,,,
정보통신,정보통신공사업,6841,(주)디지털지구안테나,,,200721,2116100,,,,,,
정보통신,정보통신공사업,6842,제이씨엔울산중앙방송(주),,,520032,2114300,,,,,,
정보통신,정보통신공사업,6843,(주)엘씨유니택,,,520024,2113700,,,,,,
정보통신,정보통신공사업,6844,주식회사 동양정보통신,,,540341,2113200,,,,,,
정보통신,정보통신공사업,6845,온(ON),,,410241,2113100,,,,,,
정보통신,정보통신공사업,6846,주식회사 신라시스템,,,530236,2112200,,,,,,
정보통신,정보통신공사업,6847,태양정보통신,,,130180,2111200,,,,,,
정보통신,정보통신공사업,6848,원시스템 주식회사,,,330040,2111000,,,,,,
정보통신,정보통신공사업,6848,주식회사 바오밥테크놀로지,,,203677,2111000,,,,,,
정보통신,정보통신공사업,6850,주식회사 이지비앤티,,,310250,2110300,,,,,,
정보통신,정보통신공사업,6851,주식회사 심시스글로벌,,,203041,2110200,,,,,,
정보통신,정보통신공사업,6852,주식회사 비상정보통신,,,203193,2107900,,,,,,
정보통신,정보통신공사업,6853,주식회사 다온정보기술,,,630319,2107000,,,,,,
정보통신,정보통신공사업,6854,금안미디어텍,,,140468,2106900,,,,,,
정보통신,정보통신공사업,6855,세종일렉트릭 주식회사,,,350431,2106400,,,,,,
정보통신,정보통신공사업,6856,주식회사 엔스텝,,,540414,2106200,,,,,,
정보통신,정보통신공사업,6857,주식회사 휴먼네트,,,204130,2106100,,,,,,
정보통신,정보통신공사업,6858,주식회사 명지아이앤씨,,,203906,2106000,,,,,,
정보통신,정보통신공사업,6859,주식회사 브렌티,,,430267,2105700,,,,,,
정보통신,정보통신공사업,6860,(주)나사씨엔에스,,,200709,2105500,,,,,,
정보통신,정보통신공사업,6861,주식회사 모아,,,610100,2104400,,,,,,
정보통신,정보통신공사업,6862,(주)온누리넷컴,,,510020,2104200,,,,,,
정보통신,정보통신공사업,6863,주식회사 티알정보시스템,,,312107,2102000,,,,,,
정보통신,정보통신공사업,6864,(주)프리텍,,,410071,2101700,,,,,,
정보통신,정보통신공사업,6865,주식회사 서경씨엔티,,,430186,2101400,,,,,,
정보통신,정보통신공사업,6866,(주)이엠시스텍,,,510189,2101000,,,,,,
정보통신,정보통신공사업,6867,(주)울트라텔레콤,,,200337,2099100,,,,,,
정보통신,정보통신공사업,6868,우리기술산업 주식회사,,,610163,2099000,,,,,,
정보통신,정보통신공사업,6869,대성에프에이(주),,,140184,2098800,,,,,,
정보통신,정보통신공사업,6870,주식회사 대한이엔지,,,410298,2097900,,,,,,
정보통신,정보통신공사업,6871,주식회사 이더넷,,,203924,2097600,,,,,,
정보통신,정보통신공사업,6872,동아전자,,,540349,2096100,,,,,,
정보통신,정보통신공사업,6872,킹프라이스 주식회사,,,320442,2096100,,,,,,
정보통신,정보통신공사업,6874,유안정보통신(주),,,530055,2095900,,,,,,
정보통신,정보통신공사업,6875,주식회사 통인,,,610049,2095700,,,,,,
정보통신,정보통신공사업,6876,태성텔레콤(주),,,330136,2095300,,,,,,
정보통신,정보통신공사업,6877,주식회사 세진인포,,,310077,2095000,,,,,,
정보통신,정보통신공사업,6878,(주)티앤아이씨티,,,202598,2093000,,,,,,
정보통신,정보통신공사업,6879,주식회사 디에스아이씨,,,311647,2092900,,,,,,
정보통신,정보통신공사업,6880,주식회사 공신데이타,,,204026,2092300,,,,,,
정보통신,정보통신공사업,6881,(주)시선테크인,,,350176,2092200,,,,,,
정보통신,정보통신공사업,6882,주식회사 테눅스,,,203308,2091500,,,,,,
정보통신,정보통신공사업,6883,부영정보통신,,,120729,2091300,,,,,,
정보통신,정보통신공사업,6884,주식회사 율원전력,,,620156,2090500,,,,,,
정보통신,정보통신공사업,6885,주식회사 티앤티솔루션,,,203883,2090200,,,,,,
정보통신,정보통신공사업,6886,에이스종합관리 주식회사,,,204211,2089900,,,,,,
정보통신,정보통신공사업,6886,주식회사 은성에스아이티,,,630310,2089900,,,,,,
정보통신,정보통신공사업,6888,주식회사 태원전기통신,,,540225,2089400,,,,,,
정보통신,정보통신공사업,6889,주식회사 상상티엔에스,,,350488,2089300,,,,,,
정보통신,정보통신공사업,6890,아미정보통신,,,112475,2088900,,,,,,
정보통신,정보통신공사업,6891,주식회사 인컴엔지니어링,,,130499,2088500,,,,,,
정보통신,정보통신공사업,6892,부광하이텍 주식회사,,,330278,2088200,,,,,,
정보통신,정보통신공사업,6893,"리뉴어스 주식회사 (renewus Co., Ltd.)",,,310101,2088100,,,,,,
정보통신,정보통신공사업,6894,중앙전자통신,,,201750,2087400,,,,,,
정보통신,정보통신공사업,6895,"주식회사 하랑에스아이(HARANG SI Co., Ltd.)",,,203159,2087000,,,,,,
정보통신,정보통신공사업,6896,우수테크,,,311994,2086600,,,,,,
정보통신,정보통신공사업,6897,주식회사 엔와이컴퓨터,,,203984,2085700,,,,,,
정보통신,정보통신공사업,6898,주식회사 신광테크,,,610338,2085200,,,,,,
정보통신,정보통신공사업,6899,"주식회사 원시스템(Won system Co.,Ltd.)",,,320478,2084600,,,,,,
정보통신,정보통신공사업,6900,주식회사 백두안전공사,,,530382,2084200,,,,,,
정보통신,정보통신공사업,6901,주식회사 에프에스티테크놀로지,,,312053,2083400,,,,,,
정보통신,정보통신공사업,6902,(주)에이티에스인,,,620397,2082200,,,,,,
정보통신,정보통신공사업,6903,(주)케이사인,,,202078,2082100,,,,,,
정보통신,정보통신공사업,6904,(주)성신이앤씨,,,130375,2081900,,,,,,
정보통신,정보통신공사업,6905,에스시티 주식회사,,,440064,2081300,,,,,,
정보통신,정보통신공사업,6906,주식회사 청해정보기술,,,320530,2081000,,,,,,
정보통신,정보통신공사업,6907,(주)쇼우테크,,,550275,2080200,,,,,,
정보통신,정보통신공사업,6908,보문아이티통신 주식회사,,,540335,2079800,,,,,,
정보통신,정보통신공사업,6909,(주)서부전설,,,330111,2079600,,,,,,
정보통신,정보통신공사업,6910,하늘데이타통신(주),,,610069,2079400,,,,,,
정보통신,정보통신공사업,6911,승림이앤씨 주식회사,,,201297,2079200,,,,,,
정보통신,정보통신공사업,6911,(주)메디오피아테크,,,110869,2079200,,,,,,
정보통신,정보통신공사업,6913,(주)프로에스콤,,,202383,2077600,,,,,,
정보통신,정보통신공사업,6914,신화아이에스 주식회사,,,200455,2077200,,,,,,
정보통신,정보통신공사업,6914,"주식회사 아이엑스코(IEXCO Co., Ltd.)",,,204088,2077200,,,,,,
정보통신,정보통신공사업,6916,(주)다누아이앤티,,,200578,2077000,,,,,,
정보통신,정보통신공사업,6917,(주)이지에버텍,,,510310,2076200,,,,,,
정보통신,정보통신공사업,6917,주식회사 금해,,,550432,2076200,,,,,,
정보통신,정보통신공사업,6919,주식회사 제이에스정보통신,,,330135,2076100,,,,,,
정보통신,정보통신공사업,6920,주식회사 한림정보,,,150217,2075500,,,,,,
정보통신,정보통신공사업,6921,(주)디비테크,,,620218,2075400,,,,,,
정보통신,정보통신공사업,6922,주식회사 리산테크,,,203287,2075100,,,,,,
정보통신,정보통신공사업,6923,주식회사 가나아이씨티,,,550191,2075000,,,,,,
정보통신,정보통신공사업,6924,주식회사 아이씨티,,,620247,2074200,,,,,,
정보통신,정보통신공사업,6925,(주)지브이에스,,,530337,2073700,,,,,,
정보통신,정보통신공사업,6926,(주)엔케이정보통신,,,430031,2073600,,,,,,
정보통신,정보통신공사업,6927,(주)한국종합기술,,,311118,2072700,,,,,,
정보통신,정보통신공사업,6928,(주)하나윈정보기술,,,201435,2072600,,,,,,
정보통신,정보통신공사업,6929,(주)태전사,,,110612,2071800,,,,,,
정보통신,정보통신공사업,6930,주식회사 예스컴,,,420408,2071100,,,,,,
정보통신,정보통신공사업,6931,흥진통신(주),,,110203,2069500,,,,,,
정보통신,정보통신공사업,6932,(주)제일전력,,,130481,2068800,,,,,,
정보통신,정보통신공사업,6933,(주)더썬아이에스,,,630237,2067700,,,,,,
정보통신,정보통신공사업,6934,아이정보시스템,,,320149,2066900,,,,,,
정보통신,정보통신공사업,6935,잉스정보통신(주),,,420246,2066700,,,,,,
정보통신,정보통신공사업,6936,주식회사 운조정보통신,,,610058,2066300,,,,,,
정보통신,정보통신공사업,6937,로얄무선통신,,,150667,2066100,,,,,,
정보통신,정보통신공사업,6938,앱솔루트시스템(주),,,200331,2065800,,,,,,
정보통신,정보통신공사업,6939,"주식회사 트라피스(Trapeace Co. , Ltd.)",,,530414,2065200,,,,,,
정보통신,정보통신공사업,6940,에스에이치통신,,,311578,2064800,,,,,,
정보통신,정보통신공사업,6941,주식회사 아이포웨이,,,203641,2064700,,,,,,
정보통신,정보통신공사업,6942,드림테크놀로지,,,312087,2064100,,,,,,
정보통신,정보통신공사업,6942,제이에스엔 주식회사,,,630212,2064100,,,,,,
정보통신,정보통신공사업,6944,주식회사 이웃,,,540533,2064000,,,,,,
정보통신,정보통신공사업,6945,주식회사 이에스테크,,,350015,2063000,,,,,,
정보통신,정보통신공사업,6946,주식회사 시그널,,,620277,2062400,,,,,,
정보통신,정보통신공사업,6947,(주)새한이엔씨,,,350222,2062100,,,,,,
정보통신,정보통신공사업,6948,주식회사 은창,,,610358,2061200,,,,,,
정보통신,정보통신공사업,6948,(주)진코퍼레이션,,,201214,2061200,,,,,,
정보통신,정보통신공사업,6948,참빛파워텍 주식회사,,,311722,2061200,,,,,,
정보통신,정보통신공사업,6951,주식회사 성원전기,,,170130,2060800,,,,,,
정보통신,정보통신공사업,6952,하늘기업(주),,,610073,2060300,,,,,,
정보통신,정보통신공사업,6953,주식회사 수림건설,,,203955,2060100,,,,,,
정보통신,정보통신공사업,6953,(주)연합전설,,,120762,2060100,,,,,,
정보통신,정보통신공사업,6955,(주)인성전기통신,,,310943,2060000,,,,,,
정보통신,정보통신공사업,6956,(주)무림지앤아이,,,540239,2058700,,,,,,
정보통신,정보통신공사업,6956,"자이씨앤에이 주식회사 (XI C&A Co., Ltd.)",,,203535,2058700,,,,,,
정보통신,정보통신공사업,6958,(주)부국전력통신공사,,,140128,2057700,,,,,,
정보통신,정보통신공사업,6958,지안넥스(주),,,200940,2057700,,,,,,
정보통신,정보통신공사업,6960,아이에스정보기술(주),,,520093,2057600,,,,,,
정보통신,정보통신공사업,6961,(주)포스텍,,,310652,2057300,,,,,,
정보통신,정보통신공사업,6962,서광인포컴(주),,,120172,2057200,,,,,,
정보통신,정보통신공사업,6963,에이원정보통신,,,540234,2056100,,,,,,
정보통신,정보통신공사업,6963,주식회사 모아,,,640154,2056100,,,,,,
정보통신,정보통신공사업,6965,주식회사 대산정보통신,,,410335,2055300,,,,,,
정보통신,정보통신공사업,6966,(주)아이디테크,,,112683,2054800,,,,,,
정보통신,정보통신공사업,6967,다함테크,,,640174,2054500,,,,,,
정보통신,정보통신공사업,6968,(주)타키온,,,410083,2054400,,,,,,
정보통신,정보통신공사업,6969,(주)코스원,,,610149,2054100,,,,,,
정보통신,정보통신공사업,6970,키엔컴 주식회사,,,312145,2054000,,,,,,
정보통신,정보통신공사업,6971,주식회사 아름전력,,,200901,2053700,,,,,,
정보통신,정보통신공사업,6972,주식회사 알파앤오메가,,,311142,2053600,,,,,,
정보통신,정보통신공사업,6973,가이아스 주식회사,,,312311,2053400,,,,,,
정보통신,정보통신공사업,6974,주식회사 에이아이오투오,,,330288,2053100,,,,,,
정보통신,정보통신공사업,6975,주식회사 아이즈온솔루션,,,203639,2052800,,,,,,
정보통신,정보통신공사업,6976,주식회사 트리즈엠에스,,,312216,2052400,,,,,,
정보통신,정보통신공사업,6976,케이디음향,,,330223,2052400,,,,,,
정보통신,정보통신공사업,6978,호반블루에너지 주식회사,,,610458,2050700,,,,,,
정보통신,정보통신공사업,6979,(주)메가이엔지,,,310650,2050300,,,,,,
정보통신,정보통신공사업,6980,주식회사 한국,,,530281,2049500,,,,,,
정보통신,정보통신공사업,6981,(주)한성엔지니어링,,,311164,2048900,,,,,,
정보통신,정보통신공사업,6982,주원통신기술(주),,,200267,2048500,,,,,,
정보통신,정보통신공사업,6983,(주)신화이엔씨,,,620189,2047600,,,,,,
정보통신,정보통신공사업,6984,상유정보통신,,,130242,2045900,,,,,,
정보통신,정보통신공사업,6985,(주)오션컴,,,120576,2045500,,,,,,
정보통신,정보통신공사업,6985,대월기전 주식회사,,,203645,2045500,,,,,,
정보통신,정보통신공사업,6987,(주)넥스트코어테크놀로지,,,202605,2045300,,,,,,
정보통신,정보통신공사업,6987,델타전자통신,,,110439,2045300,,,,,,
정보통신,정보통신공사업,6989,주식회사 비즈넷정보통신,,,310055,2045000,,,,,,
정보통신,정보통신공사업,6990,주식회사 세왕,,,430008,2044700,,,,,,
정보통신,정보통신공사업,6991,주식회사 세인시스,,,203466,2043500,,,,,,
정보통신,정보통신공사업,6992,주식회사 루트브이,,,203866,2043400,,,,,,
정보통신,정보통신공사업,6993,주식회사 중앙엔지니어링,,,430142,2043300,,,,,,
정보통신,정보통신공사업,6993,삼우기전,,,510242,2043300,,,,,,
정보통신,정보통신공사업,6995,(주)수성엔지니어링,,,410266,2043200,,,,,,
정보통신,정보통신공사업,6995,주식회사 가나일렉트릭,,,550415,2043200,,,,,,
정보통신,정보통신공사업,6997,동화피에이산업(주),,,112155,2042800,,,,,,
정보통신,정보통신공사업,6998,(주)에이넷시스템,,,510278,2042500,,,,,,
정보통신,정보통신공사업,6999,주식회사 제이케이,,,610457,2040500,,,,,,
정보통신,정보통신공사업,7000,금화통신 주식회사,,,430232,2039800,,,,,,
정보통신,정보통신공사업,7001,(유)삼보정보통신,,,630098,2039500,,,,,,
정보통신,정보통신공사업,7002,(주)에스티,,,113370,2039200,,,,,,
정보통신,정보통신공사업,7003,주식회사 나인미디아,,,630221,2038600,,,,,,
정보통신,정보통신공사업,7004,(주)디오,,,311343,2038000,,,,,,
정보통신,정보통신공사업,7005,(주)세진전설,,,112652,2035500,,,,,,
정보통신,정보통신공사업,7006,주식회사 바스텍,,,420480,2034900,,,,,,
정보통신,정보통신공사업,7007,남도건설(주),,,140165,2034800,,,,,,
정보통신,정보통신공사업,7007,지엘에스이(주),,,201654,2034800,,,,,,
정보통신,정보통신공사업,7009,명가종합건설 주식회사,,,530331,2034500,,,,,,
정보통신,정보통신공사업,7010,주식회사 성진에이앤씨,,,320208,2034200,,,,,,
정보통신,정보통신공사업,7011,(주)누리넷,,,330139,2033400,,,,,,
정보통신,정보통신공사업,7012,주식회사 보미건설,,,203299,2033300,,,,,,
정보통신,정보통신공사업,7013,(주)대경이엠씨,,,540198,2032600,,,,,,
정보통신,정보통신공사업,7014,주식회사 유니윈즈,,,204212,2032300,,,,,,
정보통신,정보통신공사업,7015,빅테크 주식회사,,,202331,2032200,,,,,,
정보통신,정보통신공사업,7016,주식회사 세경이엔지,,,311691,2031800,,,,,,
정보통신,정보통신공사업,7017,태성씨앤씨(주),,,530191,2031100,,,,,,
정보통신,정보통신공사업,7018,한국아이비엠(주),,,112524,2031000,,,,,,
정보통신,정보통신공사업,7019,(주)삼진일렉컴,,,540329,2030600,,,,,,
정보통신,정보통신공사업,7020,신정일통신,,,610324,2030500,,,,,,
정보통신,정보통신공사업,7021,주식회사 유림전기통신,,,320356,2030400,,,,,,
정보통신,정보통신공사업,7022,주식회사 지엔아이,,,620252,2029700,,,,,,
정보통신,정보통신공사업,7023,(주)승촌전기통신,,,610251,2028600,,,,,,
정보통신,정보통신공사업,7024,(주)메가클라우드,,,311718,2028100,,,,,,
정보통신,정보통신공사업,7025,주식회사 티제이정보통신,,,311234,2028000,,,,,,
정보통신,정보통신공사업,7026,주식회사 마루정보통신,,,630307,2027900,,,,,,
정보통신,정보통신공사업,7027,(유)글로벌네트웍스,,,160194,2027500,,,,,,
정보통신,정보통신공사업,7028,(주)현대이엔지,,,410402,2026900,,,,,,
정보통신,정보통신공사업,7029,여명정보통신(주),,,130321,2025100,,,,,,
정보통신,정보통신공사업,7030,스피드컴 주식회사,,,520152,2025000,,,,,,
정보통신,정보통신공사업,7031,주식회사 지성이앤씨,,,410144,2024800,,,,,,
정보통신,정보통신공사업,7032,(주)제일테크,,,530085,2024300,,,,,,
정보통신,정보통신공사업,7033,코드시스템 주식회사,,,440080,2024200,,,,,,
정보통신,정보통신공사업,7034,주식회사 바로테크,,,430074,2024000,,,,,,
정보통신,정보통신공사업,7034,주식회사 엠포더스,,,350553,2024000,,,,,,
정보통신,정보통신공사업,7036,주식회사 아진정보기술,,,540425,2023200,,,,,,
정보통신,정보통신공사업,7037,화인시스템(주),,,530062,2022600,,,,,,
정보통신,정보통신공사업,7038,주식회사 믿음이엔지,,,330124,2022400,,,,,,
정보통신,정보통신공사업,7039,조아 주식회사,,,640095,2021700,,,,,,
정보통신,정보통신공사업,7040,(주)광명네트워크,,,311345,2021300,,,,,,
정보통신,정보통신공사업,7040,(주)비앤케이아이씨티,,,140450,2021300,,,,,,
정보통신,정보통신공사업,7042,주식회사 제이티이앤씨,,,200580,2020000,,,,,,
정보통신,정보통신공사업,7043,아이티웰 주식회사,,,550420,2019300,,,,,,
정보통신,정보통신공사업,7044,다온정보통신 주식회사,,,201480,2018700,,,,,,
정보통신,정보통신공사업,7045,주식회사 제이앤피정보통신,,,620265,2018600,,,,,,
정보통신,정보통신공사업,7046,(주)알파정보통신,,,311601,2016700,,,,,,
정보통신,정보통신공사업,7046,포스텍네트웍스(주),,,201804,2016700,,,,,,
정보통신,정보통신공사업,7048,(주)세종정보시스템,,,150627,2016100,,,,,,
정보통신,정보통신공사업,7049,(주)혜성이티에스,,,201705,2015800,,,,,,
정보통신,정보통신공사업,7050,(주)이화엔지니어링,,,110602,2015600,,,,,,
정보통신,정보통신공사업,7051,(주)지엔테크,,,110026,2013700,,,,,,
정보통신,정보통신공사업,7052,주식회사 쓰리에이치에스,,,204146,2013100,,,,,,
정보통신,정보통신공사업,7053,브니엘네이처 주식회사,,,320418,2012900,,,,,,
정보통신,정보통신공사업,7054,에스비엠텔레콤(주),,,202142,2012800,,,,,,
정보통신,정보통신공사업,7055,(주)에이펙스이에스씨,,,320346,2012700,,,,,,
정보통신,정보통신공사업,7056,주식회사 태승,,,170199,2011700,,,,,,
정보통신,정보통신공사업,7057,엘케이엠테크 주식회사,,,350487,2010200,,,,,,
정보통신,정보통신공사업,7058,(주)건아정보기술,,,540154,2009800,,,,,,
정보통신,정보통신공사업,7058,(주)아름씨엔씨,,,420159,2009800,,,,,,
정보통신,정보통신공사업,7058,주식회사 진솔루션,,,520148,2009800,,,,,,
정보통신,정보통신공사업,7061,주식회사 싱스웰,,,312361,2009600,,,,,,
정보통신,정보통신공사업,7062,주식회사 알티알 씨스템,,,312158,2009400,,,,,,
정보통신,정보통신공사업,7063,(주)넘버원시큐리티,,,312197,2008900,,,,,,
정보통신,정보통신공사업,7064,(주)대건전기,,,430259,2008700,,,,,,
정보통신,정보통신공사업,7065,주식회사 엠아이테크,,,130240,2008300,,,,,,
정보통신,정보통신공사업,7066,유한회사 삼인정보,,,610135,2007900,,,,,,
정보통신,정보통신공사업,7067,주식회사 멀티스퀘어 (MULTISQUARE),,,610298,2007200,,,,,,
정보통신,정보통신공사업,7068,성광정보통신,,,520164,2006800,,,,,,
정보통신,정보통신공사업,7069,주식회사 에이치티엠,,,203414,2006000,,,,,,
정보통신,정보통신공사업,7070,주식회사 씨앤에이치,,,320419,2005700,,,,,,
정보통신,정보통신공사업,7071,유한회사 유니온,,,610246,2004800,,,,,,
정보통신,정보통신공사업,7072,디에스에스아이 주식회사,,,440058,2004300,,,,,,
정보통신,정보통신공사업,7073,화성정보통신 주식회사,,,550523,2003700,,,,,,
정보통신,정보통신공사업,7074,(주)미디어플랜,,,202501,2003400,,,,,,
정보통신,정보통신공사업,7075,주식회사 유비엔,,,530403,2003300,,,,,,
정보통신,정보통신공사업,7076,(주)디지털코리아,,,202543,2002900,,,,,,
정보통신,정보통신공사업,7077,(주)아주건설,,,311285,2002700,,,,,,
정보통신,정보통신공사업,7077,대명텔레콤,,,540058,2002700,,,,,,
정보통신,정보통신공사업,7079,모아정보통신 주식회사,,,312289,2002400,,,,,,
정보통신,정보통신공사업,7080,(주)엔아이씨,,,530209,2001600,,,,,,
정보통신,정보통신공사업,7080,(주)하늘영상통신기술,,,350166,2001600,,,,,,
정보통신,정보통신공사업,7082,(주)씨젠이엔지,,,620155,2001100,,,,,,
정보통신,정보통신공사업,7083,주식회사 소와소,,,203787,2000600,,,,,,
정보통신,정보통신공사업,7084,주식회사 디 알 에스,,,312250,2000300,,,,,,
정보통신,정보통신공사업,7085,런네트시스템,,,120785,1999100,,,,,,
정보통신,정보통신공사업,7085,주식회사 태림정보통신,,,150262,1999100,,,,,,
정보통신,정보통신공사업,7087,해양전자,,,550125,1998600,,,,,,
정보통신,정보통신공사업,7088,주식회사 대산시스템,,,510012,1997600,,,,,,
정보통신,정보통신공사업,7089,주식회사 에스엔에이글로벌,,,203634,1996500,,,,,,
정보통신,정보통신공사업,7090,(주)케이아이정보통신,,,310762,1996400,,,,,,
정보통신,정보통신공사업,7090,(주)영전사,,,200777,1996400,,,,,,
정보통신,정보통신공사업,7092,(주)유디넷,,,530248,1996300,,,,,,
정보통신,정보통신공사업,7092,(주)더아이엠씨,,,530393,1996300,,,,,,
정보통신,정보통신공사업,7092,(주)이엠피서비스,,,201034,1996300,,,,,,
정보통신,정보통신공사업,7095,(주)다올아이티에스,,,350288,1995900,,,,,,
정보통신,정보통신공사업,7096,주식회사 씨엔케이네트워크,,,530457,1995600,,,,,,
정보통신,정보통신공사업,7097,주식회사 티제이솔루션,,,311752,1994000,,,,,,
정보통신,정보통신공사업,7098,주식회사 제이케이네트워크,,,420513,1993600,,,,,,
정보통신,정보통신공사업,7099,주식회사 대신전력,,,550265,1993500,,,,,,
정보통신,정보통신공사업,7100,에이브이에스텍(주),,,200568,1993200,,,,,,
정보통신,정보통신공사업,7101,주식회사 엘엑스,,,203563,1991500,,,,,,
정보통신,정보통신공사업,7102,주식회사 엠제이정보통신,,,130065,1991300,,,,,,
정보통신,정보통신공사업,7103,주식회사 디엑스티앤,,,203868,1991100,,,,,,
정보통신,정보통신공사업,7103,주식회사 정우이엔씨,,,530049,1991100,,,,,,
정보통신,정보통신공사업,7105,주식회사 올인원시스템,,,311380,1990900,,,,,,
정보통신,정보통신공사업,7106,주식회사 하랑정보,,,430161,1990000,,,,,,
정보통신,정보통신공사업,7107,주식회사 로그인,,,530308,1989400,,,,,,
정보통신,정보통신공사업,7108,(주)부경아이티씨(BugyeongITC Inc.),,,550286,1989100,,,,,,
정보통신,정보통신공사업,7109,(주)씨그테크,,,112968,1989000,,,,,,
정보통신,정보통신공사업,7110,(주)태경정보통신,,,311515,1988900,,,,,,
정보통신,정보통신공사업,7111,(주)네트워크다온,,,140443,1988400,,,,,,
정보통신,정보통신공사업,7112,주식회사 선명정보통신,,,112063,1988000,,,,,,
정보통신,정보통신공사업,7113,아름통신 주식회사,,,620362,1986900,,,,,,
정보통신,정보통신공사업,7114,주식회사 창언정보,,,610366,1986800,,,,,,
정보통신,정보통신공사업,7115,(주)비앤에스,,,520049,1986600,,,,,,
정보통신,정보통신공사업,7116,(주)코맥스넷,,,140074,1986000,,,,,,
정보통신,정보통신공사업,7117,주식회사 상상오,,,620300,1985300,,,,,,
정보통신,정보통신공사업,7118,유한회사 포머스,,,630313,1984500,,,,,,
정보통신,정보통신공사업,7119,주식회사 이인아이씨티,,,350266,1983200,,,,,,
정보통신,정보통신공사업,7120,퀀텀엣지 주식회사,,,420232,1983000,,,,,,
정보통신,정보통신공사업,7120,(주)에이텔정보기술,,,150502,1983000,,,,,,
정보통신,정보통신공사업,7122,주식회사 민성,,,520110,1982800,,,,,,
정보통신,정보통신공사업,7123,주식회사 이지정보기술,,,550208,1982700,,,,,,
정보통신,정보통신공사업,7124,주식회사 케이티씨씨엠,,,203884,1982500,,,,,,
정보통신,정보통신공사업,7124,주식회사 코어시스템즈,,,202947,1982500,,,,,,
정보통신,정보통신공사업,7126,유한회사 디에스정보통신,,,620321,1982300,,,,,,
정보통신,정보통신공사업,7127,(주)두전정보통신,,,420079,1981700,,,,,,
정보통신,정보통신공사업,7128,(주)아이티스,,,510392,1980600,,,,,,
정보통신,정보통신공사업,7128,신우산전,,,311210,1980600,,,,,,
정보통신,정보통신공사업,7130,주식회사 월드미디어,,,111681,1978800,,,,,,
정보통신,정보통신공사업,7131,새론정보통신,,,201026,1978700,,,,,,
정보통신,정보통신공사업,7132,"주식회사 이앤이(ENE Co.,Ltd)",,,330333,1977600,,,,,,
정보통신,정보통신공사업,7133,국민통신,,,170147,1976800,,,,,,
정보통신,정보통신공사업,7134,소리콤(주),,,201831,1976500,,,,,,
정보통신,정보통신공사업,7135,주식회사 천지,,,330158,1975500,,,,,,
정보통신,정보통신공사업,7136,주식회사 블루케이,,,330196,1974700,,,,,,
정보통신,정보통신공사업,7137,(유)딕스,,,160053,1974200,,,,,,
정보통신,정보통신공사업,7138,주식회사 경복전력,,,550320,1974000,,,,,,
정보통신,정보통신공사업,7139,주식회사 아이서티,,,420330,1973900,,,,,,
정보통신,정보통신공사업,7140,(주)지성전설,,,150541,1973700,,,,,,
정보통신,정보통신공사업,7141,주식회사 청연이엔지,,,410390,1973400,,,,,,
정보통신,정보통신공사업,7142,(주)엑스컴정보통신,,,310316,1972500,,,,,,
정보통신,정보통신공사업,7143,주식회사 이즈온,,,330359,1972200,,,,,,
정보통신,정보통신공사업,7144,텔스타에이전틱로보틱스 주식회사,,,312368,1971900,,,,,,
정보통신,정보통신공사업,7145,주식회사 이륙,,,550202,1971200,,,,,,
정보통신,정보통신공사업,7146,주식회사 이도아이티에스,,,440063,1970900,,,,,,
정보통신,정보통신공사업,7147,주식회사 준서전력,,,320106,1970000,,,,,,
정보통신,정보통신공사업,7148,문경컴퓨터정보통신,,,540435,1969800,,,,,,
정보통신,정보통신공사업,7149,(주)청구통신,,,530114,1969500,,,,,,
정보통신,정보통신공사업,7150,(주)누리아이티,,,550266,1969400,,,,,,
정보통신,정보통신공사업,7150,(주)보배이에스씨,,,330067,1969400,,,,,,
정보통신,정보통신공사업,7152,중원전력(주),,,540005,1969200,,,,,,
정보통신,정보통신공사업,7153,(주)제이씨정보통신,,,311441,1968600,,,,,,
정보통신,정보통신공사업,7154,(주)엔텍시스템,,,310720,1967300,,,,,,
정보통신,정보통신공사업,7155,은오아이티,,,320461,1966800,,,,,,
정보통신,정보통신공사업,7156,(주)한국알파시스템,,,330054,1966600,,,,,,
정보통신,정보통신공사업,7157,주식회사 정우아이티,,,130232,1966400,,,,,,
정보통신,정보통신공사업,7158,(주)천성정보통신,,,630059,1965800,,,,,,
정보통신,정보통신공사업,7159,(주)재성이엔씨,,,350004,1965300,,,,,,
정보통신,정보통신공사업,7160,(주)경원전력,,,201926,1964400,,,,,,
정보통신,정보통신공사업,7161,투윈스 주식회사,,,420227,1964300,,,,,,
정보통신,정보통신공사업,7162,주식회사 제브라,,,620382,1963800,,,,,,
정보통신,정보통신공사업,7163,주식회사 와이비정보시스템,,,203330,1961600,,,,,,
정보통신,정보통신공사업,7164,주식회사 신광네트워크,,,640117,1961400,,,,,,
정보통신,정보통신공사업,7165,주식회사 아이피코어,,,204050,1961300,,,,,,
정보통신,정보통신공사업,7166,파워텍 주식회사,,,330198,1960100,,,,,,
정보통신,정보통신공사업,7167,(주)강림아이티에스,,,510607,1959900,,,,,,
정보통신,정보통신공사업,7168,주식회사 엔티티코리아솔루션즈(NTT Korea Solutions Inc.),,,111988,1959400,,,,,,
정보통신,정보통신공사업,7169,(주)원광,,,540054,1958800,,,,,,
정보통신,정보통신공사업,7170,주식회사 수성이앤씨,,,350336,1958200,,,,,,
정보통신,정보통신공사업,7171,(주)아성넷,,,320167,1957400,,,,,,
정보통신,정보통신공사업,7172,주식회사 태원아이티,,,530452,1956900,,,,,,
정보통신,정보통신공사업,7173,주식회사 제이이엔씨,,,630219,1956700,,,,,,
정보통신,정보통신공사업,7174,삼현네트웍,,,120470,1956600,,,,,,
정보통신,정보통신공사업,7175,(주)유로전력,,,620231,1956500,,,,,,
정보통신,정보통신공사업,7176,유비넷(주),,,510045,1956100,,,,,,
정보통신,정보통신공사업,7177,주식회사 네오정보기술,,,430203,1956000,,,,,,
정보통신,정보통신공사업,7178,주식회사 한성디자인기획,,,204158,1955800,,,,,,
정보통신,정보통신공사업,7179,주식회사 다온아앤씨,,,540461,1955700,,,,,,
정보통신,정보통신공사업,7180,(주)아와소프트,,,311526,1953900,,,,,,
정보통신,정보통신공사업,7181,케일 주식회사,,,320348,1953400,,,,,,
정보통신,정보통신공사업,7182,미르정보기술,,,320336,1953200,,,,,,
정보통신,정보통신공사업,7183,주식회사 더블유아이티,,,540534,1952300,,,,,,
정보통신,정보통신공사업,7184,주식회사 우공시스템,,,311860,1951600,,,,,,
정보통신,정보통신공사업,7185,주식회사 유비솔루션,,,202137,1951400,,,,,,
정보통신,정보통신공사업,7186,(주)에세텔,,,420223,1950600,,,,,,
정보통신,정보통신공사업,7186,"주식회사 스마트정보 (SMART INFORMATION.CO.,LTD)",,,410427,1950600,,,,,,
정보통신,정보통신공사업,7188,(주)아이필넷,,,310619,1950300,,,,,,
정보통신,정보통신공사업,7189,주식회사 루하,,,620083,1950200,,,,,,
정보통신,정보통신공사업,7190,연우정보통신 주식회사,,,610340,1950100,,,,,,
정보통신,정보통신공사업,7191,대은정보,,,510753,1949000,,,,,,
정보통신,정보통신공사업,7192,(주)케이앤비시스템,,,201327,1948700,,,,,,
정보통신,정보통신공사업,7193,주식회사 에이치엠아이,,,510183,1948400,,,,,,
정보통신,정보통신공사업,7193,주식회사 금강에너텍,,,312049,1948400,,,,,,
정보통신,정보통신공사업,7195,(주)삼양전자통신,,,410216,1948200,,,,,,
정보통신,정보통신공사업,7195,주식회사 동부전기,,,410164,1948200,,,,,,
정보통신,정보통신공사업,7197,(주)코스코,,,630150,1947900,,,,,,
정보통신,정보통신공사업,7197,유니테크 주식회사,,,350395,1947900,,,,,,
정보통신,정보통신공사업,7199,(주)케이씨엔,,,330096,1947100,,,,,,
정보통신,정보통신공사업,7200,주식회사 삼현전력,,,200775,1947000,,,,,,
정보통신,정보통신공사업,7201,주식회사 제이에스일렉,,,110399,1946800,,,,,,
정보통신,정보통신공사업,7202,주식회사 다온시스템,,,311895,1946400,,,,,,
정보통신,정보통신공사업,7203,"(주)인프라엔이(INFRA&ECo.,LTD)",,,202389,1945700,,,,,,
정보통신,정보통신공사업,7204,에스아이 주식회사,,,330372,1945600,,,,,,
정보통신,정보통신공사업,7205,(주)에스제이이엔씨,,,350119,1945300,,,,,,
정보통신,정보통신공사업,7206,주식회사 대승정보,,,610322,1944600,,,,,,
정보통신,정보통신공사업,7207,주식회사 오펜하임시스템즈,,,203600,1944100,,,,,,
정보통신,정보통신공사업,7208,대진정보통신(주),,,330082,1943800,,,,,,
정보통신,정보통신공사업,7209,(주)룩스정보,,,540322,1943500,,,,,,
정보통신,정보통신공사업,7210,샤인엔지니어링 주식회사,,,420285,1943200,,,,,,
정보통신,정보통신공사업,7211,주식회사 광명전기통신,,,112920,1942300,,,,,,
정보통신,정보통신공사업,7211,주식회사 명성,,,111309,1942300,,,,,,
정보통신,정보통신공사업,7213,(주)뉴넷팝,,,110171,1942000,,,,,,
정보통신,정보통신공사업,7214,주식회사 원테크,,,610377,1941700,,,,,,
정보통신,정보통신공사업,7215,주식회사 다온앤,,,202917,1941600,,,,,,
정보통신,정보통신공사업,7216,주식회사 대방지,,,630186,1941400,,,,,,
정보통신,정보통신공사업,7217,주식회사 인큐비젼,,,350410,1941200,,,,,,
정보통신,정보통신공사업,7218,주식회사 화성전력,,,203140,1940900,,,,,,
정보통신,정보통신공사업,7219,(주)아이에스솔루션즈,,,202170,1939400,,,,,,
정보통신,정보통신공사업,7220,(주)신해전기건설,,,200837,1939100,,,,,,
정보통신,정보통신공사업,7221,대명지이씨 주식회사,,,203636,1938400,,,,,,
정보통신,정보통신공사업,7222,주식회사 에이아이씨티,,,312121,1937800,,,,,,
정보통신,정보통신공사업,7223,주식회사 투지시스템,,,201662,1936600,,,,,,
정보통신,정보통신공사업,7224,(주)한결이엔씨,,,640011,1936300,,,,,,
정보통신,정보통신공사업,7225,(주)극동통신,,,130492,1935900,,,,,,
정보통신,정보통신공사업,7226,주식회사 성원,,,110386,1935600,,,,,,
정보통신,정보통신공사업,7227,(주)무현정보통신,,,620198,1935200,,,,,,
정보통신,정보통신공사업,7228,(주)대명이앤씨,,,311352,1935000,,,,,,
정보통신,정보통신공사업,7229,비전텔레콤(주),,,350364,1933900,,,,,,
정보통신,정보통신공사업,7230,브라보정보통신(주),,,170160,1932800,,,,,,
정보통신,정보통신공사업,7231,주식회사 경남씨앤텍,,,550300,1931100,,,,,,
정보통신,정보통신공사업,7232,주식회사 베이넥스,,,201339,1930700,,,,,,
정보통신,정보통신공사업,7232,시큐솔루션(주),,,202243,1930700,,,,,,
정보통신,정보통신공사업,7234,주식회사 대한이엔씨,,,312436,1930200,,,,,,
정보통신,정보통신공사업,7235,코리아정보통신,,,111840,1930100,,,,,,
정보통신,정보통신공사업,7236,청강아이씨티 주식회사,,,640144,1929500,,,,,,
정보통신,정보통신공사업,7237,(주)더블유에스네트워크,,,430250,1928800,,,,,,
정보통신,정보통신공사업,7238,(주)미주정보통신,,,510551,1928100,,,,,,
정보통신,정보통신공사업,7239,(유)하나통신,,,160174,1927900,,,,,,
정보통신,정보통신공사업,7240,덕일이앤티(주),,,110873,1926700,,,,,,
정보통신,정보통신공사업,7241,주식회사 한진,,,330049,1926500,,,,,,
정보통신,정보통신공사업,7242,주식회사 에이치엘건설,,,330328,1926100,,,,,,
정보통신,정보통신공사업,7243,주식회사 스마트이엔씨,,,440010,1926000,,,,,,
정보통신,정보통신공사업,7244,(주)은진텔레콤,,,120121,1925500,,,,,,
정보통신,정보통신공사업,7245,(유)신도정보통신,,,630132,1925300,,,,,,
정보통신,정보통신공사업,7246,미디어테크,,,620309,1924900,,,,,,
정보통신,정보통신공사업,7247,주식회사 에스에이씨솔루션,,,350473,1924500,,,,,,
정보통신,정보통신공사업,7248,(주)대준아이씨티,,,520118,1924000,,,,,,
정보통신,정보통신공사업,7249,주식회사 웨이소프트,,,610261,1923800,,,,,,
정보통신,정보통신공사업,7250,주식회사 서하,,,440007,1923700,,,,,,
정보통신,정보통신공사업,7251,주식회사 프라임이앤씨,,,410381,1923500,,,,,,
정보통신,정보통신공사업,7252,(주)대흥기업,,,120466,1923100,,,,,,
정보통신,정보통신공사업,7253,주식회사 디제이엔지니어링,,,630305,1923000,,,,,,
정보통신,정보통신공사업,7254,태영이엔지 주식회사,,,520129,1922500,,,,,,
정보통신,정보통신공사업,7255,주식회사 윌코모시스템즈,,,430351,1922100,,,,,,
정보통신,정보통신공사업,7256,주식회사 이수이엔아이,,,430297,1921900,,,,,,
정보통신,정보통신공사업,7257,백두전기통신(주),,,111632,1921800,,,,,,
정보통신,정보통신공사업,7258,(주)에프엠,,,350494,1921500,,,,,,
정보통신,정보통신공사업,7259,유한회사 에이탑,,,610247,1920300,,,,,,
정보통신,정보통신공사업,7260,(주)쓰리컴에스,,,112749,1918900,,,,,,
정보통신,정보통신공사업,7261,주식회사 인터엠테크,,,140164,1918700,,,,,,
정보통신,정보통신공사업,7262,(주)구구전기통신,,,410166,1918500,,,,,,
정보통신,정보통신공사업,7263,(주)에스비엠,,,202756,1918100,,,,,,
정보통신,정보통신공사업,7264,세진텔레시스(주),,,310410,1917800,,,,,,
정보통신,정보통신공사업,7265,(주)보경이엔지,,,350111,1917400,,,,,,
정보통신,정보통신공사업,7266,(주)태산엔지니어링 건축사사무소,,,510201,1916800,,,,,,
정보통신,정보통신공사업,7267,(주)석창통신,,,430239,1916600,,,,,,
정보통신,정보통신공사업,7268,영주정보통신(주),,,540007,1916200,,,,,,
정보통신,정보통신공사업,7268,주식회사 그레이프네트웍스,,,203418,1916200,,,,,,
정보통신,정보통신공사업,7270,"주식회사 티원시스(T-ONE SYS Co.,Ltd.)",,,204155,1915900,,,,,,
정보통신,정보통신공사업,7271,세움종합건설 주식회사,,,630178,1915800,,,,,,
정보통신,정보통신공사업,7272,"주식회사 에스앤브이테크 (SNVTECH CO.,LTD)",,,203972,1915700,,,,,,
정보통신,정보통신공사업,7273,오성정보통신(주),,,550270,1915200,,,,,,
정보통신,정보통신공사업,7274,주식회사 동지전력,,,330056,1914800,,,,,,
정보통신,정보통신공사업,7275,(주)중선아이티씨,,,113227,1914400,,,,,,
정보통신,정보통신공사업,7276,고정전기통신 주식회사,,,550209,1913700,,,,,,
정보통신,정보통신공사업,7276,(주)에버비젼,,,200343,1913700,,,,,,
정보통신,정보통신공사업,7278,(주)청효이씨이,,,111444,1913400,,,,,,
정보통신,정보통신공사업,7279,"주식회사 에티버스이피에이 (ETEVERS ePA CO.,LTD.)",,,203277,1913100,,,,,,
정보통신,정보통신공사업,7279,드림라인(주),,,201774,1913100,,,,,,
정보통신,정보통신공사업,7281,다한지엔에스(주),,,330118,1912900,,,,,,
정보통신,정보통신공사업,7282,(주)네오플러스,,,202060,1912700,,,,,,
정보통신,정보통신공사업,7283,가람네오텍 주식회사,,,620390,1911200,,,,,,
정보통신,정보통신공사업,7284,주식회사 하랑정보통신,,,410271,1910600,,,,,,
정보통신,정보통신공사업,7285,(주)대산이엔씨,,,610081,1910500,,,,,,
정보통신,정보통신공사업,7286,(주)삼부연,,,330277,1909400,,,,,,
정보통신,정보통신공사업,7287,주식회사 디에스원,,,310134,1908600,,,,,,
정보통신,정보통신공사업,7288,이한전력 주식회사,,,150677,1908300,,,,,,
정보통신,정보통신공사업,7289,창원정보테크 주식회사,,,550492,1908200,,,,,,
정보통신,정보통신공사업,7290,(주)마스타통신,,,120688,1907600,,,,,,
정보통신,정보통신공사업,7291,주식회사 케이탑테크,,,540315,1907300,,,,,,
정보통신,정보통신공사업,7292,주식회사 서진이앤아이,,,350098,1906800,,,,,,
정보통신,정보통신공사업,7293,한국개발(주),,,150198,1906100,,,,,,
정보통신,정보통신공사업,7294,한양기전공업 주식회사,,,350428,1906000,,,,,,
정보통신,정보통신공사업,7295,(주)세홍산전,,,310098,1905500,,,,,,
정보통신,정보통신공사업,7295,주식회사 에스피엔텍,,,203714,1905500,,,,,,
정보통신,정보통신공사업,7297,삼정정보통신,,,110125,1904800,,,,,,
정보통신,정보통신공사업,7298,(주)한텔,,,140248,1904700,,,,,,
정보통신,정보통신공사업,7299,위즈팩토리(주),,,201399,1904200,,,,,,
정보통신,정보통신공사업,7300,(주)서현텔레콤,,,520085,1904000,,,,,,
정보통신,정보통신공사업,7301,세종기업(주),,,330122,1903800,,,,,,
정보통신,정보통신공사업,7302,(주)틴들코리아,,,202594,1903700,,,,,,
정보통신,정보통신공사업,7303,(주)오성이엔씨,,,330356,1900100,,,,,,
정보통신,정보통신공사업,7304,한국후지쯔(주),,,110598,1899500,,,,,,
정보통신,정보통신공사업,7305,삼성전자(주),,,110405,1899300,,,,,,
정보통신,정보통신공사업,7306,광명전기,,,540220,1898000,,,,,,
정보통신,정보통신공사업,7307,주식회사 케이알넷,,,430314,1896500,,,,,,
정보통신,정보통신공사업,7308,주식회사 아이엠알,,,620337,1895900,,,,,,
정보통신,정보통신공사업,7309,(주)디비엔,,,310600,1895700,,,,,,
정보통신,정보통신공사업,7310,제이씨와이 주식회사,,,350532,1894800,,,,,,
정보통신,정보통신공사업,7310,주식회사 명성이엔씨,,,320387,1894800,,,,,,
정보통신,정보통신공사업,7312,(주)코리아파워,,,640033,1894700,,,,,,
정보통신,정보통신공사업,7313,(주)동천아이엔씨,,,410190,1894300,,,,,,
정보통신,정보통신공사업,7314,(주)세명이앤씨,,,430251,1894200,,,,,,
정보통신,정보통신공사업,7315,(주)신한종합정보통신,,,110508,1893200,,,,,,
정보통신,정보통신공사업,7316,주식회사 케이알정보통신,,,150595,1892700,,,,,,
정보통신,정보통신공사업,7317,케이워터기술 주식회사,,,420475,1891400,,,,,,
정보통신,정보통신공사업,7318,주식회사 에이스,,,350160,1891300,,,,,,
정보통신,정보통신공사업,7319,주식회사 다올정보통신,,,320414,1891000,,,,,,
정보통신,정보통신공사업,7319,(주)유투에스알,,,202109,1891000,,,,,,
정보통신,정보통신공사업,7321,(주)동양전력,,,510448,1890900,,,,,,
정보통신,정보통신공사업,7322,삼정전기통신(주),,,130076,1890700,,,,,,
정보통신,정보통신공사업,7323,(주)케이정보,,,540231,1890200,,,,,,
정보통신,정보통신공사업,7324,주식회사 패밀리아,,,620349,1889900,,,,,,
정보통신,정보통신공사업,7325,주식회사 코아넷,,,550441,1889200,,,,,,
정보통신,정보통신공사업,7326,주식회사 동아테크솔루션,,,112240,1888800,,,,,,
정보통신,정보통신공사업,7327,주식회사 다온에프앤씨,,,112995,1888100,,,,,,
정보통신,정보통신공사업,7328,(주)넥시스정보,,,200038,1887800,,,,,,
정보통신,정보통신공사업,7329,주식회사 위드시스,,,350475,1887000,,,,,,
정보통신,정보통신공사업,7330,"주식회사 오리온아이(Orion I Co.,Ltd.)",,,311128,1886400,,,,,,
정보통신,정보통신공사업,7331,유한회사 해주,,,610335,1886300,,,,,,
정보통신,정보통신공사업,7332,(주)새누,,,202678,1886100,,,,,,
정보통신,정보통신공사업,7333,디에스앤피플 주식회사,,,140221,1885900,,,,,,
정보통신,정보통신공사업,7334,주식회사 국일전력,,,610021,1885300,,,,,,
정보통신,정보통신공사업,7335,(주)유동전력통신,,,410094,1884600,,,,,,
정보통신,정보통신공사업,7336,"주식회사 한성(HANSUNG CO.,  LTD.)",,,202875,1883900,,,,,,
정보통신,정보통신공사업,7337,주식회사 원영아이앤씨,,,311611,1883100,,,,,,
정보통신,정보통신공사업,7337,에이스통신,,,120784,1883100,,,,,,
정보통신,정보통신공사업,7339,(주)네온텍,,,510226,1882700,,,,,,
정보통신,정보통신공사업,7340,주식회사 이노테크,,,610255,1881800,,,,,,
정보통신,정보통신공사업,7340,주식회사 성우이엔지,,,350381,1881800,,,,,,
정보통신,정보통신공사업,7342,(주)세화정보통신,,,120312,1881000,,,,,,
정보통신,정보통신공사업,7343,(주)그루젠,,,201922,1880800,,,,,,
정보통신,정보통신공사업,7343,(주)지디시,,,110197,1880800,,,,,,
정보통신,정보통신공사업,7345,(주)고광,,,110351,1880700,,,,,,
정보통신,정보통신공사업,7346,(주)에프비정보통신,,,311333,1880400,,,,,,
정보통신,정보통신공사업,7347,금성통신건설(주),,,112394,1880300,,,,,,
정보통신,정보통신공사업,7348,다움이앤씨(주),,,410030,1878000,,,,,,
정보통신,정보통신공사업,7349,(주)제이앤씨시스템,,,420383,1877900,,,,,,
정보통신,정보통신공사업,7350,엔티시스템 주식회사,,,540247,1877800,,,,,,
정보통신,정보통신공사업,7351,주식회사 엠알티,,,620318,1877500,,,,,,
정보통신,정보통신공사업,7352,케이원,,,620301,1877400,,,,,,
정보통신,정보통신공사업,7353,주식회사 삼정엔지니어링,,,312190,1877200,,,,,,
정보통신,정보통신공사업,7353,(주)엘티정보통신,,,200494,1877200,,,,,,
정보통신,정보통신공사업,7355,정우통신,,,540258,1876900,,,,,,
정보통신,정보통신공사업,7356,웨이브넷 주식회사,,,311361,1876600,,,,,,
정보통신,정보통신공사업,7356,주식회사 한컴인스페이스,,,420293,1876600,,,,,,
정보통신,정보통신공사업,7358,주식회사 대원,,,330178,1876300,,,,,,
정보통신,정보통신공사업,7359,주식회사 다온이엔씨,,,540449,1875900,,,,,,
정보통신,정보통신공사업,7360,(주)에이케이지씨,,,201870,1875800,,,,,,
정보통신,정보통신공사업,7361,주식회사 가온이알텍,,,610331,1875200,,,,,,
정보통신,정보통신공사업,7362,주식회사 삼파랑,,,630368,1874900,,,,,,
정보통신,정보통신공사업,7363,주식회사 비스페이스,,,320331,1874800,,,,,,
정보통신,정보통신공사업,7364,주식회사 성연아이앤씨,,,311403,1874700,,,,,,
정보통신,정보통신공사업,7365,(주)대저건설,,,120686,1874500,,,,,,
정보통신,정보통신공사업,7366,이노인포컴,,,203158,1874400,,,,,,
정보통신,정보통신공사업,7367,주식회사 한영정보통신,,,311911,1874200,,,,,,
정보통신,정보통신공사업,7368,(주)신화네트웍스,,,410082,1873400,,,,,,
정보통신,정보통신공사업,7369,(주)지엘정보통신,,,130167,1873200,,,,,,
정보통신,정보통신공사업,7370,주식회사 라인미디어,,,550392,1872400,,,,,,
정보통신,정보통신공사업,7371,주식회사 선명아이씨티,,,520185,1872200,,,,,,
정보통신,정보통신공사업,7372,주식회사 서한글로벌,,,630235,1872000,,,,,,
정보통신,정보통신공사업,7372,"주식회사 케이씨티 (KCT co.,Ltd)",,,510700,1872000,,,,,,
정보통신,정보통신공사업,7374,이에스피(주),,,350134,1871900,,,,,,
정보통신,정보통신공사업,7375,(유)성현정보통신,,,160124,1871200,,,,,,
정보통신,정보통신공사업,7376,씨에이치천해정보통신(주),,,550330,1870300,,,,,,
정보통신,정보통신공사업,7377,주식회사 프롬,,,610339,1869700,,,,,,
정보통신,정보통신공사업,7378,에스넷정보통신,,,520168,1869500,,,,,,
정보통신,정보통신공사업,7379,주식회사 니즈,,,610232,1869300,,,,,,
정보통신,정보통신공사업,7380,주식회사 에이치제이,,,200650,1869200,,,,,,
정보통신,정보통신공사업,7381,주식회사 유현정보통신,,,112230,1869000,,,,,,
정보통신,정보통신공사업,7382,주식회사 나이스포유,,,202952,1868800,,,,,,
정보통신,정보통신공사업,7382,주식회사 보광,,,170135,1868800,,,,,,
정보통신,정보통신공사업,7384,한국케이블티브이푸른방송(주),,,150259,1868500,,,,,,
정보통신,정보통신공사업,7385,주식회사 제이에스넷,,,111674,1868200,,,,,,
정보통신,정보통신공사업,7386,원광이앤지(주),,,410113,1867900,,,,,,
정보통신,정보통신공사업,7387,주식회사 네모,,,630316,1866900,,,,,,
정보통신,정보통신공사업,7388,주식회사 씨앤시스,,,550373,1866800,,,,,,
정보통신,정보통신공사업,7389,청보엔지니어링 주식회사,,,110984,1866200,,,,,,
정보통신,정보통신공사업,7390,주식회사 테크원시스템,,,640157,1865700,,,,,,
정보통신,정보통신공사업,7391,(주)한울,,,350206,1865500,,,,,,
정보통신,정보통신공사업,7392,주식회사 구룡전기,,,530036,1864400,,,,,,
정보통신,정보통신공사업,7392,천광전업 주식회사,,,510743,1864400,,,,,,
정보통신,정보통신공사업,7394,주식회사 에이치제이앤씨,,,312606,1864200,,,,,,
정보통신,정보통신공사업,7395,주식회사 포항이앤씨,,,130158,1862900,,,,,,
정보통신,정보통신공사업,7396,주식회사 패스테크,,,610477,1862600,,,,,,
정보통신,정보통신공사업,7397,신아정보통신,,,510255,1862500,,,,,,
정보통신,정보통신공사업,7398,마리타임레디오,,,520078,1861700,,,,,,
정보통신,정보통신공사업,7399,알폰스테크(주),,,112051,1861500,,,,,,
정보통신,정보통신공사업,7400,와이즈정보기술,,,320357,1861400,,,,,,
정보통신,정보통신공사업,7401,주식회사 정음전력,,,111355,1860800,,,,,,
정보통신,정보통신공사업,7402,주식회사 달빛테크,,,540401,1860100,,,,,,
정보통신,정보통신공사업,7403,에스엠넷 주식회사,,,350292,1859700,,,,,,
정보통신,정보통신공사업,7404,주식회사 이안정보기술,,,530443,1859600,,,,,,
정보통신,정보통신공사업,7405,(주)신광전기,,,113074,1859500,,,,,,
정보통신,정보통신공사업,7406,티비엠테크 주식회사,,,203373,1859200,,,,,,
정보통신,정보통신공사업,7407,(주)화인엠앤에스,,,540279,1858800,,,,,,
정보통신,정보통신공사업,7408,(주)세종통신,,,530006,1858400,,,,,,
정보통신,정보통신공사업,7409,금성건설 주식회사,,,420306,1858300,,,,,,
정보통신,정보통신공사업,7410,케이웨더(주),,,113165,1857800,,,,,,
정보통신,정보통신공사업,7411,주식회사 테라시큐어,,,540479,1857700,,,,,,
정보통신,정보통신공사업,7412,주식회사 해연정보기술,,,510009,1857500,,,,,,
정보통신,정보통신공사업,7413,주식회사 에이치에스피,,,312196,1856900,,,,,,
정보통신,정보통신공사업,7414,주식회사 지앤씨엔지니어링,,,420353,1856600,,,,,,
정보통신,정보통신공사업,7415,(주)에이치애비뉴앤컴퍼니,,,202718,1855000,,,,,,
정보통신,정보통신공사업,7416,주식회사 기술법인세종,,,420494,1854800,,,,,,
정보통신,정보통신공사업,7417,(주)호원정보통신,,,120787,1854400,,,,,,
정보통신,정보통신공사업,7418,대건통신건설(주),,,110063,1853600,,,,,,
정보통신,정보통신공사업,7419,(주)테스콤,,,550487,1853400,,,,,,
정보통신,정보통신공사업,7420,두성선박전자(주),,,120451,1853300,,,,,,
정보통신,정보통신공사업,7421,보타리에너지(주),,,200743,1853100,,,,,,
정보통신,정보통신공사업,7422,주식회사 치우아이티,,,203068,1853000,,,,,,
정보통신,정보통신공사업,7423,코스타이엔지 주식회사,,,420394,1852800,,,,,,
정보통신,정보통신공사업,7424,(주)알파네트웍스,,,430155,1852700,,,,,,
정보통신,정보통신공사업,7425,(주)정인이앤씨,,,410344,1850400,,,,,,
정보통신,정보통신공사업,7426,"주식회사 페리도트테크 (PeridotTech Co., Ltd)",,,203732,1850000,,,,,,
정보통신,정보통신공사업,7427,코어네트웍스(주),,,130078,1848700,,,,,,
정보통신,정보통신공사업,7428,(주)경원씨앤에스,,,320175,1847900,,,,,,
정보통신,정보통신공사업,7429,뉴아이티 주식회사,,,410240,1847300,,,,,,
정보통신,정보통신공사업,7430,조은정보통신,,,550085,1847000,,,,,,
정보통신,정보통신공사업,7431,경북통신,,,530125,1846300,,,,,,
정보통신,정보통신공사업,7432,주식회사 케이엔에스경남보안,,,550364,1846100,,,,,,
정보통신,정보통신공사업,7433,주식회사 뉴탑엔지니어링,,,311745,1845400,,,,,,
정보통신,정보통신공사업,7434,상명이엔씨 주식회사,,,630220,1845300,,,,,,
정보통신,정보통신공사업,7435,(주)국제미디어,,,350178,1845200,,,,,,
정보통신,정보통신공사업,7436,육일전기공사 주식회사,,,203154,1844900,,,,,,
정보통신,정보통신공사업,7437,지원아이앤씨 주식회사,,,550045,1843900,,,,,,
정보통신,정보통신공사업,7438,씨에스정보기술,,,520031,1843800,,,,,,
정보통신,정보통신공사업,7439,주식회사 유피플러스,,,630196,1843000,,,,,,
정보통신,정보통신공사업,7440,주식회사 다온지능정보,,,550179,1842600,,,,,,
정보통신,정보통신공사업,7441,(주)라인테크,,,201423,1842400,,,,,,
정보통신,정보통신공사업,7442,주식회사 원,,,410197,1841900,,,,,,
정보통신,정보통신공사업,7443,주식회사 바로,,,311729,1841800,,,,,,
정보통신,정보통신공사업,7444,주식회사 에스티로직,,,202960,1840700,,,,,,
정보통신,정보통신공사업,7445,(유)원탑정보통신건설,,,140381,1840600,,,,,,
정보통신,정보통신공사업,7446,(주)엠텍통신,,,120709,1840300,,,,,,
정보통신,정보통신공사업,7447,주식회사 에코파워산업,,,202303,1840200,,,,,,
정보통신,정보통신공사업,7448,주식회사 신도종합사무기,,,610482,1839700,,,,,,
정보통신,정보통신공사업,7449,주식회사 라인전기공사,,,350214,1838100,,,,,,
정보통신,정보통신공사업,7450,주식회사 삼우에스비,,,320386,1837600,,,,,,
정보통신,정보통신공사업,7451,주식회사 스마트아진,,,320519,1837400,,,,,,
정보통신,정보통신공사업,7452,주식회사 에스에이이앤씨,,,610059,1836400,,,,,,
정보통신,정보통신공사업,7453,(주)강남전기,,,320139,1835700,,,,,,
정보통신,정보통신공사업,7454,(주)비즈정보통신,,,620173,1834800,,,,,,
정보통신,정보통신공사업,7455,주식회사 디에스네트웍스,,,312610,1834700,,,,,,
정보통신,정보통신공사업,7456,주식회사 젠솔소프트,,,204061,1834200,,,,,,
정보통신,정보통신공사업,7457,한보전설(주),,,540074,1833900,,,,,,
정보통신,정보통신공사업,7458,주식회사 미르텍,,,540505,1833300,,,,,,
정보통신,정보통신공사업,7459,주식회사 영진,,,311663,1833100,,,,,,
정보통신,정보통신공사업,7460,헤브런 주식회사,,,312525,1832300,,,,,,
정보통신,정보통신공사업,7461,주식회사 우남이엔지,,,200538,1832100,,,,,,
정보통신,정보통신공사업,7462,주식회사 가온,,,330087,1831800,,,,,,
정보통신,정보통신공사업,7462,주식회사 커뮤,,,420302,1831800,,,,,,
정보통신,정보통신공사업,7464,(주)하람정보통신,,,120316,1831400,,,,,,
정보통신,정보통신공사업,7464,하늘통신,,,550011,1831400,,,,,,
정보통신,정보통신공사업,7466,주식회사 아이엔티컴퍼니,,,312349,1831000,,,,,,
정보통신,정보통신공사업,7467,동양통신기술 주식회사,,,130316,1830700,,,,,,
정보통신,정보통신공사업,7468,(주)한울네트웍,,,110035,1830600,,,,,,
정보통신,정보통신공사업,7468,우석전자씨스템(주),,,111360,1830600,,,,,,
정보통신,정보통신공사업,7470,주식회사 윈테크시스템,,,630109,1830300,,,,,,
정보통신,정보통신공사업,7471,세진시스템,,,530069,1829500,,,,,,
정보통신,정보통신공사업,7472,(주)명품시스템,,,420115,1829000,,,,,,
정보통신,정보통신공사업,7473,주식회사 에스엠,,,630285,1828700,,,,,,
정보통신,정보통신공사업,7474,주식회사 에스디,,,310502,1827600,,,,,,
정보통신,정보통신공사업,7475,(주)서울정보컴,,,111696,1827500,,,,,,
정보통신,정보통신공사업,7476,(주)안국정보통신,,,201599,1827100,,,,,,
정보통신,정보통신공사업,7477,하누리광통신,,,430303,1826900,,,,,,
정보통신,정보통신공사업,7478,주식회사 지오앤에스,,,640138,1826800,,,,,,
정보통신,정보통신공사업,7479,아이엔지텍(주),,,150674,1826600,,,,,,
정보통신,정보통신공사업,7480,(주)다인시스,,,310933,1826100,,,,,,
정보통신,정보통신공사업,7481,주식회사 수우,,,510170,1825700,,,,,,
정보통신,정보통신공사업,7482,(주)인에스,,,430081,1825500,,,,,,
정보통신,정보통신공사업,7483,(주)창승전력,,,130496,1824800,,,,,,
정보통신,정보통신공사업,7484,주식회사 부산정보기술,,,510769,1823700,,,,,,
정보통신,정보통신공사업,7485,주식회사 두원넷,,,320334,1822800,,,,,,
정보통신,정보통신공사업,7486,청우기전 주식회사,,,202933,1821600,,,,,,
정보통신,정보통신공사업,7487,주식회사 한국방재기술단,,,410007,1821200,,,,,,
정보통신,정보통신공사업,7487,세명미디어,,,510208,1821200,,,,,,
정보통신,정보통신공사업,7489,(주)신성네트워크,,,310613,1821000,,,,,,
정보통신,정보통신공사업,7490,광진이엔지(주),,,430172,1820700,,,,,,
정보통신,정보통신공사업,7491,세빌(주),,,510449,1820300,,,,,,
정보통신,정보통신공사업,7492,해랑정보기술(주),,,312303,1820100,,,,,,
정보통신,정보통신공사업,7493,주식회사 윈텍정보통신,,,203495,1820000,,,,,,
정보통신,정보통신공사업,7494,주식회사 이오테크,,,311232,1819600,,,,,,
정보통신,정보통신공사업,7494,와이넷 주식회사,,,350367,1819600,,,,,,
정보통신,정보통신공사업,7496,일양전설 주식회사,,,312470,1819100,,,,,,
정보통신,정보통신공사업,7497,광진통신(주),,,120457,1818400,,,,,,
정보통신,정보통신공사업,7498,(주)코콤네트워크,,,510087,1817000,,,,,,
정보통신,정보통신공사업,7499,신정테크,,,120447,1816800,,,,,,
정보통신,정보통신공사업,7500,두리통신 주식회사,,,610210,1816500,,,,,,
정보통신,정보통신공사업,7500,주식회사 화인이앤씨,,,120364,1816500,,,,,,
정보통신,정보통신공사업,7502,주식회사 제주이앤지,,,640104,1815600,,,,,,
정보통신,정보통신공사업,7503,금강종합건설 주식회사,,,430320,1815000,,,,,,
정보통신,정보통신공사업,7504,이쎌 주식회사,,,350295,1814600,,,,,,
정보통신,정보통신공사업,7505,주식회사 테라텍,,,203425,1813800,,,,,,
정보통신,정보통신공사업,7505,(주)티움인프라,,,620357,1813800,,,,,,
정보통신,정보통신공사업,7507,(주)연희정보통신기술,,,330283,1813700,,,,,,
정보통신,정보통신공사업,7508,(주)위드유통신,,,311072,1813600,,,,,,
정보통신,정보통신공사업,7508,주식회사 신화데이타,,,311954,1813600,,,,,,
정보통신,정보통신공사업,7510,주식회사 일성정보기술,,,510238,1813500,,,,,,
정보통신,정보통신공사업,7511,성호통신,,,150219,1812900,,,,,,
정보통신,정보통신공사업,7512,(주)무진아이앤씨,,,510457,1812300,,,,,,
정보통신,정보통신공사업,7513,(주)테라이에프씨,,,410249,1811800,,,,,,
정보통신,정보통신공사업,7514,대도정보통신,,,320029,1811100,,,,,,
정보통신,정보통신공사업,7515,주식회사 지에스,,,630193,1810900,,,,,,
정보통신,정보통신공사업,7516,(주)건우전기,,,620392,1810400,,,,,,
정보통신,정보통신공사업,7516,주식회사 퀀텀커뮤니케이션,,,440008,1810400,,,,,,
정보통신,정보통신공사업,7518,(주)메디전자,,,311296,1809600,,,,,,
정보통신,정보통신공사업,7518,한진전자통신(주),,,420032,1809600,,,,,,
정보통신,정보통신공사업,7520,(주)에이치제이통신,,,112456,1808700,,,,,,
정보통신,정보통신공사업,7521,"양우종합건설 주식회사(Yang Woo Engineering & Construction Co., Ltd.)",,,200413,1808300,,,,,,
정보통신,정보통신공사업,7522,주식회사 아이엔,,,520170,1808100,,,,,,
정보통신,정보통신공사업,7523,주식회사 연성정보통신,,,350484,1807600,,,,,,
정보통신,정보통신공사업,7524,(주)아이피,,,430159,1807100,,,,,,
정보통신,정보통신공사업,7525,"주식회사 토코스(TOCOS Co.,Ltd.)",,,530422,1806900,,,,,,
정보통신,정보통신공사업,7526,주식회사 현우전력,,,640047,1806700,,,,,,
정보통신,정보통신공사업,7527,(주)성진,,,410075,1806200,,,,,,
정보통신,정보통신공사업,7528,주식회사 미르엘코,,,630317,1805400,,,,,,
정보통신,정보통신공사업,7528,(주)영진,,,170055,1805400,,,,,,
정보통신,정보통신공사업,7530,하나통신,,,550460,1805300,,,,,,
정보통신,정보통신공사업,7531,주식회사 윤우아이에스,,,312171,1805100,,,,,,
정보통신,정보통신공사업,7532,"주식회사 헤라넷(HERA NET Co., Ltd.)",,,320400,1805000,,,,,,
정보통신,정보통신공사업,7533,주식회사 뉴미디어,,,610365,1804800,,,,,,
정보통신,정보통신공사업,7533,(주)인우이앤지,,,320031,1804800,,,,,,
정보통신,정보통신공사업,7535,주식회사 커넥트온,,,620398,1804300,,,,,,
정보통신,정보통신공사업,7536,(주)삼정시스템,,,510611,1804200,,,,,,
정보통신,정보통신공사업,7537,유한회사 지명정보,,,610317,1803100,,,,,,
정보통신,정보통신공사업,7538,(주)휴넷가이아,,,620352,1802600,,,,,,
정보통신,정보통신공사업,7539,(주)대명통신,,,120492,1802200,,,,,,
정보통신,정보통신공사업,7540,(주)투비리더스,,,201592,1801700,,,,,,
정보통신,정보통신공사업,7540,(주)아이티시스,,,112619,1801700,,,,,,
정보통신,정보통신공사업,7540,주식회사 더올아이티,,,202822,1801700,,,,,,
정보통신,정보통신공사업,7543,(주)그린플로우,,,311095,1801200,,,,,,
정보통신,정보통신공사업,7544,(주)이스턴네트웍스,,,200938,1800900,,,,,,
정보통신,정보통신공사업,7545,주식회사 이에스테크,,,630333,1800500,,,,,,
정보통신,정보통신공사업,7545,(주)정담통신,,,140475,1800500,,,,,,
정보통신,정보통신공사업,7547,(주)국민산업,,,110393,1800300,,,,,,
정보통신,정보통신공사업,7548,주식회사 이케이,,,160112,1797100,,,,,,
정보통신,정보통신공사업,7549,현대통신공사,,,113248,1795900,,,,,,
정보통신,정보통신공사업,7550,모루시스템(주),,,310736,1795400,,,,,,
정보통신,정보통신공사업,7551,(주)수호시스템,,,330300,1794900,,,,,,
정보통신,정보통신공사업,7552,제일정보통신(합),,,410086,1794700,,,,,,
정보통신,정보통신공사업,7553,(유)티엠네트웍스,,,330030,1793000,,,,,,
정보통신,정보통신공사업,7554,주식회사 태양전기,,,113253,1792900,,,,,,
정보통신,정보통신공사업,7555,(주)삼일통신,,,111694,1792700,,,,,,
정보통신,정보통신공사업,7556,주식회사 한솔정보,,,320255,1792600,,,,,,
정보통신,정보통신공사업,7557,(주)한양전자통신,,,150362,1792400,,,,,,
정보통신,정보통신공사업,7558,(주)에스제이네트웍스,,,430106,1791600,,,,,,
정보통신,정보통신공사업,7559,주식회사 신세계아이씨티,,,510647,1791300,,,,,,
정보통신,정보통신공사업,7560,주식회사 에스제이정보통신,,,610473,1791000,,,,,,
정보통신,정보통신공사업,7561,주식회사 에스유에스,,,550368,1790300,,,,,,
정보통신,정보통신공사업,7562,(주)삼성정보통신,,,430009,1789800,,,,,,
정보통신,정보통신공사업,7563,진성네트웍스주식회사,,,430130,1788400,,,,,,
정보통신,정보통신공사업,7564,엘투이 주식회사,,,312086,1788200,,,,,,
정보통신,정보통신공사업,7565,주식회사 제이에스전기통신,,,311328,1788000,,,,,,
정보통신,정보통신공사업,7566,(주)웅비정보통신,,,111169,1787900,,,,,,
정보통신,정보통신공사업,7567,(주)후니드,,,201644,1786900,,,,,,
정보통신,정보통신공사업,7568,주식회사 유플렉스소프트,,,203767,1786800,,,,,,
정보통신,정보통신공사업,7569,에스피에스주차관제(주),,,202595,1786600,,,,,,
정보통신,정보통신공사업,7570,피앤씨테크(주),,,311043,1786400,,,,,,
정보통신,정보통신공사업,7570,(주)아이티벨리,,,200420,1786400,,,,,,
정보통신,정보통신공사업,7572,주식회사 이케이전력,,,430201,1786200,,,,,,
정보통신,정보통신공사업,7573,이한기술단(주),,,510617,1785600,,,,,,
정보통신,정보통신공사업,7574,주식회사 세인티(SAINTI Inc.),,,350521,1785500,,,,,,
정보통신,정보통신공사업,7575,주식회사 선우네트워크,,,203652,1784900,,,,,,
정보통신,정보통신공사업,7576,주식회사 플러스전력,,,350188,1784700,,,,,,
정보통신,정보통신공사업,7576,주식회사 해성이엔지,,,312481,1784700,,,,,,
정보통신,정보통신공사업,7578,(주)켐트로닉스,,,440053,1784600,,,,,,
정보통신,정보통신공사업,7578,주식회사 블루넷,,,620131,1784600,,,,,,
정보통신,정보통신공사업,7580,고려정보통신공사,,,150623,1784400,,,,,,
정보통신,정보통신공사업,7581,(주)동일,,,140425,1784300,,,,,,
정보통신,정보통신공사업,7582,대주정보통신,,,170080,1784000,,,,,,
정보통신,정보통신공사업,7583,유한회사 지우,,,630294,1783700,,,,,,
정보통신,정보통신공사업,7584,주식회사 디케이테크인,,,312356,1783500,,,,,,
정보통신,정보통신공사업,7585,제이에스정보통신 주식회사,,,550394,1783300,,,,,,
정보통신,정보통신공사업,7586,합자회사 현진,,,330352,1783200,,,,,,
정보통신,정보통신공사업,7586,아주전자시스템(주),,,110111,1783200,,,,,,
정보통신,정보통신공사업,7588,(주)케이비글로벌미디어,,,350236,1783000,,,,,,
정보통신,정보통신공사업,7588,"아이팜 주식회사(i-farm Co., Ltd.)",,,540411,1783000,,,,,,
정보통신,정보통신공사업,7590,(주)담인,,,311891,1782800,,,,,,
정보통신,정보통신공사업,7591,동방전기 주식회사,,,550512,1782600,,,,,,
정보통신,정보통신공사업,7592,우석전자통신공업,,,111090,1781700,,,,,,
정보통신,정보통신공사업,7593,(주)한국공항정보기술,,,111891,1781600,,,,,,
정보통신,정보통신공사업,7594,3tech,,,410285,1781500,,,,,,
정보통신,정보통신공사업,7595,주식회사 아리아,,,203195,1781300,,,,,,
정보통신,정보통신공사업,7596,우원정보기술(주),,,120766,1780300,,,,,,
정보통신,정보통신공사업,7597,예원정보통신(주),,,410026,1778500,,,,,,
정보통신,정보통신공사업,7598,선백송전기 주식회사,,,312150,1778400,,,,,,
정보통신,정보통신공사업,7599,제승정보통신,,,640022,1778000,,,,,,
정보통신,정보통신공사업,7600,주식회사 일성정보통신,,,312397,1777500,,,,,,
정보통신,정보통신공사업,7601,(주)씨앤씨전력,,,200415,1777200,,,,,,
정보통신,정보통신공사업,7602,주식회사 경우테크(KYUNG WOO TECH),,,203517,1777000,,,,,,
정보통신,정보통신공사업,7603,(주)승원네트웍스,,,170201,1776700,,,,,,
정보통신,정보통신공사업,7604,(주)콤텍피엔씨,,,200014,1776500,,,,,,
정보통신,정보통신공사업,7605,주식회사 금수정보테크,,,620343,1775700,,,,,,
정보통신,정보통신공사업,7606,주식회사 아이티아이즈,,,202996,1774400,,,,,,
정보통신,정보통신공사업,7607,(유)한일통신,,,140253,1774200,,,,,,
정보통신,정보통신공사업,7608,주식회사 가람산업개발,,,610297,1773700,,,,,,
정보통신,정보통신공사업,7609,(주)지우정보통신,,,410318,1773600,,,,,,
정보통신,정보통신공사업,7610,한솔미디어,,,430266,1773400,,,,,,
정보통신,정보통신공사업,7611,유한회사 스마트코리아,,,630194,1773200,,,,,,
정보통신,정보통신공사업,7612,주식회사 칼라,,,203909,1773000,,,,,,
정보통신,정보통신공사업,7613,(주)에이아이이엔지,,,350385,1772700,,,,,,
정보통신,정보통신공사업,7614,주식회사 태광정보통신,,,130262,1772600,,,,,,
정보통신,정보통신공사업,7614,주식회사 에이비씨오토매틱 (ABCautomatic Inc.),,,203845,1772600,,,,,,
정보통신,정보통신공사업,7616,(주)이레정보통신기술,,,510638,1772500,,,,,,
정보통신,정보통신공사업,7617,주식회사 제이엠미디어테크,,,204035,1772100,,,,,,
정보통신,정보통신공사업,7618,주식회사 대현정보통신,,,200426,1772000,,,,,,
정보통신,정보통신공사업,7619,주식회사 인투정보,,,203545,1771800,,,,,,
정보통신,정보통신공사업,7620,(주)애린테크,,,201357,1771700,,,,,,
정보통신,정보통신공사업,7621,(주)코마,,,202456,1771600,,,,,,
정보통신,정보통신공사업,7622,주식회사 인프라,,,510716,1771300,,,,,,
정보통신,정보통신공사업,7623,알파,,,550171,1771200,,,,,,
정보통신,정보통신공사업,7624,(주)엘씨케이,,,610179,1770600,,,,,,
정보통신,정보통신공사업,7625,하우솔루션주식회사,,,312557,1770400,,,,,,
정보통신,정보통신공사업,7625,(주)스마트디앤씨,,,201176,1770400,,,,,,
정보통신,정보통신공사업,7627,주식회사 엘에스아이,,,420453,1768700,,,,,,
정보통신,정보통신공사업,7628,골든엑세스(주),,,311530,1768000,,,,,,
정보통신,정보통신공사업,7628,주식회사 그랜드썬기술단,,,510683,1768000,,,,,,
정보통신,정보통신공사업,7630,(주)대원네시스,,,112888,1767700,,,,,,
정보통신,정보통신공사업,7631,큰나무 주식회사,,,540298,1767000,,,,,,
정보통신,정보통신공사업,7632,주식회사 엠브이트론,,,201499,1766900,,,,,,
정보통신,정보통신공사업,7633,상하정보기술,,,530285,1766600,,,,,,
정보통신,정보통신공사업,7634,(주)현성,,,530071,1766500,,,,,,
정보통신,정보통신공사업,7634,주식회사 대한전력,,,110562,1766500,,,,,,
정보통신,정보통신공사업,7636,주식회사 엔지아이,,,630348,1765200,,,,,,
정보통신,정보통신공사업,7637,(주)한보테크,,,150214,1765000,,,,,,
정보통신,정보통신공사업,7638,주식회사 인정이엔씨,,,150481,1764400,,,,,,
정보통신,정보통신공사업,7639,HP정보통신,,,540286,1764300,,,,,,
정보통신,정보통신공사업,7640,주식회사 피스코이엔씨,,,202589,1764200,,,,,,
정보통신,정보통신공사업,7640,(주)오투정보통신,,,202576,1764200,,,,,,
정보통신,정보통신공사업,7642,(주)모빌리티정보통신,,,350502,1764100,,,,,,
정보통신,정보통신공사업,7643,주식회사 에버정보기술,,,420274,1763900,,,,,,
정보통신,정보통신공사업,7644,주식회사 유이피,,,610260,1763700,,,,,,
정보통신,정보통신공사업,7645,주식회사 재현산업,,,420026,1762200,,,,,,
정보통신,정보통신공사업,7646,주식회사 유성네트웍스,,,530327,1761400,,,,,,
정보통신,정보통신공사업,7647,동아건설산업(주),,,200800,1760800,,,,,,
정보통신,정보통신공사업,7648,주식회사 제이에스솔루션,,,320511,1760000,,,,,,
정보통신,정보통신공사업,7649,(주)대한정보,,,150587,1759400,,,,,,
정보통신,정보통신공사업,7650,(주)한솔엔지니어링,,,620060,1757400,,,,,,
정보통신,정보통신공사업,7651,다람정보통신,,,112798,1757200,,,,,,
정보통신,정보통신공사업,7652,태극전기통신,,,150519,1757000,,,,,,
정보통신,정보통신공사업,7653,삼영전자통신,,,540265,1756300,,,,,,
정보통신,정보통신공사업,7654,주식회사 신화아이티,,,310185,1755600,,,,,,
정보통신,정보통신공사업,7655,(주)예스텍,,,510229,1755400,,,,,,
정보통신,정보통신공사업,7656,대유통신(주),,,620172,1755100,,,,,,
정보통신,정보통신공사업,7656,티오티시스템(주),,,320161,1755100,,,,,,
정보통신,정보통신공사업,7658,신한종합건설(주),,,111637,1754900,,,,,,
정보통신,정보통신공사업,7659,유한회사 번영,,,630225,1754600,,,,,,
정보통신,정보통신공사업,7659,봉화정보통신(주),,,540190,1754600,,,,,,
정보통신,정보통신공사업,7661,미가건설 주식회사,,,320276,1754100,,,,,,
정보통신,정보통신공사업,7662,주식회사 계룡전기,,,420297,1753800,,,,,,
정보통신,정보통신공사업,7662,해광전력(주),,,311712,1753800,,,,,,
정보통신,정보통신공사업,7664,지심전기(주),,,201427,1753700,,,,,,
정보통신,정보통신공사업,7665,우리네트웍스(주),,,620241,1753000,,,,,,
정보통신,정보통신공사업,7665,브이산업 주식회사,,,620246,1753000,,,,,,
정보통신,정보통신공사업,7667,주식회사 삼영이티씨산업,,,330284,1752700,,,,,,
정보통신,정보통신공사업,7668,(주)범양이엔씨,,,110242,1752600,,,,,,
정보통신,정보통신공사업,7669,주식회사 예섬,,,550323,1752500,,,,,,
정보통신,정보통신공사업,7670,일성정보통신,,,550133,1752000,,,,,,
정보통신,정보통신공사업,7670,(주)하나로네트웍스,,,550069,1752000,,,,,,
정보통신,정보통신공사업,7672,주식회사 씨앤에스미디어,,,430268,1751700,,,,,,
정보통신,정보통신공사업,7673,세방전지총판(주),,,640017,1751200,,,,,,
정보통신,정보통신공사업,7674,주식회사 와이정보통신,,,420462,1750600,,,,,,
정보통신,정보통신공사업,7675,(주)큐센텍,,,330273,1750100,,,,,,
정보통신,정보통신공사업,7676,대지정보통신(주),,,550253,1749600,,,,,,
정보통신,정보통신공사업,7677,두성이앤씨주식회사,,,312367,1749500,,,,,,
정보통신,정보통신공사업,7678,이령통신,,,430270,1749300,,,,,,
정보통신,정보통신공사업,7679,"주식회사 미디어캔(MEDIACAN Co., Ltd.)",,,203405,1748900,,,,,,
정보통신,정보통신공사업,7680,주식회사 드림전자피에이,,,203610,1748600,,,,,,
정보통신,정보통신공사업,7681,부광정보통신,,,550107,1748100,,,,,,
정보통신,정보통신공사업,7682,주식회사 범진아이앤씨,,,311884,1747200,,,,,,
정보통신,정보통신공사업,7683,피벗텍시스템,,,310200,1747100,,,,,,
정보통신,정보통신공사업,7684,주식회사 중앙정보기술,,,610387,1747000,,,,,,
정보통신,정보통신공사업,7685,영광전설 주식회사,,,520157,1746400,,,,,,
정보통신,정보통신공사업,7686,(주)세종통신,,,510077,1746200,,,,,,
정보통신,정보통신공사업,7687,주식회사 경북부강,,,310915,1745500,,,,,,
정보통신,정보통신공사업,7688,주식회사 온택,,,202391,1745100,,,,,,
정보통신,정보통신공사업,7688,주식회사 디에이씨엔에스,,,640175,1745100,,,,,,
정보통신,정보통신공사업,7690,주식회사 인터포스트,,,204005,1744900,,,,,,
정보통신,정보통신공사업,7691,태현전력 주식회사,,,312310,1744600,,,,,,
정보통신,정보통신공사업,7692,주식회사 백석정보통신,,,610343,1743000,,,,,,
정보통신,정보통신공사업,7693,유한회사 미래정보통신,,,630265,1741800,,,,,,
정보통신,정보통신공사업,7694,주식회사 수성정보통신,,,170179,1741600,,,,,,
정보통신,정보통신공사업,7695,(주)나래솔루션,,,510443,1741500,,,,,,
정보통신,정보통신공사업,7695,주식회사 동인지앤씨,,,620233,1741500,,,,,,
정보통신,정보통신공사업,7697,(주)혁신전공사,,,110115,1741200,,,,,,
정보통신,정보통신공사업,7697,네트로(주),,,540301,1741200,,,,,,
정보통신,정보통신공사업,7699,주식회사 볼로랜드,,,520200,1740700,,,,,,
정보통신,정보통신공사업,7700,주식회사 대원정보통신,,,540157,1740400,,,,,,
정보통신,정보통신공사업,7701,찬빈전력 주식회사,,,610451,1739700,,,,,,
정보통신,정보통신공사업,7702,주식회사 뉴아이티,,,410336,1738500,,,,,,
정보통신,정보통신공사업,7703,코리아넷,,,520077,1738100,,,,,,
정보통신,정보통신공사업,7704,금부통신(주),,,110988,1737400,,,,,,
정보통신,정보통신공사업,7705,신진아이앤씨(주),,,320267,1735800,,,,,,
정보통신,정보통신공사업,7706,이노앤텍 주식회사,,,330202,1735500,,,,,,
정보통신,정보통신공사업,7707,딕스비전(주),,,630087,1735300,,,,,,
정보통신,정보통신공사업,7708,주식회사 아이웍스,,,610361,1734900,,,,,,
정보통신,정보통신공사업,7709,주식회사 새길,,,630298,1734400,,,,,,
정보통신,정보통신공사업,7710,(주)씨엔씨네트,,,111966,1734300,,,,,,
정보통신,정보통신공사업,7711,한전산업개발(주),,,200933,1734100,,,,,,
정보통신,정보통신공사업,7712,(주)더클탑,,,430200,1733900,,,,,,
정보통신,정보통신공사업,7713,(주)비에스텍,,,200540,1733800,,,,,,
정보통신,정보통신공사업,7714,인텍,,,430300,1733200,,,,,,
정보통신,정보통신공사업,7715,(주)대정아이씨티,,,312038,1731800,,,,,,
정보통신,정보통신공사업,7716,화성전기(주),,,420052,1731700,,,,,,
정보통신,정보통신공사업,7717,현진산업 주식회사,,,312365,1730700,,,,,,
정보통신,정보통신공사업,7718,이레정보통신,,,550033,1730600,,,,,,
정보통신,정보통신공사업,7718,주식회사 이엠플러스정보기술,,,320265,1730600,,,,,,
정보통신,정보통신공사업,7720,천수정보통신,,,150594,1730400,,,,,,
정보통신,정보통신공사업,7721,일광통신,,,320385,1730300,,,,,,
정보통신,정보통신공사업,7722,(주)명성씨앤씨,,,510373,1729600,,,,,,
정보통신,정보통신공사업,7723,주식회사 이너엔,,,203392,1729400,,,,,,
정보통신,정보통신공사업,7724,주식회사 디딤네트웍,,,630214,1729000,,,,,,
정보통신,정보통신공사업,7725,우리정보통신(주),,,540232,1728400,,,,,,
정보통신,정보통신공사업,7725,주식회사 세아네트워크,,,550001,1728400,,,,,,
정보통신,정보통신공사업,7727,주식회사 미래디앤에스,,,203726,1728200,,,,,,
정보통신,정보통신공사업,7728,주식회사 나인정보통신,,,640131,1727200,,,,,,
정보통신,정보통신공사업,7729,(주)엑스파트넷,,,201767,1726600,,,,,,
정보통신,정보통신공사업,7730,태성이엔씨 주식회사,,,440003,1726500,,,,,,
정보통신,정보통신공사업,7731,고흥컴퓨터랜드,,,610334,1726300,,,,,,
정보통신,정보통신공사업,7732,(주)현정보통신,,,330146,1726100,,,,,,
정보통신,정보통신공사업,7733,주식회사 희광통신,,,420407,1724900,,,,,,
정보통신,정보통신공사업,7734,나무에이엑스 주식회사 (NAMU AX Corp.),,,311616,1724400,,,,,,
정보통신,정보통신공사업,7735,한스정보통신,,,530024,1724300,,,,,,
정보통신,정보통신공사업,7735,주식회사 거북이정보통신,,,630190,1724300,,,,,,
정보통신,정보통신공사업,7737,주식회사 와이지,,,420539,1724100,,,,,,
정보통신,정보통신공사업,7738,대한통신(주),,,130367,1724000,,,,,,
정보통신,정보통신공사업,7739,(주)아주아이앤씨,,,430071,1723900,,,,,,
정보통신,정보통신공사업,7740,진화이엔씨주식회사,,,520133,1723400,,,,,,
정보통신,정보통신공사업,7741,(주)월드아이티시(ITC),,,430213,1722700,,,,,,
정보통신,정보통신공사업,7742,나래아이시티 주식회사,,,440026,1722600,,,,,,
정보통신,정보통신공사업,7743,주식회사 가온정보통신,,,350401,1722200,,,,,,
정보통신,정보통신공사업,7744,에이원 주식회사,,,312042,1722100,,,,,,
정보통신,정보통신공사업,7745,광일테크(주),,,140237,1722000,,,,,,
정보통신,정보통신공사업,7746,(주)광명전기,,,150611,1721900,,,,,,
정보통신,정보통신공사업,7747,(주)다은전기,,,430347,1721700,,,,,,
정보통신,정보통신공사업,7748,주식회사 원이앤씨,,,140286,1721500,,,,,,
정보통신,정보통신공사업,7749,(주)코러싱(Chorusing Co. Ltd),,,540325,1720800,,,,,,
정보통신,정보통신공사업,7750,모건인프라 주식회사,,,310728,1720700,,,,,,
정보통신,정보통신공사업,7751,주식회사 지에스테크,,,530374,1720600,,,,,,
정보통신,정보통신공사업,7752,주식회사 율테크,,,550495,1720400,,,,,,
정보통신,정보통신공사업,7753,드림마크원 주식회사,,,203430,1720100,,,,,,
정보통신,정보통신공사업,7753,(주)지 아이 티,,,140421,1720100,,,,,,
정보통신,정보통신공사업,7755,조양정보통신,,,550404,1719800,,,,,,
정보통신,정보통신공사업,7756,(주)파워네트웍,,,350043,1719600,,,,,,
정보통신,정보통신공사업,7756,엔제이정보통신,,,203302,1719600,,,,,,
정보통신,정보통신공사업,7758,엘티삼보 주식회사,,,510477,1718600,,,,,,
정보통신,정보통신공사업,7759,(주)성진,,,610125,1717800,,,,,,
정보통신,정보통신공사업,7760,비케이전기통신(주),,,200047,1717700,,,,,,
정보통신,정보통신공사업,7761,주식회사 폴라리스,,,550278,1717600,,,,,,
정보통신,정보통신공사업,7762,케이비정보통신 주식회사,,,150315,1715900,,,,,,
정보통신,정보통신공사업,7763,포이스트 주식회사,,,630381,1715700,,,,,,
정보통신,정보통신공사업,7764,(주)삼도,,,430339,1715600,,,,,,
정보통신,정보통신공사업,7765,빅히트아이앤씨 주식회사,,,120843,1715300,,,,,,
정보통신,정보통신공사업,7766,주식회사 신우일렉콤,,,540420,1714900,,,,,,
정보통신,정보통신공사업,7766,주식회사 동우이엔티,,,320409,1714900,,,,,,
정보통신,정보통신공사업,7768,주식회사 아성엠,,,202387,1713800,,,,,,
정보통신,정보통신공사업,7769,씨엘아이티 주식회사,,,510680,1713700,,,,,,
정보통신,정보통신공사업,7770,오리엔트전자(유),,,310977,1713500,,,,,,
정보통신,정보통신공사업,7771,(주)충청라인,,,130488,1713400,,,,,,
정보통신,정보통신공사업,7772,주식회사 영도시큐리티,,,202800,1712800,,,,,,
정보통신,정보통신공사업,7773,솔라윈시스템 주식회사,,,203602,1712300,,,,,,
정보통신,정보통신공사업,7774,주식회사 동영전력,,,550126,1712200,,,,,,
정보통신,정보통신공사업,7775,주식회사 브레인컨설팅 호남,,,620264,1711900,,,,,,
정보통신,정보통신공사업,7776,정광산업 주식회사,,,410155,1711300,,,,,,
정보통신,정보통신공사업,7776,양지전기(주),,,111756,1711300,,,,,,
정보통신,정보통신공사업,7778,남광에너지(주),,,610147,1710500,,,,,,
정보통신,정보통신공사업,7779,이성정보통신 주식회사,,,550235,1710400,,,,,,
정보통신,정보통신공사업,7780,에스콤아이엔씨(주),,,130414,1709700,,,,,,
정보통신,정보통신공사업,7780,주식회사 진주정보통신,,,550387,1709700,,,,,,
정보통신,정보통신공사업,7782,태호전기통신 주식회사,,,350459,1709200,,,,,,
정보통신,정보통신공사업,7783,주식회사 원테크산업,,,350566,1709100,,,,,,
정보통신,정보통신공사업,7784,경원통신,,,150016,1708100,,,,,,
정보통신,정보통신공사업,7785,주식회사 하이테크,,,630211,1707000,,,,,,
정보통신,정보통신공사업,7786,주식회사 케이엔엘이디,,,550358,1706900,,,,,,
정보통신,정보통신공사업,7787,주식회사 신일이앤씨,,,530299,1706500,,,,,,
정보통신,정보통신공사업,7788,주식회사 에스와이시스템,,,350468,1706400,,,,,,
정보통신,정보통신공사업,7789,(주)우주종합상사,,,540202,1706200,,,,,,
정보통신,정보통신공사업,7790,(주)광희종합전설,,,540319,1705400,,,,,,
정보통신,정보통신공사업,7791,(주)서광텔레콤,,,140458,1705100,,,,,,
정보통신,정보통신공사업,7792,(주)신범이엔씨,,,330228,1704700,,,,,,
정보통신,정보통신공사업,7793,(주)코원건설,,,310275,1704500,,,,,,
정보통신,정보통신공사업,7794,(주)정호텍코리아,,,510597,1704300,,,,,,
정보통신,정보통신공사업,7795,주식회사 나인에코,,,420439,1704000,,,,,,
정보통신,정보통신공사업,7796,"주식회사 지큐이앤씨 (G.Q.ENC Co., Ltd)",,,200704,1703200,,,,,,
정보통신,정보통신공사업,7797,라온컴,,,410163,1702800,,,,,,
정보통신,정보통신공사업,7798,주식회사 키움,,,311934,1701000,,,,,,
정보통신,정보통신공사업,7799,주식회사 디오정보통신,,,640090,1700900,,,,,,
정보통신,정보통신공사업,7800,주식회사 엑스엠인더스트리즈,,,610323,1700100,,,,,,
정보통신,정보통신공사업,7801,토마토전자(주),,,510024,1699600,,,,,,
정보통신,정보통신공사업,7802,(주)구일,,,140288,1699400,,,,,,
정보통신,정보통신공사업,7803,남해전화공사,,,120468,1699000,,,,,,
정보통신,정보통신공사업,7804,(주)진성전력,,,201040,1698500,,,,,,
정보통신,정보통신공사업,7805,주식회사 다우이앤씨,,,640097,1698400,,,,,,
정보통신,정보통신공사업,7806,(주)현대종합이앤지,,,120099,1698300,,,,,,
정보통신,정보통신공사업,7807,주식회사 대제종합건설,,,320533,1698200,,,,,,
정보통신,정보통신공사업,7808,주식회사 대건소프트,,,420361,1695600,,,,,,
정보통신,정보통신공사업,7809,주식회사 대경통신,,,111164,1695500,,,,,,
정보통신,정보통신공사업,7810,유진미디어,,,430192,1695400,,,,,,
정보통신,정보통신공사업,7811,(주)세딕스,,,430151,1694900,,,,,,
정보통신,정보통신공사업,7812,주식회사 새연,,,130505,1694700,,,,,,
정보통신,정보통신공사업,7813,(주)금강시스템스,,,510640,1694500,,,,,,
정보통신,정보통신공사업,7814,하이파워테크(주),,,112342,1693800,,,,,,
정보통신,정보통신공사업,7815,한빛이디에스(주),,,420181,1693400,,,,,,
정보통신,정보통신공사업,7816,"한일이앤씨 주식회사 (HANIL E&C CO., LTD.)",,,311956,1693100,,,,,,
정보통신,정보통신공사업,7817,중앙이엔에프 주식회사,,,111153,1692900,,,,,,
정보통신,정보통신공사업,7818,(주)이비엔,,,170137,1692700,,,,,,
정보통신,정보통신공사업,7819,주식회사 이엠아이플랜트(EMI PLANT),,,200080,1692600,,,,,,
정보통신,정보통신공사업,7820,더사운드 주식회사,,,320214,1692400,,,,,,
정보통신,정보통신공사업,7821,(주)신한이엔아이,,,111261,1691000,,,,,,
정보통신,정보통신공사업,7822,주식회사 다온,,,350457,1690700,,,,,,
정보통신,정보통신공사업,7823,주식회사 포앤솔루션,,,350497,1690500,,,,,,
정보통신,정보통신공사업,7824,태양정보통신,,,120246,1689900,,,,,,
정보통신,정보통신공사업,7825,삼조전기통신(주),,,120074,1689800,,,,,,
정보통신,정보통신공사업,7826,(주)시티음향통신,,,420188,1689400,,,,,,
정보통신,정보통신공사업,7827,(주)엘지정보기술,,,640037,1688700,,,,,,
정보통신,정보통신공사업,7828,주식회사 벤투스,,,630388,1688500,,,,,,
정보통신,정보통신공사업,7829,(주)아이넷시스템즈,,,440045,1688200,,,,,,
정보통신,정보통신공사업,7830,(주)디에스씨,,,410277,1687900,,,,,,
정보통신,정보통신공사업,7830,국제전자시스템 주식회사,,,620313,1687900,,,,,,
정보통신,정보통신공사업,7832,(주)자연교육정보,,,112582,1687400,,,,,,
정보통신,정보통신공사업,7833,주식회사 대산정보,,,510619,1687200,,,,,,
정보통신,정보통신공사업,7834,(주)씨지티,,,311379,1686600,,,,,,
정보통신,정보통신공사업,7835,인터엠옥정,,,150306,1686300,,,,,,
정보통신,정보통신공사업,7836,주식회사 오피스톡,,,320480,1685800,,,,,,
정보통신,정보통신공사업,7836,(주)동진일렉콤,,,111806,1685800,,,,,,
정보통신,정보통신공사업,7838,주식회사 엠에이치,,,410411,1685600,,,,,,
정보통신,정보통신공사업,7839,뉴파워 주식회사,,,312290,1685500,,,,,,
정보통신,정보통신공사업,7840,제이정보통신,,,120794,1685400,,,,,,
정보통신,정보통신공사업,7841,(주)나인,,,112076,1684900,,,,,,
정보통신,정보통신공사업,7841,정일통신공사,,,140073,1684900,,,,,,
정보통신,정보통신공사업,7843,주식회사 나래정보통신,,,620180,1684400,,,,,,
정보통신,정보통신공사업,7844,주식회사 수성아이텍,,,530349,1684200,,,,,,
정보통신,정보통신공사업,7844,(주)용산전력,,,610027,1684200,,,,,,
정보통신,정보통신공사업,7846,(주)소울인포테크,,,311603,1683900,,,,,,
정보통신,정보통신공사업,7847,주식회사 디스엔지니어링,,,312096,1682100,,,,,,
정보통신,정보통신공사업,7847,주식회사 하나보안,,,410239,1682100,,,,,,
정보통신,정보통신공사업,7849,주식회사 하늘시스템,,,350472,1682000,,,,,,
정보통신,정보통신공사업,7850,주식회사 제이디기술,,,510203,1681600,,,,,,
정보통신,정보통신공사업,7851,(주)뮤테크(MuTech),,,540152,1681400,,,,,,
정보통신,정보통신공사업,7852,(유)옥천정보통신,,,630050,1681300,,,,,,
정보통신,정보통신공사업,7852,(주)현대기전,,,610153,1681300,,,,,,
정보통신,정보통신공사업,7854,주식회사 다온아이씨티,,,312380,1681100,,,,,,
정보통신,정보통신공사업,7855,주식회사 아라,,,610420,1680800,,,,,,
정보통신,정보통신공사업,7856,프라미스유 주식회사,,,110320,1680500,,,,,,
정보통신,정보통신공사업,7857,성우에이치에스 주식회사,,,203560,1679500,,,,,,
정보통신,정보통신공사업,7858,주식회사 에프원기술,,,630302,1679400,,,,,,
정보통신,정보통신공사업,7859,주식회사 연호통신,,,312030,1679200,,,,,,
정보통신,정보통신공사업,7860,주식회사 비케이,,,610417,1678900,,,,,,
정보통신,정보통신공사업,7861,씨엠파워 주식회사,,,610082,1678000,,,,,,
정보통신,정보통신공사업,7862,유한회사 평강앤알파,,,630247,1677800,,,,,,
정보통신,정보통신공사업,7863,에스디(SD)정보통신,,,510331,1677300,,,,,,
정보통신,정보통신공사업,7864,구로 정보통신,,,510739,1676500,,,,,,
정보통신,정보통신공사업,7865,(주)진보,,,311446,1676100,,,,,,
정보통신,정보통신공사업,7866,주식회사 지에스씨앤씨,,,200736,1676000,,,,,,
정보통신,정보통신공사업,7867,주식회사 비에이엠네트웍스,,,350575,1675600,,,,,,
정보통신,정보통신공사업,7868,주식회사 아라이엔지,,,320366,1674400,,,,,,
정보통신,정보통신공사업,7869,주식회사 대산전기통신,,,530244,1673700,,,,,,
정보통신,정보통신공사업,7870,한빛아이티솔루션,,,350316,1673000,,,,,,
정보통신,정보통신공사업,7870,(주)태형정보통신,,,610110,1673000,,,,,,
정보통신,정보통신공사업,7872,주식회사 범산,,,430034,1672600,,,,,,
정보통신,정보통신공사업,7873,(주)엔에스정보통신,,,410167,1672300,,,,,,
정보통신,정보통신공사업,7874,(주)성창,,,330035,1672200,,,,,,
정보통신,정보통신공사업,7874,(주)성도이엔지,,,201965,1672200,,,,,,
정보통신,정보통신공사업,7876,한국음향영상,,,630165,1672100,,,,,,
정보통신,정보통신공사업,7877,참빛싸인 주식회사,,,312360,1671100,,,,,,
정보통신,정보통신공사업,7878,(주)중앙스카이,,,420068,1670800,,,,,,
정보통신,정보통신공사업,7879,동신전기통신,,,540140,1670700,,,,,,
정보통신,정보통신공사업,7880,에이스기전 주식회사,,,540504,1670600,,,,,,
정보통신,정보통신공사업,7881,주식회사 우리강산시스템,,,203603,1670000,,,,,,
정보통신,정보통신공사업,7882,(주)일등정보통신,,,550248,1669500,,,,,,
정보통신,정보통신공사업,7883,(주)서원정보통신,,,430146,1669200,,,,,,
정보통신,정보통신공사업,7884,주식회사 다원텍,,,610344,1668900,,,,,,
정보통신,정보통신공사업,7885,그린통신,,,540095,1667400,,,,,,
정보통신,정보통신공사업,7886,주식회사 형제사,,,120597,1666900,,,,,,
정보통신,정보통신공사업,7887,(주)한성텔레콤,,,120022,1666700,,,,,,
정보통신,정보통신공사업,7888,주식회사 원에어테크,,,350547,1665600,,,,,,
정보통신,정보통신공사업,7889,주식회사 광현,,,430149,1664900,,,,,,
정보통신,정보통신공사업,7890,(주)새한전기통신공사,,,410035,1664800,,,,,,
정보통신,정보통신공사업,7891,한울정보시스템,,,510366,1664500,,,,,,
정보통신,정보통신공사업,7892,주식회사 세라비아이티,,,410184,1663900,,,,,,
정보통신,정보통신공사업,7893,주식회사 조은안전,,,520140,1663700,,,,,,
정보통신,정보통신공사업,7893,주식회사 서룡전기,,,410235,1663700,,,,,,
정보통신,정보통신공사업,7895,주식회사 정원통신,,,510767,1663300,,,,,,
정보통신,정보통신공사업,7896,(주)비에스이엔씨,,,550139,1662500,,,,,,
정보통신,정보통신공사업,7897,대보디엑스 주식회사,,,420507,1662200,,,,,,
정보통신,정보통신공사업,7898,(주)다음통신기술,,,550088,1661700,,,,,,
정보통신,정보통신공사업,7899,주식회사 에스케이테크,,,610308,1661000,,,,,,
정보통신,정보통신공사업,7900,(합)대신전기공업사,,,550121,1659500,,,,,,
정보통신,정보통신공사업,7901,(주)에스엘정보통신,,,410213,1659300,,,,,,
정보통신,정보통신공사업,7901,(주)비아비스,,,311901,1659300,,,,,,
정보통신,정보통신공사업,7903,주식회사 부마스,,,530377,1659000,,,,,,
정보통신,정보통신공사업,7904,(주)이현,,,311580,1658500,,,,,,
정보통신,정보통신공사업,7905,(주)자바네트웍스,,,201115,1658200,,,,,,
정보통신,정보통신공사업,7906,(주)푸른정보기술,,,640073,1658000,,,,,,
정보통신,정보통신공사업,7906,유니정보통신,,,430126,1658000,,,,,,
정보통신,정보통신공사업,7908,주식회사 명지전기통신,,,350193,1657900,,,,,,
정보통신,정보통신공사업,7909,엔에이치엔인재아이엔씨 주식회사(NHN Injeinc. Corp.),,,311358,1657800,,,,,,
정보통신,정보통신공사업,7910,주식회사 두리정보,,,430278,1657300,,,,,,
정보통신,정보통신공사업,7911,주식회사 디앤에스,,,350246,1657100,,,,,,
정보통신,정보통신공사업,7912,주식회사 미래,,,330366,1657000,,,,,,
정보통신,정보통신공사업,7913,티앤케이 주식회사,,,130260,1656900,,,,,,
정보통신,정보통신공사업,7914,하나정보통신,,,540278,1655700,,,,,,
정보통신,정보통신공사업,7915,한양네트웍스(주),,,201041,1655000,,,,,,
정보통신,정보통신공사업,7916,세기정보통신,,,111031,1654600,,,,,,
정보통신,정보통신공사업,7917,정보시스템 주식회사,,,620261,1654500,,,,,,
정보통신,정보통신공사업,7918,영진전기통신공사,,,112346,1654400,,,,,,
정보통신,정보통신공사업,7918,영신정보통신,,,140502,1654400,,,,,,
정보통신,정보통신공사업,7920,주식회사 봉명,,,620383,1654300,,,,,,
정보통신,정보통신공사업,7921,(주)초아,,,410123,1654100,,,,,,
정보통신,정보통신공사업,7922,주식회사 아파트허브,,,204044,1652600,,,,,,
정보통신,정보통신공사업,7923,주식회사 영우,,,330292,1652500,,,,,,
정보통신,정보통신공사업,7924,(주)베스트케이에스,,,200963,1652200,,,,,,
정보통신,정보통신공사업,7925,주식회사 알투,,,630281,1651900,,,,,,
정보통신,정보통신공사업,7926,청명전기 주식회사,,,311831,1651600,,,,,,
정보통신,정보통신공사업,7927,이엔아이,,,410367,1651300,,,,,,
정보통신,정보통신공사업,7928,엘정보통신,,,320495,1650700,,,,,,
정보통신,정보통신공사업,7929,(주)평화전력,,,530256,1650200,,,,,,
정보통신,정보통신공사업,7929,유한회사 이노정보통신기술,,,630375,1650200,,,,,,
정보통신,정보통신공사업,7931,주식회사 지에스정보통신,,,540205,1649500,,,,,,
정보통신,정보통신공사업,7932,(주)지승전력,,,620239,1649100,,,,,,
정보통신,정보통신공사업,7933,"다온넷 주식회사(DaonNet Co.,Ltd)",,,312466,1648800,,,,,,
정보통신,정보통신공사업,7934,주식회사 티원에이아이,,,610468,1648600,,,,,,
정보통신,정보통신공사업,7934,금원 주식회사,,,160047,1648600,,,,,,
정보통신,정보통신공사업,7936,주식회사 조흥전력공사,,,510673,1648500,,,,,,
정보통신,정보통신공사업,7937,남해정보통신(주),,,120328,1647700,,,,,,
정보통신,정보통신공사업,7938,월드정보통신,,,350526,1647200,,,,,,
정보통신,정보통신공사업,7939,주식회사 금강전설,,,202673,1647000,,,,,,
정보통신,정보통신공사업,7940,(주)현승이엔씨,,,430247,1646100,,,,,,
정보통신,정보통신공사업,7941,승민전자통신,,,310184,1645300,,,,,,
정보통신,정보통신공사업,7942,(주)광성통신,,,130077,1644900,,,,,,
정보통신,정보통신공사업,7943,신우코맥스,,,311748,1644700,,,,,,
정보통신,정보통신공사업,7943,(주)윈티앤에스,,,540276,1644700,,,,,,
정보통신,정보통신공사업,7945,(주)인터컴,,,310022,1644200,,,,,,
정보통신,정보통신공사업,7946,세광전기(주),,,130138,1644100,,,,,,
정보통신,정보통신공사업,7947,대경기술(주),,,510322,1642900,,,,,,
정보통신,정보통신공사업,7948,(주)해성아이씨티,,,430091,1642800,,,,,,
정보통신,정보통신공사업,7949,주식회사 엠에스전기정보통신,,,550352,1641100,,,,,,
정보통신,정보통신공사업,7950,(주)태양,,,200311,1640900,,,,,,
정보통신,정보통신공사업,7950,주식회사 제이케이네트웍스,,,550150,1640900,,,,,,
정보통신,정보통신공사업,7952,주식회사 아이콘정보통신,,,202812,1640000,,,,,,
정보통신,정보통신공사업,7953,"주식회사 티엠미디어(TM Media Co., Ltd.)",,,203422,1639800,,,,,,
정보통신,정보통신공사업,7954,주식회사 다원티에스,,,312475,1639100,,,,,,
정보통신,정보통신공사업,7955,(주)도원이엔씨,,,410250,1639000,,,,,,
정보통신,정보통신공사업,7956,광신콘트롤(주),,,140123,1638700,,,,,,
정보통신,정보통신공사업,7957,주식회사 경천일렉콤,,,201109,1638100,,,,,,
정보통신,정보통신공사업,7958,현대통신기술,,,112778,1638000,,,,,,
정보통신,정보통신공사업,7959,(주)에스엠전력,,,202435,1637900,,,,,,
정보통신,정보통신공사업,7960,서현정보통신(주),,,110412,1637800,,,,,,
정보통신,정보통신공사업,7961,주식회사 루트,,,630243,1637200,,,,,,
정보통신,정보통신공사업,7962,주식회사 사물네트워크기술,,,630278,1637100,,,,,,
정보통신,정보통신공사업,7963,주식회사 더엘림네트웍스,,,312615,1637000,,,,,,
정보통신,정보통신공사업,7964,서우이엔씨(주),,,410281,1636200,,,,,,
정보통신,정보통신공사업,7965,(주)부신전력,,,520027,1635400,,,,,,
정보통신,정보통신공사업,7966,주식회사 엘루다코리아,,,312510,1634100,,,,,,
정보통신,정보통신공사업,7967,동진전기(주),,,330097,1633900,,,,,,
정보통신,정보통신공사업,7968,케이에스씨,,,320339,1633800,,,,,,
정보통신,정보통신공사업,7969,라이트온 주식회사,,,630312,1633600,,,,,,
정보통신,정보통신공사업,7969,(주)동방통신,,,310698,1633600,,,,,,
정보통신,정보통신공사업,7971,(주)나모이엔지,,,610173,1633500,,,,,,
정보통신,정보통신공사업,7972,가가정보통신(주),,,550097,1633400,,,,,,
정보통신,정보통신공사업,7972,주식회사 닙스시스템,,,320448,1633400,,,,,,
정보통신,정보통신공사업,7974,미진정보통신,,,550325,1633300,,,,,,
정보통신,정보통신공사업,7975,아카데미정보통신(주),,,150296,1632800,,,,,,
정보통신,정보통신공사업,7976,주식회사 유현정보통신,,,630324,1632600,,,,,,
정보통신,정보통신공사업,7976,주식회사 대윤,,,112337,1632600,,,,,,
정보통신,정보통신공사업,7978,주식회사 고려산전,,,410308,1632300,,,,,,
정보통신,정보통신공사업,7979,(주)서일,,,550201,1631600,,,,,,
정보통신,정보통신공사업,7980,삼영이에스티,,,510460,1631500,,,,,,
정보통신,정보통신공사업,7981,(주)미래정보통신소방,,,410279,1631000,,,,,,
정보통신,정보통신공사업,7982,(주)혜민이엔지,,,410145,1630400,,,,,,
정보통신,정보통신공사업,7983,(주)동성,,,120706,1630200,,,,,,
정보통신,정보통신공사업,7984,(주)광림,,,530225,1629400,,,,,,
정보통신,정보통신공사업,7985,주식회사 스마일로그,,,203662,1628500,,,,,,
정보통신,정보통신공사업,7985,주식회사 멜레아,,,203060,1628500,,,,,,
정보통신,정보통신공사업,7987,가온통신 주식회사,,,610146,1628400,,,,,,
정보통신,정보통신공사업,7988,주식회사 우진전기통신,,,310325,1628000,,,,,,
정보통신,정보통신공사업,7989,(주)원전사,,,420203,1627500,,,,,,
정보통신,정보통신공사업,7990,주식회사 만나정보통신,,,350571,1627300,,,,,,
정보통신,정보통신공사업,7991,에스제이정보통신,,,311177,1626500,,,,,,
정보통신,정보통신공사업,7992,에스에이치전력(주),,,510648,1625900,,,,,,
정보통신,정보통신공사업,7993,마스터기술,,,420525,1625700,,,,,,
정보통신,정보통신공사업,7994,그린미디어,,,630030,1624200,,,,,,
정보통신,정보통신공사업,7995,(주)제일전기통신,,,202757,1623200,,,,,,
정보통신,정보통신공사업,7996,주식회사 강한전기통신,,,410219,1622800,,,,,,
정보통신,정보통신공사업,7997,주식회사 스마트에스,,,550353,1622400,,,,,,
정보통신,정보통신공사업,7998,주식회사 미도전력,,,320508,1622100,,,,,,
정보통신,정보통신공사업,7999,주식회사 민진,,,160113,1621800,,,,,,
정보통신,정보통신공사업,8000,주식회사 모건,,,350078,1621600,,,,,,
정보통신,정보통신공사업,8001,디지탈사무기,,,610404,1620900,,,,,,
정보통신,정보통신공사업,8002,에이피엘모아 주식회사,,,350055,1620800,,,,,,
정보통신,정보통신공사업,8003,(주)준영통신,,,510241,1620600,,,,,,
정보통신,정보통신공사업,8004,세기산전(주),,,310620,1619500,,,,,,
정보통신,정보통신공사업,8004,주식회사 다온이엔씨,,,430336,1619500,,,,,,
정보통신,정보통신공사업,8006,세진정보통신,,,550183,1619300,,,,,,
정보통신,정보통신공사업,8007,주식회사 더조은솔루션,,,312658,1618900,,,,,,
정보통신,정보통신공사업,8008,주식회사 진성이엔지,,,312400,1617900,,,,,,
정보통신,정보통신공사업,8009,(주)포인정보기술,,,410135,1617700,,,,,,
정보통신,정보통신공사업,8010,대광정보통신,,,430306,1617600,,,,,,
정보통신,정보통신공사업,8011,주식회사 나누리정보시스템,,,120254,1617200,,,,,,
정보통신,정보통신공사업,8012,(주)에스엠에스정보통신,,,510567,1617100,,,,,,
정보통신,정보통신공사업,8013,베스핀글로벌 주식회사 (Bespin Global Inc.),,,203997,1616600,,,,,,
정보통신,정보통신공사업,8014,주식회사 나우리,,,630320,1616400,,,,,,
정보통신,정보통신공사업,8014,주식회사 은하이앤씨,,,620379,1616400,,,,,,
정보통신,정보통신공사업,8016,다원아이티,,,520183,1616000,,,,,,
정보통신,정보통신공사업,8016,(주)에스디,,,140327,1616000,,,,,,
정보통신,정보통신공사업,8018,원덤정보통신(주),,,430291,1615700,,,,,,
정보통신,정보통신공사업,8019,용화전기(주),,,120526,1614900,,,,,,
정보통신,정보통신공사업,8019,(주)디지털뱅크,,,630069,1614900,,,,,,
정보통신,정보통신공사업,8021,주식회사 삼영전기,,,350542,1613600,,,,,,
정보통신,정보통신공사업,8022,에이치티액세스 주식회사,,,203500,1613500,,,,,,
정보통신,정보통신공사업,8023,주식회사 라성정보,,,310814,1613400,,,,,,
정보통신,정보통신공사업,8024,태경전기 주식회사,,,130233,1613100,,,,,,
정보통신,정보통신공사업,8025,대한통신공사,,,310421,1613000,,,,,,
정보통신,정보통신공사업,8026,주식회사 아이네트웍스,,,201780,1612000,,,,,,
정보통신,정보통신공사업,8027,"주식회사 아이엑스비 (IXB Co.,Ltd.)",,,311689,1611800,,,,,,
정보통신,정보통신공사업,8028,에이브이뱅크,,,320164,1611400,,,,,,
정보통신,정보통신공사업,8028,(주)다누리전기기술공사,,,530148,1611400,,,,,,
정보통신,정보통신공사업,8030,주식회사 이앤시스,,,550525,1610600,,,,,,
정보통신,정보통신공사업,8031,주식회사 지일,,,330342,1610500,,,,,,
정보통신,정보통신공사업,8032,(주)엠알솔루텍,,,311399,1609900,,,,,,
정보통신,정보통신공사업,8033,에스엘케이정보통신,,,410327,1609400,,,,,,
정보통신,정보통신공사업,8034,(주)대호전설,,,540194,1608800,,,,,,
정보통신,정보통신공사업,8035,(주)경일정보통신공사,,,150305,1608700,,,,,,
정보통신,정보통신공사업,8035,금장정보통신(주),,,640055,1608700,,,,,,
정보통신,정보통신공사업,8037,대건통신,,,530335,1608200,,,,,,
정보통신,정보통신공사업,8038,주식회사 서영정보,,,620281,1607200,,,,,,
정보통신,정보통신공사업,8039,"주식회사 레미테크(REMITECH Co.,Ltd)",,,550537,1606900,,,,,,
정보통신,정보통신공사업,8039,(주)효성이엔지,,,111348,1606900,,,,,,
정보통신,정보통신공사업,8041,(주)정원시큐,,,201889,1606800,,,,,,
정보통신,정보통신공사업,8042,주식회사 엠엠씨정보통신,,,203190,1606700,,,,,,
정보통신,정보통신공사업,8042,디엑스정보통신 주식회사,,,410372,1606700,,,,,,
정보통신,정보통신공사업,8044,주식회사 제이넷,,,610384,1606400,,,,,,
정보통신,정보통신공사업,8045,주식회사 이지정보통신,,,311823,1606300,,,,,,
정보통신,정보통신공사업,8046,(주)금하,,,540299,1606100,,,,,,
정보통신,정보통신공사업,8047,주식회사 포스코지와이솔루션,,,610454,1605600,,,,,,
정보통신,정보통신공사업,8048,성진이앤씨(주),,,310836,1605500,,,,,,
정보통신,정보통신공사업,8049,주식회사 유일정보통신,,,530155,1605400,,,,,,
정보통신,정보통신공사업,8050,(주)사삼정보통신,,,630146,1604100,,,,,,
정보통신,정보통신공사업,8051,(사회복지법인)홍애원,,,350086,1603700,,,,,,
정보통신,정보통신공사업,8052,주식회사 한성정보통신,,,630170,1602600,,,,,,
정보통신,정보통신공사업,8053,주식회사 주섬,,,630321,1602300,,,,,,
정보통신,정보통신공사업,8054,유한회사 혁신엔지니어링,,,630060,1601500,,,,,,
정보통신,정보통신공사업,8055,주식회사 대유정보통신,,,540357,1600900,,,,,,
정보통신,정보통신공사업,8056,(주)금성테크윈,,,540192,1600700,,,,,,
정보통신,정보통신공사업,8057,동성건설(주),,,410337,1600100,,,,,,
정보통신,정보통신공사업,8058,대불통신,,,610012,1599400,,,,,,
정보통신,정보통신공사업,8059,주식회사 다누리이엔씨,,,120385,1599000,,,,,,
정보통신,정보통신공사업,8060,신용전기통신(주),,,111040,1598800,,,,,,
정보통신,정보통신공사업,8061,바름기술,,,510713,1598700,,,,,,
정보통신,정보통신공사업,8062,(주)일진앤드,,,510529,1598600,,,,,,
정보통신,정보통신공사업,8063,주식회사 케이정보통신,,,530302,1597500,,,,,,
정보통신,정보통신공사업,8063,오륜전기통신 주식회사,,,330165,1597500,,,,,,
정보통신,정보통신공사업,8065,(주)종합전력,,,510588,1597200,,,,,,
정보통신,정보통신공사업,8066,(주)남전,,,201014,1597000,,,,,,
정보통신,정보통신공사업,8067,광보통신 주식회사,,,550317,1596100,,,,,,
정보통신,정보통신공사업,8067,(주)진영이엔씨,,,201198,1596100,,,,,,
정보통신,정보통신공사업,8069,주식회사 천윤,,,330140,1595500,,,,,,
정보통신,정보통신공사업,8070,신광정보통신,,,540026,1594600,,,,,,
정보통신,정보통신공사업,8071,주식회사 이지테크,,,350334,1594100,,,,,,
정보통신,정보통신공사업,8071,한스미디어,,,530354,1594100,,,,,,
정보통신,정보통신공사업,8073,주식회사 엔이앤씨,,,550396,1593700,,,,,,
정보통신,정보통신공사업,8074,주식회사 영원이앤에스,,,530436,1593300,,,,,,
정보통신,정보통신공사업,8075,주식회사 거창엔지니어링,,,630032,1592800,,,,,,
정보통신,정보통신공사업,8076,(주)호남정보통신,,,140198,1592300,,,,,,
정보통신,정보통신공사업,8077,이안아이티(주),,,311945,1592200,,,,,,
정보통신,정보통신공사업,8077,케이이피엔지니어링 주식회사,,,550303,1592200,,,,,,
정보통신,정보통신공사업,8079,에이제이인포텍 주식회사,,,610470,1591200,,,,,,
정보통신,정보통신공사업,8080,(주)대영정보통신,,,201038,1590100,,,,,,
정보통신,정보통신공사업,8081,(주)엠택,,,410221,1589600,,,,,,
정보통신,정보통신공사업,8082,주식회사 엠지시스,,,202646,1589300,,,,,,
정보통신,정보통신공사업,8083,(유)천세,,,630085,1588000,,,,,,
정보통신,정보통신공사업,8084,(주)엔택,,,350301,1587600,,,,,,
정보통신,정보통신공사업,8085,주식회사 피앤엘,,,330349,1587400,,,,,,
정보통신,정보통신공사업,8085,(주)제이엔비인포텍,,,201580,1587400,,,,,,
정보통신,정보통신공사업,8087,주식회사 아이티원,,,311983,1587000,,,,,,
정보통신,정보통신공사업,8088,시큐어하이텍 주식회사,,,204273,1585900,,,,,,
정보통신,정보통신공사업,8089,주식회사 백석아이씨티,,,410300,1585800,,,,,,
정보통신,정보통신공사업,8090,오성씨앤아이 주식회사,,,120462,1585700,,,,,,
정보통신,정보통신공사업,8091,(주)링크텍,,,310934,1585500,,,,,,
정보통신,정보통신공사업,8092,주식회사 다이은네트웍스,,,550451,1584500,,,,,,
정보통신,정보통신공사업,8093,(주)대양종합전기,,,310172,1584000,,,,,,
정보통신,정보통신공사업,8094,(주)케이알이앤지,,,620179,1582700,,,,,,
정보통신,정보통신공사업,8095,(주)삼화전기,,,130324,1582200,,,,,,
정보통신,정보통신공사업,8096,(주)피란하시스템즈,,,320270,1581900,,,,,,
정보통신,정보통신공사업,8097,주식회사 유씨랩,,,620373,1581300,,,,,,
정보통신,정보통신공사업,8098,주식회사 그린정보통신,,,540481,1581100,,,,,,
정보통신,정보통신공사업,8099,주식회사 건주,,,430105,1581000,,,,,,
정보통신,정보통신공사업,8099,주식회사 우진이엔씨,,,201618,1581000,,,,,,
정보통신,정보통신공사업,8101,제우전력(주),,,311397,1580400,,,,,,
정보통신,정보통신공사업,8102,(주)에이원이엔씨,,,620119,1580100,,,,,,
정보통신,정보통신공사업,8103,제타정보기술(주),,,140377,1579900,,,,,,
정보통신,정보통신공사업,8104,에스비산업 주식회사,,,130089,1579700,,,,,,
정보통신,정보통신공사업,8105,주식회사 에버그린티앤씨,,,203186,1579400,,,,,,
정보통신,정보통신공사업,8106,(주)이에스인포,,,620164,1578700,,,,,,
정보통신,정보통신공사업,8107,(주)건창정보기술,,,350509,1577300,,,,,,
정보통신,정보통신공사업,8107,에스제이넷 주식회사,,,200487,1577300,,,,,,
정보통신,정보통신공사업,8109,주식회사 디포그시스템,,,311490,1576400,,,,,,
정보통신,정보통신공사업,8110,(합자)기전사,,,510602,1574900,,,,,,
정보통신,정보통신공사업,8111,주식회사 도담솔루션,,,630408,1574300,,,,,,
정보통신,정보통신공사업,8112,(합)한길통신,,,130140,1573500,,,,,,
정보통신,정보통신공사업,8113,주식회사 태신정보,,,312268,1573200,,,,,,
정보통신,정보통신공사업,8114,(주)서전이엔씨,,,540282,1572200,,,,,,
정보통신,정보통신공사업,8115,주식회사 장천,,,510794,1571400,,,,,,
정보통신,정보통신공사업,8116,(주)비트정보통신,,,310899,1571100,,,,,,
정보통신,정보통신공사업,8117,주식회사 환경전력,,,111245,1570800,,,,,,
정보통신,정보통신공사업,8118,(합자)우진정보통신,,,330053,1569900,,,,,,
정보통신,정보통신공사업,8119,(주)포커스정보,,,510300,1569800,,,,,,
정보통신,정보통신공사업,8120,(주)다산정보기술,,,430005,1569200,,,,,,
정보통신,정보통신공사업,8121,"(주)알비에스테크(RBS Tech Co.,Ltd.)",,,201158,1569000,,,,,,
정보통신,정보통신공사업,8122,"주식회사 라온미디어(Laon Media Co., Ltd.)",,,312108,1568200,,,,,,
정보통신,정보통신공사업,8123,주식회사 아이넥스,,,540531,1568100,,,,,,
정보통신,정보통신공사업,8124,(주)부뜰정보시스템,,,201865,1567900,,,,,,
정보통신,정보통신공사업,8125,케이테크정보통신 주식회사,,,350529,1567800,,,,,,
정보통신,정보통신공사업,8126,덕성이엔씨 주식회사,,,201962,1567100,,,,,,
정보통신,정보통신공사업,8127,주식회사 찬빈,,,610363,1566700,,,,,,
정보통신,정보통신공사업,8127,주식회사 미래정보,,,320392,1566700,,,,,,
정보통신,정보통신공사업,8129,(주)신원정보통신,,,120823,1566600,,,,,,
정보통신,정보통신공사업,8129,(주)유현정보통신,,,130437,1566600,,,,,,
정보통신,정보통신공사업,8129,(주)천하정보기술,,,202262,1566600,,,,,,
정보통신,정보통신공사업,8132,주식회사 팔네트웍스,,,320566,1566400,,,,,,
정보통신,정보통신공사업,8133,주식회사 휴스텍아이씨티,,,312670,1565100,,,,,,
정보통신,정보통신공사업,8134,"(주)청아정보통신(CHUNGA CO., Ltd.)",,,201803,1565000,,,,,,
정보통신,정보통신공사업,8135,"주식회사 보령제어시스템(Borueong Control System Co.,Ltd.)",,,410315,1564800,,,,,,
정보통신,정보통신공사업,8136,주식회사 성윤아이앤티,,,350248,1564200,,,,,,
정보통신,정보통신공사업,8136,강호정보통신 주식회사,,,610350,1564200,,,,,,
정보통신,정보통신공사업,8138,창공정보통신(주),,,110621,1564100,,,,,,
정보통신,정보통신공사업,8139,(주)현대엔지니어링,,,130384,1564000,,,,,,
정보통신,정보통신공사업,8140,주식회사 다원데이터,,,320481,1562600,,,,,,
정보통신,정보통신공사업,8141,주식회사 저스트원,,,430281,1561700,,,,,,
정보통신,정보통신공사업,8142,(주)명신전기통신,,,540181,1561200,,,,,,
정보통신,정보통신공사업,8143,(주)코리아퍼스텍,,,201506,1560800,,,,,,
정보통신,정보통신공사업,8144,(주)하이파킹,,,200648,1560000,,,,,,
정보통신,정보통신공사업,8145,주식회사 에이피텔,,,200353,1559900,,,,,,
정보통신,정보통신공사업,8146,(주)유닉스,,,610037,1559500,,,,,,
정보통신,정보통신공사업,8147,유한회사 우리전력,,,630210,1559400,,,,,,
정보통신,정보통신공사업,8148,주식회사 동아기술,,,320352,1559200,,,,,,
정보통신,정보통신공사업,8149,(주)위즈씨엔아이,,,620194,1558900,,,,,,
정보통신,정보통신공사업,8150,주식회사 호덕아이앤씨,,,630258,1558800,,,,,,
정보통신,정보통신공사업,8151,비전정보통신 주식회사,,,330286,1558300,,,,,,
정보통신,정보통신공사업,8152,세종방송통신 주식회사,,,440006,1558200,,,,,,
정보통신,정보통신공사업,8153,(주)태인이엔지,,,150307,1557900,,,,,,
정보통신,정보통신공사업,8154,주식회사 아리텔,,,530350,1557200,,,,,,
정보통신,정보통신공사업,8155,(주)동부전력,,,330109,1556800,,,,,,
정보통신,정보통신공사업,8156,새한정보통신,,,320213,1556100,,,,,,
정보통신,정보통신공사업,8157,주식회사 대연이노텍,,,320451,1555700,,,,,,
정보통신,정보통신공사업,8158,주식회사 알티에스정보기술,,,203879,1555500,,,,,,
정보통신,정보통신공사업,8159,주식회사 성실데이터통신,,,111700,1555400,,,,,,
정보통신,정보통신공사업,8160,주식회사 케이디미디어,,,530366,1555000,,,,,,
정보통신,정보통신공사업,8161,(주)이림엔지니어링,,,311415,1554300,,,,,,
정보통신,정보통신공사업,8162,"주식회사 이투비비(ETOBB Co., Ltd.)",,,203286,1554000,,,,,,
정보통신,정보통신공사업,8163,(주)세이브텔레콤,,,510525,1553800,,,,,,
정보통신,정보통신공사업,8164,주식회사 서호테크,,,640038,1552900,,,,,,
정보통신,정보통신공사업,8165,대왕전기공사,,,540262,1552700,,,,,,
정보통신,정보통신공사업,8166,주식회사 솔루션엔,,,330205,1552200,,,,,,
정보통신,정보통신공사업,8167,(주)현정보시스템,,,430324,1551600,,,,,,
정보통신,정보통신공사업,8168,현대이텔레콤 주식회사,,,350409,1551500,,,,,,
정보통신,정보통신공사업,8169,주식회사 성민기술,,,510553,1551400,,,,,,
정보통신,정보통신공사업,8170,(주)은성정보통신,,,120349,1550800,,,,,,
정보통신,정보통신공사업,8171,(주)상정정보통신,,,430305,1550300,,,,,,
정보통신,정보통신공사업,8172,주식회사 포뎁스,,,203326,1550000,,,,,,
정보통신,정보통신공사업,8173,(주)삼양전자통신,,,180060,1549600,,,,,,
정보통신,정보통신공사업,8174,주식회사 유클리드소프트,,,420438,1549300,,,,,,
정보통신,정보통신공사업,8175,(주)대한이앤씨,,,312123,1549200,,,,,,
정보통신,정보통신공사업,8176,주식회사 신세계이앤씨,,,311291,1549000,,,,,,
정보통신,정보통신공사업,8176,주식회사 대진정보통신,,,311915,1549000,,,,,,
정보통신,정보통신공사업,8178,주식회사 두타이엔씨,,,110321,1548400,,,,,,
정보통신,정보통신공사업,8179,주식회사 노드이엔씨,,,350319,1547600,,,,,,
정보통신,정보통신공사업,8180,(주)준호기전,,,510419,1547500,,,,,,
정보통신,정보통신공사업,8181,데이타콤,,,120598,1546400,,,,,,
정보통신,정보통신공사업,8182,주식회사 유더블유에스,,,203238,1545600,,,,,,
정보통신,정보통신공사업,8182,주식회사 와이앤씨스마트앱스,,,311893,1545600,,,,,,
정보통신,정보통신공사업,8184,(주)케이엠파워,,,311289,1545000,,,,,,
정보통신,정보통신공사업,8184,신한이엔지(주),,,410138,1545000,,,,,,
정보통신,정보통신공사업,8186,(주)유진테크시스템,,,430121,1544900,,,,,,
정보통신,정보통신공사업,8187,중앙씨앤티(주),,,202364,1544400,,,,,,
정보통신,정보통신공사업,8187,주식회사 아스타아이비에스,,,204341,1544400,,,,,,
정보통신,정보통신공사업,8189,(주)성림코리아,,,510126,1544100,,,,,,
정보통신,정보통신공사업,8190,(주)우진산전,,,430021,1543900,,,,,,
정보통신,정보통신공사업,8191,아산정보통신(주),,,410048,1543600,,,,,,
정보통신,정보통신공사업,8192,대원 주식회사,,,111207,1543400,,,,,,
정보통신,정보통신공사업,8193,주식회사 제이에스이엔씨,,,311699,1542700,,,,,,
정보통신,정보통신공사업,8194,대영종합건설주식회사,,,130361,1542400,,,,,,
정보통신,정보통신공사업,8195,신광정보기술(주),,,311112,1542200,,,,,,
정보통신,정보통신공사업,8196,(주)한솔전기통신,,,350190,1542000,,,,,,
정보통신,정보통신공사업,8197,주식회사 태승,,,310738,1541400,,,,,,
정보통신,정보통신공사업,8198,(주)주암전기통신,,,113269,1541100,,,,,,
정보통신,정보통신공사업,8199,일신컴,,,310717,1541000,,,,,,
정보통신,정보통신공사업,8200,주식회사 장천이엔지,,,330293,1540700,,,,,,
정보통신,정보통신공사업,8201,제이에스(JS)정보,,,540257,1540300,,,,,,
정보통신,정보통신공사업,8202,맹가노니시스템,,,312362,1539600,,,,,,
정보통신,정보통신공사업,8202,(주)신우정보통신,,,410264,1539600,,,,,,
정보통신,정보통신공사업,8204,주식회사 디에이치정보기술,,,311728,1539500,,,,,,
정보통신,정보통신공사업,8205,예은아이엔시 주식회사,,,610236,1538900,,,,,,
정보통신,정보통신공사업,8206,주식회사 대산전력소방,,,130459,1538800,,,,,,
정보통신,정보통신공사업,8207,주식회사 헬로커넥트앤,,,312529,1538500,,,,,,
정보통신,정보통신공사업,8208,한빛인프라소닉(주),,,201608,1538400,,,,,,
정보통신,정보통신공사업,8209,주식회사 티씨엔,,,311747,1537300,,,,,,
정보통신,정보통신공사업,8210,주식회사 에프아이티,,,520176,1537000,,,,,,
정보통신,정보통신공사업,8211,승리하이텍(주),,,200492,1536800,,,,,,
정보통신,정보통신공사업,8212,주식회사 아이닉스,,,312533,1536000,,,,,,
정보통신,정보통신공사업,8212,주식회사 성현인포텍 (Seonghyun Infotech),,,330298,1536000,,,,,,
정보통신,정보통신공사업,8214,다경아이씨티 주식회사,,,440055,1535500,,,,,,
정보통신,정보통신공사업,8215,주식회사 포넷,,,610115,1534400,,,,,,
정보통신,정보통신공사업,8216,주식회사 삼영,,,540421,1533600,,,,,,
정보통신,정보통신공사업,8217,주식회사 유티넷,,,350449,1532400,,,,,,
정보통신,정보통신공사업,8218,비에스건설(주),,,410016,1532300,,,,,,
정보통신,정보통신공사업,8219,(주)유티즌,,,113467,1532100,,,,,,
정보통신,정보통신공사업,8220,"주식회사 이투지 (E2Z Co., Ltd.)",,,640023,1530900,,,,,,
정보통신,정보통신공사업,8220,주식회사 더블유이엔지,,,312521,1530900,,,,,,
정보통신,정보통신공사업,8222,주식회사 테크인,,,420369,1530700,,,,,,
정보통신,정보통신공사업,8223,(주)인앤아웃이앤지,,,311687,1530300,,,,,,
정보통신,정보통신공사업,8224,주식회사 광민,,,160055,1529700,,,,,,
정보통신,정보통신공사업,8225,(주)엔에스,,,610394,1528400,,,,,,
정보통신,정보통신공사업,8225,주식회사 영주정보통신,,,510041,1528400,,,,,,
정보통신,정보통신공사업,8225,주식회사 에이엑스씨,,,350342,1528400,,,,,,
정보통신,정보통신공사업,8228,주식회사 이지패스,,,312411,1528000,,,,,,
정보통신,정보통신공사업,8229,세이콘(주),,,320298,1527500,,,,,,
정보통신,정보통신공사업,8230,부성통신,,,330134,1527300,,,,,,
정보통신,정보통신공사업,8231,(주)주은코퍼레이션,,,310408,1526200,,,,,,
정보통신,정보통신공사업,8232,남양티엔씨 주식회사,,,180054,1525700,,,,,,
정보통신,정보통신공사업,8233,주식회사 이음시스,,,312657,1525200,,,,,,
정보통신,정보통신공사업,8234,주식회사 남전엔지니어링,,,312127,1525000,,,,,,
정보통신,정보통신공사업,8235,주식회사 에스디포,,,330322,1524900,,,,,,
정보통신,정보통신공사업,8236,주식회사 라이언,,,204255,1524800,,,,,,
정보통신,정보통신공사업,8237,남도전자통신,,,630199,1524300,,,,,,
정보통신,정보통신공사업,8238,(주)감성,,,620203,1523900,,,,,,
정보통신,정보통신공사업,8239,"주식회사 에이치앤에스(H&S Co.,Ltd.)",,,510422,1523400,,,,,,
정보통신,정보통신공사업,8240,주식회사 케이앤엘 정보시스템,,,540496,1523300,,,,,,
정보통신,정보통신공사업,8241,(주)이레미디어,,,610097,1521800,,,,,,
정보통신,정보통신공사업,8242,(주)한국코스모,,,320165,1521500,,,,,,
정보통신,정보통신공사업,8243,주식회사 웨더케이,,,610299,1521400,,,,,,
정보통신,정보통신공사업,8244,주식회사 이온테크,,,530078,1521000,,,,,,
정보통신,정보통신공사업,8245,주식회사 유스이앤씨,,,202622,1520900,,,,,,
정보통신,정보통신공사업,8246,주식회사 엠케이이앤씨,,,410208,1520800,,,,,,
정보통신,정보통신공사업,8247,주식회사 재원정보,,,203673,1520600,,,,,,
정보통신,정보통신공사업,8248,주식회사 케이원네트워크,,,120268,1520200,,,,,,
정보통신,정보통신공사업,8249,주식회사 동경티앤씨,,,312247,1520100,,,,,,
정보통신,정보통신공사업,8249,풍산아이씨티,,,540248,1520100,,,,,,
정보통신,정보통신공사업,8251,태화통신(주),,,620225,1517500,,,,,,
정보통신,정보통신공사업,8252,주식회사 가엘비젼,,,410060,1517300,,,,,,
정보통신,정보통신공사업,8253,유한회사 온성,,,630418,1517200,,,,,,
정보통신,정보통신공사업,8254,금호전업(주),,,520048,1516900,,,,,,
정보통신,정보통신공사업,8255,수도전기(주),,,350031,1516700,,,,,,
정보통신,정보통신공사업,8256,(주)옥승이엔씨,,,550177,1512800,,,,,,
정보통신,정보통신공사업,8256,주식회사 대정솔루션,,,630111,1512800,,,,,,
정보통신,정보통신공사업,8258,신명네트워크,,,530147,1512300,,,,,,
정보통신,정보통신공사업,8258,주식회사 우광이엔씨,,,311898,1512300,,,,,,
정보통신,정보통신공사업,8260,주식회사 리얼시큐,,,520179,1512200,,,,,,
정보통신,정보통신공사업,8261,(주)남양전기통신,,,130347,1512000,,,,,,
정보통신,정보통신공사업,8262,(주)강성티이씨,,,110509,1511800,,,,,,
정보통신,정보통신공사업,8262,주식회사 에스이넷포항방송,,,540233,1511800,,,,,,
정보통신,정보통신공사업,8264,(주)상원테크,,,430070,1511200,,,,,,
정보통신,정보통신공사업,8265,부성정보통신,,,120507,1510900,,,,,,
정보통신,정보통신공사업,8266,메타시스 주식회사,,,530381,1510400,,,,,,
정보통신,정보통신공사업,8267,(주)영진스마트,,,420202,1509700,,,,,,
정보통신,정보통신공사업,8267,주식회사 공영통신,,,140079,1509700,,,,,,
정보통신,정보통신공사업,8269,(주)오토기술,,,510504,1509300,,,,,,
정보통신,정보통신공사업,8270,(주)대신테크,,,540237,1508300,,,,,,
정보통신,정보통신공사업,8271,보명정보통신,,,112072,1508100,,,,,,
정보통신,정보통신공사업,8272,주식회사 자이온티앤에스,,,111799,1507700,,,,,,
정보통신,정보통신공사업,8272,주식회사 천일엠이씨,,,203426,1507700,,,,,,
정보통신,정보통신공사업,8272,에스엠씨앤에스,,,350463,1507700,,,,,,
정보통신,정보통신공사업,8275,(주)파즈테크,,,330003,1507500,,,,,,
정보통신,정보통신공사업,8276,주식회사 이음아이씨티,,,610356,1507400,,,,,,
정보통신,정보통신공사업,8277,주식회사 빛나전자,,,312320,1507300,,,,,,
정보통신,정보통신공사업,8277,엘에스지(LSG)정보시스템,,,510418,1507300,,,,,,
정보통신,정보통신공사업,8279,(주)비케이정보통신,,,410063,1507100,,,,,,
정보통신,정보통신공사업,8280,주식회사 보다,,,430365,1506900,,,,,,
정보통신,정보통신공사업,8280,주식회사 델타시스템,,,204222,1506900,,,,,,
정보통신,정보통신공사업,8282,주식회사 제이통신,,,620394,1506600,,,,,,
정보통신,정보통신공사업,8283,주식회사 더에스엘,,,420490,1506500,,,,,,
정보통신,정보통신공사업,8284,(주)에이온텍,,,120639,1505800,,,,,,
정보통신,정보통신공사업,8285,라이트비전 주식회사(LightVision Inc.),,,203573,1505500,,,,,,
정보통신,정보통신공사업,8286,남서울통신,,,320315,1504300,,,,,,
정보통신,정보통신공사업,8287,주식회사 대진,,,440085,1504100,,,,,,
정보통신,정보통신공사업,8288,(주)포토비젼제일,,,550122,1504000,,,,,,
정보통신,정보통신공사업,8289,삼부하이텍,,,180074,1503700,,,,,,
정보통신,정보통신공사업,8290,주식회사 대한전공,,,630108,1502300,,,,,,
정보통신,정보통신공사업,8290,(유)주성이엔씨,,,160185,1502300,,,,,,
정보통신,정보통신공사업,8292,주식회사 중앙이엔티,,,120336,1501900,,,,,,
정보통신,정보통신공사업,8293,(주)온빛텔,,,310827,1501800,,,,,,
정보통신,정보통신공사업,8293,홍성기업사,,,150095,1501800,,,,,,
정보통신,정보통신공사업,8293,주식회사 태완기전,,,310107,1501800,,,,,,
정보통신,정보통신공사업,8296,주식회사 와이에스씨엔에스,,,620216,1501400,,,,,,
정보통신,정보통신공사업,8297,(주)한서,,,330226,1500600,,,,,,
정보통신,정보통신공사업,8298,주식회사 라이프테크,,,550514,1500500,,,,,,
정보통신,정보통신공사업,8299,주식회사 해오름이엔에스,,,312331,1500100,,,,,,
정보통신,정보통신공사업,8300,주식회사 동조전력,,,203303,1499300,,,,,,
정보통신,정보통신공사업,8300,주식회사 긱스퍼,,,203399,1499300,,,,,,
정보통신,정보통신공사업,8302,주식회사 래경 (來炅),,,530229,1499000,,,,,,
정보통신,정보통신공사업,8303,주식회사 엔코블(Nkoble Inc.),,,204203,1497900,,,,,,
정보통신,정보통신공사업,8304,(주)데이타뱅크,,,530297,1497600,,,,,,
정보통신,정보통신공사업,8305,주식회사 대한이엔지,,,620298,1497300,,,,,,
정보통신,정보통신공사업,8306,우성정보통신,,,130308,1497100,,,,,,
정보통신,정보통신공사업,8307,주식회사 시큐리티허브,,,203407,1496600,,,,,,
정보통신,정보통신공사업,8307,주식회사 프로티앤씨,,,312329,1496600,,,,,,
정보통신,정보통신공사업,8309,(주)디센트솔루션,,,410287,1496100,,,,,,
정보통신,정보통신공사업,8310,(주)가은정보통신,,,111033,1494600,,,,,,
정보통신,정보통신공사업,8311,주연아이티 주식회사,,,312267,1494400,,,,,,
정보통신,정보통신공사업,8311,세움전기(주),,,113401,1494400,,,,,,
정보통신,정보통신공사업,8313,에코비엠 주식회사,,,610395,1493500,,,,,,
정보통신,정보통신공사업,8313,주식회사 대호테크,,,420488,1493500,,,,,,
정보통신,정보통신공사업,8315,(주)명원정보통신,,,430011,1492900,,,,,,
정보통신,정보통신공사업,8315,주식회사 케이제이에스랩,,,203543,1492900,,,,,,
정보통신,정보통신공사업,8317,엔네트워크 유한회사,,,630295,1492800,,,,,,
정보통신,정보통신공사업,8318,(주)유티스,,,510220,1492100,,,,,,
정보통신,정보통신공사업,8319,주식회사 제이앤밸류,,,420433,1492000,,,,,,
정보통신,정보통신공사업,8320,중앙정보통신 주식회사,,,540215,1491500,,,,,,
정보통신,정보통신공사업,8321,주식회사 지테크,,,311826,1491400,,,,,,
정보통신,정보통신공사업,8321,포인드(주),,,540367,1491400,,,,,,
정보통신,정보통신공사업,8323,주식회사 한강아이씨티(ICT),,,610307,1490500,,,,,,
정보통신,정보통신공사업,8324,주식회사 극동이앤씨,,,112482,1489500,,,,,,
정보통신,정보통신공사업,8325,창평통신 주식회사,,,420154,1489200,,,,,,
정보통신,정보통신공사업,8326,(주)성신통신,,,150099,1487500,,,,,,
정보통신,정보통신공사업,8327,효진 주식회사,,,620016,1486500,,,,,,
정보통신,정보통신공사업,8327,(주)씨큐앤,,,350137,1486500,,,,,,
정보통신,정보통신공사업,8329,(주)금호이엔씨,,,540383,1486000,,,,,,
정보통신,정보통신공사업,8330,(주)명성아이티,,,510549,1485400,,,,,,
정보통신,정보통신공사업,8331,인터엠 전자음향,,,111176,1484400,,,,,,
정보통신,정보통신공사업,8331,주식회사 호암이엘,,,510534,1484400,,,,,,
정보통신,정보통신공사업,8333,주식회사 스마트위드,,,350582,1483900,,,,,,
정보통신,정보통신공사업,8334,멘토정보통신,,,630052,1483700,,,,,,
정보통신,정보통신공사업,8335,(주)유니드인포,,,202768,1483600,,,,,,
정보통신,정보통신공사업,8335,주식회사 하늘빛전기통신,,,203616,1483600,,,,,,
정보통신,정보통신공사업,8337,주식회사 우리이엔지,,,330343,1483100,,,,,,
정보통신,정보통신공사업,8337,주식회사 유앤,,,640066,1483100,,,,,,
정보통신,정보통신공사업,8339,엘엔에스,,,510550,1483000,,,,,,
정보통신,정보통신공사업,8340,(주)신성건설,,,112112,1482000,,,,,,
정보통신,정보통신공사업,8341,거산전설 주식회사,,,620175,1481900,,,,,,
정보통신,정보통신공사업,8342,(유)지이씨,,,140346,1481600,,,,,,
정보통신,정보통신공사업,8343,주식회사 이현테크윈,,,311926,1481500,,,,,,
정보통신,정보통신공사업,8343,주식회사 민경통신,,,150111,1481500,,,,,,
정보통신,정보통신공사업,8345,엠씨이엔지 주식회사,,,330218,1480000,,,,,,
정보통신,정보통신공사업,8346,미래정보네트워크,,,510111,1479700,,,,,,
정보통신,정보통신공사업,8347,(유)원우이엔지,,,630138,1479400,,,,,,
정보통신,정보통신공사업,8348,(주)동서엔지니어링,,,630110,1479300,,,,,,
정보통신,정보통신공사업,8349,(주)해동전기,,,330080,1478400,,,,,,
정보통신,정보통신공사업,8350,민성정보통신,,,203131,1477100,,,,,,
정보통신,정보통신공사업,8351,주식회사 비트밸리,,,510708,1477000,,,,,,
정보통신,정보통신공사업,8352,다온솔루션 주식회사,,,620406,1476800,,,,,,
정보통신,정보통신공사업,8352,대동통신,,,150531,1476800,,,,,,
정보통신,정보통신공사업,8354,(주)우성이엔지,,,330160,1476100,,,,,,
정보통신,정보통신공사업,8355,(주)아이티에스,,,540168,1475300,,,,,,
정보통신,정보통신공사업,8356,(주)용봉전기통신,,,410228,1475100,,,,,,
정보통신,정보통신공사업,8357,주식회사 코리아정보통신,,,312381,1474100,,,,,,
정보통신,정보통신공사업,8358,(주)엑사엔시스,,,202471,1473700,,,,,,
정보통신,정보통신공사업,8359,주식회사 기가테크놀러지,,,330323,1473600,,,,,,
정보통신,정보통신공사업,8360,주식회사 대현시스템,,,410368,1473500,,,,,,
정보통신,정보통신공사업,8361,주식회사 원광전력,,,203226,1472400,,,,,,
정보통신,정보통신공사업,8362,선일전기산업(주),,,170169,1471400,,,,,,
정보통신,정보통신공사업,8363,주식회사 하늘이엔지,,,312589,1471000,,,,,,
정보통신,정보통신공사업,8364,주식회사 에이치에스정보기술,,,630329,1470700,,,,,,
정보통신,정보통신공사업,8365,(주)태호이앤씨,,,150415,1470300,,,,,,
정보통신,정보통신공사업,8366,매일정보통신 주식회사,,,620061,1469800,,,,,,
정보통신,정보통신공사업,8367,정원씨앤아이,,,550215,1469300,,,,,,
정보통신,정보통신공사업,8368,정우이앤씨,,,110143,1469100,,,,,,
정보통신,정보통신공사업,8369,뉴테크정보통신주식회사,,,350184,1469000,,,,,,
정보통신,정보통신공사업,8370,하나네트워크(주),,,150675,1468500,,,,,,
정보통신,정보통신공사업,8371,(주)에스오투,,,430180,1468000,,,,,,
정보통신,정보통신공사업,8372,(주)파워일렉,,,111011,1467200,,,,,,
정보통신,정보통신공사업,8373,주식회사 아인기술,,,510719,1466500,,,,,,
정보통신,정보통신공사업,8373,(주)영전이엔씨,,,320232,1466500,,,,,,
정보통신,정보통신공사업,8375,주식회사 평화전력,,,350071,1463600,,,,,,
정보통신,정보통신공사업,8376,주식회사 삼광전력,,,630155,1463200,,,,,,
정보통신,정보통신공사업,8377,주식회사 케이피넷,,,550165,1463000,,,,,,
정보통신,정보통신공사업,8378,그린정보통신,,,350099,1462000,,,,,,
정보통신,정보통신공사업,8379,(주)오션텍,,,510286,1460400,,,,,,
정보통신,정보통신공사업,8380,금아정보통신(주),,,150032,1460000,,,,,,
정보통신,정보통신공사업,8380,주식회사 삼현정보통신 (株式會社 三玄情報通信),,,201349,1460000,,,,,,
정보통신,정보통신공사업,8382,주식회사 승호,,,202110,1459800,,,,,,
정보통신,정보통신공사업,8383,주식회사 투씨에스지,,,202849,1459100,,,,,,
정보통신,정보통신공사업,8384,주식회사 금명이엔씨,,,160086,1458600,,,,,,
정보통신,정보통신공사업,8385,주식회사 국제정보통신,,,410325,1458500,,,,,,
정보통신,정보통신공사업,8386,채비 주식회사,,,530368,1458200,,,,,,
정보통신,정보통신공사업,8387,주식회사 에스에이치정보기술,,,350347,1457100,,,,,,
정보통신,정보통신공사업,8388,우영메카(주),,,200898,1456700,,,,,,
정보통신,정보통신공사업,8389,주식회사 태오,,,420434,1456300,,,,,,
정보통신,정보통신공사업,8390,주식회사 하루테크,,,430369,1456100,,,,,,
정보통신,정보통신공사업,8391,주식회사 아이티온,,,312456,1456000,,,,,,
정보통신,정보통신공사업,8392,(주)쌍봉교역,,,201511,1454400,,,,,,
정보통신,정보통신공사업,8393,디엘이주식회사,,,510321,1453900,,,,,,
정보통신,정보통신공사업,8394,티에스정보통신,,,350453,1453300,,,,,,
정보통신,정보통신공사업,8395,주식회사 동해이엔에스,,,540208,1452900,,,,,,
정보통신,정보통신공사업,8396,(주)영동네트웍스,,,330108,1451600,,,,,,
정보통신,정보통신공사업,8396,(주)복개전설,,,201290,1451600,,,,,,
정보통신,정보통신공사업,8396,(주)해밀,,,630076,1451600,,,,,,
정보통신,정보통신공사업,8399,주식회사 비트네이션,,,203773,1451100,,,,,,
정보통신,정보통신공사업,8400,(주)백림정보,,,610083,1450700,,,,,,
정보통신,정보통신공사업,8400,(주)범진,,,510475,1450700,,,,,,
정보통신,정보통신공사업,8402,주식회사 전기안전,,,620259,1450400,,,,,,
정보통신,정보통신공사업,8403,아이즈원,,,630308,1449900,,,,,,
정보통신,정보통신공사업,8404,태멘시스템 주식회사,,,111026,1449600,,,,,,
정보통신,정보통신공사업,8405,주식회사 해솔피앤씨,,,311215,1449300,,,,,,
정보통신,정보통신공사업,8406,(주)해종,,,430080,1449200,,,,,,
정보통신,정보통신공사업,8407,국민정보통신,,,150357,1448800,,,,,,
정보통신,정보통신공사업,8408,(주)세이정보기술,,,430263,1448700,,,,,,
정보통신,정보통신공사업,8409,다알시스 주식회사,,,312355,1448300,,,,,,
정보통신,정보통신공사업,8409,아주정보통신,,,530237,1448300,,,,,,
정보통신,정보통신공사업,8411,성호아이티 주식회사,,,620408,1448000,,,,,,
정보통신,정보통신공사업,8412,주식회사 태성정보통신,,,202695,1447300,,,,,,
정보통신,정보통신공사업,8413,주식회사 태산정보통신,,,640103,1447000,,,,,,
정보통신,정보통신공사업,8414,(주)프릭스미디어시스템즈,,,311360,1446700,,,,,,
정보통신,정보통신공사업,8415,주식회사 한국클라우드(HANKOOK CLOUD Inc.),,,203365,1446600,,,,,,
정보통신,정보통신공사업,8416,동양통신,,,130177,1446500,,,,,,
정보통신,정보통신공사업,8417,(주)에프앤비,,,620121,1445600,,,,,,
정보통신,정보통신공사업,8418,디에스아이씨티(주),,,311414,1445500,,,,,,
정보통신,정보통신공사업,8419,재리강정보기술 주식회사,,,200772,1445300,,,,,,
정보통신,정보통신공사업,8420,주식회사 신성엠티씨,,,410313,1444900,,,,,,
정보통신,정보통신공사업,8421,탑네트워크 주식회사,,,550254,1444600,,,,,,
정보통신,정보통신공사업,8422,주식회사 에스케이전기통신,,,540532,1444500,,,,,,
정보통신,정보통신공사업,8423,주식회사 에스에이치정보통신,,,430050,1443800,,,,,,
정보통신,정보통신공사업,8423,새일시스템즈(주),,,310289,1443800,,,,,,
정보통신,정보통신공사업,8425,(주)인프라케이,,,640129,1443400,,,,,,
정보통신,정보통신공사업,8426,주식회사 현대아이티,,,202621,1443100,,,,,,
정보통신,정보통신공사업,8427,주식회사 리우통신,,,550428,1441700,,,,,,
정보통신,정보통신공사업,8428,주식회사 이디에스원,,,630397,1441100,,,,,,
정보통신,정보통신공사업,8429,하나종합통신,,,120506,1441000,,,,,,
정보통신,정보통신공사업,8430,주식회사 송림전기,,,420178,1440900,,,,,,
정보통신,정보통신공사업,8431,주식회사 두두,,,312088,1440600,,,,,,
정보통신,정보통신공사업,8432,주식회사 하나전기,,,540400,1439900,,,,,,
정보통신,정보통신공사업,8432,광선전설(주),,,540195,1439900,,,,,,
정보통신,정보통신공사업,8434,주식회사 아이에이치솔루션,,,312489,1439500,,,,,,
정보통신,정보통신공사업,8435,주식회사 에시르,,,350583,1438200,,,,,,
정보통신,정보통신공사업,8436,케이디네트웍스,,,311761,1437700,,,,,,
정보통신,정보통신공사업,8437,(주)송명정보통신,,,640036,1437500,,,,,,
정보통신,정보통신공사업,8438,유한회사 오투,,,630399,1437100,,,,,,
정보통신,정보통신공사업,8439,주식회사 원탑,,,610336,1436200,,,,,,
정보통신,정보통신공사업,8440,디멕스 주식회사(dMax Co..Ltd.),,,620288,1436000,,,,,,
정보통신,정보통신공사업,8441,미동이엔씨 주식회사,,,630227,1435700,,,,,,
정보통신,정보통신공사업,8442,유프로시스(주),,,200647,1435400,,,,,,
정보통신,정보통신공사업,8443,주식회사 태원시스템,,,420457,1434900,,,,,,
정보통신,정보통신공사업,8444,주식회사 케이티엔에스티,,,203569,1433100,,,,,,
정보통신,정보통신공사업,8445,광명기업,,,330321,1432800,,,,,,
정보통신,정보통신공사업,8446,주식회사 제이투,,,330232,1432500,,,,,,
정보통신,정보통신공사업,8447,다우건설 주식회사,,,420468,1431900,,,,,,
정보통신,정보통신공사업,8448,주식회사 디에스정보기술,,,350417,1431800,,,,,,
정보통신,정보통신공사업,8449,주식회사 카이저솔루션,,,203598,1431300,,,,,,
정보통신,정보통신공사업,8449,가람정보기술 주식회사,,,620412,1431300,,,,,,
정보통신,정보통신공사업,8451,주식회사 유림이엔씨,,,550263,1430900,,,,,,
정보통신,정보통신공사업,8451,주식회사 창성테크,,,202344,1430900,,,,,,
정보통신,정보통신공사업,8453,더클-넷,,,320564,1430600,,,,,,
정보통신,정보통신공사업,8453,(주)쌍용전설,,,120224,1430600,,,,,,
정보통신,정보통신공사업,8455,주식회사 에스씨엔,,,330194,1430100,,,,,,
정보통신,정보통신공사업,8456,(주)서진전기,,,420136,1429600,,,,,,
정보통신,정보통신공사업,8457,주식회사 엘케이플러스,,,510681,1428300,,,,,,
정보통신,정보통신공사업,8458,아토리서치(주),,,311264,1428000,,,,,,
정보통신,정보통신공사업,8459,태영건설산업 주식회사,,,201595,1427700,,,,,,
정보통신,정보통신공사업,8460,주식회사 정인이엔지,,,520124,1427600,,,,,,
정보통신,정보통신공사업,8461,오성기전 주식회사,,,350600,1426900,,,,,,
정보통신,정보통신공사업,8462,주식회사 유신,,,350141,1426500,,,,,,
정보통신,정보통신공사업,8463,주식회사 제이엔티시스템,,,203130,1425700,,,,,,
정보통신,정보통신공사업,8464,주식회사 대양이엔씨,,,420263,1425600,,,,,,
정보통신,정보통신공사업,8465,(주)대양씨아이에스,,,310691,1425200,,,,,,
정보통신,정보통신공사업,8466,주식회사 디에이치,,,202763,1423000,,,,,,
정보통신,정보통신공사업,8467,주식회사 명승정보통신,,,112311,1422500,,,,,,
정보통신,정보통신공사업,8468,(합명)흥일통신공업사,,,120323,1422400,,,,,,
정보통신,정보통신공사업,8469,(주)서울전설,,,540100,1421900,,,,,,
정보통신,정보통신공사업,8470,피알미 주식회사,,,550469,1421500,,,,,,
정보통신,정보통신공사업,8471,주식회사 에이치엔링크,,,203788,1421300,,,,,,
정보통신,정보통신공사업,8471,(주)신화일렉트릭,,,430341,1421300,,,,,,
정보통신,정보통신공사업,8473,한창기전(주),,,311426,1421200,,,,,,
정보통신,정보통신공사업,8474,(주)한성전력,,,350391,1421100,,,,,,
정보통신,정보통신공사업,8475,"주식회사 근우(KEUNWOO CO.,LTD.)",,,202890,1420900,,,,,,
정보통신,정보통신공사업,8476,주식회사 다온테크놀로지,,,350372,1420800,,,,,,
정보통신,정보통신공사업,8477,(주)에이치엠정보기술,,,320196,1420300,,,,,,
정보통신,정보통신공사업,8478,"일광이앤씨 주식회사(ILKWANG E&C Co.,LTD.)",,,310571,1420200,,,,,,
정보통신,정보통신공사업,8478,주식회사 이레넷텍,,,312076,1420200,,,,,,
정보통신,정보통신공사업,8480,에스엠테크 주식회사,,,540417,1419400,,,,,,
정보통신,정보통신공사업,8481,주식회사 나라지식정보,,,203981,1418700,,,,,,
정보통신,정보통신공사업,8482,황제전기통신,,,150237,1418600,,,,,,
정보통신,정보통신공사업,8483,(주)이루텔럭키,,,311608,1418500,,,,,,
정보통신,정보통신공사업,8483,주식회사 다올정보통신,,,203957,1418500,,,,,,
정보통신,정보통신공사업,8485,진기로지스틱,,,510795,1418400,,,,,,
정보통신,정보통신공사업,8486,(주)단아,,,113344,1418000,,,,,,
정보통신,정보통신공사업,8487,동양정보통신공사,,,540038,1417900,,,,,,
정보통신,정보통신공사업,8488,유림정보시스템 주식회사,,,510344,1417400,,,,,,
정보통신,정보통신공사업,8489,조아유기술 주식회사,,,410348,1417200,,,,,,
정보통신,정보통신공사업,8490,(주)남형통신건설,,,160013,1417000,,,,,,
정보통신,정보통신공사업,8491,주식회사 아원정보통신,,,350035,1416700,,,,,,
정보통신,정보통신공사업,8491,(주)보고넷,,,310179,1416700,,,,,,
정보통신,정보통신공사업,8493,한림정보통신,,,620078,1416500,,,,,,
정보통신,정보통신공사업,8494,주식회사 데이콤,,,530439,1415300,,,,,,
정보통신,정보통신공사업,8494,주식회사 아이티에이,,,320507,1415300,,,,,,
정보통신,정보통신공사업,8496,주식회사 코스정보통신,,,540393,1414200,,,,,,
정보통신,정보통신공사업,8497,이광이엔씨 주식회사,,,540111,1414000,,,,,,
정보통신,정보통신공사업,8498,주식회사 시티건설,,,350235,1413000,,,,,,
정보통신,정보통신공사업,8499,휴먼베이스 오토메이션 (Human Base Automation),,,550489,1412600,,,,,,
정보통신,정보통신공사업,8500,삼익상사,,,530388,1412300,,,,,,
정보통신,정보통신공사업,8501,정우전기통신 주식회사,,,640149,1412000,,,,,,
정보통신,정보통신공사업,8502,삼성통신(주),,,410142,1411600,,,,,,
정보통신,정보통신공사업,8503,(주)우성테크,,,410061,1410900,,,,,,
정보통신,정보통신공사업,8504,(주)에스콤테크,,,530170,1410100,,,,,,
정보통신,정보통신공사업,8505,(주)아이티에스시스템,,,620310,1409900,,,,,,
정보통신,정보통신공사업,8506,주식회사 다이노,,,350321,1409800,,,,,,
정보통신,정보통신공사업,8507,"주식회사 제이씨아이(JCI Co.,Ltd.)",,,320506,1409200,,,,,,
정보통신,정보통신공사업,8508,주식회사 이든엠,,,312498,1409100,,,,,,
정보통신,정보통신공사업,8509,대성미디어,,,112348,1407900,,,,,,
정보통신,정보통신공사업,8510,(주)레이텍,,,111676,1407600,,,,,,
정보통신,정보통신공사업,8511,(주)그리마건설,,,310676,1407400,,,,,,
정보통신,정보통신공사업,8512,(주)대명통신,,,130045,1406700,,,,,,
정보통신,정보통신공사업,8513,두합정보통신,,,110607,1406100,,,,,,
정보통신,정보통신공사업,8514,대통산업(주),,,150648,1405900,,,,,,
정보통신,정보통신공사업,8515,주식회사 태성정보통신,,,330249,1405600,,,,,,
정보통신,정보통신공사업,8516,에이스시스템 주식회사,,,550285,1405500,,,,,,
정보통신,정보통신공사업,8517,주식회사 조은정보통신,,,520066,1405400,,,,,,
정보통신,정보통신공사업,8518,"시큐리티앤맵 주식회사 (Security&Map Co., Ltd.)",,,202946,1405100,,,,,,
정보통신,정보통신공사업,8519,세기정보통신,,,120004,1404400,,,,,,
정보통신,정보통신공사업,8520,마리정보통신,,,530429,1404000,,,,,,
정보통신,정보통신공사업,8521,"153오디오랩 주식회사 (153audiolab Co.,Ltd.)",,,203967,1403400,,,,,,
정보통신,정보통신공사업,8521,(주)태영미디어,,,350186,1403400,,,,,,
정보통신,정보통신공사업,8523,주식회사 인테크워터,,,530450,1403200,,,,,,
정보통신,정보통신공사업,8524,시큐리티맥,,,320305,1402600,,,,,,
정보통신,정보통신공사업,8525,주식회사 대웅전기,,,200604,1402500,,,,,,
정보통신,정보통신공사업,8526,주식회사 마루종합전기,,,610154,1402200,,,,,,
정보통신,정보통신공사업,8527,알파네트웍스,,,420476,1402100,,,,,,
정보통신,정보통신공사업,8528,중앙정보통신,,,150376,1401800,,,,,,
정보통신,정보통신공사업,8529,이지노브 주식회사(EZNOV INC.),,,320450,1401300,,,,,,
정보통신,정보통신공사업,8530,금호이엔에스,,,510531,1400500,,,,,,
정보통신,정보통신공사업,8531,(주)코맥스통신,,,530249,1399300,,,,,,
정보통신,정보통신공사업,8532,주식회사 솔로몬기술,,,610296,1398600,,,,,,
정보통신,정보통신공사업,8532,(주)선경이에스티,,,312046,1398600,,,,,,
정보통신,정보통신공사업,8534,주식회사 온어스네트웍스,,,312527,1397200,,,,,,
정보통신,정보통신공사업,8534,신화정보통신공사,,,311502,1397200,,,,,,
정보통신,정보통신공사업,8536,유인정보통신주식회사,,,320041,1396100,,,,,,
정보통신,정보통신공사업,8537,도우디지텍(주),,,311139,1396000,,,,,,
정보통신,정보통신공사업,8538,중앙통신,,,111554,1395100,,,,,,
정보통신,정보통신공사업,8539,주식회사 영진전기,,,540345,1394400,,,,,,
정보통신,정보통신공사업,8540,주식회사 하랑이엔씨정보,,,111334,1394300,,,,,,
정보통신,정보통신공사업,8541,주식회사 나은기술,,,410323,1393500,,,,,,
정보통신,정보통신공사업,8542,유한회사 코스타정보통신,,,630209,1393300,,,,,,
정보통신,정보통신공사업,8543,주식회사 온누리전기,,,200505,1393000,,,,,,
정보통신,정보통신공사업,8544,금강정보통신(주),,,150279,1392900,,,,,,
정보통신,정보통신공사업,8545,부영정보통신공사,,,120536,1392800,,,,,,
정보통신,정보통신공사업,8546,아세아전기(주),,,510280,1392500,,,,,,
정보통신,정보통신공사업,8547,(주)재신전력,,,420319,1392300,,,,,,
정보통신,정보통신공사업,8548,주식회사 신비,,,350424,1392000,,,,,,
정보통신,정보통신공사업,8549,(주)세종이엔지,,,510282,1391500,,,,,,
정보통신,정보통신공사업,8550,주식회사 그린주의,,,202824,1391400,,,,,,
정보통신,정보통신공사업,8551,주식회사 에스제이전기통신,,,312236,1391300,,,,,,
정보통신,정보통신공사업,8552,주식회사 영민,,,350133,1391100,,,,,,
정보통신,정보통신공사업,8553,하나일렉콤 주식회사,,,350378,1389800,,,,,,
정보통신,정보통신공사업,8553,(주)아이티캠,,,510603,1389800,,,,,,
정보통신,정보통신공사업,8553,(주)지니온,,,202301,1389800,,,,,,
정보통신,정보통신공사업,8556,주식회사 디에스이엔지,,,430362,1389400,,,,,,
정보통신,정보통신공사업,8557,중앙시스템 주식회사,,,410049,1389300,,,,,,
정보통신,정보통신공사업,8557,(주)브이아이티정보통신,,,201347,1389300,,,,,,
정보통신,정보통신공사업,8559,주식회사 나인,,,540419,1389200,,,,,,
정보통신,정보통신공사업,8560,(주)비에스,,,510324,1389000,,,,,,
정보통신,정보통신공사업,8561,주식회사 거산이앤씨,,,530180,1388700,,,,,,
정보통신,정보통신공사업,8562,주식회사 하랑,,,630360,1388400,,,,,,
정보통신,정보통신공사업,8563,주식회사 현영정보통신,,,630341,1388200,,,,,,
정보통신,정보통신공사업,8564,(주)아이테크,,,510277,1388100,,,,,,
정보통신,정보통신공사업,8564,영풍전력정보(주),,,620063,1388100,,,,,,
정보통신,정보통신공사업,8566,주식회사 대민이엔씨,,,312142,1387700,,,,,,
정보통신,정보통신공사업,8567,미래전기(주),,,540110,1387500,,,,,,
정보통신,정보통신공사업,8568,주식회사 천지정보통신,,,200632,1387300,,,,,,
정보통신,정보통신공사업,8569,주식회사 성훈전력,,,640120,1386800,,,,,,
정보통신,정보통신공사업,8570,주식회사 주영,,,430236,1386700,,,,,,
정보통신,정보통신공사업,8571,우행통신,,,510606,1386400,,,,,,
정보통신,정보통신공사업,8572,주식회사 광희테크윈,,,630270,1386000,,,,,,
정보통신,정보통신공사업,8573,"미디어아이씨티 주식회사 (Media ICT Co.,Ltd.)",,,203156,1385000,,,,,,
정보통신,정보통신공사업,8574,주식회사 바인컴,,,610441,1384900,,,,,,
정보통신,정보통신공사업,8575,(주)오에스정보통신,,,311533,1384700,,,,,,
정보통신,정보통신공사업,8576,주식회사 연수이앤씨,,,203304,1384500,,,,,,
정보통신,정보통신공사업,8576,유한회사 건영정보기술,,,620415,1384500,,,,,,
정보통신,정보통신공사업,8578,(유)동민정보통신,,,140404,1384100,,,,,,
정보통신,정보통신공사업,8579,주식회사 봄,,,160056,1384000,,,,,,
정보통신,정보통신공사업,8579,주식회사 씨앤아이,,,430330,1384000,,,,,,
정보통신,정보통신공사업,8579,태성네트웍스(주),,,410150,1384000,,,,,,
정보통신,정보통신공사업,8579,주식회사 인정이엔씨,,,430332,1384000,,,,,,
정보통신,정보통신공사업,8583,경인전력 주식회사,,,530352,1383900,,,,,,
정보통신,정보통신공사업,8584,(합자)한진통신,,,330042,1383500,,,,,,
정보통신,정보통신공사업,8585,주식회사 포플랜트,,,510747,1383000,,,,,,
정보통신,정보통신공사업,8586,주식회사 태양전기,,,203963,1381700,,,,,,
정보통신,정보통신공사업,8586,다온인포,,,550407,1381700,,,,,,
정보통신,정보통신공사업,8588,(주)지투기술,,,430018,1381500,,,,,,
정보통신,정보통신공사업,8589,(주)경원,,,201899,1381200,,,,,,
정보통신,정보통신공사업,8590,주식회사 엠케이전력,,,610357,1380700,,,,,,
정보통신,정보통신공사업,8591,주식회사 광림전력,,,111923,1380500,,,,,,
정보통신,정보통신공사업,8592,(주)테로스정보통신,,,350320,1380300,,,,,,
정보통신,정보통신공사업,8592,우진통신,,,520108,1380300,,,,,,
정보통신,정보통신공사업,8594,"에스케이에코엔지니어링 주식회사 (SK ecoengineering Co., Ltd.)",,,203547,1379300,,,,,,
정보통신,정보통신공사업,8594,주식회사 드림캐처,,,610456,1379300,,,,,,
정보통신,정보통신공사업,8596,한마음정보시스템,,,111291,1379000,,,,,,
정보통신,정보통신공사업,8597,한길정보기술,,,120799,1378900,,,,,,
정보통신,정보통신공사업,8597,로이앤테크 주식회사,,,610440,1378900,,,,,,
정보통신,정보통신공사업,8599,케이폴 주식회사,,,420474,1378200,,,,,,
정보통신,정보통신공사업,8600,(주)대청정보통신,,,430211,1377900,,,,,,
정보통신,정보통신공사업,8601,뉴정보통신,,,540418,1377300,,,,,,
정보통신,정보통신공사업,8602,주식회사 엔엔티,,,330282,1376900,,,,,,
정보통신,정보통신공사업,8603,엘지정보기술(주),,,111678,1376000,,,,,,
정보통신,정보통신공사업,8604,엔에이정보통신 주식회사,,,203297,1375900,,,,,,
정보통신,정보통신공사업,8605,주식회사 리더킹,,,630249,1375800,,,,,,
정보통신,정보통신공사업,8606,제이엔제이정보통신주식회사,,,311996,1375600,,,,,,
정보통신,정보통신공사업,8607,굿짝(Good Jjack)정보통신,,,640155,1375400,,,,,,
정보통신,정보통신공사업,8608,(주)유테라시스,,,150567,1375300,,,,,,
정보통신,정보통신공사업,8609,새빛이앤엘(주),,,312045,1375200,,,,,,
정보통신,정보통신공사업,8609,(주)솔로몬시스템,,,320125,1375200,,,,,,
정보통신,정보통신공사업,8611,광일이엔씨 주식회사,,,203948,1374800,,,,,,
정보통신,정보통신공사업,8612,주식회사 계림,,,312453,1374700,,,,,,
정보통신,정보통신공사업,8613,현성교통건설 주식회사,,,350129,1374100,,,,,,
정보통신,정보통신공사업,8614,"주식회사 나눔컴오에이(NanumComOA Co.,Ltd.)",,,530423,1373600,,,,,,
정보통신,정보통신공사업,8615,영시스템,,,520128,1372800,,,,,,
정보통신,정보통신공사업,8616,(주)서경에스지씨,,,350355,1372600,,,,,,
정보통신,정보통신공사업,8617,주식회사 웅부정보기술,,,540343,1372000,,,,,,
정보통신,정보통신공사업,8618,주식회사 제이정보통신,,,510791,1371900,,,,,,
정보통신,정보통신공사업,8619,주식회사 배가넷,,,520163,1371500,,,,,,
정보통신,정보통신공사업,8619,주식회사 다산테크,,,430254,1371500,,,,,,
정보통신,정보통신공사업,8621,주식회사 바램,,,610411,1371400,,,,,,
정보통신,정보통신공사업,8622,태성통신,,,110845,1370900,,,,,,
정보통신,정보통신공사업,8623,(주)예도시스템,,,311049,1370200,,,,,,
정보통신,정보통신공사업,8624,승혜전력 주식회사,,,330320,1370100,,,,,,
정보통신,정보통신공사업,8625,주식회사 로반,,,620391,1369900,,,,,,
정보통신,정보통신공사업,8625,주식회사 미래하이테크,,,630191,1369900,,,,,,
정보통신,정보통신공사업,8627,(주)비에스파워,,,201596,1369800,,,,,,
정보통신,정보통신공사업,8627,(주)보룡건설,,,112158,1369800,,,,,,
정보통신,정보통신공사업,8629,주도정보통신,,,204014,1369400,,,,,,
정보통신,정보통신공사업,8630,유호토건 주식회사,,,203882,1369300,,,,,,
정보통신,정보통신공사업,8631,주식회사 코스텍정보통신,,,310817,1369100,,,,,,
정보통신,정보통신공사업,8632,(주)동양이엔씨,,,110919,1368700,,,,,,
정보통신,정보통신공사업,8633,성광미디어통신(주),,,311549,1368600,,,,,,
정보통신,정보통신공사업,8634,주식회사 반석,,,350585,1367200,,,,,,
정보통신,정보통신공사업,8635,주식회사 그린전기,,,202705,1366900,,,,,,
정보통신,정보통신공사업,8635,주식회사 조은캠프,,,530458,1366900,,,,,,
정보통신,정보통신공사업,8637,하나정보통신,,,350569,1366800,,,,,,
정보통신,정보통신공사업,8638,(주)인프라큐브,,,330290,1366500,,,,,,
정보통신,정보통신공사업,8639,주식회사 포앰,,,510740,1366100,,,,,,
정보통신,정보통신공사업,8639,(주)환영통신,,,120636,1366100,,,,,,
정보통신,정보통신공사업,8641,이에스아이 주식회사,,,310791,1365200,,,,,,
정보통신,정보통신공사업,8642,초아정보시스템 주식회사,,,430310,1364900,,,,,,
정보통신,정보통신공사업,8643,주식회사 삼경이엔지,,,160139,1364400,,,,,,
정보통신,정보통신공사업,8644,주식회사 이베로,,,350552,1364300,,,,,,
정보통신,정보통신공사업,8645,(주)두레정보통신,,,510408,1363800,,,,,,
정보통신,정보통신공사업,8646,(주)덕송통신,,,540134,1363600,,,,,,
정보통신,정보통신공사업,8647,(주)아이캠,,,330215,1363300,,,,,,
정보통신,정보통신공사업,8648,주식회사 삼일네트웍,,,112413,1363200,,,,,,
정보통신,정보통신공사업,8649,주식회사 에이알텍,,,203664,1361400,,,,,,
정보통신,정보통신공사업,8650,창성이엔지 주식회사,,,130221,1360500,,,,,,
정보통신,정보통신공사업,8651,주식회사 좋은내일,,,630279,1360300,,,,,,
정보통신,정보통신공사업,8651,주식회사 위버아이엔티,,,311924,1360300,,,,,,
정보통신,정보통신공사업,8653,중앙정보,,,311726,1359800,,,,,,
정보통신,정보통신공사업,8654,(주)테크윈,,,430049,1359700,,,,,,
정보통신,정보통신공사업,8655,(주)유엔텔,,,530096,1359400,,,,,,
정보통신,정보통신공사업,8656,주식회사 금천정보기술,,,200646,1359200,,,,,,
정보통신,정보통신공사업,8657,그린아이티 주식회사,,,112541,1359100,,,,,,
정보통신,정보통신공사업,8658,주식회사 다현정보통신,,,310582,1358700,,,,,,
정보통신,정보통신공사업,8659,주식회사 드림정보,,,410215,1358500,,,,,,
정보통신,정보통신공사업,8660,주식회사 에이원정보통신,,,350481,1358400,,,,,,
정보통신,정보통신공사업,8661,(주)대성전자,,,140357,1358200,,,,,,
정보통신,정보통신공사업,8662,(주)세종하이테크,,,110768,1358100,,,,,,
정보통신,정보통신공사업,8662,(주)아이오티솔루션,,,510636,1358100,,,,,,
정보통신,정보통신공사업,8664,주식회사 우림이앤씨,,,510400,1358000,,,,,,
정보통신,정보통신공사업,8665,유한회사 케이엠정보시스템,,,630292,1357900,,,,,,
정보통신,정보통신공사업,8665,(주)디아이정보통신,,,620209,1357900,,,,,,
정보통신,정보통신공사업,8667,우주특수A.V,,,310043,1357800,,,,,,
정보통신,정보통신공사업,8667,(주)비앤엠,,,201462,1357800,,,,,,
정보통신,정보통신공사업,8669,(주)삼우이엔씨,,,430150,1357700,,,,,,
정보통신,정보통신공사업,8670,주식회사 에스아이텍,,,610416,1356900,,,,,,
정보통신,정보통신공사업,8671,(주)밝은전기,,,410051,1356800,,,,,,
정보통신,정보통신공사업,8672,(주)삼성정보통신,,,130313,1356100,,,,,,
정보통신,정보통신공사업,8673,화진전기 주식회사,,,350046,1355900,,,,,,
정보통신,정보통신공사업,8674,주식회사 시스윌,,,530322,1355800,,,,,,
정보통신,정보통신공사업,8675,주식회사 연우정보,,,610459,1355700,,,,,,
정보통신,정보통신공사업,8676,동부산엘리텍(주),,,510257,1355500,,,,,,
정보통신,정보통신공사업,8677,두주정보기술,,,350380,1354900,,,,,,
정보통신,정보통신공사업,8678,(주)하진,,,330312,1353600,,,,,,
정보통신,정보통신공사업,8679,(주)아이씨티 코리아,,,350285,1353500,,,,,,
정보통신,정보통신공사업,8680,협진전기통신공사,,,111671,1352400,,,,,,
정보통신,정보통신공사업,8680,주식회사 씨에스홀딩스,,,610064,1352400,,,,,,
정보통신,정보통신공사업,8682,주식회사 엔터테크,,,204025,1352300,,,,,,
정보통신,정보통신공사업,8682,이앤텍,,,550239,1352300,,,,,,
정보통신,정보통신공사업,8684,(주)제타플러스,,,150469,1351900,,,,,,
정보통신,정보통신공사업,8685,주식회사 영진,,,312702,1351500,,,,,,
정보통신,정보통신공사업,8686,(주)태양전기통신,,,130204,1351300,,,,,,
정보통신,정보통신공사업,8687,우리정보(주),,,130426,1350800,,,,,,
정보통신,정보통신공사업,8688,블루시스템,,,420384,1350700,,,,,,
정보통신,정보통신공사업,8689,주식회사 가온정보통신,,,311864,1350600,,,,,,
정보통신,정보통신공사업,8690,(주)시테크코리아,,,350350,1350200,,,,,,
정보통신,정보통신공사업,8691,주식회사 디에이치테크,,,540331,1349600,,,,,,
정보통신,정보통신공사업,8692,주식회사 진성씨지테크,,,203135,1349500,,,,,,
정보통신,정보통신공사업,8693,심우계전,,,510100,1349300,,,,,,
정보통신,정보통신공사업,8694,주식회사 케이엠티,,,550519,1349200,,,,,,
정보통신,정보통신공사업,8695,서전엔지니어링(주),,,201010,1349000,,,,,,
정보통신,정보통신공사업,8696,하나통신,,,430134,1348600,,,,,,
정보통신,정보통신공사업,8697,(주)코리트,,,630156,1348200,,,,,,
정보통신,정보통신공사업,8698,주식회사 시온이엔씨,,,550466,1346900,,,,,,
정보통신,정보통신공사업,8699,주식회사 오르네,,,420261,1346700,,,,,,
정보통신,정보통신공사업,8700,대양전자공업사,,,120387,1346600,,,,,,
정보통신,정보통신공사업,8701,대로클래스 주식회사,,,620341,1346300,,,,,,
정보통신,정보통신공사업,8702,우리정보통신,,,320194,1346000,,,,,,
정보통신,정보통신공사업,8703,(주)비전씨엔엘,,,510587,1345500,,,,,,
정보통신,정보통신공사업,8704,(주)시스아이티,,,530136,1344300,,,,,,
정보통신,정보통신공사업,8705,주식회사 남도,,,640083,1344000,,,,,,
정보통신,정보통신공사업,8706,우영씨티(주),,,202515,1342300,,,,,,
정보통신,정보통신공사업,8706,(주)현우이엔씨,,,320129,1342300,,,,,,
정보통신,정보통신공사업,8708,(주)태성정보통신,,,150316,1341800,,,,,,
정보통신,정보통신공사업,8708,텔레플러스 주식회사,,,203692,1341800,,,,,,
정보통신,정보통신공사업,8710,광음통신공사,,,150243,1341300,,,,,,
정보통신,정보통신공사업,8711,주식회사 부린,,,203637,1340800,,,,,,
정보통신,정보통신공사업,8712,일신이앤지,,,540348,1340700,,,,,,
정보통신,정보통신공사업,8713,주식회사 하늘이엔씨,,,312032,1340600,,,,,,
정보통신,정보통신공사업,8714,삼성정보통신,,,150537,1340300,,,,,,
정보통신,정보통신공사업,8714,주식회사 협주,,,320333,1340300,,,,,,
정보통신,정보통신공사업,8716,주식회사 쿠로엔시스,,,610437,1339900,,,,,,
정보통신,정보통신공사업,8717,주식회사 아이티정보통신,,,610347,1339700,,,,,,
정보통신,정보통신공사업,8718,대성종합전자,,,330371,1339200,,,,,,
정보통신,정보통신공사업,8719,(주)대보통신,,,112558,1339000,,,,,,
정보통신,정보통신공사업,8720,(주)아이비엠씨,,,510413,1338800,,,,,,
정보통신,정보통신공사업,8721,(주)만양,,,350247,1337600,,,,,,
정보통신,정보통신공사업,8722,(주)엘투테크,,,530165,1336400,,,,,,
정보통신,정보통신공사업,8723,부원정보 주식회사,,,330319,1336300,,,,,,
정보통신,정보통신공사업,8724,(주)신우정보통신,,,140469,1335700,,,,,,
정보통신,정보통신공사업,8725,(주)제이비,,,520098,1334700,,,,,,
정보통신,정보통신공사업,8726,대유정보통신(주),,,310388,1334600,,,,,,
정보통신,정보통신공사업,8727,주식회사 주야플랜트,,,203934,1334400,,,,,,
정보통신,정보통신공사업,8728,승승에너지 주식회사,,,630349,1333800,,,,,,
정보통신,정보통신공사업,8728,주식회사 신화전기,,,111177,1333800,,,,,,
정보통신,정보통신공사업,8730,(주)성은전설,,,112120,1333500,,,,,,
정보통신,정보통신공사업,8731,(주)시티,,,350281,1333400,,,,,,
정보통신,정보통신공사업,8731,한국메가와트(주),,,200738,1333400,,,,,,
정보통신,정보통신공사업,8733,(주)인타임정보,,,201718,1332600,,,,,,
정보통신,정보통신공사업,8734,주식회사 에코원,,,312116,1332000,,,,,,
정보통신,정보통신공사업,8735,(주)흥양정보기술,,,140330,1331900,,,,,,
정보통신,정보통신공사업,8736,주식회사 코원이앤씨,,,320405,1331800,,,,,,
정보통신,정보통신공사업,8736,이삭엔지니어링 주식회사,,,311783,1331800,,,,,,
정보통신,정보통신공사업,8738,주식회사 송림안전,,,610177,1331700,,,,,,
정보통신,정보통신공사업,8739,주식회사 모든하이테크,,,330150,1331500,,,,,,
정보통신,정보통신공사업,8740,주식회사 다산정보통신,,,430345,1331300,,,,,,
정보통신,정보통신공사업,8741,주식회사 웰캅,,,550379,1331200,,,,,,
정보통신,정보통신공사업,8742,(주)에이원정보통신,,,410131,1330500,,,,,,
정보통신,정보통신공사업,8742,주식회사 블루텍정보통신,,,312241,1330500,,,,,,
정보통신,정보통신공사업,8744,주식회사 소공,,,312215,1329700,,,,,,
정보통신,정보통신공사업,8745,주식회사 연우텔레콤,,,312433,1329500,,,,,,
정보통신,정보통신공사업,8745,한국하니웰(주),,,110004,1329500,,,,,,
정보통신,정보통신공사업,8747,일성전력 주식회사,,,330145,1329000,,,,,,
정보통신,정보통신공사업,8748,(주)스마트캠,,,430240,1328600,,,,,,
정보통신,정보통신공사업,8749,티앤에스(주),,,440001,1328500,,,,,,
정보통신,정보통신공사업,8750,벼리테크,,,202885,1328400,,,,,,
정보통신,정보통신공사업,8751,(주)윈디에스,,,310930,1326700,,,,,,
정보통신,정보통신공사업,8752,(주)느루디지텍,,,202131,1326600,,,,,,
정보통신,정보통신공사업,8753,주식회사 선양,,,540402,1326400,,,,,,
정보통신,정보통신공사업,8754,주식회사 케이에이치넥스,,,111870,1326200,,,,,,
정보통신,정보통신공사업,8755,주식회사 다름,,,520141,1325500,,,,,,
정보통신,정보통신공사업,8756,제일기업,,,150129,1325400,,,,,,
정보통신,정보통신공사업,8757,주식회사 에스제이전기,,,540384,1324100,,,,,,
정보통신,정보통신공사업,8758,(주)네스아이,,,120693,1323900,,,,,,
정보통신,정보통신공사업,8759,아이넷정보통신,,,350309,1323400,,,,,,
정보통신,정보통신공사업,8760,에덴기업 주식회사,,,320532,1323100,,,,,,
정보통신,정보통신공사업,8761,수연정보통신,,,112057,1322900,,,,,,
정보통신,정보통신공사업,8762,(주)일신이앤드씨,,,111875,1322400,,,,,,
정보통신,정보통신공사업,8763,주식회사 솔빛,,,630358,1320900,,,,,,
정보통신,정보통신공사업,8764,주식회사 로아솔루션(ROA Solution Inc.),,,330347,1320600,,,,,,
정보통신,정보통신공사업,8765,(주)대우이앤지,,,430349,1320000,,,,,,
정보통신,정보통신공사업,8765,세진전력 주식회사,,,350387,1320000,,,,,,
정보통신,정보통신공사업,8767,(주)구이,,,130289,1319200,,,,,,
정보통신,정보통신공사업,8768,주식회사 한명아이씨티,,,540308,1318600,,,,,,
정보통신,정보통신공사업,8769,(주)에스에이치아이앤씨,,,201470,1317800,,,,,,
정보통신,정보통신공사업,8770,(주)원정보통신,,,330077,1316900,,,,,,
정보통신,정보통신공사업,8771,주식회사 에스엔에프,,,550477,1316500,,,,,,
정보통신,정보통신공사업,8772,(주)선일일렉콤,,,540342,1316400,,,,,,
정보통신,정보통신공사업,8773,주식회사 그린텔,,,110999,1316100,,,,,,
정보통신,정보통신공사업,8774,(주)부성전기,,,540292,1316000,,,,,,
정보통신,정보통신공사업,8775,누리정보,,,430231,1313300,,,,,,
정보통신,정보통신공사업,8775,"주식회사 드림지에스(DreamGS Co.,Ltd",,,630208,1313300,,,,,,
정보통신,정보통신공사업,8777,주식회사 블루앤아이,,,640134,1312800,,,,,,
정보통신,정보통신공사업,8777,샛별정보통신공사,,,111077,1312800,,,,,,
정보통신,정보통신공사업,8779,대지통신공사,,,110391,1312600,,,,,,
정보통신,정보통신공사업,8780,(주)태정이앤아이,,,150048,1312300,,,,,,
정보통신,정보통신공사업,8781,광정보통신,,,130011,1312200,,,,,,
정보통신,정보통신공사업,8782,(주)이피이,,,112971,1311600,,,,,,
정보통신,정보통신공사업,8783,동우기술(주),,,510075,1311000,,,,,,
정보통신,정보통신공사업,8784,스피드정보통신,,,150682,1310900,,,,,,
정보통신,정보통신공사업,8785,(주)아이넷텔,,,310465,1310100,,,,,,
정보통신,정보통신공사업,8786,주식회사 라이프정보기술,,,510663,1309200,,,,,,
정보통신,정보통신공사업,8787,주식회사 아셀,,,530004,1308700,,,,,,
정보통신,정보통신공사업,8788,주식회사 에스디엠기술,,,550533,1308000,,,,,,
정보통신,정보통신공사업,8789,주식회사 소프트플러스,,,530410,1307600,,,,,,
정보통신,정보통신공사업,8789,주식회사 브리츠이엔지,,,420529,1307600,,,,,,
정보통신,정보통신공사업,8791,(주)정엔지니어링,,,510527,1307300,,,,,,
정보통신,정보통신공사업,8792,주식회사 영진이엔에스,,,202189,1307200,,,,,,
정보통신,정보통신공사업,8793,(주)대성전력,,,111295,1306300,,,,,,
정보통신,정보통신공사업,8794,광득건설 주식회사,,,550545,1304900,,,,,,
정보통신,정보통신공사업,8795,(주)대동계전,,,620161,1304800,,,,,,
정보통신,정보통신공사업,8796,석진전설,,,111921,1304600,,,,,,
정보통신,정보통신공사업,8797,광림네트웍스 주식회사,,,630277,1304100,,,,,,
정보통신,정보통신공사업,8798,주식회사 에스와이시스템,,,312294,1304000,,,,,,
정보통신,정보통신공사업,8799,주식회사 티포스,,,203844,1303800,,,,,,
정보통신,정보통신공사업,8800,주식회사 건영일렉스,,,320296,1303700,,,,,,
정보통신,정보통신공사업,8801,(주)진원시스템,,,420167,1303200,,,,,,
정보통신,정보통신공사업,8802,(주)휴먼씨,,,430316,1302200,,,,,,
정보통신,정보통신공사업,8803,주식회사 영진정보통신,,,530198,1302100,,,,,,
정보통신,정보통신공사업,8804,주식회사 광명전력,,,410282,1301900,,,,,,
정보통신,정보통신공사업,8804,주식회사 세운바이오,,,540440,1301900,,,,,,
정보통신,정보통신공사업,8804,한국정보통신협동조합,,,420382,1301900,,,,,,
정보통신,정보통신공사업,8807,(주)국제산업개발,,,520095,1301800,,,,,,
정보통신,정보통신공사업,8808,유한회사 삼환,,,610250,1301700,,,,,,
정보통신,정보통신공사업,8808,세한이엔씨 주식회사,,,540462,1301700,,,,,,
정보통신,정보통신공사업,8810,주식회사 트로닉스,,,620387,1301600,,,,,,
정보통신,정보통신공사업,8811,(HL)전자통신,,,540498,1301200,,,,,,
정보통신,정보통신공사업,8812,주식회사 광화기업,,,350329,1301100,,,,,,
정보통신,정보통신공사업,8813,주식회사 오엔,,,330281,1301000,,,,,,
정보통신,정보통신공사업,8814,주식회사 아진이앤씨,,,200836,1300500,,,,,,
정보통신,정보통신공사업,8815,(주)강원아이티,,,330180,1299900,,,,,,
정보통신,정보통신공사업,8816,컴한정보통신 주식회사,,,420440,1299800,,,,,,
정보통신,정보통신공사업,8817,주식회사 엘케이엔지니어링,,,312014,1299700,,,,,,
정보통신,정보통신공사업,8818,벧엘전력 주식회사,,,311863,1299500,,,,,,
정보통신,정보통신공사업,8819,주식회사 건영정보기술,,,201792,1298800,,,,,,
정보통신,정보통신공사업,8820,주식회사 일원정보통신,,,120141,1298500,,,,,,
정보통신,정보통신공사업,8821,(주)태화전기,,,610170,1298400,,,,,,
정보통신,정보통신공사업,8822,주식회사 티제이테크,,,350607,1297400,,,,,,
정보통신,정보통신공사업,8823,영인아이티기술사사무소,,,201271,1297200,,,,,,
정보통신,정보통신공사업,8824,(주)플러스원정보통신,,,310245,1296100,,,,,,
정보통신,정보통신공사업,8825,(주)대호엔지니어링,,,110383,1296000,,,,,,
정보통신,정보통신공사업,8826,유한회사 엠탑코리아,,,620279,1295700,,,,,,
정보통신,정보통신공사업,8827,비젼텔레콤,,,203137,1295500,,,,,,
정보통신,정보통신공사업,8828,주식회사 정현이엔지,,,203852,1295300,,,,,,
정보통신,정보통신공사업,8829,주식회사 대명파워텍,,,430293,1295000,,,,,,
정보통신,정보통신공사업,8830,경일건설(주),,,150491,1294800,,,,,,
정보통신,정보통신공사업,8831,(주)케이이엔티,,,140132,1294700,,,,,,
정보통신,정보통신공사업,8832,한수전기통신공사,,,350286,1293900,,,,,,
정보통신,정보통신공사업,8833,주식회사 경신정보통신,,,202627,1293600,,,,,,
정보통신,정보통신공사업,8834,주식회사 우리,,,330344,1293500,,,,,,
정보통신,정보통신공사업,8835,주식회사 루마린,,,350068,1293200,,,,,,
정보통신,정보통신공사업,8836,(주)송현전력,,,620150,1293000,,,,,,
정보통신,정보통신공사업,8837,성도전자,,,200247,1291000,,,,,,
정보통신,정보통신공사업,8838,주식회사 해태통신,,,410421,1290900,,,,,,
정보통신,정보통신공사업,8839,(주)동방전설,,,120308,1290000,,,,,,
정보통신,정보통신공사업,8840,주식회사 엘에스정보통신,,,350437,1289300,,,,,,
정보통신,정보통신공사업,8840,우성전자통신,,,150325,1289300,,,,,,
정보통신,정보통신공사업,8842,주식회사 비전,,,610337,1288800,,,,,,
정보통신,정보통신공사업,8842,(주)지엠티(GMT Co. Ltd),,,540280,1288800,,,,,,
정보통신,정보통신공사업,8844,신도익산센터,,,630361,1288300,,,,,,
정보통신,정보통신공사업,8845,주식회사 세영,,,320316,1288100,,,,,,
정보통신,정보통신공사업,8845,주식회사 아진네트워크,,,550406,1288100,,,,,,
정보통신,정보통신공사업,8845,케이정보통신 주식회사,,,330348,1288100,,,,,,
정보통신,정보통신공사업,8848,대웅기전(주),,,200036,1287800,,,,,,
정보통신,정보통신공사업,8849,엔에이티통신기술,,,420421,1287700,,,,,,
정보통신,정보통신공사업,8850,주식회사 파란시큐어,,,420342,1287600,,,,,,
정보통신,정보통신공사업,8851,(주)우송전기,,,540082,1287500,,,,,,
정보통신,정보통신공사업,8852,주식회사 혜승기술연구소,,,410350,1286200,,,,,,
정보통신,정보통신공사업,8852,주식회사 서화전력,,,630065,1286200,,,,,,
정보통신,정보통신공사업,8854,제이티비씨미디어텍 주식회사,,,202563,1286000,,,,,,
정보통신,정보통신공사업,8854,주식회사 서울,,,410043,1286000,,,,,,
정보통신,정보통신공사업,8856,주식회사 청평,,,550299,1285800,,,,,,
정보통신,정보통신공사업,8857,(주)우광전기통신,,,170146,1285500,,,,,,
정보통신,정보통신공사업,8858,에어텍아이앤씨(주),,,320422,1285400,,,,,,
정보통신,정보통신공사업,8859,삼원전력(주),,,430122,1284300,,,,,,
정보통신,정보통신공사업,8859,주식회사 보임,,,540515,1284300,,,,,,
정보통신,정보통신공사업,8861,크리에이티브넷,,,440074,1284100,,,,,,
정보통신,정보통신공사업,8862,하이컨스 주식회사,,,510768,1284000,,,,,,
정보통신,정보통신공사업,8863,주식회사 세종정보통신기술,,,420324,1283700,,,,,,
정보통신,정보통신공사업,8864,아라무선 주식회사,,,510671,1283600,,,,,,
정보통신,정보통신공사업,8864,영진정보통신,,,203873,1283600,,,,,,
정보통신,정보통신공사업,8866,(주)일진이에프씨,,,330068,1283500,,,,,,
정보통신,정보통신공사업,8867,엠씨테크,,,311314,1283400,,,,,,
정보통신,정보통신공사업,8868,대민정보통신,,,310506,1283300,,,,,,
정보통신,정보통신공사업,8869,성한 주식회사,,,420239,1282700,,,,,,
정보통신,정보통신공사업,8869,주식회사 국제비엠에스,,,201481,1282700,,,,,,
정보통신,정보통신공사업,8871,주식회사 엠에스티,,,550515,1282600,,,,,,
정보통신,정보통신공사업,8872,서정미디어,,,540293,1282200,,,,,,
정보통신,정보통신공사업,8873,푸르나테크(주),,,610216,1281300,,,,,,
정보통신,정보통신공사업,8874,로드이앤씨(주),,,440075,1280800,,,,,,
정보통신,정보통신공사업,8875,청양정보통신 주식회사,,,320089,1280600,,,,,,
정보통신,정보통신공사업,8876,주식회사 쓰리디비엠,,,540182,1280500,,,,,,
정보통신,정보통신공사업,8877,주식회사 엠에스엘테크놀로지,,,610303,1280100,,,,,,
정보통신,정보통신공사업,8878,삼보종합이앤씨 주식회사,,,203683,1279800,,,,,,
정보통신,정보통신공사업,8879,비에스앤시스템즈 주식회사,,,310510,1279300,,,,,,
정보통신,정보통신공사업,8880,주식회사 동양(TONGYANG Inc.),,,203646,1278700,,,,,,
정보통신,정보통신공사업,8881,새론아이씨티 주식회사 (SAERON-ICT CO.LTD.),,,203746,1278100,,,,,,
정보통신,정보통신공사업,8882,산이건설(주),,,610314,1277800,,,,,,
정보통신,정보통신공사업,8882,주식회사 세인전력,,,530220,1277800,,,,,,
정보통신,정보통신공사업,8884,지에이치정보통신 주식회사,,,640116,1277600,,,,,,
정보통신,정보통신공사업,8885,주식회사 새연통신,,,410076,1277500,,,,,,
정보통신,정보통신공사업,8886,주식회사 케이에스엠에스,,,312572,1277300,,,,,,
정보통신,정보통신공사업,8887,(주)삼광전기,,,201466,1276000,,,,,,
정보통신,정보통신공사업,8888,주식회사 넷원시스템,,,203651,1275800,,,,,,
정보통신,정보통신공사업,8889,(주)디와이기전,,,420163,1275200,,,,,,
정보통신,정보통신공사업,8890,함일정보통신,,,510732,1275000,,,,,,
정보통신,정보통신공사업,8891,(주)한일이앤씨,,,201659,1274300,,,,,,
정보통신,정보통신공사업,8892,(주)제일종합통신,,,120849,1274000,,,,,,
정보통신,정보통신공사업,8893,(주)씨에스텍,,,540238,1273900,,,,,,
정보통신,정보통신공사업,8894,(주)비에이치이,,,510598,1273700,,,,,,
정보통신,정보통신공사업,8895,가나정보통신,,,440030,1273400,,,,,,
정보통신,정보통신공사업,8896,주식회사 태광,,,430127,1273300,,,,,,
정보통신,정보통신공사업,8896,천우전기(주),,,410040,1273300,,,,,,
정보통신,정보통신공사업,8898,"주식회사 오케이유시스템 (okU system Co., Ltd.)",,,410415,1273100,,,,,,
정보통신,정보통신공사업,8899,주식회사 오에스테크,,,202907,1272900,,,,,,
정보통신,정보통신공사업,8900,ACRO정보통신,,,410052,1272800,,,,,,
정보통신,정보통신공사업,8900,진화전기 주식회사,,,202932,1272800,,,,,,
정보통신,정보통신공사업,8902,(주)비아이티,,,540069,1272000,,,,,,
정보통신,정보통신공사업,8903,(주)희망정보통신,,,111041,1271800,,,,,,
정보통신,정보통신공사업,8904,주식회사 태성정보통신,,,420430,1271200,,,,,,
정보통신,정보통신공사업,8905,(주)원일포스,,,350255,1271000,,,,,,
정보통신,정보통신공사업,8906,주식회사 세현전기통신,,,311660,1270500,,,,,,
정보통신,정보통신공사업,8907,주식회사 엘씨네트웍스,,,203444,1270400,,,,,,
정보통신,정보통신공사업,8908,건우이앤지(주),,,410384,1270300,,,,,,
정보통신,정보통신공사업,8909,영정보통신 주식회사,,,204131,1269700,,,,,,
정보통신,정보통신공사업,8910,(유)해광정보통신,,,140309,1268900,,,,,,
정보통신,정보통신공사업,8911,(주)씨엔아이텔레콤,,,140399,1268800,,,,,,
정보통신,정보통신공사업,8912,지디엘테크 주식회사,,,203338,1268300,,,,,,
정보통신,정보통신공사업,8913,(주)기전사,,,430051,1268200,,,,,,
정보통신,정보통신공사업,8914,(주)세종파워텍,,,130148,1268100,,,,,,
정보통신,정보통신공사업,8915,(주)무건전기통신,,,530059,1268000,,,,,,
정보통신,정보통신공사업,8916,리미트정보가전,,,330238,1267900,,,,,,
정보통신,정보통신공사업,8917,(합자)부원전기,,,111020,1267500,,,,,,
정보통신,정보통신공사업,8918,케이에스시스템,,,540466,1267200,,,,,,
정보통신,정보통신공사업,8919,(유)은혜전기,,,610160,1267000,,,,,,
정보통신,정보통신공사업,8920,(주)문연전기,,,311082,1266700,,,,,,
정보통신,정보통신공사업,8921,(주)월드미디어,,,430042,1266600,,,,,,
정보통신,정보통신공사업,8922,현대미디어,,,120690,1265600,,,,,,
정보통신,정보통신공사업,8922,주식회사 이지통신,,,410162,1265600,,,,,,
정보통신,정보통신공사업,8924,주식회사 대경기술단,,,312449,1265500,,,,,,
정보통신,정보통신공사업,8925,왕건전기(주),,,150300,1265100,,,,,,
정보통신,정보통신공사업,8926,엘지전자통신공사,,,111307,1264700,,,,,,
정보통신,정보통신공사업,8927,대경정보통신,,,510063,1262700,,,,,,
정보통신,정보통신공사업,8928,주식회사 한국,,,150311,1262300,,,,,,
정보통신,정보통신공사업,8928,해광전기 주식회사,,,311888,1262300,,,,,,
정보통신,정보통신공사업,8930,주식회사 아이씨티솔루션스,,,311618,1262200,,,,,,
정보통신,정보통신공사업,8931,(주)화승이엔아이,,,140057,1261900,,,,,,
정보통신,정보통신공사업,8932,국제이엔지(주),,,120719,1261600,,,,,,
정보통신,정보통신공사업,8933,(주)벧엘산전,,,410109,1261400,,,,,,
정보통신,정보통신공사업,8934,네오딕정보기술,,,312253,1261000,,,,,,
정보통신,정보통신공사업,8935,구문전력 주식회사,,,530035,1260100,,,,,,
정보통신,정보통신공사업,8936,주식회사 원이앤에스,,,203416,1259700,,,,,,
정보통신,정보통신공사업,8937,가온뫼복지재단 사회적협동조합,,,550443,1259400,,,,,,
정보통신,정보통신공사업,8938,(주)허브정보통신,,,510039,1258900,,,,,,
정보통신,정보통신공사업,8938,"주식회사 라인아이티(Line IT Co,.Ltd)",,,150267,1258900,,,,,,
정보통신,정보통신공사업,8940,(주)금화이엔씨,,,202531,1258100,,,,,,
정보통신,정보통신공사업,8941,나래엔시스,,,310667,1258000,,,,,,
정보통신,정보통신공사업,8942,(주)성진정보기술,,,510486,1257800,,,,,,
정보통신,정보통신공사업,8943,(주)태형씨엔씨,,,311376,1257000,,,,,,
정보통신,정보통신공사업,8944,주식회사 지디이엔티,,,140496,1255900,,,,,,
정보통신,정보통신공사업,8944,(주)두원,,,410172,1255900,,,,,,
정보통신,정보통신공사업,8946,주택관리공단(주),,,111047,1255800,,,,,,
정보통신,정보통신공사업,8947,주식회사 아이나래컴퍼니,,,204234,1253300,,,,,,
정보통신,정보통신공사업,8948,씨엔엔정보통신,,,510347,1253000,,,,,,
정보통신,정보통신공사업,8949,블루미디어 주식회사,,,350518,1252600,,,,,,
정보통신,정보통신공사업,8949,주식회사 파라컴,,,640071,1252600,,,,,,
정보통신,정보통신공사업,8951,디지정보시스템,,,410121,1252400,,,,,,
정보통신,정보통신공사업,8952,진훈전기정보통신,,,311657,1252100,,,,,,
정보통신,정보통신공사업,8953,유한회사 도원정보통신,,,630240,1251800,,,,,,
정보통신,정보통신공사업,8953,모아정보기술,,,320103,1251800,,,,,,
정보통신,정보통신공사업,8955,주식회사 어반링크,,,202475,1251500,,,,,,
정보통신,정보통신공사업,8956,주식회사 대건텔,,,530323,1251100,,,,,,
정보통신,정보통신공사업,8957,아이시티산업(ICT),,,520125,1250400,,,,,,
정보통신,정보통신공사업,8958,주식회사 가산이앤씨,,,202112,1250300,,,,,,
정보통신,정보통신공사업,8959,주식회사 더시스템스코리아,,,203114,1249800,,,,,,
정보통신,정보통신공사업,8960,주식회사 해광통신,,,550500,1249400,,,,,,
정보통신,정보통신공사업,8961,아현정보,,,610460,1249200,,,,,,
정보통신,정보통신공사업,8962,탑스에이브이(주),,,113016,1248400,,,,,,
정보통신,정보통신공사업,8963,태흥통신,,,550217,1248000,,,,,,
정보통신,정보통신공사업,8964,하나계전 주식회사,,,410070,1247600,,,,,,
정보통신,정보통신공사업,8965,도원아이티,,,150633,1246300,,,,,,
정보통신,정보통신공사업,8966,주식회사 무진전력,,,620353,1245900,,,,,,
정보통신,정보통신공사업,8967,주식회사 이노젼,,,312083,1244800,,,,,,
정보통신,정보통신공사업,8967,주식회사 미래전설,,,203762,1244800,,,,,,
정보통신,정보통신공사업,8967,울산미디어통신,,,520083,1244800,,,,,,
정보통신,정보통신공사업,8967,애드넷,,,140328,1244800,,,,,,
정보통신,정보통신공사업,8971,주식회사 정민전력공사,,,520059,1244000,,,,,,
정보통신,정보통신공사업,8972,주식회사 모건시스,,,203445,1243900,,,,,,
정보통신,정보통신공사업,8973,한국무선,,,160172,1243800,,,,,,
정보통신,정보통신공사업,8974,윌테크놀로지 주식회사,,,312359,1243700,,,,,,
정보통신,정보통신공사업,8975,세왕전력(주),,,201363,1243300,,,,,,
정보통신,정보통신공사업,8975,강원종합통신,,,170149,1243300,,,,,,
정보통신,정보통신공사업,8975,LG금강전자,,,120715,1243300,,,,,,
정보통신,정보통신공사업,8978,주식회사 소사이어티,,,420521,1243000,,,,,,
정보통신,정보통신공사업,8979,주식회사 더젠 (The-gen),,,530441,1242900,,,,,,
정보통신,정보통신공사업,8980,데이타솔루션(주),,,550113,1241800,,,,,,
정보통신,정보통신공사업,8981,주식회사 로드아이티,,,550461,1241600,,,,,,
정보통신,정보통신공사업,8982,"네오테크 주식회사(NEOTECH Co., Ltd)",,,320460,1241300,,,,,,
정보통신,정보통신공사업,8983,대영통신산업(주),,,110490,1241000,,,,,,
정보통신,정보통신공사업,8984,김천정보통신공사,,,150488,1240400,,,,,,
정보통신,정보통신공사업,8985,(유)건양정보통신,,,630027,1240100,,,,,,
정보통신,정보통신공사업,8986,(주)대보에스앤,,,410118,1239200,,,,,,
정보통신,정보통신공사업,8987,(주)아이엔텍,,,320252,1238900,,,,,,
정보통신,정보통신공사업,8988,(주)두성정보통신,,,430176,1238600,,,,,,
정보통신,정보통신공사업,8989,다원씨에스 주식회사,,,620257,1238200,,,,,,
정보통신,정보통신공사업,8990,주식회사 대호,,,330204,1238000,,,,,,
정보통신,정보통신공사업,8991,(주)에스지정보기술,,,311332,1237300,,,,,,
정보통신,정보통신공사업,8991,주식회사 일오정보통신,,,350495,1237300,,,,,,
정보통신,정보통신공사업,8993,주식회사 왕선전설,,,112503,1237200,,,,,,
정보통신,정보통신공사업,8994,주식회사 정한,,,330210,1237100,,,,,,
정보통신,정보통신공사업,8994,주식회사 복산종합전기,,,520142,1237100,,,,,,
정보통신,정보통신공사업,8996,주식회사 템피스트정보통신,,,203584,1237000,,,,,,
정보통신,정보통신공사업,8997,국제무선,,,160179,1236600,,,,,,
정보통신,정보통신공사업,8998,(주)석광엔지니어링,,,640105,1236200,,,,,,
정보통신,정보통신공사업,8999,(주)아진통신,,,140137,1235900,,,,,,
정보통신,정보통신공사업,9000,모던정보통신,,,120740,1235600,,,,,,
정보통신,정보통신공사업,9001,유한회사 케이아이텍,,,630272,1235500,,,,,,
정보통신,정보통신공사업,9002,오앤피,,,510431,1235400,,,,,,
정보통신,정보통신공사업,9003,(주)벽상이앤씨,,,310157,1234900,,,,,,
정보통신,정보통신공사업,9004,주식회사 가드뱅크,,,550363,1234800,,,,,,
정보통신,정보통신공사업,9005,(주)씨큐테크,,,510563,1234600,,,,,,
정보통신,정보통신공사업,9006,주식회사 코테스,,,430252,1234300,,,,,,
정보통신,정보통신공사업,9007,(주)화산에스티아이,,,310534,1234200,,,,,,
정보통신,정보통신공사업,9008,주식회사 동부정보통신,,,520001,1233900,,,,,,
정보통신,정보통신공사업,9009,(유)한빛이엔씨,,,610155,1233800,,,,,,
정보통신,정보통신공사업,9010,주식회사 제일이앤에이,,,550456,1233600,,,,,,
정보통신,정보통신공사업,9010,주식회사 제이와이,,,330329,1233600,,,,,,
정보통신,정보통신공사업,9012,"씨에이이앤씨 주식회사(CA E&C Co., Ltd.)",,,320300,1232800,,,,,,
정보통신,정보통신공사업,9013,주식회사 빛이라,,,120449,1232500,,,,,,
정보통신,정보통신공사업,9014,이티정보통신,,,311725,1232400,,,,,,
정보통신,정보통신공사업,9015,주식회사 이성,,,540495,1232300,,,,,,
정보통신,정보통신공사업,9016,주식회사 이비스프라임,,,204188,1232000,,,,,,
정보통신,정보통신공사업,9017,화인정보통신(주),,,540253,1231500,,,,,,
정보통신,정보통신공사업,9018,주식회사 아이티코어스,,,311974,1231000,,,,,,
정보통신,정보통신공사업,9019,주식회사 기가넷시스템,,,203148,1230900,,,,,,
정보통신,정보통신공사업,9020,주식회사 레이테크,,,630405,1230500,,,,,,
정보통신,정보통신공사업,9021,(주)에스에스전기,,,320237,1230300,,,,,,
정보통신,정보통신공사업,9022,(주)리베고,,,311480,1230200,,,,,,
정보통신,정보통신공사업,9022,(주)스마트넷,,,202497,1230200,,,,,,
정보통신,정보통신공사업,9024,주식회사 지오통신,,,610413,1230000,,,,,,
정보통신,정보통신공사업,9025,동성계전 주식회사,,,540409,1229500,,,,,,
정보통신,정보통신공사업,9026,성무이씨에스(주),,,130192,1229100,,,,,,
정보통신,정보통신공사업,9027,주식회사 대현이앤씨,,,430352,1228900,,,,,,
정보통신,정보통신공사업,9028,(주)상건,,,330071,1228600,,,,,,
정보통신,정보통신공사업,9029,주식회사 원탑이앤티,,,202945,1228300,,,,,,
정보통신,정보통신공사업,9029,성진머티리얼즈 주식회사,,,350085,1228300,,,,,,
정보통신,정보통신공사업,9031,하나통신,,,550341,1227800,,,,,,
정보통신,정보통신공사업,9032,(주)디앤아이시스템,,,202267,1227500,,,,,,
정보통신,정보통신공사업,9033,(주)에스유아이씨티,,,311513,1227300,,,,,,
정보통신,정보통신공사업,9033,주식회사 케이엔씨,,,320447,1227300,,,,,,
정보통신,정보통신공사업,9035,주식회사 더오름,,,320509,1226600,,,,,,
정보통신,정보통신공사업,9035,진선테크,,,550343,1226600,,,,,,
정보통신,정보통신공사업,9037,주식회사 씨엠쓰리네트워크,,,610446,1226500,,,,,,
정보통신,정보통신공사업,9038,주식회사 이스터,,,630420,1226200,,,,,,
정보통신,정보통신공사업,9039,(주)제이피에스,,,530438,1226100,,,,,,
정보통신,정보통신공사업,9040,(주)대한종합산전,,,200417,1225900,,,,,,
정보통신,정보통신공사업,9041,대한민국씨씨티비협동조합(Korea CCTV Cooperative Organization),,,312209,1225600,,,,,,
정보통신,정보통신공사업,9042,(주)엔알,,,420410,1225100,,,,,,
정보통신,정보통신공사업,9043,(주)유신전력,,,150329,1224600,,,,,,
정보통신,정보통신공사업,9044,(주)에스디새롬,,,420170,1223900,,,,,,
정보통신,정보통신공사업,9045,주식회사 에스엠솔루션,,,312435,1223700,,,,,,
정보통신,정보통신공사업,9046,(주)대산전기,,,540283,1223600,,,,,,
정보통신,정보통신공사업,9047,아이티코리아 주식회사,,,311835,1223200,,,,,,
정보통신,정보통신공사업,9048,"주식회사 네오비젼(NEO VISION Co., Ltd.)",,,312133,1222900,,,,,,
정보통신,정보통신공사업,9049,주식회사 바른엔씨티,,,203711,1222200,,,,,,
정보통신,정보통신공사업,9050,주식회사 드림하이테크,,,203395,1222100,,,,,,
정보통신,정보통신공사업,9051,(주)동방정보통신,,,130472,1221500,,,,,,
정보통신,정보통신공사업,9052,주식회사 더원에코파워텍,,,510697,1220800,,,,,,
정보통신,정보통신공사업,9053,건도기업(주),,,620443,1220700,,,,,,
정보통신,정보통신공사업,9054,주식회사 모스전자,,,530358,1220100,,,,,,
정보통신,정보통신공사업,9055,주식회사 광원,,,312255,1219600,,,,,,
정보통신,정보통신공사업,9056,보람아이앤씨 주식회사,,,204024,1219500,,,,,,
정보통신,정보통신공사업,9057,주식회사 원아이티엠,,,203896,1219400,,,,,,
정보통신,정보통신공사업,9058,주식회사 비앤,,,120426,1219300,,,,,,
정보통신,정보통신공사업,9059,에스지건설전기 주식회사,,,350539,1219100,,,,,,
정보통신,정보통신공사업,9060,가온아이티에스 주식회사,,,440076,1218400,,,,,,
정보통신,정보통신공사업,9061,주식회사 비케이에너지,,,510328,1217900,,,,,,
정보통신,정보통신공사업,9061,주식회사 이수시스템,,,312285,1217900,,,,,,
정보통신,정보통신공사업,9063,정주건설 주식회사,,,630413,1217700,,,,,,
정보통신,정보통신공사업,9064,주식회사 제일전기,,,550326,1217000,,,,,,
정보통신,정보통신공사업,9065,씨에스테크,,,420449,1216900,,,,,,
정보통신,정보통신공사업,9066,예성전력(주),,,610143,1216800,,,,,,
정보통신,정보통신공사업,9066,주식회사 씨엔정보통신,,,550398,1216800,,,,,,
정보통신,정보통신공사업,9068,주식회사 지안,,,640153,1216600,,,,,,
정보통신,정보통신공사업,9069,주식회사 대산,,,350200,1216500,,,,,,
정보통신,정보통신공사업,9070,주식회사 태영일렉,,,350407,1216200,,,,,,
정보통신,정보통신공사업,9071,"부팅 주식회사(Booting Co., Ltd.)",,,204069,1215800,,,,,,
정보통신,정보통신공사업,9071,주식회사 네트코리아,,,312580,1215800,,,,,,
정보통신,정보통신공사업,9073,(주)씨티크리스탈,,,112395,1215200,,,,,,
정보통신,정보통신공사업,9074,유호전기공업(주),,,110613,1214800,,,,,,
정보통신,정보통신공사업,9075,주식회사 에스지엠,,,350232,1214700,,,,,,
정보통신,정보통신공사업,9076,주식회사 대림기술,,,203123,1214500,,,,,,
정보통신,정보통신공사업,9077,주식회사 케이엔테크,,,203049,1214300,,,,,,
정보통신,정보통신공사업,9078,우리정보통신 주식회사,,,312281,1214200,,,,,,
정보통신,정보통신공사업,9079,(주)이티씨,,,530289,1214000,,,,,,
정보통신,정보통신공사업,9080,(주)삼원전기통신공사,,,130225,1213600,,,,,,
정보통신,정보통신공사업,9081,(주)고려,,,520006,1213100,,,,,,
정보통신,정보통신공사업,9081,(주)전광이앤아이,,,430006,1213100,,,,,,
정보통신,정보통신공사업,9083,(주)삼일기업공사,,,201890,1213000,,,,,,
정보통신,정보통신공사업,9084,주식회사 경민이엔지,,,610434,1212000,,,,,,
정보통신,정보통신공사업,9085,이레삼성정보통신,,,610018,1211600,,,,,,
정보통신,정보통신공사업,9086,주식회사 오에이나라,,,620402,1211000,,,,,,
정보통신,정보통신공사업,9087,(주)영신전기,,,150685,1210900,,,,,,
정보통신,정보통신공사업,9088,주식회사 강원인에스,,,330313,1210000,,,,,,
정보통신,정보통신공사업,9089,영화엔지니어링,,,113251,1209900,,,,,,
정보통신,정보통신공사업,9090,주식회사 민이엔씨,,,540406,1209700,,,,,,
정보통신,정보통신공사업,9090,주식회사 경민,,,410354,1209700,,,,,,
정보통신,정보통신공사업,9092,주식회사 소프트윙스,,,550446,1208900,,,,,,
정보통신,정보통신공사업,9093,동일정보통신공사,,,111537,1208800,,,,,,
정보통신,정보통신공사업,9093,미성시스템 주식회사,,,640118,1208800,,,,,,
정보통신,정보통신공사업,9095,태경정보통신(주),,,420013,1208400,,,,,,
정보통신,정보통신공사업,9096,주식회사 우리전력,,,312257,1208200,,,,,,
정보통신,정보통신공사업,9097,명인정보기술(주),,,330132,1207800,,,,,,
정보통신,정보통신공사업,9098,주식회사 원아이티,,,610402,1207600,,,,,,
정보통신,정보통신공사업,9098,(유)이오전기,,,610379,1207600,,,,,,
정보통신,정보통신공사업,9100,주식회사 태화전설,,,130342,1207500,,,,,,
정보통신,정보통신공사업,9101,엠네트워크(주),,,311161,1207200,,,,,,
정보통신,정보통신공사업,9102,벽산엔지니어링(주),,,200439,1207000,,,,,,
정보통신,정보통신공사업,9103,주식회사 양광시스템,,,112397,1206900,,,,,,
정보통신,정보통신공사업,9103,주식회사 롬,,,140194,1206900,,,,,,
정보통신,정보통신공사업,9105,(주)풍양기업,,,150641,1206800,,,,,,
정보통신,정보통신공사업,9106,부경엔지니어링(주),,,160212,1206200,,,,,,
정보통신,정보통신공사업,9107,(주)천운정보통신,,,620052,1205800,,,,,,
정보통신,정보통신공사업,9108,주식회사 휴메카정보통신,,,203028,1205700,,,,,,
정보통신,정보통신공사업,9109,주식회사 메타플러스,,,550516,1205600,,,,,,
정보통신,정보통신공사업,9110,주식회사 삼룡,,,510771,1205500,,,,,,
정보통신,정보통신공사업,9111,주식회사 성보시스템,,,330221,1204500,,,,,,
정보통신,정보통신공사업,9112,동도전력(주),,,170091,1204200,,,,,,
정보통신,정보통신공사업,9113,(주)세종기업,,,640069,1203800,,,,,,
정보통신,정보통신공사업,9114,(주)태화전력,,,510396,1203700,,,,,,
정보통신,정보통신공사업,9114,에스시지제이비 주식회사,,,630261,1203700,,,,,,
정보통신,정보통신공사업,9116,존슨콘트롤즈인터내셔널코리아 주식회사,,,203069,1203400,,,,,,
정보통신,정보통신공사업,9117,주식회사 경도기술단,,,530166,1202700,,,,,,
정보통신,정보통신공사업,9118,(주)공간하이테크,,,201221,1202100,,,,,,
정보통신,정보통신공사업,9119,성보건설산업(주),,,350174,1201800,,,,,,
정보통신,정보통신공사업,9120,주식회사 더호암,,,430322,1201300,,,,,,
정보통신,정보통신공사업,9121,주식회사 유피엘,,,630291,1201200,,,,,,
정보통신,정보통신공사업,9122,사단법인 한국근로장애인진흥회,,,320433,1200800,,,,,,
정보통신,정보통신공사업,9122,(주)공감솔루션,,,350452,1200800,,,,,,
정보통신,정보통신공사업,9122,(주)엠티케이코리아,,,111499,1200800,,,,,,
정보통신,정보통신공사업,9125,원진전력(주),,,201702,1200100,,,,,,
정보통신,정보통신공사업,9126,야베스텍(주),,,510168,1199800,,,,,,
정보통신,정보통신공사업,9127,건길통신 주식회사,,,120273,1199500,,,,,,
정보통신,정보통신공사업,9128,일우정보통신,,,160060,1199400,,,,,,
정보통신,정보통신공사업,9129,미래전자통신,,,550269,1199000,,,,,,
정보통신,정보통신공사업,9129,주식회사 에듀트론,,,203902,1199000,,,,,,
정보통신,정보통신공사업,9131,주식회사 가람,,,330248,1198400,,,,,,
정보통신,정보통신공사업,9132,주식회사 기린,,,540480,1198300,,,,,,
정보통신,정보통신공사업,9132,주식회사 메타정보통신,,,550429,1198300,,,,,,
정보통신,정보통신공사업,9134,(주)휴먼앤드,,,350042,1198100,,,,,,
정보통신,정보통신공사업,9134,노빅 주식회사,,,630200,1198100,,,,,,
정보통신,정보통신공사업,9136,(주)차임이엔지,,,610075,1197800,,,,,,
정보통신,정보통신공사업,9137,경기전설 주식회사,,,312243,1197100,,,,,,
정보통신,정보통신공사업,9138,청운정보통신(주),,,310050,1196600,,,,,,
정보통신,정보통신공사업,9138,주식회사 태연정보,,,203564,1196600,,,,,,
정보통신,정보통신공사업,9140,주식회사 마이즈(Mize Inc.),,,320424,1196500,,,,,,
정보통신,정보통신공사업,9141,"주식회사 한텍컨버전스(Hantec Convergence Co.,Ltd.)",,,203138,1196200,,,,,,
정보통신,정보통신공사업,9142,주식회사 태원건설,,,630286,1196000,,,,,,
정보통신,정보통신공사업,9143,주식회사 우영전력,,,203930,1195700,,,,,,
정보통신,정보통신공사업,9144,중앙전기통신(합),,,120109,1195400,,,,,,
정보통신,정보통신공사업,9145,중앙텔콤(주),,,112142,1194800,,,,,,
정보통신,정보통신공사업,9146,주식회사 에스피링크,,,113310,1194600,,,,,,
정보통신,정보통신공사업,9146,주식회사 리우,,,430014,1194600,,,,,,
정보통신,정보통신공사업,9148,(주)이명전기,,,350062,1193200,,,,,,
정보통신,정보통신공사업,9148,주식회사 제이엠테크닉스,,,320471,1193200,,,,,,
정보통신,정보통신공사업,9148,(주)세기사,,,130086,1193200,,,,,,
정보통신,정보통신공사업,9151,(주)비앤씨솔루션,,,201447,1193000,,,,,,
정보통신,정보통신공사업,9152,주식회사 대진방재,,,410418,1192600,,,,,,
정보통신,정보통신공사업,9153,주식회사 씨제이전력,,,113216,1192100,,,,,,
정보통신,정보통신공사업,9154,주식회사 지오이스트,,,204236,1191800,,,,,,
정보통신,정보통신공사업,9155,주식회사 가나전기공사,,,330152,1190500,,,,,,
정보통신,정보통신공사업,9156,주식회사 윈비트,,,203862,1190300,,,,,,
정보통신,정보통신공사업,9157,주식회사 대일썬파워,,,630259,1190000,,,,,,
정보통신,정보통신공사업,9158,(주)제일전력,,,112218,1189900,,,,,,
정보통신,정보통신공사업,9159,"주식회사 에릭슨코리아파트너스 (Ericsson Korea Partners Co., Ltd.)",,,110415,1189200,,,,,,
정보통신,정보통신공사업,9160,(주)씨엠네트웍스,,,311213,1189100,,,,,,
정보통신,정보통신공사업,9161,주식회사 광주기술정보원,,,610175,1188900,,,,,,
정보통신,정보통신공사업,9162,주식회사 대산전력,,,330201,1188600,,,,,,
정보통신,정보통신공사업,9163,영우정보통신,,,112987,1188000,,,,,,
정보통신,정보통신공사업,9164,(주)진영,,,550072,1187700,,,,,,
정보통신,정보통신공사업,9164,(유)대광정보통신,,,610113,1187700,,,,,,
정보통신,정보통신공사업,9166,한솔테크(주),,,550002,1186700,,,,,,
정보통신,정보통신공사업,9166,바스코리아(주),,,202211,1186700,,,,,,
정보통신,정보통신공사업,9168,에스라인정보통신,,,520202,1186300,,,,,,
정보통신,정보통신공사업,9169,(주)해우정보시스템,,,110659,1185800,,,,,,
정보통신,정보통신공사업,9170,이상통신,,,430026,1185500,,,,,,
정보통신,정보통신공사업,9171,삼광무선설비,,,120472,1185400,,,,,,
정보통신,정보통신공사업,9172,홍문종합건설 주식회사,,,203982,1184800,,,,,,
정보통신,정보통신공사업,9172,(주)정진,,,330023,1184800,,,,,,
정보통신,정보통신공사업,9174,"주식회사 위더스시스템(Withus system. Co.,Ltd.)",,,200324,1184700,,,,,,
정보통신,정보통신공사업,9175,주식회사 튜닝맥가이버정보통신,,,320556,1184500,,,,,,
정보통신,정보통신공사업,9176,금호정보통신,,,640076,1184000,,,,,,
정보통신,정보통신공사업,9177,주식회사 해나정보통신,,,202872,1183900,,,,,,
정보통신,정보통신공사업,9178,주식회사 신화이앤씨,,,610452,1183800,,,,,,
정보통신,정보통신공사업,9179,한길정보통신,,,410320,1183500,,,,,,
정보통신,정보통신공사업,9180,(주)삼보실업,,,140436,1182800,,,,,,
정보통신,정보통신공사업,9181,(주)솔버스,,,200786,1182700,,,,,,
정보통신,정보통신공사업,9182,주식회사 파텍,,,530454,1182500,,,,,,
정보통신,정보통신공사업,9183,우리넷정보기술,,,530013,1182400,,,,,,
정보통신,정보통신공사업,9184,현대홈테크,,,320510,1182300,,,,,,
정보통신,정보통신공사업,9185,주식회사 에스엠이앤시,,,120522,1180900,,,,,,
정보통신,정보통신공사업,9186,이츠정보통신,,,550481,1180600,,,,,,
정보통신,정보통신공사업,9187,대원통신(주),,,150049,1180300,,,,,,
정보통신,정보통신공사업,9188,주식회사 삼현,,,350234,1179500,,,,,,
정보통신,정보통신공사업,9189,주식회사 희성,,,430331,1179300,,,,,,
정보통신,정보통신공사업,9190,아이오티씨큐 유한회사,,,630062,1177700,,,,,,
정보통신,정보통신공사업,9191,파로스 주식회사,,,530348,1177500,,,,,,
정보통신,정보통신공사업,9192,주식회사 제타럭스시스템,,,312661,1177200,,,,,,
정보통신,정보통신공사업,9193,사단법인 벗나래복지회,,,620422,1176900,,,,,,
정보통신,정보통신공사업,9194,대국전기통신공사,,,180075,1176200,,,,,,
정보통신,정보통신공사업,9195,(주)오리엔탈에이브이,,,150405,1175800,,,,,,
정보통신,정보통신공사업,9196,주식회사 진산종합기술,,,350388,1175700,,,,,,
정보통신,정보통신공사업,9197,주식회사 성문엔지니어링,,,203643,1175600,,,,,,
정보통신,정보통신공사업,9198,주식회사 대원아이씨티,,,112332,1175500,,,,,,
정보통신,정보통신공사업,9199,(주)인포텔앤텍,,,201689,1175000,,,,,,
정보통신,정보통신공사업,9200,주식회사 대운통신,,,520158,1174900,,,,,,
정보통신,정보통신공사업,9201,주식회사 에스씨앤아이,,,620299,1174400,,,,,,
정보통신,정보통신공사업,9202,신화통신 주식회사,,,610214,1174200,,,,,,
정보통신,정보통신공사업,9203,주식회사 서정정보기술,,,630296,1174100,,,,,,
정보통신,정보통신공사업,9204,대창전력(주),,,130335,1173300,,,,,,
정보통신,정보통신공사업,9205,주식회사 테마이엔씨,,,630045,1173000,,,,,,
정보통신,정보통신공사업,9206,(주)제이케이알에스티,,,510290,1172900,,,,,,
정보통신,정보통신공사업,9207,명화아이티 주식회사,,,330265,1172800,,,,,,
정보통신,정보통신공사업,9208,엔씨정보통신(주),,,310839,1172200,,,,,,
정보통신,정보통신공사업,9209,주식회사 신세기통신,,,610281,1172100,,,,,,
정보통신,정보통신공사업,9210,"주식회사 에스제이시 (SJC Co., Ltd.)",,,440065,1171600,,,,,,
정보통신,정보통신공사업,9211,사이텍 주식회사,,,610271,1171400,,,,,,
정보통신,정보통신공사업,9212,씨엠정보통신,,,410396,1171100,,,,,,
정보통신,정보통신공사업,9213,(주)천우,,,410012,1170900,,,,,,
정보통신,정보통신공사업,9214,주식회사 강남전기공사,,,203325,1170500,,,,,,
정보통신,정보통신공사업,9215,현대아산(주),,,330010,1170000,,,,,,
정보통신,정보통신공사업,9216,경안이엔지 주식회사,,,203526,1169600,,,,,,
정보통신,정보통신공사업,9216,태일전기 주식회사,,,320368,1169600,,,,,,
정보통신,정보통신공사업,9218,주식회사 뉴우진,,,311614,1169500,,,,,,
정보통신,정보통신공사업,9219,(주)두레통신기술,,,120078,1169300,,,,,,
정보통신,정보통신공사업,9220,주식회사 인터시스템,,,640115,1169100,,,,,,
정보통신,정보통신공사업,9221,에스엠컴,,,112648,1168800,,,,,,
정보통신,정보통신공사업,9222,주식회사 주아,,,140116,1168600,,,,,,
정보통신,정보통신공사업,9223,주식회사 한국씨씨앤,,,350480,1168200,,,,,,
정보통신,정보통신공사업,9224,보금기업 주식회사,,,120480,1168100,,,,,,
정보통신,정보통신공사업,9224,(주)신화전기,,,320144,1168100,,,,,,
정보통신,정보통신공사업,9226,주식회사 현승,,,410222,1167800,,,,,,
정보통신,정보통신공사업,9227,해성전자,,,550337,1167300,,,,,,
정보통신,정보통신공사업,9228,"주식회사 엔키텍(NKEETECH Co., Ltd.)",,,202183,1166800,,,,,,
정보통신,정보통신공사업,9229,엘큐정보통신 주식회사,,,420331,1166600,,,,,,
정보통신,정보통신공사업,9229,주식회사 하이테크,,,330266,1166600,,,,,,
정보통신,정보통신공사업,9231,주식회사 뉴보성,,,610462,1166200,,,,,,
정보통신,정보통신공사업,9232,소리나무,,,510710,1165200,,,,,,
정보통신,정보통신공사업,9233,주식회사 동남기술단,,,510808,1164900,,,,,,
정보통신,정보통신공사업,9234,주식회사 아이티엠에스,,,350275,1163400,,,,,,
정보통신,정보통신공사업,9235,주식회사 디에스시스템,,,312432,1163000,,,,,,
정보통신,정보통신공사업,9236,주식회사 이지네트웍스,,,312478,1162000,,,,,,
정보통신,정보통신공사업,9237,주식회사 도원이엔씨,,,200780,1161900,,,,,,
정보통신,정보통신공사업,9238,주식회사 대명기전,,,120197,1161800,,,,,,
정보통신,정보통신공사업,9239,주식회사 더미래,,,350504,1161600,,,,,,
정보통신,정보통신공사업,9240,주식회사 비케이정보시스템,,,203165,1160900,,,,,,
정보통신,정보통신공사업,9240,티앤제이건설(주),,,630056,1160900,,,,,,
정보통신,정보통신공사업,9240,영진정보통신,,,201921,1160900,,,,,,
정보통신,정보통신공사업,9243,(주)일광통신,,,170046,1160600,,,,,,
정보통신,정보통신공사업,9244,대지전설(주),,,120802,1160400,,,,,,
정보통신,정보통신공사업,9244,씨나비정보기술(주),,,510499,1160400,,,,,,
정보통신,정보통신공사업,9246,제이비솔루션 주식회사,,,530257,1158800,,,,,,
정보통신,정보통신공사업,9247,(유)월드정보소프트밸리,,,610007,1158700,,,,,,
정보통신,정보통신공사업,9248,금산전력(주),,,610248,1158100,,,,,,
정보통신,정보통신공사업,9249,화성정보통신(주),,,140433,1158000,,,,,,
정보통신,정보통신공사업,9250,드림방송시스템,,,630280,1157000,,,,,,
정보통신,정보통신공사업,9251,주식회사 대건전설,,,311849,1156500,,,,,,
정보통신,정보통신공사업,9252,주식회사 대성이엔지(ENG),,,550365,1156400,,,,,,
정보통신,정보통신공사업,9252,(주)현대계전,,,610072,1156400,,,,,,
정보통신,정보통신공사업,9254,진영텔레콤,,,120512,1156200,,,,,,
정보통신,정보통신공사업,9254,주식회사 제이더블유,,,311937,1156200,,,,,,
정보통신,정보통신공사업,9256,주식회사 더블유제이워터솔루션,,,320428,1156000,,,,,,
정보통신,정보통신공사업,9257,주식회사 제이에스 이엔지,,,311683,1155300,,,,,,
정보통신,정보통신공사업,9258,주식회사 제이엠정보통신,,,330318,1155100,,,,,,
정보통신,정보통신공사업,9258,대영정보기술 주식회사,,,320430,1155100,,,,,,
정보통신,정보통신공사업,9260,주식회사 씨에스텍경기,,,350400,1155000,,,,,,
정보통신,정보통신공사업,9261,(주)애니테크,,,350306,1154800,,,,,,
정보통신,정보통신공사업,9262,(주)정우엔지니어링,,,610230,1153500,,,,,,
정보통신,정보통신공사업,9263,(주)제이에스넷,,,111731,1153200,,,,,,
정보통신,정보통신공사업,9264,주식회사 지앤티솔루션,,,203690,1153100,,,,,,
정보통신,정보통신공사업,9265,(주)대한전력,,,550164,1152600,,,,,,
정보통신,정보통신공사업,9266,유토피아정보기술(주),,,530034,1152300,,,,,,
정보통신,정보통신공사업,9267,주식회사 미르텍,,,312110,1152200,,,,,,
정보통신,정보통신공사업,9268,(주)넥스트윈,,,430260,1151900,,,,,,
정보통신,정보통신공사업,9269,일산종합건설(주),,,130298,1151400,,,,,,
정보통신,정보통신공사업,9270,대교정보통신,,,640030,1151200,,,,,,
정보통신,정보통신공사업,9271,주식회사 한들,,,610389,1151100,,,,,,
정보통신,정보통신공사업,9272,(주)제현티씨에스,,,640058,1150400,,,,,,
정보통신,정보통신공사업,9272,"아이펙스 주식회사 (IPECS Co., Ltd.)",,,310992,1150400,,,,,,
정보통신,정보통신공사업,9274,주식회사 효성기술단,,,510774,1150300,,,,,,
정보통신,정보통신공사업,9275,주식회사 트루텍,,,330253,1149500,,,,,,
정보통신,정보통신공사업,9276,제이에스,,,610373,1149400,,,,,,
정보통신,정보통신공사업,9277,(주)대경엔지니어링,,,640062,1149300,,,,,,
정보통신,정보통신공사업,9278,주식회사 대광전력,,,430325,1148800,,,,,,
정보통신,정보통신공사업,9279,주식회사 영일전설,,,630169,1148400,,,,,,
정보통신,정보통신공사업,9280,빛탑건설 주식회사,,,310695,1147500,,,,,,
정보통신,정보통신공사업,9281,(주)삼우리정보통신,,,201433,1147300,,,,,,
정보통신,정보통신공사업,9282,(주)본네트시큐,,,200584,1147200,,,,,,
정보통신,정보통신공사업,9283,주식회사 가람정보기술,,,350617,1147000,,,,,,
정보통신,정보통신공사업,9284,조영일렉컴(주),,,113183,1146600,,,,,,
정보통신,정보통신공사업,9285,송암산업 주식회사,,,203415,1146200,,,,,,
정보통신,정보통신공사업,9286,유한회사 대원엔지니어링,,,203095,1145700,,,,,,
정보통신,정보통신공사업,9287,주식회사 가나전력,,,330315,1145200,,,,,,
정보통신,정보통신공사업,9288,유한회사 유연정보시스템,,,610234,1145000,,,,,,
정보통신,정보통신공사업,9289,(주)와치텍,,,201952,1143800,,,,,,
정보통신,정보통신공사업,9290,주식회사 이정이앤씨,,,510702,1143400,,,,,,
정보통신,정보통신공사업,9291,주식회사 모르제,,,203980,1142100,,,,,,
정보통신,정보통신공사업,9291,코디오 주식회사,,,311635,1142100,,,,,,
정보통신,정보통신공사업,9293,주식회사 세연테크,,,203018,1142000,,,,,,
정보통신,정보통신공사업,9294,주식회사 디에이치앤테크,,,420481,1141900,,,,,,
정보통신,정보통신공사업,9294,백상건설(주)(BAEKSANG CONSTRUCTION,,,320183,1141900,,,,,,
정보통신,정보통신공사업,9296,주식회사 제이에스테크,,,630309,1141800,,,,,,
정보통신,정보통신공사업,9297,조은정보통신,,,540470,1141400,,,,,,
정보통신,정보통신공사업,9298,(주)에이에스정보통신,,,180081,1141200,,,,,,
정보통신,정보통신공사업,9299,다남전기(주),,,202737,1140500,,,,,,
정보통신,정보통신공사업,9300,주식회사 충일전자,,,350415,1140400,,,,,,
정보통신,정보통신공사업,9300,대전에이티에스 주식회사,,,420511,1140400,,,,,,
정보통신,정보통신공사업,9302,(주)컴온웍스,,,640086,1140100,,,,,,
정보통신,정보통신공사업,9303,원시스템,,,550026,1139100,,,,,,
정보통신,정보통신공사업,9304,(주)청호전기,,,112099,1138900,,,,,,
정보통신,정보통신공사업,9305,(주)디엘테크,,,311088,1138600,,,,,,
정보통신,정보통신공사업,9306,(주)센서라인,,,350195,1138500,,,,,,
정보통신,정보통신공사업,9306,한성엔지니어링,,,420452,1138500,,,,,,
정보통신,정보통신공사업,9308,오션통신산업,,,120756,1137500,,,,,,
정보통신,정보통신공사업,9309,에스아이시(SIC)정보통신인켈피에이(PA),,,410128,1137300,,,,,,
정보통신,정보통신공사업,9310,(주)이엔에이치시스템,,,330336,1136900,,,,,,
정보통신,정보통신공사업,9311,지(G)통신,,,430170,1136800,,,,,,
정보통신,정보통신공사업,9312,(주)디엔아이코퍼레이션,,,630414,1136500,,,,,,
정보통신,정보통신공사업,9313,(주)세광정보,,,420174,1136400,,,,,,
정보통신,정보통신공사업,9314,(주)고려시스템즈,,,310584,1135700,,,,,,
정보통신,정보통신공사업,9315,중앙전자통신,,,150332,1135600,,,,,,
정보통신,정보통신공사업,9316,(주)아이씨스템,,,201455,1135100,,,,,,
정보통신,정보통신공사업,9317,주식회사 우명,,,140413,1134600,,,,,,
정보통신,정보통신공사업,9318,포스정보(주),,,330073,1134000,,,,,,
정보통신,정보통신공사업,9319,주식회사 보광아이엔씨,,,312286,1133800,,,,,,
정보통신,정보통신공사업,9320,(주)아이지엠,,,130427,1133700,,,,,,
정보통신,정보통신공사업,9321,주식회사 성운테크,,,350469,1133600,,,,,,
정보통신,정보통신공사업,9321,주식회사 케이씨피시스,,,550534,1133600,,,,,,
정보통신,정보통신공사업,9323,주식회사 대성티엠씨,,,312211,1133500,,,,,,
정보통신,정보통신공사업,9324,(주)포앤티,,,310011,1132900,,,,,,
정보통신,정보통신공사업,9325,주식회사 알비테크아이씨티,,,320477,1132500,,,,,,
정보통신,정보통신공사업,9326,(유)누리이엔지,,,630164,1132400,,,,,,
정보통신,정보통신공사업,9327,주식회사 인터비젼,,,640151,1132300,,,,,,
정보통신,정보통신공사업,9328,주식회사 대유기전공사,,,200689,1131800,,,,,,
정보통신,정보통신공사업,9329,주식회사 다해,,,200208,1131600,,,,,,
정보통신,정보통신공사업,9330,(주)에스아이인포콤,,,520026,1131200,,,,,,
정보통신,정보통신공사업,9331,(주)세원이앤티,,,550206,1131100,,,,,,
정보통신,정보통신공사업,9332,지노아이티스 주식회사,,,312586,1130700,,,,,,
정보통신,정보통신공사업,9333,명서산업 주식회사,,,620386,1130600,,,,,,
정보통신,정보통신공사업,9334,나비사회적협동조합,,,203375,1130300,,,,,,
정보통신,정보통신공사업,9335,(주)두일이엔씨,,,350436,1129800,,,,,,
정보통신,정보통신공사업,9336,(주)포에스에스,,,310871,1129500,,,,,,
정보통신,정보통신공사업,9337,주식회사 한신이엔씨,,,312212,1129400,,,,,,
정보통신,정보통신공사업,9338,주식회사 이에스테크,,,312600,1129200,,,,,,
정보통신,정보통신공사업,9338,아이팁스(주),,,350175,1129200,,,,,,
정보통신,정보통신공사업,9338,금아이엔지 주식회사,,,201078,1129200,,,,,,
정보통신,정보통신공사업,9341,주식회사 한미전기,,,150258,1129000,,,,,,
정보통신,정보통신공사업,9342,(주)동우통신보안,,,150442,1128800,,,,,,
정보통신,정보통신공사업,9342,주식회사 한국정보,,,410346,1128800,,,,,,
정보통신,정보통신공사업,9344,주식회사 도원이에프씨,,,550101,1128700,,,,,,
정보통신,정보통신공사업,9345,명지전기 주식회사,,,312100,1128100,,,,,,
정보통신,정보통신공사업,9346,"주식회사 지디케이(GDK Co.,Ltd.)",,,640152,1128000,,,,,,
정보통신,정보통신공사업,9347,에이블컴(주),,,510228,1127600,,,,,,
정보통신,정보통신공사업,9348,LG대양정보통신,,,311873,1127400,,,,,,
정보통신,정보통신공사업,9349,주식회사 봉화조명정보기술,,,330241,1127200,,,,,,
정보통신,정보통신공사업,9350,(주)에스디에스테크놀로지,,,202668,1127000,,,,,,
정보통신,정보통신공사업,9351,동양이앤씨,,,150356,1126000,,,,,,
정보통신,정보통신공사업,9351,주식회사 아이탑이엔지,,,320308,1126000,,,,,,
정보통신,정보통신공사업,9353,주식회사 한영이엔씨,,,180026,1125500,,,,,,
정보통신,정보통신공사업,9354,주식회사 백산이엔지,,,410385,1125200,,,,,,
정보통신,정보통신공사업,9355,주식회사 백년전설,,,530391,1125000,,,,,,
정보통신,정보통신공사업,9356,주식회사 범양전력,,,201954,1124800,,,,,,
정보통신,정보통신공사업,9357,(주)대도산업,,,540295,1124400,,,,,,
정보통신,정보통신공사업,9358,(주)포인엑스,,,202088,1123900,,,,,,
정보통신,정보통신공사업,9359,주식회사 에피넷,,,312109,1123400,,,,,,
정보통신,정보통신공사업,9360,(주)대산정보통신,,,430295,1123200,,,,,,
정보통신,정보통신공사업,9361,주식회사 더원씨앤에이,,,610183,1122700,,,,,,
정보통신,정보통신공사업,9362,이지텍,,,530456,1122600,,,,,,
정보통신,정보통신공사업,9362,주식회사 아이콤정보통신,,,312417,1122600,,,,,,
정보통신,정보통신공사업,9364,주식회사 가람이앤씨,,,320347,1122100,,,,,,
정보통신,정보통신공사업,9365,(주)성원정보통신,,,180033,1121900,,,,,,
정보통신,정보통신공사업,9366,주식회사 힐탑아이씨티,,,203993,1121400,,,,,,
정보통신,정보통신공사업,9367,나래이엔지(주),,,410103,1120800,,,,,,
정보통신,정보통신공사업,9368,스카이라이프(주),,,430199,1120300,,,,,,
정보통신,정보통신공사업,9369,오씨에스정보(주),,,201431,1119600,,,,,,
정보통신,정보통신공사업,9369,주식회사 영우건설,,,312214,1119600,,,,,,
정보통신,정보통신공사업,9371,주식회사 춘천종합통신,,,170025,1119400,,,,,,
정보통신,정보통신공사업,9372,(주)세원이엔피디,,,201645,1119300,,,,,,
정보통신,정보통신공사업,9373,유한회사 신성시엔시,,,630391,1119100,,,,,,
정보통신,정보통신공사업,9374,진흥전기 주식회사,,,530412,1118500,,,,,,
정보통신,정보통신공사업,9375,주식회사 형보정보통신,,,330195,1118000,,,,,,
정보통신,정보통신공사업,9376,창성비케이 주식회사,,,311732,1117500,,,,,,
정보통신,정보통신공사업,9377,민준이엔씨,,,312679,1117300,,,,,,
정보통신,정보통신공사업,9378,(주)남부 이.엔.지,,,320365,1116900,,,,,,
정보통신,정보통신공사업,9379,태진정보통신(주),,,110442,1116400,,,,,,
정보통신,정보통신공사업,9380,유한회사 유성티앤케이,,,630314,1116200,,,,,,
정보통신,정보통신공사업,9380,주식회사 딥사이닝,,,312644,1116200,,,,,,
정보통신,정보통신공사업,9380,주식회사 백산기업,,,630254,1116200,,,,,,
정보통신,정보통신공사업,9383,주식회사 가야전기,,,610259,1115800,,,,,,
정보통신,정보통신공사업,9384,주식회사 엠아이씨인포컴,,,310118,1115600,,,,,,
정보통신,정보통신공사업,9385,제이앤에이치정보통신 주식회사,,,312669,1115300,,,,,,
정보통신,정보통신공사업,9385,삼보네트워크,,,350250,1115300,,,,,,
정보통신,정보통신공사업,9387,원앤원산업개발(주),,,201160,1113900,,,,,,
정보통신,정보통신공사업,9388,주식회사 일신정보통신,,,540346,1113700,,,,,,
정보통신,정보통신공사업,9388,삼지데이타,,,111869,1113700,,,,,,
정보통신,정보통신공사업,9388,주식회사 부경네트워크,,,510652,1113700,,,,,,
정보통신,정보통신공사업,9391,내포CCTV,,,410339,1113500,,,,,,
정보통신,정보통신공사업,9392,태성전설(주),,,640034,1112800,,,,,,
정보통신,정보통신공사업,9393,주식회사 아이티오티넷,,,203485,1112600,,,,,,
정보통신,정보통신공사업,9394,성보전자통신,,,111597,1112500,,,,,,
정보통신,정보통신공사업,9395,예감정보기술,,,320486,1112400,,,,,,
정보통신,정보통신공사업,9396,(주)신우이엔지,,,330339,1111600,,,,,,
정보통신,정보통신공사업,9397,대민통신(주),,,150444,1111300,,,,,,
정보통신,정보통신공사업,9398,(주)태영종합건설,,,310078,1110800,,,,,,
정보통신,정보통신공사업,9399,주식회사 하나전기통신,,,410352,1110400,,,,,,
정보통신,정보통신공사업,9400,주식회사 이룸시스템,,,620388,1109800,,,,,,
정보통신,정보통신공사업,9400,주식회사 세이소프트,,,410084,1109800,,,,,,
정보통신,정보통신공사업,9402,(주)삼부시스템,,,530159,1109500,,,,,,
정보통신,정보통신공사업,9403,드림넷,,,540379,1109000,,,,,,
정보통신,정보통신공사업,9404,주식회사 화승전력,,,550467,1108500,,,,,,
정보통신,정보통신공사업,9405,에스지에이강원 주식회사,,,330262,1108300,,,,,,
정보통신,정보통신공사업,9406,(주)승원에이씨오,,,111260,1108100,,,,,,
정보통신,정보통신공사업,9407,주식회사 모아종합건설,,,620256,1108000,,,,,,
정보통신,정보통신공사업,9408,(주)비손테크,,,320344,1107700,,,,,,
정보통신,정보통신공사업,9409,가보(주),,,350058,1107100,,,,,,
정보통신,정보통신공사업,9410,주식회사 동인전력,,,330188,1107000,,,,,,
정보통신,정보통신공사업,9411,주식회사 렉터슨,,,550399,1106700,,,,,,
정보통신,정보통신공사업,9412,주식회사 한울전설,,,311841,1106600,,,,,,
정보통신,정보통신공사업,9413,바른인포테크(주),,,202176,1105600,,,,,,
정보통신,정보통신공사업,9414,주식회사 아이티솔루션,,,120653,1104700,,,,,,
정보통신,정보통신공사업,9415,신라전기통신,,,150299,1104300,,,,,,
정보통신,정보통신공사업,9416,(주)해인정보통신,,,120252,1104200,,,,,,
정보통신,정보통신공사업,9417,대진지피아이 주식회사,,,540077,1102700,,,,,,
정보통신,정보통신공사업,9418,주식회사 신우전설,,,540161,1102500,,,,,,
정보통신,정보통신공사업,9419,주식회사 두텍아이티,,,510605,1102200,,,,,,
정보통신,정보통신공사업,9420,주식회사 재연이엔씨,,,203920,1102100,,,,,,
정보통신,정보통신공사업,9420,세인전기 주식회사,,,640072,1102100,,,,,,
정보통신,정보통신공사업,9422,주식회사 한성이엔지,,,640198,1102000,,,,,,
정보통신,정보통신공사업,9423,유광전력,,,550296,1101700,,,,,,
정보통신,정보통신공사업,9424,광주경보시스템,,,620028,1101400,,,,,,
정보통신,정보통신공사업,9425,뉴텍정보통신 주식회사,,,320222,1101300,,,,,,
정보통신,정보통신공사업,9426,주식회사 대상파워텍,,,201610,1101200,,,,,,
정보통신,정보통신공사업,9427,(주)엠아이티소프트,,,410317,1101000,,,,,,
정보통신,정보통신공사업,9428,주식회사 초원씨엔에스,,,550531,1100900,,,,,,
정보통신,정보통신공사업,9429,신세기통신(주),,,410074,1100100,,,,,,
정보통신,정보통신공사업,9430,"주식회사 링크롤 (Linkrol Co.,Ltd.)",,,630402,1099900,,,,,,
정보통신,정보통신공사업,9431,중앙정보시스템(중앙I.S.),,,530341,1099800,,,,,,
정보통신,정보통신공사업,9432,주식회사 틸리언씨앤씨,,,320537,1099600,,,,,,
정보통신,정보통신공사업,9433,주식회사 아이디,,,420268,1099300,,,,,,
정보통신,정보통신공사업,9434,대한정보기술,,,510593,1099200,,,,,,
정보통신,정보통신공사업,9435,(주)인화전기공사,,,312069,1099000,,,,,,
정보통신,정보통신공사업,9436,사단법인 희망장애인협회,,,312593,1098400,,,,,,
정보통신,정보통신공사업,9437,주식회사 아이원정보,,,620338,1097900,,,,,,
정보통신,정보통신공사업,9438,주식회사 한맥시스템,,,203324,1097800,,,,,,
정보통신,정보통신공사업,9439,(주)다우,,,160189,1097400,,,,,,
정보통신,정보통신공사업,9440,(주)이너스텍,,,113061,1096800,,,,,,
정보통신,정보통신공사업,9441,주식회사 영남전기공사,,,311200,1096500,,,,,,
정보통신,정보통신공사업,9442,한라산업개발(주),,,140285,1096100,,,,,,
정보통신,정보통신공사업,9442,(주)동원개발,,,510080,1096100,,,,,,
정보통신,정보통신공사업,9444,주식회사 스펙엔지니어링와이엔피,,,203527,1095900,,,,,,
정보통신,정보통신공사업,9444,주식회사 모도리정보기술,,,540490,1095900,,,,,,
정보통신,정보통신공사업,9446,(주)장원정보통신,,,150001,1095600,,,,,,
정보통신,정보통신공사업,9447,주식회사 데우스 (DEUS Inc.),,,203931,1095400,,,,,,
정보통신,정보통신공사업,9448,아이티마크,,,550424,1094600,,,,,,
정보통신,정보통신공사업,9449,에스씨동해 주식회사,,,330214,1094500,,,,,,
정보통신,정보통신공사업,9450,주식회사 지엠티일렉트릭,,,320294,1093600,,,,,,
정보통신,정보통신공사업,9451,주식회사 한길이앤씨,,,610388,1093000,,,,,,
정보통신,정보통신공사업,9452,주식회사 용성아이씨티,,,320488,1092900,,,,,,
정보통신,정보통신공사업,9452,삼원전기건설(주),,,120260,1092900,,,,,,
정보통신,정보통신공사업,9454,(주)신창전기,,,201539,1092800,,,,,,
정보통신,정보통신공사업,9455,세양통신,,,150134,1088700,,,,,,
정보통신,정보통신공사업,9456,유한회사 엘파워닉스,,,630315,1088200,,,,,,
정보통신,정보통신공사업,9457,주식회사 명성전력,,,113107,1087600,,,,,,
정보통신,정보통신공사업,9458,(주)흥진,,,610105,1087500,,,,,,
정보통신,정보통신공사업,9459,주식회사 유림정보통신,,,620429,1087300,,,,,,
정보통신,정보통신공사업,9460,(주)제이티코어,,,311851,1087000,,,,,,
정보통신,정보통신공사업,9460,주식회사 대원시스템즈,,,550082,1087000,,,,,,
정보통신,정보통신공사업,9462,대림전력(주),,,113160,1086900,,,,,,
정보통신,정보통신공사업,9463,주식회사 유에스,,,320269,1086800,,,,,,
정보통신,정보통신공사업,9464,주식회사 왕산전기,,,200147,1085800,,,,,,
정보통신,정보통신공사업,9465,(주)두원전기소방,,,430329,1085500,,,,,,
정보통신,정보통신공사업,9466,주식회사 하나테크,,,630197,1085400,,,,,,
정보통신,정보통신공사업,9466,"주식회사 케이앤에프 (K & F Co., Ltd.)",,,311374,1085400,,,,,,
정보통신,정보통신공사업,9468,동문정보통신 주식회사,,,320412,1085000,,,,,,
정보통신,정보통신공사업,9469,(주)삼영컴퍼니,,,320166,1084500,,,,,,
정보통신,정보통신공사업,9469,(주)인테라에이브이씨,,,311057,1084500,,,,,,
정보통신,정보통신공사업,9471,주식회사 구주전력,,,540399,1084400,,,,,,
정보통신,정보통신공사업,9472,주식회사 서진,,,630205,1084300,,,,,,
정보통신,정보통신공사업,9473,주식회사 서밋통신,,,610325,1084200,,,,,,
정보통신,정보통신공사업,9474,티엔에스정보통신,,,112908,1084100,,,,,,
정보통신,정보통신공사업,9474,주식회사 국제전업사,,,330245,1084100,,,,,,
정보통신,정보통신공사업,9476,보성전기통신(주),,,130229,1082900,,,,,,
정보통신,정보통신공사업,9477,한샘오토메이션,,,320503,1082700,,,,,,
정보통신,정보통신공사업,9478,세명전력(주),,,510393,1081000,,,,,,
정보통신,정보통신공사업,9479,DIOSYS 이천대리점,,,311472,1080800,,,,,,
정보통신,정보통신공사업,9480,보성통신,,,110353,1080600,,,,,,
정보통신,정보통신공사업,9481,해동이엔씨,,,540354,1079800,,,,,,
정보통신,정보통신공사업,9482,신화엔지니어링(주),,,311259,1079100,,,,,,
정보통신,정보통신공사업,9483,(주)에이케이정보통신,,,540310,1078900,,,,,,
정보통신,정보통신공사업,9484,영재전기(주),,,620042,1078400,,,,,,
정보통신,정보통신공사업,9485,(주)에스엔케이,,,540539,1078200,,,,,,
정보통신,정보통신공사업,9486,주식회사 차이,,,610426,1077900,,,,,,
정보통신,정보통신공사업,9487,광인정보통신(주),,,112526,1077100,,,,,,
정보통신,정보통신공사업,9488,주식회사 에쓰지(SG co.),,,530397,1076900,,,,,,
정보통신,정보통신공사업,9489,주식회사 이룸통신,,,550518,1076800,,,,,,
정보통신,정보통신공사업,9489,주식회사 지투아이넷,,,203481,1076800,,,,,,
정보통신,정보통신공사업,9491,주식회사 세영정보,,,540448,1076700,,,,,,
정보통신,정보통신공사업,9492,동우엔지니어링,,,630357,1076300,,,,,,
정보통신,정보통신공사업,9493,"어벤투스모빌리티 주식회사(Aventus Mobility Co.,Ltd.)",,,204157,1076100,,,,,,
정보통신,정보통신공사업,9494,(주)은성시스템,,,610244,1075900,,,,,,
정보통신,정보통신공사업,9495,(주)서포전기통신,,,620002,1075800,,,,,,
정보통신,정보통신공사업,9496,주식회사  중앙정보통신,,,180030,1075400,,,,,,
정보통신,정보통신공사업,9497,주식회사 케이엠에스,,,630266,1075200,,,,,,
정보통신,정보통신공사업,9497,주식회사 가온,,,610352,1075200,,,,,,
정보통신,정보통신공사업,9499,주식회사 윤성이엔씨,,,350170,1074700,,,,,,
정보통신,정보통신공사업,9500,주식회사 리드아이씨티,,,520126,1074600,,,,,,
정보통신,정보통신공사업,9501,주식회사 건영전기통신,,,150226,1074500,,,,,,
정보통신,정보통신공사업,9502,화랑정보통신,,,430097,1074100,,,,,,
정보통신,정보통신공사업,9503,세원정보통신,,,540443,1074000,,,,,,
정보통신,정보통신공사업,9504,(주)석광아이티에스,,,550161,1073900,,,,,,
정보통신,정보통신공사업,9504,주식회사 성원이엔씨,,,120406,1073900,,,,,,
정보통신,정보통신공사업,9506,주식회사 나이스아이엠에스,,,550528,1073500,,,,,,
정보통신,정보통신공사업,9507,(주)김스애드,,,201785,1073200,,,,,,
정보통신,정보통신공사업,9508,주식회사 에스와이이엔씨,,,630222,1072900,,,,,,
정보통신,정보통신공사업,9509,주식회사 컨텍,,,410306,1072300,,,,,,
정보통신,정보통신공사업,9510,주식회사 우일전력,,,200742,1072200,,,,,,
정보통신,정보통신공사업,9511,(주)아이비테크,,,310887,1071900,,,,,,
정보통신,정보통신공사업,9511,주식회사 케이이씨디바이스,,,202888,1071900,,,,,,
정보통신,정보통신공사업,9513,(주)수인정보통신,,,310764,1071800,,,,,,
정보통신,정보통신공사업,9514,錦光電設 株式會社,,,113211,1071400,,,,,,
정보통신,정보통신공사업,9515,(주)광명텔레콤,,,111787,1071300,,,,,,
정보통신,정보통신공사업,9516,주식회사 하성씨앤씨,,,201630,1071100,,,,,,
정보통신,정보통신공사업,9517,해성통신 주식회사,,,510336,1071000,,,,,,
정보통신,정보통신공사업,9518,한솔코에버 주식회사,,,202376,1070400,,,,,,
정보통신,정보통신공사업,9518,(주)이레,,,330012,1070400,,,,,,
정보통신,정보통신공사업,9520,주식회사 대원전력,,,202787,1070200,,,,,,
정보통신,정보통신공사업,9521,인넷 아이텍,,,550414,1069700,,,,,,
정보통신,정보통신공사업,9521,한시스템 주식회사,,,540521,1069700,,,,,,
정보통신,정보통신공사업,9521,대성이앤티 주식회사,,,204169,1069700,,,,,,
정보통신,정보통신공사업,9524,(주)에이아이리더,,,410342,1069400,,,,,,
정보통신,정보통신공사업,9525,주식회사 하늘이엔씨,,,610432,1069000,,,,,,
정보통신,정보통신공사업,9526,주식회사 국보전력,,,640123,1068700,,,,,,
정보통신,정보통신공사업,9527,한일전력 주식회사,,,520167,1067900,,,,,,
정보통신,정보통신공사업,9527,자연콤(주),,,410080,1067900,,,,,,
정보통신,정보통신공사업,9529,주식회사 단아통신,,,320069,1067000,,,,,,
정보통신,정보통신공사업,9529,두승전력(주),,,202214,1067000,,,,,,
정보통신,정보통신공사업,9531,우주통신공사,,,140301,1066400,,,,,,
정보통신,정보통신공사업,9531,한빛제어,,,540340,1066400,,,,,,
정보통신,정보통신공사업,9533,주식회사 포킨 (FOKIN),,,203869,1066200,,,,,,
정보통신,정보통신공사업,9534,다온이엔씨 주식회사,,,120001,1066000,,,,,,
정보통신,정보통신공사업,9535,(주)청해이엔씨,,,610126,1065700,,,,,,
정보통신,정보통신공사업,9536,주식회사 슈어텍,,,312549,1065300,,,,,,
정보통신,정보통신공사업,9537,주식회사 두일,,,640190,1065200,,,,,,
정보통신,정보통신공사업,9538,(주)서광,,,410004,1065100,,,,,,
정보통신,정보통신공사업,9539,안세정보통신(주),,,111133,1064500,,,,,,
정보통신,정보통신공사업,9540,유한회사 실라,,,630152,1064200,,,,,,
정보통신,정보통신공사업,9541,(주)삼보정보통신,,,540223,1063900,,,,,,
정보통신,정보통신공사업,9542,인버터기술 주식회사,,,630228,1063700,,,,,,
정보통신,정보통신공사업,9543,가람정보통신,,,520043,1063600,,,,,,
정보통신,정보통신공사업,9543,주식회사 준네트웍스,,,540445,1063600,,,,,,
정보통신,정보통신공사업,9545,세원정보통신,,,150127,1063100,,,,,,
정보통신,정보통신공사업,9546,"주식회사 시그널아이씨티(SIGNAL ICT Co., Ltd.)",,,203480,1062600,,,,,,
정보통신,정보통신공사업,9547,주식회사 세움,,,430301,1062300,,,,,,
정보통신,정보통신공사업,9548,(주)대유통신,,,630097,1061800,,,,,,
정보통신,정보통신공사업,9549,주식회사 상정이엔지,,,610399,1061300,,,,,,
정보통신,정보통신공사업,9550,태흥네트웍스,,,640013,1061000,,,,,,
정보통신,정보통신공사업,9551,(주)케이피에스,,,410268,1060400,,,,,,
정보통신,정보통신공사업,9552,주식회사 이스타엔텍,,,312401,1060000,,,,,,
정보통신,정보통신공사업,9553,(주)알에프영상시스템,,,510239,1059900,,,,,,
정보통신,정보통신공사업,9554,한일전설(주),,,520061,1058500,,,,,,
정보통신,정보통신공사업,9555,주식회사 투케이시스템,,,620282,1057700,,,,,,
정보통신,정보통신공사업,9556,주식회사 오투드림,,,550463,1057600,,,,,,
정보통신,정보통신공사업,9557,주식회사 블루밴드,,,312338,1057400,,,,,,
정보통신,정보통신공사업,9558,(주)영일이앤씨,,,350027,1056700,,,,,,
정보통신,정보통신공사업,9559,주식회사 단비전력,,,510385,1056500,,,,,,
정보통신,정보통신공사업,9560,주식회사 바른물산,,,200678,1056100,,,,,,
정보통신,정보통신공사업,9560,주식회사 삼우전력,,,203743,1056100,,,,,,
정보통신,정보통신공사업,9560,(주)광명일렉,,,120198,1056100,,,,,,
정보통신,정보통신공사업,9563,드라발 주식회사,,,203489,1055700,,,,,,
정보통신,정보통신공사업,9563,청원정보통신(주),,,110370,1055700,,,,,,
정보통신,정보통신공사업,9565,유한회사 에이치디기술,,,630379,1055500,,,,,,
정보통신,정보통신공사업,9566,한국인프라관리(주),,,510265,1055100,,,,,,
정보통신,정보통신공사업,9566,주식회사 삼익전설,,,111775,1055100,,,,,,
정보통신,정보통신공사업,9566,(주)에스지,,,120811,1055100,,,,,,
정보통신,정보통신공사업,9566,주식회사 한마음통신,,,550288,1055100,,,,,,
정보통신,정보통신공사업,9570,제이와이케이 주식회사,,,150400,1054900,,,,,,
정보통신,정보통신공사업,9571,주식회사 우석엔지니어링,,,630318,1054800,,,,,,
정보통신,정보통신공사업,9572,주식회사 영진통신,,,540172,1054500,,,,,,
정보통신,정보통신공사업,9573,주식회사 미래이앤씨,,,540508,1054200,,,,,,
정보통신,정보통신공사업,9574,(주)성광전력,,,330171,1054100,,,,,,
정보통신,정보통신공사업,9575,재성종합건설 주식회사,,,312353,1054000,,,,,,
정보통신,정보통신공사업,9576,새천년종합건설(주),,,610131,1053900,,,,,,
정보통신,정보통신공사업,9577,주식회사 현성시스템,,,330346,1053600,,,,,,
정보통신,정보통신공사업,9578,(주)성보전기통신,,,150441,1053300,,,,,,
정보통신,정보통신공사업,9579,주식회사 드림온네트워크,,,203574,1053100,,,,,,
정보통신,정보통신공사업,9580,성화정보기술,,,330341,1052700,,,,,,
정보통신,정보통신공사업,9581,주식회사 엠에스파워,,,330326,1052200,,,,,,
정보통신,정보통신공사업,9581,주식회사 유남전력,,,330206,1052200,,,,,,
정보통신,정보통신공사업,9583,(주)아이티정보기술,,,510389,1050900,,,,,,
정보통신,정보통신공사업,9583,주식회사 아이티통신,,,610450,1050900,,,,,,
정보통신,정보통신공사업,9585,조도전자,,,610229,1050800,,,,,,
정보통신,정보통신공사업,9586,주식회사 영은정보,,,610445,1050500,,,,,,
정보통신,정보통신공사업,9587,삼보통신공사,,,130255,1050000,,,,,,
정보통신,정보통신공사업,9588,주식회사 동산시스템,,,540324,1049800,,,,,,
정보통신,정보통신공사업,9589,(주)제이,,,430029,1049700,,,,,,
정보통신,정보통신공사업,9590,에이직,,,311886,1049000,,,,,,
정보통신,정보통신공사업,9591,윤네트웍스 주식회사,,,204217,1048900,,,,,,
정보통신,정보통신공사업,9592,주식회사 세종전기,,,312270,1048800,,,,,,
정보통신,정보통신공사업,9593,(주)뉴비젼이엔지,,,110918,1047300,,,,,,
정보통신,정보통신공사업,9593,주식회사 원패스통신,,,320445,1047300,,,,,,
정보통신,정보통신공사업,9593,산청정보통신 주식회사,,,550349,1047300,,,,,,
정보통신,정보통신공사업,9596,주식회사 글로위드이앤씨,,,312280,1047000,,,,,,
정보통신,정보통신공사업,9597,나래전자통신,,,150254,1046700,,,,,,
정보통신,정보통신공사업,9598,주식회사 장원전력,,,620115,1046600,,,,,,
정보통신,정보통신공사업,9599,(주)지엔데이타콤,,,510316,1046000,,,,,,
정보통신,정보통신공사업,9599,주식회사 우주전력,,,110095,1046000,,,,,,
정보통신,정보통신공사업,9601,주식회사 해성전력,,,640112,1045500,,,,,,
정보통신,정보통신공사업,9602,청담미디어 주식회사,,,620109,1045400,,,,,,
정보통신,정보통신공사업,9603,에이스원네트웍스(주),,,311497,1045100,,,,,,
정보통신,정보통신공사업,9604,(주)스마일전기통신,,,150375,1044700,,,,,,
정보통신,정보통신공사업,9605,(주)두림전설,,,430221,1044300,,,,,,
정보통신,정보통신공사업,9606,(주)인포텔,,,530103,1044000,,,,,,
정보통신,정보통신공사업,9607,세운이엔씨,,,312244,1043700,,,,,,
정보통신,정보통신공사업,9608,제이아이엔시스템 주식회사,,,640177,1043600,,,,,,
정보통신,정보통신공사업,9609,(주)제이티테크,,,110575,1043500,,,,,,
정보통신,정보통신공사업,9610,주식회사 디에이치정보,,,620266,1043100,,,,,,
정보통신,정보통신공사업,9611,주식회사 리움정보통신,,,203938,1042600,,,,,,
정보통신,정보통신공사업,9612,주식회사 프라임이앤씨,,,170033,1042200,,,,,,
정보통신,정보통신공사업,9613,(주)화인네트웍스,,,111649,1041900,,,,,,
정보통신,정보통신공사업,9614,대경정보통신(주),,,112756,1041600,,,,,,
정보통신,정보통신공사업,9615,유한회사 우보인,,,630177,1041300,,,,,,
정보통신,정보통신공사업,9615,주식회사 동진전력,,,320522,1041300,,,,,,
정보통신,정보통신공사업,9617,주식회사 온비치,,,510770,1041200,,,,,,
정보통신,정보통신공사업,9618,주식회사 제이씨비전텍,,,204156,1041000,,,,,,
정보통신,정보통신공사업,9619,해양전자,,,550301,1040400,,,,,,
정보통신,정보통신공사업,9619,주식회사 티에스이엔지,,,430256,1040400,,,,,,
정보통신,정보통신공사업,9621,(주)이엑스쏠라,,,420135,1040200,,,,,,
정보통신,정보통신공사업,9622,우신전설(주),,,430174,1040100,,,,,,
정보통신,정보통신공사업,9623,주식회사 다옴브릿지,,,203700,1039600,,,,,,
정보통신,정보통신공사업,9624,주식회사 동아사무기와알파문구,,,330098,1039000,,,,,,
정보통신,정보통신공사업,9625,(주)경도,,,150435,1038500,,,,,,
정보통신,정보통신공사업,9625,주식회사 나전테크,,,630250,1038500,,,,,,
정보통신,정보통신공사업,9627,(주)성진,,,430030,1037300,,,,,,
정보통신,정보통신공사업,9628,주식회사 대박종합시스템,,,420484,1037100,,,,,,
정보통신,정보통신공사업,9628,주식회사 진우,,,140181,1037100,,,,,,
정보통신,정보통신공사업,9630,주식회사 대일이에프씨,,,530361,1036800,,,,,,
정보통신,정보통신공사업,9631,주식회사 제이티통신,,,312031,1036600,,,,,,
정보통신,정보통신공사업,9631,(주)삼정전자통신,,,510004,1036600,,,,,,
정보통신,정보통신공사업,9633,가람정보통신 주식회사,,,610277,1036500,,,,,,
정보통신,정보통신공사업,9634,주식회사 유성씨앤씨,,,630207,1036000,,,,,,
정보통신,정보통신공사업,9635,(주)우리기술,,,110847,1035700,,,,,,
정보통신,정보통신공사업,9636,(주)지앤드티,,,350201,1034500,,,,,,
정보통신,정보통신공사업,9637,진명전력(주),,,510062,1034200,,,,,,
정보통신,정보통신공사업,9638,주식회사 대광사업단,,,202904,1034100,,,,,,
정보통신,정보통신공사업,9638,현대씨앤알(주),,,201070,1034100,,,,,,
정보통신,정보통신공사업,9638,주식회사 신도전설,,,200099,1034100,,,,,,
정보통신,정보통신공사업,9641,"위즈네트워크 주식회사(wisNetwork.CO., Ltd.)",,,204089,1033900,,,,,,
정보통신,정보통신공사업,9642,주식회사 이앤엘엔지니어링,,,310869,1033300,,,,,,
정보통신,정보통신공사업,9643,"케이에스엔시(주)(KSNC Co. ,Ltd.)",,,112602,1033200,,,,,,
정보통신,정보통신공사업,9644,주식회사 제이엘넷,,,202802,1033000,,,,,,
정보통신,정보통신공사업,9644,세원시스텍(주),,,111238,1033000,,,,,,
정보통신,정보통신공사업,9646,현금전자산업,,,120399,1032400,,,,,,
정보통신,정보통신공사업,9647,대륭정보통신(주),,,130419,1031200,,,,,,
정보통신,정보통신공사업,9648,(주)도원시스템즈,,,201406,1031000,,,,,,
정보통신,정보통신공사업,9649,한국기술서비스(주),,,111280,1030500,,,,,,
정보통신,정보통신공사업,9650,우리전력(주),,,550256,1029900,,,,,,
정보통신,정보통신공사업,9650,(주)명승기업,,,170084,1029900,,,,,,
정보통신,정보통신공사업,9652,(주)우진,,,330130,1029700,,,,,,
정보통신,정보통신공사업,9653,(주)인문이엔씨,,,311506,1029600,,,,,,
정보통신,정보통신공사업,9654,CS미디어,,,520178,1029500,,,,,,
정보통신,정보통신공사업,9654,(주)태원전력,,,310979,1029500,,,,,,
정보통신,정보통신공사업,9656,주식회사 덕산전기,,,170140,1029000,,,,,,
정보통신,정보통신공사업,9657,(주)윤익계전,,,201236,1028900,,,,,,
정보통신,정보통신공사업,9657,주식회사 청림씨엔에스,,,200539,1028900,,,,,,
정보통신,정보통신공사업,9659,주식회사 잎새,,,610351,1028500,,,,,,
정보통신,정보통신공사업,9660,가람이엔지 주식회사,,,330231,1028100,,,,,,
정보통신,정보통신공사업,9661,세광건설(주),,,310418,1027500,,,,,,
정보통신,정보통신공사업,9662,(주)한양케이앤이,,,110674,1027400,,,,,,
정보통신,정보통신공사업,9663,단일전력(주),,,310136,1027300,,,,,,
정보통신,정보통신공사업,9664,주식회사 아이씨티원 (ICT-ONE Corp.),,,312558,1025800,,,,,,
정보통신,정보통신공사업,9665,유한회사 수현전력,,,420508,1025700,,,,,,
정보통신,정보통신공사업,9666,마하 주식회사,,,180061,1025500,,,,,,
정보통신,정보통신공사업,9667,(주)실라전자,,,620116,1024900,,,,,,
정보통신,정보통신공사업,9668,주식회사 휴먼아이티,,,312074,1024500,,,,,,
정보통신,정보통신공사업,9669,남광통신,,,110485,1024400,,,,,,
정보통신,정보통신공사업,9670,주식회사 중앙데이타통신기술,,,203731,1024300,,,,,,
정보통신,정보통신공사업,9671,주식회사 지선통신,,,200873,1024000,,,,,,
정보통신,정보통신공사업,9672,주식회사 태영전기,,,520181,1023400,,,,,,
정보통신,정보통신공사업,9673,주식회사 성원시스템즈,,,320540,1022900,,,,,,
정보통신,정보통신공사업,9674,대성텔레콤(주),,,330018,1022700,,,,,,
정보통신,정보통신공사업,9675,주식회사 임팩트럼,,,350543,1022600,,,,,,
정보통신,정보통신공사업,9676,한별오에이(OA),,,350308,1022400,,,,,,
정보통신,정보통신공사업,9676,(주)아이피엑스,,,112398,1022400,,,,,,
정보통신,정보통신공사업,9678,주식회사 엠에스테크,,,312106,1022000,,,,,,
정보통신,정보통신공사업,9679,주식회사 큰빛전력,,,110075,1021200,,,,,,
정보통신,정보통신공사업,9680,이현정보통신,,,540457,1021000,,,,,,
정보통신,정보통신공사업,9681,정우개발 주식회사,,,550454,1020800,,,,,,
정보통신,정보통신공사업,9681,주식회사 동남전기통신,,,130228,1020800,,,,,,
정보통신,정보통신공사업,9683,주식회사 이레아,,,312321,1019800,,,,,,
정보통신,정보통신공사업,9684,성원,,,610401,1019700,,,,,,
정보통신,정보통신공사업,9685,(주)테라,,,130154,1018900,,,,,,
정보통신,정보통신공사업,9686,주식회사 티엔에스파크,,,510662,1018600,,,,,,
정보통신,정보통신공사업,9687,지멘스(주),,,111152,1018200,,,,,,
정보통신,정보통신공사업,9688,주식회사 지아이이앤씨,,,113116,1017500,,,,,,
정보통신,정보통신공사업,9689,주식회사 태송전력,,,620302,1016900,,,,,,
정보통신,정보통신공사업,9690,주식회사 레딕스,,,420388,1016500,,,,,,
정보통신,정보통신공사업,9691,주식회사 예감,,,350476,1016100,,,,,,
정보통신,정보통신공사업,9691,구룡전기 주식회사,,,530022,1016100,,,,,,
정보통신,정보통신공사업,9693,주식회사 대성아이씨티,,,202205,1015900,,,,,,
정보통신,정보통신공사업,9694,(주)덕양이엔티,,,120398,1015800,,,,,,
정보통신,정보통신공사업,9695,주식회사 비담,,,550411,1015700,,,,,,
정보통신,정보통신공사업,9696,주식회사 부영에너텍,,,320401,1015400,,,,,,
정보통신,정보통신공사업,9697,주식회사 디에이치,,,120299,1015100,,,,,,
정보통신,정보통신공사업,9698,(주)래오시스,,,202694,1014700,,,,,,
정보통신,정보통신공사업,9699,(주)네오네트웍스,,,510406,1014500,,,,,,
정보통신,정보통신공사업,9700,주식회사 디파인미디어,,,204103,1014200,,,,,,
정보통신,정보통신공사업,9701,휘안시스템(주),,,540326,1014000,,,,,,
정보통신,정보통신공사업,9701,(주)원성,,,430013,1014000,,,,,,
정보통신,정보통신공사업,9703,(유)신명전기설비공사,,,160208,1013800,,,,,,
정보통신,정보통신공사업,9703,제이몬 주식회사,,,510295,1013800,,,,,,
정보통신,정보통신공사업,9705,이스타건설 주식회사,,,113435,1013400,,,,,,
정보통신,정보통신공사업,9706,주식회사 나진,,,200956,1013300,,,,,,
정보통신,정보통신공사업,9707,주식회사 에스티에스정보기술,,,112040,1013000,,,,,,
정보통신,정보통신공사업,9708,주식회사 대호이앤씨,,,410238,1012900,,,,,,
정보통신,정보통신공사업,9709,주식회사 원탑이앤티,,,610300,1012800,,,,,,
정보통신,정보통신공사업,9710,주식회사 서정,,,430243,1012600,,,,,,
정보통신,정보통신공사업,9711,주식회사 엠앤에스,,,430108,1012000,,,,,,
정보통신,정보통신공사업,9712,(주)블루네트웍스,,,410031,1011900,,,,,,
정보통신,정보통신공사업,9713,(주)조은아이티,,,410136,1011800,,,,,,
정보통신,정보통신공사업,9714,(주)신성이엔아이,,,540146,1011700,,,,,,
정보통신,정보통신공사업,9715,(주)한국전기,,,410096,1011300,,,,,,
정보통신,정보통신공사업,9716,주식회사 세타,,,350523,1011100,,,,,,
정보통신,정보통신공사업,9717,주식회사 수덕,,,410067,1011000,,,,,,
정보통신,정보통신공사업,9718,(주)키스톤에너지,,,510503,1010300,,,,,,
정보통신,정보통신공사업,9719,주식회사 주성통신,,,530428,1010200,,,,,,
정보통신,정보통신공사업,9720,(주)가람,,,150274,1009600,,,,,,
정보통신,정보통신공사업,9721,주식회사 태성정보통신기술,,,410042,1009400,,,,,,
정보통신,정보통신공사업,9722,에이치피(HP)테크,,,550400,1009300,,,,,,
정보통신,정보통신공사업,9723,이수정보통신,,,112725,1009200,,,,,,
정보통신,정보통신공사업,9724,주식회사 다원이엔지,,,330046,1009100,,,,,,
정보통신,정보통신공사업,9724,주식회사 와사비,,,312675,1009100,,,,,,
정보통신,정보통신공사업,9726,동일건설(주),,,140256,1009000,,,,,,
정보통신,정보통신공사업,9727,"주식회사 유원 (U WON, Co,. Ltd．)",,,311463,1008600,,,,,,
정보통신,정보통신공사업,9728,주식회사 경신파킹,,,530313,1008500,,,,,,
정보통신,정보통신공사업,9729,영진 주식회사,,,520029,1008400,,,,,,
정보통신,정보통신공사업,9730,주식회사 에스에이치,,,550444,1007600,,,,,,
정보통신,정보통신공사업,9730,주식회사 아이씨티이산업,,,202590,1007600,,,,,,
정보통신,정보통신공사업,9732,주식회사 고도기술,,,203665,1007100,,,,,,
정보통신,정보통신공사업,9732,주식회사 씨엘인포텍,,,312383,1007100,,,,,,
정보통신,정보통신공사업,9734,주식회사 태왕전기,,,350274,1007000,,,,,,
정보통신,정보통신공사업,9735,형신정보통신 주식회사,,,540473,1006400,,,,,,
정보통신,정보통신공사업,9735,(주)진텍엔지니어링,,,312637,1006400,,,,,,
정보통신,정보통신공사업,9737,세림이엔씨(주),,,620008,1005800,,,,,,
정보통신,정보통신공사업,9738,(주)부원,,,311751,1005600,,,,,,
정보통신,정보통신공사업,9739,(주)영화산업,,,430187,1004900,,,,,,
정보통신,정보통신공사업,9739,(주)한미전력,,,620158,1004900,,,,,,
정보통신,정보통신공사업,9741,코마정보통신(주),,,350007,1004700,,,,,,
정보통신,정보통신공사업,9741,주식회사 에이스네트웍,,,350548,1004700,,,,,,
정보통신,정보통신공사업,9743,(주)세븐아이티,,,550354,1004600,,,,,,
정보통신,정보통신공사업,9744,전산정보시스템,,,610393,1003800,,,,,,
정보통신,정보통신공사업,9745,(주)광성계측기,,,510509,1003200,,,,,,
정보통신,정보통신공사업,9746,주식회사 휴먼네트워크,,,350493,1003100,,,,,,
정보통신,정보통신공사업,9747,주식회사 위코테크,,,311896,1003000,,,,,,
정보통신,정보통신공사업,9748,유진이엔씨 주식회사,,,420569,1002200,,,,,,
정보통신,정보통신공사업,9749,대명시스템솔루션(주),,,410333,1001200,,,,,,
정보통신,정보통신공사업,9750,혜성이앤티,,,540380,1001100,,,,,,
정보통신,정보통신공사업,9751,주식회사 화승전력,,,430032,1000800,,,,,,
정보통신,정보통신공사업,9752,삼성정보통신,,,160215,1000100,,,,,,
정보통신,정보통신공사업,9753,주식회사 대한전기기술단,,,311638,999900,,,,,,
정보통신,정보통신공사업,9754,(주)와이드큐브,,,201146,999700,,,,,,
정보통신,정보통신공사업,9755,주식회사 혜성정보통신,,,420144,999400,,,,,,
정보통신,정보통신공사업,9756,주식회사 미라클산업,,,203076,999200,,,,,,
정보통신,정보통신공사업,9757,광주통신,,,140023,998700,,,,,,
정보통신,정보통신공사업,9757,주식회사 진솔테크,,,120059,998700,,,,,,
정보통신,정보통신공사업,9759,(주)서광통신,,,330022,998000,,,,,,
정보통신,정보통신공사업,9760,제네시스이앤씨,,,311256,997900,,,,,,
정보통신,정보통신공사업,9761,(주)제우씨앤아이,,,410093,997800,,,,,,
정보통신,정보통신공사업,9762,성우아이티 주식회사,,,530371,997700,,,,,,
정보통신,정보통신공사업,9763,한양이엔지(주),,,310962,997600,,,,,,
정보통신,정보통신공사업,9764,주식회사 라눅스,,,640048,997500,,,,,,
정보통신,정보통신공사업,9765,(주)골드이엔지,,,510453,997300,,,,,,
정보통신,정보통신공사업,9766,주식회사 지원정보통신,,,111672,997200,,,,,,
정보통신,정보통신공사업,9767,성일전기 주식회사,,,610044,996700,,,,,,
정보통신,정보통신공사업,9768,(주)진우엠앤씨,,,200919,996300,,,,,,
정보통신,정보통신공사업,9769,(주)백두기연,,,610242,996200,,,,,,
정보통신,정보통신공사업,9770,주식회사 세인에스비,,,550421,995900,,,,,,
정보통신,정보통신공사업,9771,"에이스콘트롤 주식회사 (Ace Control Co., Ltd.)",,,310874,995800,,,,,,
정보통신,정보통신공사업,9772,주식회사 스마트오션,,,610474,995100,,,,,,
정보통신,정보통신공사업,9772,"주식회사 아이티팩(ITFEC. Co., Ltd)",,,320425,995100,,,,,,
정보통신,정보통신공사업,9774,(주)박전사,,,120530,994900,,,,,,
정보통신,정보통신공사업,9775,주식회사 성욱산업,,,311190,994600,,,,,,
정보통신,정보통신공사업,9776,태양이앤씨,,,540491,994500,,,,,,
정보통신,정보통신공사업,9777,"주식회사 디와이 (DY Co., Ltd.)",,,410161,994200,,,,,,
정보통신,정보통신공사업,9778,주식회사 삼성이엔지,,,201505,993300,,,,,,
정보통신,정보통신공사업,9779,대명건설 주식회사,,,112041,993100,,,,,,
정보통신,정보통신공사업,9780,주식회사 테라인포메이션,,,420527,992400,,,,,,
정보통신,정보통신공사업,9781,(유)엑스포전력,,,610211,991800,,,,,,
정보통신,정보통신공사업,9782,주식회사 나린정보기술,,,550419,991700,,,,,,
정보통신,정보통신공사업,9783,(주)남경기전,,,430222,991600,,,,,,
정보통신,정보통신공사업,9783,안성전기 주식회사,,,420309,991600,,,,,,
정보통신,정보통신공사업,9785,주식회사 동광전력,,,330250,991300,,,,,,
정보통신,정보통신공사업,9786,진일정보통신,,,180028,991200,,,,,,
정보통신,정보통신공사업,9787,대한전기통신(주),,,140106,990900,,,,,,
정보통신,정보통신공사업,9788,주식회사 티엘엑스,,,350505,990600,,,,,,
정보통신,정보통신공사업,9789,주식회사 미르정보통신,,,410387,990400,,,,,,
정보통신,정보통신공사업,9790,"주식회사 기어 (Gere Co.,Ltd.)",,,203768,989400,,,,,,
정보통신,정보통신공사업,9791,서울전력 주식회사,,,310110,989100,,,,,,
정보통신,정보통신공사업,9792,(주)동아네트웍스,,,510560,989000,,,,,,
정보통신,정보통신공사업,9792,이화공영(주),,,200477,989000,,,,,,
정보통신,정보통신공사업,9792,(주)엠에프이앤아이,,,410253,989000,,,,,,
정보통신,정보통신공사업,9795,태임전설 주식회사,,,550438,988000,,,,,,
정보통신,정보통신공사업,9796,민테크,,,420522,987900,,,,,,
정보통신,정보통신공사업,9797,주식회사 승호이엔지,,,610472,987700,,,,,,
정보통신,정보통신공사업,9797,주식회사 제이에스아이씨티,,,510751,987700,,,,,,
정보통신,정보통신공사업,9799,주식회사 시아,,,410199,987100,,,,,,
정보통신,정보통신공사업,9800,주식회사 디바이스전기통신,,,410399,986900,,,,,,
정보통신,정보통신공사업,9801,남도전기(주),,,150655,986600,,,,,,
정보통신,정보통신공사업,9801,(주)유큐브,,,330044,986600,,,,,,
정보통신,정보통신공사업,9803,주식회사 정강,,,630287,986300,,,,,,
정보통신,정보통신공사업,9804,씨제이보안정보통신(주),,,430136,985800,,,,,,
정보통신,정보통신공사업,9805,인셀(주),,,620240,985600,,,,,,
정보통신,정보통신공사업,9806,(주)성운아이티,,,310262,985500,,,,,,
정보통신,정보통신공사업,9807,대일코리아 주식회사,,,530107,985400,,,,,,
정보통신,정보통신공사업,9808,만경엔지니어링 주식회사,,,430216,985000,,,,,,
정보통신,정보통신공사업,9809,유한회사 플러스정보통신,,,620405,984900,,,,,,
정보통신,정보통신공사업,9809,주식회사 아이비에스티,,,550257,984900,,,,,,
정보통신,정보통신공사업,9811,(주)마하정보통신,,,540017,984800,,,,,,
정보통신,정보통신공사업,9812,인터컴넷(주),,,111960,984400,,,,,,
정보통신,정보통신공사업,9812,O&C system,,,620407,984400,,,,,,
정보통신,정보통신공사업,9814,태흥산업기전(주),,,202794,983900,,,,,,
정보통신,정보통신공사업,9815,주식회사 삼우세이프테크,,,320388,983400,,,,,,
정보통신,정보통신공사업,9815,(자)명신건설,,,510454,983400,,,,,,
정보통신,정보통신공사업,9817,주식회사 이안정보통신,,,312248,982400,,,,,,
정보통신,정보통신공사업,9818,주식회사 이솔정보기술,,,540320,981900,,,,,,
정보통신,정보통신공사업,9819,(주)해림테크,,,140322,979800,,,,,,
정보통신,정보통신공사업,9820,대흥전기통신공사,,,202202,979500,,,,,,
정보통신,정보통신공사업,9821,주식회사 담비기술,,,312704,979000,,,,,,
정보통신,정보통신공사업,9822,LG미래정보통신,,,113209,978400,,,,,,
정보통신,정보통신공사업,9823,한빛전력주식회사,,,350554,978300,,,,,,
정보통신,정보통신공사업,9824,휴먼시스템,,,630393,978200,,,,,,
정보통신,정보통신공사업,9825,주식회사 진정보통신,,,430230,978100,,,,,,
정보통신,정보통신공사업,9826,"주식회사 영제이 (YOUNG J Co., Ltd.)",,,430143,977900,,,,,,
정보통신,정보통신공사업,9827,주식회사 인포텍(INFOTECH Corp.),,,330357,977700,,,,,,
정보통신,정보통신공사업,9827,주식회사 해토주차시스템,,,312020,977700,,,,,,
정보통신,정보통신공사업,9829,(주)케이엠데이타,,,202221,977500,,,,,,
정보통신,정보통신공사업,9830,(주)태융정보통신,,,200467,977300,,,,,,
정보통신,정보통신공사업,9830,(주)이원,,,630016,977300,,,,,,
정보통신,정보통신공사업,9832,(주)타임넷,,,510612,976600,,,,,,
정보통신,정보통신공사업,9833,에스이네트웍스 주식회사,,,540477,976500,,,,,,
정보통신,정보통신공사업,9834,(주)삼영기업,,,170004,976400,,,,,,
정보통신,정보통신공사업,9835,일진종합전설(주),,,113332,975500,,,,,,
정보통신,정보통신공사업,9836,(주)신일전기통신공사,,,310916,975400,,,,,,
정보통신,정보통신공사업,9837,주식회사 태산,,,111311,974400,,,,,,
정보통신,정보통신공사업,9837,(주)동성이앤씨,,,430036,974400,,,,,,
정보통신,정보통신공사업,9839,(주)보주정보통신,,,320359,974000,,,,,,
정보통신,정보통신공사업,9840,주식회사 아이앤원정보통신,,,312483,973900,,,,,,
정보통신,정보통신공사업,9841,(주)신양,,,112026,973800,,,,,,
정보통신,정보통신공사업,9841,기대전기통신(주),,,120261,973800,,,,,,
정보통신,정보통신공사업,9843,(주)두리정보통신,,,510584,973700,,,,,,
정보통신,정보통신공사업,9844,주식회사 원이엔씨,,,550425,973600,,,,,,
정보통신,정보통신공사업,9845,명진전력 주식회사,,,540336,973400,,,,,,
정보통신,정보통신공사업,9846,(주)아름정보,,,620088,973100,,,,,,
정보통신,정보통신공사업,9847,성산전력(주),,,540113,972600,,,,,,
정보통신,정보통신공사업,9847,주식회사 엠바이지,,,510699,972600,,,,,,
정보통신,정보통신공사업,9849,"주식회사 제이케이인(JKIN Co., Ltd.)",,,312278,971600,,,,,,
정보통신,정보통신공사업,9850,대원정보통신,,,540020,971500,,,,,,
정보통신,정보통신공사업,9851,주식회사 티더블유앤씨,,,204278,971400,,,,,,
정보통신,정보통신공사업,9852,한경기전(주),,,200259,970900,,,,,,
정보통신,정보통신공사업,9853,뉴성진파워 주식회사,,,350136,970800,,,,,,
정보통신,정보통신공사업,9854,청평전력공사,,,350005,970200,,,,,,
정보통신,정보통신공사업,9855,(주)메트로정보통신,,,410383,970100,,,,,,
정보통신,정보통신공사업,9856,미성전력 주식회사,,,312025,969500,,,,,,
정보통신,정보통신공사업,9857,주식회사 알비이엔씨,,,350587,969400,,,,,,
정보통신,정보통신공사업,9858,주식회사 에스엠테크,,,630206,969200,,,,,,
정보통신,정보통신공사업,9859,주식회사 세명기업,,,540516,966900,,,,,,
정보통신,정보통신공사업,9860,주식회사 케이엔아이티,,,540437,966800,,,,,,
정보통신,정보통신공사업,9861,주식회사 시티종합건설,,,350121,966000,,,,,,
정보통신,정보통신공사업,9861,(주)대성텔레콤,,,140394,966000,,,,,,
정보통신,정보통신공사업,9863,주식회사 서영,,,110329,965600,,,,,,
정보통신,정보통신공사업,9863,(주)태운전력산업,,,610102,965600,,,,,,
정보통신,정보통신공사업,9865,주식회사 대연씨앤아이,,,202930,965100,,,,,,
정보통신,정보통신공사업,9865,주식회사 선경기전,,,320497,965100,,,,,,
정보통신,정보통신공사업,9867,보림기전,,,630166,964600,,,,,,
정보통신,정보통신공사업,9868,주식회사 신아산전,,,330310,964400,,,,,,
정보통신,정보통신공사업,9868,주식회사 에스솔루션,,,410406,964400,,,,,,
정보통신,정보통신공사업,9870,주식회사 호성,,,320459,963500,,,,,,
정보통신,정보통신공사업,9871,(주)다올통신,,,630187,963400,,,,,,
정보통신,정보통신공사업,9872,주식회사 에코정보통신,,,330240,963300,,,,,,
정보통신,정보통신공사업,9873,주식회사 성공시스템,,,312564,962900,,,,,,
정보통신,정보통신공사업,9874,주식회사 아틀라스디엑스,,,202264,962200,,,,,,
정보통신,정보통신공사업,9875,주식회사 나임네트웍스,,,640184,962100,,,,,,
정보통신,정보통신공사업,9876,(주)경보전설,,,130265,960800,,,,,,
정보통신,정보통신공사업,9876,주식회사 희망나누기,,,312284,960800,,,,,,
정보통신,정보통신공사업,9878,주식회사 제이에스일렉트릭,,,312410,960700,,,,,,
정보통신,정보통신공사업,9879,(주)테크미디어,,,110976,960300,,,,,,
정보통신,정보통신공사업,9880,주식회사 에스제이이에프씨,,,203878,960100,,,,,,
정보통신,정보통신공사업,9881,주식회사 보성엔지니어링,,,320410,960000,,,,,,
정보통신,정보통신공사업,9882,주식회사 경산전설,,,540049,959900,,,,,,
정보통신,정보통신공사업,9883,(주)우진파워텍,,,112125,959500,,,,,,
정보통신,정보통신공사업,9884,(주)오토원,,,510081,959300,,,,,,
정보통신,정보통신공사업,9885,원창정보건설,,,120117,958900,,,,,,
정보통신,정보통신공사업,9886,주식회사 더베스트이앤씨,,,510140,958500,,,,,,
정보통신,정보통신공사업,9887,거맥전설 주식회사,,,312277,958400,,,,,,
정보통신,정보통신공사업,9888,(주)창진,,,120337,958300,,,,,,
정보통신,정보통신공사업,9889,동우전기통신(주),,,550242,958200,,,,,,
정보통신,정보통신공사업,9890,(주)와이이씨,,,330078,958100,,,,,,
정보통신,정보통신공사업,9891,강서정보,,,120041,957700,,,,,,
정보통신,정보통신공사업,9891,주식회사 티에스엠이앤씨,,,203854,957700,,,,,,
정보통신,정보통신공사업,9893,(주)한넷텍,,,130161,957400,,,,,,
정보통신,정보통신공사업,9894,주식회사 디노,,,311622,957000,,,,,,
정보통신,정보통신공사업,9895,주식회사 한광,,,160108,956900,,,,,,
정보통신,정보통신공사업,9896,도원이엔아이 주식회사,,,203671,956700,,,,,,
정보통신,정보통신공사업,9897,주식회사 도경홀딩스,,,530478,956200,,,,,,
정보통신,정보통신공사업,9898,(주)삼화정보통신,,,540040,955900,,,,,,
정보통신,정보통신공사업,9899,주식회사 지공이엔씨,,,610043,955700,,,,,,
정보통신,정보통신공사업,9900,주식회사 스마트솔루션,,,200970,955600,,,,,,
정보통신,정보통신공사업,9900,주식회사 엘림,,,540424,955600,,,,,,
정보통신,정보통신공사업,9900,주식회사 세경이엔씨,,,640179,955600,,,,,,
정보통신,정보통신공사업,9903,주식회사 성봉전설,,,330072,955200,,,,,,
정보통신,정보통신공사업,9904,주식회사 삼정이앤씨,,,180053,955100,,,,,,
정보통신,정보통신공사업,9905,주식회사 동양파킹시스템,,,640158,955000,,,,,,
정보통신,정보통신공사업,9906,주식회사 의령정보통신,,,550329,954900,,,,,,
정보통신,정보통신공사업,9907,유한회사 해은,,,630394,954700,,,,,,
정보통신,정보통신공사업,9908,SIC정보통신,,,410171,954300,,,,,,
정보통신,정보통신공사업,9909,제이에스파킹 주식회사,,,312059,954100,,,,,,
정보통신,정보통신공사업,9910,부일건설(주),,,160177,953700,,,,,,
정보통신,정보통신공사업,9911,주식회사 유나전기,,,510741,953600,,,,,,
정보통신,정보통신공사업,9912,건우정보통신,,,410413,953300,,,,,,
정보통신,정보통신공사업,9913,가온정보통신 주식회사,,,330255,953200,,,,,,
정보통신,정보통신공사업,9914,주식회사 성도전자,,,530095,953100,,,,,,
정보통신,정보통신공사업,9915,주식회사 제이케이전기,,,330332,952500,,,,,,
정보통신,정보통신공사업,9916,주식회사 유니시스템즈,,,312678,952400,,,,,,
정보통신,정보통신공사업,9917,(주)대진종합전기,,,550048,952000,,,,,,
정보통신,정보통신공사업,9917,주식회사 이원네트웍스,,,330308,952000,,,,,,
정보통신,정보통신공사업,9919,원미디어정보통신,,,550273,951800,,,,,,
정보통신,정보통신공사업,9920,주식회사 성한이엔지,,,620376,951100,,,,,,
정보통신,정보통신공사업,9921,서진텔레콤(주),,,130421,950500,,,,,,
정보통신,정보통신공사업,9922,대성전기,,,640133,950400,,,,,,
정보통신,정보통신공사업,9923,주식회사 에스이씨,,,630168,950100,,,,,,
정보통신,정보통신공사업,9924,(주)신영정보기술,,,311485,950000,,,,,,
정보통신,정보통신공사업,9925,디지마린 주식회사(DG Marine Inc.),,,510749,949800,,,,,,
정보통신,정보통신공사업,9926,"주식회사 파르이앤씨(PAR E&C Co., LTD.)",,,203012,949500,,,,,,
정보통신,정보통신공사업,9927,문화전기 주식회사,,,110136,949400,,,,,,
정보통신,정보통신공사업,9928,주식회사 대우전기건설공사,,,350560,948600,,,,,,
정보통신,정보통신공사업,9929,주식회사 화광이엔씨,,,610254,948300,,,,,,
정보통신,정보통신공사업,9929,주식회사 세진,,,420387,948300,,,,,,
정보통신,정보통신공사업,9931,(주)오픈잇,,,201745,947900,,,,,,
정보통신,정보통신공사업,9932,주식회사 주원시스템,,,110174,947100,,,,,,
정보통신,정보통신공사업,9933,(주)동형,,,130330,946900,,,,,,
정보통신,정보통신공사업,9933,(주)청우개발,,,620183,946900,,,,,,
정보통신,정보통신공사업,9935,다윤월드(주),,,530105,946400,,,,,,
정보통신,정보통신공사업,9936,수자원기술(주),,,112894,946200,,,,,,
정보통신,정보통신공사업,9937,주식회사 제주정보통신,,,640156,945900,,,,,,
정보통신,정보통신공사업,9937,케이에프이(주),,,320206,945900,,,,,,
정보통신,정보통신공사업,9939,한양이이씨 주식회사,,,420116,945200,,,,,,
정보통신,정보통신공사업,9940,주식회사 에스에이엠,,,113463,945100,,,,,,
정보통신,정보통신공사업,9940,드림정보기술,,,640195,945100,,,,,,
정보통신,정보통신공사업,9942,삼주전기 주식회사,,,430102,944300,,,,,,
정보통신,정보통신공사업,9943,(주)호반엔지니어링,,,610408,944100,,,,,,
정보통신,정보통신공사업,9944,주식회사 건영이앤씨,,,203048,943500,,,,,,
정보통신,정보통신공사업,9945,한국공인피엠오(주),,,202537,943300,,,,,,
정보통신,정보통신공사업,9945,(주)스타엔지니어링,,,130479,943300,,,,,,
정보통신,정보통신공사업,9947,위고(WEGO),,,550430,943000,,,,,,
정보통신,정보통신공사업,9948,주식회사 광운정보통신,,,113274,942700,,,,,,
정보통신,정보통신공사업,9949,주식회사 미미엔지니어링,,,203260,942000,,,,,,
정보통신,정보통신공사업,9950,동일전력(주),,,170115,941900,,,,,,
정보통신,정보통신공사업,9951,주식회사 파인솔라,,,203133,941400,,,,,,
정보통신,정보통신공사업,9951,주식회사 동은전력,,,640085,941400,,,,,,
정보통신,정보통신공사업,9953,명승파워넷(주),,,110871,941000,,,,,,
정보통신,정보통신공사업,9954,주식회사 현성,,,350386,940500,,,,,,
정보통신,정보통신공사업,9955,주식회사 천운,,,330304,940200,,,,,,
정보통신,정보통신공사업,9956,주식회사 네스터원,,,203888,940100,,,,,,
정보통신,정보통신공사업,9957,주식회사 신성지앤이,,,204100,939200,,,,,,
정보통신,정보통신공사업,9958,진돗개시큐리티 주식회사,,,320114,938200,,,,,,
정보통신,정보통신공사업,9959,주식회사 이루라,,,540465,937800,,,,,,
정보통신,정보통신공사업,9959,이지시스템,,,430338,937800,,,,,,
정보통신,정보통신공사업,9961,한라전설(주),,,180008,937600,,,,,,
정보통신,정보통신공사업,9962,주식회사 시야인사이트,,,330369,937300,,,,,,
정보통신,정보통신공사업,9963,HK시스템,,,540287,937200,,,,,,
정보통신,정보통신공사업,9964,주식회사 동인플러스에스,,,550094,936900,,,,,,
정보통신,정보통신공사업,9964,나은시스템(주),,,420214,936900,,,,,,
정보통신,정보통신공사업,9966,(주)삼원파워텍,,,330062,936500,,,,,,
정보통신,정보통신공사업,9967,주식회사 비에스씨엔지니어링,,,311971,935800,,,,,,
정보통신,정보통신공사업,9967,(주)보보스,,,311151,935800,,,,,,
정보통신,정보통신공사업,9969,주식회사 삼조,,,180058,935400,,,,,,
정보통신,정보통신공사업,9970,하나넷(주),,,550098,934900,,,,,,
정보통신,정보통신공사업,9971,(주)대금이앤아이,,,112592,934500,,,,,,
정보통신,정보통신공사업,9971,두성건설(주),,,201534,934500,,,,,,
정보통신,정보통신공사업,9973,주식회사 유석전기,,,202559,934200,,,,,,
정보통신,정보통신공사업,9974,에스케이씨앤에스(주),,,620149,934100,,,,,,
정보통신,정보통신공사업,9974,주식회사 극동파워테크,,,203964,934100,,,,,,
정보통신,정보통신공사업,9976,주식회사 이소전력,,,530364,933900,,,,,,
정보통신,정보통신공사업,9976,주식회사 제이엔지니어링,,,430272,933900,,,,,,
정보통신,정보통신공사업,9978,금양통신,,,140486,933600,,,,,,
정보통신,정보통신공사업,9979,주식회사 우리정보전기통신,,,550506,933300,,,,,,
정보통신,정보통신공사업,9980,주식회사 서부전력,,,312023,933200,,,,,,
정보통신,정보통신공사업,9981,주식회사 선우건설,,,610412,932900,,,,,,
정보통신,정보통신공사업,9982,태흥정보통신,,,150395,932200,,,,,,
정보통신,정보통신공사업,9983,하이퍼링크 주식회사,,,350606,931800,,,,,,
정보통신,정보통신공사업,9984,주식회사 동안이엔씨,,,312537,931600,,,,,,
정보통신,정보통신공사업,9985,주식회사 해인이티에프,,,203015,931500,,,,,,
정보통신,정보통신공사업,9986,동광기업(주),,,310347,930800,,,,,,
정보통신,정보통신공사업,9987,메가텔 주식회사,,,550452,930700,,,,,,
정보통신,정보통신공사업,9987,광원전설(주),,,112960,930700,,,,,,
정보통신,정보통신공사업,9989,(주)삼우통상,,,320154,930400,,,,,,
정보통신,정보통신공사업,9990,한울이앤씨(주),,,330225,930300,,,,,,
정보통신,정보통신공사업,9991,주식회사 다보파워코리아,,,200857,930000,,,,,,
정보통신,정보통신공사업,9992,케이와이전자,,,510491,929800,,,,,,
정보통신,정보통신공사업,9993,주식회사 팔공,,,150213,928300,,,,,,
정보통신,정보통신공사업,9994,미송전기(주),,,310497,927600,,,,,,
정보통신,정보통신공사업,9995,세창정보,,,410295,927300,,,,,,
정보통신,정보통신공사업,9996,(주)광전기통신,,,420053,927100,,,,,,
정보통신,정보통신공사업,9997,주식회사 엠케이피이앤씨(MKP E&C),,,540486,926800,,,,,,
정보통신,정보통신공사업,9998,주식회사 지정보통신,,,312239,926100,,,,,,
정보통신,정보통신공사업,9998,(주)성림전설,,,202565,926100,,,,,,
정보통신,정보통신공사업,9998,주식회사 문산이엔지,,,610481,926100,,,,,,
정보통신,정보통신공사업,10001,(주)에디슨전기,,,202519,925700,,,,,,
정보통신,정보통신공사업,10001,세한통신(주),,,113087,925700,,,,,,
정보통신,정보통신공사업,10003,(주)마린하이텍,,,510444,925600,,,,,,
정보통신,정보통신공사업,10004,(주)피앤케이파워시스,,,310666,925400,,,,,,
정보통신,정보통신공사업,10005,(주)한솔이십일,,,310808,925200,,,,,,
정보통신,정보통신공사업,10006,(주)성신전력,,,620097,924700,,,,,,
정보통신,정보통신공사업,10007,주식회사 경기기술공사,,,140349,924600,,,,,,
정보통신,정보통신공사업,10007,(주)금강엔지니어링,,,111657,924600,,,,,,
정보통신,정보통신공사업,10009,만능이앤씨,,,540528,924400,,,,,,
정보통신,정보통신공사업,10010,(주)부일,,,202692,924200,,,,,,
정보통신,정보통신공사업,10011,경림전기(주),,,110840,923800,,,,,,
정보통신,정보통신공사업,10012,주식회사 삼원전기,,,160089,923700,,,,,,
정보통신,정보통신공사업,10013,주식회사 지에이정보,,,640191,923400,,,,,,
정보통신,정보통신공사업,10014,주식회사 청한이티엔,,,202114,923300,,,,,,
정보통신,정보통신공사업,10014,대하테크원 주식회사,,,420308,923300,,,,,,
정보통신,정보통신공사업,10016,주식회사 미르통신,,,202422,922400,,,,,,
정보통신,정보통신공사업,10017,주식회사 기대이앤씨,,,312304,921900,,,,,,
정보통신,정보통신공사업,10018,주식회사 그린비,,,311781,921200,,,,,,
정보통신,정보통신공사업,10019,주식회사 성심,,,550457,920800,,,,,,
정보통신,정보통신공사업,10020,주식회사 삼안,,,630276,920500,,,,,,
정보통신,정보통신공사업,10021,(주)유티에스,,,320343,920100,,,,,,
정보통신,정보통신공사업,10021,(주)보명아이엔씨,,,311522,920100,,,,,,
정보통신,정보통신공사업,10023,도우새 사회적협동조합,,,610453,919900,,,,,,
정보통신,정보통신공사업,10024,주식회사 제이디시스템,,,420290,919300,,,,,,
정보통신,정보통신공사업,10025,주식회사 스마트파워,,,312351,919100,,,,,,
정보통신,정보통신공사업,10026,"인천에이티에스 주식회사(Incheon ATS Co.,Ltd.)",,,320534,918900,,,,,,
정보통신,정보통신공사업,10027,(주)케이에스비,,,410223,918400,,,,,,
정보통신,정보통신공사업,10028,주식회사 다온이엔지,,,630080,918300,,,,,,
정보통신,정보통신공사업,10029,씨에스건설 주식회사,,,330246,918200,,,,,,
정보통신,정보통신공사업,10030,이고르 정보통신,,,530459,917900,,,,,,
정보통신,정보통신공사업,10031,(주)토탈계장,,,311905,917400,,,,,,
정보통신,정보통신공사업,10032,진보전력(주),,,410263,917100,,,,,,
정보통신,정보통신공사업,10032,주식회사 서희전기,,,330157,917100,,,,,,
정보통신,정보통신공사업,10032,주식회사 다온시스,,,530468,917100,,,,,,
정보통신,정보통신공사업,10032,(주)이레정보통신,,,430162,917100,,,,,,
정보통신,정보통신공사업,10036,주식회사 두산엔지니어링,,,430315,916900,,,,,,
정보통신,정보통신공사업,10037,(주)번개이엔지,,,112868,915600,,,,,,
정보통신,정보통신공사업,10038,성원기술개발 주식회사,,,630366,915500,,,,,,
정보통신,정보통신공사업,10038,주식회사 구룡정보통신,,,550473,915500,,,,,,
정보통신,정보통신공사업,10040,(주)만성전기,,,550471,915200,,,,,,
정보통신,정보통신공사업,10040,주식회사 성원이앤씨,,,350287,915200,,,,,,
정보통신,정보통신공사업,10040,주식회사 대호이엔티,,,312630,915200,,,,,,
정보통신,정보통신공사업,10043,(주)삼보엔지니어링,,,112294,915100,,,,,,
정보통신,정보통신공사업,10044,(주)공항엔지니어링,,,112440,914800,,,,,,
정보통신,정보통신공사업,10045,주식회사 케이피전력,,,330337,914100,,,,,,
정보통신,정보통신공사업,10046,(주)지케이이,,,150393,913900,,,,,,
정보통신,정보통신공사업,10047,장원정보기술,,,201570,913500,,,,,,
정보통신,정보통신공사업,10048,(주)미성,,,430197,913300,,,,,,
정보통신,정보통신공사업,10049,(주)신세계토건,,,310614,913100,,,,,,
정보통신,정보통신공사업,10050,주식회사 국전사,,,201051,911500,,,,,,
정보통신,정보통신공사업,10051,주식회사 재경이엔씨,,,202807,911200,,,,,,
정보통신,정보통신공사업,10052,에이치엘비일렉(주),,,310268,911000,,,,,,
정보통신,정보통신공사업,10053,주식회사 제이원정보통신,,,410393,910700,,,,,,
정보통신,정보통신공사업,10054,주식회사 시언,,,420473,910400,,,,,,
정보통신,정보통신공사업,10055,신우전기통신공사,,,113480,909900,,,,,,
정보통신,정보통신공사업,10056,주식회사 더원,,,520177,909600,,,,,,
정보통신,정보통신공사업,10057,(주)다웅네트웍스,,,540117,909200,,,,,,
정보통신,정보통신공사업,10058,하늘정보통신,,,320224,909000,,,,,,
정보통신,정보통신공사업,10059,주식회사 네콤 (Natcom),,,203785,908500,,,,,,
정보통신,정보통신공사업,10060,유비큐테크놀로지(주),,,550013,908000,,,,,,
정보통신,정보통신공사업,10061,주식회사 아이에스피,,,610382,907900,,,,,,
정보통신,정보통신공사업,10062,주식회사 우경전기통신,,,530461,907800,,,,,,
정보통신,정보통신공사업,10063,하스트 주식회사,,,203477,907400,,,,,,
정보통신,정보통신공사업,10064,장수전력,,,630275,906800,,,,,,
정보통신,정보통신공사업,10065,국제전설(주),,,170157,906700,,,,,,
정보통신,정보통신공사업,10066,진성정보통신 주식회사,,,170108,905500,,,,,,
정보통신,정보통신공사업,10067,주식회사 뉴포어텍,,,311125,904900,,,,,,
정보통신,정보통신공사업,10068,(주)현대종합기술,,,201351,904800,,,,,,
정보통신,정보통신공사업,10069,엘에스빌드윈 주식회사,,,202777,904300,,,,,,
정보통신,정보통신공사업,10070,(주)성운티에스피,,,200354,903900,,,,,,
정보통신,정보통신공사업,10071,주식회사 지에스기전,,,540057,903600,,,,,,
정보통신,정보통신공사업,10072,다올산전 주식회사,,,520033,903500,,,,,,
정보통신,정보통신공사업,10073,신동전자(주),,,200453,903200,,,,,,
정보통신,정보통신공사업,10074,(주)세현,,,610390,902400,,,,,,
정보통신,정보통신공사업,10075,주식회사 광성기전,,,203956,902200,,,,,,
정보통신,정보통신공사업,10075,(주)씨엔정보통신,,,311378,902200,,,,,,
정보통신,정보통신공사업,10077,주식회사 동성이앤씨원(ENC1),,,204165,902100,,,,,,
정보통신,정보통신공사업,10077,원흥이엔씨 주식회사,,,111134,902100,,,,,,
정보통신,정보통신공사업,10079,주식회사 정우계전,,,640135,901500,,,,,,
정보통신,정보통신공사업,10079,청목이앤아이 주식회사,,,202935,901500,,,,,,
정보통신,정보통신공사업,10081,주식회사 이티텍,,,510785,901300,,,,,,
정보통신,정보통신공사업,10082,주식회사 스마트캅스,,,410341,901100,,,,,,
정보통신,정보통신공사업,10082,주식회사 신화전설,,,540423,901100,,,,,,
정보통신,정보통신공사업,10084,주식회사 라인건설,,,140438,900900,,,,,,
정보통신,정보통신공사업,10085,탑종합건설 주식회사,,,330115,900200,,,,,,
정보통신,정보통신공사업,10085,성협정보통신,,,510685,900200,,,,,,
정보통신,정보통신공사업,10087,대보전력(주),,,550205,899500,,,,,,
정보통신,정보통신공사업,10088,우성기업(주),,,310126,899300,,,,,,
정보통신,정보통신공사업,10089,샘기술 주식회사,,,630356,898600,,,,,,
정보통신,정보통신공사업,10089,주식회사 서광전기통신,,,200624,898600,,,,,,
정보통신,정보통신공사업,10091,주식회사 네오릭스,,,410394,898500,,,,,,
정보통신,정보통신공사업,10092,주식회사 제이에이테크,,,140313,898300,,,,,,
정보통신,정보통신공사업,10093,주식회사 성민전기통신소방,,,550440,897800,,,,,,
정보통신,정보통신공사업,10094,주식회사 극동이에프씨,,,203740,897500,,,,,,
정보통신,정보통신공사업,10095,주식회사 디아이씨티,,,204020,897300,,,,,,
정보통신,정보통신공사업,10096,(주)엠제이,,,630288,897000,,,,,,
정보통신,정보통신공사업,10097,유나전력 주식회사,,,640056,896900,,,,,,
정보통신,정보통신공사업,10098,동건산업전설 주식회사,,,520182,896800,,,,,,
정보통신,정보통신공사업,10099,(주)대창전력,,,200939,896400,,,,,,
정보통신,정보통신공사업,10100,주식회사 건원이에프티,,,111715,895800,,,,,,
정보통신,정보통신공사업,10101,(주)명성전력,,,150046,894400,,,,,,
정보통신,정보통신공사업,10102,(주)다원이엔씨,,,620151,893800,,,,,,
정보통신,정보통신공사업,10103,엔시스 유한회사,,,630410,893500,,,,,,
정보통신,정보통신공사업,10104,한양전기(주),,,112795,893000,,,,,,
정보통신,정보통신공사업,10105,주식회사 건우엔지니어링,,,150536,892000,,,,,,
정보통신,정보통신공사업,10105,주식회사 미래이엔지,,,610429,892000,,,,,,
정보통신,정보통신공사업,10107,주식회사 두배라,,,110716,891800,,,,,,
정보통신,정보통신공사업,10107,주식회사 에프아이시스템,,,312297,891800,,,,,,
정보통신,정보통신공사업,10109,주식회사 예본아이디,,,203579,891700,,,,,,
정보통신,정보통신공사업,10110,주식회사 토탈솔루션,,,350411,891400,,,,,,
정보통신,정보통신공사업,10111,주현전기(주),,,111782,891000,,,,,,
정보통신,정보통신공사업,10111,주식회사 가온누리,,,630344,891000,,,,,,
정보통신,정보통신공사업,10113,주식회사 에스엠아이,,,350538,890200,,,,,,
정보통신,정보통신공사업,10114,주식회사 티제이비전,,,204114,889600,,,,,,
정보통신,정보통신공사업,10115,(주)단성,,,310471,888900,,,,,,
정보통신,정보통신공사업,10116,(주)빌리언이십일,,,311876,887900,,,,,,
정보통신,정보통신공사업,10117,주식회사 와이앤디정보기술,,,540222,887700,,,,,,
정보통신,정보통신공사업,10118,엘케이전력(주),,,310859,887600,,,,,,
정보통신,정보통신공사업,10119,진안전설 주식회사,,,170193,887500,,,,,,
정보통신,정보통신공사업,10120,세종신호에너지 주식회사,,,410124,887100,,,,,,
정보통신,정보통신공사업,10121,(주)윤엔지니어링,,,640081,886200,,,,,,
정보통신,정보통신공사업,10122,(주)삼진씨앤씨,,,530214,886100,,,,,,
정보통신,정보통신공사업,10123,유석산업(주),,,201189,885800,,,,,,
정보통신,정보통신공사업,10124,주식회사 주은정보통신,,,350466,885700,,,,,,
정보통신,정보통신공사업,10125,서해무선,,,410286,885500,,,,,,
정보통신,정보통신공사업,10126,에스케이비인포,,,320452,885100,,,,,,
정보통신,정보통신공사업,10127,신천전설(주),,,530408,885000,,,,,,
정보통신,정보통신공사업,10128,일양정보통신,,,130146,884600,,,,,,
정보통신,정보통신공사업,10129,(주)벽진엔지니어링,,,510575,884100,,,,,,
정보통신,정보통신공사업,10129,한울정보통신,,,310583,884100,,,,,,
정보통신,정보통신공사업,10131,(주)명문전기,,,430114,883400,,,,,,
정보통신,정보통신공사업,10131,주식회사 초이스일렉콤,,,130197,883400,,,,,,
정보통신,정보통신공사업,10133,주식회사 우성통신,,,150158,882900,,,,,,
정보통신,정보통신공사업,10134,천둥이앤지 주식회사,,,410189,882700,,,,,,
정보통신,정보통신공사업,10134,주식회사 경기종합기술,,,130448,882700,,,,,,
정보통신,정보통신공사업,10136,(주)코리아통신,,,311205,882400,,,,,,
정보통신,정보통신공사업,10137,주식회사 우리정보통신,,,620428,881400,,,,,,
정보통신,정보통신공사업,10137,홍성데이타통신,,,130506,881400,,,,,,
정보통신,정보통신공사업,10139,디지털코리아,,,160126,881100,,,,,,
정보통신,정보통신공사업,10140,대성아이앤씨 주식회사,,,430327,881000,,,,,,
정보통신,정보통신공사업,10141,주식회사 선우정보통신,,,202889,879900,,,,,,
정보통신,정보통신공사업,10142,주식회사 번성이앤씨,,,420251,879800,,,,,,
정보통신,정보통신공사업,10143,동남산전(주),,,510439,879500,,,,,,
정보통신,정보통신공사업,10144,주식회사 길호,,,160024,879300,,,,,,
정보통신,정보통신공사업,10145,주식회사 해누리이엔지,,,630337,878700,,,,,,
정보통신,정보통신공사업,10146,새봄이엔지건축사사무소 주식회사,,,204149,878000,,,,,,
정보통신,정보통신공사업,10147,동일전업사,,,111144,877600,,,,,,
정보통신,정보통신공사업,10148,나사(주),,,140078,877300,,,,,,
정보통신,정보통신공사업,10149,(주)금성전력기술,,,202254,876800,,,,,,
정보통신,정보통신공사업,10150,주식회사 불꽃,,,204139,876500,,,,,,
정보통신,정보통신공사업,10151,"현대씨앤이 주식회사 (HYUNDAI C&E Co.,Ltd)",,,330229,875500,,,,,,
정보통신,정보통신공사업,10152,유한회사 태호,,,610421,875200,,,,,,
정보통신,정보통신공사업,10153,(주)인정보기술,,,440022,875100,,,,,,
정보통신,정보통신공사업,10154,엔컴정보통신,,,540459,874900,,,,,,
정보통신,정보통신공사업,10155,그린정보통신,,,180079,874800,,,,,,
정보통신,정보통신공사업,10156,세중전력 주식회사,,,420477,874400,,,,,,
정보통신,정보통신공사업,10156,주식회사 더한아이엔씨,,,610267,874400,,,,,,
정보통신,정보통신공사업,10158,에스에이치네트웍 주식회사,,,204343,874300,,,,,,
정보통신,정보통신공사업,10158,주식회사 광명토탈엔지니어링,,,510804,874300,,,,,,
정보통신,정보통신공사업,10160,신구건설 주식회사,,,312312,874100,,,,,,
정보통신,정보통신공사업,10161,주식회사 무한정보기술,,,203188,874000,,,,,,
정보통신,정보통신공사업,10162,해동건설 주식회사,,,610354,873900,,,,,,
정보통신,정보통신공사업,10163,중앙이앤씨 주식회사,,,204248,873800,,,,,,
정보통신,정보통신공사업,10163,위즐리앤컴퍼니(주),,,311056,873800,,,,,,
정보통신,정보통신공사업,10165,대일정보통신,,,160128,873700,,,,,,
정보통신,정보통신공사업,10165,주식회사 다옴건설,,,350100,873700,,,,,,
정보통신,정보통신공사업,10167,(합자)두창이앤에스,,,540059,873600,,,,,,
정보통신,정보통신공사업,10168,대경전기(주),,,540036,872900,,,,,,
정보통신,정보통신공사업,10168,주식회사 인성전력,,,640171,872900,,,,,,
정보통신,정보통신공사업,10170,주식회사 정호,,,311871,872600,,,,,,
정보통신,정보통신공사업,10171,(주)성창이앤지,,,520139,871700,,,,,,
정보통신,정보통신공사업,10172,(주)우창이엔지,,,610392,871400,,,,,,
정보통신,정보통신공사업,10173,주식회사 경도기술단,,,530347,870900,,,,,,
정보통신,정보통신공사업,10174,태성이엔지,,,550434,870700,,,,,,
정보통신,정보통신공사업,10175,주식회사 영광기전,,,550517,870600,,,,,,
정보통신,정보통신공사업,10176,에스더블유이앤씨(주),,,530400,869800,,,,,,
정보통신,정보통신공사업,10177,동건이앤씨 주식회사,,,203986,869400,,,,,,
정보통신,정보통신공사업,10178,주식회사 시드렙,,,310961,868900,,,,,,
정보통신,정보통신공사업,10179,유한회사 현대전기,,,330217,868600,,,,,,
정보통신,정보통신공사업,10180,주식회사 동우이에프씨,,,200822,868000,,,,,,
정보통신,정보통신공사업,10181,(주)비즈콤,,,510248,867600,,,,,,
정보통신,정보통신공사업,10181,한성전력(주),,,330100,867600,,,,,,
정보통신,정보통신공사업,10183,동아전업사,,,170122,867200,,,,,,
정보통신,정보통신공사업,10184,서융시스템,,,510677,866700,,,,,,
정보통신,정보통신공사업,10184,주식회사 바른정보통신,,,312618,866700,,,,,,
정보통신,정보통신공사업,10186,주식회사 비전네트,,,540557,866200,,,,,,
정보통신,정보통신공사업,10186,선우계전,,,320485,866200,,,,,,
정보통신,정보통신공사업,10188,삼남전기 주식회사,,,310628,865900,,,,,,
정보통신,정보통신공사업,10189,"주식회사 에이치에스씨엠티(HS CMT Co.,LTD)",,,310472,865700,,,,,,
정보통신,정보통신공사업,10190,(주)도일전력,,,620312,865600,,,,,,
정보통신,정보통신공사업,10191,이룸정보통신 유한회사,,,630301,865200,,,,,,
정보통신,정보통신공사업,10192,(주)고성전력,,,130179,864900,,,,,,
정보통신,정보통신공사업,10193,(주)경일,,,620311,864400,,,,,,
정보통신,정보통신공사업,10194,"주식회사 제라클이앤지(JERACLE ENG Co.,Ltd.)",,,640178,864200,,,,,,
정보통신,정보통신공사업,10195,퀀텀테크 주식회사,,,410416,864000,,,,,,
정보통신,정보통신공사업,10196,동해이앤씨 주식회사,,,430073,863000,,,,,,
정보통신,정보통신공사업,10197,주식회사 이오텍,,,420500,862800,,,,,,
정보통신,정보통신공사업,10198,주식회사 코디스,,,440081,862000,,,,,,
정보통신,정보통신공사업,10198,주식회사 아이윌,,,550543,862000,,,,,,
정보통신,정보통신공사업,10200,주식회사 비앤비네트웍스,,,204172,861900,,,,,,
정보통신,정보통신공사업,10201,"주식회사 아라랏(Ararat Co.,Ltd)",,,112324,861600,,,,,,
정보통신,정보통신공사업,10202,주식회사 드림엔지니어링,,,203757,861500,,,,,,
정보통신,정보통신공사업,10203,우일건설주식회사,,,430163,861200,,,,,,
정보통신,정보통신공사업,10203,주식회사 라인,,,630363,861200,,,,,,
정보통신,정보통신공사업,10205,씨에스테크,,,540289,860800,,,,,,
정보통신,정보통신공사업,10205,(주)현대전력,,,630091,860800,,,,,,
정보통신,정보통신공사업,10207,라인월드정보,,,113419,860700,,,,,,
정보통신,정보통신공사업,10207,중양산업건설 주식회사,,,320476,860700,,,,,,
정보통신,정보통신공사업,10209,세광통신 주식회사,,,540469,860100,,,,,,
정보통신,정보통신공사업,10210,탑스이앤씨 주식회사,,,311684,860000,,,,,,
정보통신,정보통신공사업,10210,동신전기사(주),,,320174,860000,,,,,,
정보통신,정보통신공사업,10212,주식회사 산남전력,,,640142,859800,,,,,,
정보통신,정보통신공사업,10213,엘제이시스템 주식회사,,,312376,859600,,,,,,
정보통신,정보통신공사업,10214,주식회사 문화전력,,,200018,859200,,,,,,
정보통신,정보통신공사업,10215,(주)제일전기,,,310793,858600,,,,,,
정보통신,정보통신공사업,10216,주식회사 에스피엠,,,350377,858500,,,,,,
정보통신,정보통신공사업,10217,세일,,,201832,858400,,,,,,
정보통신,정보통신공사업,10218,예광전설(주),,,430154,857500,,,,,,
정보통신,정보통신공사업,10219,주식회사 케이엠테크,,,312491,857300,,,,,,
정보통신,정보통신공사업,10220,주식회사 와이제이솔루션,,,550403,857100,,,,,,
정보통신,정보통신공사업,10221,남원통신공사,,,160148,856900,,,,,,
정보통신,정보통신공사업,10221,유한회사 승현,,,630385,856900,,,,,,
정보통신,정보통신공사업,10223,주식회사 제일전기,,,530284,856600,,,,,,
정보통신,정보통신공사업,10223,(주)신우전기엔지니어링,,,350091,856600,,,,,,
정보통신,정보통신공사업,10223,주식회사 리우,,,630201,856600,,,,,,
정보통신,정보통신공사업,10226,주식회사 세심산업개발,,,430321,855300,,,,,,
정보통신,정보통신공사업,10227,주식회사 유피에스,,,330325,855200,,,,,,
정보통신,정보통신공사업,10228,(주)우진통신,,,111160,854900,,,,,,
정보통신,정보통신공사업,10229,(주)부경전기통신,,,550431,854700,,,,,,
정보통신,정보통신공사업,10230,(주)남도전력,,,610427,854500,,,,,,
정보통신,정보통신공사업,10231,세빈테크 주식회사,,,110895,854300,,,,,,
정보통신,정보통신공사업,10231,제이에스시스템 주식회사,,,311223,854300,,,,,,
정보통신,정보통신공사업,10233,주식회사 테크온,,,610467,854100,,,,,,
정보통신,정보통신공사업,10234,주식회사 링크넷코리아,,,204271,853900,,,,,,
정보통신,정보통신공사업,10235,주식회사 에스알에너지(SR ENERGY),,,410305,853700,,,,,,
정보통신,정보통신공사업,10236,(주)자딘,,,312184,853600,,,,,,
정보통신,정보통신공사업,10237,유아이티  정보통신,,,112478,853300,,,,,,
정보통신,정보통신공사업,10237,(주)녹십자이엠,,,311323,853300,,,,,,
정보통신,정보통신공사업,10239,주식회사 동신,,,610398,853200,,,,,,
정보통신,정보통신공사업,10240,주식회사 마스터원,,,530212,853100,,,,,,
정보통신,정보통신공사업,10241,(주)대상기업,,,202561,853000,,,,,,
정보통신,정보통신공사업,10242,주식회사 현대미디어,,,620171,852800,,,,,,
정보통신,정보통신공사업,10243,두원이엔지 주식회사,,,550480,852500,,,,,,
정보통신,정보통신공사업,10244,주식회사 호암전력,,,540412,851900,,,,,,
정보통신,정보통신공사업,10244,주식회사 현대텍,,,620399,851900,,,,,,
정보통신,정보통신공사업,10246,주식회사 쓰리디아이,,,420429,851600,,,,,,
정보통신,정보통신공사업,10247,엔케이전기(주),,,201996,851300,,,,,,
정보통신,정보통신공사업,10248,승리통신공사,,,150156,849600,,,,,,
정보통신,정보통신공사업,10249,일신이앤씨(주),,,410034,849300,,,,,,
정보통신,정보통신공사업,10249,주식회사 비케이앤오름,,,410426,849300,,,,,,
정보통신,정보통신공사업,10251,진흥전기통신(주),,,111157,849200,,,,,,
정보통신,정보통신공사업,10252,비에스원 주식회사,,,540475,848800,,,,,,
정보통신,정보통신공사업,10253,주식회사 일류파워텍,,,540478,848700,,,,,,
정보통신,정보통신공사업,10254,삼영쎌레트라 주식회사,,,320398,848600,,,,,,
정보통신,정보통신공사업,10255,(주)비트엘앤디,,,120572,848500,,,,,,
정보통신,정보통신공사업,10256,(주)뉴이앤택,,,312155,847900,,,,,,
정보통신,정보통신공사업,10256,주식회사 일엔티,,,311777,847900,,,,,,
정보통신,정보통신공사업,10258,삼아산업(주),,,320178,847000,,,,,,
정보통신,정보통신공사업,10259,주식회사 이나인파워텍,,,320132,846900,,,,,,
정보통신,정보통신공사업,10260,(주)신성건설,,,160103,846800,,,,,,
정보통신,정보통신공사업,10260,다함기술산업(주),,,620434,846800,,,,,,
정보통신,정보통신공사업,10262,주식회사 디에이건설,,,320404,846500,,,,,,
정보통신,정보통신공사업,10263,창조전기(주),,,510421,846400,,,,,,
정보통신,정보통신공사업,10264,주식회사 와이이에스,,,550376,846100,,,,,,
정보통신,정보통신공사업,10264,주식회사 와이앤에이치,,,540353,846100,,,,,,
정보통신,정보통신공사업,10264,한일테크(주),,,311447,846100,,,,,,
정보통신,정보통신공사업,10267,(주)도원,,,160239,845700,,,,,,
정보통신,정보통신공사업,10267,지승건설(주),,,310783,845700,,,,,,
정보통신,정보통신공사업,10269,주식회사 건호엔지니어링,,,203753,845600,,,,,,
정보통신,정보통신공사업,10270,주식회사 삼진전력,,,540467,845300,,,,,,
정보통신,정보통신공사업,10271,(주)창연정보,,,620136,844700,,,,,,
정보통신,정보통신공사업,10272,(주)대림엔지니어링,,,330126,844600,,,,,,
정보통신,정보통신공사업,10273,주식회사 유엔이,,,530357,843800,,,,,,
정보통신,정보통신공사업,10274,주식회사 세온아이씨티,,,610478,843600,,,,,,
정보통신,정보통신공사업,10275,한산시피에스(주),,,201025,843500,,,,,,
정보통신,정보통신공사업,10276,주식회사 신한전기통신,,,410386,843400,,,,,,
정보통신,정보통신공사업,10277,주식회사 월산이앤씨,,,410196,843300,,,,,,
정보통신,정보통신공사업,10278,(주)동아일렉콤,,,110586,842700,,,,,,
정보통신,정보통신공사업,10279,주식회사 더아이앤씨,,,120553,842400,,,,,,
정보통신,정보통신공사업,10279,주식회사 원천정보통신,,,112777,842400,,,,,,
정보통신,정보통신공사업,10281,주식회사 가람전기,,,113238,842300,,,,,,
정보통신,정보통신공사업,10282,플러스전기(주),,,320239,842100,,,,,,
정보통신,정보통신공사업,10283,유한회사 태진전력,,,130116,841900,,,,,,
정보통신,정보통신공사업,10284,(주)우현씨엔에스,,,311278,841700,,,,,,
정보통신,정보통신공사업,10285,주식회사 21세기정보기술,,,203089,841300,,,,,,
정보통신,정보통신공사업,10285,모던테크,,,420483,841300,,,,,,
정보통신,정보통신공사업,10287,주식회사 휴텍이앤이,,,200593,841200,,,,,,
정보통신,정보통신공사업,10288,주식회사 소프텍,,,640183,840900,,,,,,
정보통신,정보통신공사업,10289,주식회사 일조이에스,,,112643,840700,,,,,,
정보통신,정보통신공사업,10290,오스타건설 주식회사,,,330309,840600,,,,,,
정보통신,정보통신공사업,10291,주식회사 현대기전,,,330211,840500,,,,,,
정보통신,정보통신공사업,10292,주식회사 민성,,,330271,840300,,,,,,
정보통신,정보통신공사업,10293,주식회사 태림전력,,,640163,840000,,,,,,
정보통신,정보통신공사업,10294,(주)제이와이네트웍,,,640035,839900,,,,,,
정보통신,정보통신공사업,10295,주식회사 이원전기,,,330256,839800,,,,,,
정보통신,정보통신공사업,10296,(유)맥스,,,630113,839700,,,,,,
정보통신,정보통신공사업,10297,씨앤지하이테크(주),,,310951,838900,,,,,,
정보통신,정보통신공사업,10298,(주)현화아이티에스,,,310459,838800,,,,,,
정보통신,정보통신공사업,10299,(주)준석신호,,,530251,838200,,,,,,
정보통신,정보통신공사업,10300,이성씨엔아이(주),,,510576,838100,,,,,,
정보통신,정보통신공사업,10301,주식회사 천광이엔지,,,610132,838000,,,,,,
정보통신,정보통신공사업,10301,주식회사 서원엠이씨,,,203910,838000,,,,,,
정보통신,정보통신공사업,10303,주식회사 제이에스네트웍스,,,320549,837900,,,,,,
정보통신,정보통신공사업,10304,수정정보통신,,,540381,837800,,,,,,
정보통신,정보통신공사업,10305,주식회사 팜쟁이,,,610463,837500,,,,,,
정보통신,정보통신공사업,10306,주식회사 한결,,,330335,837200,,,,,,
정보통신,정보통신공사업,10307,신아이엔씨 주식회사,,,640162,836600,,,,,,
정보통신,정보통신공사업,10308,(주)동명이엔지,,,110470,836500,,,,,,
정보통신,정보통신공사업,10308,유니퀘스트(주),,,311666,836500,,,,,,
정보통신,정보통신공사업,10310,제이에스티(JST),,,510484,836400,,,,,,
정보통신,정보통신공사업,10311,성림종합건설(주),,,510301,836200,,,,,,
정보통신,정보통신공사업,10312,(유)신아통신건설,,,630124,835700,,,,,,
정보통신,정보통신공사업,10313,주식회사 우리이엔지,,,410225,835400,,,,,,
정보통신,정보통신공사업,10314,대연네트워크 주식회사,,,350427,835000,,,,,,
정보통신,정보통신공사업,10314,주식회사 백두산업개발,,,620427,835000,,,,,,
정보통신,정보통신공사업,10316,주식회사 사조기술단,,,330358,834800,,,,,,
정보통신,정보통신공사업,10316,케이아이씨,,,510412,834800,,,,,,
정보통신,정보통신공사업,10318,(주)아석전기,,,530254,833800,,,,,,
정보통신,정보통신공사업,10318,대우산업통신,,,180055,833800,,,,,,
정보통신,정보통신공사업,10320,아몽일렉트로 주식회사,,,510718,833700,,,,,,
정보통신,정보통신공사업,10321,동양정보기술(주),,,640025,833600,,,,,,
정보통신,정보통신공사업,10322,(주)에어텍시스템,,,111060,833400,,,,,,
정보통신,정보통신공사업,10323,주식회사 만성전기공사,,,550345,832100,,,,,,
정보통신,정보통신공사업,10324,주식회사 고산,,,640087,830900,,,,,,
정보통신,정보통신공사업,10325,주식회사 넥스,,,203987,830400,,,,,,
정보통신,정보통신공사업,10325,주식회사 컴테크,,,312730,830400,,,,,,
정보통신,정보통신공사업,10327,주식회사 앤트윈,,,610302,829700,,,,,,
정보통신,정보통신공사업,10328,케이에스티앤티,,,530484,829400,,,,,,
정보통신,정보통신공사업,10329,(주)게이트시스템,,,150563,828800,,,,,,
정보통신,정보통신공사업,10330,주식회사 신라전력,,,112388,828500,,,,,,
정보통신,정보통신공사업,10330,주식회사 태양전기조명이엔지,,,420528,828500,,,,,,
정보통신,정보통신공사업,10332,(주)제이앤비이노베이션,,,200049,828100,,,,,,
정보통신,정보통신공사업,10332,삼영정보통신(주),,,180035,828100,,,,,,
정보통신,정보통신공사업,10334,(주)와이엔오비,,,200859,827900,,,,,,
정보통신,정보통신공사업,10335,(합)자유전력,,,550174,827600,,,,,,
정보통신,정보통신공사업,10336,(주)거성개발,,,510423,827400,,,,,,
정보통신,정보통신공사업,10336,(주)프리다임,,,312164,827400,,,,,,
정보통신,정보통신공사업,10338,주식회사 이로,,,150318,827000,,,,,,
정보통신,정보통신공사업,10339,주식회사 서해전력,,,410284,826800,,,,,,
정보통신,정보통신공사업,10340,(주)디엠티,,,510630,826300,,,,,,
정보통신,정보통신공사업,10341,(주)라온,,,430224,826000,,,,,,
정보통신,정보통신공사업,10342,(주)에스제이에스일렉트릭,,,530273,825700,,,,,,
정보통신,정보통신공사업,10343,(주)미르에스디아이,,,201032,825300,,,,,,
정보통신,정보통신공사업,10344,에녹 주식회사,,,610283,824300,,,,,,
정보통신,정보통신공사업,10345,주식회사 다온인포,,,620420,824000,,,,,,
정보통신,정보통신공사업,10346,주식회사 동성전기,,,540043,823500,,,,,,
정보통신,정보통신공사업,10346,명성전기,,,510445,823500,,,,,,
정보통신,정보통신공사업,10348,주식회사 중부정보통신,,,150128,823400,,,,,,
정보통신,정보통신공사업,10349,현대전기주식회사,,,312631,823000,,,,,,
정보통신,정보통신공사업,10350,유한회사 지에이시스템,,,630371,822800,,,,,,
정보통신,정보통신공사업,10351,주식회사 한성정보통신,,,410338,822300,,,,,,
정보통신,정보통신공사업,10352,주식회사 바른기술단,,,312647,821400,,,,,,
정보통신,정보통신공사업,10352,시현이앤씨 주식회사,,,312573,821400,,,,,,
정보통신,정보통신공사업,10354,주식회사 신화전기,,,530407,821000,,,,,,
정보통신,정보통신공사업,10355,주식회사 이레에프에이,,,312448,820700,,,,,,
정보통신,정보통신공사업,10356,바투 주식회사,,,200244,820400,,,,,,
정보통신,정보통신공사업,10357,(주)동광전기,,,530061,820000,,,,,,
정보통신,정보통신공사업,10357,주식회사 강북전설,,,150285,820000,,,,,,
정보통신,정보통신공사업,10359,주식회사 파인네트웍스,,,203529,819900,,,,,,
정보통신,정보통신공사업,10360,보람전설(주),,,430169,819700,,,,,,
정보통신,정보통신공사업,10361,군산IT,,,630392,819400,,,,,,
정보통신,정보통신공사업,10362,주식회사 일신전기통신,,,540511,819300,,,,,,
정보통신,정보통신공사업,10363,주식회사 광동전력,,,640070,819200,,,,,,
정보통신,정보통신공사업,10364,금평전설(주),,,430066,818300,,,,,,
정보통신,정보통신공사업,10365,(주)트라콘스,,,350090,818200,,,,,,
정보통신,정보통신공사업,10366,철원전기 주식회사,,,330338,817900,,,,,,
정보통신,정보통신공사업,10367,중원기전(주),,,202643,817300,,,,,,
정보통신,정보통신공사업,10368,(주)한광,,,610029,816700,,,,,,
정보통신,정보통신공사업,10369,디오아이오티(DoIoT),,,312609,816600,,,,,,
정보통신,정보통신공사업,10370,주식회사 이담테크,,,130216,816500,,,,,,
정보통신,정보통신공사업,10371,삼보OA시스템,,,630342,816400,,,,,,
정보통신,정보통신공사업,10372,승영전기통신,,,320547,816300,,,,,,
정보통신,정보통신공사업,10372,(주)다인전설,,,320122,816300,,,,,,
정보통신,정보통신공사업,10374,주식회사 청우기술단,,,610381,816200,,,,,,
정보통신,정보통신공사업,10375,주식회사 더시스,,,203566,816000,,,,,,
정보통신,정보통신공사업,10376,(주)탑티엔씨,,,410330,815900,,,,,,
정보통신,정보통신공사업,10377,(주)동주이엔씨,,,120463,815500,,,,,,
정보통신,정보통신공사업,10378,주식회사 피앤아이티,,,310500,814900,,,,,,
정보통신,정보통신공사업,10378,주식회사 정안이엔지,,,204081,814900,,,,,,
정보통신,정보통신공사업,10380,(주)금강전력,,,202111,814600,,,,,,
정보통신,정보통신공사업,10380,세진전기통신 주식회사,,,550361,814600,,,,,,
정보통신,정보통신공사업,10382,주식회사 유림아이티,,,120051,814500,,,,,,
정보통신,정보통신공사업,10383,(주)진도전력,,,610114,814300,,,,,,
정보통신,정보통신공사업,10384,주식회사 유포러스,,,203810,813700,,,,,,
정보통신,정보통신공사업,10385,주식회사 이수정보,,,312169,812400,,,,,,
정보통신,정보통신공사업,10386,주식회사 세화넥스텍,,,420403,811400,,,,,,
정보통신,정보통신공사업,10387,주식회사 유일전력,,,330368,811200,,,,,,
정보통신,정보통신공사업,10388,주식회사 호신,,,330350,811100,,,,,,
정보통신,정보통신공사업,10388,솔텍정보통신,,,540562,811100,,,,,,
정보통신,정보통신공사업,10388,(주)에프알에쓰,,,320266,811100,,,,,,
정보통신,정보통신공사업,10391,(주)리얼시큐,,,510240,811000,,,,,,
정보통신,정보통신공사업,10392,제이아이건설 주식회사,,,620361,810800,,,,,,
정보통신,정보통신공사업,10392,주식회사 인강,,,112242,810800,,,,,,
정보통신,정보통신공사업,10394,주식회사 세이브에너지,,,630157,809800,,,,,,
정보통신,정보통신공사업,10394,주식회사 온천신호,,,410296,809800,,,,,,
정보통신,정보통신공사업,10396,(자)서전사,,,620132,809100,,,,,,
정보통신,정보통신공사업,10397,흥원통신,,,640130,808700,,,,,,
정보통신,정보통신공사업,10398,동우에스지이(주),,,310809,808400,,,,,,
정보통신,정보통신공사업,10398,주식회사 태환,,,200361,808400,,,,,,
정보통신,정보통신공사업,10400,"주식회사 링크아이엔씨(Link I&C Co., Ltd.)",,,550507,807500,,,,,,
정보통신,정보통신공사업,10401,주식회사 금성정보통신,,,350332,807400,,,,,,
정보통신,정보통신공사업,10401,청명엔지니어링,,,111199,807400,,,,,,
정보통신,정보통신공사업,10403,신양전업(주),,,130411,807300,,,,,,
정보통신,정보통신공사업,10404,영일전설(주),,,140280,807000,,,,,,
정보통신,정보통신공사업,10405,주식회사 태양기술개발,,,203623,806900,,,,,,
정보통신,정보통신공사업,10406,주식회사 태산트래픽,,,350456,806400,,,,,,
정보통신,정보통신공사업,10406,주식회사 포앤텍,,,510703,806400,,,,,,
정보통신,정보통신공사업,10408,아프로정보통신 주식회사,,,640001,806300,,,,,,
정보통신,정보통신공사업,10409,(주)경창전력,,,150463,805500,,,,,,
정보통신,정보통신공사업,10410,(주)탑스,,,140417,804900,,,,,,
정보통신,정보통신공사업,10411,삼보정보통신 주식회사,,,630174,804800,,,,,,
정보통신,정보통신공사업,10411,금호석유화학(주),,,201866,804800,,,,,,
정보통신,정보통신공사업,10413,(주)광명전기,,,310006,804400,,,,,,
정보통신,정보통신공사업,10414,(주)삼아산업개발,,,140196,803800,,,,,,
정보통신,정보통신공사업,10415,진일전기 주식회사,,,202374,803300,,,,,,
정보통신,정보통신공사업,10415,한성전력 주식회사,,,520187,803300,,,,,,
정보통신,정보통신공사업,10417,하이테크텔(주),,,111726,802300,,,,,,
정보통신,정보통신공사업,10417,(주)대동전기,,,140476,802300,,,,,,
정보통신,정보통신공사업,10419,주식회사 리스크제로,,,520174,801800,,,,,,
정보통신,정보통신공사업,10419,주식회사 더킴,,,530376,801800,,,,,,
정보통신,정보통신공사업,10421,주식회사 대전전기기술,,,520116,801500,,,,,,
정보통신,정보통신공사업,10422,주식회사 대한전업사,,,202348,801400,,,,,,
정보통신,정보통신공사업,10423,피엘 주식회사,,,112095,800400,,,,,,
정보통신,정보통신공사업,10423,주식회사 케이에스메이트,,,203807,800400,,,,,,
정보통신,정보통신공사업,10425,주식회사 삼인,,,610480,800100,,,,,,
정보통신,정보통신공사업,10426,삼오전기(주),,,630122,799500,,,,,,
정보통신,정보통신공사업,10427,주식회사 라인엔지니어링,,,140293,799300,,,,,,
정보통신,정보통신공사업,10428,주식회사 정원이알텍,,,610095,799100,,,,,,
정보통신,정보통신공사업,10429,주식회사 정선전력,,,550316,798200,,,,,,
정보통신,정보통신공사업,10430,주식회사 오성전기,,,312370,797700,,,,,,
정보통신,정보통신공사업,10431,(주)화일이엔에프,,,202253,796800,,,,,,
정보통신,정보통신공사업,10432,주식회사 태화기전,,,320395,796700,,,,,,
정보통신,정보통신공사업,10432,(주)이일엔지니어링,,,202237,796700,,,,,,
정보통신,정보통신공사업,10434,주식회사 제이정보통신,,,520146,796600,,,,,,
정보통신,정보통신공사업,10435,(주)샤인에너지,,,320241,796400,,,,,,
정보통신,정보통신공사업,10436,주식회사 대경이엔씨,,,610047,796000,,,,,,
정보통신,정보통신공사업,10437,대광건설 주식회사,,,150102,795800,,,,,,
정보통신,정보통신공사업,10438,한국전기교통(주),,,110994,795700,,,,,,
정보통신,정보통신공사업,10439,주식회사 투케이엠,,,204336,795400,,,,,,
정보통신,정보통신공사업,10439,주식회사 넥서스이앤씨,,,312757,795400,,,,,,
정보통신,정보통신공사업,10441,(주)보명전설,,,410045,794800,,,,,,
정보통신,정보통신공사업,10442,주식회사 해성전기,,,140208,794700,,,,,,
정보통신,정보통신공사업,10443,주식회사 한벌전설,,,150087,794600,,,,,,
정보통신,정보통신공사업,10443,주식회사 타리정보통신,,,620331,794600,,,,,,
정보통신,정보통신공사업,10445,세하정보시스템 주식회사,,,350604,794000,,,,,,
정보통신,정보통신공사업,10446,"씨제이에이치 주식회사(CJH Co.,Ltd)",,,630263,793800,,,,,,
정보통신,정보통신공사업,10446,주식회사 제이앤와이지,,,204214,793800,,,,,,
정보통신,정보통신공사업,10448,(주)한국안전기술단,,,311063,793700,,,,,,
정보통신,정보통신공사업,10449,주식회사 에스디파워,,,620101,792800,,,,,,
정보통신,정보통신공사업,10449,주식회사 에이치글로벌,,,312699,792800,,,,,,
정보통신,정보통신공사업,10451,주식회사 도하에스앤디,,,630378,792100,,,,,,
정보통신,정보통신공사업,10452,주식회사 케이링크,,,330330,791800,,,,,,
정보통신,정보통신공사업,10453,주식회사 서진전력,,,420076,791700,,,,,,
정보통신,정보통신공사업,10454,세원건설(주),,,540012,791600,,,,,,
정보통신,정보통신공사업,10455,주식회사 유화테크,,,530320,791000,,,,,,
정보통신,정보통신공사업,10456,주식회사 비전아이씨티,,,330299,789700,,,,,,
정보통신,정보통신공사업,10456,주식회사 와이정보통신,,,550505,789700,,,,,,
정보통신,정보통신공사업,10458,주식회사 대연이에프씨,,,610199,789300,,,,,,
정보통신,정보통신공사업,10459,주식회사 아쿠론(ACURON),,,204330,789200,,,,,,
정보통신,정보통신공사업,10460,주식회사 라온텍,,,203117,789100,,,,,,
정보통신,정보통신공사업,10461,"주식회사 에스엔케이아이티(Snk-It, Corp)",,,540512,788800,,,,,,
정보통신,정보통신공사업,10462,(주)금강전기,,,310936,788700,,,,,,
정보통신,정보통신공사업,10462,(주)광전사,,,130372,788700,,,,,,
정보통신,정보통신공사업,10464,주식회사 현준파워텍,,,550493,788600,,,,,,
정보통신,정보통신공사업,10465,"메티온 주식회사(Metion Co., Ltd)",,,204331,788300,,,,,,
정보통신,정보통신공사업,10466,원스정보통신,,,203766,788200,,,,,,
정보통신,정보통신공사업,10466,에스트랜스포트 주식회사,,,202881,788200,,,,,,
정보통신,정보통신공사업,10468,(주)광명전기,,,110043,788100,,,,,,
정보통신,정보통신공사업,10469,주식회사 바인시스템,,,112134,787500,,,,,,
정보통신,정보통신공사업,10470,주식회사 제이에스글로벌,,,610465,787200,,,,,,
정보통신,정보통신공사업,10471,씨엠정보통신 주식회사,,,312546,786800,,,,,,
정보통신,정보통신공사업,10472,주식회사 가우테크닉스,,,350228,786700,,,,,,
정보통신,정보통신공사업,10473,(주)진민전력,,,510707,786000,,,,,,
정보통신,정보통신공사업,10474,(주)재신정보,,,200524,785800,,,,,,
정보통신,정보통신공사업,10475,주식회사 지엔,,,330190,785600,,,,,,
정보통신,정보통신공사업,10476,주식회사 와이케이테크,,,510635,785500,,,,,,
정보통신,정보통신공사업,10477,주식회사 에스아이티,,,630396,785100,,,,,,
정보통신,정보통신공사업,10478,주식회사 지앤솔루션,,,203784,784700,,,,,,
정보통신,정보통신공사업,10479,도도정보통신 주식회사,,,550524,784100,,,,,,
정보통신,정보통신공사업,10480,(주)한국전설엔지니어링,,,112627,784000,,,,,,
정보통신,정보통신공사업,10481,(주)한국전기,,,150328,783700,,,,,,
정보통신,정보통신공사업,10482,주식회사 남도테크닉스,,,610496,783600,,,,,,
정보통신,정보통신공사업,10483,(주)율성,,,430038,783500,,,,,,
정보통신,정보통신공사업,10483,석원 주식회사,,,530230,783500,,,,,,
정보통신,정보통신공사업,10485,주식회사 한울전기통신,,,170166,783400,,,,,,
정보통신,정보통신공사업,10486,(주)청연인프라,,,320332,782300,,,,,,
정보통신,정보통신공사업,10487,주식회사 가교전력,,,202493,782200,,,,,,
정보통신,정보통신공사업,10488,주식회사 화인전설,,,150200,781900,,,,,,
정보통신,정보통신공사업,10489,주식회사 위진전기통신,,,420444,781400,,,,,,
정보통신,정보통신공사업,10490,(주)유니콘전설,,,550338,781200,,,,,,
정보통신,정보통신공사업,10491,위더스 주식회사,,,420546,780600,,,,,,
정보통신,정보통신공사업,10492,마스타씨스템(주),,,311141,779500,,,,,,
정보통신,정보통신공사업,10493,금호이엔지(주),,,350471,779100,,,,,,
정보통신,정보통신공사업,10494,(주)신호전자,,,150521,778800,,,,,,
정보통신,정보통신공사업,10495,유영이앤씨(주),,,350237,778500,,,,,,
정보통신,정보통신공사업,10496,주식회사 한국전기정보통신,,,430242,778000,,,,,,
정보통신,정보통신공사업,10497,씨엔에스 주식회사,,,620304,777700,,,,,,
정보통신,정보통신공사업,10498,서광통신(주),,,111442,777600,,,,,,
정보통신,정보통신공사업,10499,(유)금화이엔에스,,,610161,777500,,,,,,
정보통신,정보통신공사업,10500,엔에스인포 주식회사,,,610376,777400,,,,,,
정보통신,정보통신공사업,10501,주식회사 일등정보통신,,,430355,777300,,,,,,
정보통신,정보통신공사업,10502,서호정보통신 주식회사,,,410438,777000,,,,,,
정보통신,정보통신공사업,10503,(주)코젠,,,202258,776300,,,,,,
정보통신,정보통신공사업,10504,주식회사 이수정보통신,,,610443,776000,,,,,,
정보통신,정보통신공사업,10505,(주)태스콘,,,311334,775500,,,,,,
정보통신,정보통신공사업,10506,주식회사 엠지전기통신,,,120573,775300,,,,,,
정보통신,정보통신공사업,10507,주식회사 엠지토탈서비스,,,204323,774900,,,,,,
정보통신,정보통신공사업,10508,주식회사 가인지엔티,,,201077,774800,,,,,,
정보통신,정보통신공사업,10508,(주)삼영전업사,,,201426,774800,,,,,,
정보통신,정보통신공사업,10508,주식회사 뷰어라이트,,,550532,774800,,,,,,
정보통신,정보통신공사업,10511,주식회사 일성정보,,,540317,774600,,,,,,
정보통신,정보통신공사업,10512,버드파크테크놀로지 주식회사,,,420333,774100,,,,,,
정보통신,정보통신공사업,10513,(주)리우솔루션,,,201396,773800,,,,,,
정보통신,정보통신공사업,10514,주식회사 임하이앤씨,,,111220,773700,,,,,,
정보통신,정보통신공사업,10515,주식회사 태주전력,,,420537,773400,,,,,,
정보통신,정보통신공사업,10516,맥슨씨아이씨(주),,,113039,773300,,,,,,
정보통신,정보통신공사업,10517,주식회사 우일이앤씨,,,130062,773000,,,,,,
정보통신,정보통신공사업,10517,주식회사 한빛데이타,,,202940,773000,,,,,,
정보통신,정보통신공사업,10517,주식회사 제로원정보기술,,,540544,773000,,,,,,
정보통신,정보통신공사업,10520,주식회사 명원전기,,,640075,772200,,,,,,
정보통신,정보통신공사업,10521,탑이앤씨 주식회사,,,420561,771600,,,,,,
정보통신,정보통신공사업,10522,영재전력 주식회사,,,540002,771500,,,,,,
정보통신,정보통신공사업,10523,세경산전(주),,,330168,771300,,,,,,
정보통신,정보통신공사업,10524,금영전자,,,520009,770800,,,,,,
정보통신,정보통신공사업,10525,(주)컴플러스,,,410212,770700,,,,,,
정보통신,정보통신공사업,10526,(주)양진이앤티,,,540240,770000,,,,,,
정보통신,정보통신공사업,10526,주식회사 지아이,,,630373,770000,,,,,,
정보통신,정보통신공사업,10528,주식회사 나우,,,520149,769900,,,,,,
정보통신,정보통신공사업,10529,주식회사 윤이앤지,,,540507,769000,,,,,,
정보통신,정보통신공사업,10530,주식회사 형제전기통신,,,510559,768400,,,,,,
정보통신,정보통신공사업,10531,주식회사 정인정보,,,620433,768200,,,,,,
정보통신,정보통신공사업,10532,(주)대산엔지니어,,,201365,768100,,,,,,
정보통신,정보통신공사업,10533,주식회사 형제전기통신,,,140274,767500,,,,,,
정보통신,정보통신공사업,10533,(합)경화계전,,,540080,767500,,,,,,
정보통신,정보통신공사업,10535,대성이엔에프(주),,,311454,767400,,,,,,
정보통신,정보통신공사업,10536,주식회사 덕양소방,,,330151,767200,,,,,,
정보통신,정보통신공사업,10537,주식회사 탑,,,540267,766900,,,,,,
정보통신,정보통신공사업,10538,주식회사 명은,,,140155,766500,,,,,,
정보통신,정보통신공사업,10539,광도전력 주식회사,,,540488,766300,,,,,,
정보통신,정보통신공사업,10539,주식회사 가인전력,,,320383,766300,,,,,,
정보통신,정보통신공사업,10541,(주)진웅아이티시그널,,,311304,766200,,,,,,
정보통신,정보통신공사업,10542,가을정보통신,,,320479,765500,,,,,,
정보통신,정보통신공사업,10543,화성전기(주),,,312482,765300,,,,,,
정보통신,정보통신공사업,10544,주식회사 뉴아이정보,,,630389,765000,,,,,,
정보통신,정보통신공사업,10544,(주)유로시스템,,,310894,765000,,,,,,
정보통신,정보통신공사업,10546,주식회사 씨에스플러스,,,200870,764500,,,,,,
정보통신,정보통신공사업,10547,주식회사 더아이프,,,312486,764400,,,,,,
정보통신,정보통신공사업,10548,(주)포올이앤씨,,,630134,763700,,,,,,
정보통신,정보통신공사업,10549,코콤에스아이 주식회사,,,540344,763600,,,,,,
정보통신,정보통신공사업,10550,(주)미래전기소방에너지,,,201473,763300,,,,,,
정보통신,정보통신공사업,10550,(주)대하전기통신,,,130417,763300,,,,,,
정보통신,정보통신공사업,10552,(주)상상이엔티,,,110219,763100,,,,,,
정보통신,정보통신공사업,10553,(주)한스웰,,,201877,763000,,,,,,
정보통신,정보통신공사업,10554,상원엔지니어링 주식회사,,,420391,762700,,,,,,
정보통신,정보통신공사업,10554,주식회사 이앤에스전력,,,620212,762700,,,,,,
정보통신,정보통신공사업,10556,(주)대성전설,,,310081,762600,,,,,,
정보통신,정보통신공사업,10557,주식회사 주안정보통신,,,610423,762300,,,,,,
정보통신,정보통신공사업,10558,주식회사 동민전기통신,,,410243,762100,,,,,,
정보통신,정보통신공사업,10559,주식회사 아인스,,,310878,761900,,,,,,
정보통신,정보통신공사업,10560,(주)동부이엔엘,,,640188,761100,,,,,,
정보통신,정보통신공사업,10560,(주)동인기업,,,630012,761100,,,,,,
정보통신,정보통신공사업,10562,주식회사 와이즈인포텍,,,203313,761000,,,,,,
정보통신,정보통신공사업,10563,주식회사 형제종합건설,,,201983,760700,,,,,,
정보통신,정보통신공사업,10564,한강정보통신,,,310462,760500,,,,,,
정보통신,정보통신공사업,10565,에스와이씨앤씨(주),,,510756,759700,,,,,,
정보통신,정보통신공사업,10566,주식회사 씨앤에스이엔지,,,630299,759500,,,,,,
정보통신,정보통신공사업,10566,해인전력통신 주식회사,,,640166,759500,,,,,,
정보통신,정보통신공사업,10568,주식회사 마루이엔지,,,640196,759400,,,,,,
정보통신,정보통신공사업,10568,금양그린파워 주식회사,,,520034,759400,,,,,,
정보통신,정보통신공사업,10570,주식회사 신용이엔지,,,150484,759300,,,,,,
정보통신,정보통신공사업,10570,에스앤씨,,,550527,759300,,,,,,
정보통신,정보통신공사업,10572,세대전력(주),,,430025,758800,,,,,,
정보통신,정보통신공사업,10573,주식회사 아시아이엔지,,,610479,758100,,,,,,
정보통신,정보통신공사업,10574,(주)금강전력,,,610014,757800,,,,,,
정보통신,정보통신공사업,10575,주식회사 시그널,,,320562,757700,,,,,,
정보통신,정보통신공사업,10576,아이엠일렉트릭 주식회사,,,620369,757600,,,,,,
정보통신,정보통신공사업,10577,세종전기(주),,,201416,756800,,,,,,
정보통신,정보통신공사업,10578,경원기업 주식회사,,,530472,756000,,,,,,
정보통신,정보통신공사업,10578,주식회사 가온데이터,,,204314,756000,,,,,,
정보통신,정보통신공사업,10580,주식회사 대용산업개발,,,630338,755900,,,,,,
정보통신,정보통신공사업,10581,경포통신 주식회사,,,540527,755700,,,,,,
정보통신,정보통신공사업,10582,(주)케이디이앤씨,,,320058,755400,,,,,,
정보통신,정보통신공사업,10583,영일이앤씨 주식회사,,,120662,755200,,,,,,
정보통신,정보통신공사업,10584,신한정밀 주식회사,,,320512,754800,,,,,,
정보통신,정보통신공사업,10585,주식회사 누리온,,,312122,754500,,,,,,
정보통신,정보통신공사업,10586,(주)대상전력,,,202469,754200,,,,,,
정보통신,정보통신공사업,10587,주식회사 동현전력,,,312156,754100,,,,,,
정보통신,정보통신공사업,10588,주식회사 인빌트,,,204097,754000,,,,,,
정보통신,정보통신공사업,10589,길영이엔씨 주식회사,,,180042,753700,,,,,,
정보통신,정보통신공사업,10590,주식회사 티에이치전력,,,204078,753300,,,,,,
정보통신,정보통신공사업,10591,주식회사 민애이엔지,,,312389,752800,,,,,,
정보통신,정보통신공사업,10591,대영전기(주),,,410180,752800,,,,,,
정보통신,정보통신공사업,10593,진천정보통신,,,430363,752300,,,,,,
정보통신,정보통신공사업,10594,(주)신세기전력,,,311575,752200,,,,,,
정보통신,정보통신공사업,10595,주식회사 울트라이엔지,,,550509,752100,,,,,,
정보통신,정보통신공사업,10596,주식회사 그린월드,,,204321,751900,,,,,,
정보통신,정보통신공사업,10596,주식회사 새희망,,,620436,751900,,,,,,
정보통신,정보통신공사업,10598,(주)하늘천,,,610139,751600,,,,,,
정보통신,정보통신공사업,10599,주식회사 두산이엔씨,,,200100,751300,,,,,,
정보통신,정보통신공사업,10600,안성산업 주식회사,,,520188,750800,,,,,,
정보통신,정보통신공사업,10601,(주)피앤피,,,640028,750700,,,,,,
정보통신,정보통신공사업,10602,(주)일광,,,112802,750300,,,,,,
정보통신,정보통신공사업,10602,대우조선해양건설(주),,,110466,750300,,,,,,
정보통신,정보통신공사업,10604,(유)유복이엔지,,,630120,749600,,,,,,
정보통신,정보통신공사업,10605,에스디 유한책임회사,,,320363,749200,,,,,,
정보통신,정보통신공사업,10605,새로이,,,530464,749200,,,,,,
정보통신,정보통신공사업,10607,금정코리아 주식회사,,,530440,748900,,,,,,
정보통신,정보통신공사업,10608,주식회사 윤슬,,,640189,748800,,,,,,
정보통신,정보통신공사업,10609,(주)신아시스템,,,310558,747400,,,,,,
정보통신,정보통신공사업,10610,뉴테크 주식회사,,,350506,747100,,,,,,
정보통신,정보통신공사업,10611,(주)미르엘텍,,,630423,746300,,,,,,
정보통신,정보통신공사업,10611,주식회사 한영이엔씨,,,312512,746300,,,,,,
정보통신,정보통신공사업,10613,주식회사 광덕기업,,,510204,746200,,,,,,
정보통신,정보통신공사업,10614,용진하이테크에너지(주),,,110771,745900,,,,,,
정보통신,정보통신공사업,10615,백광기업(주),,,640005,745500,,,,,,
정보통신,정보통신공사업,10615,알티엘산업(주),,,202461,745500,,,,,,
정보통신,정보통신공사업,10615,위본건설 주식회사,,,610455,745500,,,,,,
정보통신,정보통신공사업,10618,(주)휴먼,,,311023,745300,,,,,,
정보통신,정보통신공사업,10619,주식회사 성광전력,,,540060,745100,,,,,,
정보통신,정보통신공사업,10619,신동아종합건설(주),,,310137,745100,,,,,,
정보통신,정보통신공사업,10619,디그리드 주식회사,,,420559,745100,,,,,,
정보통신,정보통신공사업,10622,와스(WAS),,,550494,744600,,,,,,
정보통신,정보통신공사업,10623,(주)제이에스통신,,,540167,744000,,,,,,
정보통신,정보통신공사업,10624,주식회사 서원이엔지(ENG),,,610403,743500,,,,,,
정보통신,정보통신공사업,10625,주식회사 디씨이엑스,,,311625,743400,,,,,,
정보통신,정보통신공사업,10626,주식회사 흥해전설,,,204232,743300,,,,,,
정보통신,정보통신공사업,10627,주식회사 덕성해양개발,,,510803,743000,,,,,,
정보통신,정보통신공사업,10628,루미나 주식회사,,,540103,742900,,,,,,
정보통신,정보통신공사업,10629,주식회사 마스이노테크,,,620358,742700,,,,,,
정보통신,정보통신공사업,10630,주식회사 혜인이엔씨,,,630234,742000,,,,,,
정보통신,정보통신공사업,10631,주식회사 동양전력,,,550423,741500,,,,,,
정보통신,정보통신공사업,10632,기산전설 주식회사,,,430274,741400,,,,,,
정보통신,정보통신공사업,10633,(유)창원,,,630125,741300,,,,,,
정보통신,정보통신공사업,10634,(주)오엑스솔루션,,,330234,741200,,,,,,
정보통신,정보통신공사업,10635,주식회사 컴텍,,,350596,740400,,,,,,
정보통신,정보통신공사업,10636,주식회사 수수전력,,,610418,739900,,,,,,
정보통신,정보통신공사업,10637,금동전기 주식회사,,,320160,739500,,,,,,
정보통신,정보통신공사업,10638,주식회사 현대정보통신,,,540360,739300,,,,,,
정보통신,정보통신공사업,10639,주식회사 이담,,,312522,739000,,,,,,
정보통신,정보통신공사업,10640,경기에이티에스 주식회사,,,312594,738400,,,,,,
정보통신,정보통신공사업,10641,(주)해천,,,510574,737800,,,,,,
정보통신,정보통신공사업,10642,주식회사 하늘정보통신,,,630395,737300,,,,,,
정보통신,정보통신공사업,10643,(주)모든정보통신,,,120477,737200,,,,,,
정보통신,정보통신공사업,10644,주식회사 동명이엔에스,,,203340,737000,,,,,,
정보통신,정보통신공사업,10645,(주)에스이테크,,,610085,736500,,,,,,
정보통신,정보통신공사업,10646,(주)유강이엔씨,,,202196,736400,,,,,,
정보통신,정보통신공사업,10647,주식회사 신화전기소방,,,320576,736300,,,,,,
정보통신,정보통신공사업,10648,에이스아이티 주식회사,,,330334,736000,,,,,,
정보통신,정보통신공사업,10648,주식회사 진진,,,440047,736000,,,,,,
정보통신,정보통신공사업,10650,주식회사 우수지엔에스,,,312295,735900,,,,,,
정보통신,정보통신공사업,10651,주식회사 울트라정보통신,,,310460,735500,,,,,,
정보통신,정보통신공사업,10652,(주)디엔알,,,540119,735300,,,,,,
정보통신,정보통신공사업,10652,주식회사 주원이엔씨,,,312078,735300,,,,,,
정보통신,정보통신공사업,10654,주식회사 합동전기,,,420126,734200,,,,,,
정보통신,정보통신공사업,10655,유한회사 서흥정보통신 (SUNHHUNG LC.),,,630311,734100,,,,,,
정보통신,정보통신공사업,10656,금오에너지융합(주),,,550246,734000,,,,,,
정보통신,정보통신공사업,10657,주식회사 수현,,,610033,733800,,,,,,
정보통신,정보통신공사업,10657,주식회사 현무,,,640015,733800,,,,,,
정보통신,정보통신공사업,10659,부성전기 기술용역,,,540453,733700,,,,,,
정보통신,정보통신공사업,10660,(주)영진인포텍,,,510690,733100,,,,,,
정보통신,정보통신공사업,10661,주식회사 해원전력,,,620333,732500,,,,,,
정보통신,정보통신공사업,10662,삼주이앤씨 주식회사,,,204266,732200,,,,,,
정보통신,정보통신공사업,10662,주식회사 부길정보통신,,,620442,732200,,,,,,
정보통신,정보통신공사업,10664,미래로통신 기술사사무소,,,530462,732000,,,,,,
정보통신,정보통신공사업,10665,주식회사 신성,,,410248,731700,,,,,,
정보통신,정보통신공사업,10666,(주)한우기업,,,150135,731600,,,,,,
정보통신,정보통신공사업,10667,에스비엠정보통신,,,204010,731400,,,,,,
정보통신,정보통신공사업,10668,에스플러스,,,320553,730200,,,,,,
정보통신,정보통신공사업,10669,주식회사 민성이엘씨,,,312596,729900,,,,,,
정보통신,정보통신공사업,10670,주식회사 에이스엔지니어링,,,640093,729500,,,,,,
정보통신,정보통신공사업,10671,주식회사 대창일렉스,,,112877,729000,,,,,,
정보통신,정보통신공사업,10672,주식회사 다온이앤씨,,,203994,728800,,,,,,
정보통신,정보통신공사업,10673,주식회사 랜공사사람들,,,203389,728700,,,,,,
정보통신,정보통신공사업,10674,주식회사 뉴타운전력,,,203199,728600,,,,,,
정보통신,정보통신공사업,10675,니어아이티 주식회사,,,312345,728500,,,,,,
정보통신,정보통신공사업,10675,(주)안동통신,,,150108,728500,,,,,,
정보통신,정보통신공사업,10677,주식회사 제이에스아이엔씨,,,440038,727800,,,,,,
정보통신,정보통신공사업,10678,신안종합건설 주식회사,,,610190,727200,,,,,,
정보통신,정보통신공사업,10679,주식회사 하나정보,,,550510,727000,,,,,,
정보통신,정보통신공사업,10680,주식회사 스카이정보통신,,,111101,726900,,,,,,
정보통신,정보통신공사업,10680,유한회사 백두엔지니어링,,,630407,726900,,,,,,
정보통신,정보통신공사업,10682,한진전기공업(주),,,550175,726600,,,,,,
정보통신,정보통신공사업,10683,(주)엑스오비스,,,201529,726500,,,,,,
정보통신,정보통신공사업,10684,(주)디투엔지니어링,,,112089,725900,,,,,,
정보통신,정보통신공사업,10684,주식회사 리치이엔씨,,,110083,725900,,,,,,
정보통신,정보통신공사업,10686,(주)화승전력,,,320017,725700,,,,,,
정보통신,정보통신공사업,10687,주식회사 금오름전력,,,640140,725600,,,,,,
정보통신,정보통신공사업,10688,(주)나라컨트롤,,,110745,725100,,,,,,
정보통신,정보통신공사업,10689,주식회사 동연전설,,,310406,724500,,,,,,
정보통신,정보통신공사업,10690,(주)신왕,,,200707,724400,,,,,,
정보통신,정보통신공사업,10691,주식회사 남상정보통신,,,430373,724300,,,,,,
정보통신,정보통신공사업,10692,(주)한국전기,,,620066,723800,,,,,,
정보통신,정보통신공사업,10693,(주)티.이.씨,,,120157,723700,,,,,,
정보통신,정보통신공사업,10694,주식회사 신우이엔지,,,610353,723600,,,,,,
정보통신,정보통신공사업,10695,주식회사 진원엔지니어링,,,203284,722900,,,,,,
정보통신,정보통신공사업,10696,주식회사 위택,,,620135,722300,,,,,,
정보통신,정보통신공사업,10697,주식회사 가보,,,170012,721500,,,,,,
정보통신,정보통신공사업,10698,주식회사 온누리넷,,,430027,721000,,,,,,
정보통신,정보통신공사업,10699,세광전설(주),,,130309,720900,,,,,,
정보통신,정보통신공사업,10700,(주)유성기업사,,,150428,720800,,,,,,
정보통신,정보통신공사업,10701,(주)나노시스,,,430171,720700,,,,,,
정보통신,정보통신공사업,10702,(주)광성전기,,,430098,720500,,,,,,
정보통신,정보통신공사업,10703,주식회사 연우,,,640128,720400,,,,,,
정보통신,정보통신공사업,10704,이에스콘트롤스(주),,,202084,720300,,,,,,
정보통신,정보통신공사업,10705,주식회사 정원엘피,,,320453,720100,,,,,,
정보통신,정보통신공사업,10706,엔에스전기 주식회사,,,540206,719500,,,,,,
정보통신,정보통신공사업,10707,(주)장일엔지니어링,,,630149,719400,,,,,,
정보통신,정보통신공사업,10708,주식회사 대부전력,,,530409,719300,,,,,,
정보통신,정보통신공사업,10709,(주)세한전력,,,620087,719200,,,,,,
정보통신,정보통신공사업,10709,대덕 주식회사,,,610050,719200,,,,,,
정보통신,정보통신공사업,10711,서진콘트롤스,,,510417,719100,,,,,,
정보통신,정보통신공사업,10712,주식회사 지안인더스트리,,,610107,719000,,,,,,
정보통신,정보통신공사업,10713,군위보안시스템 & 문구,,,530465,718700,,,,,,
정보통신,정보통신공사업,10714,주식회사 성지산업,,,550498,718100,,,,,,
정보통신,정보통신공사업,10715,대성전력(주),,,120611,717700,,,,,,
정보통신,정보통신공사업,10716,주식회사 엔에스케이정보기술,,,312067,717200,,,,,,
정보통신,정보통신공사업,10716,삼중전력 주식회사,,,312440,717200,,,,,,
정보통신,정보통신공사업,10718,주식회사 주성파워텍,,,620314,716900,,,,,,
정보통신,정보통신공사업,10719,(주)우림,,,430131,716600,,,,,,
정보통신,정보통신공사업,10720,주식회사 블록코어(Block Core Inc.),,,204293,716500,,,,,,
정보통신,정보통신공사업,10720,주식회사 서비스플러스,,,204320,716500,,,,,,
정보통신,정보통신공사업,10720,"주식회사 쎄스 (CES Co.,Ltd.)",,,420542,716500,,,,,,
정보통신,정보통신공사업,10720,주식회사 이원하이텍,,,204311,716500,,,,,,
정보통신,정보통신공사업,10724,(주)신원전기통신,,,520195,716300,,,,,,
정보통신,정보통신공사업,10725,경도전력 주식회사,,,550169,716100,,,,,,
정보통신,정보통신공사업,10726,주식회사 성창기전,,,203314,715400,,,,,,
정보통신,정보통신공사업,10727,우진전기 주식회사,,,311359,715100,,,,,,
정보통신,정보통신공사업,10728,유한회사 한국시스템,,,610488,715000,,,,,,
정보통신,정보통신공사업,10729,범진성업(주),,,200150,714700,,,,,,
정보통신,정보통신공사업,10729,주식회사 이안알앤씨,,,203533,714700,,,,,,
정보통신,정보통신공사업,10731,(주)광진전력,,,610150,714200,,,,,,
정보통신,정보통신공사업,10732,주식회사 알리바바정보통신,,,201683,714100,,,,,,
정보통신,정보통신공사업,10733,(주)동훈전설,,,410079,714000,,,,,,
정보통신,정보통신공사업,10734,주식회사 하이시선,,,620278,713800,,,,,,
정보통신,정보통신공사업,10735,경승건설 주식회사,,,620238,713500,,,,,,
정보통신,정보통신공사업,10735,진성전력(주),,,640040,713500,,,,,,
정보통신,정보통신공사업,10737,주식회사 자이언트스텝 (GIANTSTEP Inc.),,,203880,713400,,,,,,
정보통신,정보통신공사업,10738,(주)한남전기통신공사,,,150261,713300,,,,,,
정보통신,정보통신공사업,10739,"주식회사 참조은이앤씨(CHAMJOEUN ENC Co., Ltd.)",,,510783,713100,,,,,,
정보통신,정보통신공사업,10740,주식회사 엘정보통신,,,640109,712900,,,,,,
정보통신,정보통신공사업,10741,주식회사 동명전력,,,540064,712800,,,,,,
정보통신,정보통신공사업,10742,(주)피앤씨네트워크,,,320120,712200,,,,,,
정보통신,정보통신공사업,10743,주식회사 신일전력,,,330261,711500,,,,,,
정보통신,정보통신공사업,10744,주식회사 다온누리,,,430258,711300,,,,,,
정보통신,정보통신공사업,10745,대일전기(주),,,550157,711000,,,,,,
정보통신,정보통신공사업,10746,(주)동방에스앤에스,,,112944,710900,,,,,,
정보통신,정보통신공사업,10747,주식회사 선경전기,,,201688,710400,,,,,,
정보통신,정보통신공사업,10747,주식회사 서전기전,,,312237,710400,,,,,,
정보통신,정보통신공사업,10749,주식회사 비케이솔루션,,,630078,710100,,,,,,
정보통신,정보통신공사업,10750,(주)대주통신,,,150449,710000,,,,,,
정보통신,정보통신공사업,10751,호곡종합건설 주식회사,,,203248,709900,,,,,,
정보통신,정보통신공사업,10752,유한회사 해옥,,,630090,709300,,,,,,
정보통신,정보통신공사업,10753,(주)명전사,,,530117,709200,,,,,,
정보통신,정보통신공사업,10753,울산통신 주식회사,,,520189,709200,,,,,,
정보통신,정보통신공사업,10755,유테크솔루션,,,320557,708900,,,,,,
정보통신,정보통신공사업,10755,주식회사 오정산업,,,140463,708900,,,,,,
정보통신,정보통신공사업,10757,율림건설(주),,,202500,708700,,,,,,
정보통신,정보통신공사업,10758,(주)거성,,,620085,708500,,,,,,
정보통신,정보통신공사업,10759,주식회사 지오네트웍스,,,320573,708400,,,,,,
정보통신,정보통신공사업,10760,주식회사 한빛안전기술단,,,204334,708300,,,,,,
정보통신,정보통신공사업,10761,태원건설산업 주식회사,,,420471,707900,,,,,,
정보통신,정보통신공사업,10762,(주)오티티이앤씨,,,311834,706800,,,,,,
정보통신,정보통신공사업,10763,신성홀딩스 주식회사,,,410345,706700,,,,,,
정보통신,정보통신공사업,10764,대우전기 주식회사,,,111227,706200,,,,,,
정보통신,정보통신공사업,10765,주식회사 서진이엔씨,,,350568,705900,,,,,,
정보통신,정보통신공사업,10766,삼호산업개발(주),,,150365,705400,,,,,,
정보통신,정보통신공사업,10767,주식회사 하나디앤에스,,,310567,704900,,,,,,
정보통신,정보통신공사업,10768,(주)누리엔에스,,,110264,704800,,,,,,
정보통신,정보통신공사업,10769,에너지엑스 주식회사(Energy X Inc.),,,350325,704600,,,,,,
정보통신,정보통신공사업,10769,주식회사 인우이엔지,,,430354,704600,,,,,,
정보통신,정보통신공사업,10771,남도기업(주),,,640100,704400,,,,,,
정보통신,정보통신공사업,10772,주식회사 우도전기,,,310458,704100,,,,,,
정보통신,정보통신공사업,10772,동화전자통신,,,111878,704100,,,,,,
정보통신,정보통신공사업,10774,주식회사 정안에스앤티,,,203897,703500,,,,,,
정보통신,정보통신공사업,10775,동명정보 주식회사,,,330374,703400,,,,,,
정보통신,정보통신공사업,10776,주식회사 대경,,,140326,702700,,,,,,
정보통신,정보통신공사업,10776,주식회사 신지전설,,,203289,702700,,,,,,
정보통신,정보통신공사업,10778,육일전기,,,150276,702100,,,,,,
정보통신,정보통신공사업,10778,부명엔프로엔지니어링 주식회사,,,520117,702100,,,,,,
정보통신,정보통신공사업,10780,(주)국토,,,430129,702000,,,,,,
정보통신,정보통신공사업,10781,"와이에이씨 주식회사 (YAC Co., Ltd.)",,,110892,701900,,,,,,
정보통신,정보통신공사업,10782,주식회사 다올엠에스,,,202978,701800,,,,,,
정보통신,정보통신공사업,10783,(주)그린월드,,,310158,701400,,,,,,
정보통신,정보통신공사업,10784,대덕전력 주식회사,,,202132,701300,,,,,,
정보통신,정보통신공사업,10785,주식회사 동진전기통신,,,540375,701200,,,,,,
정보통신,정보통신공사업,10786,(주)에이텍네트웍스,,,310366,700800,,,,,,
정보통신,정보통신공사업,10787,주식회사 유비크시스템,,,410431,700600,,,,,,
정보통신,정보통신공사업,10788,주식회사 동진에스앤디,,,203144,700000,,,,,,
정보통신,정보통신공사업,10789,종합전기 주식회사,,,550496,699400,,,,,,
정보통신,정보통신공사업,10789,주식회사 원전,,,540369,699400,,,,,,
정보통신,정보통신공사업,10791,주식회사 정안산업개발,,,620367,698500,,,,,,
정보통신,정보통신공사업,10792,(유)승대전설,,,630139,698300,,,,,,
정보통신,정보통신공사업,10793,(주)나노정보통신,,,310767,698200,,,,,,
정보통신,정보통신공사업,10794,거우전설(주),,,110129,698000,,,,,,
정보통신,정보통신공사업,10795,주식회사 다영전기통신,,,640161,697800,,,,,,
정보통신,정보통신공사업,10796,주식회사 이누미디어,,,312773,696800,,,,,,
정보통신,정보통신공사업,10796,주식회사 블리치넷웍스,,,312762,696800,,,,,,
정보통신,정보통신공사업,10796,주식회사 알파닛시,,,540560,696800,,,,,,
정보통신,정보통신공사업,10799,(주)씨엠비젼전기통신,,,113319,696500,,,,,,
정보통신,정보통신공사업,10799,주식회사 세한,,,330370,696500,,,,,,
정보통신,정보통신공사업,10801,주식회사 청우전설,,,110998,696300,,,,,,
정보통신,정보통신공사업,10802,티케이솔루션 유한회사,,,630411,696200,,,,,,
정보통신,정보통신공사업,10803,주식회사 경성이엔지,,,430368,695700,,,,,,
정보통신,정보통신공사업,10804,(주)버들시스템,,,140060,695400,,,,,,
정보통신,정보통신공사업,10804,주식회사 수산아이티에스,,,530476,695400,,,,,,
정보통신,정보통신공사업,10806,(주)동호,,,540090,695100,,,,,,
정보통신,정보통신공사업,10807,주식회사 와이비네트웍스,,,410395,695000,,,,,,
정보통신,정보통신공사업,10808,주식회사 대산,,,640159,694500,,,,,,
정보통신,정보통신공사업,10809,주식회사 미르씨앤씨,,,312703,694400,,,,,,
정보통신,정보통신공사업,10810,한울씨엔에스(주),,,310986,694200,,,,,,
정보통신,정보통신공사업,10811,"주식회사 아코이엔씨 (AKO Engineering & Construction CO.,Ltd.)",,,203151,693700,,,,,,
정보통신,정보통신공사업,10812,주식회사 금강이엔티,,,110917,693600,,,,,,
정보통신,정보통신공사업,10813,주식회사 예스코 (yesco),,,310369,693100,,,,,,
정보통신,정보통신공사업,10814,주식회사 지아이텍,,,410433,692700,,,,,,
정보통신,정보통신공사업,10814,주식회사 서원이엔지,,,312709,692700,,,,,,
정보통신,정보통신공사업,10814,소백아이티,,,540107,692700,,,,,,
정보통신,정보통신공사업,10817,대한전기,,,410328,692400,,,,,,
정보통신,정보통신공사업,10818,신한전기 주식회사,,,150042,691500,,,,,,
정보통신,정보통신공사업,10819,(주)파이런텍,,,202689,691400,,,,,,
정보통신,정보통신공사업,10820,(주)광림전기,,,540328,691200,,,,,,
정보통신,정보통신공사업,10821,주식회사 미라클정보통신,,,350241,691000,,,,,,
정보통신,정보통신공사업,10822,주식회사 동진네트웍스,,,420456,690100,,,,,,
정보통신,정보통신공사업,10823,우성정보통신,,,640160,689900,,,,,,
정보통신,정보통신공사업,10824,지오이앤에프 주식회사,,,610045,689100,,,,,,
정보통신,정보통신공사업,10824,주식회사 명성이엔씨,,,200436,689100,,,,,,
정보통신,정보통신공사업,10824,나눔인프라,,,204012,689100,,,,,,
정보통신,정보통신공사업,10827,주식회사 영진테크,,,550501,687900,,,,,,
정보통신,정보통신공사업,10828,주식회사 코어노드,,,420567,687700,,,,,,
정보통신,정보통신공사업,10829,중원정보통신,,,430318,686600,,,,,,
정보통신,정보통신공사업,10830,에스엠이엔지(주),,,202085,686300,,,,,,
정보통신,정보통신공사업,10831,(주)논산전력,,,410255,684400,,,,,,
정보통신,정보통신공사업,10831,(주)아이티라인,,,620130,684400,,,,,,
정보통신,정보통신공사업,10833,주식회사 사운드프로페셔날,,,312646,683800,,,,,,
정보통신,정보통신공사업,10834,주식회사 성운,,,330274,683700,,,,,,
정보통신,정보통신공사업,10835,주식회사 지아이네트웍스 (GI & NETWORKS),,,200408,683600,,,,,,
정보통신,정보통신공사업,10836,지은네트웍스,,,410410,683100,,,,,,
정보통신,정보통신공사업,10837,케이에스원(주),,,610156,682800,,,,,,
정보통신,정보통신공사업,10838,한우이앤에스(주),,,200409,682600,,,,,,
정보통신,정보통신공사업,10839,(주)스테이지넷,,,201364,682100,,,,,,
정보통신,정보통신공사업,10839,우리기술단 주식회사,,,640193,682100,,,,,,
정보통신,정보통신공사업,10841,주식회사 비엠케이네트웍스,,,180057,681500,,,,,,
정보통신,정보통신공사업,10842,주식회사 리치시스템기술,,,312599,681200,,,,,,
정보통신,정보통신공사업,10843,"(주)도화엔지니어링(DOHWA ENGINEERING Co.,Ltd)",,,201415,681000,,,,,,
정보통신,정보통신공사업,10844,주식회사 미루이엔씨,,,140497,680800,,,,,,
정보통신,정보통신공사업,10845,에스이에너지,,,630335,680600,,,,,,
정보통신,정보통신공사업,10846,주식회사 금원전력,,,640108,680500,,,,,,
정보통신,정보통신공사업,10847,한빛디엔에스 주식회사,,,203621,680400,,,,,,
정보통신,정보통신공사업,10847,주식회사 하나에프티앤,,,312632,680400,,,,,,
정보통신,정보통신공사업,10849,주식회사 진우전력,,,140278,680300,,,,,,
정보통신,정보통신공사업,10850,주식회사 파이렌,,,630400,680100,,,,,,
정보통신,정보통신공사업,10851,주식회사 누리웍스,,,312667,680000,,,,,,
정보통신,정보통신공사업,10852,주식회사 엔에이치엔지니어링,,,550513,679900,,,,,,
정보통신,정보통신공사업,10853,주식회사 대성이엔씨,,,310292,679800,,,,,,
정보통신,정보통신공사업,10854,주식회사 영광이씨에스,,,311337,679700,,,,,,
정보통신,정보통신공사업,10855,대신전력(주),,,312167,679600,,,,,,
정보통신,정보통신공사업,10856,주식회사 아이리온,,,510790,679300,,,,,,
정보통신,정보통신공사업,10857,주식회사 에스엠테크,,,610294,678900,,,,,,
정보통신,정보통신공사업,10858,주식회사 도암엔지니어링,,,640027,678800,,,,,,
정보통신,정보통신공사업,10859,주식회사 대경이엔지,,,410371,678300,,,,,,
정보통신,정보통신공사업,10860,(주)뉴텍,,,520069,677900,,,,,,
정보통신,정보통신공사업,10860,주식회사 성보종합건설,,,510173,677900,,,,,,
정보통신,정보통신공사업,10862,주식회사 신진이엔지,,,420541,677800,,,,,,
정보통신,정보통신공사업,10863,주식회사 케이전력,,,530445,677100,,,,,,
정보통신,정보통신공사업,10863,주식회사 알토솔루션즈,,,320568,677100,,,,,,
정보통신,정보통신공사업,10865,(주)한진이엔씨,,,410102,676700,,,,,,
정보통신,정보통신공사업,10866,일성테크원 주식회사,,,510730,676500,,,,,,
정보통신,정보통신공사업,10867,(주)한강전기,,,430288,676300,,,,,,
정보통신,정보통신공사업,10867,씨앤에치아이앤씨(주),,,202750,676300,,,,,,
정보통신,정보통신공사업,10869,한국산전(주),,,510191,675800,,,,,,
정보통신,정보통신공사업,10869,우리이앤아이 주식회사,,,410360,675800,,,,,,
정보통신,정보통신공사업,10871,주식회사 에이엠티웨이브,,,510789,675400,,,,,,
정보통신,정보통신공사업,10872,나날에스엠아이 주식회사(Nanal SMI),,,201127,675100,,,,,,
정보통신,정보통신공사업,10873,주식회사 한빛전기통신,,,540131,674800,,,,,,
정보통신,정보통신공사업,10874,정웅전기공사,,,330069,674700,,,,,,
정보통신,정보통신공사업,10875,주식회사 광현전력,,,640164,674300,,,,,,
정보통신,정보통신공사업,10876,태흥(주),,,200233,674000,,,,,,
정보통신,정보통신공사업,10877,제우일렉스(주),,,111276,673700,,,,,,
정보통신,정보통신공사업,10878,덕산메카시스(주),,,111846,673500,,,,,,
정보통신,정보통신공사업,10878,주식회사 스마트시스템,,,530390,673500,,,,,,
정보통신,정보통신공사업,10880,(주)나산전기산업,,,550077,673200,,,,,,
정보통신,정보통신공사업,10881,천일전기(주),,,530258,672900,,,,,,
정보통신,정보통신공사업,10881,주식회사 직지아이씨티,,,430313,672900,,,,,,
정보통신,정보통신공사업,10883,오다엔지니어링(주),,,200276,671200,,,,,,
정보통신,정보통신공사업,10884,티웨이브솔루션 주식회사,,,204324,671100,,,,,,
정보통신,정보통신공사업,10885,킹스엔지니어링(주),,,320227,670700,,,,,,
정보통신,정보통신공사업,10886,부강이엔에스(주),,,430257,670500,,,,,,
정보통신,정보통신공사업,10887,주식회사 대경이앤씨,,,420534,669500,,,,,,
정보통신,정보통신공사업,10888,(주)대성신호,,,310239,668700,,,,,,
정보통신,정보통신공사업,10889,(주)한백엔지니어링,,,320217,668400,,,,,,
정보통신,정보통신공사업,10890,주식회사 에이제이이피에스,,,130244,668300,,,,,,
정보통신,정보통신공사업,10891,(주)승진정보,,,111482,668000,,,,,,
정보통신,정보통신공사업,10892,(주)나온웍스,,,200846,667900,,,,,,
정보통신,정보통신공사업,10893,리안넷 주식회사,,,510026,667100,,,,,,
정보통신,정보통신공사업,10894,엔에스이노텍 주식회사,,,203876,667000,,,,,,
정보통신,정보통신공사업,10895,동아OA.정보통신,,,550478,666500,,,,,,
정보통신,정보통신공사업,10896,(주)남도,,,140030,665900,,,,,,
정보통신,정보통신공사업,10897,주식회사 에이비전기,,,410120,665100,,,,,,
정보통신,정보통신공사업,10898,주식회사 누리플렉스,,,200641,664600,,,,,,
정보통신,정보통신공사업,10899,동선전기(주),,,550284,664500,,,,,,
정보통신,정보통신공사업,10900,(주)진광전력,,,530065,664400,,,,,,
정보통신,정보통신공사업,10901,규암전력 주식회사,,,410160,664300,,,,,,
정보통신,정보통신공사업,10902,(주)탑시스템이엔씨,,,311222,664200,,,,,,
정보통신,정보통신공사업,10903,창대하이텍 주식회사,,,203945,664000,,,,,,
정보통신,정보통신공사업,10903,에스정보,,,510738,664000,,,,,,
정보통신,정보통신공사업,10905,주식회사 피아이전기건설,,,320437,663800,,,,,,
정보통신,정보통신공사업,10905,홈앤서비스(주),,,202727,663800,,,,,,
정보통신,정보통신공사업,10907,남양전기통신(주),,,111143,663700,,,,,,
정보통신,정보통신공사업,10908,주식회사 대가전력,,,530442,662500,,,,,,
정보통신,정보통신공사업,10909,"주식회사 미래아이엔지(MIRAEING Co.,LTD.)",,,350354,662400,,,,,,
정보통신,정보통신공사업,10910,우리솔루션,,,430343,661700,,,,,,
정보통신,정보통신공사업,10911,사회적협동조합 가온누리,,,350414,661600,,,,,,
정보통신,정보통신공사업,10912,일렉파워(주),,,200301,661200,,,,,,
정보통신,정보통신공사업,10913,세진에코 주식회사,,,530215,660800,,,,,,
정보통신,정보통신공사업,10914,키엔컴플러스 주식회사,,,420560,660700,,,,,,
정보통신,정보통신공사업,10915,주식회사 월드정보통신,,,610265,659900,,,,,,
정보통신,정보통신공사업,10916,(주)금성계전,,,310146,659700,,,,,,
정보통신,정보통신공사업,10917,주식회사 와이에이치이엔씨,,,550476,658600,,,,,,
정보통신,정보통신공사업,10918,신화전설공사 주식회사,,,312447,658500,,,,,,
정보통신,정보통신공사업,10919,지이티시스템(주),,,540034,658300,,,,,,
정보통신,정보통신공사업,10920,주식회사 마린테크,,,610428,658200,,,,,,
정보통신,정보통신공사업,10921,주식회사 퓨어시스템,,,350499,657900,,,,,,
정보통신,정보통신공사업,10922,(주)대산시스템,,,201798,657600,,,,,,
정보통신,정보통신공사업,10923,대경전자솔루션 주식회사,,,204299,657400,,,,,,
정보통신,정보통신공사업,10923,에스케이와이넷,,,320587,657400,,,,,,
정보통신,정보통신공사업,10925,인탑,,,320559,657200,,,,,,
정보통신,정보통신공사업,10925,주식회사 더블제이테크,,,312744,657200,,,,,,
정보통신,정보통신공사업,10925,동양이앤아이 주식회사,,,330254,657200,,,,,,
정보통신,정보통신공사업,10928,(주)플렛디스,,,550521,657000,,,,,,
정보통신,정보통신공사업,10929,대기해양(주),,,112222,656000,,,,,,
정보통신,정보통신공사업,10930,(주)삼부자전기통신,,,540312,655800,,,,,,
정보통신,정보통신공사업,10931,주식회사 현대보안공사,,,530380,655300,,,,,,
정보통신,정보통신공사업,10932,(주)한국해양기상기술,,,202272,654900,,,,,,
정보통신,정보통신공사업,10932,주식회사 미디아,,,630350,654900,,,,,,
정보통신,정보통신공사업,10932,나노조명,,,320475,654900,,,,,,
정보통신,정보통신공사업,10935,주식회사 대운전력,,,540405,654800,,,,,,
정보통신,정보통신공사업,10936,주식회사 하이콘소프트,,,204333,653300,,,,,,
정보통신,정보통신공사업,10936,주식회사 새론,,,330387,653300,,,,,,
정보통신,정보통신공사업,10936,주식회사 에이아이정보,,,540543,653300,,,,,,
정보통신,정보통신공사업,10936,주식회사 하나산전,,,610511,653300,,,,,,
정보통신,정보통신공사업,10940,"주식회사 디자인세아 (DESIGN SEA Inc,)",,,410437,653000,,,,,,
정보통신,정보통신공사업,10941,(주)상신,,,110824,652500,,,,,,
정보통신,정보통신공사업,10942,주식회사 창대전력,,,630202,652000,,,,,,
정보통신,정보통신공사업,10943,주식회사 유니원이엔지,,,200225,651900,,,,,,
정보통신,정보통신공사업,10944,보광전기주식회사,,,520134,651800,,,,,,
정보통신,정보통신공사업,10945,삼토토건 주식회사,,,530471,651600,,,,,,
정보통신,정보통신공사업,10945,모든시스템,,,610492,651600,,,,,,
정보통신,정보통신공사업,10947,(유)엔젤시스템,,,610109,651100,,,,,,
정보통신,정보통신공사업,10948,(주)삼화전기,,,540518,650700,,,,,,
정보통신,정보통신공사업,10949,주식회사 아이원,,,312472,649600,,,,,,
정보통신,정보통신공사업,10950,(주)나이스에너지엔지니어링,,,510546,648600,,,,,,
정보통신,정보통신공사업,10950,주식회사 대명전설,,,310021,648600,,,,,,
정보통신,정보통신공사업,10952,주식회사 아이텍,,,540436,648500,,,,,,
정보통신,정보통신공사업,10953,"주식회사 이엔에스일렉트릭(ENS ELECTRIC CO., LTD.)",,,311532,648300,,,,,,
정보통신,정보통신공사업,10954,주식회사 이앤티코리아 (E&T KOREA inc),,,520172,648200,,,,,,
정보통신,정보통신공사업,10955,에스엔아이정보통신(주),,,311471,648100,,,,,,
정보통신,정보통신공사업,10956,주식회사 이앤피,,,320468,648000,,,,,,
정보통신,정보통신공사업,10957,주식회사 신화커뮤니케이션,,,610221,647600,,,,,,
정보통신,정보통신공사업,10958,주식회사 세명테크,,,202957,647400,,,,,,
정보통신,정보통신공사업,10959,(주)대연,,,550391,647000,,,,,,
정보통신,정보통신공사업,10960,주식회사 화신코리아,,,410373,646600,,,,,,
정보통신,정보통신공사업,10961,(주)피케이앤티,,,201555,645900,,,,,,
정보통신,정보통신공사업,10962,명신전기통신 주식회사,,,320535,645800,,,,,,
정보통신,정보통신공사업,10963,새움정보통신 주식회사,,,540363,645400,,,,,,
정보통신,정보통신공사업,10964,(합자)진광전기소방,,,170125,645000,,,,,,
정보통신,정보통신공사업,10965,(주)금도건설,,,630369,643700,,,,,,
정보통신,정보통신공사업,10966,(주)유일엔지니어링,,,202299,643400,,,,,,
정보통신,정보통신공사업,10967,(주)씨에스아이엔테크,,,310349,643100,,,,,,
정보통신,정보통신공사업,10968,주식회사 피디,,,620316,642900,,,,,,
정보통신,정보통신공사업,10969,(주)한백에스아이,,,113077,642800,,,,,,
정보통신,정보통신공사업,10970,주식회사 아이넷,,,111970,642000,,,,,,
정보통신,정보통신공사업,10971,주식회사 백인아이씨티,,,620439,641800,,,,,,
정보통신,정보통신공사업,10972,에스엔아이티 주식회사,,,312444,641600,,,,,,
정보통신,정보통신공사업,10973,주식회사 한국전기시스템,,,204286,641500,,,,,,
정보통신,정보통신공사업,10974,(주)신승티엘,,,311902,641000,,,,,,
정보통신,정보통신공사업,10974,에스와이통신,,,330353,641000,,,,,,
정보통신,정보통신공사업,10976,주식회사 이니노스,,,204295,640600,,,,,,
정보통신,정보통신공사업,10977,(주)현진이앤씨,,,530014,640500,,,,,,
정보통신,정보통신공사업,10977,주식회사 원창전력,,,420493,640500,,,,,,
정보통신,정보통신공사업,10979,효성중전기 주식회사,,,630346,640200,,,,,,
정보통신,정보통신공사업,10980,주식회사 우세정보통신,,,350609,640100,,,,,,
정보통신,정보통신공사업,10980,주식회사 더앤,,,620423,640100,,,,,,
정보통신,정보통신공사업,10982,주식회사 스마트씨엔티,,,410420,640000,,,,,,
정보통신,정보통신공사업,10983,주식회사 반석시스템,,,620413,639900,,,,,,
정보통신,정보통신공사업,10984,주식회사 인젠소프트,,,320546,638900,,,,,,
정보통신,정보통신공사업,10985,서림종합건설 주식회사,,,330361,638500,,,,,,
정보통신,정보통신공사업,10985,주식회사 무찬,,,520184,638500,,,,,,
정보통신,정보통신공사업,10987,(주)정도전기통신,,,330089,638100,,,,,,
정보통신,정보통신공사업,10988,한샘전력,,,550435,638000,,,,,,
정보통신,정보통신공사업,10989,주식회사 소몬,,,312715,637700,,,,,,
정보통신,정보통신공사업,10989,주식회사 풍원기공,,,510800,637700,,,,,,
정보통신,정보통신공사업,10989,주식회사 시큐어스 (Secu Us),,,204345,637700,,,,,,
정보통신,정보통신공사업,10989,드림넥스아이티 주식회사,,,320577,637700,,,,,,
정보통신,정보통신공사업,10989,주식회사 반석이래엠이씨,,,320579,637700,,,,,,
정보통신,정보통신공사업,10994,두원스마트앤그린 주식회사,,,430359,637400,,,,,,
정보통신,정보통신공사업,10995,주식회사 용운정보통신,,,540501,637300,,,,,,
정보통신,정보통신공사업,10996,우리정보통신 주식회사,,,540537,636900,,,,,,
정보통신,정보통신공사업,10997,(주)에스제이,,,610316,636400,,,,,,
정보통신,정보통신공사업,10998,(주)제이에이치에너지,,,320293,636200,,,,,,
정보통신,정보통신공사업,10999,성원이앤에프 주식회사,,,320560,635700,,,,,,
정보통신,정보통신공사업,11000,샤론일렉콤(주),,,310295,635200,,,,,,
정보통신,정보통신공사업,11001,썬덴코리아 주식회사,,,204346,635100,,,,,,
정보통신,정보통신공사업,11001,(주)중앙전설,,,150222,635100,,,,,,
정보통신,정보통신공사업,11001,주식회사 윤앤서,,,410153,635100,,,,,,
정보통신,정보통신공사업,11004,주식회사 엔젤아이티에스,,,410419,635000,,,,,,
정보통신,정보통신공사업,11005,신일전기공업(주),,,430157,634800,,,,,,
정보통신,정보통신공사업,11006,주식회사 포스,,,610486,634300,,,,,,
정보통신,정보통신공사업,11007,엠씨아이 주식회사,,,430299,633900,,,,,,
정보통신,정보통신공사업,11008,주식회사 케이커머스,,,312324,633700,,,,,,
정보통신,정보통신공사업,11009,(주)시공,,,410195,633000,,,,,,
정보통신,정보통신공사업,11010,넥서스링크 주식회사,,,312673,632700,,,,,,
정보통신,정보통신공사업,11011,네오콤,,,550522,632400,,,,,,
정보통신,정보통신공사업,11012,주식회사 대일하이텍,,,630260,632000,,,,,,
정보통신,정보통신공사업,11013,주식회사 건국,,,630304,631900,,,,,,
정보통신,정보통신공사업,11013,주식회사 우리승리전력,,,610447,631900,,,,,,
정보통신,정보통신공사업,11013,주식회사 맥스스마트(MAX SMART.CO.Ltd),,,203684,631900,,,,,,
정보통신,정보통신공사업,11016,주식회사 금록정보통신,,,540366,631500,,,,,,
정보통신,정보통신공사업,11017,(주)거성,,,350002,631300,,,,,,
정보통신,정보통신공사업,11018,주식회사 칸라이팅,,,320238,631000,,,,,,
정보통신,정보통신공사업,11019,주식회사 넥스온,,,540535,630900,,,,,,
정보통신,정보통신공사업,11020,주식회사 신명,,,640084,630700,,,,,,
정보통신,정보통신공사업,11021,금운전력 주식회사,,,640168,630600,,,,,,
정보통신,정보통신공사업,11022,(주)정석,,,110070,630400,,,,,,
정보통신,정보통신공사업,11023,(주)신일,,,630142,628300,,,,,,
정보통신,정보통신공사업,11023,주식회사 신성전력,,,112442,628300,,,,,,
정보통신,정보통신공사업,11025,주식회사 대성전기,,,550548,627800,,,,,,
정보통신,정보통신공사업,11026,유하 주식회사,,,540446,627000,,,,,,
정보통신,정보통신공사업,11027,주식회사 남전,,,620293,626700,,,,,,
정보통신,정보통신공사업,11028,장원전기 주식회사,,,410379,626500,,,,,,
정보통신,정보통신공사업,11029,(주)고려시스템,,,311440,626300,,,,,,
정보통신,정보통신공사업,11030,우리산업개발(주),,,610089,626200,,,,,,
정보통신,정보통신공사업,11031,에스엠에스전기 주식회사,,,203895,625900,,,,,,
정보통신,정보통신공사업,11032,주식회사 서브,,,204283,625800,,,,,,
정보통신,정보통신공사업,11033,주식회사 포스코피에이치솔루션,,,540472,625400,,,,,,
정보통신,정보통신공사업,11034,주식회사 이지위드,,,203064,624900,,,,,,
정보통신,정보통신공사업,11034,새빛장애인 사회적협동조합,,,320575,624900,,,,,,
정보통신,정보통신공사업,11036,주식회사 오창이엔씨,,,111230,624800,,,,,,
정보통신,정보통신공사업,11037,주식회사 비티에스,,,350227,624500,,,,,,
정보통신,정보통신공사업,11038,주식회사 수인정보,,,120013,624200,,,,,,
정보통신,정보통신공사업,11039,신영이엔씨 주식회사,,,420445,623900,,,,,,
정보통신,정보통신공사업,11040,주식회사 앤트,,,201400,623500,,,,,,
정보통신,정보통신공사업,11040,주식회사 하이브리드,,,312688,623500,,,,,,
정보통신,정보통신공사업,11040,(주)삼원종합전기,,,150193,623500,,,,,,
정보통신,정보통신공사업,11043,(주)삼원전력,,,620039,623300,,,,,,
정보통신,정보통신공사업,11044,(주)대림엠이씨,,,410278,623200,,,,,,
정보통신,정보통신공사업,11045,(주)비케이이씨에프,,,150503,623100,,,,,,
정보통신,정보통신공사업,11046,에스아이이앤씨 주식회사,,,610435,623000,,,,,,
정보통신,정보통신공사업,11047,세국전력(주),,,170020,622500,,,,,,
정보통신,정보통신공사업,11048,"주식회사 케이넷츠(K-NETZ Co., Ltd.)",,,203366,621900,,,,,,
정보통신,정보통신공사업,11049,주식회사 동명오피스,,,520190,621800,,,,,,
정보통신,정보통신공사업,11049,이츠온 주식회사,,,312402,621800,,,,,,
정보통신,정보통신공사업,11051,(주)한북통신기술,,,201760,620700,,,,,,
정보통신,정보통신공사업,11052,주식회사 아이리넥스,,,350602,620300,,,,,,
정보통신,정보통신공사업,11053,주식회사 토브네트웍스,,,540555,619800,,,,,,
정보통신,정보통신공사업,11054,(주)한국가스기술공사,,,112997,619500,,,,,,
정보통신,정보통신공사업,11055,주식회사 케이피엘티,,,311950,619300,,,,,,
정보통신,정보통신공사업,11056,정한상사,,,202384,619000,,,,,,
정보통신,정보통신공사업,11057,주식회사 메타,,,350394,618900,,,,,,
정보통신,정보통신공사업,11058,(주)한일이앤에스,,,201621,618300,,,,,,
정보통신,정보통신공사업,11059,주식회사 엔비아이티시스템,,,430376,617900,,,,,,
정보통신,정보통신공사업,11059,주식회사 와이케이텔레콤,,,320571,617900,,,,,,
정보통신,정보통신공사업,11059,"주식회사 가교시스템(GAGYOSYSTEM Co.,Ltd.)",,,330381,617900,,,,,,
정보통신,정보통신공사업,11059,주식회사 엔티에스아이씨티,,,312712,617900,,,,,,
정보통신,정보통신공사업,11059,주식회사 엘아이지휴세코,,,204268,617900,,,,,,
정보통신,정보통신공사업,11059,프로시스템,,,540558,617900,,,,,,
정보통신,정보통신공사업,11065,주식회사 와이엠정보통신,,,610485,616200,,,,,,
정보통신,정보통신공사업,11065,주식회사 삼영기업,,,440049,616200,,,,,,
정보통신,정보통신공사업,11067,(주)세광,,,201065,616000,,,,,,
정보통신,정보통신공사업,11068,(주)온누리이엔씨,,,112593,615300,,,,,,
정보통신,정보통신공사업,11069,대경산전(주),,,520120,615200,,,,,,
정보통신,정보통신공사업,11070,상왕기업 주식회사,,,420549,614400,,,,,,
정보통신,정보통신공사업,11070,주식회사 원기업,,,410200,614400,,,,,,
정보통신,정보통신공사업,11072,주식회사 시원전기,,,510030,614300,,,,,,
정보통신,정보통신공사업,11073,"주식회사 티에스코어 (TS Core Co., Ltd.)",,,203778,614100,,,,,,
정보통신,정보통신공사업,11074,주식회사 디지텍정보통신,,,430378,613900,,,,,,
정보통신,정보통신공사업,11075,무원이엔씨 주식회사,,,203101,613800,,,,,,
정보통신,정보통신공사업,11076,주식회사 도건시스템,,,610375,611600,,,,,,
정보통신,정보통신공사업,11076,유한회사 엠블,,,630384,611600,,,,,,
정보통신,정보통신공사업,11078,(주)유성계전,,,320061,611200,,,,,,
정보통신,정보통신공사업,11079,(주)네콘시스,,,310550,610900,,,,,,
정보통신,정보통신공사업,11080,에너비스 주식회사,,,550538,610200,,,,,,
정보통신,정보통신공사업,11081,(주)건우정보통신,,,180064,610000,,,,,,
정보통신,정보통신공사업,11082,삼환기업(주),,,110437,609200,,,,,,
정보통신,정보통신공사업,11082,(주)신흥건설,,,530205,609200,,,,,,
정보통신,정보통신공사업,11084,"주식회사 인코어드테크놀로지스(ENCORED Technologies,Inc.)",,,203419,608500,,,,,,
정보통신,정보통신공사업,11084,하나로기술(주),,,112443,608500,,,,,,
정보통신,정보통신공사업,11086,주식회사 남광,,,640059,608000,,,,,,
정보통신,정보통신공사업,11087,주식회사 앤플러스시스템,,,540492,607600,,,,,,
정보통신,정보통신공사업,11088,한세전력 주식회사,,,430364,607000,,,,,,
정보통신,정보통신공사업,11088,리치시스템 주식회사,,,320563,607000,,,,,,
정보통신,정보통신공사업,11090,피앤씨(주),,,640054,606900,,,,,,
정보통신,정보통신공사업,11091,(주)태양전력,,,520073,606300,,,,,,
정보통신,정보통신공사업,11092,경남전력 주식회사,,,530112,605700,,,,,,
정보통신,정보통신공사업,11093,주식회사 하이퍼시티 (HYPerCITY),,,204256,605100,,,,,,
정보통신,정보통신공사업,11094,주식회사 동현건설,,,550468,604900,,,,,,
정보통신,정보통신공사업,11095,주식회사 청호네트웍스,,,203748,604800,,,,,,
정보통신,정보통신공사업,11096,주식회사 태화,,,610257,604500,,,,,,
정보통신,정보통신공사업,11097,(주)좋은통신,,,202599,603600,,,,,,
정보통신,정보통신공사업,11098,씨일렉 주식회사,,,610469,603500,,,,,,
정보통신,정보통신공사업,11098,큐웨이브정보통신 주식회사,,,350603,603500,,,,,,
정보통신,정보통신공사업,11100,(주)명성전력,,,550416,603200,,,,,,
정보통신,정보통신공사업,11101,한일기전(주),,,610209,603000,,,,,,
정보통신,정보통신공사업,11102,유성,,,540482,602700,,,,,,
정보통신,정보통신공사업,11103,주식회사 대건이앤씨,,,630283,602200,,,,,,
정보통신,정보통신공사업,11104,(주)이피에스솔루션,,,310070,602000,,,,,,
정보통신,정보통신공사업,11105,주식회사 아이알,,,640180,601900,,,,,,
정보통신,정보통신공사업,11106,(주)한진,,,110253,601600,,,,,,
정보통신,정보통신공사업,11107,주식회사 동우시스템,,,540529,601300,,,,,,
정보통신,정보통신공사업,11108,주식회사 명운,,,420398,600800,,,,,,
정보통신,정보통신공사업,11109,주식회사 발렉스서비스,,,203693,600500,,,,,,
정보통신,정보통신공사업,11110,정일씨엔아이(주),,,202411,600100,,,,,,
정보통신,정보통신공사업,11111,이피코리아 주식회사,,,203322,599600,,,,,,
정보통신,정보통신공사업,11112,주식회사 케이티링스,,,203968,599000,,,,,,
정보통신,정보통신공사업,11113,주식회사 정이엔지,,,510805,598200,,,,,,
정보통신,정보통신공사업,11113,주식회사 영광이엔씨,,,350629,598200,,,,,,
정보통신,정보통신공사업,11113,"주식회사 비온모빌리티(BION Mobility Co.,Ltd.)",,,550555,598200,,,,,,
정보통신,정보통신공사업,11113,주식회사 신성이엔지,,,410441,598200,,,,,,
정보통신,정보통신공사업,11113,주식회사 삼화이엔지,,,410432,598200,,,,,,
정보통신,정보통신공사업,11113,주식회사 해림이엔지,,,440089,598200,,,,,,
정보통신,정보통신공사업,11119,(주)타키온정보기술,,,510478,597700,,,,,,
정보통신,정보통신공사업,11120,주식회사 신성전기,,,540526,597400,,,,,,
정보통신,정보통신공사업,11121,서창전기통신(주),,,530279,596400,,,,,,
정보통신,정보통신공사업,11121,아세아전기 주식회사,,,510333,596400,,,,,,
정보통신,정보통신공사업,11123,주식회사 청화정보기술,,,202915,596300,,,,,,
정보통신,정보통신공사업,11124,주식회사 주성전력,,,530346,596200,,,,,,
정보통신,정보통신공사업,11125,(주)예운씨엔티,,,630424,596000,,,,,,
정보통신,정보통신공사업,11126,주식회사 고산지에스,,,510691,595400,,,,,,
정보통신,정보통신공사업,11127,탑이앤지 주식회사,,,520199,594800,,,,,,
정보통신,정보통신공사업,11128,한양전기 주식회사,,,320446,594600,,,,,,
정보통신,정보통신공사업,11128,그린이앤씨 주식회사,,,110610,594600,,,,,,
정보통신,정보통신공사업,11130,주식회사 마르스시스템,,,312604,594500,,,,,,
정보통신,정보통신공사업,11131,주식회사 유코스텍,,,204163,594400,,,,,,
정보통신,정보통신공사업,11132,주식회사 대한전기,,,410322,594200,,,,,,
정보통신,정보통신공사업,11132,우수이앤씨 주식회사,,,410173,594200,,,,,,
정보통신,정보통신공사업,11134,주식회사 제일전기,,,610507,594100,,,,,,
정보통신,정보통신공사업,11135,한걸음 주식회사,,,620255,593900,,,,,,
정보통신,정보통신공사업,11136,가후자동화기술(주),,,311312,593700,,,,,,
정보통신,정보통신공사업,11137,주식회사 더원이에스,,,620120,593600,,,,,,
정보통신,정보통신공사업,11138,경전사,,,540352,593300,,,,,,
정보통신,정보통신공사업,11139,주식회사 호민이엔지,,,510694,593000,,,,,,
정보통신,정보통신공사업,11139,주식회사 인플럭스,,,312664,593000,,,,,,
정보통신,정보통신공사업,11141,주식회사 서경알엔디,,,550221,592900,,,,,,
정보통신,정보통신공사업,11142,주식회사 포텍에너지,,,204183,592200,,,,,,
정보통신,정보통신공사업,11142,주식회사 태승전기,,,204240,592200,,,,,,
정보통신,정보통신공사업,11144,주식회사 엠,,,550474,592000,,,,,,
정보통신,정보통신공사업,11145,"주식회사 위에너지 (WE Energy Co.,Ltd)",,,630372,591600,,,,,,
정보통신,정보통신공사업,11146,(주)빛나라전기,,,430319,591400,,,,,,
정보통신,정보통신공사업,11147,(주)에어릭스,,,540370,591000,,,,,,
정보통신,정보통신공사업,11148,트라이톤시스템즈(주),,,200485,590900,,,,,,
정보통신,정보통신공사업,11149,주식회사 금성전력,,,510496,590800,,,,,,
정보통신,정보통신공사업,11150,주식회사 오케이시스템,,,320455,590700,,,,,,
정보통신,정보통신공사업,11151,가림전기 주식회사,,,420128,590200,,,,,,
정보통신,정보통신공사업,11151,주식회사 파맥스테크,,,311208,590200,,,,,,
정보통신,정보통신공사업,11151,주식회사 비앤케이정보통신,,,430377,590200,,,,,,
정보통신,정보통신공사업,11154,주식회사 세운전력,,,540499,590100,,,,,,
정보통신,정보통신공사업,11154,주식회사 나무,,,630425,590100,,,,,,
정보통신,정보통신공사업,11156,"주식회사 우진기전 (WOOJIN MECHANICAL AND ELECTRIC CO., LTD.)",,,311320,590000,,,,,,
정보통신,정보통신공사업,11157,상승네트워크,,,430375,589900,,,,,,
정보통신,정보통신공사업,11158,원광전력(주),,,610217,589700,,,,,,
정보통신,정보통신공사업,11158,"제이네트웍스 주식회사(J Networks Co., Ltd.)",,,350517,589700,,,,,,
정보통신,정보통신공사업,11160,보영파워테크 주식회사,,,610508,588700,,,,,,
정보통신,정보통신공사업,11160,(주)청우디엔시,,,320168,588700,,,,,,
정보통신,정보통신공사업,11162,아이브스 주식회사 (IVS Inc.),,,202950,588600,,,,,,
정보통신,정보통신공사업,11163,엠비에스 주식회사,,,420558,588400,,,,,,
정보통신,정보통신공사업,11164,에스케이시그넷 주식회사(SK Signet Inc.),,,610295,588000,,,,,,
정보통신,정보통신공사업,11165,주식회사 봅텍(VOVTECH Inc.),,,620438,587400,,,,,,
정보통신,정보통신공사업,11166,(주)아이티공간,,,150571,587000,,,,,,
정보통신,정보통신공사업,11167,주식회사 주빅스,,,311642,586900,,,,,,
정보통신,정보통신공사업,11168,주식회사 라인전기,,,203710,586500,,,,,,
정보통신,정보통신공사업,11168,경창계전(주),,,111618,586500,,,,,,
정보통신,정보통신공사업,11168,시큐에스(주),,,200618,586500,,,,,,
정보통신,정보통신공사업,11171,(주)제이앤제이파워스,,,311067,586000,,,,,,
정보통신,정보통신공사업,11172,(주)원반도체,,,630070,585700,,,,,,
정보통신,정보통신공사업,11173,(주)남산이엔지,,,311581,585600,,,,,,
정보통신,정보통신공사업,11174,동양비엠에스 주식회사,,,203278,585100,,,,,,
정보통신,정보통신공사업,11175,성원산전(주),,,510200,584700,,,,,,
정보통신,정보통신공사업,11176,(주)태영전력,,,640024,584600,,,,,,
정보통신,정보통신공사업,11176,(주)거창,,,310474,584600,,,,,,
정보통신,정보통신공사업,11176,주식회사 디엑스지,,,310904,584600,,,,,,
정보통신,정보통신공사업,11179,주식회사 태민전력,,,550484,584400,,,,,,
정보통신,정보통신공사업,11179,에스엠파워텍 주식회사,,,311935,584400,,,,,,
정보통신,정보통신공사업,11181,주식회사 한세스,,,203503,583900,,,,,,
정보통신,정보통신공사업,11181,주식회사 다원아이엔씨,,,550520,583900,,,,,,
정보통신,정보통신공사업,11183,강남에스씨티 주식회사,,,312731,583700,,,,,,
정보통신,정보통신공사업,11184,주식회사 문호,,,620400,583600,,,,,,
정보통신,정보통신공사업,11185,주식회사 피앤씨전기,,,312578,582600,,,,,,
정보통신,정보통신공사업,11186,(주)창경,,,620014,582500,,,,,,
정보통신,정보통신공사업,11187,주식회사 거상정보통신,,,610493,582400,,,,,,
정보통신,정보통신공사업,11188,로제비앙건설 주식회사,,,620389,579900,,,,,,
정보통신,정보통신공사업,11188,주식회사 태영,,,510556,579900,,,,,,
정보통신,정보통신공사업,11190,(주)대동전력,,,320143,579800,,,,,,
정보통신,정보통신공사업,11191,(주)부강건설,,,630426,578900,,,,,,
정보통신,정보통신공사업,11192,주식회사 성암,,,540545,578500,,,,,,
정보통신,정보통신공사업,11192,주식회사 남부디자인,,,550539,578500,,,,,,
정보통신,정보통신공사업,11192,주식회사 여수아이티신도리코,,,610503,578500,,,,,,
정보통신,정보통신공사업,11195,(주)태원전기,,,201686,578400,,,,,,
정보통신,정보통신공사업,11196,(주)케이엠에스,,,311507,576900,,,,,,
정보통신,정보통신공사업,11197,(주)에스제이이엔지,,,620090,576400,,,,,,
정보통신,정보통신공사업,11198,(주)유원이씨에스,,,112511,576000,,,,,,
정보통신,정보통신공사업,11199,주식회사 미소정보기술,,,203783,575400,,,,,,
정보통신,정보통신공사업,11200,"주식회사 더이레(THE IRE CO.,LTD.)",,,320525,575100,,,,,,
정보통신,정보통신공사업,11201,삼우테크 주식회사,,,610438,574800,,,,,,
정보통신,정보통신공사업,11202,신용통신(주),,,110023,574700,,,,,,
정보통신,정보통신공사업,11203,주식회사 베스텍이앤지,,,630189,574100,,,,,,
정보통신,정보통신공사업,11204,(주)디피아이,,,150598,573600,,,,,,
정보통신,정보통신공사업,11205,주식회사 디원정보통신,,,312656,573100,,,,,,
정보통신,정보통신공사업,11206,주식회사 한솔정보이앤시,,,120696,573000,,,,,,
정보통신,정보통신공사업,11207,주식회사 순금,,,550530,572800,,,,,,
정보통신,정보통신공사업,11207,주식회사 유신전기,,,312191,572800,,,,,,
정보통신,정보통신공사업,11209,프라이빗에이아이 주식회사 (PRIBIT AI Inc.),,,204312,572700,,,,,,
정보통신,정보통신공사업,11209,"주식회사 마키나락스(MakinaRocks Co.,Ltd.)",,,204261,572700,,,,,,
정보통신,정보통신공사업,11209,퍼스트디앤씨 주식회사,,,312387,572700,,,,,,
정보통신,정보통신공사업,11212,주식회사 천광이엔씨,,,420515,572500,,,,,,
정보통신,정보통신공사업,11213,(주)블루커넥트,,,620430,572100,,,,,,
정보통신,정보통신공사업,11214,대명에너지 주식회사,,,204141,570800,,,,,,
정보통신,정보통신공사업,11215,주식회사 유한이엔씨,,,203537,570700,,,,,,
정보통신,정보통신공사업,11216,건영전기(주),,,610396,570600,,,,,,
정보통신,정보통신공사업,11217,사단법인 샘물복지회,,,620418,569800,,,,,,
정보통신,정보통신공사업,11217,(주)명진전력,,,530379,569800,,,,,,
정보통신,정보통신공사업,11219,주식회사 비비테크,,,311644,569600,,,,,,
정보통신,정보통신공사업,11220,주식회사 백산전기,,,203750,569200,,,,,,
정보통신,정보통신공사업,11221,주식회사 국제그린빌드,,,410440,568600,,,,,,
정보통신,정보통신공사업,11222,(주)메가크래프트,,,200027,568300,,,,,,
정보통신,정보통신공사업,11222,(주)풍성,,,420055,568300,,,,,,
정보통신,정보통신공사업,11224,주식회사 한길테크,,,312535,568000,,,,,,
정보통신,정보통신공사업,11225,주식회사 시울에너지,,,203288,567600,,,,,,
정보통신,정보통신공사업,11226,경일엔지니어링 주식회사,,,540392,567200,,,,,,
정보통신,정보통신공사업,11227,부영산전(주),,,311595,567000,,,,,,
정보통신,정보통신공사업,11228,(주)세경,,,640002,566900,,,,,,
정보통신,정보통신공사업,11229,"엘아이지디펜스앤에어로스페이스 주식회사(LIG Defense&Aerospace Co., Ltd.)",,,200075,566200,,,,,,
정보통신,정보통신공사업,11230,(주)티팩토리,,,202556,566000,,,,,,
정보통신,정보통신공사업,11231,오페 주식회사,,,550453,565800,,,,,,
정보통신,정보통신공사업,11232,주식회사 삼정이엔엠,,,204076,565600,,,,,,
정보통신,정보통신공사업,11233,주식회사 신성전기공사,,,510788,565300,,,,,,
정보통신,정보통신공사업,11234,(주)아이티에스,,,410332,564900,,,,,,
정보통신,정보통신공사업,11235,샘코씨앤디 주식회사,,,203818,564000,,,,,,
정보통신,정보통신공사업,11235,주식회사 한마루이엔씨 (E&C),,,320274,564000,,,,,,
정보통신,정보통신공사업,11237,청정테크 주식회사,,,410299,563100,,,,,,
정보통신,정보통신공사업,11238,산일전기 주식회사,,,311997,563000,,,,,,
정보통신,정보통신공사업,11239,스피맥스(주),,,310223,562900,,,,,,
정보통신,정보통신공사업,11240,태경정보통신 주식회사,,,540536,562600,,,,,,
정보통신,정보통신공사업,11241,사단법인 힘찬장애인복지회,,,620280,561700,,,,,,
정보통신,정보통신공사업,11242,주식회사 문창,,,530404,561600,,,,,,
정보통신,정보통신공사업,11243,주식회사 넥서스네트웍스,,,110052,561100,,,,,,
정보통신,정보통신공사업,11244,(주)한국전설,,,110657,560900,,,,,,
정보통신,정보통신공사업,11245,주식회사 삼봉정보통신,,,330382,560400,,,,,,
정보통신,정보통신공사업,11246,보성전기산업(주),,,111125,559900,,,,,,
정보통신,정보통신공사업,11247,주식회사 유진일렉트로닉스,,,320505,559700,,,,,,
정보통신,정보통신공사업,11248,(주)세풍전기,,,510609,559100,,,,,,
정보통신,정보통신공사업,11249,주식회사 리채,,,620346,559000,,,,,,
정보통신,정보통신공사업,11250,주식회사 라온어스,,,204260,558800,,,,,,
정보통신,정보통신공사업,11250,아이비전,,,204315,558800,,,,,,
정보통신,정보통신공사업,11250,우창정보기술 주식회사,,,204348,558800,,,,,,
정보통신,정보통신공사업,11250,주식회사 세종오토메이션,,,204258,558800,,,,,,
정보통신,정보통신공사업,11254,주식회사 대승전력소방건설,,,620059,558500,,,,,,
정보통신,정보통신공사업,11255,주식회사 가람아이티,,,204138,557500,,,,,,
정보통신,정보통신공사업,11256,주식회사 아이온스,,,312414,557400,,,,,,
정보통신,정보통신공사업,11257,주식회사 경서통신,,,120695,557100,,,,,,
정보통신,정보통신공사업,11258,화성엔지니어링,,,620385,556800,,,,,,
정보통신,정보통신공사업,11259,장학건설 주식회사,,,203483,556300,,,,,,
정보통신,정보통신공사업,11260,(주)여명라이팅,,,550472,556200,,,,,,
정보통신,정보통신공사업,11261,주식회사 엔투테크,,,312415,556100,,,,,,
정보통신,정보통신공사업,11262,보광종합건설 주식회사,,,620213,555800,,,,,,
정보통신,정보통신공사업,11263,주식회사 건우,,,120191,555500,,,,,,
정보통신,정보통신공사업,11264,(주)에이치엔에이치,,,311571,555400,,,,,,
정보통신,정보통신공사업,11265,주식회사 케이에스정보통신,,,510799,554700,,,,,,
정보통신,정보통신공사업,11265,주식회사 한주,,,320582,554700,,,,,,
정보통신,정보통신공사업,11267,주식회사 와이엠엑스(YMX Inc.),,,204276,554200,,,,,,
정보통신,정보통신공사업,11268,주식회사 태인전력,,,540474,553900,,,,,,
정보통신,정보통신공사업,11268,주식회사 나래이엔씨,,,620411,553900,,,,,,
정보통신,정보통신공사업,11270,주식회사 청우아이티,,,620342,553800,,,,,,
정보통신,정보통신공사업,11271,태영이엔씨 주식회사,,,540549,553300,,,,,,
정보통신,정보통신공사업,11272,"위템 주식회사(Wetem Co.,Ltd)",,,204319,553000,,,,,,
정보통신,정보통신공사업,11273,주식회사 피에이,,,510772,552800,,,,,,
정보통신,정보통신공사업,11273,주식회사 명신일렉트릭,,,410425,552800,,,,,,
정보통신,정보통신공사업,11273,주식회사 에스피일렉트릭,,,430340,552800,,,,,,
정보통신,정보통신공사업,11276,(주)중앙전기공사,,,540115,551600,,,,,,
정보통신,정보통신공사업,11276,주식회사 대룡전력,,,550482,551600,,,,,,
정보통신,정보통신공사업,11278,이엔피알 주식회사,,,312627,551100,,,,,,
정보통신,정보통신공사업,11279,주식회사 필그림,,,312559,550400,,,,,,
정보통신,정보통신공사업,11279,주식회사 신원건설,,,630382,550400,,,,,,
정보통신,정보통신공사업,11281,주식회사 티케이시스템(tksystem Inc.),,,510813,548900,,,,,,
정보통신,정보통신공사업,11282,주식회사 하나에이텍,,,520193,547600,,,,,,
정보통신,정보통신공사업,11283,태극아이비에이 주식회사,,,311880,547500,,,,,,
정보통신,정보통신공사업,11284,우성기전 주식회사,,,540398,547200,,,,,,
정보통신,정보통신공사업,11285,(주)제이온테크,,,311914,547100,,,,,,
정보통신,정보통신공사업,11286,에스티에프엔지니어링 주식회사,,,420545,547000,,,,,,
정보통신,정보통신공사업,11287,주식회사 동서기술,,,630374,546300,,,,,,
정보통신,정보통신공사업,11288,라온 주식회사,,,540522,545600,,,,,,
정보통신,정보통신공사업,11289,(주)제이엔에스,,,320138,545100,,,,,,
정보통신,정보통신공사업,11290,주식회사 서우일렉트,,,312668,542700,,,,,,
정보통신,정보통신공사업,11290,주식회사 충남인에스,,,410382,542700,,,,,,
정보통신,정보통신공사업,11292,주식회사 아이즈텍,,,630364,542200,,,,,,
정보통신,정보통신공사업,11293,주식회사 중앙일렉트릭,,,410380,541900,,,,,,
정보통신,정보통신공사업,11294,주식회사 정문씨앤씨,,,320384,541600,,,,,,
정보통신,정보통신공사업,11295,(주)미래일렉스,,,200042,541100,,,,,,
정보통신,정보통신공사업,11296,주식회사 우연시스템,,,430068,540600,,,,,,
정보통신,정보통신공사업,11297,주식회사 케이제이이엔지,,,203332,540500,,,,,,
정보통신,정보통신공사업,11298,주식회사 제이에치테크,,,320569,540400,,,,,,
정보통신,정보통신공사업,11299,올라이트라이프 주식회사,,,311964,540100,,,,,,
정보통신,정보통신공사업,11300,(주)피앤피,,,540485,540000,,,,,,
정보통신,정보통신공사업,11301,주식회사 다빈이앤씨,,,420470,539900,,,,,,
정보통신,정보통신공사업,11302,덕성전력(주),,,350017,539800,,,,,,
정보통신,정보통신공사업,11303,이원이앤이 주식회사,,,312213,539300,,,,,,
정보통신,정보통신공사업,11304,주식회사 아올시스템,,,312611,539100,,,,,,
정보통신,정보통신공사업,11304,주식회사 드림씨앤티,,,430379,539100,,,,,,
정보통신,정보통신공사업,11304,정평시스템 주식회사,,,620441,539100,,,,,,
정보통신,정보통신공사업,11304,주식회사 덕우,,,312741,539100,,,,,,
정보통신,정보통신공사업,11304,주식회사 오르비스,,,310322,539100,,,,,,
정보통신,정보통신공사업,11304,유한회사 미래솔루션,,,610504,539100,,,,,,
정보통신,정보통신공사업,11310,주식회사 도담,,,430334,539000,,,,,,
정보통신,정보통신공사업,11311,주식회사 한성이엔지,,,530359,538400,,,,,,
정보통신,정보통신공사업,11312,주식회사 디와이이,,,610079,537900,,,,,,
정보통신,정보통신공사업,11313,파워메카 주식회사,,,204039,537100,,,,,,
정보통신,정보통신공사업,11313,(주)다솔이앤씨,,,113157,537100,,,,,,
정보통신,정보통신공사업,11315,지니정보시스템,,,420516,536900,,,,,,
정보통신,정보통신공사업,11316,"환경에너지솔루션 주식회사(Environment & Energy Solution CO., LTD.)",,,310414,536800,,,,,,
정보통신,정보통신공사업,11317,주식회사 현광엔지니어링,,,610442,535300,,,,,,
정보통신,정보통신공사업,11318,주식회사 청송건설,,,312768,535000,,,,,,
정보통신,정보통신공사업,11319,대보건설 주식회사,,,312725,534500,,,,,,
정보통신,정보통신공사업,11320,금성전기공사,,,320536,534000,,,,,,
정보통신,정보통신공사업,11321,올바른시스템,,,540546,533700,,,,,,
정보통신,정보통신공사업,11321,코리아통신공사,,,120607,533700,,,,,,
정보통신,정보통신공사업,11323,(주)중앙컴정보통신,,,310072,533600,,,,,,
정보통신,정보통신공사업,11323,에이치원,,,520204,533600,,,,,,
정보통신,정보통신공사업,11325,주식회사 시스텍,,,312577,533300,,,,,,
정보통신,정보통신공사업,11326,유한회사 새일기술산업,,,630409,533000,,,,,,
정보통신,정보통신공사업,11327,주식회사 한성테크,,,311833,532900,,,,,,
정보통신,정보통신공사업,11328,사단법인 행복일자리운동본부,,,203848,532800,,,,,,
정보통신,정보통신공사업,11329,호광,,,540538,532300,,,,,,
정보통신,정보통신공사업,11330,주식회사 한일티앤씨,,,330364,532100,,,,,,
정보통신,정보통신공사업,11330,대경파워텍(주),,,540523,532100,,,,,,
정보통신,정보통신공사업,11332,주식회사 대한기계설비성능점검원,,,430366,531300,,,,,,
정보통신,정보통신공사업,11333,(주)건양전기신호,,,113001,530700,,,,,,
정보통신,정보통신공사업,11333,스카이솔라 주식회사,,,410376,530700,,,,,,
정보통신,정보통신공사업,11335,성림전설 주식회사,,,320277,529400,,,,,,
정보통신,정보통신공사업,11336,케이엘아이티 주식회사 (KLIT Inc.),,,430371,527100,,,,,,
정보통신,정보통신공사업,11336,주식회사 보고넷,,,204280,527100,,,,,,
정보통신,정보통신공사업,11338,(주)파워토스,,,310351,526700,,,,,,
정보통신,정보통신공사업,11339,주식회사 광원,,,113337,526300,,,,,,
정보통신,정보통신공사업,11340,(주)에코파워텍,,,640185,525400,,,,,,
정보통신,정보통신공사업,11340,주식회사 케이디,,,540395,525400,,,,,,
정보통신,정보통신공사업,11340,유원엔지니어링 주식회사,,,203488,525400,,,,,,
정보통신,정보통신공사업,11343,주식회사 옥토,,,350537,524400,,,,,,
정보통신,정보통신공사업,11344,"주식회사 비에스에너지(BS ENERGY Co.,Ltd.)",,,312151,524300,,,,,,
정보통신,정보통신공사업,11345,삼일엔지니어링 주식회사,,,610212,523300,,,,,,
정보통신,정보통신공사업,11346,(주)포윈,,,311104,522200,,,,,,
정보통신,정보통신공사업,11347,(주)우주주차,,,640187,521500,,,,,,
정보통신,정보통신공사업,11348,봄해랑사회적협동조합,,,312490,521000,,,,,,
정보통신,정보통신공사업,11349,주식회사 엘컴퍼니,,,550549,520500,,,,,,
정보통신,정보통신공사업,11350,구네보코리아 주식회사,,,202854,520200,,,,,,
정보통신,정보통신공사업,11351,"주식회사 캡시스(KEPSYS Co.,Ltd)",,,204339,519300,,,,,,
정보통신,정보통신공사업,11351,주식회사 정안전기술단,,,510810,519300,,,,,,
정보통신,정보통신공사업,11351,주식회사 하나이엔지,,,312409,519300,,,,,,
정보통신,정보통신공사업,11351,"대신파트너스 주식회사(DaiShin Partners Co., Ltd)",,,204270,519300,,,,,,
정보통신,정보통신공사업,11351,주식회사 제이스통신,,,312723,519300,,,,,,
정보통신,정보통신공사업,11351,주식회사 청해엘엔에스,,,312724,519300,,,,,,
정보통신,정보통신공사업,11351,(주)에스엠엔디,,,311716,519300,,,,,,
정보통신,정보통신공사업,11358,주식회사 진성,,,312748,519100,,,,,,
정보통신,정보통신공사업,11359,주식회사 에스에이치테크,,,610501,518400,,,,,,
정보통신,정보통신공사업,11360,주식회사 태성전설,,,630370,517500,,,,,,
정보통신,정보통신공사업,11361,주식회사 다온아이티에스,,,530475,517100,,,,,,
정보통신,정보통신공사업,11362,(주)참정보기술,,,202343,516600,,,,,,
정보통신,정보통신공사업,11363,두원산업(주),,,350224,515900,,,,,,
정보통신,정보통신공사업,11364,주식회사 아이엠지로드,,,510737,515600,,,,,,
정보통신,정보통신공사업,11365,태경정보통신,,,540554,515300,,,,,,
정보통신,정보통신공사업,11365,미래엔테크 주식회사,,,540550,515300,,,,,,
정보통신,정보통신공사업,11365,주식회사 제이에이치엔지니어링,,,530479,515300,,,,,,
정보통신,정보통신공사업,11365,아이비스 주식회사,,,530485,515300,,,,,,
정보통신,정보통신공사업,11365,주식회사 카이젠,,,550561,515300,,,,,,
정보통신,정보통신공사업,11370,주식회사 블루이,,,630334,514600,,,,,,
정보통신,정보통신공사업,11371,주식회사 포스코와이드(POSCO WIDE),,,201540,514400,,,,,,
정보통신,정보통신공사업,11372,(주)디원이엔지,,,311268,514200,,,,,,
정보통신,정보통신공사업,11373,케이앤에스,,,540497,514000,,,,,,
정보통신,정보통신공사업,11374,주식회사 케이지파워,,,312721,513600,,,,,,
정보통신,정보통신공사업,11374,주식회사 기성이엔지,,,312738,513600,,,,,,
정보통신,정보통신공사업,11374,"주식회사 원익피앤이(WONIK PNE CO., LTD.)",,,311565,513600,,,,,,
정보통신,정보통신공사업,11377,주식회사 이현전기,,,350514,513500,,,,,,
정보통신,정보통신공사업,11378,주식회사 에너제닉,,,510779,513300,,,,,,
정보통신,정보통신공사업,11379,서경전기(주),,,112976,512500,,,,,,
정보통신,정보통신공사업,11380,(주)글로리이앤씨,,,311140,511900,,,,,,
정보통신,정보통신공사업,11381,주식회사 모든테크,,,350616,511400,,,,,,
정보통신,정보통신공사업,11382,주식회사 엔에스컴퍼니,,,410422,511200,,,,,,
정보통신,정보통신공사업,11383,(주)금화시스템,,,111865,510500,,,,,,
정보통신,정보통신공사업,11384,(주)명성에이앤티,,,430269,510400,,,,,,
정보통신,정보통신공사업,11385,주식회사 세우테크윈,,,630264,510300,,,,,,
정보통신,정보통신공사업,11386,주식회사 명인전기,,,610491,510200,,,,,,
정보통신,정보통신공사업,11387,주식회사 가원엔지니어링,,,150212,509100,,,,,,
정보통신,정보통신공사업,11387,주식회사 이지테크리,,,312595,509100,,,,,,
정보통신,정보통신공사업,11389,주식회사 제이디씨에스 (JDCS),,,312366,508900,,,,,,
정보통신,정보통신공사업,11390,스마트아이티,,,640181,508600,,,,,,
정보통신,정보통신공사업,11391,아이포콤(주),,,201130,508500,,,,,,
정보통신,정보통신공사업,11392,스마트한시스템,,,320567,508100,,,,,,
정보통신,정보통신공사업,11393,주식회사 디오이,,,312547,507500,,,,,,
정보통신,정보통신공사업,11394,한빛디스플레이,,,620424,506300,,,,,,
정보통신,정보통신공사업,11395,대양종합솔라팅 주식회사,,,620191,506000,,,,,,
정보통신,정보통신공사업,11396,"주식회사 코너스 (CORNERS CO.,LTD)",,,203826,504800,,,,,,
정보통신,정보통신공사업,11397,대양종합전력 주식회사,,,140101,504700,,,,,,
정보통신,정보통신공사업,11397,(주)케이텔,,,350047,504700,,,,,,
정보통신,정보통신공사업,11399,라이트팹,,,311021,504300,,,,,,
정보통신,정보통신공사업,11399,"주식회사 이노시뮬레이션(INNOSIMULATION CO., LTD.)",,,203224,504300,,,,,,
정보통신,정보통신공사업,11401,"에이치엘에코텍 주식회사(HL Ecotech Co., Ltd.)",,,410097,503700,,,,,,
정보통신,정보통신공사업,11402,진정보통신,,,330376,503500,,,,,,
정보통신,정보통신공사업,11402,주식회사 건일이엔지,,,312739,503500,,,,,,
정보통신,정보통신공사업,11404,휴안 주식회사,,,610487,502900,,,,,,
정보통신,정보통신공사업,11405,주식회사 첫눈,,,440088,502400,,,,,,
정보통신,정보통신공사업,11406,태영산업,,,312413,502100,,,,,,
정보통신,정보통신공사업,11407,씨에스테크 주식회사,,,610512,500900,,,,,,
정보통신,정보통신공사업,11408,하우텍씨엔알건설(주),,,203586,500300,,,,,,
정보통신,정보통신공사업,11409,양창이엔씨 주식회사,,,204350,499600,,,,,,
정보통신,정보통신공사업,11409,주식회사 테라시스템,,,204304,499600,,,,,,
정보통신,정보통신공사업,11409,주식회사 뮤텍스,,,204306,499600,,,,,,
정보통신,정보통신공사업,11409,주식회사 윈즈아이티,,,204310,499600,,,,,,
정보통신,정보통신공사업,11409,아이플러스 (iplus),,,410428,499600,,,,,,
정보통신,정보통신공사업,11409,주식회사 인성이엔지,,,330385,499600,,,,,,
정보통신,정보통신공사업,11409,주식회사 장원토건,,,420566,499600,,,,,,
정보통신,정보통신공사업,11409,(주)엘에스파워텍,,,320580,499600,,,,,,
정보통신,정보통신공사업,11409,주식회사 넥스텝,,,410430,499600,,,,,,
정보통신,정보통신공사업,11409,주식회사 일광,,,312750,499600,,,,,,
정보통신,정보통신공사업,11419,(주)빅텍,,,310064,499300,,,,,,
정보통신,정보통신공사업,11420,주식회사 모노테크,,,311675,499000,,,,,,
정보통신,정보통신공사업,11421,주식회사 삼호이앤에프,,,312065,498700,,,,,,
정보통신,정보통신공사업,11422,주식회사 유니크이앤씨,,,350605,497700,,,,,,
정보통신,정보통신공사업,11422,주식회사 가진이엔지,,,312583,497700,,,,,,
정보통신,정보통신공사업,11424,주식회사 대성전력건설,,,312000,497300,,,,,,
정보통신,정보통신공사업,11425,주식회사 대경정보통신,,,540452,497200,,,,,,
정보통신,정보통신공사업,11426,주식회사 동아전기공사,,,410392,496600,,,,,,
정보통신,정보통신공사업,11427,클릭소프트(주),,,420423,496500,,,,,,
정보통신,정보통신공사업,11428,주식회사 우리전기통신,,,410434,496400,,,,,,
정보통신,정보통신공사업,11429,주식회사 태성종합기술,,,540451,495500,,,,,,
정보통신,정보통신공사업,11430,주식회사 엘빅스(ELBIGS co.ltd),,,203617,495000,,,,,,
정보통신,정보통신공사업,11431,주식회사 엠아이시스,,,312554,494200,,,,,,
정보통신,정보통신공사업,11432,주식회사 미라클,,,540553,493800,,,,,,
정보통신,정보통신공사업,11433,보민종합건설 주식회사,,,530463,491900,,,,,,
정보통신,정보통신공사업,11433,주식회사 동영,,,530466,491900,,,,,,
정보통신,정보통신공사업,11435,사단법인 골든장애인협회,,,510726,491400,,,,,,
정보통신,정보통신공사업,11436,대한전력전자 주식회사,,,312141,490300,,,,,,
정보통신,정보통신공사업,11436,(주)우호건설,,,350060,490300,,,,,,
정보통신,정보통신공사업,11438,"에이치엔이노밸리 주식회사(HN INNOVALLEY Co., Ltd.)",,,520099,489800,,,,,,
정보통신,정보통신공사업,11438,주식회사 아람솔루션,,,630428,489800,,,,,,
정보통신,정보통신공사업,11440,유한회사 제이원,,,610500,487400,,,,,,
정보통신,정보통신공사업,11441,우리들행복일자리 사회적협동조합,,,312776,486400,,,,,,
정보통신,정보통신공사업,11442,에스에이씨티(주),,,202346,485800,,,,,,
정보통신,정보통신공사업,11443,(주)에프코이엔티,,,311341,485000,,,,,,
정보통신,정보통신공사업,11444,인우건설 주식회사,,,320555,484900,,,,,,
정보통신,정보통신공사업,11445,(주)한성시스코,,,420176,484100,,,,,,
정보통신,정보통신공사업,11446,주식회사 일렉콤,,,312427,483600,,,,,,
정보통신,정보통신공사업,11447,(주)삼천리이에스,,,201936,483000,,,,,,
정보통신,정보통신공사업,11448,주식회사 선진이디에스,,,312625,482800,,,,,,
정보통신,정보통신공사업,11449,(주)유비와이울산병영용사촌,,,201161,481800,,,,,,
정보통신,정보통신공사업,11450,(주)신우하이텍,,,510523,481700,,,,,,
정보통신,정보통신공사업,11451,주식회사 유오케이,,,620336,481000,,,,,,
정보통신,정보통신공사업,11451,(주)아이마켓코리아,,,201932,481000,,,,,,
정보통신,정보통신공사업,11453,주식회사 조은통신,,,540404,480700,,,,,,
정보통신,정보통신공사업,11454,주식회사 알에이치에스엔씨,,,204267,480300,,,,,,
정보통신,정보통신공사업,11455,주식회사 에이치유통신,,,610509,479900,,,,,,
정보통신,정보통신공사업,11455,주식회사 노바텍스,,,320585,479900,,,,,,
정보통신,정보통신공사업,11455,주식회사 재백미디어시스템,,,540561,479900,,,,,,
정보통신,정보통신공사업,11455,팀케이투건설 주식회사,,,204285,479900,,,,,,
정보통신,정보통신공사업,11455,주식회사 포커스테크놀로지,,,204300,479900,,,,,,
정보통신,정보통신공사업,11455,주식회사 제이디원,,,312714,479900,,,,,,
정보통신,정보통신공사업,11461,주식회사 초석전력,,,330373,478000,,,,,,
정보통신,정보통신공사업,11462,호스트웨이아이디씨 주식회사,,,311814,477100,,,,,,
정보통신,정보통신공사업,11463,케이시스 주식회사,,,320523,477000,,,,,,
정보통신,정보통신공사업,11464,주식회사 코레드,,,330354,476400,,,,,,
정보통신,정보통신공사업,11465,주식회사 씨엘시스템,,,311805,476100,,,,,,
정보통신,정보통신공사업,11466,네이처아이 주식회사,,,540503,476000,,,,,,
정보통신,정보통신공사업,11467,주식회사 케이디티콘트롤,,,204259,475800,,,,,,
정보통신,정보통신공사업,11468,주식회사 하나티앤아이,,,204171,475500,,,,,,
정보통신,정보통신공사업,11469,신성정보통신공사,,,111215,473300,,,,,,
정보통신,정보통신공사업,11470,"한광전기공업 주식회사 (HANKWANG ELECTRIC Co., Ltd.)",,,203770,471000,,,,,,
정보통신,정보통신공사업,11470,케이텍이엔씨 주식회사,,,204166,471000,,,,,,
정보통신,정보통신공사업,11472,주식회사 케이비엘앤티,,,312729,469100,,,,,,
정보통신,정보통신공사업,11473,(주)발해정보통신,,,350117,468300,,,,,,
정보통신,정보통신공사업,11474,주식회사 피오텍,,,312194,467400,,,,,,
정보통신,정보통신공사업,11475,주식회사 한국장애인복지일자리나눔,,,203349,467300,,,,,,
정보통신,정보통신공사업,11476,주식회사 에이아이네트워크,,,550550,466300,,,,,,
정보통신,정보통신공사업,11477,주식회사 디에스티솔루션,,,420570,464100,,,,,,
정보통신,정보통신공사업,11478,(주)우경일렉텍,,,320131,464000,,,,,,
정보통신,정보통신공사업,11479,주식회사 아진,,,640182,463600,,,,,,
정보통신,정보통신공사업,11480,주식회사 그린도트,,,203828,463500,,,,,,
정보통신,정보통신공사업,11481,(주)파워이십일,,,420200,461100,,,,,,
정보통신,정보통신공사업,11481,주식회사 운산전력,,,540520,461100,,,,,,
정보통신,정보통신공사업,11483,주식회사 바나나그래픽스,,,312772,460200,,,,,,
정보통신,정보통신공사업,11483,주식회사 더존통신전기,,,312766,460200,,,,,,
정보통신,정보통신공사업,11485,주식회사 이지텍인터내셔널,,,350621,460000,,,,,,
정보통신,정보통신공사업,11486,(주)우원일렉티,,,112486,458100,,,,,,
정보통신,정보통신공사업,11487,범우이앤씨(주),,,610301,456500,,,,,,
정보통신,정보통신공사업,11488,주식회사 가람이엔씨,,,620207,456100,,,,,,
정보통신,정보통신공사업,11489,주식회사 캔코,,,510674,455700,,,,,,
정보통신,정보통신공사업,11490,(주)담스테크,,,310956,455000,,,,,,
정보통신,정보통신공사업,11491,한국건설 주식회사,,,610304,454900,,,,,,
정보통신,정보통신공사업,11492,주식회사 솔라위즈,,,311903,454700,,,,,,
정보통신,정보통신공사업,11493,(주)삼주이엔씨,,,320500,454600,,,,,,
정보통신,정보통신공사업,11494,명화공업 주식회사,,,204335,454400,,,,,,
정보통신,정보통신공사업,11494,루미컴 주식회사,,,630406,454400,,,,,,
정보통신,정보통신공사업,11496,진영토건 주식회사,,,620410,453500,,,,,,
정보통신,정보통신공사업,11497,주식회사 글리제,,,610433,452800,,,,,,
정보통신,정보통신공사업,11498,주식회사 아이티앤,,,350397,451800,,,,,,
정보통신,정보통신공사업,11499,남해종합개발 주식회사,,,140226,451500,,,,,,
정보통신,정보통신공사업,11500,주식회사 티시스,,,202993,449800,,,,,,
정보통신,정보통신공사업,11501,현대계장공업(주),,,202758,449400,,,,,,
정보통신,정보통신공사업,11502,성보전기공업(주),,,510308,448800,,,,,,
정보통신,정보통신공사업,11503,주식회사 맨투맨,,,530481,448200,,,,,,
정보통신,정보통신공사업,11504,주식회사 코리아엔지니어링,,,312579,447200,,,,,,
정보통신,정보통신공사업,11505,드림텍시스템(주),,,610172,445200,,,,,,
정보통신,정보통신공사업,11506,"주식회사 이레시스(IRESYS Co.,Ltd)",,,204340,444300,,,,,,
정보통신,정보통신공사업,11507,(주)오션엔지니어링,,,430360,443000,,,,,,
정보통신,정보통신공사업,11508,주식회사 아텍,,,620409,441400,,,,,,
정보통신,정보통신공사업,11509,주식회사 홈네트워크코리아,,,320545,439100,,,,,,
정보통신,정보통신공사업,11510,(주)엠아이소프트,,,620380,438700,,,,,,
정보통신,정보통신공사업,11511,한화에너지 주식회사,,,310520,435900,,,,,,
정보통신,정보통신공사업,11512,주식회사 대명이십일,,,204337,434700,,,,,,
정보통신,정보통신공사업,11512,주식회사 우일정보통신,,,312717,434700,,,,,,
정보통신,정보통신공사업,11512,주식회사 부강이엔지,,,410435,434700,,,,,,
정보통신,정보통신공사업,11512,주식회사 호그린에어,,,620440,434700,,,,,,
정보통신,정보통신공사업,11516,"주식회사 에니트(ENITT Co., Ltd.)",,,620334,434600,,,,,,
정보통신,정보통신공사업,11517,"주식회사 인티어리(Intheory co.,ltd.)",,,204269,434500,,,,,,
정보통신,정보통신공사업,11518,와이피피(주),,,202329,434400,,,,,,
정보통신,정보통신공사업,11519,(주)카스,,,113291,433500,,,,,,
정보통신,정보통신공사업,11519,한화모멘텀 주식회사,,,312485,433500,,,,,,
정보통신,정보통신공사업,11521,주식회사 다온전력,,,312643,429600,,,,,,
정보통신,정보통신공사업,11522,주식회사 나인소프트,,,440084,429000,,,,,,
정보통신,정보통신공사업,11523,주식회사 피앤씨솔루션,,,203243,428100,,,,,,
정보통신,정보통신공사업,11524,우리이엔지 주식회사,,,311815,426700,,,,,,
정보통신,정보통신공사업,11525,이지테크,,,620421,424700,,,,,,
정보통신,정보통신공사업,11526,"주식회사 씨앤씨라이트웨이(C&C LIGHTWAY, INC)",,,204204,423700,,,,,,
정보통신,정보통신공사업,11527,주식회사 제이소프트랩,,,204279,418800,,,,,,
정보통신,정보통신공사업,11528,주식회사 미성테크,,,330156,415200,,,,,,
정보통신,정보통신공사업,11529,사단법인 대한민국공무원 공상유공자회,,,204289,413800,,,,,,
정보통신,정보통신공사업,11530,주식회사 위즈플러스,,,540484,412300,,,,,,
정보통신,정보통신공사업,11531,주식회사 나원이엔씨,,,204294,409900,,,,,,
정보통신,정보통신공사업,11532,주식회사 세화,,,312633,409200,,,,,,
정보통신,정보통신공사업,11532,주식회사 대주이엔지,,,320209,409200,,,,,,
정보통신,정보통신공사업,11534,"주식회사 스타칸(STAR KHAN Co.,Ltd.)",,,510766,409000,,,,,,
정보통신,정보통신공사업,11535,소리사운드,,,350589,408400,,,,,,
정보통신,정보통신공사업,11536,주식회사 네오지에스,,,350634,405500,,,,,,
정보통신,정보통신공사업,11537,주식회사 가전각색,,,204322,404900,,,,,,
정보통신,정보통신공사업,11538,이브이시스 주식회사,,,350083,403600,,,,,,
정보통신,정보통신공사업,11539,주식회사 코스모산전,,,410303,403100,,,,,,
정보통신,정보통신공사업,11540,주식회사 우리통신,,,530399,402900,,,,,,
정보통신,정보통신공사업,11541,신성이앤에스 주식회사,,,540407,402200,,,,,,
정보통신,정보통신공사업,11542,주식회사 서광,,,350549,401800,,,,,,
정보통신,정보통신공사업,11543,주식회사 조은아이티엑스,,,204303,401200,,,,,,
정보통신,정보통신공사업,11544,주식회사 로진아이티,,,530473,401100,,,,,,
정보통신,정보통신공사업,11545,주식회사 웰크론한텍,,,312745,400200,,,,,,
정보통신,정보통신공사업,11546,이든스퀘어 주식회사,,,320542,399800,,,,,,
정보통신,정보통신공사업,11547,주식회사 선진통신,,,510802,399100,,,,,,
정보통신,정보통신공사업,11548,라온건설 주식회사,,,640147,398200,,,,,,
정보통신,정보통신공사업,11549,디아이정보통신,,,320578,394100,,,,,,
정보통신,정보통신공사업,11550,주식회사 에스와이이앤씨,,,610483,393800,,,,,,
정보통신,정보통신공사업,11551,(주)에스이랩,,,202102,390400,,,,,,
정보통신,정보통신공사업,11552,협화전기공업 주식회사,,,312607,388700,,,,,,
정보통신,정보통신공사업,11553,(주)한국미디어테크,,,113143,387600,,,,,,
정보통신,정보통신공사업,11554,(유)우리종합관리,,,630427,387400,,,,,,
정보통신,정보통신공사업,11555,유니모테크놀로지(주),,,201343,386400,,,,,,
정보통신,정보통신공사업,11556,주식회사 클라우드앤,,,204264,385200,,,,,,
정보통신,정보통신공사업,11557,세종환경기술(주),,,440034,384900,,,,,,
정보통신,정보통신공사업,11558,(주)신태양건설,,,510378,384300,,,,,,
정보통신,정보통신공사업,11559,"주식회사 플루멘코리아 (FLUMEN KOREA Co.,Ltd.)",,,203276,382400,,,,,,
정보통신,정보통신공사업,11560,가로등이야기 주식회사,,,440078,381300,,,,,,
정보통신,정보통신공사업,11561,주식회사 지에이,,,330185,380100,,,,,,
정보통신,정보통신공사업,11562,베올리아산업개발코리아 주식회사,,,311738,379800,,,,,,
정보통신,정보통신공사업,11563,"주식회사 에이젠코어 (AGENCORE CO.,LTD.)",,,530447,378000,,,,,,
정보통신,정보통신공사업,11564,유광미디어,,,112288,376000,,,,,,
정보통신,정보통신공사업,11565,에이펙스인텍(주),,,540304,365700,,,,,,
정보통신,정보통신공사업,11566,텍넷(주),,,201948,365300,,,,,,
정보통신,정보통신공사업,11567,(주)리테일테크,,,311214,364600,,,,,,
정보통신,정보통신공사업,11568,"주식회사 에스코한국(ESCO Korea Co., Ltd.)",,,204077,362700,,,,,,
정보통신,정보통신공사업,11569,포커스미디어코리아 주식회사,,,203629,360200,,,,,,
정보통신,정보통신공사업,11570,코스모전기 주식회사,,,350572,359600,,,,,,
정보통신,정보통신공사업,11571,에스디전력 주식회사,,,510665,358400,,,,,,
정보통신,정보통신공사업,11572,(주)금란텔레콤,,,202289,356200,,,,,,
정보통신,정보통신공사업,11573,주식회사 지구시스템,,,312543,354900,,,,,,
정보통신,정보통신공사업,11574,주식회사 로커스,,,610498,354600,,,,,,
정보통신,정보통신공사업,11574,대성쎌틱에너시스(주),,,430308,354600,,,,,,
정보통신,정보통신공사업,11576,주식회사 유탑건설,,,620291,351900,,,,,,
정보통신,정보통신공사업,11577,주식회사 라온에이치씨,,,530360,351300,,,,,,
정보통신,정보통신공사업,11578,주식회사 폭스커넥트,,,204262,349600,,,,,,
정보통신,정보통신공사업,11579,"주식회사 퍼셉트 (Percept Co., Ltd.)",,,202899,342400,,,,,,
정보통신,정보통신공사업,11580,주식회사 실라벌,,,312104,340500,,,,,,
정보통신,정보통신공사업,11580,주식회사 키프코우주항공,,,312182,340500,,,,,,
정보통신,정보통신공사업,11582,수인개발,,,620431,331900,,,,,,
정보통신,정보통신공사업,11583,이엠시티 주식회사,,,420498,331300,,,,,,
정보통신,정보통신공사업,11584,주식회사 포유디지탈,,,350513,330400,,,,,,
정보통신,정보통신공사업,11585,주식회사 다다정보통신,,,350614,329100,,,,,,
정보통신,정보통신공사업,11586,명인씨앤씨 주식회사,,,320221,326000,,,,,,
정보통신,정보통신공사업,11586,주식회사 에스티엔,,,312259,326000,,,,,,
정보통신,정보통신공사업,11588,비바아이티에스(주),,,311583,324700,,,,,,
정보통신,정보통신공사업,11589,"주식회사 이지차저(Easy Charger Co., Ltd)",,,203401,323000,,,,,,
정보통신,정보통신공사업,11589,(주)도전하는사람들,,,201043,323000,,,,,,
정보통신,정보통신공사업,11589,주식회사 엘프테크,,,312476,323000,,,,,,
정보통신,정보통신공사업,11589,"주식회사 플럭시티 (Pluxity Co., Ltd.)",,,203904,323000,,,,,,
정보통신,정보통신공사업,11593,주식회사 제로원아이티,,,203381,317800,,,,,,
정보통신,정보통신공사업,11594,주식회사 스누아이랩,,,203509,317600,,,,,,
정보통신,정보통신공사업,11595,주식회사 동인이엔지,,,312760,310200,,,,,,
정보통신,정보통신공사업,11596,이음넥스트,,,420551,301900,,,,,,
정보통신,정보통신공사업,11597,주식회사 준이엔지,,,312665,299400,,,,,,
정보통신,정보통신공사업,11598,주식회사 아라드네트웍스,,,420544,294400,,,,,,
정보통신,정보통신공사업,11599,동우건설 주식회사,,,311094,292900,,,,,,
정보통신,정보통신공사업,11600,태평양시스템 주식회사,,,520096,291100,,,,,,
정보통신,정보통신공사업,11600,주식회사 넷세이프코리아,,,203497,291100,,,,,,
정보통신,정보통신공사업,11602,주식회사 성일시스템,,,320427,290600,,,,,,
정보통신,정보통신공사업,11603,(주)세븐미어캣,,,311824,289300,,,,,,
정보통신,정보통신공사업,11604,주식회사 세진테크,,,311435,285500,,,,,,
정보통신,정보통신공사업,11605,(주)에스디테크놀러지,,,311544,285300,,,,,,
정보통신,정보통신공사업,11606,하하정보통신(주),,,201813,284100,,,,,,
정보통신,정보통신공사업,11607,에이엔티코리아 주식회사,,,203447,283500,,,,,,
정보통신,정보통신공사업,11607,"포인트아이 주식회사(POINTI Co., Ltd.)",,,202210,283500,,,,,,
정보통신,정보통신공사업,11609,제이엠정보통신,,,630347,283000,,,,,,
정보통신,정보통신공사업,11610,주식회사 디에이치디,,,312071,274700,,,,,,
정보통신,정보통신공사업,11611,창성건설(주),,,311041,273200,,,,,,
정보통신,정보통신공사업,11612,유한회사 아이티솔루션,,,630326,272500,,,,,,
정보통신,정보통신공사업,11613,효성티앤에스 주식회사,,,110646,271300,,,,,,
정보통신,정보통신공사업,11614,(주)에스알디코리아,,,540389,270700,,,,,,
정보통신,정보통신공사업,11615,주식회사 엠알바스,,,201285,267400,,,,,,
정보통신,정보통신공사업,11616,한일건설(주),,,110362,266000,,,,,,
정보통신,정보통신공사업,11617,주식회사 쿼드마이너,,,203903,252000,,,,,,
정보통신,정보통신공사업,11618,"주식회사 에티버스 (ETEVERS CO.,LTD.)",,,200638,249800,,,,,,
정보통신,정보통신공사업,11619,주식회사 비에이인프라,,,203180,245400,,,,,,
정보통신,정보통신공사업,11620,(주)새하컴즈,,,201810,244100,,,,,,
정보통신,정보통신공사업,11620,(주)오맥스,,,310186,244100,,,,,,
정보통신,정보통신공사업,11620,"주식회사 프리티(FreeT, Inc.)",,,203153,244100,,,,,,
정보통신,정보통신공사업,11623,주식회사 에이스전자,,,350531,240000,,,,,,
정보통신,정보통신공사업,11624,(주)케이씨이아이,,,200315,230800,,,,,,
정보통신,정보통신공사업,11625,주식회사 새롬아이씨티,,,440066,227500,,,,,,
정보통신,정보통신공사업,11626,중앙미디어네트워크(주),,,520082,227300,,,,,,
정보통신,정보통신공사업,11627,"주식회사 타이드(TIDE Co., Ltd.)",,,203449,225400,,,,,,
정보통신,정보통신공사업,11627,청안미디어,,,203335,225400,,,,,,
정보통신,정보통신공사업,11629,(주)엑스엔시스템즈,,,201651,207800,,,,,,
정보통신,정보통신공사업,11630,주식회사 데이터스트림즈,,,203451,205700,,,,,,
정보통신,정보통신공사업,11631,주식회사 줄탁동시소프트,,,420531,204600,,,,,,
정보통신,정보통신공사업,11631,올테크,,,312372,204600,,,,,,
정보통신,정보통신공사업,11631,"주식회사 코어빌더(CoreBuilder Co., Ltd.)",,,204083,204600,,,,,,
정보통신,정보통신공사업,11631,스탠다드네트웍스 주식회사,,,203432,204600,,,,,,
정보통신,정보통신공사업,11635,주식회사 성우,,,310373,190400,,,,,,
정보통신,정보통신공사업,11636,(주)유스텍,,,310914,187800,,,,,,
정보통신,정보통신공사업,11637,주식회사 청화이엔씨,,,113070,184800,,,,,,
정보통신,정보통신공사업,11638,(주)비젼웨이브,,,630013,183200,,,,,,
정보통신,정보통신공사업,11639,"주식회사 씨아이에스엠텍(CISMTECH Co., Ltd)",,,200957,170700,,,,,,
정보통신,정보통신공사업,11640,에이제이아이씨티 주식회사 (AJ ICT Co. Ltd.),,,203805,165200,,,,,,
정보통신,정보통신공사업,11641,"비엠텍시스템 주식회사(BM Tech System Co., Ltd.)",,,203200,146500,,,,,,
