대분류,중분류,순위,상호,대표자,소재지,등록번호,시공능력평가액,공사실적평가액,경영평가액,기술능력평가액,신인도평가액,건설공사실적,기술자수
기계설비,기계설비·가스공사업,1,(주)가가건설,이경화,강원,강원2000-12-08,2076,689,1077,260,49,1044,2
기계설비,기계설비·가스공사업,2,(주)가가설비,이성주,서울,용산2021-10-01,2434,311,1870,252,0,450,2
기계설비,기계설비·가스공사업,3,(주)가가이엔지,"김호협, 장광회",부산,부산남구2011-10-01,554,280,0,254,20,392,2
기계설비,기계설비·가스공사업,4,(주)가경코스모,조문희,서울,송파-12-10-05,14087,1396,8381,4206,102,4432,29
기계설비,기계설비·가스공사업,5,(주)가나,이명화,강원,강릉21-10-01호,966,431,252,281,0,645,3
기계설비,기계설비·가스공사업,6,(주)가나건설산업,조덕연,경기,강남-01-12-16,8699,3201,4491,686,320,6171,5
기계설비,기계설비·가스공사업,7,(주)가나공영,곽영단,울산,울산울주2017-10-32,6858,5412,0,1209,236,6797,9
기계설비,기계설비·가스공사업,8,가나기업(주),이정인,전북,광주북-2006-27-01-2,2854,584,1561,666,41,1394,5
기계설비,기계설비·가스공사업,9,(주)가나엔지니어링,이계난,경기,평택10-10-2,2630,371,1301,930,26,480,7
기계설비,기계설비·가스공사업,10,가나용역(주),한대승,울산,울산중구2022-파-2,862,215,394,252,0,183,2
기계설비,기계설비·가스공사업,11,(유)가나이엔씨,기경근,전북,전북전주2020-10-1,708,339,83,271,14,40,2
기계설비,기계설비·가스공사업,12,(주)가나이엔지,방화숙,충남,충남천안-2019-10-14,1237,207,768,252,8,352,2
기계설비,기계설비·가스공사업,13,(주)가나이엠티,"이기재, 손미자",경기,성남-2002-12-2,3072,932,1162,883,93,1219,7
기계설비,기계설비·가스공사업,14,(주)가나테크,김수동,경남,창원의창2021-10-04,682,179,250,252,0,299,2
기계설비,기계설비·가스공사업,15,(주)가덕,조찬웅,전북,전북익산2000-1-81,2195,842,637,631,84,447,5
기계설비,기계설비·가스공사업,16,가덕건설(주),김수,전북,전북정읍25-파-02호,1508,165,763,579,0,237,4
기계설비,기계설비·가스공사업,17,(주)가덕건설산업,김창현,대전,대전대덕-2000-12-5,2750,910,1181,568,91,1029,4
기계설비,기계설비·가스공사업,18,(주)가람,김정호,울산,울산남구2012-10-05,5040,2921,785,1124,208,5831,2
기계설비,기계설비·가스공사업,19,(주)가람건설,윤현권,전남광주,광주광산2010-10-03,551,259,21,252,18,123,2
기계설비,기계설비·가스공사업,20,(주)가람건영,서성원,인천,인천부평구2003-12-01,1279,472,432,327,47,340,2
기계설비,기계설비·가스공사업,21,가람누리,박도원,경기,포천20-10-01,1106,454,372,259,19,641,2
기계설비,기계설비·가스공사업,22,(유)가람산업개발,이화승,전북,전북전주2004-12-2,2196,655,1210,264,65,785,2
기계설비,기계설비·가스공사업,23,(주)가람씨앤에이,임소영,서울,은평-2019-10-1,1209,332,357,505,14,514,4
기계설비,기계설비·가스공사업,24,가람엔지니어링(유),최재호,대전,대전-94-12-13,14941,4730,8487,1250,473,6263,9
기계설비,기계설비·가스공사업,25,(주)가람이엔씨,유인상,인천,인천남동09-10-08,2662,960,1236,397,68,2083,3
기계설비,기계설비·가스공사업,26,(주)가람이엔지,서해석,경기,하남2019-10-01,3761,1844,1584,252,79,3129,2
기계설비,기계설비·가스공사업,27,(주)가람이엔지,이수진,충남,충남아산-2018-10-07,8652,7171,920,252,307,9353,2
기계설비,기계설비·가스공사업,28,(주)가람테크,안형우,부산,부산강서2019-10-01,2475,736,1178,529,31,2224,4
기계설비,기계설비·가스공사업,29,가람환경(주),서민아,강원,원주2020-10-02호,698,35,409,252,1,109,2
기계설비,기계설비·가스공사업,30,(유)가림엔지니어링,문상호,전북,전북전주2006-27-1-1,5379,1445,3030,757,144,2264,6
기계설비,기계설비·가스공사업,31,(주)가림이엔지,이소근,인천,인천서구2009-10-06,965,392,253,290,28,773,2
기계설비,기계설비·가스공사업,32,(주)가보건설,김응진,대전,대전동구-2023-21-07,2684,307,1846,529,0,130,4
기계설비,기계설비·가스공사업,33,(주)가스로드,길영만,대전,인천동구2005-27-01-01,2877,948,1202,631,94,1298,5
기계설비,기계설비·가스공사업,34,(주)가스올테크,배성문,경북,경북포항2020-23-01,2630,1182,763,633,50,2174,5
기계설비,기계설비·가스공사업,35,가스웨이텍(주),김형택,경기,부천17-23-4,680,110,186,378,4,136,3
기계설비,기계설비·가스공사업,36,(주)가스쟁이,이후락,인천,인천남동16-23-01,2694,495,1798,378,21,329,3
기계설비,기계설비·가스공사업,37,가스켐테크놀로지(주),조창현,충남,충남천안10-23-01,235,144,8,72,10,24,3
기계설비,기계설비·가스공사업,38,가스코리아(주),이영헌,전남광주,광양2013-23-01,1464,530,391,505,37,339,4
기계설비,기계설비·가스공사업,39,가스텍(주),도기영,경기,부천-2000-27-(1종)-12,1937,723,511,631,72,668,5
기계설비,기계설비·가스공사업,40,(주)가스텍이엔지,한만규,경기,수원2016-23-01,1468,593,470,378,25,771,3
기계설비,기계설비·가스공사업,41,가스파워(주),김병석,서울,금천-19-10-06,2236,537,1152,524,23,905,4
기계설비,기계설비·가스공사업,42,(주)가야기술,모희종,경남,부산사상 08-10-02,1961,569,720,631,40,55,5
기계설비,기계설비·가스공사업,43,(주)가야산업개발,김혜주,부산,부산진 2020-10-01,1604,247,909,436,10,491,3
기계설비,기계설비·가스공사업,44,(주)가야산업개발,손기철,대구,수성구 2009-12-03,2941,609,1783,505,43,642,4
기계설비,기계설비·가스공사업,45,(주)가야선광,김윤정,울산,창원의창 2012-10-03,1384,157,944,271,11,84,2
기계설비,기계설비·가스공사업,46,(주)가야외장,김말순,경북,이천21-10-04,598,53,292,252,0,91,2
기계설비,기계설비·가스공사업,47,(유)가야이엔지,박언수,전북,전북전주2014-10-7,2293,1362,524,309,97,832,2
기계설비,기계설비·가스공사업,48,(주)가야플랜트,조인희,경기,안성2025-파-0004,1101,0,822,278,0,0,2
기계설비,기계설비·가스공사업,49,(주)가야환경,조인희,경기,안성2009-10-1,14067,9048,2548,1821,648,10704,12
기계설비,기계설비·가스공사업,50,(주)가온,박지민,충남,충남태안2025-13-01,389,0,117,271,0,0,2
기계설비,기계설비·가스공사업,51,가온기업(주),이재근,부산,부산강서2015-10-05,2483,1032,961,416,73,2419,3
기계설비,기계설비·가스공사업,52,(주)가온비엔텍,문태영,대전,대전대덕-17-10-04,1973,1268,0,650,54,1126,5
기계설비,기계설비·가스공사업,53,(주)가온에너지,김찬규,서울,종로-24-파-01,722,236,227,258,0,214,3
기계설비,기계설비·가스공사업,54,(주)가온웨이브,이도엽,경기,남양주-25-파-03,1359,549,431,378,0,785,3
기계설비,기계설비·가스공사업,55,(주)가온이앤아이,강영준,경기,인천부평구2022-13-05,4184,2524,1280,378,0,4075,3
기계설비,기계설비·가스공사업,56,(주)가온이앤아이,윤동식,경기,안양-21-10-02,4854,2470,2005,378,0,1844,3
기계설비,기계설비·가스공사업,57,가온이앤지(주),이희성,서울,경북포항2008-10-05,693,529,0,126,37,0,1
기계설비,기계설비·가스공사업,58,(주)가온이엔지,김명님,전남광주,광주북-24-파-05,781,190,301,290,0,389,2
기계설비,기계설비·가스공사업,59,(주)가온이엔지,김문현,울산,울산울주2026-파-4,520,0,267,252,0,0,2
기계설비,기계설비·가스공사업,60,(주)가온이엔지,김경수,경기,충남천안-01-27-6,1928,735,488,631,73,1053,5
기계설비,기계설비·가스공사업,61,(주)가온이엔지,박인희,전남광주,전남화순2019-10-02,1701,601,948,126,25,0,1
기계설비,기계설비·가스공사업,62,(주)가온테크,박홍용,전북,전북완주-2024-파-01호,1615,966,396,252,0,866,2
기계설비,기계설비·가스공사업,63,(주)가온테크,유근숙,전남광주,전남장성2018-10-02,637,92,287,252,3,74,2
기계설비,기계설비·가스공사업,64,(주)가온텍,김병희,인천,인천남동20-10-06,1992,156,763,1065,6,255,7
기계설비,기계설비·가스공사업,65,(주)가온티엔씨,방신정,울산,울산울주2014-10-13,734,279,182,252,19,224,2
기계설비,기계설비·가스공사업,66,가온플랜트(주),박도진,경북,경북경주2017-10-01,19273,5751,7914,5355,251,9047,38
기계설비,기계설비·가스공사업,67,가와종합건설(주),장동식,서울,종로-20-27-1-7,9780,3796,4645,632,705,4378,5
기계설비,기계설비·가스공사업,68,가원엔지니어링(주),홍광택,제주,제주 제주2017-23-01,1063,316,217,515,13,655,4
기계설비,기계설비·가스공사업,69,(주)가원이앤씨,진석원,부산,부산동래2017-10-1,529,65,189,271,2,95,2
기계설비,기계설비·가스공사업,70,(주)가은이엔지,김석진,대구,대구 남구2012-10-02,4805,989,3045,698,70,1950,5
기계설비,기계설비·가스공사업,71,(주)가인건설,주길식,경남,창원진해2024-파-01,2507,264,1320,921,0,346,7
기계설비,기계설비·가스공사업,72,(주)가인엔지니어링,이진규,인천,인천남구2012-23-1,1188,202,592,378,14,161,3
기계설비,기계설비·가스공사업,73,(주)가인이앤씨,김현국,서울,성동23-파-02,1780,857,290,631,0,912,5
기계설비,기계설비·가스공사업,74,(주)가인지엔티,김낙종,경북,안양-13-10-02,4927,1131,3283,431,80,1909,3
기계설비,기계설비·가스공사업,75,가인테크(주),김의래,충남,충남당진-2015-10-05,1778,231,1277,252,16,271,2
기계설비,기계설비·가스공사업,76,(주)가전각색,김윤기,서울,강남-22-파-07,507,326,17,163,0,698,2
기계설비,기계설비·가스공사업,77,(주)가진엔지니어링,박종호,경기,강남-01-12-9,6334,3858,692,1397,385,5952,10
기계설비,기계설비·가스공사업,78,(주)가포엔지니어링,송원근,충북,충북청주제10-10-4,2335,477,1560,263,34,405,2
기계설비,기계설비·가스공사업,79,(주)강경이엔지,유현석,강원,강릉05-12-02,3184,953,1544,591,95,2523,4
기계설비,기계설비·가스공사업,80,강남건설(주),송순애,경북,경북김천2018-10-01,835,173,402,252,7,269,2
기계설비,기계설비·가스공사업,81,강남도시가스(주),최미옥,대구,대구북구11-27-1-101,2315,321,1312,659,22,611,5
기계설비,기계설비·가스공사업,82,(주)강남에너텍,김범준,충남,충남보령-2005-12-07,1170,383,481,266,38,1077,2
기계설비,기계설비·가스공사업,83,(유)강남이엔지,전지은,전북,전북전주2024-파-3호,1302,188,609,505,0,171,4
기계설비,기계설비·가스공사업,84,(주)강동산업,김정미,강원,충남논산-97-12-1,521,62,200,252,6,184,2
기계설비,기계설비·가스공사업,85,(주)강동이앤씨,정일영,대구,대구99-12-246,3493,1219,1596,450,226,1810,3
기계설비,기계설비·가스공사업,86,강력이앤씨(주),송명순,강원,강원-97-12-1,2483,863,897,635,86,1523,4
기계설비,기계설비·가스공사업,87,(주)강릉공조기상사,배연순,강원,강릉09-10-08,3108,1047,1670,315,74,1143,2
기계설비,기계설비·가스공사업,88,강북냉열기,김규일,대구,대구북구2008-12-6,1317,131,900,276,9,380,2
기계설비,기계설비·가스공사업,89,강북설비건설(주),서헌원,충남,충남공주-2010-10-02,1445,371,663,383,26,348,3
기계설비,기계설비·가스공사업,90,강산공영(주),송인보,충남,대전-96-12-5,2433,1037,766,525,103,932,4
기계설비,기계설비·가스공사업,91,강산기술검사(주),전태호,경남,김해2019-10-02,1315,285,512,505,12,680,4
기계설비,기계설비·가스공사업,92,강산산업개발(주),"이상진, 김희순",서울,포천11-10-1,1433,140,900,382,10,0,3
기계설비,기계설비·가스공사업,93,강산설비(주),양기립,부산,부산동래2022-10-1,1252,678,302,271,0,1440,2
기계설비,기계설비·가스공사업,94,(주)강서이엔씨,김정완,충북,성남-2006-12-3,813,309,229,252,22,68,2
기계설비,기계설비·가스공사업,95,강신엔지니어링,강신규,인천,계양2020-10-01,3282,1580,1072,561,68,3309,4
기계설비,기계설비·가스공사업,96,강우기업(주),이준목,서울,전남-12-3,103592,21667,65304,14434,2185,33048,99
기계설비,기계설비·가스공사업,97,(주)강운테크,김성원,경남,함안 2010-10-04,936,0,683,252,0,0,2
기계설비,기계설비·가스공사업,98,(주)강원,김부일,강원,춘천2008-10-02,1402,467,237,664,33,1063,4
기계설비,기계설비·가스공사업,99,(주)강원가스엔지니어링,박대성,경남,마산2002-27-1-9,1360,358,587,378,35,450,3
기계설비,기계설비·가스공사업,100,강원건설(주),권오경,강원,영월 2005-12-01,443,90,91,252,9,0,2
기계설비,기계설비·가스공사업,101,(주)강원그린텍,박경희,경북,경북안동2015-10-02,1620,705,542,322,50,1106,2
기계설비,기계설비·가스공사업,102,(주)강원기업,손명수,강원,강릉08-10-30,1452,165,995,280,11,443,2
기계설비,기계설비·가스공사업,103,(주)강원브이아이피시스템,김도경,강원,춘천2012-10-02,1743,493,452,762,35,612,6
기계설비,기계설비·가스공사업,104,강원시스템,김봉철,강원,춘천2008-10-01,1651,752,592,252,53,163,2
기계설비,기계설비·가스공사업,105,(주)강원에너지,"신진용, 유승주",전북,89-서울-12-41,2219,1030,0,1084,103,0,6
기계설비,기계설비·가스공사업,106,(주)강원에너지,김경숙,강원,강원2000-12-8,1150,252,248,631,18,702,5
기계설비,기계설비·가스공사업,107,(주)강원이엔지,양일근,강원,광주동2013-10-04,991,174,546,258,12,220,2
기계설비,기계설비·가스공사업,108,(주)강인아이엔씨,윤용오,대전,대전유성 2026-파-2호,452,0,129,323,0,0,3
기계설비,기계설비·가스공사업,109,(주)강일건설,강은주,세종,충남보령2025-13-03호,2520,366,1612,541,0,523,4
기계설비,기계설비·가스공사업,110,(주)강일이엔지,최형규,서울,광주북2010-10-01,6116,2136,3101,726,153,4359,5
기계설비,기계설비·가스공사업,111,강주엔지니어링,임용혁,울산,울산중구2022-파-4,1735,691,772,271,0,1124,2
기계설비,기계설비·가스공사업,112,강진건설(주),이은상,경남,창원성산2025-파-01,1639,835,424,378,0,1193,3
기계설비,기계설비·가스공사업,113,(주)강철산업개발,박주형,전남광주,광주서-22-파-01,1554,643,494,416,0,613,3
기계설비,기계설비·가스공사업,114,(주)강현이엔씨,이민준,인천,인천부평구2022-13-01,2618,1693,545,378,0,514,3
기계설비,기계설비·가스공사업,115,(주)강호이엔지,이승현,전남광주,광주광산2004-12-04,1903,643,942,252,64,598,2
기계설비,기계설비·가스공사업,116,(주)거남,남궁엽,서울,마포-02-12-3,10509,5652,3815,475,565,8655,3
기계설비,기계설비·가스공사업,117,(주)거농엔지니어링,고재권,전북,전북남원2012-10-01,1785,658,749,331,47,1155,2
기계설비,기계설비·가스공사업,118,(주)거도,김종인,전남광주,광주북2021-10-04,135,90,0,45,0,0,3
기계설비,기계설비·가스공사업,119,(주)거람,이창우,서울,95-서울-12-48,4539,1525,1822,1038,152,1823,8
기계설비,기계설비·가스공사업,120,거룡산업(주),김홍욱,경남,창원 2005-12-11,612,58,169,378,5,34,3
기계설비,기계설비·가스공사업,121,(주)거륜에너텍,박기환,경기,경북포항99-12-42,15100,3856,9199,1658,385,5723,11
기계설비,기계설비·가스공사업,122,거림기업,최장곤,대구,대구동구2002-12-04,2125,718,787,547,71,1015,4
기계설비,기계설비·가스공사업,123,거명이앤씨(주),반재경,전남광주,광양98-12-05,113413,77863,19535,8094,7919,91089,25
기계설비,기계설비·가스공사업,124,(주)거복공영,박종진,경기,화성21-10-14,751,319,179,252,0,829,2
기계설비,기계설비·가스공사업,125,(주)거봉특수엔지니어링,유영삼,전남광주,여수2019-10-05,3097,491,2332,252,21,378,2
기계설비,기계설비·가스공사업,126,거북설비(주),이민호,부산,부산92-12-24,9211,1356,6453,1264,136,1348,9
기계설비,기계설비·가스공사업,127,(주)거산건설,하성일,경남,진주26-파-03,831,0,396,435,0,0,3
기계설비,기계설비·가스공사업,128,(주)거산기연,"정영근, 김남식",서울,노원-10-10-01,16200,5806,8502,1477,414,11040,8
기계설비,기계설비·가스공사업,129,거산기전,안경확,경남,창원의창2023-파-02,930,189,360,380,0,392,3
기계설비,기계설비·가스공사업,130,(주)거산이앤씨,김순희,경북,경북칠곡2013-10-03,3356,364,2188,776,26,662,6
기계설비,기계설비·가스공사업,131,(주)거산이앤지,"이용철, 이경화",경기,광명24-파-3,1318,130,900,287,0,237,2
기계설비,기계설비·가스공사업,132,(주)거산이엔지,하성일,경남,진주2018-23-1,8169,2334,5076,657,100,8338,5
기계설비,기계설비·가스공사업,133,(주)거산이엠피,허태기,경기,수원-23-파-05,3947,1901,1793,252,0,1032,2
기계설비,기계설비·가스공사업,134,(주)거산지엔에스,이용순,경기,부천-23-파-07,1324,128,900,295,0,413,2
기계설비,기계설비·가스공사업,135,(주)거성,김현정,전남광주,광주북2019-10-03,796,100,436,255,4,47,2
기계설비,기계설비·가스공사업,136,(주)거성,이기훈,강원,강원2002-12-8,1643,254,1092,271,25,504,2
기계설비,기계설비·가스공사업,137,(주)거성방재시스템,오기윤,경기,구리 2020-10-03,803,29,520,252,1,104,2
기계설비,기계설비·가스공사업,138,거성산업(주),김선우,인천,인천-97-12-9,9076,6938,1059,384,693,9019,2
기계설비,기계설비·가스공사업,139,거성산업(주),오윤택,전남광주,광주북2016-10-04,1973,751,785,404,32,1395,3
기계설비,기계설비·가스공사업,140,(주)거성에너지,황원용,전남광주,순천2002-12-01,653,340,0,278,34,99,2
기계설비,기계설비·가스공사업,141,(주)거성이엔지,이이철,경북,경북구미2013-10-01,3188,952,1660,506,68,1714,4
기계설비,기계설비·가스공사업,142,거성해운앤엔지니어링(주),원경희,경남,경남거제2022-파-03,10391,7514,701,2175,0,15287,2
기계설비,기계설비·가스공사업,143,(주)거송이엔지,김진철,전남광주,광주광산2020-10-01,1264,203,715,336,8,183,2
기계설비,기계설비·가스공사업,144,(주)거승설비,이중희,대구,대구달서구2016-10-3,3139,898,1497,704,38,1774,5
기계설비,기계설비·가스공사업,145,(주)거암디엔씨,박필제,부산,부산남구2020-10-01,3688,951,1573,1122,41,2269,8
기계설비,기계설비·가스공사업,146,(주)거양,김종규,경기,고양2016-10-05,13870,7549,3993,1996,330,12772,8
기계설비,기계설비·가스공사업,147,(주)거양링커스,이태석,서울,강남-09-10-01,9259,3836,4567,580,274,6782,4
기계설비,기계설비·가스공사업,148,거영공조(주),"유경희, 이재휴",경남,부산진2012-10-01,3626,2211,877,378,157,1956,3
기계설비,기계설비·가스공사업,149,(주)거윤설비,오현철,제주,제주 제주2012-10-06,3419,2058,544,669,147,3652,5
기계설비,기계설비·가스공사업,150,거인이엔씨(주),하석진,전남광주,여수-22-파-07,574,169,152,252,0,349,2
기계설비,기계설비·가스공사업,151,거제이엔지(주),강병헌,경남,경남거제2021-10-03,2053,1036,449,567,0,1695,4
기계설비,기계설비·가스공사업,152,(주)거진공영,최종렬,경기,경기-98-12-17,1238,77,900,252,7,190,2
기계설비,기계설비·가스공사업,153,(주)거창,한만조,경기,용인2012-10-3,1507,95,900,505,6,0,4
기계설비,기계설비·가스공사업,154,(주)거창엔지니어링,고상규,대전,대전유성-2017-10-3,4318,1652,1454,1140,71,1498,9
기계설비,기계설비·가스공사업,155,(주)거화,엄기현,강원,강원 99-12-13,2919,1157,908,738,115,1516,5
기계설비,기계설비·가스공사업,156,거화환경산업(주),김희자,경기,부천-20-10-08,4842,1995,1728,1032,85,2454,7
기계설비,기계설비·가스공사업,157,(주)건국,이재수,전북,전북전주2023-파-8호,1355,12,900,443,0,39,3
기계설비,기계설비·가스공사업,158,(주)건국이엔씨,노상철,경기,강남-00-27-1-31,6545,1316,4465,631,131,2062,5
기계설비,기계설비·가스공사업,159,(주)건기,김병철,경기,김해 2000-12-02,1896,113,658,1113,11,0,9
기계설비,기계설비·가스공사업,160,(주)건동,정규선,경남,창원진해2025-파-01,2545,220,1005,1319,0,314,10
기계설비,기계설비·가스공사업,161,(주)건동엔지니어링,유경숙,서울,성남-2004-12-6,19667,9608,6558,2531,969,18978,11
기계설비,기계설비·가스공사업,162,(주)건명,손정락,대구,경북칠곡2010-10-02,2653,472,1889,257,33,811,2
기계설비,기계설비·가스공사업,163,건명특수기계,이종춘,경기,화성19-10-40,962,324,159,464,13,455,4
기계설비,기계설비·가스공사업,164,(유)건승개발,유상진,전북,전북전주2015-23-01,2404,860,589,893,61,1994,7
기계설비,기계설비·가스공사업,165,(주)건아시스템,심은성,경남,진주 2012-10-07,1326,579,452,252,41,1366,2
기계설비,기계설비·가스공사업,166,(유)건양공사,정기운,전북,전북-12-75,2605,370,1746,450,37,814,3
기계설비,기계설비·가스공사업,167,(주)건양공영,백종원,전남광주,대구12-180,4159,2860,520,492,286,1376,3
기계설비,기계설비·가스공사업,168,(주)건양기계,송병찬,충북,충북단양25-파-1,4934,3875,661,397,0,5535,3
기계설비,기계설비·가스공사업,169,(주)건양전력,김양은,대전,대전중구-21-10-04,1480,25,900,554,0,36,4
기계설비,기계설비·가스공사업,170,(주)건영,"김용환, 이수민",충남,충남보령-2014-10-03,3968,1662,638,1548,118,3043,12
기계설비,기계설비·가스공사업,171,(유)건영산업,이경화,전북,전북김제2021-10-01,1339,458,491,389,0,1063,3
기계설비,기계설비·가스공사업,172,건영설비(주),조탁래,경남,경남 96-12-6,759,48,371,334,4,76,2
기계설비,기계설비·가스공사업,173,건영설비(주),하인천,제주,제주 제주2013-10-02,1207,33,900,271,2,0,2
기계설비,기계설비·가스공사업,174,(주)건영엔지니어링,손봉일,강원,강릉10-23-19,4484,1060,2698,650,75,1396,5
기계설비,기계설비·가스공사업,175,건영엔지니어링(주),정기태,경북,경북포항2001-12-19,1163,649,196,252,64,247,2
기계설비,기계설비·가스공사업,176,(주)건영엔지니어링,정순석,경남,창원 2009-10-04,1313,241,802,252,17,419,2
기계설비,기계설비·가스공사업,177,(주)건영이엠씨,김영근,전남광주,나주2016-10-02,2236,543,1271,397,23,829,3
기계설비,기계설비·가스공사업,178,건영전기(주),김병곤,전남광주,여수-22-파-15,1152,0,900,252,0,0,2
기계설비,기계설비·가스공사업,179,(주)건우,"윤화순, 조종훈",경기,파주-2001-12-1,9138,1126,6760,1137,112,2291,8
기계설비,기계설비·가스공사업,180,(주)건우건축설비,이홍,인천,인천-99-12-5,4300,1951,1774,378,195,3850,3
기계설비,기계설비·가스공사업,181,건우기계설비(주),"김병석, 김용관",경기,서울-12-299,3335,1599,1174,402,159,0,2
기계설비,기계설비·가스공사업,182,(주)건우기전,김영준,경남,창원마회2025-파-04,2048,11,900,1136,0,16,9
기계설비,기계설비·가스공사업,183,(주)건우설비,장효덕,경북,경북97-12-11,3790,596,2673,461,59,582,3
기계설비,기계설비·가스공사업,184,건우엔지니어링(주),김두봉,경기,안산-2002-27-376,1442,292,741,378,29,572,3
기계설비,기계설비·가스공사업,185,(주)건우이엔지,나건우,대전,대전대덕-17-10-02,589,183,145,252,7,183,2
기계설비,기계설비·가스공사업,186,(주)건우테크,최홍주,경기,평택21-10-0003,1694,511,867,315,0,1828,2
기계설비,기계설비·가스공사업,187,(유)건웅플랜트,이길웅,전남광주,여수-26-파-01,391,0,120,271,0,0,2
기계설비,기계설비·가스공사업,188,(주)건원엠이씨,편세진,서울,대전서구24-파-3호,424,145,137,140,0,176,5
기계설비,기계설비·가스공사업,189,(주)건일,김은영,강원,춘천2019-10-01호,899,266,367,254,11,206,2
기계설비,기계설비·가스공사업,190,(주)건일씨엔에스,박미영,서울,은평-22-파-3,2116,209,1255,652,0,386,5
기계설비,기계설비·가스공사업,191,(주)건일엠앤에프,류건영,경기,수원2018-10-04,1189,606,304,252,26,905,2
기계설비,기계설비·가스공사업,192,(주)건일이엔지,김종옥,경기,부천-2003-12-0004,4572,1762,1864,769,176,972,4
기계설비,기계설비·가스공사업,193,(주)건창산업,권준수,대구,대구달서구2020-10-03호,1522,301,829,378,12,236,3
기계설비,기계설비·가스공사업,194,(유)건창엔지니어링,유양임,전북,전북-12-100,1014,399,176,397,39,380,3
기계설비,기계설비·가스공사업,195,건탑씨엔씨(주),최재형,서울,금천-14-10-01,5052,1341,2777,837,95,87,4
기계설비,기계설비·가스공사업,196,(주)건하,윤영노,충남,충남당진2010-23-01,553,69,133,345,4,79,3
기계설비,기계설비·가스공사업,197,(주)건호이엔씨,정성호,울산,속초2005-12-002,22203,10226,6152,4763,1060,22580,33
기계설비,기계설비·가스공사업,198,건호이엔씨(주),박정현,전남광주,여수2019-10-15,5347,4526,121,505,193,7120,4
기계설비,기계설비·가스공사업,199,(주)경국,장기상,대전,대전-96-12-10,429,61,46,315,6,181,2
기계설비,기계설비·가스공사업,200,(주)경국건설,김오섭,경남,양산 2011-10-01,5013,650,3900,416,46,748,3
기계설비,기계설비·가스공사업,201,(주)경기공조시스템,최난식,경기,화성17-10-12,2137,1231,600,252,52,2069,2
기계설비,기계설비·가스공사업,202,(주)경기기공,"황규상, 김남선",경기,평택21-10-0009,1973,711,946,315,0,1995,2
기계설비,기계설비·가스공사업,203,(주)경기방재,최대현,경기,의정부-2003-12-1,2778,337,2027,378,33,54,3
기계설비,기계설비·가스공사업,204,경기산업(주),김성기,경기,경기-98-12-38,3707,1677,960,901,167,1858,6
기계설비,기계설비·가스공사업,205,경남공조(주),"문제웅, 문정식",경남,진주 2004-12-1,1664,399,972,252,39,616,2
기계설비,기계설비·가스공사업,206,경남기업(주),이기동,충남,98-27-1-1,12915,0,900,12015,0,0,72
기계설비,기계설비·가스공사업,207,(주)경남소방엔지니어링,강종만,경남,창원마합2025-파-01,2258,283,1702,271,0,405,2
기계설비,기계설비·가스공사업,208,경남에너지(주),신창동,경남,경남창원99-27-1-3,0,0,0,0,0,0,31
기계설비,기계설비·가스공사업,209,경남엔지니어링(주),조일랑,경남,경남창원2000-12-04,1761,192,1152,397,19,332,3
기계설비,기계설비·가스공사업,210,(주)경남엔지니어링,백철수,부산,김해2015-10-01,901,384,237,252,27,508,2
기계설비,기계설비·가스공사업,211,경남하이테크(주),박기은,경남,사천 2010-23-1-1,3478,1547,1315,505,110,2501,4
기계설비,기계설비·가스공사업,212,(주)경농이엔씨,장재욱,경북,대구동구2016-10-02,1155,474,407,252,20,813,2
기계설비,기계설비·가스공사업,213,경도세기냉동,마남수,서울,서대문13-10-01,3660,1261,1888,420,90,1600,3
기계설비,기계설비·가스공사업,214,경도이엔지(주),김홍열,서울,92-서울-12-316,4538,585,2201,1693,58,654,12
기계설비,기계설비·가스공사업,215,(주)경동,"송재호, 성유경",강원,삼척 2012-12-09호,18895,2987,15374,320,213,4405,2
기계설비,기계설비·가스공사업,216,경동가스기공(주),김명식,경남,김해 2009-23-02,1332,312,618,378,22,390,3
기계설비,기계설비·가스공사업,217,(주)경동건설,박민정,전남광주,광주94-12-42,2228,420,1260,505,42,707,4
기계설비,기계설비·가스공사업,218,(주)경동기공,조성철,경북,경북울진제2005-12-2,2224,842,918,378,84,1044,3
기계설비,기계설비·가스공사업,219,(합)경동기업,정기식,경남,경남-94-12-50,795,127,238,416,12,148,3
기계설비,기계설비·가스공사업,220,(주)경동나비엔,"손연호, 손흥락, 장희철",경기,평택-2000-27-1-1,11123,3298,6358,1136,329,4884,9
기계설비,기계설비·가스공사업,221,(주)경동나비엔신재생,이은이,경북,화성18-10-04,1507,583,646,252,25,434,2
기계설비,기계설비·가스공사업,222,(주)경동설비,황선입,충남,충남-92-12-8,3997,1589,1539,709,158,1371,5
기계설비,기계설비·가스공사업,223,(주)경동설비,고희숙,제주,제주2002-12-1,627,323,0,271,32,189,2
기계설비,기계설비·가스공사업,224,(주)경동씨앤씨개발,조현서,서울,부산-92-12-34,3343,1312,1141,758,131,1035,6
기계설비,기계설비·가스공사업,225,(주)경동씨앤엘,최승엽,강원,양구2022-11-22호,632,218,161,252,0,449,2
기계설비,기계설비·가스공사업,226,경동에너텍(주),이명철,서울,강남-14-10-06,1609,410,665,505,29,541,4
기계설비,기계설비·가스공사업,227,경동에이엠(주),강창신,서울,강서-08-10-01,668,297,77,271,21,31,2
기계설비,기계설비·가스공사업,228,(주)경동원,"손연호, 김종욱",서울,충남아산-2004-12-01,3892,0,900,2992,0,0,21
기계설비,기계설비·가스공사업,229,(주)경동이앤에스,손현익,울산,서울-83-12-501,68994,10814,51320,5753,1106,11697,39
기계설비,기계설비·가스공사업,230,(주)경동이엔지,김형태,경남,진주 2004-12-3,1456,167,767,505,16,330,4
기계설비,기계설비·가스공사업,231,경동이엔지(주),김연태,강원,창원 2004-12-04,2725,473,1927,277,47,772,2
기계설비,기계설비·가스공사업,232,(주)경동티에스,"손유진, 전양균",서울,영등포18-10-03,0,0,0,0,0,0,6
기계설비,기계설비·가스공사업,233,(주)경동하우징,"송득종, 양신석, 양승원",서울,은평-98-12-1,9138,554,3324,5203,55,1248,32
기계설비,기계설비·가스공사업,234,(주)경림이엔지,윤재걸,부산,부산해운제2001-12-06,2020,1195,566,138,119,484,1
기계설비,기계설비·가스공사업,235,경문이엔지(주),소순근,서울,성북-08-10-01,8519,3588,3496,1176,257,7150,9
기계설비,기계설비·가스공사업,236,(주)경민산업,남병광,경북,경북포항2024-파-12호,1152,0,900,252,0,0,2
기계설비,기계설비·가스공사업,237,경민설비건설(주),이미영,부산,부산북구제2010-10-01,3290,403,2421,435,28,258,3
기계설비,기계설비·가스공사업,238,(주)경민이엔지,이현상,경남,파주12-10-2,3032,393,2358,252,28,422,2
기계설비,기계설비·가스공사업,239,(주)경민테크,정인오,경남,창원의창 2013-10-04,4386,1422,2317,543,102,2114,4
기계설비,기계설비·가스공사업,240,(주)경방에어텍,신환생,경기,부천-22-13-08,1284,94,900,290,0,199,2
기계설비,기계설비·가스공사업,241,(주)경보엔지니어링,우영철,제주,부산-98-12-4,681,117,0,551,11,106,5
기계설비,기계설비·가스공사업,242,(주)경부에너지,이상의,부산,남구-2000-27-1-4,3035,797,1400,757,79,1104,6
기계설비,기계설비·가스공사업,243,경북공조시스템,조재익,경북,경북안동2013-10-01,794,163,366,252,11,234,2
기계설비,기계설비·가스공사업,244,(주)경북공조에너지,박상준,경북,경북경산2010-10-4,1340,559,487,253,39,289,2
기계설비,기계설비·가스공사업,245,(주)경북플랜트,장기원,경북,경북구미2019-10-8,1350,503,446,378,21,741,3
기계설비,기계설비·가스공사업,246,(주)경북환경개발,서인덕,경북,의성2012-10-01,1269,267,604,378,19,376,3
기계설비,기계설비·가스공사업,247,(주)경빈이엔지,양철호,경기,동대문-09-10-5,1000,455,62,449,32,411,3
기계설비,기계설비·가스공사업,248,(주)경빈이엔지,이도연,경기,고양-2005-12-7,2017,365,1362,252,36,416,2
기계설비,기계설비·가스공사업,249,경산(주),변희숙,대전,대전대덕-21-10-09,1731,609,832,290,0,652,2
기계설비,기계설비·가스공사업,250,경산엔지니어링(주),손윤화,부산,사하-2002-12-4,1750,613,611,464,61,680,3
기계설비,기계설비·가스공사업,251,(주)경상소방설비,최은우,경남,창원진해2016-10-01,3121,1059,1276,740,45,1375,5
기계설비,기계설비·가스공사업,252,(주)경서,박상규,전남광주,함평2014-10-01,3437,199,1195,2028,14,711,15
기계설비,기계설비·가스공사업,253,경성건설(주),이주환,대구,대구98-12-205,671,245,149,252,24,100,2
기계설비,기계설비·가스공사업,254,(주)경성기업,윤용순,경기,평택-2001-12-5,1328,0,533,795,0,0,6
기계설비,기계설비·가스공사업,255,(주)경성방재설비,송태호,인천,인천부평구2022-13-03,4096,1318,2516,261,0,1949,2
기계설비,기계설비·가스공사업,256,(주)경성산업,최동환,경기,고양2011-10-3,320,63,0,252,4,15,2
기계설비,기계설비·가스공사업,257,(주)경성시스템,강태규,부산,부산연제2009-10-04,2856,869,1603,320,62,1740,2
기계설비,기계설비·가스공사업,258,(주)경성씨이엔지,송재호,서울,동작12-10-02,1195,623,207,319,44,126,2
기계설비,기계설비·가스공사업,259,(주)경성엠이씨,박용표,서울,부산진-2001-12-7,1791,222,1212,334,22,0,2
기계설비,기계설비·가스공사업,260,경성이엔씨(주),이제경,부산,부산사하2011-10-04,7252,1485,4880,779,106,3196,6
기계설비,기계설비·가스공사업,261,(주)경성이엔지,박찬영,충북,충북청주 22-파-26,6144,1055,4447,641,0,727,4
기계설비,기계설비·가스공사업,262,(주)경수제철건설,백종서,서울,충남당진2010-10-03,13784,0,900,12884,0,0,79
기계설비,기계설비·가스공사업,263,경신개발환경(주),조재호,경기,구리2020-10-04,1365,158,948,252,6,336,2
기계설비,기계설비·가스공사업,264,(주)경신이엔지,전병욱,전북,전북익산-24-파-05호,1206,684,268,252,0,969,2
기계설비,기계설비·가스공사업,265,경신플랜트(주),"이선직, 이동훈",인천,인천중-2000-12-1,15823,7185,5984,1932,720,10480,14
기계설비,기계설비·가스공사업,266,(주)경영엔지니어링,민경영,충북,충북영동02-12-01,1991,664,880,379,66,486,3
기계설비,기계설비·가스공사업,267,(주)경우,김동균,경남,진주 2012-23-02,1371,515,314,505,36,757,4
기계설비,기계설비·가스공사업,268,경운기술산업(주),"장은성, 박병우",경기,86-서울12-145,35512,20977,10415,2021,2097,44129,13
기계설비,기계설비·가스공사업,269,(주)경원,"안귀영, 안홍구",경기,양평2013-10-1,1377,155,935,275,11,95,2
기계설비,기계설비·가스공사업,270,(주)경원,이우섭,강원,춘천2007-12-02,982,246,340,378,17,382,3
기계설비,기계설비·가스공사업,271,(주)경원,이영원,경북,경북칠곡2016-10-01,2063,655,918,460,28,301,3
기계설비,기계설비·가스공사업,272,경원건설(주),윤경희,경기,경기99-12-10,1757,215,1141,378,21,134,3
기계설비,기계설비·가스공사업,273,(주)경원기공,한주은,서울,성동20-10-04,1474,236,722,505,10,323,4
기계설비,기계설비·가스공사업,274,경원기공(주),조규읍,부산,부산-97-12-1,6601,1129,4299,1059,112,1430,8
기계설비,기계설비·가스공사업,275,(주)경원산업,윤용철,전남광주,광주광산2013-10-07,2402,381,1612,381,27,769,3
기계설비,기계설비·가스공사업,276,(주)경원산업,김학남,경기,군포2018-10-03,1931,1145,484,252,49,1206,2
기계설비,기계설비·가스공사업,277,(유)경원산업,김석주,전북,전북군산2004-12-03,8855,3782,4171,524,378,5179,4
기계설비,기계설비·가스공사업,278,경원산업,박성관,경남,경남창원 99-12-05,1009,148,556,290,14,0,2
기계설비,기계설비·가스공사업,279,경원세기엔지니어링(주),이영호,충북,충북청주00-12-3,5665,1744,3112,633,174,3360,5
기계설비,기계설비·가스공사업,280,(주)경원엔지니어링,김경열,대구,대구99-12-232,11134,2920,6859,1061,292,3986,8
기계설비,기계설비·가스공사업,281,경원엔지니어링(주),이승원,대전,대전서구-04-27-12,1040,180,463,378,18,197,3
기계설비,기계설비·가스공사업,282,(주)경원이엔지,황용철,대구,대구북구2006-12-2,5128,1856,2877,262,132,5060,2
기계설비,기계설비·가스공사업,283,(주)경인건설,김연우,강원,원주2010-23-01,587,56,148,378,4,80,3
기계설비,기계설비·가스공사업,284,(주)경인기업,김연순,충남,전북-12-59,2835,1243,1097,369,124,4214,2
기계설비,기계설비·가스공사업,285,(합)경인수도건설,이경의,경기,충남-12-19,1275,108,900,256,10,9,2
기계설비,기계설비·가스공사업,286,(주)경인엠이씨,정남숙,인천,인천서구2024-파-03,4062,2590,524,948,0,5529,4
기계설비,기계설비·가스공사업,287,(주)경인이엔씨,이문철,경기,파주14-23-1-1,1587,848,155,524,60,685,4
기계설비,기계설비·가스공사업,288,경인이엔지(주),김영옥,부산,부산수영2008-10-02,890,262,319,291,18,321,2
기계설비,기계설비·가스공사업,289,(주)경인종합설비,김인희,인천,인천-97-12-18,2014,551,1155,252,55,711,2
기계설비,기계설비·가스공사업,290,(주)경일,조명래,전남광주,광주92-12-28,21732,8071,11493,1360,807,10133,9
기계설비,기계설비·가스공사업,291,(주)경일,김대섭,전북,전북군산-22-파-09호,1622,195,1174,252,0,172,2
기계설비,기계설비·가스공사업,292,(주)경일공조,정옥임,경기,안산2008-10-8,1102,638,165,252,45,1356,2
기계설비,기계설비·가스공사업,293,경일산업개발(주),김경영,경기,인천서구2002-12-03,3863,1647,1294,757,164,1084,6
기계설비,기계설비·가스공사업,294,(주)경일설비,하지숙,경남,진주22-파-01,1111,474,384,252,0,877,2
기계설비,기계설비·가스공사업,295,(주)경일에너지,김영학,대구,대구12-73,1234,558,349,271,55,734,2
기계설비,기계설비·가스공사업,296,경일이엔지(주),"권영일, 권일혁",경기,남양주-2005-12-5,22297,13332,4747,2884,1333,15972,16
기계설비,기계설비·가스공사업,297,(주)경일종합설비,허천수,대구,대구12-154,4917,1268,3017,505,126,1010,4
기계설비,기계설비·가스공사업,298,(주)경진,김분돌,경북,경북울진제2005-12-1,1672,298,776,568,29,452,4
기계설비,기계설비·가스공사업,299,(주)경진공조,김남희,전남광주,광주북2010-10-03,2088,597,1050,397,42,944,3
기계설비,기계설비·가스공사업,300,(주)경진기계,김곤호,울산,울산남구 2010-10-01,7501,2379,4446,505,169,2959,4
기계설비,기계설비·가스공사업,301,(주)경진아이앤에스,이경숙,충북,충북청주 24-파-06,2716,459,1624,631,0,751,5
기계설비,기계설비·가스공사업,302,(주)경진티알엠,"최병화, 김재길",경기,화성01-12-0002,5777,775,4653,271,77,1022,2
기계설비,기계설비·가스공사업,303,경찬(주),박정아,경기,김포-24-파-03,2216,262,1572,381,0,508,3
기계설비,기계설비·가스공사업,304,(주)경창엔지니어링,김경순,부산,부산사상15-10-2,1970,958,691,252,68,1422,2
기계설비,기계설비·가스공사업,305,(주)경창엔지니어링,강미자,충북,충북청주17-10-6,2796,342,2057,380,14,281,3
기계설비,기계설비·가스공사업,306,(주)경포,하규철,충남,충남당진-2022-파-12,2769,359,2157,252,0,425,2
기계설비,기계설비·가스공사업,307,(주)경현산업,우광우,경북,대구서구2005-27-1-1,900,359,0,505,35,36,4
기계설비,기계설비·가스공사업,308,(주)경호가스설비,"홍선하, 박성우",강원,원주2006-27-01-01,931,286,118,505,20,373,4
기계설비,기계설비·가스공사업,309,(주)경호타일,이은숙,충북,충북청주17-10-4,1325,399,487,421,17,783,3
기계설비,기계설비·가스공사업,310,경희이코텍(주),허경구,서울,중랑-25-파-03,1190,0,900,290,0,0,2
기계설비,기계설비·가스공사업,311,계룡건설산업(주),"윤길호, 오태식",대전,대전서구10-23-1,131570,0,900,130670,0,0,681
기계설비,기계설비·가스공사업,312,계림이엔씨(주),김재현,충북,충북청주 23-파-8,1475,123,720,631,0,379,5
기계설비,기계설비·가스공사업,313,계명기계건설(주),이동구,충북,광주-97-12-3,6922,1995,4181,545,200,1867,4
기계설비,기계설비·가스공사업,314,(주)계영,임이규,경북,경북울진제2002-12-1,2112,272,1433,378,27,307,3
기계설비,기계설비·가스공사업,315,(주)계영이엔씨,이대민,경기,수원2017-10-01,3897,2428,986,378,104,486,3
기계설비,기계설비·가스공사업,316,고강씨앤피(주),"김진홍, 서정애",경기,용인2018-10-1,4254,1519,2288,380,65,2481,3
기계설비,기계설비·가스공사업,317,(주)고구려,임채현,경남,창원마합 2020-10-02,1356,643,288,397,27,340,3
기계설비,기계설비·가스공사업,318,고려가스산업(주),이재로,서울,82-12-3,2068,552,802,658,55,1078,5
기계설비,기계설비·가스공사업,319,(주)고려냉동시스템,명도헌,경남,김해22-파-04,545,141,152,250,0,390,2
기계설비,기계설비·가스공사업,320,(주)고려리비죤,강윤수,울산,울산울주2010-10-13,7583,2781,4097,505,198,3557,4
기계설비,기계설비·가스공사업,321,(주)고려산업설비,한창수,서울,강북-04-12-1,2551,953,1123,378,95,1391,3
기계설비,기계설비·가스공사업,322,고려설비(주),홍광훈,인천,인천-98-12-3,6803,1703,4398,531,170,1590,4
기계설비,기계설비·가스공사업,323,(주)고려설비,김태홍,전남광주,광주동2000-12-02,5031,1068,3122,733,107,857,5
기계설비,기계설비·가스공사업,324,고려에너지산업(주),이은민,서울,동대문-86-27-1-1,250,107,18,113,10,148,3
기계설비,기계설비·가스공사업,325,(주)고려에프앤씨,강동일,서울,동대문-07-12-1,8795,5076,2427,926,364,8473,7
기계설비,기계설비·가스공사업,326,고려엔비텍(주),윤종하,강원,원주2010-10-05,2007,470,1086,416,33,514,3
기계설비,기계설비·가스공사업,327,고려엠지(주),윤주영,서울,송파-16-10-04,2244,1077,615,505,46,2114,4
기계설비,기계설비·가스공사업,328,(주)고려이엔지,조수연,서울,송파-17-10-02,2122,1079,554,441,46,1137,3
기계설비,기계설비·가스공사업,329,고려이엔티(주),오진숙,충북,충북괴산2014-10-1,4132,528,3172,393,37,329,3
기계설비,기계설비·가스공사업,330,고려특수건설(주),이성희,부산,부산진2020-10-02,2211,131,900,1174,5,148,9
기계설비,기계설비·가스공사업,331,(주)고려프랜트,양재의,울산,울산울주2013-10-34,300,141,22,126,10,295,1
기계설비,기계설비·가스공사업,332,(주)고려플랜트,이은호,경기,82-12-128,3820,1474,1693,505,147,2286,4
기계설비,기계설비·가스공사업,333,(주)고명시에스,김수인,경북,경북포항2005-12-02,993,293,272,398,29,630,3
기계설비,기계설비·가스공사업,334,고산건설설비(주),현윤선,울산,울산남구2009-10-12,1029,63,708,252,4,176,2
기계설비,기계설비·가스공사업,335,(주)고산지에스,하홍대,부산,부산-99-12-12,7057,1160,4312,1467,117,390,10
기계설비,기계설비·가스공사업,336,고성건설(주),최병국,서울,마포-01-12-10,1806,131,900,762,13,0,5
기계설비,기계설비·가스공사업,337,(주)고성유체,김옥남,경기,용인2020-10-2,1294,135,900,252,5,210,2
기계설비,기계설비·가스공사업,338,(주)고센이엔지,고영남,충남,충남당진-2022-파-07,7116,3045,3691,378,0,4451,3
기계설비,기계설비·가스공사업,339,(주)고암,김용준,서울,영등포19-10-03,3249,1710,403,1062,73,758,9
기계설비,기계설비·가스공사업,340,(주)고현이엔지,박현영,경기,화성11-10-12,4042,2225,1391,266,158,3063,2
기계설비,기계설비·가스공사업,341,골드원(주),김영숙,전북,전북전주2022-파-1호,675,332,89,252,0,411,2
기계설비,기계설비·가스공사업,342,공감건축(주),맹공열,경기,양평2019-10-01,197,111,81,0,4,306,0
기계설비,기계설비·가스공사업,343,(주)공감이앤지,손승한,대구,대구달서구2018-10-22호,1279,487,391,378,20,580,3
기계설비,기계설비·가스공사업,344,(주)공감이엔지,이은주,경북,여수98-12-51,556,65,357,126,6,137,1
기계설비,기계설비·가스공사업,345,공덕설비(주),이규만,대구,대구99-12-234,2129,902,816,319,90,768,2
기계설비,기계설비·가스공사업,346,공명환경기계(주),강희정,전남광주,전남장성2021-10-02,4604,1640,2112,851,0,1422,6
기계설비,기계설비·가스공사업,347,공신지엠피건설(주),"박재륜, 김규식",서울,96-서울-12-11,8784,2841,4947,711,284,3787,4
기계설비,기계설비·가스공사업,348,(주)공영,장억수,경북,서울12-412,6185,3679,1412,726,367,4549,5
기계설비,기계설비·가스공사업,349,공영건설(주),김봉환,충남,충남청양-2022-파-06,1595,165,994,434,0,0,3
기계설비,기계설비·가스공사업,350,(주)공영엔지니어링,이경원,충북,충북청주 22-파-34,1029,776,0,252,0,0,2
기계설비,기계설비·가스공사업,351,공원산업(주),허숙희,경기,안양-22-파-07,1917,942,464,510,0,1084,4
기계설비,기계설비·가스공사업,352,공조기산업(주),"양무현, 문지인",경기,용산08-10-06,4054,1084,2640,252,77,1386,2
기계설비,기계설비·가스공사업,353,공조기특판산업(주),"최재식, 최환웅",인천,인천연수06-12-01,16410,5941,9750,294,424,7295,2
기계설비,기계설비·가스공사업,354,공항시설관리(주),임동만,서울,강서-99-12-1,23419,15092,4852,1960,1513,4705,12
기계설비,기계설비·가스공사업,355,(주)관악에너지,이영채,경기,관악-09-23-01,860,222,243,378,15,242,3
기계설비,기계설비·가스공사업,356,(주)광도설비,황정욱,부산,광주북2019-10-01,7730,5412,1555,529,231,4865,4
기계설비,기계설비·가스공사업,357,광득건설(주),최근화,경남,창원의창2016-10-05,6864,288,1732,4831,12,979,16
기계설비,기계설비·가스공사업,358,(주)광림이엔지,김철호,경기,안산2012-10-008,4469,1560,1444,1219,245,1505,9
기계설비,기계설비·가스공사업,359,광명TECH,박종구,경남,창원성산 2012-10-01,3104,1179,1273,566,84,2213,4
기계설비,기계설비·가스공사업,360,(주)광명기업,최재호,전남광주,광주광산2016-10-03,1773,478,1002,271,20,669,2
기계설비,기계설비·가스공사업,361,광명기전(주),정미영,강원,영월 2017-10-01호,4602,1644,2453,433,70,2557,3
기계설비,기계설비·가스공사업,362,(주)광명산업,이학수,경기,수원-2003-12-1,9923,2487,6934,252,248,2240,2
기계설비,기계설비·가스공사업,363,(주)광명설비,박석기,서울,92-서울-12-71,3377,1058,1960,252,105,1076,2
기계설비,기계설비·가스공사업,364,광명설비ENG,장영기,경남,창원의창2020-10-01,898,371,250,261,15,641,2
기계설비,기계설비·가스공사업,365,광명이엔씨(주),이혜영,부산,부산연제-25-파-01호,804,21,530,252,0,30,2
기계설비,기계설비·가스공사업,366,(주)광명이엔지,김이환,경기,용인2020-10-1,510,47,209,252,2,0,2
기계설비,기계설비·가스공사업,367,(주)광명이엔지,이미경,전북,전북전주 2016-10-8,2008,588,1014,381,25,660,3
기계설비,기계설비·가스공사업,368,(주)광명이엔지,윤상일,대구,경북문경2002-12-01,1135,235,583,292,23,200,2
기계설비,기계설비·가스공사업,369,(주)광명전기,조광식,경기,안산2020-10-08,991,903,0,49,38,0,0
기계설비,기계설비·가스공사업,370,광명종합공사,문혁,경기,광명22-파-2,591,84,254,252,0,126,2
기계설비,기계설비·가스공사업,371,광명플랜트(주),이지훈,경기,경기-92-12-41,4302,1871,1378,864,187,1730,6
기계설비,기계설비·가스공사업,372,(주)광명플랜트,류도형,경남,창원 2006-12-01,3321,1639,1059,505,117,2564,4
기계설비,기계설비·가스공사업,373,광무설비,안치복,부산,부산북구제2013-10-01,1444,440,574,397,31,720,3
기계설비,기계설비·가스공사업,374,광민건설(주),류청열,서울,94-서울-12-218,4095,941,2175,884,94,1335,7
기계설비,기계설비·가스공사업,375,(주)광민산업,황운섭,경북,경북포항2006-12-01,4268,1257,2523,397,89,1460,3
기계설비,기계설비·가스공사업,376,광산실업(주),김기수,경남,경남-92-12-23,2151,509,1168,378,94,770,3
기계설비,기계설비·가스공사업,377,광성건설(주),문성진,울산,서울-92-12-78,1277,174,706,378,17,291,3
기계설비,기계설비·가스공사업,378,(주)광성계측기,임진규,부산,부산기장2024-파-03호,1152,0,900,252,0,0,2
기계설비,기계설비·가스공사업,379,광성기공,정재영,서울,금천-10-10-05,1386,270,699,397,19,726,3
기계설비,기계설비·가스공사업,380,(주)광성이엔지,임병모,충남,충남태안-2019-10-01,1047,215,570,252,9,307,2
기계설비,기계설비·가스공사업,381,광성피앤드씨(주),최종현,서울,관악-00-12-3,2171,861,575,647,86,975,4
기계설비,기계설비·가스공사업,382,광신기계(주),김남진,인천,인천-99-12-9,902,538,30,279,53,571,2
기계설비,기계설비·가스공사업,383,(주)광신산업개발,"송기덕, 모용현",전남광주,대구남구95-27-1-1,3763,1274,1711,650,127,2417,5
기계설비,기계설비·가스공사업,384,광야로건설(주),주윤철,부산,부산-95-12-7,8147,3089,4118,630,308,5225,4
기계설비,기계설비·가스공사업,385,광양(주),"김명훈, 한경수",전남광주,광양2002-12-04,9224,4680,3008,1067,468,7449,8
기계설비,기계설비·가스공사업,386,(주)광양냉동산업,신봉근,전남광주,광양2007-12-04,2951,1101,1391,378,78,2493,3
기계설비,기계설비·가스공사업,387,(주)광역설비,김진석,서울,양천-03-12-3,2441,627,1308,441,62,1093,3
기계설비,기계설비·가스공사업,388,광영설비(주),임학연,서울,92-서울-12-45,1239,109,866,252,10,91,2
기계설비,기계설비·가스공사업,389,(주)광우엔지니어링,홍석호,서울,서울-99-27-1-12,19350,11249,5179,1786,1134,14366,11
기계설비,기계설비·가스공사업,390,(주)광원이엔씨,박길원,제주,제주 제주2017-10-05,327,72,0,252,3,0,2
기계설비,기계설비·가스공사업,391,광원테크(주),김효수,전남광주,경북92-12-32,900,0,900,0,0,0,0
기계설비,기계설비·가스공사업,392,(주)광일냉동,박혜자,제주,대구동구-24-파-01호,727,222,252,252,0,428,2
기계설비,기계설비·가스공사업,393,(주)광일산업,김상만,부산,부산-94-12-23,5338,1503,3305,379,150,1551,3
기계설비,기계설비·가스공사업,394,(주)광일이엔씨,이강일,경기,강릉 14-10-01호,1500,1282,0,126,91,177,1
기계설비,기계설비·가스공사업,395,(주)광일테크,성기찬,부산,부산해운제2004-12-02,4699,1090,2976,523,109,1653,4
기계설비,기계설비·가스공사업,396,(주)광장이엠씨,황갑주,서울,89-서울-12-33,52947,40642,4969,3225,4110,33614,19
기계설비,기계설비·가스공사업,397,(주)광장종합건설,장운기,전남광주,광주북-24-파-03,2404,159,955,1288,0,350,10
기계설비,기계설비·가스공사업,398,(주)광전이앤에스,권수민,대구,대구달성군2025-파-02호,1152,0,900,252,0,0,2
기계설비,기계설비·가스공사업,399,(주)광조,김찬일,제주,제주 제주2016-10-03,1695,340,1087,252,14,485,2
기계설비,기계설비·가스공사업,400,광주데코임포트(주),김성숙,전남광주,전남장성2013-10-01,2060,389,1263,380,27,822,3
기계설비,기계설비·가스공사업,401,광진(유),제진모,경기,김해 2012-23-01,2022,692,649,631,49,866,5
기계설비,기계설비·가스공사업,402,(주)광진건설,이은주,대구,충남서천-2020-10-01,3533,652,2401,451,28,1252,3
기계설비,기계설비·가스공사업,403,광진기계설비,조희선,경기,포천 04-12-01,1679,421,584,631,42,682,5
기계설비,기계설비·가스공사업,404,광진기공(주),박정순,경기,대구12-75,4398,1691,1760,777,169,1634,4
기계설비,기계설비·가스공사업,405,광진기업(주),김태웅,충북,서울-78-12-57,11910,5376,3191,2799,543,6054,18
기계설비,기계설비·가스공사업,406,(주)광진산업개발,문남준,전남광주,광주북2016-10-07,1337,355,459,507,15,661,4
기계설비,기계설비·가스공사업,407,(주)광진설비,송영익,서울,서초-02-12-10,6564,2449,2991,877,246,2809,6
기계설비,기계설비·가스공사업,408,광진플랜트(주),이해균,경남,사천2018-10-1,1128,335,522,256,14,230,2
기계설비,기계설비·가스공사업,409,광천이앤씨(주),동영탁,서울,서대문-04-12-3,7579,1825,3978,1591,183,2791,12
기계설비,기계설비·가스공사업,410,(주)광평건업,김경열,대구,대구동구2015-10-1호,1841,721,815,252,51,710,2
기계설비,기계설비·가스공사업,411,광혁이엔지(주),오영기,대구,대구달서구2004-27-1-209,652,51,216,378,5,106,3
기계설비,기계설비·가스공사업,412,(주)광현이엔지,김민철,대구,대구서구2017-10-1호,784,281,238,252,12,502,2
기계설비,기계설비·가스공사업,413,광희엔지니어링(주),봉하근,충남,충남천안-2013-10-08,133,43,16,69,3,19,2
기계설비,기계설비·가스공사업,414,교림건설(주),강민재,경기,경남97-12-15,5780,1502,3514,612,150,3049,4
기계설비,기계설비·가스공사업,415,(주)교하엔텍,김현주,서울,강남-08-10-10,1273,461,525,252,32,449,2
기계설비,기계설비·가스공사업,416,(주)구남공조이엔지,김준형,대구,대구동구2008-12-2,414,82,73,252,5,11,2
기계설비,기계설비·가스공사업,417,구남엔지니어링(주),조경구,서울,동대문-04-27-1-1,1028,523,73,378,52,403,3
기계설비,기계설비·가스공사업,418,(주)구남텍,김진용,서울,강서-03-12-4,3495,1021,1740,631,102,1287,5
기계설비,기계설비·가스공사업,419,구동건설(주),장준석,강원,포천-2006-12-03,1880,468,988,389,33,580,3
기계설비,기계설비·가스공사업,420,구동이엔지(주),장주익,경남,경남마산99-12-3,3787,812,2603,290,81,1537,2
기계설비,기계설비·가스공사업,421,구보공영(주),"이상영, 유대동",서울,서울-12-186,51167,27984,15012,5364,2806,38133,20
기계설비,기계설비·가스공사업,422,(주)구산종합건설,이규웅,인천,인천연수구-24-파-1,1514,0,900,614,0,0,2
기계설비,기계설비·가스공사업,423,구상에너지(주),조재근,경기,용산-00-12-1,8195,4117,1752,1912,412,4187,12
기계설비,기계설비·가스공사업,424,구상티앤에스(주),박주홍,전남광주,여수-24-파-06,554,150,277,126,0,0,1
기계설비,기계설비·가스공사업,425,(주)구성이엔드씨,윤석구,서울,강북-12-10-01,1444,168,1008,255,12,0,2
기계설비,기계설비·가스공사업,426,(주)구인엔지니어링,정민준,서울,동대문-98-12-2,1131,63,551,510,6,124,4
기계설비,기계설비·가스공사업,427,(주)구일,김성인,울산,울산남구98-27-1-16,2090,365,1308,378,36,688,3
기계설비,기계설비·가스공사업,428,구일엔지니어링,하재명,경북,경북칠곡2024-파-04,853,0,474,378,0,0,3
기계설비,기계설비·가스공사업,429,구일종합건설(주),김찬식,충남,충남부여-2021-23-01,2232,0,900,1332,0,0,3
기계설비,기계설비·가스공사업,430,(주)구화산업개발,고상용,전남광주,광주광산2013-10-02,2472,1020,712,578,160,1700,4
기계설비,기계설비·가스공사업,431,국도건설(주),이근철,경기,인천남동06-12-05,13329,6383,5123,1184,638,8271,8
기계설비,기계설비·가스공사업,432,국도건설(주),김기범,강원,춘천2005-27-05,2728,1343,852,397,134,1188,3
기계설비,기계설비·가스공사업,433,(주)국도설비,정하섭,대전,대전중구-11-10-01,14602,5274,7315,1634,378,4665,4
기계설비,기계설비·가스공사업,434,국도정밀(주),윤환규,울산,울산울주2021-10-56,980,208,392,378,0,319,3
기계설비,기계설비·가스공사업,435,국민기업(주),장길,전남광주,여수2001-12-24,21288,13348,3967,2637,1334,29271,4
기계설비,기계설비·가스공사업,436,(유)국민이엔씨,우극원,대전,전북정읍 제07-12-04,504,41,169,290,2,0,2
기계설비,기계설비·가스공사업,437,(주)국보산업,황창,대전,대전-92-12-33,2243,616,1286,278,61,1190,2
기계설비,기계설비·가스공사업,438,(주)국성,김현국,전북,전북순창 2009-12-1,2356,78,900,1372,5,22,9
기계설비,기계설비·가스공사업,439,(주)국영건설,성충모,대전,대전유성-99-27-21,4529,1259,2505,638,126,1770,5
기계설비,기계설비·가스공사업,440,(주)국원이앤지,홍명식,충북,충주2008-10-1,1747,955,430,294,68,2203,2
기계설비,기계설비·가스공사업,441,(주)국일인토트,이종철,울산,울산울주2021-10-76,0,0,0,0,0,0,2
기계설비,기계설비·가스공사업,442,국제건설(주),최현정,강원,강릉22-파-03호,468,73,142,252,0,97,2
기계설비,기계설비·가스공사업,443,국제건일(주),"문한경, 문소연",서울,노원-07-12-1,942,538,112,252,38,332,2
기계설비,기계설비·가스공사업,444,(주)국제그린빌드,조선영,충남,충남홍성2025-파-01호,3736,1496,1354,885,0,2137,7
기계설비,기계설비·가스공사업,445,(주)국제기산,김덕신,부산,사하-2000-12-1,711,168,99,426,16,162,3
기계설비,기계설비·가스공사업,446,(주)국제기업,임평채,전남광주,전남97-12-32,2526,669,887,902,66,543,7
기계설비,기계설비·가스공사업,447,국제냉동(주),황인선,충남,대전-92-12-20,5653,2199,2520,713,219,3024,5
기계설비,기계설비·가스공사업,448,국제냉동(주),이재현,충남,충남태안-2019-10-02,2382,934,1136,271,40,1681,2
기계설비,기계설비·가스공사업,449,(주)국제비엠에스,"김주택, 박병석",서울,94-서울-12-241,9752,3851,4213,1301,385,5806,10
기계설비,기계설비·가스공사업,450,(주)국제비엠에스,"김성만, 박윤옥",부산,부산진-99-12-3,15432,2135,12811,271,213,2438,2
기계설비,기계설비·가스공사업,451,국제산공(주),신규환,서울,82-12-51,37093,24314,8700,1647,2431,27689,9
기계설비,기계설비·가스공사업,452,(주)국제산업설비,이정연,전북,전북익산2021-10-01,3010,1478,1106,425,0,2089,3
기계설비,기계설비·가스공사업,453,(주)국제설비,김종원,강원,강원고성2005-12-02,1804,228,1300,252,22,121,2
기계설비,기계설비·가스공사업,454,(주)국제에너지,김인석,전남광주,광주서2012-23-01,1401,365,622,387,26,848,3
기계설비,기계설비·가스공사업,455,(주)국제에너지,윤재철,제주,제주 2013-23 -01,1249,269,581,378,19,426,3
기계설비,기계설비·가스공사업,456,(주)국제이앤씨,"김종선, 김영배",전남광주,전남95-12-148,6454,3120,1713,1304,315,4318,10
기계설비,기계설비·가스공사업,457,(주)국제이엔씨,안용석,대전,대전서구-06-12-3,3871,2362,1070,270,168,2567,2
기계설비,기계설비·가스공사업,458,(주)국제이엔지,"추용엽, 장원화",경북,대구82-12-26,3380,669,2163,479,66,1312,3
기계설비,기계설비·가스공사업,459,(주)국제이엔티,이종하,서울,영등포-04-12-11,3501,457,2745,252,45,1000,2
기계설비,기계설비·가스공사업,460,(주)국제티엔씨,김기백,경기,구리2012-10-2,10991,5526,3235,1834,394,8077,13
기계설비,기계설비·가스공사업,461,(주)국제플랜트,최진영,부산,부산-94-12-8,147084,101955,27991,6913,10224,166137,26
기계설비,기계설비·가스공사업,462,국진산업개발(주),박순식,전남광주,광주서05-12-01,4831,859,3186,699,86,1823,2
기계설비,기계설비·가스공사업,463,군산도시가스(주),윤인식,전북,전북-12-42,1703,41,900,757,4,0,6
기계설비,기계설비·가스공사업,464,(유)군장공조,"전주환, 김희란",전북,전북군산2008-12-01,5102,713,3939,397,51,754,3
기계설비,기계설비·가스공사업,465,(주)굳윈드,이성수,경기,광명24-파-4,272,174,11,87,0,254,2
기계설비,기계설비·가스공사업,466,(주)굿모닝하이넷,이옥분,전남광주,광주북2014-10-02,2861,350,2104,380,25,580,3
기계설비,기계설비·가스공사업,467,(주)굿피플,정상혁,서울,송파-25-파-03,881,38,463,378,0,54,3
기계설비,기계설비·가스공사업,468,(주)귀뚜라미,김학수,충남,인천-96-12-1,4968,1984,2280,505,198,1427,4
기계설비,기계설비·가스공사업,469,(주)귀뚜라미범양냉방,이영수,대구,82-12-156,43453,17314,22386,2020,1731,27263,12
기계설비,기계설비·가스공사업,470,(주)귀뚜라미중앙,김정우,전남광주,광주북2006-27-01-01,2570,520,1381,631,37,978,5
기계설비,기계설비·가스공사업,471,귀뚜라미홈시스아산점,신용운,충남,충남아산-2009-10-03,986,152,369,453,10,103,4
기계설비,기계설비·가스공사업,472,(주)귀뚜라미환경테크,변재욱,경기,강서-14-10-06,67283,30687,28327,6041,2227,53319,34
기계설비,기계설비·가스공사업,473,(주)규림건설,강신도,경기,경기광주-2006-12-1,868,439,0,397,31,315,3
기계설비,기계설비·가스공사업,474,(주)규창,심창보,전남광주,대전12-14,1297,0,900,397,0,0,3
기계설비,기계설비·가스공사업,475,(주)그랜드,염성도,강원,강원-2001-12-11,1775,366,973,397,36,133,3
기계설비,기계설비·가스공사업,476,(주)그랜드썬기술단,위난구,부산,부산강서2019-10-04,1580,62,900,615,2,136,2
기계설비,기계설비·가스공사업,477,(주)그랜드썬기술단,김종식,경기,안성2025-파-0007,1177,0,900,277,0,0,2
기계설비,기계설비·가스공사업,478,그랜드이앤씨(주),송기학,경기,수원-23-파-08,1254,118,880,255,0,338,1
기계설비,기계설비·가스공사업,479,(주)그레이스컴퍼니,이경화,경기,고양2024-파-05,1157,180,724,252,0,257,2
기계설비,기계설비·가스공사업,480,(주)그렉스,"김강돈, 최성동",경기,화성12-10-3,1565,167,1007,378,11,67,3
기계설비,기계설비·가스공사업,481,그루테크(주),허영,서울,금천-13-10-09,1746,417,920,378,29,378,3
기계설비,기계설비·가스공사업,482,(주)그리너스,조선환,경기,부천-12-10-2,2675,1535,493,536,109,1708,4
기계설비,기계설비·가스공사업,483,(주)그리마건설,김부휘,경기,평택14-10-5,7829,1271,5901,566,90,1638,2
기계설비,기계설비·가스공사업,484,(주)그린,서재일,전남광주,여수-24-파-03,3932,1118,2435,378,0,2416,3
기계설비,기계설비·가스공사업,485,(주)그린가스솔루션이앤씨,"문만영, 정인철",경기,성동95-27-1-01,9049,3568,3020,2460,0,3270,19
기계설비,기계설비·가스공사업,486,(주)그린개발,권순석,울산,울산중구2018-10-02,762,17,357,386,0,0,3
기계설비,기계설비·가스공사업,487,(주)그린개발,조은희,경기,성남-24-파(기계)-1,1654,181,1088,384,0,297,3
기계설비,기계설비·가스공사업,488,(주)그린건설에스,손준혁,서울,중랑-22-파-02,455,2,326,126,0,0,1
기계설비,기계설비·가스공사업,489,(주)그린공영,김경수,부산,금정-99-27-1-5,1292,318,437,505,31,400,4
기계설비,기계설비·가스공사업,490,그린공조시스템(주),"최종덕, 김미경",전남광주,전남95-12-157,549,113,185,240,11,201,3
기계설비,기계설비·가스공사업,491,(주)그린공조시스템,현이섭,충남,충남논산2025-13-01호,730,146,332,252,0,208,2
기계설비,기계설비·가스공사업,492,그린기계,최영대,충북,충북청주16-10-14,2080,742,926,378,32,2413,3
기계설비,기계설비·가스공사업,493,(주)그린나래,김미숙,강원,인천부평구2005-12-02,1947,556,1074,260,55,569,2
기계설비,기계설비·가스공사업,494,(주)그린라이프공조,정현준,경기,의정부2008-10-3,1260,434,392,402,31,559,3
기계설비,기계설비·가스공사업,495,그린삼성엔지니어링(주),강옥순,충북,충북제천01-12-01,977,200,496,259,20,612,2
기계설비,기계설비·가스공사업,496,그린에너지(주),원애련,서울,성동12-10-04,776,101,369,298,7,268,2
기계설비,기계설비·가스공사업,497,그린에너지(주),조순행,경기,구리-2004-27-1-1,118,74,0,37,7,0,3
기계설비,기계설비·가스공사업,498,(유)그린에너지,이주형,전남광주,목포2004-27-1-1,775,237,135,378,23,125,3
기계설비,기계설비·가스공사업,499,(주)그린에너지솔루션,김수진,전남광주,광주북-22-파-01,2239,1836,148,253,0,774,2
기계설비,기계설비·가스공사업,500,(주)그린에네스텍,송민식,경북,경북김천2024-파-01,1476,242,981,252,0,269,2
기계설비,기계설비·가스공사업,501,(주)그린에어시스템,윤창권,경북,영천10-10-02,2777,356,2139,255,25,750,2
기계설비,기계설비·가스공사업,502,(주)그린에이알,양명이,제주,제주 제주2016-10-10,2337,292,1755,276,12,569,2
기계설비,기계설비·가스공사업,503,(주)그린엔지니어링,윤종훈,강원,원주 27-1-11,1250,446,380,378,44,90,3
기계설비,기계설비·가스공사업,504,그린웍스(주),최국균,경기,군포-2003-12-1,7260,5547,777,378,556,7514,3
기계설비,기계설비·가스공사업,505,(주)그린이앤씨,문정숙,전북,전북군산-22-파-01호,1563,603,699,260,0,770,2
기계설비,기계설비·가스공사업,506,(주)그린이엔지,권진의,부산,금정-2002-12-2,2455,707,1182,494,70,637,3
기계설비,기계설비·가스공사업,507,(주)그린이엔지,최영기,경기,안양-18-23-03,728,178,164,378,7,193,3
기계설비,기계설비·가스공사업,508,(주)그린인프라테크,김세완,경기,성남10-10-9,1971,225,1351,378,16,244,3
기계설비,기계설비·가스공사업,509,그린컨기술(주),하승범,부산,부산기장2026-파-02호,391,0,120,271,0,0,2
기계설비,기계설비·가스공사업,510,(주)그린테크,홍웅기,충북,충북청주16-10-5,744,207,232,295,8,333,5
기계설비,기계설비·가스공사업,511,(주)그린텍,함은아,강원,강원2001-12-9,890,233,380,252,23,115,2
기계설비,기계설비·가스공사업,512,(주)그린텍,이정곤,경북,경북구미2009-10-03,1858,627,555,631,44,234,5
기계설비,기계설비·가스공사업,513,(주)그린포유,추길호,경남,성남10-10-4,553,122,169,252,8,242,2
기계설비,기계설비·가스공사업,514,그린한국에너지(주),원철호,강원,원주2015-10-02,4309,1327,2351,534,94,2486,4
기계설비,기계설비·가스공사업,515,(주)그린환경,이홍식,서울,강동-25-파-03,1239,0,900,339,0,0,2
기계설비,기계설비·가스공사업,516,(주)그린환경이엔씨,정영선,강원,춘천2017-10-01호,633,75,258,295,3,98,2
기계설비,기계설비·가스공사업,517,(주)그릿솔루션,박준형,서울,강남-20-10-13,3324,1422,1462,378,60,2035,3
기계설비,기계설비·가스공사업,518,극동건설(주),"박용득, 강경민",경기,충남공주-2015-10-02,23043,0,900,22143,0,0,67
기계설비,기계설비·가스공사업,519,(주)극동무공,최근상,서울,95-서울-12-3,20571,5340,13801,513,915,8094,3
기계설비,기계설비·가스공사업,520,극동산업,이태봉,대구,대구북구2000-12-1,1601,401,760,398,40,653,3
기계설비,기계설비·가스공사업,521,(주)극동플러스건설,염규봉,서울,강남-04-12-1,17776,7041,8986,1037,710,565,7
기계설비,기계설비·가스공사업,522,근영산업개발(주),김경숙,전남광주,광주서2009-10-02,3254,763,2153,283,54,2083,2
기계설비,기계설비·가스공사업,523,근영이앤씨(주),박근준,경기,성남07-12-3,5984,3898,1201,606,278,4740,4
기계설비,기계설비·가스공사업,524,근영이엔지(주),"김중기, 김현용",서울,94-서울-12-14,18853,10961,4958,1837,1096,9648,8
기계설비,기계설비·가스공사업,525,(주)글로벌공조,최미숙,경남,밀양 17-10-01,118,62,21,34,0,160,2
기계설비,기계설비·가스공사업,526,글로벌텍(주),강석원,충남,충남천안-07-12-03,37252,5188,31131,561,370,1670,4
기계설비,기계설비·가스공사업,527,(주)금가,홍인표,서울,94-서울-12-10,2495,1161,1215,1,116,1756,0
기계설비,기계설비·가스공사업,528,(주)금강건설,현익수,제주,제주2002-12-3,1378,389,678,271,38,61,2
기계설비,기계설비·가스공사업,529,(주)금강공무산업,이정철,경기,중랑-04-27-1-1,2082,880,356,757,88,1500,6
기계설비,기계설비·가스공사업,530,(주)금강뉴이앤씨,변형식,경기,평택16-10-0005,1663,36,900,725,1,33,4
기계설비,기계설비·가스공사업,531,금강산업,이재희,경북,경북경주2026-파-02,373,0,121,252,0,0,2
기계설비,기계설비·가스공사업,532,(유)금강설비,노인화,전북,전북익산2013-12-03,1665,574,920,128,41,749,1
기계설비,기계설비·가스공사업,533,(주)금강시스템스,유우창,부산,해운대2023-13-01호,950,54,643,252,0,136,2
기계설비,기계설비·가스공사업,534,(주)금강씨엔에스,"장정익, 장수현",경기,강동-09-10-06,2453,887,934,568,63,356,4
기계설비,기계설비·가스공사업,535,(주)금강씨엔지,곽혜진,충남,충남 금산 2024-13-1,1336,245,548,543,0,275,4
기계설비,기계설비·가스공사업,536,(주)금강씨엔텍,"정문숙, 김영재",경기,안양-19-10-1,12352,4716,6803,630,202,10568,3
기계설비,기계설비·가스공사업,537,(주)금강아이엠,전재현,서울,강남-16-10-07,1708,464,971,252,19,464,2
기계설비,기계설비·가스공사업,538,금강에너지(주),천현미,대구,대구수성구19-23-1호,949,277,281,378,11,343,3
기계설비,기계설비·가스공사업,539,(유)금강이앤씨,김치준,전북,전북군산12-4,2185,539,1049,543,53,725,4
기계설비,기계설비·가스공사업,540,(주)금강이앤지,이숙현,충남,충남공주-2008-10-01,2228,1059,713,378,75,2290,3
기계설비,기계설비·가스공사업,541,(주)금강이엔지,이선일,경기,평택 13-10-3,2952,507,2085,322,36,1338,2
기계설비,기계설비·가스공사업,542,(주)금강이엔지,조헌구,경기,고양-26-파-02호,424,0,172,252,0,0,2
기계설비,기계설비·가스공사업,543,금강이엔지(주),홍무식,전남광주,목포2015-10-01,1461,204,734,508,14,333,4
기계설비,기계설비·가스공사업,544,(주)금강이엔지,정국조,경북,경북칠곡2020-10-03,2396,1110,670,568,47,1569,4
기계설비,기계설비·가스공사업,545,금강전기산업(주),안재환,충북,충주2019-10-2,6047,798,4790,424,34,1426,3
기계설비,기계설비·가스공사업,546,(주)금강중공업,"박현숙, 박창규",충남,충남보령-2023-13-02,1379,193,806,379,0,275,3
기계설비,기계설비·가스공사업,547,금강테크(주),최우빈,경기,고양-2003-12-6,332,72,0,252,7,77,2
기계설비,기계설비·가스공사업,548,금강티엘(주),이정규,경기,동대문-11-10-01,6777,2262,2739,1612,162,5272,10
기계설비,기계설비·가스공사업,549,(주)금강플랜트,강영문,경기,진주2019-10-03,805,0,553,252,0,0,2
기계설비,기계설비·가스공사업,550,(유)금계건업,장원택,전남광주,목포99-12-04,4420,1078,2963,271,107,1377,2
기계설비,기계설비·가스공사업,551,(주)금관공조,김종숙,충남,충남아산2024-13-10호,951,422,276,252,0,706,2
기계설비,기계설비·가스공사업,552,(주)금광건설,김재형,충남,인천동구 2003-12-03,3452,1107,1855,378,110,2009,3
기계설비,기계설비·가스공사업,553,금남플랜트(주),김응순,경기,안산2017-10-03,6650,4969,644,822,214,8294,6
기계설비,기계설비·가스공사업,554,(주)금단,정미옥,전남광주,광주동2020-10-08,568,78,107,378,3,22,3
기계설비,기계설비·가스공사업,555,(주)금덕,정상권,경기,용인-2002-27-1-121,1340,490,296,505,49,604,4
기계설비,기계설비·가스공사업,556,(주)금덕산업건설,박덕완,경기,용인-99-12-2,1335,191,853,271,19,115,2
기계설비,기계설비·가스공사업,557,(주)금도건설,"문창, 강석원",전북,전북군산-24-파-07호,2272,0,900,1372,0,0,1
기계설비,기계설비·가스공사업,558,금동기업(주),김재경,서울,92-서울-12-167,3675,2141,716,603,214,1508,4
기계설비,기계설비·가스공사업,559,금동이엔지(주),박동만,강원,강원 2001-12-8,1415,209,795,389,20,440,3
기계설비,기계설비·가스공사업,560,(주)금두꺼비건설,김용희,경북,경북98-12-4,1274,377,587,272,37,38,2
기계설비,기계설비·가스공사업,561,(주)금룡건설산업,이유찬,대전,대전유성-2020-10-7,1813,293,1152,354,12,861,2
기계설비,기계설비·가스공사업,562,(주)금륜테크,최승림,부산,부산진2026-파-01호,372,0,120,252,0,0,2
기계설비,기계설비·가스공사업,563,금문건설(주),이정춘,서울,동대문-23-파-01,649,4,392,252,0,0,2
기계설비,기계설비·가스공사업,564,금문테크(주),최민성,서울,97-서울-12-32,11180,5001,4766,911,500,12158,5
기계설비,기계설비·가스공사업,565,(주)금보설비,연정흠,충북,충북청주제03-12-01,2422,1189,607,505,119,2815,4
기계설비,기계설비·가스공사업,566,(주)금비,홍정숙,강원,삼척2019-10-01호,968,131,540,290,5,154,2
기계설비,기계설비·가스공사업,567,금산기업(주),오승미,전남광주,광주북97-12-06,3165,672,1952,472,67,1567,3
기계설비,기계설비·가스공사업,568,금산엔지니어링(주),길순익,경기,수원-99-12-2,9696,2334,6604,524,233,3175,4
기계설비,기계설비·가스공사업,569,(주)금성,나경호,전남광주,광양2020-10-03,3226,1408,1126,631,60,1958,5
기계설비,기계설비·가스공사업,570,(주)금성가스,김태훈,전남광주,목포2018-23-01,0,0,0,0,0,0,3
기계설비,기계설비·가스공사업,571,(유)금성건설,윤재병,전북,전북부안2004-27-1,5047,1597,2417,757,274,2616,6
기계설비,기계설비·가스공사업,572,금성기계건설(주),전길수,전북,전북전주2012-10-1,2147,166,1001,967,11,188,7
기계설비,기계설비·가스공사업,573,(주)금성냉동엔지니어링,배도운,경남,경남진주2000-12-3,2491,938,876,580,94,598,4
기계설비,기계설비·가스공사업,574,(주)금성냉열플랜트,임주환,전북,전북전주2003-12-1,3178,1039,1381,654,103,1444,5
기계설비,기계설비·가스공사업,575,(주)금성백조건설,원광섭,세종,세종-2014-10-01,14180,1866,11197,983,133,0,3
기계설비,기계설비·가스공사업,576,(주)금성백조주택,김영환,대전,대전서구13-10-4,6004,726,4357,869,51,0,3
기계설비,기계설비·가스공사업,577,금성설비,전정선,경기,파주99-12-0002,788,0,535,252,0,0,2
기계설비,기계설비·가스공사업,578,(주)금성설비,손혜경,경남,진주23-파-002,833,186,394,252,0,207,2
기계설비,기계설비·가스공사업,579,(주)금성설비기술공영,"이영일, 이승언",서울,은평-98-27-1-3,15950,6803,7709,757,680,9232,5
기계설비,기계설비·가스공사업,580,(주)금성씨엔씨,이영호,제주,제주 제주2019-10-01,904,203,440,252,8,367,2
기계설비,기계설비·가스공사업,581,(주)금성에너지,강희재,경기,수원09-23-01,1692,320,712,636,22,356,5
기계설비,기계설비·가스공사업,582,(유)금성엔지니어링,유수앙,전북,전북-12-73,13705,3167,9751,469,316,1608,3
기계설비,기계설비·가스공사업,583,(주)금성이앤씨,구본철,충남,충남-92-12-21,3851,1634,0,2052,165,1654,15
기계설비,기계설비·가스공사업,584,(주)금성이엔지,임종식,부산,부산진-99-12-2,1964,421,1243,258,42,490,2
기계설비,기계설비·가스공사업,585,금성이엠씨(주),윤원배,충북,충북청원12-10-1,2439,1771,288,252,126,2089,2
기계설비,기계설비·가스공사업,586,금송건설(주),"홍권희, 김문희",전남광주,광주광산2013-10-01,1221,399,540,252,28,524,2
기계설비,기계설비·가스공사업,587,(주)금송설비,윤석호,경북,경북경산2003-12-1,1678,195,1170,293,19,304,2
기계설비,기계설비·가스공사업,588,(주)금송이앤지건설,전혜민,대구,대구수성구2016-10-4호,904,96,550,252,4,164,2
기계설비,기계설비·가스공사업,589,(주)금송테크,김명재,경남,함안2025-파-02,490,0,190,300,0,0,5
기계설비,기계설비·가스공사업,590,(주)금수강이엔지,박남희,전남광주,광주북2018-10-03,5332,1940,2662,646,83,4683,4
기계설비,기계설비·가스공사업,591,금아냉열(주),권향남,경남,진주2019-10-05,2711,971,1320,378,41,1347,3
기계설비,기계설비·가스공사업,592,금양그린파워(주),"이윤철, 이기보",울산,울산남구2017-10-05,5912,174,1044,4686,7,621,10
기계설비,기계설비·가스공사업,593,(주)금양이앤씨,김기범,전남광주,순천2015-10-02,1519,356,740,397,25,851,3
기계설비,기계설비·가스공사업,594,(주)금영이엔씨,김화금,경기,관악-97-12-1,793,202,299,271,20,402,2
기계설비,기계설비·가스공사업,595,(주)금영이엔씨,"김영동, 조연행",경기,화성09-10-12,371,70,169,126,5,161,1
기계설비,기계설비·가스공사업,596,(주)금오 E.N.G,김선미,경북,대구남구2002-27-1-3,3527,861,1117,1461,86,1475,11
기계설비,기계설비·가스공사업,597,(유)금오기공사,김찬수,전북,전북전주2001-12-8,2391,865,933,505,86,1324,4
기계설비,기계설비·가스공사업,598,(주)금오중공업,"김태규, 김병우",경남,함안 2001-12-182,6185,2008,3569,406,200,7046,3
기계설비,기계설비·가스공사업,599,(주)금오테크,김관철,경기,평택15-10-3,7546,5688,512,939,406,11023,7
기계설비,기계설비·가스공사업,600,금용이엔지(주),박금용,부산,부산진2010-10-02,1384,521,446,378,37,1012,3
기계설비,기계설비·가스공사업,601,(주)금우건설,"이인기, 이은철",서울,강서-18-23-01,1935,66,900,966,2,43,7
기계설비,기계설비·가스공사업,602,(주)금원,심금석,강원,춘천2021-10-02호,658,238,167,252,0,411,2
기계설비,기계설비·가스공사업,603,(주)금원공압,임경택,경기,안산-25-파-13호,740,0,487,252,0,0,2
기계설비,기계설비·가스공사업,604,(주)금원이앤씨,박상엽,인천,인천남동16-10-08,2400,882,912,568,37,860,4
기계설비,기계설비·가스공사업,605,(주)금이기업,최성주,서울,94-서울-12-59,3045,369,2219,419,36,475,3
기계설비,기계설비·가스공사업,606,금전기업(주),"홍종식, 홍종서",전북,전북-12-2,11718,1333,8003,2247,133,627,16
기계설비,기계설비·가스공사업,607,금정이앤시(주),김연철,인천,인천서구2020-10-03,944,231,178,524,9,249,4
기계설비,기계설비·가스공사업,608,(주)금정이앤씨,허안,서울,송파-04-12-3,4898,1626,2856,252,162,2315,2
기계설비,기계설비·가스공사업,609,(주)금주이엔씨,조동준,서울,인천-12-14,14883,9230,3047,1678,928,8745,13
기계설비,기계설비·가스공사업,610,금진산업(주),정주용,전남광주,광양2008-10-03,15889,3575,11418,639,255,4134,5
기계설비,기계설비·가스공사업,611,(주)금천엔지니어링,신동근,인천,인천부평구2021-10-03,1342,498,318,524,0,776,4
기계설비,기계설비·가스공사업,612,(주)금천이엔씨,이수옥,충남,충남서천-97-12-1,5767,1213,2626,1804,121,974,13
기계설비,기계설비·가스공사업,613,(유)금탑공조산업,설성호,전남광주,담양2009-10-01,1319,544,482,252,38,836,2
기계설비,기계설비·가스공사업,614,(주)금탑기연,이장희,대구,대구12-76,1809,687,926,126,68,755,1
기계설비,기계설비·가스공사업,615,금평기계(주),홍성기,강원,동해2022-파-05호,4652,1482,2496,673,0,1854,5
기계설비,기계설비·가스공사업,616,(유)금평이엔지,김학주,대전,대전대덕-09-10-01,1504,645,307,505,46,471,4
기계설비,기계설비·가스공사업,617,금호건설(주),조완석,전남광주,05-02-03,231844,13608,81649,134927,1660,28224,502
기계설비,기계설비·가스공사업,618,(주)금호씨엔씨,김두하,경북,경북포항2013-10-5,13348,3291,8789,1030,236,4854,8
기계설비,기계설비·가스공사업,619,금호엔지니어링(주),이규락,경북,영천05-12-01,2505,455,1496,507,45,727,4
기계설비,기계설비·가스공사업,620,(주)금호테크닉스,안보근,경북,경북구미2021-10-9,2600,299,1796,505,0,1069,4
기계설비,기계설비·가스공사업,621,금호환경(주),김인숙,경기,성남11-10-3,6830,2133,4127,416,152,3345,3
기계설비,기계설비·가스공사업,622,(주)금화,구현민,울산,울산울주2018-10-34,18552,10049,7314,757,430,18096,6
기계설비,기계설비·가스공사업,623,금화씨앤이(주),육상윤,경기,성남21-10-8,1044,635,80,327,0,96,2
기계설비,기계설비·가스공사업,624,(주)금화이엔지,배대규,강원,정선2021-10-01,2273,435,1567,271,0,464,2
기계설비,기계설비·가스공사업,625,(주)금화이엔지,김가영,전북,전북전주2024-파-1호,1290,494,416,378,0,726,3
기계설비,기계설비·가스공사업,626,(주)금화정수,김동진,경기,경기-12-5,23473,3249,19496,400,325,2194,2
기계설비,기계설비·가스공사업,627,(주)금화피에스시,"김경태, 김성기",서울,서울-12-201,105335,9814,48083,46441,995,18322,304
기계설비,기계설비·가스공사업,628,(주)기건,김기수,대구,대구북구2015-10-2,3603,1088,1893,543,78,1589,4
기계설비,기계설비·가스공사업,629,기건공영(주),김성훈,경기,89-서울-12-75,2012,229,1376,383,23,264,3
기계설비,기계설비·가스공사업,630,기담(주),정광연,경기,전남화순2001-12-01,1200,44,900,252,3,7,2
기계설비,기계설비·가스공사업,631,기대이앤씨(주),김동중,전남광주,여수-22-파-02,576,314,9,252,0,185,2
기계설비,기계설비·가스공사업,632,(주)기륭,송순옥,경기,남양주16-10-28,989,125,606,252,5,129,2
기계설비,기계설비·가스공사업,633,(주)기륭공조시스템,이응종,부산,부산북구제2008-10-01,3951,500,3004,411,35,381,3
기계설비,기계설비·가스공사업,634,기린산업개발(주),차호권,전북,전북전주2009-10-5,730,426,0,273,30,308,2
기계설비,기계설비·가스공사업,635,(주)기림엔지니어링,이은종,경기,성남-25-파(기계)-5호,1071,0,819,252,0,0,2
기계설비,기계설비·가스공사업,636,(주)기림이앤에이,우성만,경기,양천-14-10-04,307,95,97,107,6,171,4
기계설비,기계설비·가스공사업,637,기산수기,고일영,인천,인천부평구2021-10-02,13,2,3,7,0,9,2
기계설비,기계설비·가스공사업,638,(주)기산엔지니어링,임정규,대전,대전대덕-01-12-12,1585,417,829,297,41,1174,2
기계설비,기계설비·가스공사업,639,기산이노텍(주),"이명근, 이영숙",전남광주,순천2023--06,881,33,469,378,0,100,3
기계설비,기계설비·가스공사업,640,(주)기산테크,권민정,울산,울산남구2016-10-04,6484,2396,3607,378,102,5533,2
기계설비,기계설비·가스공사업,641,(주)기성하이테크,정희경,서울,마포19-10-01,1005,311,412,267,13,819,2
기계설비,기계설비·가스공사업,642,기술인의공간(주),문희택,인천,인천 계양2005-27-1-1,3612,817,2073,662,58,1102,5
기계설비,기계설비·가스공사업,643,(주)기술환경,이영호,경기,군포08-10-2,8379,2700,5088,397,192,1840,3
기계설비,기계설비·가스공사업,644,(주)기승건설,손영철,부산,부산연제2008-10-01,1113,81,900,126,5,23,1
기계설비,기계설비·가스공사업,645,(주)기승건설,현성호,강원,95-서울-12-105,1447,805,300,260,80,410,2
기계설비,기계설비·가스공사업,646,기어테크(주),박곤수,서울,성동08-10-02,1348,154,928,253,11,517,2
기계설비,기계설비·가스공사업,647,(주)기온테크,안갑준,경남,경남통영 2008-10-01,10502,9361,92,378,668,937,3
기계설비,기계설비·가스공사업,648,(주)기원산업,김정태,부산,부산금정2005-12-05,2228,398,1237,553,39,333,4
기계설비,기계설비·가스공사업,649,(주)기정플랜트,최성환,서울,영등포-05-12-9,2298,1123,771,290,112,1185,2
기계설비,기계설비·가스공사업,650,(주)기홍,김호동,경기,시흥-2005-12-3,8587,7009,0,877,700,5366,6
기계설비,기계설비·가스공사업,651,(주)기흥종합건설,강신열,강원,정선2014-10-01호,5138,612,2342,2139,43,1566,16
기계설비,기계설비·가스공사업,652,기흥플랜트(주),송근영,경기,수원10-10-2,1162,460,400,269,32,654,2
기계설비,기계설비·가스공사업,653,(주)길산업,조길환,경북,경북구미2015-10-5,6333,1338,4353,545,95,3519,4
기계설비,기계설비·가스공사업,654,(주)길상엔지니어링,김용이,경남,창원성산2019-10-03,1252,95,900,252,4,321,2
기계설비,기계설비·가스공사업,655,길훈이앤씨(주),장귀순,전남광주,고흥98-12-01,5763,1437,3649,532,144,2073,2
기계설비,기계설비·가스공사업,656,(주)김앤드이,"김종성, 이준희",서울,서울-12-67,213215,99849,86467,16742,10156,147342,47
기계설비,기계설비·가스공사업,657,(주)김앤드이이앤씨,이준희,인천,인천서구2024-파-04,4393,3020,722,650,0,6622,2
기계설비,기계설비·가스공사업,658,(주)김앤드이청주,이준희,충북,충북청주24-파-22,3806,2904,259,642,0,4854,2
기계설비,기계설비·가스공사업,659,나경어소시에이트,이경식,부산,부산강서2013-10-01,1884,1025,532,252,73,1235,2
기계설비,기계설비·가스공사업,660,(유)나노,"이태평, 장형순",전북,전북익산2004-27-1-124,8488,1259,5682,1420,125,2246,11
기계설비,기계설비·가스공사업,661,나노이엔지(주),이재규,대구,대구12-74,4225,736,2762,652,73,1405,5
기계설비,기계설비·가스공사업,662,나노이엔텍(주),심재성,전남광주,광주북2013-10-03,1393,303,739,328,21,200,2
기계설비,기계설비·가스공사업,663,(주)나노플러스,김남곤,충북,충북청주제08-10-5,3500,441,2648,378,31,185,3
기계설비,기계설비·가스공사업,664,(주)나눔이엔지,최방희,부산,부산금정-25-파-002호,552,187,238,126,0,268,1
기계설비,기계설비·가스공사업,665,(주)나담,정태희,대전,대전-98-12-10,1730,461,965,256,46,989,2
기계설비,기계설비·가스공사업,666,(합)나라,황정화,강원,강원화천2011-10-01,2399,583,1516,257,41,1151,2
기계설비,기계설비·가스공사업,667,(주)나라,설쌍숙,경남,거제 2008-10-01,1493,175,1052,252,12,142,2
기계설비,기계설비·가스공사업,668,나라건설(주),김동조,경북,경북구미2024-파-6,1728,813,535,378,0,1750,3
기계설비,기계설비·가스공사업,669,(주)나라기공,유명현,경남,창원의창 2012-23-01,2395,711,995,637,50,1144,5
기계설비,기계설비·가스공사업,670,(주)나라기술,박연,인천,인천계양2002-12-01,2463,219,1314,908,21,561,6
기계설비,기계설비·가스공사업,671,(주)나라산업,소서영,세종,세종시-2020-10-03,466,68,186,209,2,119,3
기계설비,기계설비·가스공사업,672,나라오토시스(주),노기석,부산,부산사하2014-10-01,1668,182,1094,378,13,651,3
기계설비,기계설비·가스공사업,673,(주)나라이엔씨,장재국,경기,울산남구2009-10-11,15572,7658,4678,2684,551,13620,17
기계설비,기계설비·가스공사업,674,(주)나라컨트롤,"문찬혁, 문성주",서울,89-서울-12-47,14670,1526,9161,3826,155,3736,29
기계설비,기계설비·가스공사업,675,(주)나라텍,김용경,경기,화성23-파-30,0,0,0,0,0,0,2
기계설비,기계설비·가스공사업,676,(주)나래이엔씨,이재군,경기,안양-11-10-3,10004,5652,2702,1245,403,10598,9
기계설비,기계설비·가스공사업,677,(주)나로테크,손인영,강원,원주2010-10-01,2459,214,1028,1201,15,193,11
기계설비,기계설비·가스공사업,678,(유)나사기공,오숙영,전북,전북군산2005-12-5,873,183,353,318,18,235,2
기계설비,기계설비·가스공사업,679,(주)나산이엔씨,윤연상,경북,경북구미2020-10-2,1167,382,512,255,16,994,2
기계설비,기계설비·가스공사업,680,(주)나산플랜트,나범칠,서울,영등포-04-12-4,1403,38,900,460,3,0,3
기계설비,기계설비·가스공사업,681,(주)나성건설,김재현,전남광주,충남보령-2013-10-02,3121,679,2013,378,48,535,3
기계설비,기계설비·가스공사업,682,(주)나성이엔지,유선우,인천,인천서구2020-10-05,2710,994,1168,505,42,2230,4
기계설비,기계설비·가스공사업,683,(주)나우,"손일곤, 손종성",울산,울산북구2020-10-01,2917,0,900,2017,0,0,2
기계설비,기계설비·가스공사업,684,(주)나우공조기술,김혜란,부산,부산강서2022-파-05,3707,2120,1025,561,0,1637,4
기계설비,기계설비·가스공사업,685,나우시스템공조(주),조영준,경남,진주 2008-12-01,5555,2755,1898,704,196,2608,5
기계설비,기계설비·가스공사업,686,나우엔지니어링(주),송지민,세종,충북청주 15-10-12,2368,281,1688,378,20,486,3
기계설비,기계설비·가스공사업,687,(유)나우엔지니어링,정광원,전북,전북전주2001-27-1-4,1229,291,410,506,20,296,4
기계설비,기계설비·가스공사업,688,나우이엔씨,이준영,인천,인천옹진2020-10-01,782,158,361,256,6,450,2
기계설비,기계설비·가스공사업,689,(주)나은엔지니어링,김철호,인천,인천부평구2015-10-03,3186,1266,1197,631,90,1500,5
기계설비,기계설비·가스공사업,690,(주)나이스기계설비,이다건,경남,2018-10-01,916,232,295,378,9,183,3
기계설비,기계설비·가스공사업,691,나이스정공,김동현,울산,울산남구2015-10-02,1459,1121,6,252,80,0,2
기계설비,기계설비·가스공사업,692,나이스텍(주),신두국,충남,충남아산2007-12-01,13663,10658,1142,1097,764,15839,4
기계설비,기계설비·가스공사업,693,(주)나인,김우영,충남,안성2019-10-0003,3145,410,2464,252,17,779,2
기계설비,기계설비·가스공사업,694,(주)나인웨이인더스트리,최현구,경기,강남-14-10-03,3175,2045,857,126,146,2490,1
기계설비,기계설비·가스공사업,695,(주)나인이앤씨,김진호,경기,평택11-23-0001,11761,1956,7241,2421,141,5004,16
기계설비,기계설비·가스공사업,696,(주)나일프렌트,송세권,울산,울산남구2001-12-04,6136,1074,4310,643,107,807,5
기계설비,기계설비·가스공사업,697,나정건설(주),김나경,경기,96-서울-12-98,4166,1004,1876,1184,100,1469,9
기계설비,기계설비·가스공사업,698,(주)나주가스,기옥경,전남광주,나주2012-23-01,0,0,0,0,0,0,3
기계설비,기계설비·가스공사업,699,난방(주),고명철,제주,제주2001-12-5,2224,732,1020,397,73,974,3
기계설비,기계설비·가스공사업,700,난방산업(주),강경옥,서울,강서-15-10-03,2034,728,982,271,52,1073,2
기계설비,기계설비·가스공사업,701,(주)남강산업설비,강영환,부산,부산-92-12-84,7194,2639,3152,1138,263,4905,9
기계설비,기계설비·가스공사업,702,(주)남경,"이원득, 이재우",부산,부산-92-12-26,67745,25678,35814,3662,2589,26491,17
기계설비,기계설비·가스공사업,703,(유)남경,김영건,전북,전북전주2025-파-1호,1293,0,900,393,0,0,3
기계설비,기계설비·가스공사업,704,(주)남경건설,장정회,경기,광주 11-23-1-1,607,213,0,378,15,100,3
기계설비,기계설비·가스공사업,705,남경산업(주),노수택,울산,부산-92-12-81,15171,4732,8410,1554,474,6876,12
기계설비,기계설비·가스공사업,706,(주)남경엔지니어링,이미경,부산,삼척2017-10-01,4935,1246,3004,631,53,2301,5
기계설비,기계설비·가스공사업,707,(주)남도공조,홍영환,전남광주,무안2019-10-01,963,364,330,252,15,429,2
기계설비,기계설비·가스공사업,708,남도냉열시스템,남선희,경남,창원성산2025-파-03,639,44,295,300,0,63,3
기계설비,기계설비·가스공사업,709,(주)남도산업,최지숙,전남광주,광주북2010-10-06,1002,182,427,378,13,85,3
기계설비,기계설비·가스공사업,710,남도엔지니어링(주),백명기,서울,강남-02-12-03,18030,7601,8014,1654,760,10145,12
기계설비,기계설비·가스공사업,711,남도이엔지(주),김대운,경북,경북경산2015-10-1,5918,3347,1785,545,240,5975,4
기계설비,기계설비·가스공사업,712,남동건설(주),남택일,충북,충북청주 25-파-19,1517,0,658,858,0,0,6
기계설비,기계설비·가스공사업,713,(주)남동엔지니어링,권영창,전남광주,광주광산2021-23-01,1549,106,900,543,0,79,4
기계설비,기계설비·가스공사업,714,(주)남부이.엔.지,김아연,인천,인천강화2018-10-01,4527,603,3181,716,25,800,5
기계설비,기계설비·가스공사업,715,남성기계산업(주),조신기,경기,82-12-184,268,139,20,94,13,78,2
기계설비,기계설비·가스공사업,716,(주)남성기업,"하성봉, 하태훈",인천,인천남구2018-10-3,1278,177,840,252,7,633,2
기계설비,기계설비·가스공사업,717,남성기전(주),최전남,서울,82-12-199,8098,2258,4919,694,225,2000,5
기계설비,기계설비·가스공사업,718,남양건설(주),"마찬호, 정인수",전남광주,전남04-16-08,18137,0,0,18137,0,0,54
기계설비,기계설비·가스공사업,719,남양에스(주),방경철,경기,안산-2002-27-375,2380,372,1462,508,37,547,4
기계설비,기계설비·가스공사업,720,(주)남양에스티엔,"유완종, 김재복, 김춘걸",전남광주,광주광산2021-10-02,5520,734,4407,378,0,1018,3
기계설비,기계설비·가스공사업,721,(주)남양엠이씨,홍승구,서울,창원 2005-12-07,5660,1631,3024,840,163,2158,6
기계설비,기계설비·가스공사업,722,남양이앤이(주),이성희,서울,금천-07-12-8,3060,1793,760,378,128,2326,3
기계설비,기계설비·가스공사업,723,(주)남양이엔에스,전동욱,전남광주,광양2017-10-01,2481,300,1662,505,12,687,4
기계설비,기계설비·가스공사업,724,남양종합건설(주),김정연,경기,안산2020-10-14,931,7,671,252,0,0,2
기계설비,기계설비·가스공사업,725,(주)남영냉기시스템,원대연,서울,동대문-20-10-2,1229,74,900,252,3,200,2
기계설비,기계설비·가스공사업,726,(주)남영티앤씨,함대식,대전,대전-94-12-14,17295,4834,11220,757,483,5485,6
기계설비,기계설비·가스공사업,727,(주)남우진흥,윤광영,전남광주,여수-23-파-04,3830,2227,656,947,0,4367,7
기계설비,기계설비·가스공사업,728,(주)남일,"선용재, 장규림",전남광주,나주-24-파-02,771,109,390,271,0,199,2
기계설비,기계설비·가스공사업,729,(주)남일이엔씨,조용섭,전남광주,부산해운대2016-10-02,7905,3539,2467,1747,151,6684,11
기계설비,기계설비·가스공사업,730,(주)남일이엔지,이경순,대구,대구달서구2010-10-04,1893,324,1127,418,23,402,3
기계설비,기계설비·가스공사업,731,(유)남전산업,김학군,전북,전북전주2016-10-5호,1782,337,1175,255,14,827,2
기계설비,기계설비·가스공사업,732,(주)남정,황창선,전남광주,광양2018-10-01,465,220,62,173,9,239,2
기계설비,기계설비·가스공사업,733,남진공영(주),곽성준,서울,강동-25-파-02,1790,190,1143,456,0,272,3
기계설비,기계설비·가스공사업,734,(주)남진테크,남지원,대구,대구서구2008-10-5,2686,947,956,715,67,1812,5
기계설비,기계설비·가스공사업,735,(주)남천공조,서우형,충남,충남천안2025-파-07호,1691,658,779,252,0,941,2
기계설비,기계설비·가스공사업,736,남해엔지니어링(주),양승호,전남광주,전남화순2020-10-03,372,77,38,252,3,277,2
기계설비,기계설비·가스공사업,737,(유)남해종합설비,정영만,전남광주,전남12-143,1621,397,927,255,39,979,2
기계설비,기계설비·가스공사업,738,(주)남향,"정은자, 이종국",충북,충북-12-22,2757,751,1500,430,75,978,3
기계설비,기계설비·가스공사업,739,내덕건설(주),박영찬,경기,김포-2005-12-7,12580,5453,4285,2290,551,10184,17
기계설비,기계설비·가스공사업,740,(주)내일솔루션,"신중헌, 이용희",경기,남양주16-10-30,2671,907,1346,378,38,1674,3
기계설비,기계설비·가스공사업,741,(주)냉골시스템에어컨,송성현,전북,전북전주2010-10-6,3647,477,2864,271,34,492,2
기계설비,기계설비·가스공사업,742,냉동공조협동조합,방희섭,대전,대전중구-14-10-05,0,0,0,0,0,0,2
기계설비,기계설비·가스공사업,743,(주)넘버원이엔지,김순희,경기,하남2025-파-03,1122,167,703,252,0,238,2
기계설비,기계설비·가스공사업,744,(주)넝쿨,조상운,경기,안산-2002-27-393,1471,344,713,378,34,443,3
기계설비,기계설비·가스공사업,745,(주)네가트론,조도현,부산,부산기장2023-파-01,815,562,0,252,0,522,2
기계설비,기계설비·가스공사업,746,네오스틸,오순예,강원,속초2009-10-02,695,16,424,252,1,17,2
기계설비,기계설비·가스공사업,747,(주)네오스페이스,박종두,충북,충북청주제05-12-4,2978,806,1474,616,80,1298,4
기계설비,기계설비·가스공사업,748,(주)네오시스이노베이션,배윤호,서울,강남-22-파-08,2029,978,672,378,0,2506,3
기계설비,기계설비·가스공사업,749,네오엔지니어링(주),김종진,전북,대전대덕 10-10-02,1380,548,502,290,39,533,2
기계설비,기계설비·가스공사업,750,(주)네오워터,박창훈,경기,광주18-10-03,1025,420,334,252,18,942,2
기계설비,기계설비·가스공사업,751,(유)네오이엔지,이호경,전북,전북익산2010-12-18,10936,5885,4120,510,420,7815,4
기계설비,기계설비·가스공사업,752,네오테크(주),구본훈,전남광주,광주서2007-10-02,5482,2889,668,1718,206,2112,12
기계설비,기계설비·가스공사업,753,(주)네오플랜트,주성호,경북,경북울진2008-10-1,536,45,235,252,3,55,2
기계설비,기계설비·가스공사업,754,네이버건설(주),공진구,경기,성남-2004-27-1-7,1705,332,831,508,33,822,4
기계설비,기계설비·가스공사업,755,(주)네패스이앤씨,"이세희, 이상태",서울,서초-23-파-04,3445,152,915,2377,0,0,7
기계설비,기계설비·가스공사업,756,넥서스가스(주),손재수,전남광주,광주남2014-27-01,2819,735,1256,774,52,1820,5
기계설비,기계설비·가스공사업,757,넥셀시스템(주),"황영구, 황승태",서울,강남-06-12-1,25330,11963,11543,968,854,11138,6
기계설비,기계설비·가스공사업,758,(주)넥스트테크놀러지,정병창,경기,화성23-파-08,6248,1681,4309,257,0,2202,2
기계설비,기계설비·가스공사업,759,(주)넥스파워텍,정동철,충남,충남천안-2021-10-05,2633,413,1589,631,0,864,4
기계설비,기계설비·가스공사업,760,(주)노나,한준식,경기,시흥-22-파-80,964,52,384,528,0,6,4
기계설비,기계설비·가스공사업,761,(주)노무라마이크로사이언스코리아,니시에가쓰지,경기,성남-2001-12-4,24105,3315,19895,560,333,4497,2
기계설비,기계설비·가스공사업,762,노수(주),노수문,대구,대구남구2019-10-01,1860,395,886,561,16,229,4
기계설비,기계설비·가스공사업,763,(주)노수테크,박배성,대구,대구-97-12-184,2000,891,696,323,89,589,2
기계설비,기계설비·가스공사업,764,(주)노아엑츄에이션,LEEMINSOO,인천,부천-15-10-006,232,81,35,110,5,93,2
기계설비,기계설비·가스공사업,765,(주)노하우전기통신,"임창배, 양창화",서울,영등포25-파-04,1219,66,900,252,0,95,2
기계설비,기계설비·가스공사업,766,(주)노현,김고은,인천,인서25-파-12,575,55,148,371,0,79,3
기계설비,기계설비·가스공사업,767,(주)노형설비,문용진,제주,제주 제주2018-10-04,1560,847,414,263,36,1096,2
기계설비,기계설비·가스공사업,768,(주)녹산하이텍,장정옥,세종,세종-2013-10-19,3638,965,2019,584,68,1833,4
기계설비,기계설비·가스공사업,769,녹색에너지(주),허형규,경기,남양주 11-23-152,1734,471,597,631,33,1128,5
기계설비,기계설비·가스공사업,770,(주)녹색에너지,조진형,충남,충남아산-2017-10-03,0,0,0,0,0,0,4
기계설비,기계설비·가스공사업,771,(주)녹십자이엠,박충권,경기,용인-2001-12-6,5764,313,1878,3541,31,249,7
기계설비,기계설비·가스공사업,772,농업회사법인주식회사동광이엔지,조대홍,전남광주,용산-01-12-1,1626,925,310,297,92,1537,2
기계설비,기계설비·가스공사업,773,(주)농은이앤씨,김귀진,서울,노원-07-12-2,7938,3753,3059,856,268,1915,5
기계설비,기계설비·가스공사업,774,(주)농협네트웍스,송병환,서울,서대문20-10-01,22619,0,900,21719,0,0,115
기계설비,기계설비·가스공사업,775,(주)누리,서해원,전남광주,여수2014-10-13,2024,849,464,650,60,1070,5
기계설비,기계설비·가스공사업,776,(주)누리에어텍,허성기,경기,안산2016-10-11,14150,5631,7889,388,241,3672,3
기계설비,기계설비·가스공사업,777,누리이앤씨(주),"우영자, 황인규",경기,용인2017-10-6,15963,3891,10860,1043,167,4753,8
기계설비,기계설비·가스공사업,778,(주)누리이엔지,이광후,경남,창원마회2025-파-05,441,0,189,252,0,0,2
기계설비,기계설비·가스공사업,779,(주)누리콘트롤,김상원,경기,용인-24-파-02,1277,106,900,271,0,149,2
기계설비,기계설비·가스공사업,780,(주)누리테크,윤여황,대전,성동-06-27-1-11,3960,1353,1498,1012,96,1600,8
기계설비,기계설비·가스공사업,781,(주)누리플랜,이형기,경기,김포-10-10-4,6411,719,4315,1325,51,2568,9
기계설비,기계설비·가스공사업,782,(주)누리플랜트,공병철,충남,충남당진2026-파-07호,178,0,51,127,0,0,3
기계설비,기계설비·가스공사업,783,(주)누리환경,이재민,경기,양주21-10-03,3237,1469,1515,252,0,2280,2
기계설비,기계설비·가스공사업,784,누림공조냉동,한윤철,전남광주,여수-22-파-11,2368,1270,845,252,0,1420,2
기계설비,기계설비·가스공사업,785,(주)뉴그린이엔지,박훈,대전,대전중구-14-10-03,3452,1989,878,441,142,2895,3
기계설비,기계설비·가스공사업,786,(유)뉴동양상사,김기국,전남광주,광주남2023-파-01,37,19,7,10,0,26,2
기계설비,기계설비·가스공사업,787,(주)뉴라이즌,이승욱,부산,부산해운대2024-13-01호,1179,842,-85,421,0,1599,3
기계설비,기계설비·가스공사업,788,뉴미래산업(주),이승헌,전남광주,광주북2015-10-02,721,79,382,253,5,214,2
기계설비,기계설비·가스공사업,789,(주)뉴비에어,김형남,서울,강서-21-10-07,520,140,127,252,0,456,2
기계설비,기계설비·가스공사업,790,(주)뉴빌드,황대운,전북,고양-2003-12-7,917,587,18,252,58,579,2
기계설비,기계설비·가스공사업,791,(주)뉴새한,조선미,전남광주,여수2019-10-12,1625,491,479,633,21,0,5
기계설비,기계설비·가스공사업,792,(주)뉴석이엔지,하재경,경기,시흥-2005-12-5,668,147,253,252,14,147,2
기계설비,기계설비·가스공사업,793,(주)뉴세기,양동철,전남광주,광주서2019-10-02,761,209,287,254,8,215,2
기계설비,기계설비·가스공사업,794,(주)뉴신원,송미자,울산,울산중구2021-10-01,79,16,16,47,0,31,3
기계설비,기계설비·가스공사업,795,뉴월드,김재령,대구,대구군위24-파-01,229,76,34,118,0,115,4
기계설비,기계설비·가스공사업,796,뉴크린텍,이상복,충북,충북청주21-10-4,407,75,79,252,0,49,2
기계설비,기계설비·가스공사업,797,(주)뉴탑에너지,조성호,인천,인천연수2016-23-02,1696,513,655,505,21,384,4
기계설비,기계설비·가스공사업,798,(주)뉴텍,강성우,전남광주,전남해남2020-10-1,203,14,82,105,0,19,3
기계설비,기계설비·가스공사업,799,뉴텍산업(주),남기태,인천,노원-00-27-1-9,803,260,0,516,26,84,4
기계설비,기계설비·가스공사업,800,(주)뉴템즈,박선옥,경남,경남98-12-15,32738,17733,11428,1803,1773,21450,12
기계설비,기계설비·가스공사업,801,(주)뉴트랜드,이승룡,서울,강남-13-10-03,7128,1688,4243,1076,121,2136,8
기계설비,기계설비·가스공사업,802,(주)늘사랑이엔씨,김명수,서울,강북-21-10-01,726,95,377,252,0,283,2
기계설비,기계설비·가스공사업,803,늘푸른건설(주),노종근,경기,안양-07-12-2,3599,1261,1996,252,90,574,2
기계설비,기계설비·가스공사업,804,(주)늘푸른동방,정원준,경기,시흥-2005-12-7,21179,19781,-1979,1398,1978,20454,3
기계설비,기계설비·가스공사업,805,(주)늘품,최승귀,전남광주,순천2016-10-02,2362,882,1189,252,37,1421,2
기계설비,기계설비·가스공사업,806,(주)늘품이앤씨,김세웅,전남광주,여수-24-파-02,1028,352,297,378,0,472,3
기계설비,기계설비·가스공사업,807,능전조경건설(주),유성조,부산,부산사상21-10-3,2433,291,1749,392,0,430,3
기계설비,기계설비·가스공사업,808,(주)니오메이트,김종엽,서울,영등포25-파-03,341,13,75,252,0,18,2
기계설비,기계설비·가스공사업,809,(주)닉스엔지니어링,이준동,대구,광주서2019-10-01,638,70,311,252,3,88,2
기계설비,기계설비·가스공사업,810,(주)닛시,이영수,충북,충북청주99-12-8,1231,71,900,252,7,85,2
기계설비,기계설비·가스공사업,811,다건이앤지(주),김양후,경기,92-서울-12-363,1918,974,593,252,97,1092,2
기계설비,기계설비·가스공사업,812,다경이엔지(주),조상호,경기,화성19-10-38호,4849,3464,952,284,148,10005,1
기계설비,기계설비·가스공사업,813,(주)다금엔지니어링,이호규,경기,안양-2002-12-5,590,103,96,379,10,37,3
기계설비,기계설비·가스공사업,814,다다이앤씨(주),장원석,대구,대구서구2012-10-1,2116,523,1136,419,37,617,3
기계설비,기계설비·가스공사업,815,(주)다담건설,옥만옥,전남광주,광주광산-24-파-07,1531,321,421,788,0,317,6
기계설비,기계설비·가스공사업,816,(주)다담이엔씨,김승규,전남광주,나주2012-10-01,0,0,0,0,0,0,0
기계설비,기계설비·가스공사업,817,(주)다람이엔지,김배영,경기,화성15-10-4,4022,2617,61,1155,186,2266,9
기계설비,기계설비·가스공사업,818,다래건축설비(주),이형만,강원,평창2018-10-10호,1059,407,378,255,17,518,2
기계설비,기계설비·가스공사업,819,(주)다래이앤씨,이은자,부산,부산금정2016-10-01,3555,722,1805,996,30,1363,7
기계설비,기계설비·가스공사업,820,(주)다린,박상봉,대전,대전유성-2012-10-2,9,6,0,3,0,0,2
기계설비,기계설비·가스공사업,821,다린스틸테크(주),정여진,부산,부산강서2021-10-10,568,200,115,252,0,143,2
기계설비,기계설비·가스공사업,822,다린전력(주),오승한,서울,관악-16-10-03,1457,72,900,481,3,0,3
기계설비,기계설비·가스공사업,823,다림건설(주),이계영,경기,경기-97-12-69,39191,30990,760,4341,3099,28199,13
기계설비,기계설비·가스공사업,824,(주)다마텍엔지니어링,서은갑,경기,화성21-10-18,1037,16,768,252,0,58,2
기계설비,기계설비·가스공사업,825,다모아산업(주),조재민,경북,대구달서구15-23-6,1623,499,583,505,35,737,4
기계설비,기계설비·가스공사업,826,(주)다모아이엔지,정덕기,경북,충남홍성-2012-10-01,582,187,10,371,13,400,5
기계설비,기계설비·가스공사업,827,다무산업개발(주),홍철표,경기,영등포-99-12-12,979,185,504,271,18,333,2
기계설비,기계설비·가스공사업,828,(주)다밀,임창희,경기,화성25-파-38호,604,231,120,252,0,330,2
기계설비,기계설비·가스공사업,829,(주)다보산업관리,정채열,서울,구로-07-12-3,3329,1165,945,1134,83,1654,20
기계설비,기계설비·가스공사업,830,다부이엔지(주),양용석,경기,군포09-10-2,15911,7894,6710,740,566,15052,5
기계설비,기계설비·가스공사업,831,(주)다빈이앤씨,박상근,대전,세종시-2019-10-01,2043,242,1455,334,10,0,2
기계설비,기계설비·가스공사업,832,다빈이엔씨(주),김홍일,경기,강릉10-10-17,1690,911,359,353,65,1372,2
기계설비,기계설비·가스공사업,833,(주)다산기업,권춘오,부산,부산연제2008-10-03,1696,168,1011,505,12,97,4
기계설비,기계설비·가스공사업,834,(주)다산산업개발,박광운,충북,충북청주20-10-11,4213,810,1746,1621,35,1962,13
기계설비,기계설비·가스공사업,835,(주)다산에이앤씨,김숙향,전남광주,광주광산-24-파-02,917,105,414,397,0,110,3
기계설비,기계설비·가스공사업,836,다산이엔지(주),정재훈,충북,충북청원10-10-2,1759,382,1092,256,27,511,2
기계설비,기계설비·가스공사업,837,다성건설(주),정용진,충남,충남홍성-2018-10-01,1317,121,900,290,5,0,2
기계설비,기계설비·가스공사업,838,다성기업(주),김상민,제주,제주제주2022-13-06,1977,711,972,292,0,821,2
기계설비,기계설비·가스공사업,839,(주)다성산업개발,박계남,전북,전북군산2010-27-01,4478,2671,1105,509,191,4534,4
기계설비,기계설비·가스공사업,840,(주)다성에스엔시,권홍철,서울,서초-22-파-05,1292,13,900,378,0,29,3
기계설비,기계설비·가스공사업,841,(주)다성이앤씨,윤수진,경기,용인-25-파-10호,905,507,131,266,0,725,2
기계설비,기계설비·가스공사업,842,(주)다성이엔씨,유기림,제주,제주제주2025-13-09,414,5,137,271,0,8,2
기계설비,기계설비·가스공사업,843,(주)다성이엔지,정호,대구,광주94-12-37,1882,412,1113,315,41,514,2
기계설비,기계설비·가스공사업,844,다솔디자인(주),박예리,충북,충북단양-파-1,2187,23,739,1424,0,35,11
기계설비,기계설비·가스공사업,845,(주)다승기업,이주연,대전,대전중구-06-12-1,411,148,0,252,10,0,2
기계설비,기계설비·가스공사업,846,다승이엔지(주),박형자,서울,성북21-10-01,110,73,0,36,0,21,2
기계설비,기계설비·가스공사업,847,다앤(주),허상구,대구,대구 수성구 2007-12-3,1747,437,899,379,31,425,3
기계설비,기계설비·가스공사업,848,(주)다엘엔지니어링,유경욱,대전,대전대덕-21-10-07,3565,2295,833,436,0,2383,3
기계설비,기계설비·가스공사업,849,(주)다예이엔지,김두일,경기,광주동2010-10-2,6720,4255,1390,770,303,3067,5
기계설비,기계설비·가스공사업,850,(주)다온개발,김종희,전북,전북전주2017-10-7,2924,1348,1233,284,58,2233,2
기계설비,기계설비·가스공사업,851,(주)다온건설,도현민,경기,인천강화2012-23-01,1167,318,446,378,22,442,3
기계설비,기계설비·가스공사업,852,(주)다온건설,이재홍,경남,진주 2001-12-01,2456,489,1665,252,48,600,2
기계설비,기계설비·가스공사업,853,(주)다온공조,김성배,충북,충북청주17-10-11,920,203,389,317,8,312,2
기계설비,기계설비·가스공사업,854,(주)다온기계건설,이정화,강원,원주2025-파-05호,594,46,168,378,0,67,3
기계설비,기계설비·가스공사업,855,다온기술(주),박근택,부산,부산기장2019-10-02,2837,799,603,1399,34,1462,11
기계설비,기계설비·가스공사업,856,다온기술(주),김희중,경기,부천-19-10-007,6735,3735,1599,1240,160,6392,8
기계설비,기계설비·가스공사업,857,(주)다온기업,황승현,전남광주,경기99-12-3,1859,411,901,505,41,897,4
기계설비,기계설비·가스공사업,858,다온기업(주),이경순,전북,전북전주2015-10-2,1246,357,591,272,25,281,2
기계설비,기계설비·가스공사업,859,다온비(주),정혜진,경기,연천2015-10-01,5128,869,3338,858,62,2114,6
기계설비,기계설비·가스공사업,860,(주)다온시스템,이명숙,부산,부산연제2020-10-02,886,540,53,270,23,406,4
기계설비,기계설비·가스공사업,861,(유)다온시스템에어컨,안소영,전북,전북전주2025-파-2호,798,105,313,378,0,151,3
기계설비,기계설비·가스공사업,862,(주)다온에너지,오재순,경북,대구북구21-27-1-1,1731,582,764,383,0,374,3
기계설비,기계설비·가스공사업,863,(주)다온엔지니어링,정영희,대전,충북청주제10-10-1,2227,670,1127,382,48,1217,3
기계설비,기계설비·가스공사업,864,다온엔지니어링,김경희,충남,충남논산-2023-13-01,1703,408,1042,252,0,619,2
기계설비,기계설비·가스공사업,865,(주)다온엠아이씨,최동순,경기,전북군산2013-10-02,1024,356,390,252,25,0,2
기계설비,기계설비·가스공사업,866,(주)다온엠이씨,김효정,경기,이천21-10-01,757,279,351,126,0,315,1
기계설비,기계설비·가스공사업,867,(주)다온이엔지,김진현,인천,인천남동17-10-04,3262,2352,433,375,100,4570,2
기계설비,기계설비·가스공사업,868,다온이엔지(주),김수경,전남광주,광주광산2018-10-05,851,551,0,275,23,0,3
기계설비,기계설비·가스공사업,869,(주)다온이엔지,윤오범,경기,하남2020-10-01,5903,2430,2990,378,104,3216,3
기계설비,기계설비·가스공사업,870,(주)다온이엔지,박찬혁,경기,안산2020-10-10,1233,532,299,378,22,1106,3
기계설비,기계설비·가스공사업,871,(주)다온이엔지,김정모,강원,원주2025-파-06호,887,308,327,252,0,440,2
기계설비,기계설비·가스공사업,872,(주)다온이엔지,이기부,전남광주,담양-24-파-02,2490,883,848,757,0,1552,6
기계설비,기계설비·가스공사업,873,(주)다온이엔티,정윤호,경기,수원-24-파-06,0,0,0,0,0,0,2
기계설비,기계설비·가스공사업,874,다온이피에스(주),주우영,강원,동해2022-파-01호,3772,1914,1227,631,0,3390,5
기계설비,기계설비·가스공사업,875,(주)다온테크,박종배,전남광주,여수-24-파-12,73,0,12,60,0,0,2
기계설비,기계설비·가스공사업,876,(주)다온테크닉스,장동조,부산,부산연제2021-10-02,1466,443,634,388,0,886,3
기계설비,기계설비·가스공사업,877,(주)다올건설,정병희,충남,대전동구-2019-23-27,1430,425,607,379,18,670,3
기계설비,기계설비·가스공사업,878,다올에이스(주),이수복,경기,김포-21-10-04,729,180,296,252,0,79,2
기계설비,기계설비·가스공사업,879,(주)다올엔지니어링,이종희,강원,춘천2016-27-01호,1333,288,645,386,12,225,3
기계설비,기계설비·가스공사업,880,(주)다올이엔씨,임영빈,인천,인천남동15-10-06,3248,423,2541,252,30,613,2
기계설비,기계설비·가스공사업,881,(주)다옴이엔지,박찬국,대전,대전대덕-21-10-02,1928,716,832,378,0,834,3
기계설비,기계설비·가스공사업,882,(주)다우,진승원,전북,서울92-12-148,1094,413,251,387,41,1122,3
기계설비,기계설비·가스공사업,883,(주)다우건설,"김지선, 조혜진",경기,경기시흥2018-10-53,8858,1183,7102,454,118,1231,3
기계설비,기계설비·가스공사업,884,다우기업(주),전향진,전남광주,경남92-12-35,2584,830,983,688,83,1472,5
기계설비,기계설비·가스공사업,885,다우산업개발(주),조정철,경기,서초-06-12-11,16573,5188,9259,1753,372,0,9
기계설비,기계설비·가스공사업,886,(주)다우이노,한철근,경기,용인2018-10-3,2883,753,1806,290,32,1533,2
기계설비,기계설비·가스공사업,887,(유)다우이엔지,김평석,전북,전북전주2002-12-4,3486,772,2011,625,77,435,4
기계설비,기계설비·가스공사업,888,(주)다우텍,윤순기,충남,충남천안-2021-10-07,849,307,290,252,0,351,2
기계설비,기계설비·가스공사업,889,다우토건(주),천인영,충북,충주2017-10-4,1092,101,583,403,4,29,3
기계설비,기계설비·가스공사업,890,다운이엔씨(주),김봉태,울산,울산울주2018-10-12,4635,891,2541,1163,38,1278,4
기계설비,기계설비·가스공사업,891,(주)다울산업개발,김인성,전남광주,무안13-10-01,36150,19398,13176,2179,1396,22355,11
기계설비,기계설비·가스공사업,892,(주)다울이엔지,강경옥,전남광주,광주남2017-10-02,11033,3718,6739,416,159,5153,3
기계설비,기계설비·가스공사업,893,다울테크(주),윤영석,대구,대구북구2006-12-1,1218,598,325,252,42,718,2
기계설비,기계설비·가스공사업,894,다움이앤씨(주),최종민,충남,충남보령2024-13-03,4789,101,900,3787,0,218,27
기계설비,기계설비·가스공사업,895,(주)다원,최차남,경기,경기북부-99-12-2,2231,687,820,655,68,1660,5
기계설비,기계설비·가스공사업,896,(주)다원,서석교,경남,경남거제2022-파-02,51075,49358,-4936,6652,0,63985,11
기계설비,기계설비·가스공사업,897,(주)다원건설,박상기,경기,부천-17-10-002,1804,299,860,631,12,350,5
기계설비,기계설비·가스공사업,898,다원건영(주),오신희,경기,성동-88-27-1-01,27573,8700,16861,1141,870,8831,9
기계설비,기계설비·가스공사업,899,(주)다원공영,김원식,인천,인천동구2020-23-01,765,292,81,378,12,379,3
기계설비,기계설비·가스공사업,900,다원씨에스(주),최인성,전남광주,광주광산-22-파-01,9673,5046,2428,2195,2,3983,11
기계설비,기계설비·가스공사업,901,(주)다원에너지,김창주,강원,원주2022-파-01호,368,155,104,108,0,319,3
기계설비,기계설비·가스공사업,902,(주)다원에어시스,유한종,세종,세종-25-13-03호,2485,1572,786,126,0,2246,1
기계설비,기계설비·가스공사업,903,(주)다원에프이,신길수,대구,대구북구-22-파-02,1663,608,608,446,0,766,3
기계설비,기계설비·가스공사업,904,(주)다원엔지니어링,전준기,경기,이천24-파-06,1179,174,485,519,0,346,6
기계설비,기계설비·가스공사업,905,다원엠테크(주),강명훈,인천,인천동구2014-10-01,18975,13861,1946,2177,990,11963,11
기계설비,기계설비·가스공사업,906,(주)다원이앤씨,전진길,대구,대구수성구2000-12-1,6091,2434,2908,505,243,4791,3
기계설비,기계설비·가스공사업,907,다원이엔지(주),김다슬,강원,원주2012-10-01,4340,1091,2400,707,140,2061,5
기계설비,기계설비·가스공사업,908,다율이앤씨(주),신명철,서울,도봉-24-파-01,1760,1153,353,252,0,1781,2
기계설비,기계설비·가스공사업,909,(유)다은,김정아,전북,전북전주2025-파-3호,858,220,384,252,0,315,2
기계설비,기계설비·가스공사업,910,(주)다음에어텍,권오길,대구,대구수성-23-파-02호,1831,662,764,403,0,1117,3
기계설비,기계설비·가스공사업,911,(주)다인가스,박형봉,경기,수원2015-23-01,1261,63,814,378,4,81,3
기계설비,기계설비·가스공사업,912,(주)다인이엔씨,이경민,대전,인천남구2010-12-2,372,236,0,118,16,0,2
기계설비,기계설비·가스공사업,913,(주)다인이엔씨,유권상,충북,충북청주 25-파-15,1309,87,900,322,0,124,2
기계설비,기계설비·가스공사업,914,(주)다인이엔지,황진수,대구,대구달서구2019-10-01호,2254,851,839,526,36,1391,4
기계설비,기계설비·가스공사업,915,(주)다인토탈인테리어,황은애,전남광주,여수-24-파-01,2163,171,1031,947,12,214,7
기계설비,기계설비·가스공사업,916,다인파워텍(주),김성만,경기,화성16-10-01,228,136,18,68,5,63,2
기계설비,기계설비·가스공사업,917,다인플랜트(주),안소현,강원,삼척2020-10-01호,669,121,285,257,5,212,2
기계설비,기계설비·가스공사업,918,(주)다일이엔지,황윤영,경기,남양주-24-파-08,1221,574,394,252,0,821,2
기계설비,기계설비·가스공사업,919,(주)다전이엔지,김인주,경기,성남-24-파(기계)-2,857,241,364,252,0,337,2
기계설비,기계설비·가스공사업,920,(유)다주에너지,강장훈,전북,전북전주2008-23-1,2079,1091,405,505,77,1799,4
기계설비,기계설비·가스공사업,921,(주)다한이엔지,장기철,대전,대전동구-2001-12-3,776,205,298,252,20,0,2
기계설비,기계설비·가스공사업,922,다함기술산업(주),정태이,전남광주,광주동-23-파-02,482,94,115,271,0,256,2
기계설비,기계설비·가스공사업,923,(주)다해,정정아,전북,전북군산-23-파-04호,4904,3027,1624,252,0,2632,2
기계설비,기계설비·가스공사업,924,다해산업(주),민경찬,대전,대전서구10-10-3,5249,2224,2446,419,158,2762,3
기계설비,기계설비·가스공사업,925,다해산업(주),윤창환,경남,경남거제2019-10-02,1692,406,871,397,17,656,3
기계설비,기계설비·가스공사업,926,(주)닥터풀,정성훈,서울,서초-23-파-06,1343,511,578,252,0,1067,2
기계설비,기계설비·가스공사업,927,(주)단비산업,조준,전남광주,광양22-파-08,664,161,123,378,0,543,3
기계설비,기계설비·가스공사업,928,단일가스켐(주),장세훈,충북,충북청주19-23-1,10,6,0,3,0,0,4
기계설비,기계설비·가스공사업,929,(주)달성,"최재원, 최득용",전남광주,광양98-12-01,18493,6184,7092,4597,618,8785,34
기계설비,기계설비·가스공사업,930,(주)담덕엔지니어링,이덕열,전남광주,전북1978-12-09,7362,4066,2509,377,408,3311,2
기계설비,기계설비·가스공사업,931,(주)담스테크,"송영배, 송성종",경기,성남14-10-8,929,631,0,252,45,160,2
기계설비,기계설비·가스공사업,932,(주)담우건설,조우형,경기,고양-2003-12-4,1681,268,735,631,46,370,5
기계설비,기계설비·가스공사업,933,(주)당진엘피지,윤기정,충남,충남당진-2011-23-02,0,0,0,0,0,0,3
기계설비,기계설비·가스공사업,934,(주)대가산업개발,오우식,부산,부산동래2013-10-1,6990,2465,4058,291,176,2750,2
기계설비,기계설비·가스공사업,935,(주)대건,김영찬,경남,창원01-12-12,1346,309,754,252,30,341,2
기계설비,기계설비·가스공사업,936,(주)대건건설산업,"정미희, 배병우",충북,충북청주 25-파-2,1781,205,1234,340,0,293,2
기계설비,기계설비·가스공사업,937,(주)대건기업,홍석범,전북,전북-12-89,6264,1564,3958,584,156,2046,4
기계설비,기계설비·가스공사업,938,(유)대건냉동이엔씨,정일,전남광주,무안15-10-01,1511,576,641,252,41,783,2
기계설비,기계설비·가스공사업,939,(주)대건시스템즈,최성주,세종,부산강서2007-12-01,3913,407,2447,1029,29,655,8
기계설비,기계설비·가스공사업,940,(주)대건엔지니어링,강은차,대전,대전서구-04-12-1,6870,2004,4043,622,200,3860,4
기계설비,기계설비·가스공사업,941,(주)대건엔지니어링,정중현,충북,충북청주18-10-9,2250,688,1062,469,29,1306,3
기계설비,기계설비·가스공사업,942,(주)대건엔지니어링,장인철,경북,경북구미2002-27-1-2,7875,3303,3736,505,330,3849,4
기계설비,기계설비·가스공사업,943,(주)대건이엔씨,김주형,대전,대전유성-2013-10-1,7046,1348,5182,419,96,1926,3
기계설비,기계설비·가스공사업,944,(주)대건이엔지,남재희,충북,대구수성구2014-10-04,2526,875,1045,543,63,629,4
기계설비,기계설비·가스공사업,945,대건테크놀로지(주),임기섭,전북,전북전주2023-파-2호,1310,398,532,378,0,532,3
기계설비,기계설비·가스공사업,946,(주)대경,정덕구,강원,강원고성2013-10-02호,2424,324,1823,252,23,653,2
기계설비,기계설비·가스공사업,947,(주)대경건설,이신자,대전,대전서구-17-10-2,2407,845,749,776,36,1631,6
기계설비,기계설비·가스공사업,948,(주)대경공조,조재태,대구,대구 수성구2008-12-03,1385,649,418,271,46,1385,2
기계설비,기계설비·가스공사업,949,대경공조기술(주),이호찬,부산,부산북구2015-10-1,6826,2049,4247,383,146,3711,3
기계설비,기계설비·가스공사업,950,(주)대경기계산업,전영구,경북,경북구미2020-10-1,1519,336,663,505,14,719,4
기계설비,기계설비·가스공사업,951,대경기술(주),임영하,부산,부산기장 2021-10-07,1815,40,900,874,0,145,4
기계설비,기계설비·가스공사업,952,(주)대경기술단,엄정일,경기,수원2014-10-9,1776,141,900,725,10,424,5
기계설비,기계설비·가스공사업,953,(주)대경방재,김태영,경북,경북경산2012-10-1,1075,135,551,378,9,328,3
기계설비,기계설비·가스공사업,954,(유)대경산업,서석준,전남광주,무안20-10-02,203,38,33,129,1,34,3
기계설비,기계설비·가스공사업,955,대경산업기술(주),이현정,충남,대전대덕-02-27-9,1829,191,1113,505,19,410,4
기계설비,기계설비·가스공사업,956,(주)대경솔루션,양동선,전남광주,여수2018-10-02,783,180,198,397,7,358,3
기계설비,기계설비·가스공사업,957,(주)대경알앤이,이상영,부산,부산사상09-10-3,1478,369,830,252,26,41,2
기계설비,기계설비·가스공사업,958,(주)대경에스코,윤학상,인천,인천남동05-12-03,6148,2963,1700,1187,296,816,8
기계설비,기계설비·가스공사업,959,대경에어텍시스템,김용봉,대구,대구동구 2006-12-1,1877,964,500,315,96,607,2
기계설비,기계설비·가스공사업,960,(주)대경엔지니어링,박경식,경기,경기-97-12-12,1097,155,364,561,15,249,4
기계설비,기계설비·가스공사업,961,(주)대경엔지니어링,김명식,경남,충남보령-2020-10-04,677,120,236,315,5,35,2
기계설비,기계설비·가스공사업,962,(주)대경엔지니어링,한창원,전북,전북군산-23-파-01호,3127,1319,1303,505,0,1585,4
기계설비,기계설비·가스공사업,963,(주)대경엠앤아이,김학태,전남광주,전남97-12-28,11472,4541,2679,3788,463,2946,30
기계설비,기계설비·가스공사업,964,(주)대경이앤씨,조아라,전남광주,광주북-23-파-01,818,65,461,290,0,83,2
기계설비,기계설비·가스공사업,965,(주)대경이앤씨,송대식,경기,화성17-10-04,12967,6948,5467,254,297,8888,2
기계설비,기계설비·가스공사업,966,대경이앤에스(주),김진곤,경남,창원성산 2021-10-03,3263,1471,1356,435,0,2339,3
기계설비,기계설비·가스공사업,967,(주)대경이앤지,박진홍,경북,대구동구2017-23-01,11541,5837,3441,2012,250,12395,11
기계설비,기계설비·가스공사업,968,(주)대경이앤지,이경환,경기,과천-2002-12-1,1917,650,734,466,65,556,3
기계설비,기계설비·가스공사업,969,(주)대경지엔에스,김진효,대구,대구달서구15-23-4,3805,834,2279,631,59,688,5
기계설비,기계설비·가스공사업,970,(주)대공,"이석순, 이채범",울산,경남-94-12-26,60528,41010,10065,5292,4159,64694,32
기계설비,기계설비·가스공사업,971,(주)대광기계건설,조보연,전북,전북남원 2009-10-01,2582,556,1730,254,39,492,2
기계설비,기계설비·가스공사업,972,대광산기(주),채상준,경북,경북포항2006-12-07,1205,767,0,383,54,0,4
기계설비,기계설비·가스공사업,973,대광산업개발(주),김용환,충북,충북97-12-4,5026,1623,2375,864,162,2577,6
기계설비,기계설비·가스공사업,974,(주)대광설비,김영진,경기,오산 2019-10-03,1510,541,567,378,23,357,3
기계설비,기계설비·가스공사업,975,(주)대광솔루션,문성환,전남광주,여수2016-10-24,3354,804,2254,260,34,1099,2
기계설비,기계설비·가스공사업,976,(주)대광엔지니어링,이영우,대구,대구서구2007-12-1,4652,2157,1952,388,154,3743,2
기계설비,기계설비·가스공사업,977,(주)대광엔텍,장영선,인천,인천서구2020-10-01,167,12,0,154,0,0,2
기계설비,기계설비·가스공사업,978,대광이엔지(주),강신창,전남광주,광주남2013-10-1,47922,28777,12012,5035,2096,39256,25
기계설비,기계설비·가스공사업,979,대교산업개발(주),이헌준,세종,대전서구-07-12-8,4129,529,2687,875,37,1170,6
기계설비,기계설비·가스공사업,980,(주)대교테크,박홍덕,경기,광주09-10-2,643,172,206,252,12,0,2
기계설비,기계설비·가스공사업,981,대구공조산업(주),홍무근,대구,대구달서구2012-10-1,6618,1297,4849,378,92,1575,3
기계설비,기계설비·가스공사업,982,(주)대구공조시스템,최만영,대구,대구동구2015-10-5호,2018,762,821,378,54,1562,3
기계설비,기계설비·가스공사업,983,(주)대국엔지니어링,박복자,강원,속초2021-10-02,913,357,302,252,0,681,2
기계설비,기계설비·가스공사업,984,(주)대길,김보미,전북,전북남원-26-파-01호,924,0,793,131,0,0,1
기계설비,기계설비·가스공사업,985,(주)대길기공,류재연,부산,부산사하2025-13-05호,429,48,128,252,0,69,2
기계설비,기계설비·가스공사업,986,(주)대남플랜트,문제성,경남,창원성산2021-10-06,1103,850,0,252,0,1069,2
기계설비,기계설비·가스공사업,987,대덕(주),김동재,전남광주,여수2008-10-03,1210,705,202,252,50,715,2
기계설비,기계설비·가스공사업,988,(주)대덕공조플랜트,전상현,대전,대전대덕-17-10-05,589,113,218,252,4,184,2
기계설비,기계설비·가스공사업,989,(주)대덕설비,김정석,인천,인천서구2023-파-03,1218,201,765,252,0,224,2
기계설비,기계설비·가스공사업,990,(주)대덕이엔지,김기남,전남광주,광주북2021-10-06,1300,589,306,404,0,1009,3
기계설비,기계설비·가스공사업,991,(주)대덕종합건설,김은희,강원,평창2013-12-01호,3332,270,1620,1422,19,523,10
기계설비,기계설비·가스공사업,992,(주)대덕콘트롤,이희성,경기,마포-05-12-1,966,966,-97,0,96,0,0
기계설비,기계설비·가스공사업,993,(유)대도,권봉주,전북,전북정읍09-10-02,1276,775,174,271,55,1970,2
기계설비,기계설비·가스공사업,994,대도기공(주),정명기,경남,김해 2012-10-06,3504,1354,1120,932,96,2037,7
기계설비,기계설비·가스공사업,995,(주)대도엔텍,장정수,경북,마포-04-12-2,2483,1314,658,378,131,1348,3
기계설비,기계설비·가스공사업,996,대도하이젠(주),도경민,부산,부산사상20-23-1,725,212,0,503,9,0,4
기계설비,기계설비·가스공사업,997,(주)대동,정금연,울산,울산남구2022-파-05,2113,573,1286,252,0,853,2
기계설비,기계설비·가스공사업,998,(주)대동,하성용,전남광주,여수2016-10-17,128,2,0,126,0,0,1
기계설비,기계설비·가스공사업,999,대동가스텍,김현옥,충남,충남홍성-2024-파-01,707,154,236,316,0,181,3
기계설비,기계설비·가스공사업,1000,(주)대동건설,강윤호,경남,경남거제2020-23-01,1355,551,275,505,23,1211,4
기계설비,기계설비·가스공사업,1001,(주)대동계전,류성선,전남광주,광주광산-26-파-02,464,0,193,271,0,0,2
기계설비,기계설비·가스공사업,1002,대동공조,김승묵,경북,경북상주2008-12-02,2438,675,1320,394,48,1999,3
기계설비,기계설비·가스공사업,1003,대동기공(주),송해동,경기,시흥09-10-57,441,224,89,112,16,0,2
기계설비,기계설비·가스공사업,1004,대동설비,채수암,경북,경북문경2009-10-01,512,133,142,226,9,140,2
기계설비,기계설비·가스공사업,1005,(주)대동씨앤이,"이우병, 임애숙",경기,수원-2006-12-1,5487,1105,4038,263,78,2100,2
기계설비,기계설비·가스공사업,1006,(주)대동엔지니어링,박영복,충남,충남공주-97-12-1,7519,2863,3864,505,286,2651,4
기계설비,기계설비·가스공사업,1007,(주)대동엔지니어링,전수환,경북,경북구미2019-10-3,3715,1061,2355,252,45,241,2
기계설비,기계설비·가스공사업,1008,(주)대동이엔티,최성주,전남광주,광주북2009-23-01,3081,1140,1222,637,81,1960,5
기계설비,기계설비·가스공사업,1009,(합)대련,"박진하, 최일묵",대전,충남-12-16,4020,909,2726,293,90,2344,2
기계설비,기계설비·가스공사업,1010,대로개발(주),신승엽,전남광주,광주북2017-10-07,1708,209,824,659,14,691,5
기계설비,기계설비·가스공사업,1011,대룡건설(주),손문용,경기,경기-97-12-42,2466,406,1368,650,40,635,5
기계설비,기계설비·가스공사업,1012,(주)대륙,원은성,강원,경기-94-12-60,2183,501,1370,260,50,548,2
기계설비,기계설비·가스공사업,1013,(주)대륙기업,김종욱,대전,대전-96-12-4,14617,2475,10978,914,248,2616,7
기계설비,기계설비·가스공사업,1014,대륜엔지니어링(주),박안진,부산,부산기장2020-10-04,1608,713,611,252,30,2548,2
기계설비,기계설비·가스공사업,1015,(주)대륭,유연욱,서울,82-12-193,6475,3603,2133,378,360,6778,3
기계설비,기계설비·가스공사업,1016,대린플랜트(주),배영권,충남,충남서산-2017-10-44,4536,2296,1518,622,98,5745,2
기계설비,기계설비·가스공사업,1017,(주)대림,정인,서울,종로-01-12-6,64053,8297,49784,5137,834,11978,21
기계설비,기계설비·가스공사업,1018,(주)대림개발,이응용,전남광주,광주북2005-12-2,318,59,0,252,5,0,2
기계설비,기계설비·가스공사업,1019,(주)대림공조,문기헌,부산,부산진2021-10-02,797,27,391,378,0,74,3
기계설비,기계설비·가스공사업,1020,(주)대림공조,"박지영, 성기환",대구,대구동구2015-10-4호,721,292,156,252,20,579,2
기계설비,기계설비·가스공사업,1021,(주)대림기업,이재덕,대구,대구북구-23-파-01호,2222,1666,302,252,0,1691,2
기계설비,기계설비·가스공사업,1022,대림로얄이앤피(주),정영화,경북,대구92-12-112,1351,684,127,470,68,391,8
기계설비,기계설비·가스공사업,1023,대림바토스(주),신병규,충북,충북-97-12-13,26234,7385,14254,3847,746,10420,28
기계설비,기계설비·가스공사업,1024,(주)대림방재엔지니어링,정태진,강원,원주2009-10-03,1226,175,659,378,12,60,3
기계설비,기계설비·가스공사업,1025,(주)대림산업,이명수,경북,경북구미99-12-4,2049,777,866,328,77,985,2
기계설비,기계설비·가스공사업,1026,(주)대림상공,임재민,대전,대전대덕24-13-02호,125,58,18,49,0,131,3
기계설비,기계설비·가스공사업,1027,(주)대림엔지니어링,윤정임,충남,충남보령-2013-10-01,1859,430,1018,379,30,44,3
기계설비,기계설비·가스공사업,1028,(주)대림이앤씨,정우교,충남,인천-98-12-20,1743,208,1249,264,20,713,2
기계설비,기계설비·가스공사업,1029,(주)대림피앤씨,김용서,경기,영등포16-10-02,3608,2493,439,568,106,1382,4
기계설비,기계설비·가스공사업,1030,대림환경(주),강승현,서울,관악-21-10-02,1196,0,900,296,0,0,2
기계설비,기계설비·가스공사업,1031,대림환경산업(주),김현철,경기,양주17-10-01,631,106,268,252,4,144,2
기계설비,기계설비·가스공사업,1032,(주)대명,"정향숙, 유제수",충남,충남아산-2013-10-06,4678,2618,373,1499,187,3493,18
기계설비,기계설비·가스공사업,1033,대명건설(주),백수현,경기,경기-98-12-14,1829,394,764,631,39,719,5
기계설비,기계설비·가스공사업,1034,대명건설(주),"강금선, 김백수",경기,이천24-파-03,3432,300,1805,1326,0,447,10
기계설비,기계설비·가스공사업,1035,(주)대명기계설비,윤홍식,대전,대전대덕-05-12-5,3387,1097,1646,534,110,1068,4
기계설비,기계설비·가스공사업,1036,(주)대명기술,김기춘,울산,울산남구2014-10-04,5687,2186,3054,290,156,3973,2
기계설비,기계설비·가스공사업,1037,(주)대명산업,송철종,전북,전북전주2001-12-5,9355,3007,5541,505,300,2112,4
기계설비,기계설비·가스공사업,1038,대명산업개발(주),정동진,전남광주,전남12-134,19097,10390,4949,2709,1047,9277,16
기계설비,기계설비·가스공사업,1039,(주)대명설비산업,김진규,인천,인천계양2004-12-01,1655,928,367,266,92,1993,2
기계설비,기계설비·가스공사업,1040,(주)대명스틸산업,조종완,충남,충남서천-2020-10-02,1342,61,900,378,2,37,3
기계설비,기계설비·가스공사업,1041,대명에너지(주),김덕기,울산,울산남구2016-10-06,3662,2358,698,505,101,2131,4
기계설비,기계설비·가스공사업,1042,대명엔지니어링(주),김일중,전남광주,광주남2004-27-02,11182,3872,5499,1421,389,9320,9
기계설비,기계설비·가스공사업,1043,(주)대명엠텍,서지영,경남,김포-15-10-02,1221,441,495,252,31,619,2
기계설비,기계설비·가스공사업,1044,(주)대명이앤에스,김동욱,전남광주,광주광산2016-10-09,3565,1216,2025,271,52,3213,2
기계설비,기계설비·가스공사업,1045,(주)대명이엔지,김종학,경기,고양2021-10-04,1538,825,436,276,0,776,2
기계설비,기계설비·가스공사업,1046,(주)대명이엔지,최현석,경남,충북청주16-10-12,3357,629,2321,378,26,1243,3
기계설비,기계설비·가스공사업,1047,(주)대명이엔지,김완수,충남,천안-2000-27-10,11941,3907,6349,1294,390,8205,10
기계설비,기계설비·가스공사업,1048,(주)대명플랜트,김주인,인천,인천동구2018-10-03,4357,1227,2698,378,52,1490,3
기계설비,기계설비·가스공사업,1049,(주)대물건설,윤재령,인천,인천동구 2015-10-01,2807,1192,973,557,85,2485,4
기계설비,기계설비·가스공사업,1050,대민건설(주),홍광수,인천,인천동구-2000-12-1,759,183,305,252,18,174,2
기계설비,기계설비·가스공사업,1051,(주)대박이엔지,황석진,경북,대구남구2016-10-01호,458,139,59,252,6,68,2
기계설비,기계설비·가스공사업,1052,대방설비(주),홍대근,서울,서울-12-259,31055,24587,3192,810,2465,36170,5
기계설비,기계설비·가스공사업,1053,(주)대벽이엔씨,최수진,강원,강릉15-10-02호,2337,367,887,1055,26,115,8
기계설비,기계설비·가스공사업,1054,대보건설(주),윤정훈,충남,대구중구2008-12-1,1454,45,900,505,3,163,4
기계설비,기계설비·가스공사업,1055,대보건설(주),김성호,경기,98-27-1-1,52335,0,900,51435,0,0,215
기계설비,기계설비·가스공사업,1056,대보건설(주),황준희,경기,안산2019-10-05,2479,1467,651,297,62,3120,2
기계설비,기계설비·가스공사업,1057,대보산업(주),김택현,경북,경북포항2017-10-06,7676,2290,5030,257,98,3790,2
기계설비,기계설비·가스공사업,1058,대보실업(주),장상근,경기,서초-99-27-1-39,2728,0,900,1828,0,0,2
기계설비,기계설비·가스공사업,1059,(주)대보엔지니어링,김주한,전남광주,광주96-12-14,6443,1312,4746,253,131,1956,2
기계설비,기계설비·가스공사업,1060,(유)대보이엔씨,전정욱,대구,수성20-10-04호,5085,1942,2506,552,83,3446,4
기계설비,기계설비·가스공사업,1061,(주)대봉건설,박희곤,충남,충남아산-2003-12-02,3465,1151,1685,513,115,1045,3
기계설비,기계설비·가스공사업,1062,(주)대봉엔지니어링,이상원,부산,사상-2000-12-3,925,115,184,613,11,95,8
기계설비,기계설비·가스공사업,1063,(주)대산,"최종규, 김곡지",부산,부산-98-12-2,3603,899,2068,545,89,1321,4
기계설비,기계설비·가스공사업,1064,(주)대산,김종대,충남,충남서산-2011-10-29,3497,2910,0,378,207,2050,3
기계설비,기계설비·가스공사업,1065,(주)대산,노대현,전남광주,경북96-12-170,5543,1220,1990,2209,122,578,17
기계설비,기계설비·가스공사업,1066,(주)대산기계설비,이완희,대전,대구98-12-219,476,39,306,126,3,0,1
기계설비,기계설비·가스공사업,1067,(주)대산산업,박주미,전남광주,광주서2019-10-05,4042,1473,1728,776,63,1887,6
기계설비,기계설비·가스공사업,1068,(유)대산설비,김완근,전남광주,전남96-12-27,6907,1527,4209,1017,152,3582,7
기계설비,기계설비·가스공사업,1069,(주)대산시스템,김명숙,서울,구로-01-12-25,3954,1054,2541,252,105,2163,2
기계설비,기계설비·가스공사업,1070,(주)대산씨앤씨,신기남,경기,구리2011-10-1,1976,1197,441,252,85,993,2
기계설비,기계설비·가스공사업,1071,(주)대산엔지니어링,현상호,대구,대구서구06-12-1,839,534,0,267,38,0,3
기계설비,기계설비·가스공사업,1072,(주)대산엠에스,최영도,서울,동대문-06-12-2,2648,1142,1044,378,81,1351,3
기계설비,기계설비·가스공사업,1073,대산이엔씨(주),곽소정,충북,충북청주14-10-4,1992,910,755,261,65,536,2
기계설비,기계설비·가스공사업,1074,대산이엔지(주),김두식,경기,양천-99-27-1-2,9171,2635,5158,1114,263,3576,8
기계설비,기계설비·가스공사업,1075,(주)대산이엔지,김창수,대구,대구달서구2010-23-1,649,252,0,378,18,208,3
기계설비,기계설비·가스공사업,1076,(주)대산파워텍,조기영,인천,인천동구2018-10-02,4927,583,3503,815,25,989,6
기계설비,기계설비·가스공사업,1077,(주)대삼이엔지,이재덕,경기,용인-2006-12-2,7701,2422,4581,524,173,4637,4
기계설비,기계설비·가스공사업,1078,(주)대상냉동이앤씨,염휘민,전남광주,담양2020-10-01,912,480,159,252,20,624,2
기계설비,기계설비·가스공사업,1079,(주)대상엔지니어링,"김형복, 박현관, 이관순",서울,광진-15-10-01,1411,246,894,252,17,7,2
기계설비,기계설비·가스공사업,1080,(주)대상이엔지,손연선,경북,경북성주2021-10-3,787,286,228,271,0,648,2
기계설비,기계설비·가스공사업,1081,(주)대서공영,이병식,울산,경남-92-12-14,1476,628,512,271,62,800,2
기계설비,기계설비·가스공사업,1082,대선건업(주),김민규,경남,경남진주2000-12-2,7687,1003,6020,562,100,1918,4
기계설비,기계설비·가스공사업,1083,(주)대성,허정신,강원,강원홍천2018-10-01호,1735,212,880,633,9,160,5
기계설비,기계설비·가스공사업,1084,대성ENG,진영재,경남,함안2023-파-03,1324,820,252,252,0,1851,2
기계설비,기계설비·가스공사업,1085,대성GENG,박광용,경북,경북구미2018-24-3,1721,309,893,505,13,250,4
기계설비,기계설비·가스공사업,1086,대성가스텍(주),안대경,경기,화성17-23-06,1010,354,136,505,15,136,4
기계설비,기계설비·가스공사업,1087,대성건설,문서연,경기,용인-24-파-12,578,6,320,252,0,3,2
기계설비,기계설비·가스공사업,1088,대성건설기업(주),전종식,경기,성남16-10-4,5534,2652,1908,858,115,4346,6
기계설비,기계설비·가스공사업,1089,대성공조산업,이선우,대구,대구달서구2020-10-06호,2620,336,2017,252,14,245,2
기계설비,기계설비·가스공사업,1090,(주)대성공조이엔씨,이호림,전남광주,순천2008-10-03,1474,882,131,397,63,570,3
기계설비,기계설비·가스공사업,1091,대성기계공업(주),이칠성,경기,시흥12-10-1,56737,22160,32649,344,1582,36547,2
기계설비,기계설비·가스공사업,1092,대성기공,이성우,경기,파주08-10-2,11375,8973,582,1178,640,9945,8
기계설비,기계설비·가스공사업,1093,대성기술이앤씨(주),손주형,서울,95-서울-12-93,27185,15172,9943,552,1517,8527,4
기계설비,기계설비·가스공사업,1094,(유)대성기업,배인숙,전북,전북김제2017-10-01,3692,423,2409,841,18,757,6
기계설비,기계설비·가스공사업,1095,(주)대성기연,김정욱,경기,파주-2000-12-2,12666,6768,3804,1416,676,10697,9
기계설비,기계설비·가스공사업,1096,대성기연,전호엽,경북,경북구미2001-27-1-1,1398,108,900,378,10,151,3
기계설비,기계설비·가스공사업,1097,(주)대성냉열,김성경,경기,안산2021-10-07,1341,221,867,252,0,311,2
기계설비,기계설비·가스공사업,1098,대성물류건설(주),원주연,서울,구로-12-10-02,6551,3561,2069,767,152,4320,5
기계설비,기계설비·가스공사업,1099,대성산기(주),윤수현,경기,양주19-10-02,4577,1385,2627,505,59,3015,4
기계설비,기계설비·가스공사업,1100,(주)대성산업기계,송상현,충남,충남부여2000-12-1,2761,594,1854,253,59,919,2
기계설비,기계설비·가스공사업,1101,대성산업씨엔에스(주),박태엽,서울,구로-08-10-2,8624,2215,5998,252,158,2700,2
기계설비,기계설비·가스공사업,1102,(주)대성설비,김성룡,인천,인천서구2023-파-09,2512,698,1559,255,0,594,2
기계설비,기계설비·가스공사업,1103,(주)대성설비산업,이성수,경북,담양2008-10-2,1255,316,662,254,22,247,2
기계설비,기계설비·가스공사업,1104,대성쎌틱에너시스(주),고봉식,충북,충북음성21-10-1,1998,1328,4,664,0,2949,8
기계설비,기계설비·가스공사업,1105,(주)대성쏠라,양성우,경남,경남거제2016-10-01,3750,424,2549,757,18,504,6
기계설비,기계설비·가스공사업,1106,(주)대성에너지,남찬우,인천,인천동구2002-27-01-03,1462,510,245,655,51,784,5
기계설비,기계설비·가스공사업,1107,(주)대성에어텍,이관후,전남광주,함평2016-10-01,2357,406,1671,262,17,734,2
기계설비,기계설비·가스공사업,1108,(주)대성에이원,최성득,경남,부산수영2016-10-01,4920,1099,2574,1197,48,1433,8
기계설비,기계설비·가스공사업,1109,(주)대성엔지니어링,김영순,서울,96-서울-12-51,6907,2034,4330,340,203,3791,2
기계설비,기계설비·가스공사업,1110,(주)대성엔지니어링,최정선,경기,김포-20-10-04,4729,2731,1375,505,117,7158,4
기계설비,기계설비·가스공사업,1111,(유)대성엔지니어링,황성중,전북,전북익산-23-파-03호,1053,189,362,501,0,403,5
기계설비,기계설비·가스공사업,1112,대성엔텍(주),강주경,부산,부산사하2015-10-02,1921,623,621,631,44,1176,5
기계설비,기계설비·가스공사업,1113,(주)대성엔팍스,차광석,대구,대구북구2006-12-4,8236,6011,1252,540,431,9814,4
기계설비,기계설비·가스공사업,1114,(주)대성이앤이,"임휘규, 이찬경, 조을래",경남,창원성산2015-23-01,5806,1046,3854,830,74,1295,6
기계설비,기계설비·가스공사업,1115,대성이앤지(주),최만식,대전,대전동구-2013-10-01,2129,263,1582,264,18,730,2
기계설비,기계설비·가스공사업,1116,(주)대성이엔씨,방현규,대구,대구달서구2013-10-2,2527,522,1677,290,37,597,2
기계설비,기계설비·가스공사업,1117,대성이엔이(주),조용일,전남광주,광주서2008-10-01,5176,1487,1637,1944,107,2892,16
기계설비,기계설비·가스공사업,1118,(주)대성이엔지,최원경,대구,대구달서구2012-10-3,523,253,0,252,18,2,2
기계설비,기계설비·가스공사업,1119,(주)대성이엔지,성완제,충남,대전서구17-23-1,1710,1011,273,381,43,714,3
기계설비,기계설비·가스공사업,1120,(주)대성이엔지,양정만,경기,수원2014-10-01,1510,752,445,258,53,1665,2
기계설비,기계설비·가스공사업,1121,(주)대성이엔지,배정수,경기,이천2018-23-01,1235,391,335,490,16,482,4
기계설비,기계설비·가스공사업,1122,(주)대성이엔지,이상훈,충북,충북청주제05-12-13,14540,1971,11829,543,197,2699,4
기계설비,기계설비·가스공사업,1123,(주)대성이엔지,김용수,전남광주,광양2009-10-04,2455,979,862,543,69,2672,4
기계설비,기계설비·가스공사업,1124,대성이엔지(주),이상현,강원,경북96-12-159,3192,927,1443,729,92,2507,5
기계설비,기계설비·가스공사업,1125,(주)대성인더스트리,양철용,제주,제주 제주2016-10-07,1466,529,645,267,22,1225,2
기계설비,기계설비·가스공사업,1126,(주)대성제이테크,김종구,인천,인천서구2011-10-04,4692,1794,1876,892,128,447,3
기계설비,기계설비·가스공사업,1127,(주)대성컨트롤,김성호,서울,구로-05-12-5,4919,731,3609,505,73,1064,4
기계설비,기계설비·가스공사업,1128,대성테크놀로지(주),김경식,경기,파주24-파-06,1083,156,548,378,0,242,3
기계설비,기계설비·가스공사업,1129,(주)대성테크윈,성낙구,경남,부산북구제05-12-02,11134,1479,8876,631,147,2062,5
기계설비,기계설비·가스공사업,1130,(주)대성테크윈,홍태의,충남,충남아산2024-13-11호,96,23,35,37,0,36,2
기계설비,기계설비·가스공사업,1131,대성파워텍(주),김광석,경남,함안2025-파-07,1405,0,900,505,0,0,4
기계설비,기계설비·가스공사업,1132,대성판금(유),이영주,부산,부산사상25-파-01호,1480,703,523,252,0,1005,2
기계설비,기계설비·가스공사업,1133,(주)대성플랜트,조숙희,경남,창원의창2024-파-04,344,0,73,271,0,0,2
기계설비,기계설비·가스공사업,1134,(주)대성플렌트,권성안,전북,전북군산2021-10-03,2230,707,1017,505,0,2528,4
기계설비,기계설비·가스공사업,1135,(주)대성환경건설,홍석봉,강원,강릉09-10-25,3304,431,2589,252,30,319,2
기계설비,기계설비·가스공사업,1136,(주)대성환경기계,변관수,경북,경북칠곡군2009-10-05,2643,771,1309,506,55,1223,4
기계설비,기계설비·가스공사업,1137,대성히트에너시스(주),유지석,충북,청원09-10-1,21581,5686,12427,3053,412,8158,24
기계설비,기계설비·가스공사업,1138,(주)대송건설,김귀영,강원,인제2024-파-01호,514,8,182,323,0,0,3
기계설비,기계설비·가스공사업,1139,대송이엔지(주),신대호,인천,인천부평구2018-10-01,2059,959,723,335,41,997,2
기계설비,기계설비·가스공사업,1140,(주)대승,김도봉,강원,강원2003-12-3,4583,1102,3029,341,110,1796,2
기계설비,기계설비·가스공사업,1141,(주)대승엔지니어링,최병천,경남,김해2015-10-14,794,364,131,271,26,350,2
기계설비,기계설비·가스공사업,1142,(주)대승이엔지,서영민,서울,동대문-02-12-3,49796,21271,23744,2653,2127,22849,15
기계설비,기계설비·가스공사업,1143,(주)대승플랜트,김정구,울산,울산남구2008-10-12,6804,4308,1645,543,307,2158,4
기계설비,기계설비·가스공사업,1144,(주)대신공영,김양기,서울,송파-13-10-02,7714,4727,1479,1169,339,6281,9
기계설비,기계설비·가스공사업,1145,(주)대신공조,옥광현,대구,대구북구2008-12-3,1478,406,789,252,29,512,2
기계설비,기계설비·가스공사업,1146,(주)대신기공,김철희,전남광주,전남94-12-115,286439,222294,29115,12737,22292,339236,26
기계설비,기계설비·가스공사업,1147,(유)대신산업개발,최용호,전북,전북전주99-12-3,1405,57,900,442,5,0,3
기계설비,기계설비·가스공사업,1148,대신산업설비(주),"우용길, 김재업",부산,부산-92-12-33,50055,11011,36224,1709,1110,7892,9
기계설비,기계설비·가스공사업,1149,(주)대신설비,이원호,충남,충남천안-2017-10-07,1205,306,380,505,13,424,4
기계설비,기계설비·가스공사업,1150,(주)대신이엔지,박춘수,부산,부산금정2005-12-06,4055,2042,1430,378,204,3181,3
기계설비,기계설비·가스공사업,1151,대신이엔텍(주),조혜정,전남광주,나주-22-파-01,1775,955,441,378,0,631,3
기계설비,기계설비·가스공사업,1152,(주)대신종합공조,배영희,경남,창원의창2025-파-11,387,0,134,252,0,0,2
기계설비,기계설비·가스공사업,1153,(주)대신종합주방기구,박찬의,경기,안산-2007-12-008,9866,1341,8050,378,95,1770,3
기계설비,기계설비·가스공사업,1154,대아건설(주),최수진,강원,속초2023-파-03호,133,8,0,125,0,17,1
기계설비,기계설비·가스공사업,1155,(주)대아건설,"김진환, 김민규",경남,창원마회 2012-23-01,8178,253,1519,6387,18,314,12
기계설비,기계설비·가스공사업,1156,(주)대아공조플랜트,정기,울산,울산중구2013-10-01,5771,2343,2628,631,167,4032,5
기계설비,기계설비·가스공사업,1157,(주)대아기계설비,조병준,서울,마포16-10-03,3710,490,2945,252,21,239,2
기계설비,기계설비·가스공사업,1158,대아이앤씨(주),"이경, 배형기",서울,서울-12-3,772559,596907,92039,23239,60372,745892,55
기계설비,기계설비·가스공사업,1159,(주)대아이엔지,박노형,충북,충북청주01-12-3,5498,1157,3650,574,115,2151,4
기계설비,기계설비·가스공사업,1160,대아플랜트(주),이경숙,인천,인천서구2011-10-02,4693,592,3553,505,42,129,4
기계설비,기계설비·가스공사업,1161,대야E.N.G,박종규,전남광주,광주광산2021-10-01,2245,224,1349,671,0,363,5
기계설비,기계설비·가스공사업,1162,대양건설(주),김완배,충북,충북영동14-10-2,1648,307,1064,254,21,293,2
기계설비,기계설비·가스공사업,1163,(주)대양공조,이연각,강원,정선2008-10-03,1331,152,915,252,10,284,2
기계설비,기계설비·가스공사업,1164,(주)대양기연,이순,경기,포천-2004-12-2,7426,957,5742,631,95,682,5
기계설비,기계설비·가스공사업,1165,(주)대양에너지,전대석,경기,이천-2006-27-7,4919,2790,1273,656,199,3689,5
기계설비,기계설비·가스공사업,1166,(주)대양엔지니어링,채희만,충북,충북청주제02-12-09,23577,5130,17227,703,516,4561,4
기계설비,기계설비·가스공사업,1167,(유)대양엔지니어링,조유석,전남광주,목포2001-12-03,1686,184,1105,378,18,0,3
기계설비,기계설비·가스공사업,1168,(주)대양이앤에프,이호석,경기,전남96-12-05,452,177,5,252,17,147,2
기계설비,기계설비·가스공사업,1169,(주)대양이엔씨,박찬현,대전,대전대덕-16-10-05,6156,783,4577,761,33,922,6
기계설비,기계설비·가스공사업,1170,(주)대양이엔아이,"박근식, 신동준",경기,화성14-10-10,4250,2465,1461,146,176,3539,1
기계설비,기계설비·가스공사업,1171,(주)대양이엔지,김태복,경남,김해24-파-02,1102,138,692,271,0,101,2
기계설비,기계설비·가스공사업,1172,(주)대양테크,이현정,세종,전남강진2013-10-01,11806,2825,8297,482,201,4342,3
기계설비,기계설비·가스공사업,1173,(주)대연이엔지,김구연,대전,대전동구-2019-10-11,1384,453,658,252,19,1180,2
기계설비,기계설비·가스공사업,1174,(주)대연이엔지,문재수,경남,창원 2005-12-5,15375,6087,7592,1085,608,9415,7
기계설비,기계설비·가스공사업,1175,(주)대연티아이엔,양미자,대전,대전동구2010-10-1,1432,166,1001,252,11,329,2
기계설비,기계설비·가스공사업,1176,대열보일러엔지니어링(주),이세규,경기,평택 12-10-6,1631,604,604,378,43,873,3
기계설비,기계설비·가스공사업,1177,대열엔지니어링,최세광,대구,대구수성구2014-10-01,1645,711,604,278,51,837,2
기계설비,기계설비·가스공사업,1178,(주)대열엔지니어링,김창용,대전,대전중구-09-10-01,2895,1188,1350,272,84,2223,2
기계설비,기계설비·가스공사업,1179,(주)대열이엔지,김현식,경기,안산-2005-12-9,3582,445,2670,422,44,492,3
기계설비,기계설비·가스공사업,1180,(주)대영,양숙희,서울,성동14-10-02,3878,1774,1514,462,126,1764,3
기계설비,기계설비·가스공사업,1181,(주)대영,고승표,제주,제주 제주2012-10-04,2209,460,1338,378,32,488,3
기계설비,기계설비·가스공사업,1182,(주)대영건설,김수미,전남광주,전남12-144,1954,185,1111,638,18,538,5
기계설비,기계설비·가스공사업,1183,대영건설(주),황의식,경남,창원성산 2012-23-01,3181,1706,973,378,121,2788,3
기계설비,기계설비·가스공사업,1184,(주)대영공조,이용철,경기,의정부-2000-12-1,2960,482,2051,378,48,181,3
기계설비,기계설비·가스공사업,1185,(유)대영기공,김성구,전북,전북전주2001-12-2,2621,709,1298,543,71,780,4
기계설비,기계설비·가스공사업,1186,대영기업(주),김영택,제주,제주 제주2014-10-06,7535,4264,1924,1041,305,4288,7
기계설비,기계설비·가스공사업,1187,(주)대영산업기술,박병구,서울,구로-15-10-05,4534,1429,2487,515,102,1889,4
기계설비,기계설비·가스공사업,1188,대영씨엔이주식회사,노세윤,강원,강릉13-10-02호,2890,1790,67,904,128,623,7
기계설비,기계설비·가스공사업,1189,(주)대영아이엔디,임채국,울산,울산남구2006-12-12,2635,542,1658,395,38,0,2
기계설비,기계설비·가스공사업,1190,대영에스티(주),양순화,경기,부천-09-10-5,1753,740,543,416,52,577,3
기계설비,기계설비·가스공사업,1191,대영엔지니어링,이광모,인천,인천-92-12-42,983,278,323,353,27,178,2
기계설비,기계설비·가스공사업,1192,대영엔지니어링(주),한정택,울산,울산울주2024-파-14,2085,353,1353,378,0,672,3
기계설비,기계설비·가스공사업,1193,(주)대영엔지니어링,최승태,경기,수원08-10-4,1513,178,1070,252,12,273,2
기계설비,기계설비·가스공사업,1194,(주)대영엔지니어링,유연복,전남광주,여수2013-10-04,6703,4622,1245,505,330,8329,4
기계설비,기계설비·가스공사업,1195,대영엠이씨(주),이은웅,경기,광주동2016-10-02,2263,2077,-416,512,89,2348,3
기계설비,기계설비·가스공사업,1196,대영이앤디(주),박준철,서울,76서울-12-34,37255,26172,5209,3256,2617,30598,9
기계설비,기계설비·가스공사업,1197,(주)대영이앤씨,김명선,강원,양양2015-10-01,1186,392,500,265,28,844,2
기계설비,기계설비·가스공사업,1198,대영종합건설(주),"윤일권, 최기정",대전,대전서구-07-12-5,2364,278,1668,397,19,316,3
기계설비,기계설비·가스공사업,1199,대영지에스(주),류광섭,대구,경북칠곡군2009-10-02,6644,1521,4475,537,109,2115,4
기계설비,기계설비·가스공사업,1200,(주)대영통신,김명대,대구,대구달성군2021-10-02,1158,5,900,252,0,0,2
기계설비,기계설비·가스공사업,1201,(주)대영환경,남기삼,충남,충남예산-24-파-01호,3353,472,2625,255,0,453,2
기계설비,기계설비·가스공사업,1202,(주)대온,윤주하,전북,전북김제 2025-파-01호,726,229,178,319,0,327,4
기계설비,기계설비·가스공사업,1203,대용기업(주),반성환,전남광주,광주92-12-01,3156,934,1422,705,93,1369,5
기계설비,기계설비·가스공사업,1204,(주)대우건설,김보현,서울,중구84-26,165758,0,0,165758,0,0,844
기계설비,기계설비·가스공사업,1205,(주)대우산업,정우일,전남광주,속초2006-12-01,2031,462,1284,252,33,980,2
기계설비,기계설비·가스공사업,1206,대우소방산업(주),강호섭,경북,경북포항2002-12-02,3361,418,2508,392,41,17,3
기계설비,기계설비·가스공사업,1207,(주)대우플랜트,박쌍규,전남광주,여수2009-10-09,6946,3110,2983,631,222,3919,5
기계설비,기계설비·가스공사업,1208,(주)대운,전창주,전남광주,여수2016-10-05,1544,879,374,252,37,1212,2
기계설비,기계설비·가스공사업,1209,대운가스프랜트(주),최병만,울산,울산남구2024-파-01,0,0,0,0,0,0,2
기계설비,기계설비·가스공사업,1210,대운산업(합),박인옥,경남,거창 2006-12-01,908,52,594,252,8,29,2
기계설비,기계설비·가스공사업,1211,(유)대운이엔씨,전상훈,전남광주,목포2001-12-08,824,286,130,378,28,64,3
기계설비,기계설비·가스공사업,1212,대운이엔지(주),최병만,울산,울산남구2008-10-08,1152,0,900,252,0,0,2
기계설비,기계설비·가스공사업,1213,대운이엔지(ENG),박대화,대전,대전동구-2023-21-11,2255,840,1035,379,0,1906,3
기계설비,기계설비·가스공사업,1214,대운인텍(주),이상수,전남광주,광양2021-10-01,435,113,151,169,0,405,5
기계설비,기계설비·가스공사업,1215,(주)대운테크,김운호,경북,대구달서구2014-10-3,942,210,337,378,15,256,3
기계설비,기계설비·가스공사업,1216,대운테크(주),신철성,울산,울산울주2016-10-45,4670,3110,1038,388,133,3067,3
기계설비,기계설비·가스공사업,1217,대웅건설(주),"정원웅, 정관영",충남,충남태안-2021-23-01-01,3268,0,900,2368,0,0,14
기계설비,기계설비·가스공사업,1218,(주)대웅기계설비,손동만,충북,충북제천05-12-01,4355,1316,2262,644,131,1480,5
기계설비,기계설비·가스공사업,1219,대웅기업(주),서의석,경기,영등포-01-12-11,2177,243,1277,631,24,283,5
기계설비,기계설비·가스공사업,1220,(주)대웅기업,반재승,전남광주,목포2013-10-1,1485,75,900,505,5,181,4
기계설비,기계설비·가스공사업,1221,(주)대웅산업,김기웅,충남,충남보령-2004-12-04,1517,396,810,271,39,481,2
기계설비,기계설비·가스공사업,1222,대웅산업(주),류재찬,경북,경북경주2006-12-02,0,0,0,0,0,0,1
기계설비,기계설비·가스공사업,1223,대웅산업건설(주),"이윤형, 이한원",경기,경기-92-12-7,3954,2408,745,560,240,2596,4
기계설비,기계설비·가스공사업,1224,(주)대웅설비,곽병웅,경기,의왕2018-10-01,1652,897,426,290,38,499,2
기계설비,기계설비·가스공사업,1225,대웅이엔지,서준석,인천,김포-23-파-07,26,17,1,8,0,6,2
기계설비,기계설비·가스공사업,1226,(주)대원,문영진,강원,강릉15-10-01호,4989,1404,3025,459,100,1596,3
기계설비,기계설비·가스공사업,1227,(유)대원,이종철,전북,전북정읍2001-12-1,1023,350,183,454,35,235,3
기계설비,기계설비·가스공사업,1228,(주)대원,조영미,전남광주,전남영광2018-10-01,2227,554,1079,569,23,1300,4
기계설비,기계설비·가스공사업,1229,대원개발(주),김원일,전남광주,담양2015-10-01,15755,4064,10509,890,290,7721,4
기계설비,기계설비·가스공사업,1230,대원건설(주),안광민,경기,96-서울-12-39,1552,183,1098,252,18,15,2
기계설비,기계설비·가스공사업,1231,대원건설,박병희,경남,창원 2008-23-01,1341,58,900,378,4,28,3
기계설비,기계설비·가스공사업,1232,(주)대원건설이엔지,서현주,대전,대전서구-19-10-2,926,188,186,543,8,151,4
기계설비,기계설비·가스공사업,1233,대원공영(주),김은성,인천,인천동구2025-파-1,878,183,442,252,0,261,2
기계설비,기계설비·가스공사업,1234,(주)대원기계,곽찬원,대전,대전대덕-22-13-04,1074,455,347,271,0,834,2
기계설비,기계설비·가스공사업,1235,(주)대원기계설비,김병호,강원,삼척2022-파-01,649,195,134,319,0,491,2
기계설비,기계설비·가스공사업,1236,(주)대원기공,전한진,경기,의왕2008-10-2,4559,1782,2144,505,127,2144,4
기계설비,기계설비·가스공사업,1237,(주)대원기술,김동현,경북,경북울진2023-파-1,1331,146,900,274,10,451,2
기계설비,기계설비·가스공사업,1238,대원냉동,조수훈,경남,경남통영2015-10-02,911,284,353,252,20,450,2
기계설비,기계설비·가스공사업,1239,(주)대원산기,이은성,경남,양산-23-파-05,226,104,44,77,0,149,2
기계설비,기계설비·가스공사업,1240,(주)대원산업,이종희,경기,동두천2020-10-0002,3934,447,2683,784,19,561,6
기계설비,기계설비·가스공사업,1241,대원설비(주),이춘식,경기,군포2012-10-1,993,70,601,315,5,0,2
기계설비,기계설비·가스공사업,1242,대원실업(주),최승석,경기,수원-2003-12-5,551,153,107,274,15,535,2
기계설비,기계설비·가스공사업,1243,(주)대원아이오티공조,김대원,부산,부산동래2020-10-2,3528,462,2774,271,19,506,2
기계설비,기계설비·가스공사업,1244,(주)대원엔지니어링,한기완,경남,진주2020-23-02,3551,1734,1237,505,74,3029,4
기계설비,기계설비·가스공사업,1245,(주)대원엠더블유,김대창,울산,서초-21-10-03,8065,7268,417,378,0,17510,3
기계설비,기계설비·가스공사업,1246,대원엠이씨(주),이종원,서울,강남-17-10-05,3707,813,1335,1430,127,1480,9
기계설비,기계설비·가스공사업,1247,대원이앤피(주),류수용,울산,울산울주2016-10-17,207,57,0,147,2,180,1
기계설비,기계설비·가스공사업,1248,(주)대원이엔씨,윤도은,경북,경북경산2019-10-1,2484,693,1021,740,29,1574,5
기계설비,기계설비·가스공사업,1249,대원이엔지(주),진중호,경기,수원-2005-12-10,1758,557,817,327,55,774,2
기계설비,기계설비·가스공사업,1250,(주)대원이엔지,김병찬,경북,용인2014-23-1,3857,1123,1486,1167,80,1990,9
기계설비,기계설비·가스공사업,1251,(주)대원이엔지,문은성,인천,원주2018-10-02호,2206,834,1083,252,35,946,2
기계설비,기계설비·가스공사업,1252,(주)대원이엔지,김기호,충북,충북청주22-파-1,1307,306,748,252,0,498,2
기계설비,기계설비·가스공사업,1253,(주)대원이엔지,이상규,경남,창원 2009-10-11,1734,71,900,757,5,256,6
기계설비,기계설비·가스공사업,1254,대원전문건설(주),정창영,서울,강서-25-파-04,1034,85,684,264,0,122,2
기계설비,기계설비·가스공사업,1255,(주)대원정밀,서항원,전남광주,순천2005-12-3,1537,323,676,505,32,233,4
기계설비,기계설비·가스공사업,1256,(주)대원종합개발,강성신,경기,영천2012-10-02,443,61,216,161,4,3,1
기계설비,기계설비·가스공사업,1257,(주)대원종합기업,김정선,전남광주,전남97-12-09,3428,1356,1430,505,135,1923,4
기계설비,기계설비·가스공사업,1258,(주)대원지에스아이,서보성,경북,경북95-12-131,26019,9994,11375,3649,999,14924,28
기계설비,기계설비·가스공사업,1259,(주)대원테크,김정호,서울,금천-20-10-01,904,429,203,252,18,1344,2
기계설비,기계설비·가스공사업,1260,(주)대유,문미심,충남,충남공주-2008-10-02,2541,305,1834,378,21,442,3
기계설비,기계설비·가스공사업,1261,(주)대유,김찬임,전남광주,나주2020-10-01,541,105,52,378,4,28,3
기계설비,기계설비·가스공사업,1262,(주)대유개발,이중우,울산,전북전주2006-12-3,2088,259,1557,252,18,182,2
기계설비,기계설비·가스공사업,1263,(주)대유건영,이미옥,서울,마포24-파-03,2139,267,1238,634,0,390,5
기계설비,기계설비·가스공사업,1264,(주)대유기업,김승범,제주,제주2005-12-01,1062,82,195,776,8,17,6
기계설비,기계설비·가스공사업,1265,대유산업(주),박태균,충남,광양2004-12-1,1941,785,743,334,78,630,2
기계설비,기계설비·가스공사업,1266,(주)대유엠이씨,김홍택,서울,94-서울-12-169,287,179,0,89,18,0,18
기계설비,기계설비·가스공사업,1267,(주)대윤기술공영,정광일,서울,서울-12-108,8488,994,5966,1428,99,836,10
기계설비,기계설비·가스공사업,1268,(주)대윤산업,윤용호,전남광주,광주서06-27-1-01,1349,66,900,378,4,22,3
기계설비,기계설비·가스공사업,1269,대윤환경(주),김우진,서울,강동-11-10-02,2630,179,1075,1362,12,0,8
기계설비,기계설비·가스공사업,1270,(주)대은계전,고휴환,제주,제주 제주2017-10-08,1155,265,499,378,11,838,3
기계설비,기계설비·가스공사업,1271,(주)대은이앤지,이태우,인천,부산동래2012-10-4,1690,454,951,252,32,597,2
기계설비,기계설비·가스공사업,1272,(주)대익,"고익준, 고세훈",울산,울산남구2001-12-03,1309,28,900,378,2,35,3
기계설비,기계설비·가스공사업,1273,(주)대익건설,정해익,경기,여주16-23-02,899,40,478,378,1,57,3
기계설비,기계설비·가스공사업,1274,(주)대일,공경석,부산,부산기장2013-10-05,0,0,0,0,0,0,1
기계설비,기계설비·가스공사업,1275,대일건설(주),천경중,경기,화성-2001-12-3,4067,1173,2183,592,117,961,4
기계설비,기계설비·가스공사업,1276,(주)대일공영,엄동용,인천,인천남구2013-10-2,7508,4559,1250,1371,326,5338,9
기계설비,기계설비·가스공사업,1277,(주)대일기업,이천호,경북,대구98-12-211,510,90,158,252,9,49,2
기계설비,기계설비·가스공사업,1278,(주)대일기업,이왕구,대전,대전동구-2008-10-2,675,295,105,252,21,401,2
기계설비,기계설비·가스공사업,1279,(주)대일산기,홍의주,인천,인천남동18-10-01,7605,3963,2972,499,169,5376,2
기계설비,기계설비·가스공사업,1280,(주)대일산업,박찬의,경북,경북포항2020-10-03,2576,1314,827,378,56,2644,3
기계설비,기계설비·가스공사업,1281,(주)대일열기공사,임효성,경남,경남창원99-12-7,3131,600,2161,309,60,1028,2
기계설비,기계설비·가스공사업,1282,(주)대일이앤씨,나진열,전남광주,여수2020-10-03,1041,67,592,379,2,240,3
기계설비,기계설비·가스공사업,1283,(주)대일이엔지,장성환,경남,양산 2021-10-2,2829,1158,1419,252,0,2660,2
기계설비,기계설비·가스공사업,1284,대일종합건설(주),한현수,경기,경기북부-99-12-1,5369,694,3015,1590,69,1902,11
기계설비,기계설비·가스공사업,1285,(주)대일하이텍,박상규,전북,전북고창-25-파-01호,1152,0,900,252,0,0,2
기계설비,기계설비·가스공사업,1286,(주)대저건설,박용근,경남,김해 2012-23-02,1438,0,0,1438,0,0,57
기계설비,기계설비·가스공사업,1287,(주)대전공조,김대일,대전,대전서구-08-10-5,4422,1651,1889,763,117,1731,6
기계설비,기계설비·가스공사업,1288,대전냉·난방설비공사,윤성섭,대전,대전대덕-18-10-01,1192,405,517,252,17,484,2
기계설비,기계설비·가스공사업,1289,대정개발(주),이상우,전남광주,전남95-12-145,10055,2090,6303,1452,209,3736,11
기계설비,기계설비·가스공사업,1290,대정건설,박종완,경기,구리-25-파-02,740,168,272,300,0,240,3
기계설비,기계설비·가스공사업,1291,(주)대정기업,김형락,부산,부산-92-12-73,39548,22658,11905,2705,2278,31201,11
기계설비,기계설비·가스공사업,1292,대정이엔씨(주),이지환,세종,세종시-2014-10-02,3443,1265,1518,568,90,1555,4
기계설비,기계설비·가스공사업,1293,(주)대정이엔지,권종학,부산,부산동래2016-10-3,3959,609,2944,378,26,640,3
기계설비,기계설비·가스공사업,1294,(주)대정이엔지,김상재,경기,92-서울-12-301,4369,1929,1556,689,192,2970,5
기계설비,기계설비·가스공사업,1295,(주)대종,강성호,경북,경북포항2015-23-02,1672,73,836,757,5,56,6
기계설비,기계설비·가스공사업,1296,대종건설(주),임동조,전남광주,전북남원2012-23-01,1071,152,402,505,10,143,4
기계설비,기계설비·가스공사업,1297,대종엔지니어링(주),임호빈,서울,광명-2001-12-6,52255,30794,15101,3271,3088,50663,13
기계설비,기계설비·가스공사업,1298,(주)대종플랜트,김태민,충북,충주2002-파-1,527,146,53,311,14,301,4
기계설비,기계설비·가스공사업,1299,(주)대주기계,이재형,대구,대구중구2001-12-1,1179,402,153,583,40,470,16
기계설비,기계설비·가스공사업,1300,(주)대주기공,이재욱,경북,경북92-12-54,0,0,0,0,0,0,3
기계설비,기계설비·가스공사업,1301,(주)대주엔지니어링,손태환,울산,경남-95-12-10,3839,522,3137,126,52,0,1
기계설비,기계설비·가스공사업,1302,(주)대주이엔지,김준수,경기,92-서울-12-56,8110,2092,5318,489,209,1765,3
기계설비,기계설비·가스공사업,1303,대주이엔티(주),"황광수, 박주봉",인천,인천남구2005-12-1,9439,4238,2994,1782,423,5318,13
기계설비,기계설비·가스공사업,1304,대주중공업(주),서이종,인천,인천-99-12-15,9658,0,900,8758,0,0,36
기계설비,기계설비·가스공사업,1305,대중산업(주),"김백기, 김종민",경남,진주2017-10-1,608,117,226,259,5,188,2
기계설비,기계설비·가스공사업,1306,(주)대진건업,"송윤상, 송수양",서울,용인-2005-12-2,1696,0,900,795,0,0,6
기계설비,기계설비·가스공사업,1307,대진공무(주),"박종옥, 이종석",서울,92-서울-12-102,105686,33583,63415,5310,3377,50880,22
기계설비,기계설비·가스공사업,1308,대진공조(주),박주한,서울,구로-17-10-05,4466,1105,3060,252,47,1108,2
기계설비,기계설비·가스공사업,1309,대진기계(주),홍진관,강원,동해2010-10-02,14847,5772,8202,460,412,7602,3
기계설비,기계설비·가스공사업,1310,대진기계,곽노근,충북,충북청주22-파-12,1073,593,225,254,0,518,2
기계설비,기계설비·가스공사업,1311,대진기업(주),신영섭,충북,충북청주제06-12-06,3039,711,2024,252,50,1370,2
기계설비,기계설비·가스공사업,1312,대진산업개발(주),강대진,충남,충남보령-2013-10-05,655,173,47,421,12,236,3
기계설비,기계설비·가스공사업,1313,대진설비(주),김춘생,울산,서울-12-32,7577,2976,4031,271,297,4753,2
기계설비,기계설비·가스공사업,1314,대진설비(주),최재태,전남광주,여수2012-10-01,461,72,131,252,5,40,2
기계설비,기계설비·가스공사업,1315,(주)대진에스앤지에너지,권영철,경북,경북경산2021-10-3,4206,1648,1926,631,0,2373,5
기계설비,기계설비·가스공사업,1316,(주)대진엔지니어링,박순희,충북,충북음성24-파-2,2688,443,1962,282,0,822,2
기계설비,기계설비·가스공사업,1317,(주)대진엔지니어링,이미경,전북,전북군산2021-10-02,4602,2391,1958,252,0,4359,2
기계설비,기계설비·가스공사업,1318,대진엔지니어링,김덕진,경남,진주24-파-01,626,103,265,256,0,243,2
기계설비,기계설비·가스공사업,1319,(주)대진이엠씨,이정주,부산,부산연제2018-10-01,1959,558,763,612,24,552,4
기계설비,기계설비·가스공사업,1320,대진전력(주),최미숙,경남,충남서산-2009-10-24,9073,2078,5732,1113,148,2995,8
기계설비,기계설비·가스공사업,1321,(주)대진정공,이주백,경기,시흥-2004-12-4,386,95,10,271,9,108,2
기계설비,기계설비·가스공사업,1322,대진종합개발(주),송민진,충북,충북청주제05-12-3,1692,395,852,405,39,782,3
기계설비,기계설비·가스공사업,1323,(주)대진플랜트,고문규,경북,경북구미2002-12-4,8655,4036,3817,397,403,4189,3
기계설비,기계설비·가스공사업,1324,(주)대창,송영국,충북,충북진천 제04-12-1,2856,953,1295,512,95,811,4
기계설비,기계설비·가스공사업,1325,(주)대창기계건설,박영석,전남광주,곡성2002-12-01,2960,496,2143,271,49,761,2
기계설비,기계설비·가스공사업,1326,대창산업설비(주),장재호,경남,경남-95-12-21,14097,3336,9296,1131,333,3721,8
기계설비,기계설비·가스공사업,1327,대창설비(주),민광호,서울,94-서울-12-51,9017,2146,5904,750,216,3000,5
기계설비,기계설비·가스공사업,1328,대창설비(주),김영준,대전,충남-12-22,26064,15836,6071,2559,1597,13790,13
기계설비,기계설비·가스공사업,1329,(주)대창엔지니어링,유병창,인천,인천-97-12-12,2041,1167,479,278,116,1007,2
기계설비,기계설비·가스공사업,1330,(주)대창엔지니어링,정미진,전북,전북남원02-12-1,1737,357,712,631,35,169,5
기계설비,기계설비·가스공사업,1331,(주)대창이앤씨,김창선,전남광주,여수2017-10-09,13359,4772,7736,645,204,8697,5
기계설비,기계설비·가스공사업,1332,(주)대창이엔지,장연수,경기,화성22-파-23,1264,111,900,252,0,238,2
기계설비,기계설비·가스공사업,1333,(주)대창이엔텍,장주환,경북,대전대덕-17-10-01,2631,319,1919,378,13,493,3
기계설비,기계설비·가스공사업,1334,대창테크(주),김광수,대구,대구남구2014-10-04,5075,1475,3045,448,105,1564,3
기계설비,기계설비·가스공사업,1335,대철,노철우,서울,강동-09-10-07,1191,191,734,252,13,152,2
기계설비,기계설비·가스공사업,1336,대청기업(주),유도희,전남광주,여수99-12-07,1006,323,0,650,32,314,5
기계설비,기계설비·가스공사업,1337,(주)대청엔지니어링,"성열구, 김경훈",대전,대전-12-2,44803,19591,18604,4642,1964,26716,20
기계설비,기계설비·가스공사업,1338,(주)대청엔지니어링,최윤희,경기,성남21-10-4,2369,428,1278,631,30,831,5
기계설비,기계설비·가스공사업,1339,(주)대청이에스,"성열구, 이선호",충북,충남천안-07-12-08,2925,2153,285,332,153,479,2
기계설비,기계설비·가스공사업,1340,(주)대평건설,이종빈,경북,경북-12-92,14389,9890,2239,1270,989,1067,8
기계설비,기계설비·가스공사업,1341,(주)대풍기업,이필붕,충남,충남논산-2002-12-04,918,118,245,543,11,63,4
기계설비,기계설비·가스공사업,1342,(주)대하,허기,부산,부산강서2018-10-07,1081,556,222,278,23,202,4
기계설비,기계설비·가스공사업,1343,(주)대하냉기,조태환,경남,사상-2001-12-5,1813,950,515,252,95,476,2
기계설비,기계설비·가스공사업,1344,대하산업개발(주),"이기준, 김정진",전남광주,전남82-12-46,114764,71649,24175,11590,7349,86413,51
기계설비,기계설비·가스공사업,1345,(주)대하엠에이,박성종,전남광주,나주2013-10-02,0,0,0,0,0,0,3
기계설비,기계설비·가스공사업,1346,(유)대하종합설비,이용철,충남,충남-96-12-10,4212,505,3035,620,50,644,3
기계설비,기계설비·가스공사업,1347,대하테크원(주),황철호,대전,대전유성-2022-파-8,572,203,116,252,0,410,2
기계설비,기계설비·가스공사업,1348,(주)대한,이성규,충북,대전서구-09-23-1,10432,3872,4761,1520,277,6791,12
기계설비,기계설비·가스공사업,1349,(주)대한가스산업,방순임,전남광주,광양2015-23-01,2993,583,1726,641,41,1004,5
기계설비,기계설비·가스공사업,1350,(주)대한가스엔지니어링,정순목,서울,강남-01-27-1-10,1405,0,900,505,0,0,4
기계설비,기계설비·가스공사업,1351,(주)대한건설,용미정,강원,원주2007-12-02,3607,488,2193,890,34,418,7
기계설비,기계설비·가스공사업,1352,(주)대한공조,지용호,대구,대구서구2008-10-3,5122,1571,3185,252,112,1703,2
기계설비,기계설비·가스공사업,1353,대한공조(주),박경석,전남광주,광주서2016-10-01,4146,879,2850,378,37,1120,3
기계설비,기계설비·가스공사업,1354,(주)대한공조솔루션,송기수,대전,대전유성-2019-10-4,1123,520,322,257,22,968,2
기계설비,기계설비·가스공사업,1355,(주)대한구조개발,엄현옥,경남,사천2017-10-4,2349,531,1137,658,22,385,5
기계설비,기계설비·가스공사업,1356,대한기술(주),"손종복, 조성덕",경남,창원 2008-10-02,3963,1037,2473,378,74,1685,3
기계설비,기계설비·가스공사업,1357,대한기술용역(주),곽상인,서울,82-전남-12-24,15725,4334,9256,1699,434,6489,11
기계설비,기계설비·가스공사업,1358,(주)대한기전,김주희,경기,광명20-10-1,1720,594,721,378,25,876,3
기계설비,기계설비·가스공사업,1359,(주)대한냉동사,방인엽,경남,경남-94-12-72,1969,994,604,271,99,608,2
기계설비,기계설비·가스공사업,1360,(주)대한산업,조재현,충남,충남홍성-2013-10-01,1673,373,994,279,26,901,2
기계설비,기계설비·가스공사업,1361,(주)대한세라믹엔지니어링,이홍기,전남광주,광주북98-12-04,9463,1287,7723,323,128,2673,2
기계설비,기계설비·가스공사업,1362,대한수중공사,이종민,인천,인천중구2017-10-1,1152,0,900,252,0,0,2
기계설비,기계설비·가스공사업,1363,대한수처리(주),박세준,전남광주,나주2018-10-01,1446,624,22,772,26,619,6
기계설비,기계설비·가스공사업,1364,(주)대한시스템,권정욱,경남,김해 2010-12-5,2304,379,1392,505,27,195,4
기계설비,기계설비·가스공사업,1365,대한실드엔지니어링(주),이붕희,경기,인천남동08-10-02,2351,884,898,505,63,1359,4
기계설비,기계설비·가스공사업,1366,대한엔지니어링,허민영,인천,인서25-파-13,405,32,120,252,0,46,2
기계설비,기계설비·가스공사업,1367,(유)대한엔지니어링,오민우,전북,전북전주2001-27-1-1,2510,889,645,887,88,1248,7
기계설비,기계설비·가스공사업,1368,대한엔지니어링,공영찬,경북,경북구미2008-10-08,3682,415,2182,1054,29,869,8
기계설비,기계설비·가스공사업,1369,대한열관리(주),지재용,인천,인천남동-2000-12-1,1330,369,507,416,36,326,3
기계설비,기계설비·가스공사업,1370,(주)대한이앤씨,이규석,충남,충남논산-2001-12-3,2412,773,885,676,77,1266,5
기계설비,기계설비·가스공사업,1371,(주)대한이엔씨,최관식,울산,광주서2011-10-03,857,127,403,317,9,211,2
기계설비,기계설비·가스공사업,1372,(주)대한이엔씨,장대천,서울,광주13-10-3,23676,15244,5765,1560,1106,15704,11
기계설비,기계설비·가스공사업,1373,(주)대한이엔지,박미숙,부산,남구-2000-12-4,68104,36360,23919,4178,3646,30133,11
기계설비,기계설비·가스공사업,1374,(주)대한이엔지,안승재,경기,이천-2004-12-1,1142,468,374,252,46,620,2
기계설비,기계설비·가스공사업,1375,(주)대한이엔지,손희원,충북,충북청주제08-10-6,1171,329,565,252,23,191,2
기계설비,기계설비·가스공사업,1376,대한이엔지(주),이문수,경남,의령2018-10-01,1369,340,748,265,14,671,2
기계설비,기계설비·가스공사업,1377,(주)대한이엔지산업,서정호,대구,대구북구2017-10-1호,2223,507,1440,254,21,1132,2
기계설비,기계설비·가스공사업,1378,대한정보통신(주),강철호,전남광주,순천2023-파-05,2548,322,1935,290,0,942,2
기계설비,기계설비·가스공사업,1379,(주)대한중전기,염권정,경기,김포-2005-12-2,219,123,22,61,12,84,4
기계설비,기계설비·가스공사업,1380,(주)대한진호산업,최창호,서울,강남98-12-12,11104,6299,3503,671,629,6697,5
기계설비,기계설비·가스공사업,1381,(주)대한티앤에스,류택렬,울산,울산울주2017-10-38,2281,1634,198,378,70,713,3
기계설비,기계설비·가스공사업,1382,대한티테크(합),송대규,대전,대전-92-12-7,2817,351,2108,321,35,430,2
기계설비,기계설비·가스공사업,1383,대한풍력공업(주),윤혜정,경기,김포-20-10-15,582,194,126,252,8,456,2
기계설비,기계설비·가스공사업,1384,(주)대한플랜트,김상철,인천,안산2020-10-12,1897,930,527,399,39,1050,3
기계설비,기계설비·가스공사업,1385,(주)대한피엔씨,신대건,충남,시흥-99-12-3,1336,363,431,505,36,835,4
기계설비,기계설비·가스공사업,1386,대한환경,문상욱,대구,대구달성군22-파-05호,1277,743,282,252,0,1517,2
기계설비,기계설비·가스공사업,1387,(주)대현,이현호,경남,경남거제2020-10-01,1336,273,799,252,11,152,2
기계설비,기계설비·가스공사업,1388,대현기건(주),"조연행, 한승일",서울,82-12-243,60229,27130,24324,6045,2728,32309,23
기계설비,기계설비·가스공사업,1389,(주)대현기업,강명식,전남광주,여수99-12-05,1944,178,1073,674,17,331,5
기계설비,기계설비·가스공사업,1390,대현산업기술(주),윤영근,서울,영등포-98-12-16,18033,4909,10984,1646,492,4007,12
기계설비,기계설비·가스공사업,1391,(주)대현엔지니어링,김구열,서울,송파-20-10-06,6897,0,900,5997,0,0,32
기계설비,기계설비·가스공사업,1392,(주)대현엔지니어링,고용권,경북,경북칠곡2019-10-01,2985,916,1650,378,39,1453,3
기계설비,기계설비·가스공사업,1393,(주)대현엠앤씨,김춘희,강원,부산영도 2011-10-01,2062,728,883,398,52,1775,3
기계설비,기계설비·가스공사업,1394,대현엠이씨(주),조연행,대전,대전유성-2021-10-6,153,93,1,58,0,335,2
기계설비,기계설비·가스공사업,1395,대현이엔씨(주),김철,전남광주,광주북2005-12-1,431,99,69,252,9,0,2
기계설비,기계설비·가스공사업,1396,(주)대현이엔지,김화석,경기,96-서울-12-65,1769,648,550,505,64,1167,4
기계설비,기계설비·가스공사업,1397,대현이엔지(주),김정근,부산,사상-2000-12-1,3682,668,2693,252,66,793,2
기계설비,기계설비·가스공사업,1398,대현테크(주),정진호,충남,충남아산-2018-10-10,1298,1002,0,252,42,2091,2
기계설비,기계설비·가스공사업,1399,대형이엔씨(주),김성욱,대전,대전대덕-21-10-04,2420,309,1855,256,0,365,2
기계설비,기계설비·가스공사업,1400,대호건설(주),정석귀,전남광주,광주남2019-10-02,1704,690,463,461,88,845,3
기계설비,기계설비·가스공사업,1401,(합)대호건설,김영남,강원,강원95-12-05,659,109,281,256,10,368,2
기계설비,기계설비·가스공사업,1402,(주)대호건설,신재운,충남,충남홍성-2020-10-01,1572,186,1116,261,8,0,2
기계설비,기계설비·가스공사업,1403,대호건설산업(주),이현우,경기,평택 12-10-1,10440,6473,2684,820,462,12651,6
기계설비,기계설비·가스공사업,1404,대호건축(주),이준호,서울,마포20-10-01,7591,393,2358,4821,17,397,32
기계설비,기계설비·가스공사업,1405,(주)대호냉동상사,김형조,전남광주,무안2016-10-02,208,41,42,122,1,26,5
기계설비,기계설비·가스공사업,1406,(주)대호설비,박성백,제주,제주2008-10-02,3088,564,2168,315,40,742,2
기계설비,기계설비·가스공사업,1407,(주)대호스토퍼,이영호,경기,시흥09-10-39,24331,3212,19275,1613,229,6728,10
기계설비,기계설비·가스공사업,1408,(주)대호이엔지,고창현,전북,전북군산-22-파-08호,1417,842,448,126,0,1260,1
기계설비,기계설비·가스공사업,1409,(주)대호이엔지,오영록,전남광주,나주-24-파-03,1351,9,900,441,0,12,3
기계설비,기계설비·가스공사업,1410,대호프랜트(주),추상호,경기,서울97-12-35,7480,1661,5399,252,166,0,2
기계설비,기계설비·가스공사업,1411,(주)대화건설,김용태,경북,경북김천2017-10-01,1202,183,758,252,7,303,2
기계설비,기계설비·가스공사업,1412,대화공영(주),최연수,경기,경기-97-12-13,10171,3184,6105,562,318,3728,4
기계설비,기계설비·가스공사업,1413,(주)대화에너지,최명규,경기,강남-01-27-1-7,2428,463,1412,506,46,703,4
기계설비,기계설비·가스공사업,1414,(주)대화이엔지,이현철,경북,서대문-04-12-1,3235,1643,1137,290,164,2857,2
기계설비,기계설비·가스공사업,1415,(주)대화이엔지,이용술,경기,고양2016-23-01,2959,545,1883,505,23,671,4
기계설비,기계설비·가스공사업,1416,대환기업(주),신선묵,경북,경북포항2017-10-07,1257,916,46,254,39,250,2
기계설비,기계설비·가스공사업,1417,대흥공영(주),김종범,제주,제주2001-12-8,1792,412,669,669,41,591,5
기계설비,기계설비·가스공사업,1418,(주)대흥그린개발,정진원,경기,안양-20-10-05,2509,316,1899,257,36,534,2
기계설비,기계설비·가스공사업,1419,(주)대흥도시가스,황길순,전남광주,광주북2011-23-03,1531,296,437,776,21,435,6
기계설비,기계설비·가스공사업,1420,대흥산업가스(주),김성주,전북,전북군산-23-파-07호,9,0,2,6,0,0,4
기계설비,기계설비·가스공사업,1421,대흥설비(주),이기조,전남광주,광주광산2004-12-02,20571,6051,12240,1672,606,6461,12
기계설비,기계설비·가스공사업,1422,대흥엔지니어링(주),정승우,부산,해운대 2013-10-02,1566,592,547,384,42,868,3
기계설비,기계설비·가스공사업,1423,대흥엔지니어링(주),신소영,인천,인천동구 20119-10-05,1265,582,278,378,25,2081,3
기계설비,기계설비·가스공사업,1424,대흥이앤지(주),"강성오, 이관복",서울,서울-12-150,2652,983,1008,561,98,268,4
기계설비,기계설비·가스공사업,1425,(주)더가연,"조문주, 김경철",인천,인천서구2024-파-01,2811,370,1518,922,0,729,7
기계설비,기계설비·가스공사업,1426,더건설산업(주),차연옥,경기,의정부2020-10-1,790,189,341,252,8,19,2
기계설비,기계설비·가스공사업,1427,"(주)더금영(THEKUMYOUNGCo., Ltd)",최승호,대전,대전유성-2007-12-4,144887,71970,55437,11803,5675,90744,75
기계설비,기계설비·가스공사업,1428,(주)더나은건설,노형석,전남광주,광주북2000-12-01,4657,2334,1358,730,234,4907,5
기계설비,기계설비·가스공사업,1429,(주)더동화,정정식,부산,부산사하제2004-12-02,4783,3076,521,877,307,3783,6
기계설비,기계설비·가스공사업,1430,(주)더라인플랜트,안시주,대전,대구달서구2011-10-1,1043,291,332,397,20,280,3
기계설비,기계설비·가스공사업,1431,(주)더루코리아,홍준모,서울,양천2016-10-02,1546,256,900,378,10,171,3
기계설비,기계설비·가스공사업,1432,(주)더메이테크,한정향,인천,인천부평구2020-10-02,2026,816,771,402,35,369,3
기계설비,기계설비·가스공사업,1433,(주)더베스트이앤씨,박병진,부산,부산동래2020-10-1,0,0,0,0,0,0,3
기계설비,기계설비·가스공사업,1434,(유)더본이엔씨,이현미,전북,전북전주2024-파-14호,1068,195,402,470,0,326,4
기계설비,기계설비·가스공사업,1435,(사)더불어사는장애인복지회,박숙희,전남광주,광주북2020-10-01,1677,462,564,631,19,764,5
기계설비,기계설비·가스공사업,1436,더블루종합설비(주),염정열,경남,부산사상18-10-4,14135,9051,2346,1819,918,17868,9
기계설비,기계설비·가스공사업,1437,(주)더블유엘이앤씨,박윤백,서울,광주-2004-12-1,17507,10766,3321,2342,1076,21187,11
기계설비,기계설비·가스공사업,1438,(유)더숲공조산업,정미라,전북,전북전주2022-파-3호,1640,937,450,252,0,1224,2
기계설비,기계설비·가스공사업,1439,(주)더안,안태성,인천,인천미추홀구2022-13-2,1555,615,514,424,0,1025,3
기계설비,기계설비·가스공사업,1440,더에어솔루션(주),"임지언, 임성운",경기,구리-25-파-01,1194,688,253,252,0,983,2
기계설비,기계설비·가스공사업,1441,더에이원(주),김황식,경기,화성25-파-33호,894,0,642,252,0,0,2
기계설비,기계설비·가스공사업,1442,(주)더오포,"손재현, 유남종",경기,성남20-10-8,21817,3767,17616,271,161,5731,2
기계설비,기계설비·가스공사업,1443,(주)더원이앤씨,노경환,경기,수원2018-10-02,1121,776,56,255,33,847,2
기계설비,기계설비·가스공사업,1444,(주)더원이에스,양광희,전남광주,담양2018-10-01,427,18,58,350,0,41,3
기계설비,기계설비·가스공사업,1445,(주)더원이엔씨,김만수,제주,제주서귀포2021-10-29,2341,805,904,631,0,1516,5
기계설비,기계설비·가스공사업,1446,(유)더원이엔지,이선심,전남광주,여수2001-12-22,1632,190,1145,276,19,397,2
기계설비,기계설비·가스공사업,1447,더이엠에스(주),양종철,경기,화성23-파-22,2528,807,1197,524,0,1590,4
기계설비,기계설비·가스공사업,1448,(주)더제이,주규완,전남광주,광주남2022-파-01,420,139,28,252,0,61,2
기계설비,기계설비·가스공사업,1449,(주)더조은,김양수,경북,경북영천2024-파-3,545,94,198,252,0,145,2
기계설비,기계설비·가스공사업,1450,(주)더존이엔씨,나찬용,인천,서초-09-10-06,2303,688,1041,524,49,885,4
기계설비,기계설비·가스공사업,1451,(주)더존이엔엠,곽나영,경기,연천24-파-01,745,177,315,252,0,204,2
기계설비,기계설비·가스공사업,1452,더존클린룸(주),이관우,서울,노원-14-10-01,4737,2485,1245,828,178,3968,6
기계설비,기계설비·가스공사업,1453,(주)더좋은공조,박성열,서울,강남-15-10-04,3296,2796,0,300,199,2702,2
기계설비,기계설비·가스공사업,1454,더좋은이엔지(주),김종덕,서울,영등포-15-10-02,2835,1379,473,883,98,1852,6
기계설비,기계설비·가스공사업,1455,더죤환경기술(주),이한빈,경기,양주23-파-03,364,199,31,132,0,121,17
기계설비,기계설비·가스공사업,1456,(주)더탑이엔지,"정다은, 정종복",전남광주,광주남2014-10-02,4847,3513,811,271,250,7069,2
기계설비,기계설비·가스공사업,1457,더튼튼산업(주),김현정,경기,성남-23-파-2,4049,533,2419,1096,0,764,8
기계설비,기계설비·가스공사업,1458,더파크산업(주),박재동,전남광주,담양-26-파-01,372,0,120,252,0,0,2
기계설비,기계설비·가스공사업,1459,(주)더한기술,김상훈,대전,대전대덕-09-10-05,2247,1102,475,590,78,254,4
기계설비,기계설비·가스공사업,1460,(주)더함이엔지,강성일,충남,충남아산-2019-10-04,3515,2296,344,776,98,1951,5
기계설비,기계설비·가스공사업,1461,(주)덕산,"양희종, 채수의",인천,인천부평구2024-13-03,1663,24,900,739,0,55,2
기계설비,기계설비·가스공사업,1462,(주)덕산건설,전점희,경북,광주광산2014-10-03,1536,235,906,378,16,594,3
기계설비,기계설비·가스공사업,1463,덕산메카시스(주),송기현,경기,서초-01-12-3,10050,4558,4257,776,457,8323,6
기계설비,기계설비·가스공사업,1464,(주)덕산에너지,강복중,서울,동작-05-12-2,3107,643,2021,378,64,887,3
기계설비,기계설비·가스공사업,1465,(주)덕산엔지니어링,박종진,세종,세종2013-23-31,3458,1214,1628,528,86,2360,4
기계설비,기계설비·가스공사업,1466,덕산이엔씨(주),김윤생,울산,경북구미99-12-1,3400,849,2086,378,84,1319,2
기계설비,기계설비·가스공사업,1467,(주)덕성건업,권상현,부산,부산동래2014-10-1,1135,368,467,272,26,850,2
기계설비,기계설비·가스공사업,1468,(주)덕성기업사,강덕구,대전,충남-92-12-13,1051,331,413,272,33,688,2
기계설비,기계설비·가스공사업,1469,(주)덕성산업기계,최덕호,인천,인천서구2015-10-04,2898,653,1509,688,46,811,5
기계설비,기계설비·가스공사업,1470,(주)덕성소방,이덕성,강원,원주2024-파-02호,790,245,254,290,0,240,2
기계설비,기계설비·가스공사업,1471,(주)덕성엔지니어링,김영득,대전,대전중구-02-12-01,3405,2463,0,694,247,2202,5
기계설비,기계설비·가스공사업,1472,덕성엔지니어링,김영국,경기,수원-2004-12-3,830,79,490,252,7,155,2
기계설비,기계설비·가스공사업,1473,(주)덕성이앤티,김의겸,경남,부산해운대제2009-10-02,1837,205,1200,416,14,113,3
기계설비,기계설비·가스공사업,1474,덕성환경(주),마호성,서울,강남-21-10-05,1191,38,900,252,0,74,2
기계설비,기계설비·가스공사업,1475,덕신건업(주),조인제,경남,서울82-12-230,55592,102481,-20497,7221,-33614,66792,14
기계설비,기계설비·가스공사업,1476,덕신기술(주),한응규,전남광주,여수2017-10-10,4728,1678,2726,252,71,2736,2
기계설비,기계설비·가스공사업,1477,(주)덕양,장성영,전남광주,충북괴산16-10-1,1430,112,900,413,4,4,3
기계설비,기계설비·가스공사업,1478,(주)덕양가스텍,박지원,울산,울산남구2017-10-01,1479,100,491,883,4,352,7
기계설비,기계설비·가스공사업,1479,(주)덕연이엔지,김도연,인천,인천동구2015-23-01,1295,447,237,579,32,752,5
기계설비,기계설비·가스공사업,1480,(주)덕영,최선영,강원,평창2006-12-05,2109,262,1422,383,41,593,3
기계설비,기계설비·가스공사업,1481,(주)덕우건설,홍종욱,인천,철원2021-10-01호,877,37,839,0,0,34,0
기계설비,기계설비·가스공사업,1482,(주)덕우산업,오치안,경기,화성19-10-50,0,0,0,0,0,0,2
기계설비,기계설비·가스공사업,1483,(주)덕우이앤씨,박성태,서울,송파-20-10-02,3187,1616,1085,416,69,2334,3
기계설비,기계설비·가스공사업,1484,덕원개발(주),"최재동, 최원철",전남광주,서울12-299,11478,5128,4953,883,512,6541,7
기계설비,기계설비·가스공사업,1485,(주)덕원설비,차인혁,대구,충남천안-01-12-05,437,21,161,252,2,0,2
기계설비,기계설비·가스공사업,1486,(주)덕원이엔지,정진용,경북,경북구미2021-10-3,2298,566,1194,538,0,1042,4
기계설비,기계설비·가스공사업,1487,(주)덕원플랜트,김철,경기,구로-05-12-6,4679,994,2925,660,99,1672,5
기계설비,기계설비·가스공사업,1488,(주)덕은,서정희,경남,창원 2004-12-01,1304,599,246,397,59,963,3
기계설비,기계설비·가스공사업,1489,덕은종합건설(주),김원한,경북,의성-25-파-01,2480,77,900,1502,0,110,8
기계설비,기계설비·가스공사업,1490,덕인기업(주),장오영,전남광주,광주동2010-10-01,760,292,194,252,20,333,2
기계설비,기계설비·가스공사업,1491,(주)덕인텍,이해덕,대전,대전서구-02-12-1,4471,476,2860,1086,47,1062,8
기계설비,기계설비·가스공사업,1492,(주)덕일,정용희,충북,충북청주제09-23-1,6061,267,1607,4166,19,416,27
기계설비,기계설비·가스공사업,1493,덕진개발(주),이재학,경기,인천-96-12-7,2059,1144,421,378,114,784,3
기계설비,기계설비·가스공사업,1494,(주)덕진신소재,김재복,전북,전북전주2024-파-7,0,0,0,0,0,0,3
기계설비,기계설비·가스공사업,1495,(주)덕진엔지니어링,이정영,대구,대구달서구2001-12-3,6946,1030,5405,407,103,1708,3
기계설비,기계설비·가스공사업,1496,(주)데코엔지니어링,차영숙,경기,평택-23-파-001,958,251,328,378,0,897,3
기계설비,기계설비·가스공사업,1497,(유)도건엔지니어링,김창현,전북,전북고창2017-12-04,728,370,-75,416,15,0,3
기계설비,기계설비·가스공사업,1498,(주)도경이엔지,김종삼,대구,대구수성구2001-12-5,1007,273,391,315,27,333,2
기계설비,기계설비·가스공사업,1499,(주)도담,백영주,전북,전북전주2016-10-2,2644,757,1584,269,32,1100,2
기계설비,기계설비·가스공사업,1500,(주)도담이앤지,김영열,경기,용인-22-파-06,1314,559,375,378,0,396,3
기계설비,기계설비·가스공사업,1501,도담이엔지(주),서진수,충북,충북청주 23-파-15,1461,446,569,445,0,266,3
기계설비,기계설비·가스공사업,1502,도림공영,김희종,서울,95-서울-12-16,1257,94,900,252,9,59,2
기계설비,기계설비·가스공사업,1503,(주)도마건설,윤순백,강원,강릉23-파-01호,1109,378,459,271,0,595,2
기계설비,기계설비·가스공사업,1504,도명건설(주),전명현,전남광주,나주-23-파-02,1582,206,1238,136,0,372,1
기계설비,기계설비·가스공사업,1505,(주)도성,전병춘,제주,충남-12-39,1254,92,900,252,9,17,2
기계설비,기계설비·가스공사업,1506,(주)도성건설,윤권수,충북,충북청주20-10-3,3888,255,1532,2089,11,738,15
기계설비,기계설비·가스공사업,1507,도성산업기계(주),조은정,경기,의정부2021-10-2,601,146,203,252,0,148,2
기계설비,기계설비·가스공사업,1508,도시가스114(주),김한근,경기,노원-06-27-1-12,1813,537,732,505,38,874,4
기계설비,기계설비·가스공사업,1509,도시가스삼인(주),권순춘,충남,충남천안-2018-23-02,179,116,0,58,4,94,3
기계설비,기계설비·가스공사업,1510,도시가스화성(주),이두석,대전,대전중구-12-23-01,3216,1088,1521,527,77,1123,4
기계설비,기계설비·가스공사업,1511,(주)도시유전,정영훈,서울,강서-22-파-06,7661,6110,1425,126,0,6184,1
기계설비,기계설비·가스공사업,1512,(주)도아,박기덕,경기,광명-2006-12-2,17127,5250,9579,1919,378,6568,11
기계설비,기계설비·가스공사업,1513,(주)도안엔지니어링,이영국,충남,충남아산-2015-10-03,2251,282,1695,252,20,310,2
기계설비,기계설비·가스공사업,1514,(유)도안이엔지,강현욱,전북,전북전주2015-10-8,3003,1128,1355,438,80,905,3
기계설비,기계설비·가스공사업,1515,도온이엔지(주),김선우,서울,노원-09-10-03,12956,5715,6182,650,408,9202,5
기계설비,기계설비·가스공사업,1516,(주)도완,김성필,전북,전북익산2020-10-03,1884,729,576,547,31,1634,4
기계설비,기계설비·가스공사업,1517,(주)도완테크,김상효,울산,울산울주2023-파-3,2324,947,993,382,0,2204,3
기계설비,기계설비·가스공사업,1518,(주)도우이앤이,김기희,전북,전북전주2021-10-1,4487,575,3451,460,0,1433,3
기계설비,기계설비·가스공사업,1519,(주)도우이엔지,송성호,서울,성북-18-10-01,2284,523,1340,397,22,454,3
기계설비,기계설비·가스공사업,1520,도운건설(주),고영조,서울,광주광산2006-12-01,438,17,166,252,1,36,2
기계설비,기계설비·가스공사업,1521,도운산업개발(주),권웅,전남광주,광주북2016-10-06,2852,1565,822,397,67,2573,3
기계설비,기계설비·가스공사업,1522,(주)도원건설,김은영,경남,여수2015-23-01,1321,208,719,378,14,133,3
기계설비,기계설비·가스공사업,1523,(주)도원기계건설,김재홍,전남광주,광주북2017-10-02,841,122,331,381,5,72,3
기계설비,기계설비·가스공사업,1524,도원기공(주),김원석,충남,충남당진2011-10-03호,336,78,0,252,5,0,2
기계설비,기계설비·가스공사업,1525,(주)도원기술,정환,강원,인천부평구2006-12-04,1205,108,836,252,7,25,2
기계설비,기계설비·가스공사업,1526,(주)도원디에스,이정우,서울,구로-09-10-04,15767,7246,6133,1870,517,14071,14
기계설비,기계설비·가스공사업,1527,(주)도원에코텍,"김기정, 서경민",경남,양산 2015-10-06,778,191,301,271,13,447,2
기계설비,기계설비·가스공사업,1528,(주)도원이엔씨,성우종,충남,충남태안-12-27-01-01,5298,0,900,4398,0,0,3
기계설비,기계설비·가스공사업,1529,(주)도원이지에스,최형만,전북,전북군산2005-27-2,2800,552,1813,378,55,467,3
기계설비,기계설비·가스공사업,1530,(주)도원테크,서영만,경북,경북포항2009-10-09,9118,2772,5895,252,198,3417,2
기계설비,기계설비·가스공사업,1531,(주)도원티엠,설차수,전북,전북완주2021-10-02,2573,705,1614,253,0,1076,2
기계설비,기계설비·가스공사업,1532,도유ENG,정재훈,경북,경북구미2020-10-9,1326,483,569,252,20,467,2
기계설비,기계설비·가스공사업,1533,(주)도은공조,유유이,경남,창원성산2023-파-09,1598,455,762,380,0,773,3
기계설비,기계설비·가스공사업,1534,(주)도인기업,복병일,서울,94-서울-12-44,1172,211,541,398,21,244,3
기계설비,기계설비·가스공사업,1535,(주)도진,최희철,전남광주,광주동-25-파-01,1244,72,755,416,0,103,3
기계설비,기계설비·가스공사업,1536,(주)도프,명재정,강원,영월2022-파-01호,657,117,287,252,0,314,2
기계설비,기계설비·가스공사업,1537,(주)도하,김천원,충남,충남서산2000-12-10,1046,16,900,127,1,0,1
기계설비,기계설비·가스공사업,1538,도현이엔씨(주),김현철,경남,양천-04-27-1-2,2022,448,640,889,44,636,7
기계설비,기계설비·가스공사업,1539,(주)도현플랜트,박도수,충남,충남서산-2018-10-47,8013,2505,5021,378,107,5885,3
기계설비,기계설비·가스공사업,1540,도화이엔씨(주),서재훈,경기,용인2019-10-4,1417,440,637,320,18,319,2
기계설비,기계설비·가스공사업,1541,동강건설(주),김경곤,경북,경북경주2006-12-01,2152,296,1581,252,21,374,2
기계설비,기계설비·가스공사업,1542,동강설비(주),이강읍,서울,서대문-02-27-1-1,3594,930,2065,505,93,1203,4
기계설비,기계설비·가스공사업,1543,(주)동강이엔지,박광현,전남광주,광주광산2016-10-07,1152,0,900,252,0,0,2
기계설비,기계설비·가스공사업,1544,(주)동강플랜텍,"이정주, 이찬우",전남광주,여수2015-23-02,80467,56227,16694,3513,4032,78003,14
기계설비,기계설비·가스공사업,1545,동강환경(주),양희구,강원,영월2007-12-02,1288,91,900,290,6,61,2
기계설비,기계설비·가스공사업,1546,(합)동건사,전선화,강원,강원-84-12-18,2250,263,1579,381,26,645,3
기계설비,기계설비·가스공사업,1547,(주)동경산업개발,임창호,충남,충남논산2010-10-01,2774,397,1686,661,28,313,5
기계설비,기계설비·가스공사업,1548,(주)동광,김완수,충북,충북청주제04-12-01,6385,853,5119,327,85,1850,2
기계설비,기계설비·가스공사업,1549,(주)동광가스설비,박정연,경기,용인-22-파-02,595,34,197,364,0,84,3
기계설비,기계설비·가스공사업,1550,(유)동광건설,조운철,전북,전북남원2020-10-01호,1065,99,709,252,4,0,2
기계설비,기계설비·가스공사업,1551,(주)동광씨앤에스,"이태주, 김경식",경기,경기시흥2018-10-74,542,312,61,156,13,171,5
기계설비,기계설비·가스공사업,1552,(주)동광이앤씨,김미숙,충남,충남태안-2014-10-02,2319,416,1609,263,29,460,2
기계설비,기계설비·가스공사업,1553,동광이엔지(주),"정동범, 김유태, 석인호, 권두선",경기,의정부-97-27-1-1,3127,1228,891,883,122,1734,7
기계설비,기계설비·가스공사업,1554,(주)동광이테크,김인숙,서울,동대문-03-12-2,1093,267,419,378,26,559,3
기계설비,기계설비·가스공사업,1555,(주)동국,김원호,경북,달성군 2011-10-1,1147,380,467,272,27,375,2
기계설비,기계설비·가스공사업,1556,(주)동국산업개발,김동국,전북,전북김제2020-10-02,252,0,0,252,0,0,2
기계설비,기계설비·가스공사업,1557,동근건설산업(주),박상웅,부산,부산동래2010-10-01,1147,355,132,633,25,485,5
기계설비,기계설비·가스공사업,1558,(주)동남건설산업개발,박남숙,인천,인천서구2016-10-04,1462,48,900,512,2,53,2
기계설비,기계설비·가스공사업,1559,동남알에스(주),박홍직,부산,부산강서2023-파-07,1367,88,900,378,0,273,3
기계설비,기계설비·가스공사업,1560,(주)동남엔지니어링,"배현자, 김재원",부산,부산강서2022-파-09,371,91,54,225,0,0,3
기계설비,기계설비·가스공사업,1561,(주)동남이엔씨,최창덕,경남,창원 2003-12-2,4289,918,1788,1490,92,1219,10
기계설비,기계설비·가스공사업,1562,동남이엔지(주),이미경,충남,충남당진-2021-10-05,1023,514,256,252,0,653,2
기계설비,기계설비·가스공사업,1563,(주)동남이엔지,박교상,전북,전북전주2006-12-5,3238,1153,1332,669,82,657,5
기계설비,기계설비·가스공사업,1564,(주)동도이엔지,박종윤,대구,대구중구2006-12-1,3336,1420,1520,252,142,1582,2
기계설비,기계설비·가스공사업,1565,동림기계(주),황병용,전남광주,여수2018-10-12,4747,1331,2980,378,57,2250,3
기계설비,기계설비·가스공사업,1566,(주)동림산업,손명일,전남광주,전남94-12-11,22594,4040,10911,7237,404,6950,53
기계설비,기계설비·가스공사업,1567,(주)동림설비,최경숙,대구,대구남구2002-12-01,987,184,531,252,18,325,2
기계설비,기계설비·가스공사업,1568,동림엔지니어링(주),장병호,충북,충북청주20-10-9,3107,393,2363,333,16,0,2
기계설비,기계설비·가스공사업,1569,동림환경건설(주),최성수,강원,영월2013-10-01호,2260,526,1163,533,37,998,4
기계설비,기계설비·가스공사업,1570,동명건설(주),이민균,대구,달서구2000-27-1-13,5455,1567,2909,821,156,1639,5
기계설비,기계설비·가스공사업,1571,(주)동명산업,신현득,강원,강릉23-파-03호,900,248,398,253,0,550,2
기계설비,기계설비·가스공사업,1572,(주)동명산업개발,김동성,전남광주,담양2006-12-01,11960,4217,6847,593,301,4739,4
기계설비,기계설비·가스공사업,1573,(주)동명엔터프라이즈,김주영,서울,강남-13-10-02,10631,1340,8041,1154,96,3880,8
기계설비,기계설비·가스공사업,1574,(주)동명이엔지,고은비,충남,충남홍성-2016-10-01,1877,212,1277,378,9,522,3
기계설비,기계설비·가스공사업,1575,동명전기기계(주),이상명,전남광주,광주광산-23-파-02,3081,1638,666,776,0,3242,6
기계설비,기계설비·가스공사업,1576,동명테크윈(주),심인철,대구,대구서구2014-10-4,13844,5931,6240,1247,425,8451,9
기계설비,기계설비·가스공사업,1577,동문아이앤씨(주),최동인,충북,충북음성22-파-4,1131,391,487,253,0,728,2
기계설비,기계설비·가스공사업,1578,(주)동문엔지니어링,박승수,인천,인천서구2010-10-02,2350,276,1656,397,19,114,3
기계설비,기계설비·가스공사업,1579,동문이엔티(주),송요일,서울,구로-16-10-04,2135,336,1513,271,14,718,2
기계설비,기계설비·가스공사업,1580,동민이앤지(주),임형민,경기,강서-07-12-1,3902,1370,1477,955,98,1927,7
기계설비,기계설비·가스공사업,1581,(주)동반자건설,김엽,대전,대전서구-03-12-2,6850,3650,2101,732,365,4218,5
기계설비,기계설비·가스공사업,1582,(주)동방산업이앤지,고영춘,인천,인천남동22-파-05,793,260,279,252,0,311,2
기계설비,기계설비·가스공사업,1583,(주)동방수기,김태호,서울,송파-05-27-7,1565,401,302,820,40,333,6
기계설비,기계설비·가스공사업,1584,동방엘티에스,박민철,강원,강릉-11-23-01호,723,460,0,230,32,741,4
기계설비,기계설비·가스공사업,1585,(주)동방플랜텍,"이길, 이동욱",대구,대구 달서구 2006-12-1,0,0,0,0,0,0,2
기계설비,기계설비·가스공사업,1586,(주)동방플랜텍,금경석,경북,경북경산2016-10-1,4411,1362,1978,1010,59,1474,7
기계설비,기계설비·가스공사업,1587,(주)동방피앤씨,이영심,전북,전북전주2014-10-3,1278,397,581,271,28,791,2
기계설비,기계설비·가스공사업,1588,(주)동백건설,백맹희,강원,강원-97-12-3,541,201,48,271,20,173,2
기계설비,기계설비·가스공사업,1589,(주)동백이엔지,염창영,경북,경북구미2021-10-12,2758,832,1292,632,0,1515,5
기계설비,기계설비·가스공사업,1590,(주)동보건업,김진호,서울,동대문-97-12-2,2255,371,1291,555,37,906,4
기계설비,기계설비·가스공사업,1591,(주)동보엔지니어링,박기옥,경기,고양-2002-12-8,8160,1020,6125,911,102,3054,6
기계설비,기계설비·가스공사업,1592,(주)동부,"김재홍, 박종덕, 김용택",울산,대전-12-5,140824,91195,34361,6069,9197,91377,15
기계설비,기계설비·가스공사업,1593,(유)동부가스이엔지,김성운,전북,전북익산2002-01-106,2479,1275,570,506,127,1179,4
기계설비,기계설비·가스공사업,1594,동부건설(주),윤진오,서울,강남99-27-1-2,78580,0,900,77680,0,0,405
기계설비,기계설비·가스공사업,1595,(주)동부그린,정오용,전남광주,순천2016-10-03,3254,1204,582,1415,51,1357,15
기계설비,기계설비·가스공사업,1596,동부산업(주),"권영태, 권오장",울산,서울-12-246,27332,7792,17604,1155,779,10588,6
기계설비,기계설비·가스공사업,1597,동부산엘리텍(주),정태영,부산,부산진2009-10-03,5460,764,3788,852,54,1285,6
기계설비,기계설비·가스공사업,1598,(합)동부엔지니어링,이문연,강원,원주 27-1-13,1069,316,215,505,31,194,4
기계설비,기계설비·가스공사업,1599,동부엔텍(주),홍문기,서울,용산2020-10-01,76588,29215,43354,2749,1268,25451,11
기계설비,기계설비·가스공사업,1600,(주)동부엘시드,지은주,서울,구로-21-10-03,8047,812,4874,2359,1,650,17
기계설비,기계설비·가스공사업,1601,(주)동부이앤씨,나유진,강원,대전중구-10-10-02,884,178,440,252,12,18,2
기계설비,기계설비·가스공사업,1602,(주)동부플랜트,최영옥,전남광주,광양2004-12-04,16316,6425,7445,1800,644,10725,8
기계설비,기계설비·가스공사업,1603,(주)동빈테크,박정상,경남,송파-01-12-25,5097,2046,1341,1503,205,3210,19
기계설비,기계설비·가스공사업,1604,(주)동산,구현숙,전남광주,광양2019-10-07,1947,899,499,509,38,1283,4
기계설비,기계설비·가스공사업,1605,동산기계(주),김성준,경기,이천11-10-1,9617,4506,4057,731,321,6439,3
기계설비,기계설비·가스공사업,1606,동산기업(주),김민지,충북,춘천2013-10-02호,1518,383,854,253,27,730,2
기계설비,기계설비·가스공사업,1607,(주)동산이엔지,김재수,경기,동작-04-12-2,337,211,0,105,21,0,2
기계설비,기계설비·가스공사업,1608,(주)동산테크,박상순,서울,83-12-403,12195,18504,-1851,1621,-6080,13058,7
기계설비,기계설비·가스공사업,1609,(주)동서,이진철,울산,울산북구2023-파-02,1152,0,900,252,0,0,2
기계설비,기계설비·가스공사업,1610,(주)동서냉열기,손시흥,부산,부산북구제2008-10-02,4863,598,3590,631,42,765,5
기계설비,기계설비·가스공사업,1611,동서씨엔씨(주),강희철,서울,양천-07-12-2,2524,777,538,1152,55,767,9
기계설비,기계설비·가스공사업,1612,동서이엔씨(주),한계현,경기,평창2005-12-21,4812,621,3731,396,62,843,3
기계설비,기계설비·가스공사업,1613,동서종합엔지니어링,이동호,경기,안산-2003-12-11,1266,359,618,252,35,330,2
기계설비,기계설비·가스공사업,1614,동성건설산업(주),윤광석,울산,울산남구2000-27-1-7,6324,1954,3416,757,195,2035,6
기계설비,기계설비·가스공사업,1615,동성계전(주),유동혁,경북,경북포항2016-10-02,1741,851,367,485,36,212,7
기계설비,기계설비·가스공사업,1616,동성공조설비(주),신광호,전남광주,여수2001-12-26,1435,416,724,252,41,0,2
기계설비,기계설비·가스공사업,1617,(주)동성아이티이,고재홍,부산,부산강서2020-10-03,2243,304,1672,252,13,726,2
기계설비,기계설비·가스공사업,1618,(주)동성엔지니어링,한천우,경기,부천-11-10-5,17849,7335,9084,903,526,10456,7
기계설비,기계설비·가스공사업,1619,(유)동성엔지니어링,김연태,전북,전북전주2002-12-3,24386,12121,8016,2687,1561,15975,17
기계설비,기계설비·가스공사업,1620,(주)동성이엔씨,최종현,전북,전북군산2019-10-9,1141,635,226,252,27,1169,2
기계설비,기계설비·가스공사업,1621,(주)동승기업,임준빈,서울,96-서울-12-24,2092,252,1515,299,25,178,2
기계설비,기계설비·가스공사업,1622,(주)동신공영,강철근,경남,경남통영 2013-10-02,2439,309,1855,252,22,525,2
기계설비,기계설비·가스공사업,1623,(주)동신산업개발,이영형,경북,경북안동2010-10-01,1902,194,1167,527,13,353,4
기계설비,기계설비·가스공사업,1624,(주)동신설비,설동진,부산,부산-98-12-29,2586,1048,819,613,104,1591,4
기계설비,기계설비·가스공사업,1625,동신설비공사,홍면일,인천,인천부평구2012-10-03,918,284,235,378,20,347,3
기계설비,기계설비·가스공사업,1626,동신이엔지(주),이정국,충남,충남천안-2013-10-09,7191,2181,3470,1382,157,4786,9
기계설비,기계설비·가스공사업,1627,동아건설산업(주),임동복,서울,86-18,12036,0,900,11136,0,0,69
기계설비,기계설비·가스공사업,1628,동아기계공업(주),황승자,경기,양주-2000-12-1,2273,975,800,399,97,2018,3
기계설비,기계설비·가스공사업,1629,동아기공,황용완,인천,인천남구2010-12-3,249,90,14,137,6,125,3
기계설비,기계설비·가스공사업,1630,동아기술개발(주),장영공,서울,89-서울-12-67,13676,6837,5445,710,683,10526,5
기계설비,기계설비·가스공사업,1631,(주)동아기업,김영철,제주,제주 제주2007-12-05,948,407,259,252,29,655,2
기계설비,기계설비·가스공사업,1632,(주)동아벨트,나병수,전남광주,순천2023-파-02,1158,5,900,252,0,21,2
기계설비,기계설비·가스공사업,1633,동아에너텍(유),정연희,전남광주,전남완도2016-12-01,3126,909,1925,252,38,1609,2
기계설비,기계설비·가스공사업,1634,(주)동아이엔지,김학희,부산,부산해운대구제2007-12-01,1722,533,455,694,38,701,5
기계설비,기계설비·가스공사업,1635,동아전기수중펌프,최연순,서울,금천-08-10-05,4589,1420,2562,505,101,1881,4
기계설비,기계설비·가스공사업,1636,동아정밀공업사,윤병화,부산,부산-12-110,2076,35,900,1136,3,0,8
기계설비,기계설비·가스공사업,1637,(주)동아풍력,최본현,경남,김해2015-10-10,866,179,294,378,12,270,3
기계설비,기계설비·가스공사업,1638,동안공조(주),고홍환,경기,군포08-10-3,1828,796,722,252,56,1362,2
기계설비,기계설비·가스공사업,1639,(주)동양,"정진학, 유정민",서울,종로12-10-01,9038,0,900,8138,0,0,36
기계설비,기계설비·가스공사업,1640,(유)동양공사,김승원,전북,전북-12-49,4093,1885,991,1028,188,1616,7
기계설비,기계설비·가스공사업,1641,(주)동양공조,"박상해, 손장웅",경기,화성14-10-1,4008,2204,901,744,157,2195,5
기계설비,기계설비·가스공사업,1642,(주)동양기술단,김춘동,경북,경북안동2017-10-1,1209,558,166,460,23,225,3
기계설비,기계설비·가스공사업,1643,동양기체엔지니어링,이석희,경남,부산-94-12-1,1870,355,1154,324,35,784,2
기계설비,기계설비·가스공사업,1644,동양방재기술(주),박정애,강원,원주201610-03,1367,84,900,378,3,150,3
기계설비,기계설비·가스공사업,1645,동양비엠에스(주),김태수,서울,구로-05-12-12,1922,927,341,560,92,1115,3
기계설비,기계설비·가스공사업,1646,(주)동양산업이엔지,전성오,경기,울산중구2003-27-01-02,6437,3647,1405,1018,365,1885,8
기계설비,기계설비·가스공사업,1647,(주)동양솔루션,백종진,울산,울산울주2022-파-89,2828,1697,1004,126,0,1485,1
기계설비,기계설비·가스공사업,1648,(주)동양에너지,진삼남,경기,성북-01-27-1-4,20395,8890,8805,1302,1397,13202,9
기계설비,기계설비·가스공사업,1649,(주)동양엔지니어링,최명구,경기,경기남양주-2002-27-1-68,614,232,0,358,23,186,4
기계설비,기계설비·가스공사업,1650,(주)동양엔지니어링,"홍현호, 홍해설",경북,경북포항2000-12-12,3059,779,1886,315,77,1141,2
기계설비,기계설비·가스공사업,1651,(주)동양엠아이티,서현숙,부산,부산연제2009-10-03,1140,263,476,381,18,513,3
기계설비,기계설비·가스공사업,1652,(주)동양이엔씨,"최두현, 이기수",경기,82-12-100,19311,11301,4714,2164,1130,15024,14
기계설비,기계설비·가스공사업,1653,(주)동양이엔지,이병환,경남,김해2015-10-12,3940,2084,1448,258,148,730,2
기계설비,기계설비·가스공사업,1654,(주)동양전기이엔지,이정숙,충남,충남서천-2015-10-01,645,194,175,261,13,239,2
기계설비,기계설비·가스공사업,1655,(주)동양전력,한영주,경남,김해 2011-23-02,1975,239,1439,279,17,377,2
기계설비,기계설비·가스공사업,1656,동양종합건설,제갈준호,강원,춘천2009-10-02,1985,398,845,713,28,626,5
기계설비,기계설비·가스공사업,1657,(주)동양테크,홍철희,부산,부산동래2009-10-04,2355,1139,876,257,81,916,2
기계설비,기계설비·가스공사업,1658,동양프랜트(주),김미란,전북,전북-12-112,2581,616,1627,275,61,1015,2
기계설비,기계설비·가스공사업,1659,(주)동양피엔이,장준영,충남,충남천안2024-파-03호,2867,1534,1077,255,0,2933,2
기계설비,기계설비·가스공사업,1660,동양화성(주),백흥덕,경남,김해 2005-12-2,1099,0,720,378,0,0,3
기계설비,기계설비·가스공사업,1661,(주)동양화학,성동찬,전남광주,영암2019-10-02,1501,241,870,378,10,369,3
기계설비,기계설비·가스공사업,1662,동양환경엔지니어링(주),최동안,서울,강동-22-파-02,3772,443,2663,665,0,550,5
기계설비,기계설비·가스공사업,1663,(주)동연기업,천병일,서울,용산-2015-10-03,892,176,450,252,12,400,2
기계설비,기계설비·가스공사업,1664,(주)동연중공업,석진,경북,경북포항2012-10-08,10706,1620,8326,643,115,343,5
기계설비,기계설비·가스공사업,1665,동열산업(주),노홍석,강원,강릉22-파-02호,6507,1688,4187,631,0,261,5
기계설비,기계설비·가스공사업,1666,(주)동영,이홍귀,강원,강원2002-12-5,1308,179,818,292,17,211,2
기계설비,기계설비·가스공사업,1667,(주)동영,이연우,경북,경북경주2009-10-02,5534,773,4327,378,55,1369,3
기계설비,기계설비·가스공사업,1668,(주)동영건설,정연국,경기,서울-78-12-304,2892,1588,766,378,158,665,3
기계설비,기계설비·가스공사업,1669,동영건설(주),김남희,충북,충북영동11-25-2,2525,348,1745,381,49,811,3
기계설비,기계설비·가스공사업,1670,(주)동영기건,조호준,부산,부산남구2018-10-01,2155,582,979,568,25,613,4
기계설비,기계설비·가스공사업,1671,(주)동영기업,배강희,울산,대전-99-12-21,1216,57,900,252,5,0,2
기계설비,기계설비·가스공사업,1672,(주)동영산업개발,유성용,충남,충남당진-2023-파-06,901,24,625,252,0,0,2
기계설비,기계설비·가스공사업,1673,(주)동영엔터프라이즈,이정권,경북,경북포항2020-10-05,1823,721,494,576,30,1952,4
기계설비,기계설비·가스공사업,1674,(주)동영이엔지,"김병준, 박옥선",충북,충북괴산21-10-1,3347,382,2292,671,0,671,5
기계설비,기계설비·가스공사업,1675,동영테크원(주),정윤화,부산,부산사상05-12-05,2848,366,2189,254,36,364,2
기계설비,기계설비·가스공사업,1676,(주)동영티엔씨,배상득,경남,양산 2009-10-01,1713,655,371,639,46,839,5
기계설비,기계설비·가스공사업,1677,(주)동우,김영대,경북,경북포항2007-12-04,11898,6783,4020,609,484,9440,3
기계설비,기계설비·가스공사업,1678,(주)동우건설,조만천,경기,남양주-2000-12-2,5483,2357,2445,441,237,3218,3
기계설비,기계설비·가스공사업,1679,(주)동우건설개발,서영대,경북,경북포항2023-파-26,1199,586,360,252,0,644,2
기계설비,기계설비·가스공사업,1680,(주)동우기업,이정임,제주,제주 제주2016-10-05,371,113,0,252,4,44,2
기계설비,기계설비·가스공사업,1681,(주)동우기전,장현정,전남광주,광주광산2015-10-03,1736,682,549,456,48,1022,3
기계설비,기계설비·가스공사업,1682,동우산업(주),김준기,강원,동해2022-파-03호,4411,3332,661,416,0,4167,3
기계설비,기계설비·가스공사업,1683,(주)동우엠이시,이광형,서울,서초-05-12-1,743,9,461,271,0,33,2
기계설비,기계설비·가스공사업,1684,(주)동우이앤에스,김민경,충북,충북청주 22-파-21,3156,357,2146,652,0,598,5
기계설비,기계설비·가스공사업,1685,동우이엔씨(주),김명순,경북,광주서02-27-1-01,2978,776,1417,707,77,2422,5
기계설비,기계설비·가스공사업,1686,(주)동우이엔지,차재열,대구,대구수성구2002-12-1,5711,1619,3386,543,161,2449,4
기계설비,기계설비·가스공사업,1687,(주)동우이엔지,"이달헌, 유상민",충남,광명-2003-12-1,7346,3984,2711,252,398,6232,2
기계설비,기계설비·가스공사업,1688,(주)동우이엔지,김동훈,충북,충주2020-10-4,669,223,58,378,9,351,3
기계설비,기계설비·가스공사업,1689,(주)동운,국동진,대전,대전-94-12-18,7629,2687,4420,252,268,3381,2
기계설비,기계설비·가스공사업,1690,(주)동원A.H.E,"이태용, 이승걸",경기,92-서울-12-95,2040,670,587,715,67,489,8
기계설비,기계설비·가스공사업,1691,동원공조테크(주),송복헌,서울,중구-05-12-1,7116,2629,3972,252,262,4586,2
기계설비,기계설비·가스공사업,1692,(주)동원사이폰기술,정재욱,서울,금천 14-10-03,909,63,588,252,4,0,2
기계설비,기계설비·가스공사업,1693,동원설비(주),현동수,제주,제주-97-12-2,57976,17687,34385,4134,1768,29199,22
기계설비,기계설비·가스공사업,1694,동원엔지니어링(주),주재득,대전,전북-12-67,1952,477,754,671,47,717,5
기계설비,기계설비·가스공사업,1695,동원엔지니어링(주),김진호,경기,경기(부천)2002-27(1종)-9,23484,11621,5980,4056,1826,19856,24
기계설비,기계설비·가스공사업,1696,(주)동원엔텍,이상희,경남,진주2016-10-4,3011,408,2017,568,17,718,4
기계설비,기계설비·가스공사업,1697,동원이앤씨(주),김주만,울산,안양02-12-0002,1434,639,333,397,64,964,3
기계설비,기계설비·가스공사업,1698,(주)동원이엔씨,김찬수,서울,광진-11-10-01,7731,3790,2820,850,270,9907,6
기계설비,기계설비·가스공사업,1699,(주)동원환경기술,김원석,경기,충북제천 22-파-2,242,151,16,75,0,118,4
기계설비,기계설비·가스공사업,1700,(주)동위,송창선,대구,순천-2003-12-4,41905,21000,14046,4740,2118,28395,20
기계설비,기계설비·가스공사업,1701,(주)동윤엔지니어링,김동현,전남광주,경북구미2012-10-05,3142,757,1694,636,54,975,5
기계설비,기계설비·가스공사업,1702,(주)동은가스이엔지,이명희,경기,구리2016-23-1,1246,264,465,505,11,250,4
기계설비,기계설비·가스공사업,1703,(주)동은설비,이덕영,서울,서울-12-278,28884,13328,12813,1404,1336,12866,10
기계설비,기계설비·가스공사업,1704,(주)동인,박수관,부산,부산-98-12-28,4229,1200,2021,886,120,1515,6
기계설비,기계설비·가스공사업,1705,(주)동인써모,정춘윤,인천,인천서구2022-파-04,1419,140,900,378,0,503,3
기계설비,기계설비·가스공사업,1706,(주)동인엔지니어링,안길운,경기,고양2016-10-01,1724,314,1088,307,13,700,2
기계설비,기계설비·가스공사업,1707,(주)동인엔지니어링,"김경희, 김국수",경북,서울83-12-395,2365,998,951,315,99,2035,2
기계설비,기계설비·가스공사업,1708,동인워터솔루션(주),"강득남, 김현철",부산,부산강서2020-10-07,1969,608,919,415,26,425,3
기계설비,기계설비·가스공사업,1709,(주)동일건설,박은미,전남광주,대구수성구2003-12-5,5352,1617,3067,505,162,3497,4
기계설비,기계설비·가스공사업,1710,동일산업(주),김상년,울산,전남-12-39,143699,104905,16161,6087,16545,114791,27
기계설비,기계설비·가스공사업,1711,(주)동일씨앤이,백성기,경기,화성-2002-12-2,23119,12991,8386,431,1310,9391,3
기계설비,기계설비·가스공사업,1712,(주)동일씨엔에스,최두천,전남광주,여수2008-10-01,14144,10169,963,2285,726,21714,4
기계설비,기계설비·가스공사업,1713,동일엔지니어링,권영복,경남,창원마회2018-10-02,1070,214,573,273,9,153,2
기계설비,기계설비·가스공사업,1714,(주)동일캔바스엔지니어링,우현직,경기,평택 12-10-1,13628,3945,9270,130,281,5076,1
기계설비,기계설비·가스공사업,1715,(주)동주설비,이상오,강원,강원 2001-12-12,1775,310,1032,400,31,198,3
기계설비,기계설비·가스공사업,1716,(주)동주이엔지,강수향,강원,강릉20-10-03호,1203,63,879,252,8,23,2
기계설비,기계설비·가스공사업,1717,(주)동지건설,이옥형,경기,부천-2002-27-1-20,969,307,252,378,30,187,3
기계설비,기계설비·가스공사업,1718,(주)동진건설,신현철,경북,경북79-12-6,37222,26617,7023,912,2669,36168,6
기계설비,기계설비·가스공사업,1719,동진공조(주),설상열,경기,안산2014-10-10,1228,669,258,252,47,877,2
기계설비,기계설비·가스공사업,1720,(주)동진산기,김정규,경기,안산2017-10-05,1725,371,1006,331,15,165,2
기계설비,기계설비·가스공사업,1721,동진에코텍,윤팔석,강원,춘천2020-10-02호,149,66,20,60,2,121,4
기계설비,기계설비·가스공사업,1722,동진엔지니어링(주),홍문자,울산,울산북구2011-10-01,9137,1305,6707,1030,93,2449,6
기계설비,기계설비·가스공사업,1723,(주)동진이앤씨,한경님,전남광주,광주광산2010-10-01,621,270,92,238,19,84,2
기계설비,기계설비·가스공사업,1724,동진티에스엠(주),한상익,서울,부산연제-24-파-02호,2538,250,1503,784,0,536,5
기계설비,기계설비·가스공사업,1725,(주)동창이엔지,김동승,전남광주,광주동2002-12-03,4440,1848,1943,463,184,3346,3
기계설비,기계설비·가스공사업,1726,(주)동천기공,이지희,전남광주,전남장성2020-10-02,1225,69,900,252,2,66,2
기계설비,기계설비·가스공사업,1727,(주)동천산업,곽기융,부산,부산동래2021-10-4,1406,44,900,462,0,32,2
기계설비,기계설비·가스공사업,1728,(주)동하엔텍,김택중,경남,함안2024-파-03,673,401,59,213,0,202,2
기계설비,기계설비·가스공사업,1729,(자)동해ENG,남은실,강원,원주2009-10-02,1324,626,0,653,44,456,5
기계설비,기계설비·가스공사업,1730,동해가스산업(주),김정한,울산,울산남구97-27-2-8,0,0,0,0,0,0,4
기계설비,기계설비·가스공사업,1731,동해공업(주),송정한,경남,밀양16-10-01,1542,752,378,378,32,1206,3
기계설비,기계설비·가스공사업,1732,동해엔지니어링(주),이병식,강원,원주201610-02,246,100,17,124,4,95,4
기계설비,기계설비·가스공사업,1733,(주)동해엔지니어링,김만택,경북,경북포항2004-12-02,9212,4467,4045,252,446,2428,2
기계설비,기계설비·가스공사업,1734,(합)동해이엔씨,김재훈,강원,동해05-12-36,1437,348,511,543,34,496,4
기계설비,기계설비·가스공사업,1735,동해인더스트리(주),김대우,부산,동래-2001-12-2,8597,2472,5461,416,247,5142,3
기계설비,기계설비·가스공사업,1736,동해플랜트릭(주),김세림,경북,경북포항2018-10-01,153,99,0,49,4,0,2
기계설비,기계설비·가스공사업,1737,(주)동행기업,박인석,서울,광진-23-파-11,837,277,268,290,0,437,2
기계설비,기계설비·가스공사업,1738,(주)동행이엔지,조필례,경남,창원의창2023-파-01,1144,204,561,378,0,437,3
기계설비,기계설비·가스공사업,1739,(주)동현건설,김종출,경기,수원02-27-1-18,5859,1981,2790,889,198,3225,7
기계설비,기계설비·가스공사업,1740,동현기술산업(주),김동석,서울,강동-10-10-02,4066,742,2892,378,53,1085,3
기계설비,기계설비·가스공사업,1741,동현파워(주),김가원,서울,서대문-26-파-02,415,0,162,252,0,0,2
기계설비,기계설비·가스공사업,1742,(주)동현하우스,이현정,서울,양천2021-10-03,3572,1225,1968,378,0,733,3
기계설비,기계설비·가스공사업,1743,(주)동형공조,"이동춘, 이영희",대구,대구수성구2017-10-1호,1325,703,338,252,30,1505,2
기계설비,기계설비·가스공사업,1744,(주)동호공사,민광기,경기,경기-94-12-4,521,127,109,271,12,301,2
기계설비,기계설비·가스공사업,1745,동호기업(주),이상한,경북,경북94-12-79,423,111,28,271,11,64,2
기계설비,기계설비·가스공사업,1746,(주)동호씨아이,유성영,충남,충남당진2024-파-07호,1532,126,900,505,0,231,4
기계설비,기계설비·가스공사업,1747,(주)동호엔지니어링,정의권,강원,강릉 05-12-01,10005,3644,5198,797,364,5870,6
기계설비,기계설비·가스공사업,1748,(주)동호이엔지,김수진,경북,경북경주2012-10-01,3109,638,2142,283,45,1250,2
기계설비,기계설비·가스공사업,1749,(합)동화,김연회,경기,안양-16-10-04,38244,4502,27016,6532,192,7071,4
기계설비,기계설비·가스공사업,1750,동화산업(주),이우각,인천,인천남동09-23-01,35660,9186,23785,2032,656,19444,14
기계설비,기계설비·가스공사업,1751,동화산업(주),김수현,충북,서울-12-155,38765,5299,31798,1137,529,3963,9
기계설비,기계설비·가스공사업,1752,(주)동화스틸산업,신애련,강원,동해2018-10-01호,1960,1009,232,675,43,302,6
기계설비,기계설비·가스공사업,1753,(주)동화에너지,정병주,충남,충남천안-05-27-15,206,70,0,129,7,51,3
기계설비,기계설비·가스공사업,1754,(주)동화엔지니어링,정현철,충남,천안-2000-27-7,628,160,199,252,16,239,2
기계설비,기계설비·가스공사업,1755,(주)동화엔지니어링,"전병두, 이민아",경남,양산 2009-10-05,744,186,273,271,13,366,2
기계설비,기계설비·가스공사업,1756,(주)동화이앤시,안지현,대구,대구북구2015-10-5,1392,381,711,272,27,309,2
기계설비,기계설비·가스공사업,1757,(주)동화이앤씨,김영진,경기,성남-2001-12-1,1662,350,892,383,35,129,3
기계설비,기계설비·가스공사업,1758,(주)동화플랜트,김재식,경기,대구12-34,4068,1518,1757,640,151,2265,5
기계설비,기계설비·가스공사업,1759,(주)동훈엔지니어링,신동인,인천,인천남동04-12-4,2211,740,1144,252,74,776,2
기계설비,기계설비·가스공사업,1760,(주)동흥하이랙,김하일,서울,94-서울-12-199,4692,2202,1346,921,221,2583,7
기계설비,기계설비·가스공사업,1761,동희ENG,정근수,경남,부산강서2017-10-02,471,257,38,165,11,155,4
기계설비,기계설비·가스공사업,1762,(주)두경이엔지,이명신,전남광주,강남-05-12-18,4956,1457,2911,441,145,3451,3
기계설비,기계설비·가스공사업,1763,두레시닝(주),윤순기,서울,서초-19-10-06,1215,0,900,315,0,0,2
기계설비,기계설비·가스공사업,1764,(주)두레엠엔씨,박용운,경기,고양2016-10-03,660,122,280,252,5,302,2
기계설비,기계설비·가스공사업,1765,(주)두륭,김태창,경기,광주광산2008-10-03,1541,605,640,252,43,994,2
기계설비,기계설비·가스공사업,1766,(주)두리공영,김형수,경기,안양-01-12-0004,3452,1362,971,904,214,1827,7
기계설비,기계설비·가스공사업,1767,(주)두보건설공영,김용권,경기,안양-99-12-3,4100,1025,2144,828,102,1917,6
기계설비,기계설비·가스공사업,1768,(주)두보설비공영,심현모,서울,92-서울-12-36,487,87,120,262,16,241,2
기계설비,기계설비·가스공사업,1769,두산건설(주),"이강홍, 이정환",서울,강남-98-27-1-4,11146,0,900,10246,0,0,11
기계설비,기계설비·가스공사업,1770,두산에너빌리티(주),"정연인, 박지원, 박상현",경남,경남창원98-27-1-1,53782,0,900,52882,0,0,5
기계설비,기계설비·가스공사업,1771,(주)두산에너지,박종갑,경북,경북안동2012-23-01,1613,447,628,505,32,593,4
기계설비,기계설비·가스공사업,1772,두산이앤씨(주),오규천,서울,금천-20-10-10,509,0,131,378,0,0,3
기계설비,기계설비·가스공사업,1773,두산큐벡스(주),"곽승환, 문희종",강원,춘천2017-10-03호,0,0,0,0,0,0,2
기계설비,기계설비·가스공사업,1774,(주)두성,정종복,전남광주,광주96-12-17,13081,8557,2931,737,855,8558,4
기계설비,기계설비·가스공사업,1775,두성건설(주),최관용,전남광주,순천2009-23-02,2406,976,718,641,69,1787,5
기계설비,기계설비·가스공사업,1776,두성엔지니어링,이용봉,경기,금천-99-12-3,870,159,441,253,15,204,2
기계설비,기계설비·가스공사업,1777,두성이앤씨(주),신남주,경기,영등포-00-12-12,834,200,323,290,20,0,2
기계설비,기계설비·가스공사업,1778,두성이엔지 주식회사,정두순,충북,충북청주제00-12-6,2635,934,1350,257,93,533,2
기계설비,기계설비·가스공사업,1779,두성이엠,안성병,서울,구로-05-12-3,1827,257,1264,279,25,64,2
기계설비,기계설비·가스공사업,1780,(주)두성코텍,전두배,경남,경남마산2000-12-2,778,323,65,356,32,98,5
기계설비,기계설비·가스공사업,1781,(주)두손이엔지,최종각,충남,양천-03-27-1-1,6631,2672,2926,765,267,3645,6
기계설비,기계설비·가스공사업,1782,(주)두영,김두영,경북,경북안동2025-파-04,866,62,552,252,0,88,2
기계설비,기계설비·가스공사업,1783,(주)두영개발,서상혁,부산,부산동래2011-23-01,750,108,254,378,7,171,3
기계설비,기계설비·가스공사업,1784,두영엔시스(주),장경필,경기,고양2020-10-03,0,0,0,0,0,0,3
기계설비,기계설비·가스공사업,1785,(주)두영환경,황진호,경기,충남보령-2008-10-04,1152,0,900,252,0,0,2
기계설비,기계설비·가스공사업,1786,(주)두완건설,오수환,인천,인천남구2012-10-1,2160,437,1185,506,31,422,4
기계설비,기계설비·가스공사업,1787,두원건설(주),김진현,강원,평창2023-파-07호,1616,174,1044,397,0,345,3
기계설비,기계설비·가스공사업,1788,(주)두원알앤에이,박진규,경남,김해22-파-10,0,0,0,0,0,0,3
기계설비,기계설비·가스공사업,1789,(주)두원에이치티,장현주,경기,고양2019-10-07,1552,628,491,405,26,1264,3
기계설비,기계설비·가스공사업,1790,(주)두원이엔지,강동기,충북,충북청주 25-파-11,502,82,167,252,0,118,2
기계설비,기계설비·가스공사업,1791,(주)두인건설,김영자,경기,부천-26-파-03호,991,0,360,631,0,0,5
기계설비,기계설비·가스공사업,1792,(주)두인엠이씨,최용석,경남,창원성산2017-10-03,4845,2567,1338,828,110,2139,6
기계설비,기계설비·가스공사업,1793,(주)두일세기공영,서성열,서울,포천-2006-12-4,1257,97,900,252,6,199,2
기계설비,기계설비·가스공사업,1794,(주)두잉이앤엠,이혜리,경기,성남-25-파(기계)-56호,1165,7,900,257,0,10,2
기계설비,기계설비·가스공사업,1795,(주)두진,곽양규,경기,광명00-27-0010,1436,803,86,466,80,287,7
기계설비,기계설비·가스공사업,1796,(주)두합크린텍,김상진,인천,구로-05-12-7,1812,651,679,416,65,1120,3
기계설비,기계설비·가스공사업,1797,(주)두현이엔지,김태진,충북,울산울주2025파-1,5605,2677,2150,778,0,3824,5
기계설비,기계설비·가스공사업,1798,(주)두형엔지니어링,"서승옥, 서영석",서울,94-서울-12-271,54452,28776,19268,3520,2885,38448,13
기계설비,기계설비·가스공사업,1799,(주)듀어코리아,이병욱,서울,89-서울-12-25,30515,4765,22387,2885,476,4539,13
기계설비,기계설비·가스공사업,1800,(주)듀크린,"이경옥, 이시영",인천,계양-24-파-01,3738,416,2500,820,0,1042,6
기계설비,기계설비·가스공사업,1801,(주)드라이어코리아,이혜경,경기,광주15-10-2,0,0,0,0,0,0,2
기계설비,기계설비·가스공사업,1802,드림건설(주),김기영,충남,충남서산시2015-10-39,861,160,436,252,11,68,2
기계설비,기계설비·가스공사업,1803,(주)드림공조,문홍기,대구,경북김천2010-10-02,5921,1129,4453,258,80,2355,2
기계설비,기계설비·가스공사업,1804,(주)드림공조시스템,안병도,서울,송파-15-10-04,3171,695,2042,384,49,1533,3
기계설비,기계설비·가스공사업,1805,(주)드림기계설비,김명순,충남,연제-99-27-1-1,2024,231,1389,379,23,306,3
기계설비,기계설비·가스공사업,1806,(주)드림라인,나성륜,경기,대구수성구02-27-1-1,27989,13876,10154,2571,1387,16094,16
기계설비,기계설비·가스공사업,1807,(주)드림바이오스,곽무영,서울,금천-02-12-3,1156,0,900,256,0,0,2
기계설비,기계설비·가스공사업,1808,(주)드림산업,곽정원,울산,울산울주2024-파-15,1520,302,901,315,0,505,2
기계설비,기계설비·가스공사업,1809,드림에어텍(주),조남환,대전,대전서구-21-10-2,1207,785,149,271,0,1859,2
기계설비,기계설비·가스공사업,1810,(주)드림엔지니어링,오진택,서울,영등포22-파-02,3974,2026,896,1049,2,7153,8
기계설비,기계설비·가스공사업,1811,(주)드림엔지니어링,유재훈,울산,울산울주2009-10-23,10755,9340,131,616,667,11439,4
기계설비,기계설비·가스공사업,1812,드림엔테크(주),송호경,충남,충남금산-2013-10-1,736,239,216,263,17,112,2
기계설비,기계설비·가스공사업,1813,(주)드림이앤에프,박완종,서울,구로-05-12-4,8221,2406,4138,1435,240,3575,10
기계설비,기계설비·가스공사업,1814,(주)드림이에스,구승현,인천,인천동구2012-10-01,11843,4202,6270,1067,302,7625,8
기계설비,기계설비·가스공사업,1815,(주)드림텍,김영주,강원,인제2013-10-01,1076,270,388,397,19,411,3
기계설비,기계설비·가스공사업,1816,(주)드림퍼스트,임재영,경기,광명22-파-1,2628,1291,1076,261,0,2351,2
기계설비,기계설비·가스공사업,1817,(주)드림피아,이백구,전남광주,광양23-파-12,0,0,0,0,0,0,2
기계설비,기계설비·가스공사업,1818,(주)디딤이엔지,강혜민,경남,진주25-파-03,608,0,173,434,0,0,4
기계설비,기계설비·가스공사업,1819,디멕스(주),김옥자,전남광주,광주광산2019-10-08,1733,174,1046,505,7,161,4
기계설비,기계설비·가스공사업,1820,(주)디비아이엔씨,"강운식, 문덕식",서울,강남-07-12-4,532,100,0,424,7,0,2
기계설비,기계설비·가스공사업,1821,(주)디비엘,주재훈,인천,충북음성07-12-1,2332,1464,409,353,104,1114,2
기계설비,기계설비·가스공사업,1822,(주)디비포쎄,배길상,경기,김포-10-10-2,5119,2582,1146,1205,184,5230,9
기계설비,기계설비·가스공사업,1823,(주)디스,김보훈,경기,안양-22-파-04,1415,316,430,669,0,248,5
기계설비,기계설비·가스공사업,1824,(주)디씨엔지니어링,이명중,대전,대전동구-2023-21-06,6120,2409,3228,481,0,2416,3
기계설비,기계설비·가스공사업,1825,(주)디씨이엑스,양창훈,경기,광명25-파-2,1222,32,900,289,0,46,2
기계설비,기계설비·가스공사업,1826,(주)디아이엔바이로,윤성식,서울,94-서울-12-198,1237,0,900,337,0,0,2
기계설비,기계설비·가스공사업,1827,(주)디아이이앤티,김대선,서울,성동24-파-02,1206,0,900,306,0,0,2
기계설비,기계설비·가스공사업,1828,(주)디아이테크,유성재,충북,충남연기-2007-12-01,1970,1460,26,378,104,2021,3
기계설비,기계설비·가스공사업,1829,(주)디아이테크인더스트리,남민희,서울,종로-99-12-3,1140,255,587,271,25,313,2
기계설비,기계설비·가스공사업,1830,디알씨티에스(주),김완강,경기,성남-25-파(기계)-51,1286,133,900,252,0,191,2
기계설비,기계설비·가스공사업,1831,디알엠공조시스템(주),이수복,충북,충북제천24-파-3,815,280,275,258,0,462,2
기계설비,기계설비·가스공사업,1832,(주)디앤에스,이정호,경남,영천2012-10-03,3195,1245,1422,438,89,3073,3
기계설비,기계설비·가스공사업,1833,디앤에스이엔지(주),오연우,경기,안산2018-10-03,1840,1286,246,252,55,1554,2
기계설비,기계설비·가스공사업,1834,(주)디앤에이펙토리,이혜원,서울,중랑-22-파-01,431,44,96,290,0,0,2
기계설비,기계설비·가스공사업,1835,(주)디앤엠,"이재민, 김광희",대전,대전서구-18-10-1,2477,1150,1141,136,49,1740,1
기계설비,기계설비·가스공사업,1836,디앤이(주),채상훈,서울,중구-00-12-5,8210,5847,1219,556,586,6966,4
기계설비,기계설비·가스공사업,1837,(주)디어스이앤씨,"전승호, 한진수",경기,경기시흥2018-10-42,27895,3869,13314,10530,181,1134,66
기계설비,기계설비·가스공사업,1838,(주)디에스,김연학,강원,원주2020-10-04호,2374,869,1164,303,37,2168,2
기계설비,기계설비·가스공사업,1839,(주)디에스,박선채,강원,철원2025-파-01호,520,111,281,128,0,158,1
기계설비,기계설비·가스공사업,1840,(주)디에스그린텍,조동식,충남,충남당진-2018-10-02,0,0,0,0,0,0,2
기계설비,기계설비·가스공사업,1841,디에스대성설비(주),박귀동,강원,속초2021-10-01호,1403,261,764,378,0,537,3
기계설비,기계설비·가스공사업,1842,디에스디자인(주),이안라,충북,충북청주 25-파-3,6610,853,4824,933,0,1218,7
기계설비,기계설비·가스공사업,1843,디에스스택(주),권두오,경기,용인2015-10-1,871,30,585,252,2,0,2
기계설비,기계설비·가스공사업,1844,(주)디에스씨앤에스,전시홍,전북,광주북2013-10-05,2880,1815,366,568,129,1624,4
기계설비,기계설비·가스공사업,1845,(주)디에스알오,김기철,경기,화성07-12-10,2099,261,1567,252,18,451,2
기계설비,기계설비·가스공사업,1846,(주)디에스엔지니어스,김대용,경기,화성19-10-29,4637,2945,806,757,127,5575,6
기계설비,기계설비·가스공사업,1847,디에스엔텍(주),고인석,경기,화성12-10-6,935,195,410,315,13,435,2
기계설비,기계설비·가스공사업,1848,디에스엔텍(주),이정희,전남광주,나주2020-20-02,1422,736,286,368,31,679,5
기계설비,기계설비·가스공사업,1849,디에스이앤(주),지종필,인천,구로-13-10-04,2502,1204,688,524,86,1309,4
기계설비,기계설비·가스공사업,1850,디에스이앤씨(주),은종욱,경북,의성07-27-01,3468,1372,1601,395,98,1007,3
기계설비,기계설비·가스공사업,1851,(주)디에스이엔지,이현태,인천,서울-83-12-481,10785,4491,3892,1951,449,5472,15
기계설비,기계설비·가스공사업,1852,(주)디에스이엔지,손병문,경북,경북구미2018-10-1,1684,539,866,255,23,178,2
기계설비,기계설비·가스공사업,1853,디에스텍,박효일,경북,경북포항2018-10-03,1019,359,392,252,15,157,2
기계설비,기계설비·가스공사업,1854,(주)디에이치,구자옥,충남,충남논산-2014-10-01,3488,949,772,1698,67,1485,13
기계설비,기계설비·가스공사업,1855,디에이치건설산업(주),곽재순,경기,광명19-10-3,1594,86,873,631,3,0,5
기계설비,기계설비·가스공사업,1856,(주)디에이치기계설비,구화영,전남광주,광주서2017-10-04,4434,1850,1860,642,79,2243,4
기계설비,기계설비·가스공사업,1857,디에이치시스템(주),황갑용,경북,경북경주2021-10-02,955,396,180,378,0,717,3
기계설비,기계설비·가스공사업,1858,디에이치아이(주),전준배,경기,경기-92-12-33,70713,27324,33623,7009,2755,27038,49
기계설비,기계설비·가스공사업,1859,(주)디에이치엔지니어링,김두호,경기,하남2024-파-05,2302,1573,476,252,0,2789,2
기계설비,기계설비·가스공사업,1860,(주)디에이치이엔지,강대형,충남,충남천안-2024-파-02,1665,423,737,505,0,917,4
기계설비,기계설비·가스공사업,1861,디에이치테크(주),황소용,부산,부산사상06-12-02,8391,1952,5671,627,139,4478,4
기계설비,기계설비·가스공사업,1862,(주)디에이치티앤에스,김태형,전남광주,여수-23-파-07,328,234,-24,117,0,727,5
기계설비,기계설비·가스공사업,1863,(주)디에이치플랜트,장동현,전북,전북진안2020-10-02,4508,2772,818,796,120,4941,6
기계설비,기계설비·가스공사업,1864,(주)디에치엔지니어링,유영수,서울,96-서울-12-16,2465,923,1007,441,92,1075,3
기계설비,기계설비·가스공사업,1865,(주)디에치이텍,육승욱,서울,금천-25-파-04,4112,3220,638,252,0,4601,2
기계설비,기계설비·가스공사업,1866,(주)디엔아이이엔씨,"김동인, 조민희",인천,인천미추홀구2021-10-01,1114,248,614,252,0,239,2
기계설비,기계설비·가스공사업,1867,(주)디엔에이치산업,김봉금,경기,수원2018-10-03,7638,4883,2054,488,212,5573,3
기계설비,기계설비·가스공사업,1868,디엘건설(주),여성찬,인천,2000-27(1종)-101,12824,0,900,11924,0,0,20
기계설비,기계설비·가스공사업,1869,디엘이앤씨(주),박상신,서울,98-27-1-7,125877,0,900,124977,0,0,740
기계설비,기계설비·가스공사업,1870,디엘이엔씨(주),임명순,대전,대전유성-2019-10-2,620,165,195,252,7,157,2
기계설비,기계설비·가스공사업,1871,(주)디엠씨,안동희,강원,삼척2020-10-03호,2076,169,1016,883,7,254,6
기계설비,기계설비·가스공사업,1872,디엠에프씨(주),천영은,서울,관악-17-10-01,2347,352,1651,298,45,922,2
기계설비,기계설비·가스공사업,1873,디엠엔텍(주),최기억,인천,인천남동13-10-03,1625,954,125,477,68,702,5
기계설비,기계설비·가스공사업,1874,(주)디엠이씨,정호승,경기,하남2025-파-04,869,81,408,379,0,117,3
기계설비,기계설비·가스공사업,1875,(주)디엠텍,유성인,서울,전남95-12-151,1189,130,793,252,13,91,2
기계설비,기계설비·가스공사업,1876,(주)디엠티,허만,전남광주,여수-25-파-05,407,0,154,252,0,0,2
기계설비,기계설비·가스공사업,1877,(주)디오건설,장두현,전남광주,담양-25-파-01,521,78,127,315,0,112,2
기계설비,기계설비·가스공사업,1878,디오디오엔지플랜트(주),신유석,경남,진주2007-12-01,6256,799,4794,606,57,1009,4
기계설비,기계설비·가스공사업,1879,(주)디오이,엄태현,경북,경북포항2007-12-06,9205,2250,6506,287,160,1770,2
기계설비,기계설비·가스공사업,1880,디오이앤씨(주),김재윤,서울,하남-2011-10-2,4992,1257,3080,564,89,1074,4
기계설비,기계설비·가스공사업,1881,(주)디오텍,신동익,경기,양주20-10-03,673,173,113,378,7,218,3
기계설비,기계설비·가스공사업,1882,(주)디와이,"신상준, 신대섭",충남,충남보령-2017-10-03,6248,1608,2630,1941,68,1844,15
기계설비,기계설비·가스공사업,1883,디와이산업개발(주),최희철,울산,울산울주2016-10-50,5090,2514,1832,635,107,3561,5
기계설비,기계설비·가스공사업,1884,(주)디와이시,"김상기, 박상용",충남,경북구미2002-12-1,21716,13411,5352,1610,1341,12643,7
기계설비,기계설비·가스공사업,1885,디와이웰텍(주),서한엽,전북,송파-08-12-02,3536,1329,1101,1010,94,2389,8
기계설비,기계설비·가스공사업,1886,(주)디와이이엔지,김대유,서울,구로-19-10-04,988,557,28,378,23,96,3
기계설비,기계설비·가스공사업,1887,(주)디와이이엔지,신동엽,충남,충남천안-2019-10-17,0,0,0,0,0,0,3
기계설비,기계설비·가스공사업,1888,(주)디자인가연,김경미,경기,양주24-파-01,1905,282,1347,275,0,473,2
기계설비,기계설비·가스공사업,1889,디자인다솜(주),박혜리,충북,충북청주 25-파-12,827,130,45,651,0,186,5
기계설비,기계설비·가스공사업,1890,디제이엔지니어링(주),김상범,인천,경기시흥2016-10-46,4036,2924,540,445,125,4319,3
기계설비,기계설비·가스공사업,1891,디지에이치(주),신원인,인천,인천남동-2001-12-8,1018,541,170,252,54,108,2
기계설비,기계설비·가스공사업,1892,(주)디지털,이은영,충남,충남천안-08-10-02,1587,810,450,267,57,1258,2
기계설비,기계설비·가스공사업,1893,디지털국제공조(주),"문한경, 문성인",경기,남양주09-10-10,1035,588,152,252,42,1858,2
기계설비,기계설비·가스공사업,1894,디지털에어시스템(주),"김영진, 박세준",경기,97-서울-12-49,64180,30365,29505,1265,3045,32675,7
기계설비,기계설비·가스공사업,1895,디케이건설(주),김동식,경기,동대문-01-27-1-3,9159,1082,6493,1476,108,1465,11
기계설비,기계설비·가스공사업,1896,(주)디케이엠엔이,두정언,서울,성동12-10-02,146,87,6,45,6,56,4
기계설비,기계설비·가스공사업,1897,디케이이앤씨(주),윤정미,부산,부산기장2013-10-02,1224,67,900,252,4,121,2
기계설비,기계설비·가스공사업,1898,디케이플랜트(주),이기대,부산,부산강서2006-27-01-01,3472,2044,353,928,146,4470,6
기계설비,기계설비·가스공사업,1899,(주)디포그,"김형권, 김창홍",경기,부천-25-파-10호,522,0,269,252,0,0,2
기계설비,기계설비·가스공사업,1900,디피에스테크놀로지,유미연,경남,창원진해2024-파-03,664,294,161,208,0,470,4
기계설비,기계설비·가스공사업,1901,(주)디피엔,유선영,경기,화성24-파-07,1516,364,569,583,0,884,4
기계설비,기계설비·가스공사업,1902,따뜻한동행건설(주),김동욱,경기,구로-00-12-4,3459,1010,2095,252,101,2656,2
기계설비,기계설비·가스공사업,1903,(주)라마이엔지,김상학,인천,인천남동04-27-01-2,6512,2926,2364,928,292,4680,7
기계설비,기계설비·가스공사업,1904,(주)라미드,이명,대전,광주서2012-10-05,10469,4727,4018,1384,339,4288,8
기계설비,기계설비·가스공사업,1905,(주)라상,나상문,서울,송파-20-10-07,2305,1230,732,288,52,2289,2
기계설비,기계설비·가스공사업,1906,(주)라엔텍,이기승,전남광주,광양2020-10-09,2034,918,319,757,39,2138,6
기계설비,기계설비·가스공사업,1907,(주)라온,"서인수, 김혜민",경북,경북영주2023-파-03,722,68,401,252,0,246,2
기계설비,기계설비·가스공사업,1908,라온비엔씨(주),강민경,서울,용산-25-파-03,415,0,163,252,0,0,2
기계설비,기계설비·가스공사업,1909,라온시스템,최성윤,대구,대구동구2008-12-1,1361,139,900,312,9,233,2
기계설비,기계설비·가스공사업,1910,(주)라온시스템,이현경,경기,구리2009-10-3,4557,2460,1527,392,175,6533,3
기계설비,기계설비·가스공사업,1911,(주)라온시스템공조,양성수,부산,부산금정-25-파-001,446,75,118,252,0,108,2
기계설비,기계설비·가스공사업,1912,(주)라온에너텍,김근희,전북,전북전주2020-23-1,1834,700,361,741,30,798,8
기계설비,기계설비·가스공사업,1913,(주)라온이씨아이,민봉식,울산,울산북구2005-12-03,15185,5774,6847,1986,577,10737,14
기계설비,기계설비·가스공사업,1914,라온이엔지(주),조왕현,충남,도봉-99-12-1,496,336,0,126,33,0,1
기계설비,기계설비·가스공사업,1915,라온테크(주),김창주,경북,경북포항2020-10-09,1987,411,1147,410,17,979,3
기계설비,기계설비·가스공사업,1916,(주)라올바이오,정진호,대구,대구달서구2025-파-04호,412,54,58,300,0,77,3
기계설비,기계설비·가스공사업,1917,(주)라인기공,남상호,울산,울산북구2023-파-03,11524,3952,7192,378,0,5755,3
기계설비,기계설비·가스공사업,1918,라인비엔텍(주),성복희,경기,송파-05-12-6,3489,744,2417,252,74,557,2
기계설비,기계설비·가스공사업,1919,라인산업설비(주),박진기,경남,부산사상14-10-1,2149,484,1123,506,34,46,4
기계설비,기계설비·가스공사업,1920,(주)라인이엔지,김보순,경기,파주23-파-01,977,288,256,431,0,313,4
기계설비,기계설비·가스공사업,1921,(주)라인이엔지,"안태철, 김관",전남광주,창원2005-12-04,12628,1560,9365,1545,156,1386,11
기계설비,기계설비·가스공사업,1922,(주)라인코리아플랜트,김웅전,전남광주,광주동2004-12-02,1483,415,755,271,41,650,2
기계설비,기계설비·가스공사업,1923,(유)라인텍,황민재,충남,전북전주2011-10-1,1754,344,1080,304,24,179,2
기계설비,기계설비·가스공사업,1924,(주)라현설비,김종환,전남광주,광주남2015-10-01,3627,1460,1660,401,104,1970,3
기계설비,기계설비·가스공사업,1925,(주)랜드스타,문태식,서울,83-12-512,7282,3429,1797,1712,342,8126,10
기계설비,기계설비·가스공사업,1926,(주)랩플렉스,"황인건, 김혜선",대전,대전유성 2025-파-5호,516,47,216,252,0,67,2
기계설비,기계설비·가스공사업,1927,(주)랩하우스,이동준,경기,용인-24-파-09,2051,202,1217,631,0,361,5
기계설비,기계설비·가스공사업,1928,(주)레스콘,이성관,경기,양주14-10-1,822,351,193,252,25,845,2
기계설비,기계설비·가스공사업,1929,(주)레일웍스,"박종주, 이용진",충남,용산2017-23-01,18403,7010,10259,830,302,8938,6
기계설비,기계설비·가스공사업,1930,레트엔지니어링(주),이주식,경기,화성20-23-03,5817,4298,670,663,184,5330,5
기계설비,기계설비·가스공사업,1931,레프코리아,이석천,부산,부산사하2024-13-02호,1533,510,770,252,0,766,2
기계설비,기계설비·가스공사업,1932,(주)로고스인더스트리어,이영석,서울,서초-00-12-5,1159,322,440,363,32,112,2
기계설비,기계설비·가스공사업,1933,(주)로담이엔지,정창일,경기,화성22-파-14,905,0,589,315,0,0,2
기계설비,기계설비·가스공사업,1934,(주)로뎀기술엔지니어링,김미숙,경기,수원11-23-2,1569,35,900,631,2,38,5
기계설비,기계설비·가스공사업,1935,로뎀테크(주),김경식,대구,대구서구2003-12-1,1056,81,651,315,8,238,2
기계설비,기계설비·가스공사업,1936,로드웨이(주),김순이,전남광주,여수-25-파-04,855,81,520,254,0,115,2
기계설비,기계설비·가스공사업,1937,로드코어시스템,장현실,경기,안산2014-10-11,1582,354,490,711,25,178,7
기계설비,기계설비·가스공사업,1938,(주)로얄기공,서병하,경기,95-서울-12-106,631,0,359,271,0,0,2
기계설비,기계설비·가스공사업,1939,(주)로얄엔지니어링,오상수,대전,대전동구-2000-12-05,4746,1354,2450,806,135,2643,6
기계설비,기계설비·가스공사업,1940,(주)로얄정공,박재덕,대구,대구12-147,5171,521,3127,1469,52,763,11
기계설비,기계설비·가스공사업,1941,(주)로열배관설비,최윤철,서울,강남-15-10-05,4396,1480,2557,252,105,2541,2
기계설비,기계설비·가스공사업,1942,로지시스템(주),"노경호, 윤선옥",경기,강서-05-12-5,22262,9959,11034,271,995,16990,2
기계설비,기계설비·가스공사업,1943,로커스에어텍(주),양수석,경기,수원08-10-3,531,378,0,126,27,251,1
기계설비,기계설비·가스공사업,1944,로텍엔지니어링(주),"권태열, 황호인",울산,울산남구2000-12-09,9938,4161,4397,963,416,5332,7
기계설비,기계설비·가스공사업,1945,(주)로하스건설,이은주,충남,충남서천-2009-10-01,3215,507,2132,538,36,798,4
기계설비,기계설비·가스공사업,1946,(유)로하스건설,염대영,전북,전북군산2011-10-03,1798,800,682,257,57,1250,2
기계설비,기계설비·가스공사업,1947,롯데가스텍(주),김동유,충남,충남천안-09-23-03,1083,417,257,378,29,404,3
기계설비,기계설비·가스공사업,1948,롯데건설(주),오일근,서울,서초99-27-1-2,170522,0,900,169622,0,0,13
기계설비,기계설비·가스공사업,1949,(주)루브캡이엔에스,김동준,경기,경기시흥2016-10-21,0,0,0,0,0,0,2
기계설비,기계설비·가스공사업,1950,(주)루선트엔지니어링,김진오,충북,강남-03-12-10,3153,2312,0,608,231,934,4
기계설비,기계설비·가스공사업,1951,(주)루트,이순미,전북,전북정읍22-파-02호,917,143,521,252,0,205,2
기계설비,기계설비·가스공사업,1952,루트기업(주),전옥순,강원,춘천2021-10-01호,774,422,71,255,24,542,2
기계설비,기계설비·가스공사업,1953,루트에어(주),송성범,서울,금천 14-10-08,1083,184,291,595,13,658,9
기계설비,기계설비·가스공사업,1954,루트이앤씨(주),장연주,강원,춘천2023-파-01호,1156,119,900,126,10,77,1
기계설비,기계설비·가스공사업,1955,(주)리더스산업,도천기,경북,경북상주2012-12-2,2764,639,1367,711,45,997,5
기계설비,기계설비·가스공사업,1956,(주)리더스엔지니어링,이성호,강원,원주2017-10-01호,5714,1291,3601,765,55,1429,6
기계설비,기계설비·가스공사업,1957,(주)리드이엔지,명선주,서울,강서-14-10-04,3350,1387,1484,378,99,94,3
기계설비,기계설비·가스공사업,1958,(주)리딩이앤씨,이승정,전북,전북군산2018-10-03호,2613,923,625,1023,39,1269,8
기계설비,기계설비·가스공사업,1959,리멘(주),최정국,서울,송파-21-10-04,745,260,233,252,0,350,2
기계설비,기계설비·가스공사업,1960,(주)리박산업기계,김태호,경기,안산2016-10-07,448,277,21,138,11,20,6
기계설비,기계설비·가스공사업,1961,(주)리배산업,"배동성, 최현석",서울,서초-08-10-10,5643,4109,697,542,293,4782,4
기계설비,기계설비·가스공사업,1962,(주)리본,나진호,강원,강원홍천2021-10-01호,1254,97,900,257,0,0,2
기계설비,기계설비·가스공사업,1963,(주)리안엠이씨,김시중,울산,울산울주2015-10-06,865,117,234,505,8,269,4
기계설비,기계설비·가스공사업,1964,(주)리에너지엔지니어링,이지영,충북,충북청원13-10-2,6547,1408,4650,388,100,1622,3
기계설비,기계설비·가스공사업,1965,(주)리엔종합건설,심중경,서울,노원-99-12-2,12337,3985,7175,778,398,3640,6
기계설비,기계설비·가스공사업,1966,(주)리엔텍엔지니어링,조은만,경남,양산2015-10-1,3845,1807,543,1363,130,1462,10
기계설비,기계설비·가스공사업,1967,(주)리오트,최석민,인천,부천-2004-12-6,13438,4940,6097,1900,499,5568,13
기계설비,기계설비·가스공사업,1968,(주)리우솔루션,우삼렬,서울,서초-13-10-04,493,0,241,252,0,0,2
기계설비,기계설비·가스공사업,1969,(주)리우이엔지,문진웅,부산,부산동래2021-10-3,978,208,513,257,0,163,2
기계설비,기계설비·가스공사업,1970,(주)리젠코,"정순희, 이상춘",경기,화성20-10-05,2263,628,1292,315,26,283,2
기계설비,기계설비·가스공사업,1971,리텍(주),김태경,세종,세종시-2016-10-03,0,0,0,0,0,0,0
기계설비,기계설비·가스공사업,1972,(주)리텍에프이에스,"이구성, 김창섭",경기,금천-12-10-02,3961,1668,1702,471,119,2275,3
기계설비,기계설비·가스공사업,1973,(주)리트코,박종운,서울,강남-98-12-33,12371,8020,1673,1870,806,2288,10
기계설비,기계설비·가스공사업,1974,(주)리트코이엔에스,이성현,서울,강남-18-10-09,53,34,0,17,1,0,1
기계설비,기계설비·가스공사업,1975,리튼건설(주),최민수,서울,송파-17-10-03,2230,503,894,809,21,762,6
기계설비,기계설비·가스공사업,1976,(주)리혠,강희영,서울,강남-22-파-11,896,296,346,252,0,37,2
기계설비,기계설비·가스공사업,1977,린나이코리아(주),"조상훈, 다나카요시카즈",인천,82-12-21,886,299,242,314,30,376,5
기계설비,기계설비·가스공사업,1978,(주)린도,송문희,경북,경북포항2014-10-05,4089,2708,556,631,193,4860,5
기계설비,기계설비·가스공사업,1979,(주)린텍,김한지,부산,부산남2005-12-02,10935,7727,1017,1414,774,12402,9
기계설비,기계설비·가스공사업,1980,(주)링크앤,김병득,충남,충남천안-2014-10-06,366,249,-25,124,17,686,2
기계설비,기계설비·가스공사업,1981,링크앤솔루션즈(주),이연삼,서울,서대문 15-10-01,9685,3948,4804,650,282,5083,5
기계설비,기계설비·가스공사업,1982,(주)마루,김인영,강원,영월2025-파-01호,1358,35,900,422,0,51,3
기계설비,기계설비·가스공사업,1983,(주)마루건설,김선자,충남,인천남동16-10-02,5648,2724,2553,253,116,4862,2
기계설비,기계설비·가스공사업,1984,마루건설산업(주),정민정,전남광주,전남해남2024-파-01,1820,116,900,804,0,223,6
기계설비,기계설비·가스공사업,1985,마루건설산업,이창용,전남광주,전남곡성2024-21-04,1837,207,1245,384,0,305,3
기계설비,기계설비·가스공사업,1986,(주)마루기업,이지영,전남광주,광양2009-23-01,1986,517,800,631,37,802,5
기계설비,기계설비·가스공사업,1987,마루종합건설(주),강경미,경북,사천2021-10-1,2140,335,1522,282,0,1115,2
기계설비,기계설비·가스공사업,1988,(주)마루테크,강광희,경남,창원마합 2012-23-01,1203,29,793,378,2,46,3
기계설비,기계설비·가스공사업,1989,마린에어솔루션,김웅,강원,원주2025-파-03호,860,381,226,252,0,544,2
기계설비,기계설비·가스공사업,1990,(주)마빈시스템,최광선,서울,금천-01-12-2,1001,109,422,458,10,297,2
기계설비,기계설비·가스공사업,1991,(주)마스윈,이우삼,대구,대구12-161,5176,1936,2351,694,194,1951,5
기계설비,기계설비·가스공사업,1992,(주)마스터건설,김영미,경기,고양2021-10-17,929,29,900,0,0,0,0
기계설비,기계설비·가스공사업,1993,마스터텍,김종열,경남,창원 2010-10-10,4521,1079,2395,969,77,1352,7
기계설비,기계설비·가스공사업,1994,마쏘엔지니어링(주),최건우,경기,고양2022-파-05,716,293,106,316,0,285,3
기계설비,기계설비·가스공사업,1995,마음이앤씨(주),최장한,대전,대전유성-2021-23-2,7640,3365,3682,592,0,3351,4
기계설비,기계설비·가스공사업,1996,(주)마이크로원,전혁수,충남,충남천안-2019-10-01,24364,11708,11692,461,501,38342,3
기계설비,기계설비·가스공사업,1997,(주)마이테크,권인혁,경북,경북포항2000-12-07,621,197,143,260,19,346,2
기계설비,기계설비·가스공사업,1998,마크로이엔지(주),양옹식,인천,인천동구2012-10-02,869,396,192,252,28,557,2
기계설비,기계설비·가스공사업,1999,만경엔지니어링(주),김순자,충북,세종시-2020-10-04,2241,246,1477,507,10,356,4
기계설비,기계설비·가스공사업,2000,(주)만길엔지니어링,"이용만, 이용희",대구,대구북구 2012-12-2,4053,1388,2265,300,99,1665,2
기계설비,기계설비·가스공사업,2001,(주)만보설비,이희성,경남,경남통영2018-10-01,1625,295,812,505,12,483,4
기계설비,기계설비·가스공사업,2002,(주)만보중공업,남양준,전남광주,광양2001-12-08,13609,6638,4681,1623,665,7980,11
기계설비,기계설비·가스공사업,2003,만수테크(주),최선희,전남광주,전남영광2024-파-02,0,0,0,0,0,0,3
기계설비,기계설비·가스공사업,2004,(주)만호건설,김만호,경기,성북-04-12-3,1904,385,596,883,38,573,6
기계설비,기계설비·가스공사업,2005,(주)맑은나라,안종철,강원,정선2016-10-01호,1422,257,775,378,11,421,3
기계설비,기계설비·가스공사업,2006,맑은미래개발,구태환,경남,창원의창2022-파-6,915,334,326,254,0,514,2
기계설비,기계설비·가스공사업,2007,매일건설(주),심용덕,강원,경북포항2007-12-02,1222,650,219,305,46,1274,2
기계설비,기계설비·가스공사업,2008,매일설비(주),김영모,경남,경남창원2001-12-04,4858,2874,1124,571,287,4427,3
기계설비,기계설비·가스공사업,2009,(주)매트릭스,박희연,서울,동대문-09-10-4,7174,2915,3653,397,208,6112,3
기계설비,기계설비·가스공사업,2010,맥기공,김용남,경북,경북칠곡군2009-10-03,872,103,362,398,7,259,3
기계설비,기계설비·가스공사업,2011,(주)맥산엔지니어링,신지훈,경북,경북성주2013-10-2,7755,1000,6005,678,71,1037,5
기계설비,기계설비·가스공사업,2012,(주)맥스시스템,오세헌,경북,대구달서구2015-10-4,702,201,171,315,14,43,2
기계설비,기계설비·가스공사업,2013,먼들엔티(주),정재호,대구,대구달서구2001-12-7,1875,270,1262,315,27,0,2
기계설비,기계설비·가스공사업,2014,(주)멀티솔루션,이창주,경기,화성09-10-13,3038,1013,1189,763,72,745,6
기계설비,기계설비·가스공사업,2015,(주)메가이엔씨,최지영,경기,안산-2006-12-4,5602,3226,1495,650,230,4672,5
기계설비,기계설비·가스공사업,2016,메가이엔씨,이병재,충북,충북청주 23-파-1,2091,336,1375,378,0,910,3
기계설비,기계설비·가스공사업,2017,(주)메가콤,"성미향, 최재혁",대구,대구동구2019-10-1,1774,198,1188,378,8,270,3
기계설비,기계설비·가스공사업,2018,메가테크(주),이기현,대전,대전동구-2018-10-22,5632,1862,2913,776,79,2488,6
기계설비,기계설비·가스공사업,2019,(주)메디맥스,김형만,인천,인천서구2021-10-04,860,68,538,252,0,0,2
기계설비,기계설비·가스공사업,2020,메디스이엔지(주),"장준영, 이동건",경기,안산2021-10-01,2440,952,1108,378,0,1282,3
기계설비,기계설비·가스공사업,2021,(주)메스코이엔지,강희범,경기,강서-04-12-5,14222,4285,8981,650,306,6404,5
기계설비,기계설비·가스공사업,2022,메인테크플랜트(주),송달순,서울,양천-04-12-3,96639,70394,11245,7899,7099,111004,29
기계설비,기계설비·가스공사업,2023,(주)메츠,최경환,울산,울산남구2001-12-02,50866,29172,16949,1818,2925,33476,9
기계설비,기계설비·가스공사업,2024,(주)메카티엔에스,김경규,경남,진주 2021-10-02,179,52,49,76,0,96,3
기계설비,기계설비·가스공사업,2025,(주)메타이엔시,조용식,서울,강서-02-12-5,3771,1875,1235,472,188,2000,3
기계설비,기계설비·가스공사업,2026,(주)메트로씨앤씨,"하명수, 하현욱",서울,서초-08-10-04,7297,2179,2402,2557,158,3296,18
기계설비,기계설비·가스공사업,2027,(주)명가건설,주건중,부산,해운대2012-10-02,2467,625,586,1209,44,414,9
기계설비,기계설비·가스공사업,2028,(주)명강엔지니어링,정길양,대전,대전유성-2020-10-3,777,114,343,315,4,169,2
기계설비,기계설비·가스공사업,2029,명광기업(주),이규호,충남,충남-96-12-9,2966,600,1926,378,60,638,3
기계설비,기계설비·가스공사업,2030,명광이엔지,김승진,경북,경북구미2026-파-2호,389,0,136,252,0,0,2
기계설비,기계설비·가스공사업,2031,(주)명광이엔테크,장영구,경북,경북포항2020-10-04,191,124,0,62,5,0,2
기계설비,기계설비·가스공사업,2032,(주)명도기전,김용대,부산,부산수영2010-10-01,3551,818,1984,690,58,1226,5
기계설비,기계설비·가스공사업,2033,(주)명로건설,명노관,경기,경기시흥2018-23-34,769,235,144,378,10,350,3
기계설비,기계설비·가스공사업,2034,(주)명문엔지니어링,문재명,서울,양천2020-10-04,1122,338,390,378,14,849,3
기계설비,기계설비·가스공사업,2035,(주)명문이엔지,배문기,대구,수성-19-10-01호,3013,1066,1314,587,45,1904,4
기계설비,기계설비·가스공사업,2036,(주)명보산업개발,김종하,경남,창원의창2021-10-01,2221,657,864,699,0,1996,4
기계설비,기계설비·가스공사업,2037,(주)명보이엔지,김명두,전남광주,여수2011-10-02,7936,5261,1921,378,375,12293,3
기계설비,기계설비·가스공사업,2038,(주)명보종합건설,김진명,경남,경남-95-12-3,7407,2183,3490,1514,218,3738,11
기계설비,기계설비·가스공사업,2039,(주)명성,방건식,충남,충남-96-12-7,8178,4613,2598,505,461,8534,4
기계설비,기계설비·가스공사업,2040,명성건영(주),문명우,경기,수원2021-10-05,1713,279,1049,384,0,282,3
기계설비,기계설비·가스공사업,2041,(주)명성건축,박현아,강원,강원화천2023-파-01호,555,177,125,253,0,327,2
기계설비,기계설비·가스공사업,2042,명성기업(주),이종근,전남광주,광주북99-12-02,5714,1524,3773,264,152,2228,2
기계설비,기계설비·가스공사업,2043,명성기업(주),유영숙,충북,충북청주 25-파-20,460,0,131,328,0,0,3
기계설비,기계설비·가스공사업,2044,명성산업(주),김주찬,경기,의정부-2001-27-1-1,9976,3730,4585,1288,373,5278,10
기계설비,기계설비·가스공사업,2045,(주)명성산업개발,장경철,전남광주,광주광산2008-23-01,1801,201,1207,378,14,171,3
기계설비,기계설비·가스공사업,2046,(주)명성설비,전준성,서울,강서-22-파-02,650,42,355,252,0,14,2
기계설비,기계설비·가스공사업,2047,(주)명성설비,도성곤,경북,경남-89-12-9,1442,148,900,378,14,50,3
기계설비,기계설비·가스공사업,2048,(주)명성씨엠아이,"윤금수, 송재욱",경기,김포-13-10-5,22491,13392,7633,508,956,13880,1
기계설비,기계설비·가스공사업,2049,(주)명성알앤티,장종열,부산,부산사하제2004-12-03,9582,1691,7431,290,169,1621,2
기계설비,기계설비·가스공사업,2050,명성에너지(주),홍성혁,경기,광주08-27-1-2,2438,782,1094,505,55,978,4
기계설비,기계설비·가스공사업,2051,(주)명성에너텍,이찬희,충남,충남당진-99-12-1,2747,1127,1234,272,112,2531,2
기계설비,기계설비·가스공사업,2052,명성엔지니어링(주),백준,전남광주,광주북2016-10-08,780,265,244,258,11,456,2
기계설비,기계설비·가스공사업,2053,(주)명성엔지니어링,조형환,경기,안양-2004-12-11,3316,1651,1102,397,165,1084,3
기계설비,기계설비·가스공사업,2054,명성엔지니어링(주),"전동수, 김석봉",경기,수원11-10-2,3254,500,2212,505,36,1110,4
기계설비,기계설비·가스공사업,2055,(주)명성이에스,오영식,서울,서초-20-10-03,2674,1153,1074,397,49,3246,3
기계설비,기계설비·가스공사업,2056,(주)명성이엔씨,정경태,부산,부산남구 2014-09-01,1489,76,900,507,5,234,4
기계설비,기계설비·가스공사업,2057,(주)명성이엔지,장경호,경북,경북구미2014-10-5,2475,1017,1133,252,72,803,2
기계설비,기계설비·가스공사업,2058,(주)명성이엔티,이정혜,경남,창원의창2024-파-03,1245,93,900,252,0,210,2
기계설비,기계설비·가스공사업,2059,(주)명성인터내셔날,나용운,서울,금천-15-10-07,1032,606,193,189,43,374,1
기계설비,기계설비·가스공사업,2060,(주)명성티엔지,송주환,울산,울산북구2021-10-05,3413,2141,1015,256,0,1453,2
기계설비,기계설비·가스공사업,2061,(주)명성플랜트,"박형곤, 장세경",전남광주,여수2021-10-12,1152,0,900,252,0,0,2
기계설비,기계설비·가스공사업,2062,(주)명스테이지,이종명,경기,경기-95-12-14,2166,213,1278,653,21,350,2
기계설비,기계설비·가스공사업,2063,(주)명신,양용대,충남,충남보령-2022-13-01,1187,33,900,253,0,38,2
기계설비,기계설비·가스공사업,2064,(주)명신개발,최규민,인천,인천남동19-10-08,1588,0,900,688,0,0,5
기계설비,기계설비·가스공사업,2065,명신건설(주),진명창,인천,인천남동20-10-05,3235,255,1534,1434,11,417,10
기계설비,기계설비·가스공사업,2066,(주)명신기공,방기복,서울,89-서울-12-78,15788,7750,5843,1416,777,9302,7
기계설비,기계설비·가스공사업,2067,명신엔지니어링(주),심진섭,강원,인천연수02-12-01,686,276,130,252,27,26,2
기계설비,기계설비·가스공사업,2068,(주)명신테크,김혁진,경남,김해2020-10-12,1060,417,304,320,17,595,2
기계설비,기계설비·가스공사업,2069,(주)명신토건,김명규,인천,파주20-10-1,1277,138,880,252,5,112,2
기계설비,기계설비·가스공사업,2070,(주)명심씨엔씨,정희환,서울,서대문09-10-01,6108,2042,3541,378,145,3415,3
기계설비,기계설비·가스공사업,2071,명우네오텍(주),이효원,충남,충남당진-2007-27(1)-01,12325,6509,4962,388,464,10387,3
기계설비,기계설비·가스공사업,2072,(주)명우산기,차병갑,경기,시흥-2003-12-8,1552,732,494,252,73,1541,2
기계설비,기계설비·가스공사업,2073,(주)명원기공,강윤근,부산,부산-92-12-46,8323,1544,6227,397,154,2292,3
기계설비,기계설비·가스공사업,2074,(주)명인,"박재오, 김정애",부산,부산사하2011-10-02,886,233,219,416,16,557,3
기계설비,기계설비·가스공사업,2075,(주)명인건설,노명복,경기,연천26-파-01호,1350,0,466,883,0,0,7
기계설비,기계설비·가스공사업,2076,(주)명인아이앤디,김지중,서울,서초-22-파-04,1541,166,996,378,0,152,3
기계설비,기계설비·가스공사업,2077,(주)명인이앤씨,김근혜,대구,경북안동2010-10-02,978,290,313,353,20,125,2
기계설비,기계설비·가스공사업,2078,명인이엔씨(주),박형일,경기,도봉-03-12-1,4347,1551,2150,490,155,3002,3
기계설비,기계설비·가스공사업,2079,(주)명인이엔지,박명열,경기,광주25-파-03,674,93,327,252,0,134,2
기계설비,기계설비·가스공사업,2080,(주)명일테크,이석민,울산,울산동구2001-27-1-10,2831,1027,1307,393,102,874,3
기계설비,기계설비·가스공사업,2081,(주)명작,강철수,충남,세종-2015-10-01,4474,651,3523,252,46,875,2
기계설비,기계설비·가스공사업,2082,(주)명정플랜트,곽명식,충남,충남서산-2014-10-36,16893,12152,2144,1729,868,15882,9
기계설비,기계설비·가스공사업,2083,(주)명주씨앤에프,이연하,인천,인천-92-12-34,2562,683,1508,302,68,1270,2
기계설비,기계설비·가스공사업,2084,(주)명지산업사,오개동,경북,경북포항99-12-78,288,180,0,90,18,0,2
기계설비,기계설비·가스공사업,2085,(주)명지엔지니어링,유제영,전북,전북고창2001-12-2,2150,1116,0,921,111,1511,7
기계설비,기계설비·가스공사업,2086,명진건설(주),박은선,경북,경북울진2024-파-1,998,57,688,252,0,113,2
기계설비,기계설비·가스공사업,2087,(주)명진기업,권상국,경북,경북95-12-139,1669,560,730,322,56,596,2
기계설비,기계설비·가스공사업,2088,명진에어컨특판,이성규,경북,경북구미2026-파-4호,399,0,146,252,0,0,2
기계설비,기계설비·가스공사업,2089,명진플랜트(주),임종선,충남,충남천안-2019-10-15,5970,811,4870,252,34,748,2
기계설비,기계설비·가스공사업,2090,(주)명하이앤지,"박정수, 현재주",경기,하남2014-10-2,10114,3882,3072,2881,277,6439,19
기계설비,기계설비·가스공사업,2091,(주)명한이엔지,유춘영,전남광주,순천2009-23-01,1804,255,1151,378,18,602,3
기계설비,기계설비·가스공사업,2092,명호건설(주),박명숙,충남,충북괴산17-10-1,2099,363,1207,512,15,389,4
기계설비,기계설비·가스공사업,2093,(주)명훈종합건설,정길순,경북,영천09-10-03,1516,405,663,418,28,693,3
기계설비,기계설비·가스공사업,2094,(주)모건이엔지,김서윤,전남광주,광주북-25-파-03,524,66,206,252,0,94,2
기계설비,기계설비·가스공사업,2095,(주)모던라이프,김유진,경남,창원진해2025-파-02,1150,126,766,257,0,180,2
기계설비,기계설비·가스공사업,2096,모던설비(주),최낙범,울산,울산동구2021-23-01,5383,1900,1505,1976,0,3252,24
기계설비,기계설비·가스공사업,2097,(주)모던이엔지,정대성,대구,양산2015-10-02,1880,493,952,399,35,677,3
기계설비,기계설비·가스공사업,2098,모두설비(주),최인섭,인천,인천남동08-10-07,2572,287,1722,543,20,742,4
기계설비,기계설비·가스공사업,2099,(주)모두이엔지,전기현,전남광주,광양2020-10-10,736,25,190,518,1,0,4
기계설비,기계설비·가스공사업,2100,모든건설(주),유자숙,대전,대전대덕10-10-01,1347,325,745,252,23,60,2
기계설비,기계설비·가스공사업,2101,모루씨앤아이(주),서종철,대전,대전대덕 25-13-03호,461,57,277,126,0,82,1
기계설비,기계설비·가스공사업,2102,(주)모린정보기술,박건환,경남,경남거제2026-파-02,874,0,621,252,0,0,2
기계설비,기계설비·가스공사업,2103,모범기계공업(주),"김남대, 김장수",강원,동해2017-10-1호,6345,2639,2621,970,113,2501,7
기계설비,기계설비·가스공사업,2104,(주)모범산업,유성관,강원,동해2025-파-02,600,62,285,252,0,89,2
기계설비,기계설비·가스공사업,2105,(주)모빌,김성,전북,전북-12-46,7171,779,4674,1640,78,1663,11
기계설비,기계설비·가스공사업,2106,(주)모아공조,김은주,경기,고양2020-10-05,1844,660,877,278,28,1112,2
기계설비,기계설비·가스공사업,2107,(주)모아산업,김아원,전남광주,광주광산-22-파-06,681,91,337,252,0,270,2
기계설비,기계설비·가스공사업,2108,(주)모아시스템공조,"김미숙, 이범진",세종,세종시-2021-10-01,1380,457,543,379,0,391,3
기계설비,기계설비·가스공사업,2109,모울(주),김영곤,경남,경남거제2018-10-02,1962,432,880,631,18,799,5
기계설비,기계설비·가스공사업,2110,(주)모자이크,이경호,전남광주,여수2009-10-06,5868,950,4597,252,68,1643,2
기계설비,기계설비·가스공사업,2111,(주)모현아이엔씨,정유란,서울,강서-26-파-01,420,0,120,300,0,0,3
기계설비,기계설비·가스공사업,2112,(주)무경,"김명섭, 김원열",울산,경남-94-12-15,240855,164224,43782,16098,16750,195178,41
기계설비,기계설비·가스공사업,2113,(주)무극건설산업,정용은,서울,도봉-16-10-01,2997,828,1571,561,35,245,4
기계설비,기계설비·가스공사업,2114,무성산업(주),구강무,전남광주,광주북2016-10-03,1993,623,800,543,26,996,4
기계설비,기계설비·가스공사업,2115,(주)무송이엔지,송보경,강원,대전대덕-16-10-03,4299,1842,1973,402,80,2567,3
기계설비,기계설비·가스공사업,2116,(주)무영이엔지,오무영,인천,인천부평구2012-10-01,1510,396,703,381,28,716,3
기계설비,기계설비·가스공사업,2117,(주)무유산업,정혜미,전남광주,광주광산2018-10-06,2182,1100,744,290,47,1188,2
기계설비,기계설비·가스공사업,2118,(주)무지개이엔씨,박래춘,전북,전북전주2019-23-1호,1503,618,97,760,26,667,6
기계설비,기계설비·가스공사업,2119,(주)무진기연,조성은,전남광주,광주광산2020-10-02,6731,566,2595,3545,24,1271,25
기계설비,기계설비·가스공사업,2120,(주)무진아이엠,이선아,인천,인천서구2024-파-09,3977,1015,2203,757,0,1856,6
기계설비,기계설비·가스공사업,2121,무진엔텍(주),김범희,인천,인천남동21-10-08,633,277,104,252,0,269,2
기계설비,기계설비·가스공사업,2122,무진정밀(주),최혜경,충남,충남태안-13-10-03,1422,161,738,511,11,393,4
기계설비,기계설비·가스공사업,2123,(주)무창,장미진,전북,전북순창2021-10-01,895,198,179,517,0,169,4
기계설비,기계설비·가스공사업,2124,(주)무창,이정환,전남광주,광양2007-12-02,4283,2556,265,1278,182,3786,28
기계설비,기계설비·가스공사업,2125,(주)무창,이참근,경북,경북경산2017-10-1,606,160,173,264,6,116,3
기계설비,기계설비·가스공사업,2126,(주)무한건설,김선숙,대전,대전유성-2021-10-2,1472,127,900,445,0,305,3
기계설비,기계설비·가스공사업,2127,(주)무한기술,윤종천,대구,대구달서구2010-10-05,2110,307,1509,271,21,456,2
기계설비,기계설비·가스공사업,2128,(주)무한에너지,박현석,경기,화성12-10-8,1212,387,229,568,27,560,4
기계설비,기계설비·가스공사업,2129,(주)문경,이은숙,전남광주,광양25-파-04,628,38,250,338,0,55,3
기계설비,기계설비·가스공사업,2130,(주)문경공조,홍승옥,경북,경북문경2008-10-01,2627,431,1908,257,30,845,2
기계설비,기계설비·가스공사업,2131,(주)문경냉열기,신경식,경북,경북문경2025-파-01,789,148,388,252,0,211,2
기계설비,기계설비·가스공사업,2132,(주)문명에이스,"문기웅, 이준범",대구,대구 달서구2008-12-02,6734,4200,1727,505,300,2838,4
기계설비,기계설비·가스공사업,2133,(주)문성엔지니어링,신종수,부산,경기-94-12-2,907,192,437,258,19,370,2
기계설비,기계설비·가스공사업,2134,문일기연(주),최병호,서울,강남-00-27-1-28,1690,484,778,378,48,653,3
기계설비,기계설비·가스공사업,2135,(주)문화개발,홍성모,전남광주,광주남2001-27-01-01,1824,491,778,505,49,374,4
기계설비,기계설비·가스공사업,2136,(주)문화설비,위점량,전남광주,광주남구2011-27-01,4525,924,3156,378,66,1222,3
기계설비,기계설비·가스공사업,2137,(주)문화이앤지,이점두,전남광주,광주서2011-23-01,2320,338,1579,378,24,88,3
기계설비,기계설비·가스공사업,2138,(주)문화지엔코,김원용,경기,서울-12-43,12731,9197,1496,1118,919,7441,8
기계설비,기계설비·가스공사업,2139,(주)물과함께,김진남,서울,강서-02-12-2,1174,19,900,252,1,70,2
기계설비,기계설비·가스공사업,2140,(주)물꼬건설,박은남,대전,대전동구-2012-10-01,1605,191,1146,254,13,31,2
기계설비,기계설비·가스공사업,2141,미가건설(주),오영미,인천,인서26-파-05,505,0,252,252,0,0,2
기계설비,기계설비·가스공사업,2142,미강기업(주),이한수,대구,대구12-124,16814,7337,6344,2395,735,5449,15
기계설비,기계설비·가스공사업,2143,(유)미강이엔지,이진형,전남광주,목포2021-10-02,703,320,130,252,0,580,2
기계설비,기계설비·가스공사업,2144,(주)미건,박희석,인천,인천서구2022-파-08,1982,308,1042,631,0,661,5
기계설비,기계설비·가스공사업,2145,미건기계산업,현순자,강원,강릉19-10-04호,741,304,170,252,13,410,2
기계설비,기계설비·가스공사업,2146,(주)미건엔지니어링,최성호,경기,평택-25-파-013호,511,0,0,511,0,0,2
기계설비,기계설비·가스공사업,2147,(주)미공,김태혁,경기,여주2020-10-01,140,90,0,45,3,0,4
기계설비,기계설비·가스공사업,2148,(주)미광,김순태,전남광주,여수2004-12-08,1989,253,1293,416,25,5,3
기계설비,기계설비·가스공사업,2149,미광기업(유),최영아,전남광주,전남영광2002-12-01,1510,163,952,378,16,144,3
기계설비,기계설비·가스공사업,2150,(주)미광테크,손진식,서울,용산2012-10-02,9022,2755,5273,795,197,3382,5
기계설비,기계설비·가스공사업,2151,미나미건설(주),윤석일,서울,양천2021-10-04,1642,161,966,514,0,176,4
기계설비,기계설비·가스공사업,2152,(주)미도건설,도레미,경북,경북상주2021-10-01,2465,746,689,1029,0,828,7
기계설비,기계설비·가스공사업,2153,(주)미도크린테크,오영관,경기,시흥-25-파-4,1116,588,274,252,0,841,2
기계설비,기계설비·가스공사업,2154,(주)미동기연,김동호,서울,성북-09-10-03,1261,271,591,378,19,118,3
기계설비,기계설비·가스공사업,2155,미디어엔지니어링(주),안희경,충북,충주2006-12-1,4059,465,2795,751,46,436,5
기계설비,기계설비·가스공사업,2156,미디어캐리어(주),김현수,서울,은평-13-10-02,4280,1415,2384,378,101,3593,3
기계설비,기계설비·가스공사업,2157,(주)미디자인건축,정해석,전남광주,전남완도2024-파-02,2127,115,900,1111,0,90,8
기계설비,기계설비·가스공사업,2158,미라클(주),김대홍,경기,하남2021-10-05,1259,107,900,252,0,102,2
기계설비,기계설비·가스공사업,2159,(주)미래,박기수,부산,동래-2002-12-3,13233,6424,5603,563,642,8400,4
기계설비,기계설비·가스공사업,2160,(주)미래,서창원,충남,충남태안-2017-10-01,2980,723,1777,447,31,1013,3
기계설비,기계설비·가스공사업,2161,(주)미래건설,오영준,경기,강동-22-파-01,1590,396,815,378,0,247,3
기계설비,기계설비·가스공사업,2162,(주)미래건설,김철호,전남광주,광주동2011-23-01,2105,645,909,505,46,430,4
기계설비,기계설비·가스공사업,2163,미래공조(주),어경태,서울,서초-08-10-09,9316,2833,5649,631,202,4178,5
기계설비,기계설비·가스공사업,2164,(주)미래공조,정왕섭,인천,부천-2005-12-6,4801,2952,592,962,295,5071,7
기계설비,기계설비·가스공사업,2165,(주)미래공조시스템,방동욱,부산,부산남구2020-10-02,809,2,554,252,0,0,2
기계설비,기계설비·가스공사업,2166,미래공조플랜트(주),김형복,충남,충남천안-2020-10-06,3045,2299,15,631,98,2267,5
기계설비,기계설비·가스공사업,2167,(주)미래기계공업,정태복,경기,화성19-10-51,4104,546,3281,252,23,1168,2
기계설비,기계설비·가스공사업,2168,미래기계기술(주),김성태,전남광주,여수2016-10-10,25388,10955,13309,654,469,20151,5
기계설비,기계설비·가스공사업,2169,미래기술(주),임동섭,경북,대구달서구16-23-2,2120,467,1216,416,20,715,3
기계설비,기계설비·가스공사업,2170,(주)미래기술,류인기,울산,울산남구2000-12-7,1187,523,320,290,52,0,2
기계설비,기계설비·가스공사업,2171,미래기전(주),함준철,경기,구로-06-12-1,950,457,207,252,32,116,2
기계설비,기계설비·가스공사업,2172,(주)미래비엠,"정정운, 박형열",경기,중구-11-10-03,4646,2169,1557,763,155,3953,6
기계설비,기계설비·가스공사업,2173,미래설비,김정오,전남광주,목포2024-파-01,2750,388,2109,252,0,349,2
기계설비,기계설비·가스공사업,2174,미래수문(주),"서영숙, 박종섭",경기,화성25-파-43호,1458,53,900,505,0,76,4
기계설비,기계설비·가스공사업,2175,(주)미래시스템,"윤상만, 정덕춘",충북,충북청주제08-10-10,1864,753,670,386,53,1075,3
기계설비,기계설비·가스공사업,2176,미래시스템(주),정영란,전북,전북익산2021-10-02,1215,44,900,271,0,138,2
기계설비,기계설비·가스공사업,2177,(유)미래시스템공조,김병남,전북,전북전주2014-10-2,1222,63,900,254,4,179,2
기계설비,기계설비·가스공사업,2178,미래앤테크(주),윤호경,서울,의왕-2006-12-8,19823,2742,16455,429,195,3773,3
기계설비,기계설비·가스공사업,2179,(주)미래에너지,윤영욱,경기,안산2010-10-001,2207,1252,224,640,89,2279,5
기계설비,기계설비·가스공사업,2180,(주)미래에스코,구본관,대전,대전서구-03-12-3,9391,3383,4728,941,338,6189,6
기계설비,기계설비·가스공사업,2181,(주)미래엔지니어링,진동현,강원,원주제27-1-12호,3028,691,1743,524,69,1121,4
기계설비,기계설비·가스공사업,2182,미래와환경이엔지(주),정의택,경기,성남-2006-12-2,2720,1085,1147,378,108,372,3
기계설비,기계설비·가스공사업,2183,(주)미래이앤씨,박찬규,전남광주,광주북2008-10-03,2454,1415,665,272,101,2371,2
기계설비,기계설비·가스공사업,2184,(주)미래이앤씨,박윤석,울산,울산99-12-06,2715,983,911,722,98,1306,5
기계설비,기계설비·가스공사업,2185,(주)미래이앤에스,이기광,경기,구리-2001-27-1-01,4615,1953,1573,891,196,4708,7
기계설비,기계설비·가스공사업,2186,(주)미래이앤지,문송기,대구,대구달서구2026-파-02,373,0,120,252,0,0,2
기계설비,기계설비·가스공사업,2187,미래이앤지(주),박경길,전북,전북전주2023-파-7호,1240,85,900,254,0,260,2
기계설비,기계설비·가스공사업,2188,(주)미래이엔엠,김동영,서울,강원2001-12-16,716,100,226,378,10,32,3
기계설비,기계설비·가스공사업,2189,(주)미래이엔지,박종학,경기,의정부2023-파-1,2887,504,2129,252,0,568,2
기계설비,기계설비·가스공사업,2190,미래이엔지(유),김복실,전남광주,담양2019-10-02,510,113,171,220,4,167,2
기계설비,기계설비·가스공사업,2191,(주)미래이엔지,이후신,제주,제주2002-12-2,3295,636,2324,271,63,460,2
기계설비,기계설비·가스공사업,2192,미래전기(주),김성국,부산,김해 2013-10-03,2390,1894,44,315,135,79,2
기계설비,기계설비·가스공사업,2193,미래정보산업(주),김일수,대전,대전서구-07-12-6,1619,175,1052,378,12,50,3
기계설비,기계설비·가스공사업,2194,미래정보시스템(주),조철운,부산,부산동래2024-파-01호,8224,2167,5425,631,0,4356,5
기계설비,기계설비·가스공사업,2195,(주)미래지앤씨,양동훈,부산,부산해운대제2008-10-03,16609,10010,3554,2327,717,17194,11
기계설비,기계설비·가스공사업,2196,(주)미래테크닉스,김재민,부산,부산수영-23-파-1,1726,243,1222,259,0,619,2
기계설비,기계설비·가스공사업,2197,(주)미래테크솔루션,김은영,인천,인천서구2020-10-04,1115,362,231,505,15,435,4
기계설비,기계설비·가스공사업,2198,미래텍,석종학,울산,울산남구2024파--06,27,16,2,9,0,28,2
기계설비,기계설비·가스공사업,2199,(주)미래토건,정승룡,강원,성북-04-27-1-63,2410,464,1259,639,46,745,5
기계설비,기계설비·가스공사업,2200,미래환경(주),김일,경남,함안2021-10-01,1205,413,539,252,0,278,2
기계설비,기계설비·가스공사업,2201,(합)미르,김진열,강원,화천2008-10-1,1523,348,752,397,24,346,3
기계설비,기계설비·가스공사업,2202,(주)미르건설,추연길,강원,태백2012-10-03,1538,138,361,1029,9,91,8
기계설비,기계설비·가스공사업,2203,(주)미르메이트,양기봉,제주,제주제주2025-13-03,1081,410,418,252,0,586,2
기계설비,기계설비·가스공사업,2204,(주)미르엔지니어링,변해옥,대전,대전유성-2007-12-1,2297,360,1529,381,25,637,3
기계설비,기계설비·가스공사업,2205,(주)미르이엔지,손귀석,전남광주,광주광산-24-파-04,847,211,363,272,0,441,2
기계설비,기계설비·가스공사업,2206,미르이엔지(주),이서호,경남,밀양25-파-01,560,44,264,252,0,63,2
기계설비,기계설비·가스공사업,2207,미르지엔아이(주),박충현,충남,충남천안-2018-10-04,3667,1891,1170,524,81,3433,4
기계설비,기계설비·가스공사업,2208,(주)미르텍,정극모,대전,부천-23-파-02,899,278,366,253,0,420,2
기계설비,기계설비·가스공사업,2209,(주)미림에너텍,김유신,인천,인천서구2015-10-07,3957,518,2827,575,37,1471,4
기계설비,기계설비·가스공사업,2210,(주)미성,정재동,전남광주,여수-22-파-05,2507,1723,404,378,0,1791,3
기계설비,기계설비·가스공사업,2211,(주)미성가스이엔지,소성렬,경기,시흥08-27(01)-1,24195,10599,9829,3000,766,13405,21
기계설비,기계설비·가스공사업,2212,미작산업(주),배태석,서울,94-서울-12-124,774,275,29,441,27,398,3
기계설비,기계설비·가스공사업,2213,미주건업(주),고광석,대구,대구 남구2008-12-06,5463,3020,1828,397,215,3418,3
기계설비,기계설비·가스공사업,2214,미주설비(주),김현천,인천,서울-82-12-261,37661,18705,12411,4652,1891,27903,18
기계설비,기계설비·가스공사업,2215,(주)미주시스템,유언열,경남,창원의창2020-10-04,714,213,197,295,9,467,2
기계설비,기계설비·가스공사업,2216,(주)미코파워,하태형,경기,안성2023-파-0002,0,0,0,0,0,0,0
기계설비,기계설비·가스공사업,2217,미테크건설(주),김영태,경남,김해2016-23-02,2426,1306,647,378,93,2178,3
기계설비,기계설비·가스공사업,2218,(주)미호이엔씨,오치재,경기,부천-2005-12-4,17413,10497,5488,378,1049,14737,3
기계설비,기계설비·가스공사업,2219,(주)미환테크,윤영임,강원,경남98-12-18,1347,154,925,252,15,229,2
기계설비,기계설비·가스공사업,2220,민봉종합건설(주),박춘명,경기,서울12-281,2436,412,1724,258,41,599,2
기계설비,기계설비·가스공사업,2221,(주)민성,"권택장, 권택원",울산,울산울주2025-파-15,4446,0,900,3546,0,0,2
기계설비,기계설비·가스공사업,2222,민성기업(주),박정원,전남광주,전남97-21-14,1037,583,143,252,58,226,2
기계설비,기계설비·가스공사업,2223,민성엔지니어링(주),박양태,경기,화성15-10-0005,2119,1001,352,694,71,1223,5
기계설비,기계설비·가스공사업,2224,(주)민알앤이,김기범,대구,대구수성-25-파-02호,569,0,190,378,0,0,3
기계설비,기계설비·가스공사업,2225,(주)민영에너지,김민제,경남,대구달서구15-23-3,3158,843,1621,633,60,1208,5
기계설비,기계설비·가스공사업,2226,(주)민컴퍼니,이성환,울산,울산울주2024-파-12,14589,9966,3663,959,0,20217,5
기계설비,기계설비·가스공사업,2227,(유)믿음공조시스템,"정신조, 김소영",전북,전북전주2022-파-4호,1097,642,202,252,0,422,2
기계설비,기계설비·가스공사업,2228,(주)믿음이엔지,"유영희, 이찬재",강원,강원고성2019-10-01호,974,387,317,252,16,212,2
기계설비,기계설비·가스공사업,2229,바다정수산업(주),김자순,전북,전북진안 2020-10-01,5575,1441,3653,418,62,2389,3
기계설비,기계설비·가스공사업,2230,(주)바라이엔지,최봉호,경기,마포-00-12-7,14802,9338,4026,498,939,18243,3
기계설비,기계설비·가스공사업,2231,(주)바로바로산업개발,장현숙,울산,울산울주2022-파-90,1026,0,900,126,0,0,1
기계설비,기계설비·가스공사업,2232,바로에어시스템(주),남보라,대전,대전서구-21-10-4,202,66,54,82,0,191,2
기계설비,기계설비·가스공사업,2233,(주)바로이엔씨,곽병열,충북,세종시-2017-10-04,2137,747,1066,291,32,1215,2
기계설비,기계설비·가스공사업,2234,(주)바른기업,이향숙,전남광주,부산동구2022-파-01,687,196,238,252,0,99,2
기계설비,기계설비·가스공사업,2235,(주)바른엔지니어링,김경원,충남,충남태안-2018-10-03,838,89,491,252,3,170,2
기계설비,기계설비·가스공사업,2236,(주)바른이엔지,이상보,전남광주,광주광산2019-10-07,1308,475,492,320,20,191,2
기계설비,기계설비·가스공사업,2237,(주)바른이엔지,이준기,경기,화성24-파-29,671,99,173,397,0,178,3
기계설비,기계설비·가스공사업,2238,바른이엔지,김대현,경북,경북안동2021-10-01,1462,189,626,646,0,540,13
기계설비,기계설비·가스공사업,2239,(주)바른정보통신,최형종,대구,대구수성2021-10-03호,1162,651,131,378,0,819,3
기계설비,기계설비·가스공사업,2240,(주)바름건설,이태훈,경기,은평-22-파-1호,3672,2280,1129,263,0,4010,2
기계설비,기계설비·가스공사업,2241,바스코리아(주),백강철,서울,금천-01-12-7,4642,1957,1858,630,195,3336,4
기계설비,기계설비·가스공사업,2242,바심설비공사(주),정재영,서울,영등포16-10-06,3600,1420,1740,378,60,1892,3
기계설비,기계설비·가스공사업,2243,(주)바오름엔지니어링,김효상,경기,구리-2004-12-1,4612,1752,2367,317,175,1518,2
기계설비,기계설비·가스공사업,2244,(주)바우만테크,정종원,전남광주,전남장성2018-10-03,0,0,0,0,0,0,4
기계설비,기계설비·가스공사업,2245,(주)바우텍,박재석,전남광주,광주광산2015-10-05,962,217,205,524,15,251,4
기계설비,기계설비·가스공사업,2246,(주)바이오데이즈,김영재,경기,구로-02-12-2,0,0,0,0,0,0,2
기계설비,기계설비·가스공사업,2247,(주)바이오덱,"김진우, 홍찬형",경기,수원-23-파-01,241,158,2,79,0,55,2
기계설비,기계설비·가스공사업,2248,(주)바이오워터,서동국,경기,양주23-파-02,1657,0,900,757,0,0,6
기계설비,기계설비·가스공사업,2249,(주)바이오톡스텍,강종구,충북,충북청주24-파-15,434,57,124,252,0,115,2
기계설비,기계설비·가스공사업,2250,(주)바이오프랜즈,조원준,대전,대전유성 2025-파-4호,300,0,0,300,0,0,3
기계설비,기계설비·가스공사업,2251,바텍이앤지(주),윤흥근,인천,인천계양 2008-23-01,2446,846,1161,378,60,1344,3
기계설비,기계설비·가스공사업,2252,바틱아우딘(주),손순모,경기,안양-2003-12-12,16045,7169,7616,543,716,4794,4
기계설비,기계설비·가스공사업,2253,(주)반다이앤에스,이형진,경북,경북칠곡2012-10-03,3132,1740,471,797,124,1729,6
기계설비,기계설비·가스공사업,2254,반도신흥기업(주),"김도훈, 김종한",울산,울산남구2024-파-09,894,544,78,272,0,777,3
기계설비,기계설비·가스공사업,2255,반도엔지니어링(주),김제남,충남,충남천안-08-10-12,9793,9661,-967,404,692,9168,3
기계설비,기계설비·가스공사업,2256,반도이앤씨(주),조상현,충남,충남서산-2016-10-41,1751,458,894,378,19,675,3
기계설비,기계설비·가스공사업,2257,반도이앤씨(주),정기,전남광주,여수2021-10-04,592,82,258,252,0,125,2
기계설비,기계설비·가스공사업,2258,(주)반도이엔지,이상운,인천,인천연수구-23-파-2,642,175,118,333,15,316,3
기계설비,기계설비·가스공사업,2259,(주)반도호이스트,임인오,전남광주,순천2022-파-02,366,55,57,252,0,144,2
기계설비,기계설비·가스공사업,2260,(주)반디가연,박희정,전북,전북무주2020-10-01,428,60,112,252,2,100,2
기계설비,기계설비·가스공사업,2261,(주)반석,박반석,강원,전남-12-89,2160,262,1577,292,26,407,2
기계설비,기계설비·가스공사업,2262,반석건설(주),윤현숙,대전,대전대덕-22-13-01,1120,108,559,443,9,229,3
기계설비,기계설비·가스공사업,2263,(주)반석기건,임윤철,인천,인천98-12-13,867,121,419,314,12,26,2
기계설비,기계설비·가스공사업,2264,(주)반석엔지니어링,이은주,대전,대전-99-12-8,2742,905,640,1105,90,862,8
기계설비,기계설비·가스공사업,2265,(주)반석엔지니어링,이효근,경기,파주18-10-10,2521,979,1058,441,41,2040,3
기계설비,기계설비·가스공사업,2266,(유)반야건축,손덕희,전북,전북전주2002-12-6,2372,659,1391,255,66,822,2
기계설비,기계설비·가스공사업,2267,발산공업,강옥자,전북,전북군산2012-10-01,0,0,0,0,0,0,3
기계설비,기계설비·가스공사업,2268,(주)배산건설,김정자,경남,하동 2016-10-01,2803,214,1287,1292,9,431,9
기계설비,기계설비·가스공사업,2269,(주)배성이엔씨,백랑현,울산,울산남구2008-10-07,8812,3658,4639,252,261,4916,2
기계설비,기계설비·가스공사업,2270,(주)백건이앤씨,채준석,경기,용인2012-23-1,2819,316,1848,631,22,438,5
기계설비,기계설비·가스공사업,2271,(주)백광아이에스티,최태호,전북,전북군산2001-27-06,789,123,401,252,12,62,2
기계설비,기계설비·가스공사업,2272,백광이엔지(주),백영권,경기,시흥10-10-37,6437,2275,2102,1896,163,3203,14
기계설비,기계설비·가스공사업,2273,(주)백두건설,최현,전북,전북전주2024-파-6호,3531,682,2470,378,0,1091,3
기계설비,기계설비·가스공사업,2274,백두건설(주),김금자,경기,경북98-12-08,748,200,273,255,20,129,2
기계설비,기계설비·가스공사업,2275,(주)백두공조,백승엽,경기,성남17-10-3,2842,2020,444,290,86,4220,2
기계설비,기계설비·가스공사업,2276,(주)백두산건설,유기봉,강원,노원04-12-1,1276,241,752,258,24,0,2
기계설비,기계설비·가스공사업,2277,(주)백두에이디,유진열,경남,김해 2013-10-08,3041,906,1691,378,64,1634,3
기계설비,기계설비·가스공사업,2278,(주)백두엔지니어링,정준섭,서울,도봉-26-파-01,286,0,160,126,0,0,1
기계설비,기계설비·가스공사업,2279,(주)백만,"이송우, 장만상",충북,충북청주제98-27-2-5,4081,2196,622,1041,220,5869,8
기계설비,기계설비·가스공사업,2280,(주)백산건설,정지영,충남,충남예산-2019-10-02,2099,123,900,1070,5,302,8
기계설비,기계설비·가스공사업,2281,(주)백산이엔씨,"김주환, 김호관",대구,대구12-153,97262,43109,41673,8094,4384,73242,37
기계설비,기계설비·가스공사업,2282,백산이엔씨(주),신권항,울산,울산남구2007-12-10,18306,8328,7450,1933,594,19295,13
기계설비,기계설비·가스공사업,2283,(주)백산이엔지,"정희동, 이윤영",경기,화성13-10-8,24894,7380,15870,1115,527,10484,5
기계설비,기계설비·가스공사업,2284,(주)백산이엔지,안병택,경북,경북구미2020-10-3,5438,2635,2057,632,112,2831,5
기계설비,기계설비·가스공사업,2285,백산테크(주),고일석,경북,경북경주2008-10-02,17280,3709,12636,669,264,6533,5
기계설비,기계설비·가스공사업,2286,백석기업(주),사공정애,대구,대구남구2013-10-04,2542,616,1629,252,44,895,2
기계설비,기계설비·가스공사업,2287,백석이엔지(주),이희상,경기,세종시-2014-10-07,4543,2544,928,888,181,3827,6
기계설비,기계설비·가스공사업,2288,백석종합건설(주),윤숙영,전북,광명-99-12-1,1415,180,400,816,18,294,6
기계설비,기계설비·가스공사업,2289,(주)백송엔지니어링,곽철환,대구,대구남구2009-10-03,3296,631,1927,692,45,318,5
기계설비,기계설비·가스공사업,2290,(주)백승엔지니어링,신진호,경기,김포-18-10-01,2381,1021,805,510,44,2419,4
기계설비,기계설비·가스공사업,2291,백양메카텍(주),김동휘,울산,금천04-12-5,18212,9904,5828,1482,996,10770,11
기계설비,기계설비·가스공사업,2292,(주)백양이앤씨,박지만,전남광주,무안제16-10-01,1173,20,900,252,0,47,2
기계설비,기계설비·가스공사업,2293,백옥건설(주),"허태일, 허태규",서울,구로-99-27-1-3,3521,1113,1790,505,111,1432,4
기계설비,기계설비·가스공사업,2294,(주)백옥건업,백순옥,대구,대구동구-25-파-01호,1723,1070,117,535,0,1529,4
기계설비,기계설비·가스공사업,2295,(주)백운,이재식,경기,시흥12-10-20,18480,10472,6881,378,748,13137,3
기계설비,기계설비·가스공사업,2296,백운이엔지(주),황운길,경기,포천-2001-12-2,3285,1239,1416,505,124,871,4
기계설비,기계설비·가스공사업,2297,백운종합건설(주),이성국,경남,거창2024-파-01,1010,145,597,267,0,55,2
기계설비,기계설비·가스공사업,2298,(주)백웅,최선민,경기,95-서울-12-31,18909,9553,6274,1294,1787,5045,9
기계설비,기계설비·가스공사업,2299,(주)백익엔지니어링,장종익,경북,경북포항2020-10-08,1387,386,728,256,16,716,2
기계설비,기계설비·가스공사업,2300,(주)백진공사,이유현,충북,충북청주 25-파-21,649,0,185,463,0,0,5
기계설비,기계설비·가스공사업,2301,(주)백천이앤시,김근식,전남광주,경남94-12-23,4212,1027,2261,820,102,829,6
기계설비,기계설비·가스공사업,2302,(주)백한엔지니어링,문명만,서울,성북-01-12-1,1,1,0,0,0,0,1
기계설비,기계설비·가스공사업,2303,버티브코리아(주),이태순,서울,강남-22-파-01,1660,447,707,505,0,1599,4
기계설비,기계설비·가스공사업,2304,(주)번개공조,김윤환,경기,성남10-10-8,1172,18,900,252,1,0,2
기계설비,기계설비·가스공사업,2305,(주)번영,이병일,울산,경남-94-12-25,17197,10736,3312,2070,1076,13958,11
기계설비,기계설비·가스공사업,2306,(주)범강기연,김영기,서울,92-서울-12-327,17728,9927,5157,1648,995,14947,11
기계설비,기계설비·가스공사업,2307,범기건설(주),서기현,충남,충남아산-2017-10-02,2338,713,1215,378,30,692,3
기계설비,기계설비·가스공사업,2308,(주)범기플랜트,김명수,울산,경남-92-12-28,2596,1525,502,416,152,1730,3
기계설비,기계설비·가스공사업,2309,(주)범서이엔지,육해수,대구,대구북구2011-12-2,1653,207,1044,386,14,361,3
기계설비,기계설비·가스공사업,2310,범승기업(주),"김경이, 전병기",경기,92-서울-12-28,928,115,423,378,11,297,3
기계설비,기계설비·가스공사업,2311,(주)범양건설,이미재,전북,전북정읍2000-12-01,1809,214,1288,285,21,564,2
기계설비,기계설비·가스공사업,2312,범양경기공조,"최승삼, 김일용",경기,오산2015-10-1,1952,1079,417,378,77,1384,3
기계설비,기계설비·가스공사업,2313,범양공조산업(주),장종기,서울,대구12-162,18138,6206,10813,498,620,7478,3
기계설비,기계설비·가스공사업,2314,범양글로벌(주),이용권,경기,안양-21-10-05,964,593,11,359,0,79,3
기계설비,기계설비·가스공사업,2315,범양냉난방,강덕진,대구,대구달서구2024-파-01호,529,147,175,206,0,299,2
기계설비,기계설비·가스공사업,2316,(주)범양냉열,정해경,전남광주,여수2008-10-08,5939,1178,4423,252,84,1610,2
기계설비,기계설비·가스공사업,2317,범양냉열시스템(주),윤석진,울산,울산울주2024-파-16,1127,342,532,252,0,572,2
기계설비,기계설비·가스공사업,2318,(주)범양에이알,여봉준,서울,송파-09-10-03,1991,809,745,378,57,1123,3
기계설비,기계설비·가스공사업,2319,(주)범양이엔씨,이병길,경기,안양-13-10-1,9194,5269,2836,711,376,3858,5
기계설비,기계설비·가스공사업,2320,(주)범양이엔씨,장재일,경남,창원 2010-10-05,3894,791,2537,508,56,1199,4
기계설비,기계설비·가스공사업,2321,(주)범양이엔텍,신관호,충북,충북청주22-파-9,2344,752,1320,271,0,1117,2
기계설비,기계설비·가스공사업,2322,(주)범양플랜트,조태업,인천,인천남구-2001-12-8,5294,2128,1751,1201,212,3281,9
기계설비,기계설비·가스공사업,2323,(유)범영기업,고영주,전북,전북정읍2016-10-1,1048,626,128,266,26,342,2
기계설비,기계설비·가스공사업,2324,(주)범영자재,김금옥,경북,경북구미2007-12-2,1410,355,775,253,25,342,2
기계설비,기계설비·가스공사업,2325,범우산업(주),박종식,강원,삼척2013-12-01호,5711,715,4294,650,51,1517,5
기계설비,기계설비·가스공사업,2326,(주)범일엔지니어링,전기용,충남,수원-99-12-7,2480,1183,616,562,118,565,4
기계설비,기계설비·가스공사업,2327,(주)범진이엔지,"마창심, 박주안",전남광주,광주광산2015-10-01,17397,8769,6262,1731,633,10828,11
기계설비,기계설비·가스공사업,2328,범텍주식회사,김묘숙,경북,경북상주2022-파-01,3959,2322,1256,380,0,3709,3
기계설비,기계설비·가스공사업,2329,범한메카텍(주),김성수,경남,창원성산2025-파-09,6570,0,900,5670,0,0,44
기계설비,기계설비·가스공사업,2330,베솜(주),하천용,경기,성남-07-12-4,25870,6523,17554,1326,465,6357,7
기계설비,기계설비·가스공사업,2331,베스에어시스템(주),문쌍호,부산,부산수영2020-10-02,2466,406,1790,252,17,874,2
기계설비,기계설비·가스공사업,2332,(주)베스코,박형근,전남광주,전남97-12-10,20833,8935,9341,1662,893,6720,12
기계설비,기계설비·가스공사업,2333,(주)베스타이엔씨,이우각,대전,충남부여-2012-10-01,2756,1188,833,649,84,1034,4
기계설비,기계설비·가스공사업,2334,(주)베스텍이앤씨,이정국,경기,성남08-10-1,3099,595,2167,293,42,1444,2
기계설비,기계설비·가스공사업,2335,베스트(주),남상미,대전,세종시-2018-10-03,7099,1561,5007,463,66,2033,3
기계설비,기계설비·가스공사업,2336,베스트건설(주),김영자,강원,인제2020-10-01호,768,146,363,252,6,184,2
기계설비,기계설비·가스공사업,2337,(주)베스트공조,김대호,강원,강릉08-10-26,3061,858,1762,379,61,1173,3
기계설비,기계설비·가스공사업,2338,(주)베스트산업,김혜경,전북,동대문-08-10-6,1308,545,469,254,38,664,2
기계설비,기계설비·가스공사업,2339,(주)베스트이엔씨,김동구,대구,대구달서구2019-10-02,1441,353,521,551,15,404,5
기계설비,기계설비·가스공사업,2340,베올리아산업개발코리아(주),프노에르베로랜드,서울,강남-01-12-5,14,3,0,11,0,0,3
기계설비,기계설비·가스공사업,2341,(주)베타,서원기,충북,대전동구2025-파21-10호,1152,0,900,252,0,0,2
기계설비,기계설비·가스공사업,2342,(주)베터라이프,이재성,경기,수원2020-10-04,351,71,50,225,3,156,2
기계설비,기계설비·가스공사업,2343,(주)베텍,최영준,대전,대전유성-2021-10-7,0,0,0,0,0,0,2
기계설비,기계설비·가스공사업,2344,(주)벤티웰,"이시행, 송정희",강원,부산강서2022-파-06,2203,1381,569,252,0,1984,2
기계설비,기계설비·가스공사업,2345,벧엘기업(주),"백남국, 임옥란",울산,울산남구2004-12-07,5815,3013,2247,252,301,3207,2
기계설비,기계설비·가스공사업,2346,(주)벨이앤씨,"박문례, 이수한",경기,경기-95-12-41,10093,9091,-910,1001,909,20345,3
기계설비,기계설비·가스공사업,2347,(주)벨테크이노베이션,오정혁,서울,평택18-10-0012,2615,1291,1016,252,55,3259,2
기계설비,기계설비·가스공사업,2348,벽광건설(주),박미자,부산,부산동래2010-10-03,4295,375,2250,1643,26,638,12
기계설비,기계설비·가스공사업,2349,벽산엔지니어링(주),김도영,경기,서울-12-64,177,0,0,177,0,0,94
기계설비,기계설비·가스공사업,2350,(주)벽우,한기흥,충남,충남당진-2019-10-03,1655,222,1045,378,9,564,3
기계설비,기계설비·가스공사업,2351,별내주식회사,김명수,서울,노원08-12-01,2236,33,900,1300,2,37,9
기계설비,기계설비·가스공사업,2352,(주)보경,"이정철, 이정길",전남광주,광양2020-10-05,5139,2907,1476,631,124,6583,5
기계설비,기계설비·가스공사업,2353,(주)보경이엔지,최재봉,경기,고흥-2002-12-1,4061,2151,1412,282,215,2803,2
기계설비,기계설비·가스공사업,2354,(주)보경테크,차명정,전남광주,광주광산2017-10-04,2081,672,1115,264,28,1253,2
기계설비,기계설비·가스공사업,2355,(주)보경테크,정희영,경남,김해23-파-06,1669,433,819,416,0,1418,3
기계설비,기계설비·가스공사업,2356,보고건설(주),이순재,서울,80-01025,2115,1129,221,650,113,2385,5
기계설비,기계설비·가스공사업,2357,(주)보광,윤영갑,부산,부산강서2005-12-03,1962,4,900,1057,0,0,8
기계설비,기계설비·가스공사업,2358,(주)보광,홍문표,강원,삼척2009-10-01,983,281,284,397,20,178,3
기계설비,기계설비·가스공사업,2359,(유)보광건설,이한정,전북,전북장수2011-10-01,2402,334,1650,392,23,584,3
기계설비,기계설비·가스공사업,2360,(주)보광에너지,오명환,경남,부산진2014-10-02,2304,764,1169,315,54,1404,2
기계설비,기계설비·가스공사업,2361,(주)보광이엔씨,"하정수, 김교준",경북,경북포항2000-12-5,42549,12248,27934,1141,1224,11364,9
기계설비,기계설비·가스공사업,2362,(주)보광코퍼레이션,박준규,충북,충북청주제09-10-2,3791,829,2397,505,59,1270,4
기계설비,기계설비·가스공사업,2363,(주)보광티에스,박보선,경기,안산2019-10-01,2038,483,1260,272,20,594,2
기계설비,기계설비·가스공사업,2364,(유)보광플랜트,김진협,경남,경남-95-12-8,3348,415,2494,396,41,352,3
기계설비,기계설비·가스공사업,2365,(주)보국엔지니어링,김영길,부산,부산진2017-10-01,4619,1223,2470,873,52,974,6
기계설비,기계설비·가스공사업,2366,보근이엔지(주),강경원,경기,시흥-24-파-9,755,275,208,271,0,224,2
기계설비,기계설비·가스공사업,2367,보람(주),백진복,울산,기장2013-10-04,10382,3375,6097,669,241,3744,5
기계설비,기계설비·가스공사업,2368,(주)보람엔지니어링,서영덕,서울,마포-98-12-6,3153,1148,874,1016,114,452,7
기계설비,기계설비·가스공사업,2369,보령기전주식회사,최명순,강원,양구2016-10-01호,4091,508,3052,508,21,911,4
기계설비,기계설비·가스공사업,2370,보령에어컨,명노근,충남,충남보령-2009-10-01,1876,501,960,378,35,845,3
기계설비,기계설비·가스공사업,2371,(유)보메설비,정순임,경기,전북군산2009-10-07,1020,291,442,265,20,978,2
기계설비,기계설비·가스공사업,2372,보명ENG,안정호,경북,영천2013-23-01,2727,494,1819,378,35,899,3
기계설비,기계설비·가스공사업,2373,보명기업(주),장은율,대구,대구-97-12-189,2878,707,1806,293,70,616,2
기계설비,기계설비·가스공사업,2374,보명에너지(주),김윤섭,경북,영천2017-23-01,382,150,85,139,6,172,3
기계설비,기계설비·가스공사업,2375,(주)보문공조,권오상,경기,금천-02-12-1,7382,3346,2954,747,334,5580,5
기계설비,기계설비·가스공사업,2376,(주)보문엔지니어링,최성균,경기,수원-2000-27-10,2616,1236,624,631,123,1543,5
기계설비,기계설비·가스공사업,2377,(주)보미건설,"김종배, 김학현",서울,성북-14-10-01,6213,0,900,5313,0,0,10
기계설비,기계설비·가스공사업,2378,보민에너지(주),신재성,경남,거창 2014-23-01,2460,526,1138,757,37,726,6
기계설비,기계설비·가스공사업,2379,(주)보배엔지니어링,"정지정, 문효태",대전,대전서구-16-10-2,1656,117,900,634,5,418,4
기계설비,기계설비·가스공사업,2380,(주)보배이에스씨,정희철,강원,속초2018-10-02호,358,184,73,92,7,181,2
기계설비,기계설비·가스공사업,2381,보산건설(주),최채경,경남,창원2001-12-07,3872,500,3005,315,50,395,2
기계설비,기계설비·가스공사업,2382,(주)보선,송보슬,전남광주,무안14-10-01,1330,0,900,430,0,0,3
기계설비,기계설비·가스공사업,2383,보성건설(주),유혜영,충남,세종시-2015-10-03,1907,231,1389,270,16,477,2
기계설비,기계설비·가스공사업,2384,(주)보성산업,강운봉,경남,거창 2013-23-01,3218,2234,317,505,160,2736,4
기계설비,기계설비·가스공사업,2385,(주)보성설비,강혁,대구,대구12-36,19644,11139,4454,2930,1120,13390,18
기계설비,기계설비·가스공사업,2386,보성엔지니어링,김상환,대구,대구북구2009-12-3,3721,1809,1510,271,129,2681,2
기계설비,기계설비·가스공사업,2387,(주)보성엔지니어링,오춘환,인천,인천남구2009-12-1,2745,502,1682,524,35,578,4
기계설비,기계설비·가스공사업,2388,(주)보성엔지니어링,권오창,경기,안양-2004-12-5,11408,7249,1980,1449,729,8210,10
기계설비,기계설비·가스공사업,2389,(주)보성엠이씨,구본호,전북,구로-99-27-1-5,2096,630,771,631,63,1290,5
기계설비,기계설비·가스공사업,2390,보성이앤지(주),최광식,경북,경북구미2006-12-01,1048,463,299,252,33,56,2
기계설비,기계설비·가스공사업,2391,(주)보성이엔씨,이성규,경기,안양-2003-12-7,1255,370,469,378,37,574,3
기계설비,기계설비·가스공사업,2392,보성이엔씨(주),하민정,경남,사천26-파-01,372,0,120,252,0,0,2
기계설비,기계설비·가스공사업,2393,(주)보성이엔지,장대근,경기,안양-2006-12-1,12328,3021,8574,516,216,1866,4
기계설비,기계설비·가스공사업,2394,보성테크(주),이용술,경기,경기북부-98-12-3,61962,22688,32200,4798,2275,28231,27
기계설비,기계설비·가스공사업,2395,(주)보성티엔씨,박종태,서울,서초-03-12-11,11362,4064,5409,1481,406,3994,10
기계설비,기계설비·가스공사업,2396,보스펙(주),"홍인기, 조선회",경남,김해2017-10-09,9716,2410,6563,638,103,4964,4
기계설비,기계설비·가스공사업,2397,(주)보안,박용경,전남광주,강원 99-12-11,1121,523,292,252,52,483,2
기계설비,기계설비·가스공사업,2398,(주)보은정공,권경희,인천,인천서구2009-10-01,2215,1224,461,441,87,2174,3
기계설비,기계설비·가스공사업,2399,보창ENG,김종팔,대구,대구북구2021-10-1호,1030,197,579,252,0,439,2
기계설비,기계설비·가스공사업,2400,보천건설(주),오창도,경남,거제 2014-10-01,1358,369,689,273,26,525,2
기계설비,기계설비·가스공사업,2401,보타리에너지(주),김홍삼,제주,제주제주2025-13-08,1165,0,900,265,0,0,2
기계설비,기계설비·가스공사업,2402,(유)보현엔지니어링,유재만,전북,전북 남원 2010-12-02,1074,251,552,252,17,186,2
기계설비,기계설비·가스공사업,2403,(주)보현플랜트,김대현,전남광주,여수2012-10-08,5954,3204,1742,778,228,5365,6
기계설비,기계설비·가스공사업,2404,본이엔지(주),정용채,전남광주,순천2009-10-4,4667,1226,2777,575,87,1686,4
기계설비,기계설비·가스공사업,2405,(주)본테크,이정희,충북,충북청주21-10-6,2047,825,930,290,0,1684,2
기계설비,기계설비·가스공사업,2406,봄날앤(주),김치원,경기,안산-25-파-03,593,119,221,252,0,171,2
기계설비,기계설비·가스공사업,2407,(주)봉림이엔지,정윤호,경남,김해23-파-07,890,325,283,253,27,272,2
기계설비,기계설비·가스공사업,2408,봉민엔지니어링(주),반재국,서울,강동-96-27-2-8,1860,479,697,635,48,636,5
기계설비,기계설비·가스공사업,2409,봉선프랜트(주),오세준,대구,대전동구-04-12-2,8480,2861,4953,378,286,2843,3
기계설비,기계설비·가스공사업,2410,(주)봉영종합건설,신미하,충북,충북-12-34,855,166,362,309,16,56,2
기계설비,기계설비·가스공사업,2411,부강설비기공(주),강선옥,서울,동작-03-12-2,1421,265,750,378,26,323,3
기계설비,기계설비·가스공사업,2412,(주)부강스틸,전시현,강원,횡성2020-10-01호,2841,776,1557,473,33,146,3
기계설비,기계설비·가스공사업,2413,(주)부강에프앤지,윤형희,서울,중랑09-10-001,2488,1278,739,378,91,930,3
기계설비,기계설비·가스공사업,2414,부강엠엔이,윤인숙,경남,창원 2002-12-09,814,139,409,252,13,319,2
기계설비,기계설비·가스공사업,2415,부강이엔지(주),서덕진,충북,충북청주24-파-17,2179,1225,697,256,0,2310,2
기계설비,기계설비·가스공사업,2416,(주)부건산업,오상철,경북,경북94-12-88,1366,186,636,524,18,0,4
기계설비,기계설비·가스공사업,2417,(주)부경공조산업,김영주,울산,부산사하2015-10-01,1463,1127,2,252,80,1467,2
기계설비,기계설비·가스공사업,2418,(주)부경솔루션,이광용,경남,김해-24-파-06,800,133,414,252,0,253,2
기계설비,기계설비·가스공사업,2419,부경엔지니어링(주),"백경희, 구종회",충남,전북전주 99-12-4,44335,9142,19512,14737,943,11515,103
기계설비,기계설비·가스공사업,2420,(주)부경이엔지,강해수,경기,광주17-10-01,7856,3630,2901,1167,156,6648,7
기계설비,기계설비·가스공사업,2421,부경테크(주),서기찬,경남,창원 2004-12-03,4136,687,3070,309,68,1048,2
기계설비,기계설비·가스공사업,2422,(주)부경프랜트,이찬우,대전,대전유성-2001-12-5,1166,12,900,252,1,26,2
기계설비,기계설비·가스공사업,2423,부광건설(주),김태균,충남,충남아산-2022-13-03,1579,435,764,378,0,576,3
기계설비,기계설비·가스공사업,2424,(주)부광기업,정병용,전남광주,광주북99-12-05,1854,194,928,711,19,637,5
기계설비,기계설비·가스공사업,2425,(주)부광엔지니어링,김용성,충남,충남천안-99-12-3,1826,474,887,416,47,978,3
기계설비,기계설비·가스공사업,2426,(주)부광이엔지,"최은영, 김명길",강원,강릉09-10-14,5301,872,2447,1919,62,593,15
기계설비,기계설비·가스공사업,2427,(주)부길공조시스템,장태옥,대구,대구북구-22-파-01,1146,614,225,307,0,638,5
기계설비,기계설비·가스공사업,2428,(주)부력에너지,예성해,경북,경북경산2011-10-1,4744,1239,2503,912,88,1356,7
기계설비,기계설비·가스공사업,2429,부루(주),오선기,경기,95-서울-12-51,4901,1633,2013,1091,163,1194,8
기계설비,기계설비·가스공사업,2430,(주)부림,임현정,전남광주,광주서00-27-1-02,955,276,20,631,27,182,5
기계설비,기계설비·가스공사업,2431,부림(주),임해진,전남광주,광주-26-파-01,420,0,120,300,0,0,4
기계설비,기계설비·가스공사업,2432,(주)부림건설,박병운,충남,충남보령-2017-10-01,2583,587,1589,382,25,610,3
기계설비,기계설비·가스공사업,2433,부림이앤씨(주),강석훈,경기,화성23-파-27호,1707,953,374,378,0,432,3
기계설비,기계설비·가스공사업,2434,부명건설(주),김대건,전남광주,광주서2008-10-05,2568,828,1409,271,59,240,2
기계설비,기계설비·가스공사업,2435,부명엔프로엔지니어링(주),손찬영,울산,울산북구2021-23-02,2945,0,900,2045,0,0,3
기계설비,기계설비·가스공사업,2436,부민공영(주),신성욱,경기,안양-17-10-02,12487,4455,6981,858,192,6731,4
기계설비,기계설비·가스공사업,2437,부산기연(유),윤상원,부산,부산-12-50,6116,2212,3270,634,0,1201,5
기계설비,기계설비·가스공사업,2438,(주)부산씨엔알,윤난영,부산,부산연제2009-10-02,1524,343,714,441,24,318,3
기계설비,기계설비·가스공사업,2439,(주)부산에너지뱅크,"문경호, 이영만, 황창헌",부산,부산사상-2002-27-1-1,0,0,0,0,0,0,3
기계설비,기계설비·가스공사업,2440,부산테크(주),문진국,부산,수영2004-27-1-02,6564,1800,3996,587,180,1794,4
기계설비,기계설비·가스공사업,2441,(주)부샘건설,김소연,충남,충남홍성2024-파-02호,1083,347,483,252,0,497,2
기계설비,기계설비·가스공사업,2442,(주)부석이엔씨,남인호,인천,강남-99-12-3,4919,2314,1622,752,231,3174,5
기계설비,기계설비·가스공사업,2443,(주)부성,김양진,전북,대전동구-2001-12-02,2572,89,893,1580,8,245,12
기계설비,기계설비·가스공사업,2444,(주)부성개발산업,유미,충남,대전대덕-99-27-4,12720,6338,4933,810,637,13747,5
기계설비,기계설비·가스공사업,2445,(주)부성기공,김제호,전북,여수2019-10-01,7902,3466,3529,757,148,4841,6
기계설비,기계설비·가스공사업,2446,(주)부성기연,김길식,충북,종로-99-12-1,427,86,106,226,8,100,7
기계설비,기계설비·가스공사업,2447,부성씨에스(주),방길수,경기,경기-96-12-37,2858,821,902,1052,82,1867,7
기계설비,기계설비·가스공사업,2448,(주)부성엔지니어링,신재영,서울,종로26-파-01,372,0,120,252,0,0,2
기계설비,기계설비·가스공사업,2449,(주)부성이엔씨,남지순,전남광주,광주북-26-파-02호,433,0,180,252,0,0,2
기계설비,기계설비·가스공사업,2450,(주)부성이엔지,김희동,경기,남양주23-파-02,1265,475,537,252,0,888,2
기계설비,기계설비·가스공사업,2451,(주)부성이엔지,정재명,경북,경북안동2009-10-02,5428,963,3806,590,68,1436,4
기계설비,기계설비·가스공사업,2452,부송건업(주),"임원엽, 진숙연",충북,서울-12-152,1484,313,212,926,31,473,7
기계설비,기계설비·가스공사업,2453,(주)부-스타,유승협,충북,충북진천제2011-10-7,6831,2121,3921,637,151,3815,5
기계설비,기계설비·가스공사업,2454,(주)부암설비,"이기호, 김근석",서울,관악-16-10-04,2271,984,1119,126,42,1174,1
기계설비,기계설비·가스공사업,2455,(주)부여설비,임완수,충남,충남-96-12-2,1059,98,698,252,9,136,2
기계설비,기계설비·가스공사업,2456,(합)부여종합이앤지,황규남,충남,충남부여-2015-23-01,1387,358,340,631,56,406,5
기계설비,기계설비·가스공사업,2457,(주)부연,양재식,경북,대구북구2006-12-3,2790,358,2153,252,25,217,2
기계설비,기계설비·가스공사업,2458,부영산전(주),엄주엽,경기,안양-20-10-6,7392,6511,96,505,279,8404,4
기계설비,기계설비·가스공사업,2459,(주)부영엔지니어링,이영훈,경기,안산2016-10-03,7188,2428,4150,505,104,5141,4
기계설비,기계설비·가스공사업,2460,부원기건(주),김용희,경남,진주2006-12-1,7335,1466,5115,648,104,3283,5
기계설비,기계설비·가스공사업,2461,(주)부원기술,이화연,부산,부산연제2014-14-02,1305,314,697,271,22,1123,2
기계설비,기계설비·가스공사업,2462,(주)부원산업,정은경,부산,경북칠곡2020-10-01,7610,3966,3064,578,1,5947,4
기계설비,기계설비·가스공사업,2463,부원산업(주),박용전,경남,창원 2011-10-08,4174,899,2914,297,64,1170,2
기계설비,기계설비·가스공사업,2464,(주)부원엔지니어링,정성학,부산,부산동래2016-10-2,3503,1812,1148,465,77,1566,3
기계설비,기계설비·가스공사업,2465,(주)부일건설,김소희,강원,강원2000-12-3,3147,158,950,2022,15,275,15
기계설비,기계설비·가스공사업,2466,(주)부일기계,"배석동, 배승헌",경기,김포-22-13-08,6402,824,4946,631,0,797,5
기계설비,기계설비·가스공사업,2467,(주)부일에너지,권오봉,부산,부산진2021-23-01,894,54,460,378,0,107,3
기계설비,기계설비·가스공사업,2468,(주)부일플랜트,안경화,경북,경북김천2008-10-01,13892,5858,7195,419,418,9298,3
기계설비,기계설비·가스공사업,2469,부천기업(주),"정보현, 윤수진",경기,김포-09-10-8,8657,1711,6444,378,122,2685,3
기계설비,기계설비·가스공사업,2470,(주)부토산업,한균희,인천,인천강화-23-파-02,1201,48,900,252,0,0,2
기계설비,기계설비·가스공사업,2471,(주)부형이엔디,안부훈,부산,부산강서2010-10-05,7941,2572,4597,588,183,3958,4
기계설비,기계설비·가스공사업,2472,(주)부흥,윤효성,부산,부산강서2021-10-08,0,0,0,0,0,0,2
기계설비,기계설비·가스공사업,2473,(주)부흥,김창선,충남,의왕-2002-12-4,1350,508,519,271,50,363,2
기계설비,기계설비·가스공사업,2474,(주)부흥건설,유복덕,전남광주,광주북2010-23-01,977,174,285,505,12,85,4
기계설비,기계설비·가스공사업,2475,(주)부흥설비,김인태,충남,충남아산2025-13-01호,1018,506,259,252,0,723,2
기계설비,기계설비·가스공사업,2476,(주)북부산냉열기,박영원,부산,부산금정2009-10-1,834,289,271,252,20,349,2
기계설비,기계설비·가스공사업,2477,(주)북원,김은혜,충북,충주2012-10-1,1412,178,969,252,12,116,2
기계설비,기계설비·가스공사업,2478,(주)북원소방,유기창,강원,원주2017-10-04호,3932,777,2616,505,33,1529,4
기계설비,기계설비·가스공사업,2479,분천이엔지(주),강호준,서울,부천-2003-12-3,8583,2926,4204,1159,293,4400,7
기계설비,기계설비·가스공사업,2480,브레인텍,여태헌,경기,화성19-10-19,22,0,4,17,0,0,2
기계설비,기계설비·가스공사업,2481,(주)브레인텍,여태헌,경기,화성23-파-32,9564,5731,3136,694,1,11561,5
기계설비,기계설비·가스공사업,2482,브이(주),황개순,전남광주,충북청주제09-10-07,569,53,133,379,3,41,3
기계설비,기계설비·가스공사업,2483,브이건설(주),노영아,전남광주,나주2010-10-02,3057,294,1767,974,21,500,7
기계설비,기계설비·가스공사업,2484,브이씨앤텍(주),서형숙,전남광주,광주서2020-10-04,2078,1143,197,689,48,889,4
기계설비,기계설비·가스공사업,2485,브이에스이앤지(주),이혜영,서울,강남-04-12-2,2208,275,1652,252,27,234,2
기계설비,기계설비·가스공사업,2486,(주)브이원,박해동,충남,충남아산-2019-10-05,7661,3707,3513,282,158,2427,2
기계설비,기계설비·가스공사업,2487,브이원건설(주),오윤환,전남광주,전남영광2001-12-2,7466,1480,4314,1520,150,1688,11
기계설비,기계설비·가스공사업,2488,(주)브이이에스,최영표,경기,김포-21-10-02,1741,877,611,252,0,2976,2
기계설비,기계설비·가스공사업,2489,브이이엔지(주),박점수,세종,경북구미2004-12-9,1164,142,583,423,14,302,3
기계설비,기계설비·가스공사업,2490,블루버드환경(주),김태인,서울,강남-00-12-13,5809,4540,97,718,454,10782,5
기계설비,기계설비·가스공사업,2491,블루솔(주),김수용,경기,성남21-10-15,1110,84,900,126,0,121,1
기계설비,기계설비·가스공사업,2492,블루텍(주),임성빈,부산,충북청주17-10-2,1049,25,537,485,1,59,3
기계설비,기계설비·가스공사업,2493,(주)비룡,여정수,전남광주,광주광산2014-10-02,2588,825,796,907,59,1127,8
기계설비,기계설비·가스공사업,2494,비룡전설(주),임수빈,경기,안양-13-10-5,1309,20,900,386,1,0,3
기계설비,기계설비·가스공사업,2495,비봉기업(주),최봉호,전남광주,목포99-12-02,34805,14479,16519,2349,1456,14956,13
기계설비,기계설비·가스공사업,2496,(주)비비에스,"오원식, 김기현",인천,인천부평구2024-13-04,2088,896,687,505,0,1745,4
기계설비,기계설비·가스공사업,2497,(주)비비테크,성진규,경기,화성05-12-6,28161,3877,23264,631,387,4483,5
기계설비,기계설비·가스공사업,2498,(주)비비하우징컴퍼니,허종규,서울,송파-22-파-02,805,458,117,229,0,151,2
기계설비,기계설비·가스공사업,2499,비손ENG,이경숙,대전,대전서구-09-10-3,4698,956,3267,405,68,1852,3
기계설비,기계설비·가스공사업,2500,(주)비쏠시스템,"김경수, 윤정이",경기,성남19-10-2,15122,10804,2685,1167,466,14229,8
기계설비,기계설비·가스공사업,2501,(주)비씨엔티,손지영,울산,울산중구2022-파-1,2245,1478,388,378,0,179,2
기계설비,기계설비·가스공사업,2502,비씨종합건설(주),김우규,대전,충남아산-2020-10-01,4772,491,2418,1840,21,263,13
기계설비,기계설비·가스공사업,2503,(주)비씨플랜트,조래희,대전,대전유성-2023-파-2,154,102,0,51,0,123,2
기계설비,기계설비·가스공사업,2504,(주)비앤비건설,양광천,전남광주,여수-25-파-13,862,16,465,379,0,24,3
기계설비,기계설비·가스공사업,2505,(주)비앤비네트웍스,김진우,서울,동대문-23-파-03,0,0,0,0,0,0,2
기계설비,기계설비·가스공사업,2506,비앤비테크,정명숙,경남,김해 2021-10-10,1395,373,624,397,0,596,3
기계설비,기계설비·가스공사업,2507,비앤에이테크(주),김수현,서울,강동-05-12-4,32485,22484,6719,1020,2261,28623,7
기계설비,기계설비·가스공사업,2508,(주)비앤와이이엔지,윤대호,충남,충남서산-2021-10-52,3030,179,1076,1774,0,101,14
기계설비,기계설비·가스공사업,2509,(주)비앤이,서덕현,경기,평택-23-파-035,1695,61,900,734,0,0,5
기계설비,기계설비·가스공사업,2510,비앤이테크(주),차진명,전남광주,전남화순2010-10-01,768,190,20,543,13,275,4
기계설비,기계설비·가스공사업,2511,비앤티기술(주),서기호,경북,충남홍성-2020-10-02,5372,3378,900,948,144,10648,4
기계설비,기계설비·가스공사업,2512,(주)비에스산업,김병선,전남광주,횡성201610-01,1679,572,828,254,24,503,2
기계설비,기계설비·가스공사업,2513,(주)비에스시시,김승우,경북,경북포항2018-10-05,21442,9218,9808,2020,395,11691,16
기계설비,기계설비·가스공사업,2514,(주)비에스에어텍,이석민,경기,고양-25-파-14호,936,0,684,252,0,0,2
기계설비,기계설비·가스공사업,2515,(주)비에스이엔지,김철환,경기,안양-2002-12-12,25273,11851,10679,1544,1198,6283,11
기계설비,기계설비·가스공사업,2516,(주)비에스파워,정병섭,서울,영등포-17-10-04,1913,320,1070,509,13,629,4
기계설비,기계설비·가스공사업,2517,(주)비에스한양,"최인호, 박유신",인천,85-80,74859,0,900,73959,0,0,329
기계설비,기계설비·가스공사업,2518,비에이치아이(주),"조원래, 이근흥",경남,함안 2001-12-180,1729,0,900,829,0,0,6
기계설비,기계설비·가스공사업,2519,(주)비에이치테크,박석진,경북,경북포항99-12-86,8479,5087,2297,585,508,3193,4
기계설비,기계설비·가스공사업,2520,(주)비에이컴스,김성열,서울,구로-24-파-04,4439,650,3459,329,0,1320,2
기계설비,기계설비·가스공사업,2521,(주)비엘아이앤씨,정종호,경남,창원의창2026-파-05,568,0,315,252,0,0,2
기계설비,기계설비·가스공사업,2522,(주)비엘파트너스,이미경,부산,부산북구2019-10-01,2743,1431,978,271,61,1384,2
기계설비,기계설비·가스공사업,2523,(주)비엘환경설비,이정창,전남광주,전남강진2020-10-01,2082,564,989,505,24,697,4
기계설비,기계설비·가스공사업,2524,(주)비엠비이,이현주,경북,경북포항2022-파-03,784,312,218,253,0,537,2
기계설비,기계설비·가스공사업,2525,비엠에스(주),김용식,울산,울산남구2001-12-13,555,83,46,416,8,202,3
기계설비,기계설비·가스공사업,2526,(주)비엠테크,최재국,경기,안성2021-10-0002,11575,5820,5372,380,1,3834,3
기계설비,기계설비·가스공사업,2527,(주)비오비시스템컴퍼니,차승미,서울,송파-17-10-06,1912,235,1413,252,10,0,2
기계설비,기계설비·가스공사업,2528,(주)비오티스엔텍,황미용,서울,고양2019-10-06,1781,298,1090,379,12,385,3
기계설비,기계설비·가스공사업,2529,(주)비와이엔지니어링,김현준,인천,인천부평구2023-13-01,2840,1511,950,378,0,2715,3
기계설비,기계설비·가스공사업,2530,(주)비와이인더스트리,이정한,경기,시흥12-10-32,884,307,0,555,21,169,5
기계설비,기계설비·가스공사업,2531,비와이텍(주),장경광,충남,서초-16-10-02,14586,5008,8353,1010,214,9837,8
기계설비,기계설비·가스공사업,2532,(주)비움,박명수,경기,94-서울-12-237,18377,8618,5551,3338,869,12260,13
기계설비,기계설비·가스공사업,2533,(주)비전이앤지,박채신,서울,성동20-27-1-01,1598,429,519,631,18,356,5
기계설비,기계설비·가스공사업,2534,(주)비전제어시스템,정운숙,인천,인천남동21-10-01,3308,510,2418,378,0,532,3
기계설비,기계설비·가스공사업,2535,비제이ENG,채병주,경북,경북구미2023-파-5,438,74,111,252,0,282,2
기계설비,기계설비·가스공사업,2536,(주)비제이텍,우순해,충북,충북청주13-10-4,2538,1266,650,531,90,1952,4
기계설비,기계설비·가스공사업,2537,(주)비젼이엔씨,백석기,경기,구리2021-10-02,509,276,95,138,0,545,3
기계설비,기계설비·가스공사업,2538,(주)비젼이엔지,김필석,서울,관악-20-10-01,6388,1897,3866,542,81,4720,4
기계설비,기계설비·가스공사업,2539,비젼이엔지(주),손용호,경북,경북구미2000-12-5,49260,27718,17050,1720,2771,27507,9
기계설비,기계설비·가스공사업,2540,비케이(주),손권희,충남,충북청주14-10-3,988,390,201,368,27,439,3
기계설비,기계설비·가스공사업,2541,(주)비케이스페이스,김승현,경기,성동-03-12-1,12147,6863,3947,650,686,11519,5
기계설비,기계설비·가스공사업,2542,(주)비케이에너지,이복경,경기,의정부2009-23-1,4104,1544,1777,672,110,2517,5
기계설비,기계설비·가스공사업,2543,비케이엔텍(주),오희성,경기,성남20-10-13,542,328,35,164,14,502,2
기계설비,기계설비·가스공사업,2544,(주)비케이이앤에스,임용한,서울,송파-12-10-06,2544,1315,1004,129,93,1727,1
기계설비,기계설비·가스공사업,2545,비케이이앤지(주),전병주,서울,대전대덕-21-10-11,763,298,211,252,0,986,2
기계설비,기계설비·가스공사업,2546,(주)비케이이앤지,김봉용,전남광주,여수2018-10-08,3083,539,2230,291,23,625,2
기계설비,기계설비·가스공사업,2547,(주)비텍,김상희,전남광주,광주북2020-10-03,1403,119,900,378,5,192,3
기계설비,기계설비·가스공사업,2548,(주)비티에스,서우열,경기,남양주-26-파-05호,1278,0,900,378,0,0,3
기계설비,기계설비·가스공사업,2549,비티엠써비스(주),"박상앙, 박규준",서울,영등포10-10-09,1051,183,598,256,13,467,2
기계설비,기계설비·가스공사업,2550,(주)빅뱅,"김재열, 이영삼",서울,안산-2005-12-4,8560,3784,4051,345,378,4713,2
기계설비,기계설비·가스공사업,2551,(주)빅스타건설,신태노,경북,대구중구2019-10-01,2803,361,2170,256,15,0,1
기계설비,기계설비·가스공사업,2552,빅스타건설(주),김창준,강원,영월2020-10-02호,2216,300,828,1075,12,205,7
기계설비,기계설비·가스공사업,2553,(주)빅이엔지,강민철,경기,수원2014-23-1,1626,628,447,505,44,922,4
기계설비,기계설비·가스공사업,2554,(주)빕스,장현진,서울,금천-17-10-01,3591,1647,1494,378,70,2432,3
기계설비,기계설비·가스공사업,2555,(주)빛과에너지,김주연,전남광주,전남화순2020-10-04,2418,218,1311,878,9,294,6
기계설비,기계설비·가스공사업,2556,빛나매크로(주),정정호,경기,화성13-10-7,1743,686,544,464,49,872,3
기계설비,기계설비·가스공사업,2557,사계이엔지(주),박종원,경기,영등포-04-12-9,2580,1072,1022,378,107,1664,3
기계설비,기계설비·가스공사업,2558,(주)사계절시스템,임용구,인천,인천남동08-10-08,1152,0,900,252,0,0,2
기계설비,기계설비·가스공사업,2559,(주)사라미데코,박정윤,대구,대구서구2005-12-01,558,78,219,252,7,168,2
기계설비,기계설비·가스공사업,2560,(주)사림,조정훈,경남,창원의창2026-파-03,420,0,120,300,0,0,3
기계설비,기계설비·가스공사업,2561,(주)사마스이앤지,이태영,경기,군포2021-10-02,1801,1052,459,290,0,826,2
기계설비,기계설비·가스공사업,2562,사우스에스이(주),전승호,경기,화성22-파-03,5739,3890,1344,505,0,5217,4
기계설비,기계설비·가스공사업,2563,(주)사이러스,김진,경기,수원-23-파-03,745,4,487,252,0,0,2
기계설비,기계설비·가스공사업,2564,(주)산단이앤지,"최종탁, 최지훈",전남광주,여수2011-10-01,5951,1774,3652,397,126,1700,3
기계설비,기계설비·가스공사업,2565,(주)산돌기술,성하동,서울,영등포-01-12-13,4772,2889,715,877,288,421,6
기계설비,기계설비·가스공사업,2566,(주)산드리공조,황재환,서울,동대문-08-10-5,952,394,244,285,28,541,4
기계설비,기계설비·가스공사업,2567,(주)산들,강태중,전남광주,광주광산2019-10-06,570,86,190,290,3,53,2
기계설비,기계설비·가스공사업,2568,(주)산해,"안도건, 박상철",전남광주,광양2006-12-02,3006,1753,496,631,125,2073,5
기계설비,기계설비·가스공사업,2569,(주)산호,김진건,강원,강릉12-10-01호,1196,463,447,252,33,957,2
기계설비,기계설비·가스공사업,2570,(주)삼건이엔씨,김대웅,서울,서초-00-12-15,6750,1655,4510,418,165,1230,3
기계설비,기계설비·가스공사업,2571,삼공(주),최선규,충남,충남금산-2020-10-2,3250,1131,1561,509,48,2156,4
기계설비,기계설비·가스공사업,2572,(주)삼공사,정진석,부산,부산강서2013-10-06,10144,1678,5514,2831,119,2057,22
기계설비,기계설비·가스공사업,2573,삼광기건(주),이규택,부산,부산-92-12-49,381,25,78,274,2,89,2
기계설비,기계설비·가스공사업,2574,(주)삼광이엠씨,백상훈,경기,안산2009-10-1,1421,335,809,252,23,1007,2
기계설비,기계설비·가스공사업,2575,삼구(주),이규하,전남광주,여수-24-파-08,2853,2445,282,126,0,3103,1
기계설비,기계설비·가스공사업,2576,(주)삼구아이앤씨,"김형규, 변상필",서울,동작-04-27-1-1,0,0,0,0,0,0,6
기계설비,기계설비·가스공사업,2577,(주)삼국공조,김효식,대구,대구군위23-파-01호,1053,413,388,252,0,877,2
기계설비,기계설비·가스공사업,2578,삼국엠이씨(주),송병열,경기,성남-2005-12-4,10761,3655,6028,711,365,3635,5
기계설비,기계설비·가스공사업,2579,삼기이엔지(주),이경익,서울,양천2020-23-01,4728,2026,1605,1010,86,2930,8
기계설비,기계설비·가스공사업,2580,(주)삼다비투비,박윤희,제주,제주 제주2019-10-03,538,26,198,312,1,2,3
기계설비,기계설비·가스공사업,2581,삼다이엔지(주),고문섭,제주,제주-95-12-1,2511,430,1490,547,43,327,3
기계설비,기계설비·가스공사업,2582,삼다인(주),이종인,전남광주,광주광산2012-10-05,2284,485,1511,252,34,537,2
기계설비,기계설비·가스공사업,2583,(주)삼덕,김재익,대구,대구수성구2003-12-9,9246,2895,4857,1204,289,6002,8
기계설비,기계설비·가스공사업,2584,(주)삼덕기업,강성수,전남광주,광주92-12-22,4939,2473,1712,505,248,3582,4
기계설비,기계설비·가스공사업,2585,삼동기업(주),오채열,충북,충북청주00-12-7,3997,551,2884,505,55,949,3
기계설비,기계설비·가스공사업,2586,(주)삼두기연,김명기,경기,82-12-37,2569,1468,321,631,147,1063,5
기계설비,기계설비·가스공사업,2587,(주)삼두이엔씨,최병천,대구,대구수성구2000-12-3,3494,1485,1566,293,148,2511,2
기계설비,기계설비·가스공사업,2588,(주)삼민테크,민병규,서울,성동23-파-05,1250,172,699,378,0,334,3
기계설비,기계설비·가스공사업,2589,(주)삼밀,송진환,충북,충북청주 21-10-18,1133,663,130,338,0,537,4
기계설비,기계설비·가스공사업,2590,(주)삼방건영,"김민주, 이종오",울산,이천18-10-03,8572,4822,2722,820,206,8295,6
기계설비,기계설비·가스공사업,2591,(주)삼백건설,송하걸,전남광주,광주서02-27-1-03,2036,822,627,505,82,1342,4
기계설비,기계설비·가스공사업,2592,삼보건축설비(주),"박관희, 박행섭",서울,서울-12-228,14941,4429,9317,751,442,5108,4
기계설비,기계설비·가스공사업,2593,삼보기업(주),하진용,경남,진주2015-10-1,2387,519,1418,412,37,1307,3
기계설비,기계설비·가스공사업,2594,(주)삼보엔지니어링,심규일,경기,용인-2000-12-4,5706,1029,3885,688,102,1303,5
기계설비,기계설비·가스공사업,2595,(주)삼보엔지니어링,박용화,경남,창원성산2021-10-01,1707,459,976,271,0,536,2
기계설비,기계설비·가스공사업,2596,(주)삼보이엔지,안병진,서울,송파-00-12-19,1799,797,669,252,79,896,2
기계설비,기계설비·가스공사업,2597,(주)삼보이엔지,박건섭,충북,충북청주제02-12-04,1077,365,258,416,36,146,3
기계설비,기계설비·가스공사업,2598,삼보이엔지(주),정현철,충남,충남아산-2015-10-05,3805,502,3014,252,35,1416,2
기계설비,기계설비·가스공사업,2599,삼보이엔지(주),강란수,충남,충남보령-2022-13-03,452,112,88,252,0,112,2
기계설비,기계설비·가스공사업,2600,삼보종합건설(주),유봉기,충북,제03-27-01-02,15828,773,4639,10334,81,501,60
기계설비,기계설비·가스공사업,2601,(주)삼보테크,김응신,충북,충북청원14-10-1,5158,1110,3709,259,79,1332,2
기계설비,기계설비·가스공사업,2602,(주)삼보티에스,최산,부산,동작-98-12-6,271,0,0,271,0,0,2
기계설비,기계설비·가스공사업,2603,(주)삼부,홍원택,대구,대구북구2015-10-1호,1229,298,657,252,21,412,2
기계설비,기계설비·가스공사업,2604,(주)삼부공영,양승복,충북,청주00-27-1-4,1668,638,460,505,63,1162,4
기계설비,기계설비·가스공사업,2605,(주)삼부자이앤씨,김정태,충남,충남서산2026-13-05호,19,0,5,13,0,0,2
기계설비,기계설비·가스공사업,2606,삼삼설비(주),조태묵,서울,서울-12-158,10720,5123,4529,554,512,8036,4
기계설비,기계설비·가스공사업,2607,(주)삼성건영,오정훈,대구,안양-08-10-04,1744,210,1264,254,15,398,2
기계설비,기계설비·가스공사업,2608,(주)삼성공영플랜테크,이종오,인천,인천서구2021-10-14,829,452,123,252,0,1005,2
기계설비,기계설비·가스공사업,2609,(주)삼성공조설비,이홍규,대구,대구12-148,2276,525,1319,378,52,536,3
기계설비,기계설비·가스공사업,2610,(주)삼성공조시스템,정순오,전남광주,광주광산2008-10-04,537,113,36,378,8,35,3
기계설비,기계설비·가스공사업,2611,(주)삼성공조시스템,양준,충남,충남아산-2015-10-01,2439,957,655,757,68,1134,7
기계설비,기계설비·가스공사업,2612,(주)삼성기술공영,엄용환,인천,인천강화2013-23-02,1960,722,433,752,51,1201,8
기계설비,기계설비·가스공사업,2613,삼성기전(주),백철호,부산,부산-94-12-6,1342,153,920,252,15,405,2
기계설비,기계설비·가스공사업,2614,삼성기전(주),양진원,경북,경북칠곡군2012-10-04,5407,1068,3718,543,76,989,4
기계설비,기계설비·가스공사업,2615,(주)삼성남부공조,이원증,서울,동작-03-12-1,4124,3178,248,378,317,2519,3
기계설비,기계설비·가스공사업,2616,(주)삼성냉공조이엔지,"서효주, 예금옥",경북,경북경산2008-10-3,5017,991,3698,256,70,1189,2
기계설비,기계설비·가스공사업,2617,삼성냉난방(주),박상이,경기,수원10-10-6,1159,662,48,401,47,1020,4
기계설비,기계설비·가스공사업,2618,(주)삼성라인,이정순,충남,충남태안-2016-10-2,2482,685,1515,252,29,544,2
기계설비,기계설비·가스공사업,2619,삼성메디엔지니어링(주),"이종배, 인선학",경기,안산2015-10-5,4820,728,3533,505,52,875,4
기계설비,기계설비·가스공사업,2620,삼성물산(주),"오세철, 이재언, 송규종",서울,중구84-16,424195,0,900,423295,0,0,2579
기계설비,기계설비·가스공사업,2621,삼성비투비(주),최정훈,제주,제주 제주2019-10-02,1035,750,0,252,32,447,2
기계설비,기계설비·가스공사업,2622,삼성설비,정원희,충남,충남부여-2014-10-02,434,0,308,126,0,0,1
기계설비,기계설비·가스공사업,2623,(주)삼성세종이엔지,강상훈,세종,세종시-23-13-02,1190,182,755,252,0,336,2
기계설비,기계설비·가스공사업,2624,(주)삼성솔루션,"김수진, 조성헌",부산,부산동래2019-10-3,1406,514,364,505,22,1312,4
기계설비,기계설비·가스공사업,2625,삼성솔루션(주),김중완,경기,안양-2005-12-6,19552,14688,2189,1201,1473,13176,8
기계설비,기계설비·가스공사업,2626,(주)삼성시스템공조,우명옥,경북,경북영주2009-10-01,2987,386,2320,252,27,725,2
기계설비,기계설비·가스공사업,2627,삼성신흥냉열(주),"이봉희, 이재영",경북,경북포항2008-10-08,2432,839,1273,259,59,1060,2
기계설비,기계설비·가스공사업,2628,(주)삼성썬시스템,송민화,인천,계양2019-10-02,14838,7808,6172,524,334,5722,4
기계설비,기계설비·가스공사업,2629,(주)삼성씨앤에이치,정연학,인천,인천동구-2023-파-07,4292,2099,1751,441,0,3241,3
기계설비,기계설비·가스공사업,2630,(주)삼성알앤아이,조지현,충북,충북제천2021-10-2,1589,566,448,574,0,501,5
기계설비,기계설비·가스공사업,2631,(주)삼성에너텍,이성윤,대구,대구서구2014-10-1호,2150,509,1335,269,36,859,2
기계설비,기계설비·가스공사업,2632,삼성에스디에스(주),이준희,서울,강남-98-12-19,0,0,0,0,0,0,6
기계설비,기계설비·가스공사업,2633,(주)삼성에스에이씨비투비,정선희,경기,고양2020-10-09,1830,1302,219,252,55,2577,2
기계설비,기계설비·가스공사업,2634,삼성에스엘(주),"서병욱, 서호일",인천,안양-2005-12-4,7703,4157,2477,650,416,6929,5
기계설비,기계설비·가스공사업,2635,(주)삼성에어컨공조,조건호,경기,강남-19-10-04,910,260,386,252,11,627,2
기계설비,기계설비·가스공사업,2636,삼성에이스시스템,이인식,경북,경북구미2008-10-09,3055,1004,1598,381,71,1611,3
기계설비,기계설비·가스공사업,2637,(주)삼성에이알테크,박영문,강원,강릉09-10-13,1876,636,942,252,45,135,2
기계설비,기계설비·가스공사업,2638,(주)삼성엔비코,서혜진,경남,김해22-파-03,1035,664,38,332,0,566,3
기계설비,기계설비·가스공사업,2639,(주)삼성엔지니어링,윤두형,경북,경북경주2017-10-02,2090,271,1555,252,11,347,2
기계설비,기계설비·가스공사업,2640,(주)삼성엔지니어링,김덕기,경남,경남통영 2008-10-02,850,217,359,257,15,318,2
기계설비,기계설비·가스공사업,2641,(주)삼성유엔티,이용세,경남,창원의창 2020-10-06,1203,553,246,380,23,583,3
기계설비,기계설비·가스공사업,2642,(주)삼성의료설비,성용제,경기,시흥-2000-12-1,2352,640,1015,631,64,1117,5
기계설비,기계설비·가스공사업,2643,(주)삼성이앤에스,양득모,전남광주,광주광산2017-10-07,7106,3145,3246,578,135,1820,4
기계설비,기계설비·가스공사업,2644,(주)삼성이엔지,김미용,대전,대전동구-2011-10-01,2418,638,1403,275,100,1611,2
기계설비,기계설비·가스공사업,2645,(주)삼성이엔지,윤정희,충남,충남아산-2016-10-01,2593,1138,1006,399,48,2437,3
기계설비,기계설비·가스공사업,2646,삼성전자(주),"전영현, 노태문",경기,수원-2006-12-5,4943,196,1178,3554,14,481,21
기계설비,기계설비·가스공사업,2647,삼성전자로지텍(주),김연성,경기,수원04-12-1,30,19,0,9,1,0,15
기계설비,기계설비·가스공사업,2648,(주)삼성전자비앤피,이성혁,전남광주,순천2025-파-01,498,0,246,252,0,0,2
기계설비,기계설비·가스공사업,2649,(주)삼성정공,방완채,부산,부산강서2022-파-03,3579,768,2558,252,0,1416,2
기계설비,기계설비·가스공사업,2650,삼성크레인스(주),김종이,경기,김포-18-10-02,406,68,122,212,2,45,5
기계설비,기계설비·가스공사업,2651,(주)삼성크린시스템,"권동옥, 박규동",인천,인천서구2018-10-09,3111,388,2328,378,16,665,3
기계설비,기계설비·가스공사업,2652,삼성터보서비스(주),이장호,경남,창원성산 2020-10-03,1798,628,872,271,26,1253,2
기계설비,기계설비·가스공사업,2653,(주)삼성테크공조,윤효자,경남,마산 2009-10-03,3282,387,2324,543,27,208,4
기계설비,기계설비·가스공사업,2654,삼성특판,장세광,경북,경북구미2008-10-01,1412,124,900,378,8,174,3
기계설비,기계설비·가스공사업,2655,(주)삼성판넬플랜트,이귀순,경북,경북칠곡군2009-10-04,1185,246,416,505,17,588,4
기계설비,기계설비·가스공사업,2656,삼성플랜트,김상준,대구,대구동구2004-12-01,1741,513,851,325,51,629,2
기계설비,기계설비·가스공사업,2657,삼성플랜트건설(주),김상준,경북,경북경산2018-10-1,3315,1333,809,1114,57,1866,8
기계설비,기계설비·가스공사업,2658,삼성환경(주),허영주,전남광주,광양24-파-02호,845,376,219,250,0,772,2
기계설비,기계설비·가스공사업,2659,(주)삼손공영,손병철,인천,인천연수02-12-03,18600,6530,10626,788,654,8968,5
기계설비,기계설비·가스공사업,2660,삼승이엔씨(주),이창섭,전남광주,광주광산2016-10-08,993,248,354,379,10,607,3
기계설비,기계설비·가스공사업,2661,(주)삼신,박나현,충남,강원2000-12-4,6897,3365,2218,975,336,4655,7
기계설비,기계설비·가스공사업,2662,(주)삼신,"김종배, 김용채, 박성갑",충남,충남천안-12-10-01,1603,659,265,631,47,1367,5
기계설비,기계설비·가스공사업,2663,(주)삼신,신현철,경북,경북포항2007-12-07,2451,382,828,1213,27,139,12
기계설비,기계설비·가스공사업,2664,삼신개발(주),김호원,충남,충남논산-2014-10-03,2242,463,1075,671,33,138,5
기계설비,기계설비·가스공사업,2665,삼신글로벌베큠(주),서현권,경기,안양-18-10-07,105,0,0,105,0,0,4
기계설비,기계설비·가스공사업,2666,삼신기업(주),이애라,전남광주,광주북2016-10-10,1414,129,900,379,5,57,3
기계설비,기계설비·가스공사업,2667,(주)삼아에코빌,박민준,부산,서울-82-12-351,76314,53866,11610,5436,5402,51206,20
기계설비,기계설비·가스공사업,2668,(주)삼안,최동식,경기,과천2023-파-02,1749,0,729,1020,0,0,6
기계설비,기계설비·가스공사업,2669,(주)삼양설비,김중수,경남,김해 2007-12-04,1577,308,767,479,22,58,3
기계설비,기계설비·가스공사업,2670,(주)삼양이엔씨,유금재,경기,수원08-10-2,593,377,0,188,26,0,2
기계설비,기계설비·가스공사업,2671,삼양이엔피(주),"송양희, 김문준",강원,춘천2005-12-01,754,207,147,378,20,146,3
기계설비,기계설비·가스공사업,2672,(주)삼양인터내셔날,"하영봉, 허광수",서울,종로-24-파-02,52,29,23,0,0,69,0
기계설비,기계설비·가스공사업,2673,(주)삼양테크,박지화,경기,시흥09-10-55,86,34,6,43,2,13,5
기계설비,기계설비·가스공사업,2674,삼에이치텍(주),신병철,대전,대전대덕-13-10-05,10729,5640,4413,272,402,9574,2
기계설비,기계설비·가스공사업,2675,(주)삼연엔지니어링,"유재윤, 유현종",경기,김포-2004-12-2,17587,2320,13322,1712,232,3488,8
기계설비,기계설비·가스공사업,2676,(주)삼열에너지,박연주,경남,고성2017-10-03,1217,440,376,382,18,756,3
기계설비,기계설비·가스공사업,2677,(주)삼영,정병태,경기,경기-96-12-4,16669,3875,11234,1171,387,7094,9
기계설비,기계설비·가스공사업,2678,삼영기계공업(주),주세현,경기,경기-12-10,5740,2310,1266,1932,231,1640,15
기계설비,기계설비·가스공사업,2679,(주)삼영기업,"금동흠, 이상준",서울,서초-18-10-03,8886,0,900,7986,0,0,15
기계설비,기계설비·가스공사업,2680,(주)삼영설비,박호영,경기,구리-2003-12-4,5640,1853,2731,869,185,3570,6
기계설비,기계설비·가스공사업,2681,(주)삼영시스템공조,정규성,부산,양산 2008-10-01,431,273,1,136,19,15,2
기계설비,기계설비·가스공사업,2682,삼영쎌레트라(주),배동호,인천,인천서구2015-10-02,2857,2313,0,378,165,0,3
기계설비,기계설비·가스공사업,2683,(유)삼영에어텍,박삼연,전북,전북전주2022-파-8호,1051,421,377,252,0,817,2
기계설비,기계설비·가스공사업,2684,삼영엔비테크,김진국,충남,충남서천-2017-10-01,1420,135,900,378,5,127,3
기계설비,기계설비·가스공사업,2685,(주)삼영엔지니어링,최호근,경북,경북포항2006-12-02,5089,4264,268,252,304,3892,2
기계설비,기계설비·가스공사업,2686,(주)삼영이엔지,박옥실,울산,울산남구2007-12-05,693,267,154,252,19,225,2
기계설비,기계설비·가스공사업,2687,(주)삼영이엔지,권영목,경기,시흥-07-12-2,8423,2574,4530,1132,186,1501,8
기계설비,기계설비·가스공사업,2688,(주)삼영이엔지,김경원,대구,경북97-12-23,1229,68,900,253,6,189,2
기계설비,기계설비·가스공사업,2689,삼영플랜트(주),기형호,경기,용인2010-10-1,5647,3776,1096,505,269,4819,4
기계설비,기계설비·가스공사업,2690,(주)삼우,박재현,경북,대구달서구13-23-2,2549,730,1004,761,52,548,6
기계설비,기계설비·가스공사업,2691,삼우(주),이동헌,울산,울산중구2008-10-04,1293,131,900,252,9,292,2
기계설비,기계설비·가스공사업,2692,(주)삼우공영,박상욱,부산,부산-94-12-7,2789,1473,751,416,147,983,3
기계설비,기계설비·가스공사업,2693,삼우설비(주),"이원재, 노원석, 노정해",서울,서울-12-70,78746,47703,19600,6644,4797,67887,21
기계설비,기계설비·가스공사업,2694,(주)삼우씨에스씨,김태형,경기,은평-14-10-1,5063,3826,206,757,273,3492,6
기계설비,기계설비·가스공사업,2695,삼우에이시스템(주),박도권,경기,수원-2006-12-7,5285,3977,606,416,284,932,3
기계설비,기계설비·가스공사업,2696,(주)삼우에코,"김윤자, 허기복",전남광주,광양2003-12-01,16354,9117,3962,2362,911,12817,18
기계설비,기계설비·가스공사업,2697,삼우엔지니어링,이소형,충북,충북청주19-10-8,1467,612,565,263,26,1484,2
기계설비,기계설비·가스공사업,2698,(주)삼우이앤씨,채효리,대구,대구북구2008-12-2,1980,779,755,390,55,1095,3
기계설비,기계설비·가스공사업,2699,(주)삼우이앤씨,이수도,경북,경북포항2012-10-07,471,81,131,252,5,291,2
기계설비,기계설비·가스공사업,2700,(주)삼우이앤아이,조욱환,경기,김포-13-10-2,1197,0,900,297,0,0,0
기계설비,기계설비·가스공사업,2701,(주)삼우이엔지,김태은,강원,횡성2022-파-01호,839,236,224,378,0,434,3
기계설비,기계설비·가스공사업,2702,(주)삼우이엔텍,이경수,서울,강남-02-12-13,6072,3930,1118,629,395,2793,4
기계설비,기계설비·가스공사업,2703,(주)삼우티씨씨,이순걸,경기,경기시흥2019-10-91,0,0,0,0,0,0,3
기계설비,기계설비·가스공사업,2704,(주)삼우플랜트,양재섭,경기,금천-18-10-05,5826,603,3623,1572,26,757,12
기계설비,기계설비·가스공사업,2705,(주)삼우플랜트,배진열,경북,경북경산2005-12-02,763,308,152,271,30,577,2
기계설비,기계설비·가스공사업,2706,(주)삼우필텍,김동혁,경남,창원성산2023-파-02,701,149,172,378,0,350,3
기계설비,기계설비·가스공사업,2707,삼우환경건설(주),박미정,경남,사천22-파-02,367,114,0,252,0,363,2
기계설비,기계설비·가스공사업,2708,(주)삼웅,조수기,경기,94-서울-12-29,2358,928,772,564,92,285,4
기계설비,기계설비·가스공사업,2709,삼웅가스산업(주),"류정훈, 양성모",충남,구로-99-27-1-6,2332,499,1275,508,49,690,4
기계설비,기계설비·가스공사업,2710,삼원건업(주),박한일,경북,대구99-12-248,3621,503,2802,265,50,1025,2
기계설비,기계설비·가스공사업,2711,(주)삼원냉동건설,이상석,경북,경북영덕2012-10-01,3192,570,2329,252,40,1028,2
기계설비,기계설비·가스공사업,2712,(주)삼원설비,박준원,경기,이천-2002-12-3,2020,306,1431,252,30,847,2
기계설비,기계설비·가스공사업,2713,삼원설비공업(주),최재유,서울,83-12-475,2181,258,1548,348,25,286,2
기계설비,기계설비·가스공사업,2714,(주)삼원씨앤지,"김태원, 최종대",강원,동대문-05-12-3,0,0,0,0,0,0,3
기계설비,기계설비·가스공사업,2715,삼원엔지니어링(주),조영례,경기,남양주23-파-04,290,102,58,129,0,124,2
기계설비,기계설비·가스공사업,2716,(주)삼원이앤비,권민석,경기,구로-01-12-17,47,29,0,14,2,0,4
기계설비,기계설비·가스공사업,2717,(주)삼원이엔씨,박동일,부산,김해 2007-12-03,5013,2821,1315,674,201,2940,4
기계설비,기계설비·가스공사업,2718,(주)삼원이엔지,이창용,경기,포천 25-파-02,458,52,109,296,0,75,2
기계설비,기계설비·가스공사업,2719,삼원전기건설(주),임기오,경남,사천 2013-10-01,1887,129,900,849,9,116,4
기계설비,기계설비·가스공사업,2720,(주)삼원테크,심정갑,서울,중랑-19-10-03,2893,264,1587,1029,11,391,7
기계설비,기계설비·가스공사업,2721,삼원특수건설(주),류경호,경기,중랑-99-12-5,13014,3942,7754,924,394,4618,6
기계설비,기계설비·가스공사업,2722,삼원플랜트(주),김남선,전남광주,여수2010-10-12,4136,1819,1933,252,129,839,2
기계설비,기계설비·가스공사업,2723,삼의산업(주),"김해윤, 박철기",대전,강서-99-27-1-7,8349,3286,3597,1136,328,4505,9
기계설비,기계설비·가스공사업,2724,삼인제어시스템(주),최민성,서울,금천-09-10-05,1444,393,644,378,28,687,3
기계설비,기계설비·가스공사업,2725,삼일(주),전성진,전북,전북군산2019-10-05,5711,275,1340,4083,12,404,27
기계설비,기계설비·가스공사업,2726,(주)삼일기계산업,이영남,인천,인천동구2024-파-7,2441,1726,253,460,0,2811,3
기계설비,기계설비·가스공사업,2727,(주)삼일기계설비,강경호,강원,파주13-10-01,3111,421,2406,252,30,697,2
기계설비,기계설비·가스공사업,2728,(주)삼일기공,박상숙,강원,원주2013-10-01호,2392,267,1323,782,19,489,6
기계설비,기계설비·가스공사업,2729,삼일산업,송정섭,대전,대전유성-2018-10-2,1416,132,900,378,5,265,3
기계설비,기계설비·가스공사업,2730,(주)삼일설비,강인석,부산,부산연제2011-10-01,3162,976,1732,384,70,1878,3
기계설비,기계설비·가스공사업,2731,삼일씨티에스(주),최종원,경기,송파-06-12-6,6583,3350,2235,757,239,6435,6
기계설비,기계설비·가스공사업,2732,(주)삼일엔지니어링,최명희,충북,충주2010-10-1,1232,267,820,126,19,500,1
기계설비,기계설비·가스공사업,2733,삼일이앤씨(주),김환경,경기,부천-24-파-03,2928,223,1340,1352,12,398,10
기계설비,기계설비·가스공사업,2734,(주)삼일이앤이,윤영삼,서울,서초-20-10-04,139,6,48,84,0,21,3
기계설비,기계설비·가스공사업,2735,(주)삼일이엔지,류정훈,경북,경북칠곡2018-10-02,6971,1606,4411,883,68,2097,7
기계설비,기계설비·가스공사업,2736,(주)삼전이엔지,김갑로,대전,대전동구-2002-12-2,849,110,224,503,11,0,3
기계설비,기계설비·가스공사업,2737,삼정건설(주),임동훈,경기,시흥07-27(01)-2,2278,364,1635,252,26,448,2
기계설비,기계설비·가스공사업,2738,삼정공조설비(주),김종덕,서울,금천-05-12-8,2259,282,1696,252,28,1009,2
기계설비,기계설비·가스공사업,2739,삼정기업(주),김완식,전남광주,여수2020-10-02,795,4,519,271,0,0,2
기계설비,기계설비·가스공사업,2740,삼정보일러공업(주),"전종철, 이영희",경기,경기시흥2017-10-27,3049,1587,1124,269,68,3011,2
기계설비,기계설비·가스공사업,2741,(주)삼정씨앤드씨,신영우,전남광주,여수2015-10-03,16758,12923,1956,952,926,20481,5
기계설비,기계설비·가스공사업,2742,(주)삼정이엔씨건축사사무소,용웅식,서울,노원-20-10-03,3065,120,753,2187,5,236,15
기계설비,기계설비·가스공사업,2743,(주)삼정이엔텍,김대식,경기,화성26-파-02호,465,0,213,252,0,0,2
기계설비,기계설비·가스공사업,2744,(주)삼정이엠씨,차종열,부산,서구-2000-12-2,2891,1263,1030,543,54,1297,4
기계설비,기계설비·가스공사업,2745,삼정테크이앤씨(주),김형태,경기,파주17-10-02,326,42,134,147,1,84,2
기계설비,기계설비·가스공사업,2746,삼주건설(주),이승복,충북,충북청주15-10-1,992,164,432,383,11,166,3
기계설비,기계설비·가스공사업,2747,삼주엔텍,이외호,부산,부산북구2017-10-01,1178,293,556,315,12,216,2
기계설비,기계설비·가스공사업,2748,(주)삼주이엔씨,"유득수, 이영미",인천,인천-97-12-13,1922,301,1172,418,30,1027,3
기계설비,기계설비·가스공사업,2749,(주)삼주이엔지,금헌수,대구,대구수성구10-23-1,2073,475,1059,505,33,774,4
기계설비,기계설비·가스공사업,2750,삼중테크(주),최종완,서울,강남-00-12-12,24521,12712,5073,5452,1282,25646,35
기계설비,기계설비·가스공사업,2751,(주)삼지테크,고명림,경기,안양-20-10-2,1098,48,900,148,2,130,1
기계설비,기계설비·가스공사업,2752,(주)삼진개발,손동철,전남광주,전남96-12-09,32222,20897,8075,1153,2095,29261,8
기계설비,기계설비·가스공사업,2753,삼진공사,윤좌원,울산,경남-92-12-71,1316,414,589,271,41,403,2
기계설비,기계설비·가스공사업,2754,(주)삼진공영,박춘삼,부산,부산-92-12-32,3254,785,2002,387,78,442,3
기계설비,기계설비·가스공사업,2755,삼진공영(주),한상경,인천,대구-12-65,7479,2454,3705,1074,245,4517,7
기계설비,기계설비·가스공사업,2756,삼진공작(주),"황선복, 황주순",서울,경기-12-3,55964,36688,13454,2111,3710,27699,12
기계설비,기계설비·가스공사업,2757,삼진기업(주),유태규,경남,금정-2000-12-3,1247,349,484,378,34,292,3
기계설비,기계설비·가스공사업,2758,삼진설비(주),김현기,충남,충남천안-08-10-06,1265,105,900,252,7,119,2
기계설비,기계설비·가스공사업,2759,(주)삼진에너지,심진희,경기,전북정읍22-파-01호,863,69,542,252,0,119,2
기계설비,기계설비·가스공사업,2760,(주)삼진에이치에스,하광수,전남광주,광주동2020-10-10,14632,11153,1626,1364,487,15267,9
기계설비,기계설비·가스공사업,2761,(주)삼진유체기계,이정석,경기,화성19-10-18,880,128,494,252,5,95,2
기계설비,기계설비·가스공사업,2762,(주)삼진이앤씨,"유문식, 이영순",경기,수원02-27-1-04,3185,938,1645,508,94,779,4
기계설비,기계설비·가스공사업,2763,(주)삼진일렉스,"김성관, 조찬형",서울,강남-13-10-06,5104,0,900,4204,0,0,3
기계설비,기계설비·가스공사업,2764,(주)삼진전설,정미해,부산,부산-92-12-80,1363,59,900,397,5,210,3
기계설비,기계설비·가스공사업,2765,(주)삼창이엔지,허구범,대구,대구12-107,2151,468,1131,505,46,666,4
기계설비,기계설비·가스공사업,2766,삼천리엔지니어링(주),김영규,경기,안산2000-27-290,1423,340,670,378,34,463,3
기계설비,기계설비·가스공사업,2767,(주)삼천리이에스,이상봉,서울,영등포-06-12-3,3389,422,2537,386,42,0,3
기계설비,기계설비·가스공사업,2768,(주)삼천리이엔지,"차봉근, 신서호",서울,영등포-02-27-1-2,31531,3867,23203,4072,388,8368,30
기계설비,기계설비·가스공사업,2769,(유)삼하기업,박승주,전남광주,전남76-12-01,49555,19527,24390,3673,1963,24326,15
기계설비,기계설비·가스공사업,2770,(주)삼한공조시스템,김미선,서울,서초-08-10-12,2171,1117,469,505,79,2378,4
기계설비,기계설비·가스공사업,2771,삼한산업(주),문용아,전남광주,광주동97-12-02,1403,95,900,397,9,18,3
기계설비,기계설비·가스공사업,2772,삼해인더스트리(주),이종복,대구,대구북구2005-12-2,27805,17806,5896,2301,1801,12625,11
기계설비,기계설비·가스공사업,2773,(주)삼현,"김희주, 정헌영",강원,철원2007-12-01,1507,221,1003,265,15,236,2
기계설비,기계설비·가스공사업,2774,(주)삼현에프엔씨,한진수,울산,울산북구2021-10-01,292,22,144,126,0,40,1
기계설비,기계설비·가스공사업,2775,(주)삼현엔지니어링,이규재,경기,성남-2005-12-6,2929,767,1579,505,76,1362,4
기계설비,기계설비·가스공사업,2776,(주)삼현전력,이경자,경남,하동2021-10-01,2707,441,1885,381,0,910,2
기계설비,기계설비·가스공사업,2777,(주)삼현테크,김동진,충남,충남당진-2016-10-01,12003,4958,6706,126,212,7951,1
기계설비,기계설비·가스공사업,2778,(주)삼협엔지니어링,이영석,부산,동래-99-12-7,4377,1907,1831,448,190,3685,3
기계설비,기계설비·가스공사업,2779,(주)삼형공조테크,강창희,서울,광진-07-12-4,6000,1097,4172,651,78,2329,5
기계설비,기계설비·가스공사업,2780,삼형기계설비(주),이만수,서울,광진-00-12-3,6145,1270,4345,401,127,1709,3
기계설비,기계설비·가스공사업,2781,삼호건영(주),"우왕제, 이재현",서울,92-서울-12-122,43877,33328,2092,5123,3332,47577,13
기계설비,기계설비·가스공사업,2782,삼호기전(주),이병목,서울,서초-17-10-05,8753,3291,4184,1136,141,4916,9
기계설비,기계설비·가스공사업,2783,(주)삼호이앤씨,신기섭,대구,대구달성군2016-10-02,2367,1251,778,283,53,1780,2
기계설비,기계설비·가스공사업,2784,(주)삼호이엔지,하현순,전북,충남공주2015-10-01,953,126,564,252,9,115,2
기계설비,기계설비·가스공사업,2785,(주)삼호화공기계제작소,심규섭,전북,전북전주2023-파-1호,3930,621,3144,164,0,1925,1
기계설비,기계설비·가스공사업,2786,(주)삼홍아크튜리온,김홍범,경남,함안2019-10-03,404,280,-29,140,12,407,7
기계설비,기계설비·가스공사업,2787,삼화건업(주),"변화곤, 임상훈",대구,대구12-44,57143,28288,19997,6004,2853,46761,28
기계설비,기계설비·가스공사업,2788,(주)삼화공조,원소라,전북,전북전주2024-파-5호,1672,303,988,380,0,650,3
기계설비,기계설비·가스공사업,2789,(주)삼화기업,김해숙,대구,대구달성군2025-파-03,678,0,425,252,0,0,2
기계설비,기계설비·가스공사업,2790,(유)삼화냉동테크,장은호,전북,전북군산2007-12-04,952,265,290,378,18,127,3
기계설비,기계설비·가스공사업,2791,(주)삼화냉열설비,이정희,경기,중구-12-10-01,3147,980,1677,419,70,2220,3
기계설비,기계설비·가스공사업,2792,삼화시스템공조(주),정동삼,서울,송파-08-10-08,2317,1289,462,473,92,779,2
기계설비,기계설비·가스공사업,2793,(주)삼화에이스,"김학근, 김현기",서울,89-서울-12-27,36847,11208,17782,6727,1130,14777,52
기계설비,기계설비·가스공사업,2794,(주)삼화엔지니어링,조남훈,전북,전북-12-39,4167,1649,1454,898,164,2705,6
기계설비,기계설비·가스공사업,2795,(주)삼화이엔지,변대성,대구,대구12-102,745,42,424,274,4,153,2
기계설비,기계설비·가스공사업,2796,삼화이엔지(주),이종원,대전,충북영동12-23-1,6541,3801,1963,505,271,6952,4
기계설비,기계설비·가스공사업,2797,(주)삼화이엠씨,김택수,인천,인천서구2009-10-05,5668,1626,3546,378,116,879,3
기계설비,기계설비·가스공사업,2798,(주)삼화플랜,이상민,경기,도봉-01-12-03,3794,1584,1646,404,158,2036,3
기계설비,기계설비·가스공사업,2799,삼환기업(주),정환오,서울,97-27-1-2,14433,0,900,13533,0,0,58
기계설비,기계설비·가스공사업,2800,삼흥산업(주),김정호,경기,고양2016-10-02,0,0,0,0,0,0,4
기계설비,기계설비·가스공사업,2801,(주)상경건설,이상진,경기,오산2016-10-03,4464,2240,1205,921,96,3081,7
기계설비,기계설비·가스공사업,2802,(주)상공에너지,"임세빈, 김택종",전북,전북익산2013-12-05,16,0,0,16,0,0,49
기계설비,기계설비·가스공사업,2803,상록산업(주),윤기인,경기,안산-2001-12-12,3077,2365,222,252,236,3121,2
기계설비,기계설비·가스공사업,2804,상림플랜트(주),이성훈,서울,강남-18-10-07,1934,714,315,874,30,2551,3
기계설비,기계설비·가스공사업,2805,상무공영(주),변정후,경기,강원2002-12-9,3945,1323,1112,1377,132,2167,10
기계설비,기계설비·가스공사업,2806,(주)상무냉동이앤지,이재옥,전남광주,서초99-12-06,599,96,244,252,6,139,2
기계설비,기계설비·가스공사업,2807,상미에어텍(주),문종호,인천,인천남동21-10-05,463,51,189,222,0,44,2
기계설비,기계설비·가스공사업,2808,(주)상수,안상일,인천,인천연수07-12-01,4081,1146,1365,1487,81,684,6
기계설비,기계설비·가스공사업,2809,(주)상신,김영곤,인천,인천연수2021-10-02,1063,393,417,252,0,640,2
기계설비,기계설비·가스공사업,2810,(주)상신,이관영,경기,부천-22-13-04,6665,2116,3664,883,0,4343,7
기계설비,기계설비·가스공사업,2811,상신기계공영(주),전두상,경기,영등포98-12-10,5095,2500,1846,497,250,4436,3
기계설비,기계설비·가스공사업,2812,(유)상신설비,안재상,전북,전북-12-104,2082,892,658,441,89,449,3
기계설비,기계설비·가스공사업,2813,(주)상신엔지니어링,최상용,경기,광주09-10-3,367,106,112,140,7,0,2
기계설비,기계설비·가스공사업,2814,(주)상신프렌트,이종숙,서울,95-서울-12-62,6062,3403,1558,759,341,3891,5
기계설비,기계설비·가스공사업,2815,(주)상아이앤씨,강석구,경기,안양-2003-12-5,10920,2748,7265,631,274,3432,5
기계설비,기계설비·가스공사업,2816,(주)상아이엔지,남일,서울,강서-19-10-02,803,146,398,252,6,0,2
기계설비,기계설비·가스공사업,2817,(유)상아이엔지,유기정,전북,전북전주2003-27-1-1,11456,2038,8437,776,203,3517,6
기계설비,기계설비·가스공사업,2818,(주)상우건설,김상혁,전남광주,광주광산98-27-02-01,1340,616,157,505,61,778,4
기계설비,기계설비·가스공사업,2819,상우이앤씨(주),김상원,경북,경북구미2012-10-01,20394,4834,14380,695,483,7144,5
기계설비,기계설비·가스공사업,2820,(주)상원기업,김희철,대구,대구12-146,692,71,361,252,7,78,2
기계설비,기계설비·가스공사업,2821,상원기업(주),오길선,경기,남양주09-23-138,1544,418,709,387,29,519,3
기계설비,기계설비·가스공사업,2822,상원산업(주),조윤성,전남광주,전남12-113,1963,88,900,966,8,0,7
기계설비,기계설비·가스공사업,2823,상원에스앤에스(주),윤성규,충북,충주2011-23-1,1320,340,450,505,24,722,4
기계설비,기계설비·가스공사업,2824,상원엔지니어링,김순금,대전,대전대덕-21-10-05,1764,263,1122,378,0,459,3
기계설비,기계설비·가스공사업,2825,(주)상원이앤지,이현정,전북,전북군산2018-10-01호,1646,230,1013,393,9,23,3
기계설비,기계설비·가스공사업,2826,상원테크(주),김영순,경남,김해 2004-27-1-1,585,160,29,378,16,203,3
기계설비,기계설비·가스공사업,2827,상일기공(주),김성수,전남광주,광주서06-12-01,4994,1340,2888,669,95,1401,5
기계설비,기계설비·가스공사업,2828,(유)상일엔지니어링,장상익,전북,전북전주2001-12-10,1707,704,680,252,70,781,2
기계설비,기계설비·가스공사업,2829,(주)상주냉열기,한염주,경북,경북상주2008-12-01,1885,347,1134,378,24,541,3
기계설비,기계설비·가스공사업,2830,상지이앤씨(주),노현상,서울,송파-10-10-05,12739,1536,9221,1870,110,1443,9
기계설비,기계설비·가스공사업,2831,(주)상지이엔에스,정원상,서울,성북24-파-01,1775,1015,422,337,0,1502,2
기계설비,기계설비·가스공사업,2832,(주)새늘,안대관,충북,충북청주제11-10-03,3503,151,910,2429,10,246,17
기계설비,기계설비·가스공사업,2833,새로이시스템(주),"심재익, 임영석",강원,광주서2020-10-02,2490,1025,306,1114,44,1280,10
기계설비,기계설비·가스공사업,2834,(주)새론이엔에스,변재석,경기,서초-21-10-04,4877,2272,2176,427,0,5121,3
기계설비,기계설비·가스공사업,2835,새론이엔에이(주),이춘열,서울,강남-02-12-14,3254,2008,563,481,200,1582,2
기계설비,기계설비·가스공사업,2836,(주)새만금스틸,장경수,전북,전북군산-24-파-05호,0,0,0,0,0,0,2
기계설비,기계설비·가스공사업,2837,(주)새미래이엔씨,조기환,대전,대전동구-2012-10-02,2830,1253,1043,443,89,757,3
기계설비,기계설비·가스공사업,2838,(주)새미테크,유주연,충남,충남논산-2014-10-02,1955,179,1076,676,23,158,5
기계설비,기계설비·가스공사업,2839,새빛엔지니어링(주),곽영미,대전,대전서구-20-10-1,1347,331,535,466,14,454,3
기계설비,기계설비·가스공사업,2840,(주)새빛엔지니어링,정관진,경기,거제 2008-10-02,365,114,51,191,8,129,1
기계설비,기계설비·가스공사업,2841,새서울공조(주),"박기엽, 박경진",경기,은평-08-10-3,3285,2222,524,378,158,4321,3
기계설비,기계설비·가스공사업,2842,새안이엔지(주),박병후,경기,파주09-10-1,2918,701,1483,682,50,1222,5
기계설비,기계설비·가스공사업,2843,새암씨텍(주),김영준,울산,수원-2001-12-2,9702,4171,3386,1723,419,11500,13
기계설비,기계설비·가스공사업,2844,(주)새진이엔씨,"이희영, 장진영",서울,강남-99-12-12,972,248,427,271,24,251,2
기계설비,기계설비·가스공사업,2845,(주)새천빛이앤지,이병구,대전,대전동구2010-10-02,1190,0,900,290,0,0,2
기계설비,기계설비·가스공사업,2846,(주)새터이엔지,나경주,전남광주,나주-24-파-01호,1642,304,857,479,0,536,3
기계설비,기계설비·가스공사업,2847,(주)새한공조,박승균,강원,강원2001-12-6,3186,1798,576,631,179,2309,5
기계설비,기계설비·가스공사업,2848,(주)새한공조,"오정혜, 이세문",제주,제주 서귀포2009-10-01,7719,2569,4441,524,183,3472,4
기계설비,기계설비·가스공사업,2849,(주)새한설비,홍성환,경남,창원마회2025-파-03,638,265,120,252,0,379,2
기계설비,기계설비·가스공사업,2850,(주)새한에이치테크,오봉진,서울,강남-05-12-21,16178,9263,5453,535,926,11678,2
기계설비,기계설비·가스공사업,2851,(주)새한엔지니어링,최명호,강원,춘천2007-27-03,792,153,249,378,10,39,3
기계설비,기계설비·가스공사업,2852,(주)새한엔지니어링,이종기,충북,충북청주16-10-3,584,349,44,174,14,1111,2
기계설비,기계설비·가스공사업,2853,(주)새한엔지니어링,김영화,전남광주,무안 제15-10-02,598,33,291,271,2,0,2
기계설비,기계설비·가스공사업,2854,새한환경기술(주),이광준,서울,금천-10-10-01,1181,161,717,290,11,189,2
기계설비,기계설비·가스공사업,2855,(유)샘물,이상정,제주,제주 제주2017-10-07,918,61,474,379,2,116,3
기계설비,기계설비·가스공사업,2856,(주)샘코스,전창한,경기,경기-97-12-68,7424,2627,3894,638,263,4235,5
기계설비,기계설비·가스공사업,2857,(주)샘터건설,한영미,부산,부산강서2013-10-02,3689,447,1855,1354,31,1291,9
기계설비,기계설비·가스공사업,2858,(주)샤론이앤지,"윤오규, 김영상",전북,광주북2019-10-05,1023,181,579,254,7,221,2
기계설비,기계설비·가스공사업,2859,(주)샤인개발,김란심,전남광주,나주2015-10-01,4014,1452,2010,447,103,1804,3
기계설비,기계설비·가스공사업,2860,(주)샤인하우징,송윤경,경기,남양주-24-파-07,681,166,387,127,0,277,1
기계설비,기계설비·가스공사업,2861,샤프에어테크시스템(주),최성주,서울,송파-08-10-06,3897,1468,1943,378,105,467,3
기계설비,기계설비·가스공사업,2862,(주)서강엔지니어링,배병희,인천,인천서구2022-파-07,769,72,444,252,0,103,2
기계설비,기계설비·가스공사업,2863,(주)서강엔텍,홍의환,충북,충북청원제00-12-02,1943,92,900,940,9,257,7
기계설비,기계설비·가스공사업,2864,(주)서강이엔지,서승범,강원,원주2023-파-01호,978,67,658,252,0,87,2
기계설비,기계설비·가스공사업,2865,서강플랜트(주),"김현기, 김양중",경남,김해 2004-12-1,3433,1196,1737,379,119,1899,3
기계설비,기계설비·가스공사업,2866,(주)서경,김평태,경남,김해 2013-10-02,15262,6313,7433,1061,452,4051,4
기계설비,기계설비·가스공사업,2867,(주)서경건설,한승수,전북,전북익산-24-파-03호,3188,850,1767,508,61,1576,4
기계설비,기계설비·가스공사업,2868,서경기술공사(주),민병훈,경남,김해2002-12-1,10332,4473,4442,968,447,6096,3
기계설비,기계설비·가스공사업,2869,(주)서경엔지니어링,김진한,대구,인제2009-10-01,6636,3378,2445,569,242,5811,4
기계설비,기계설비·가스공사업,2870,(주)서경테크,석미령,울산,울산남구 2002-12-7,1253,92,900,252,9,64,2
기계설비,기계설비·가스공사업,2871,(주)서경테크,박중애,경기,의정부2022-파-3,792,386,152,253,0,221,2
기계설비,기계설비·가스공사업,2872,서광(주),장철,강원,삼척2024-파-03호,862,0,610,252,0,0,2
기계설비,기계설비·가스공사업,2873,(주)서광,김동옥,경남,진주2019-23-03,5753,2376,2114,1160,102,3057,9
기계설비,기계설비·가스공사업,2874,서광개발(주),서인찬,강원,속초2009-10-04,2210,368,975,839,26,300,6
기계설비,기계설비·가스공사업,2875,(주)서광부스타이엔지,박정애,경기,화성20-10-14,813,233,294,275,10,594,2
기계설비,기계설비·가스공사업,2876,(주)서광산업,김광수,부산,부산진-99-12-4,2387,803,1232,271,80,513,2
기계설비,기계설비·가스공사업,2877,(유)서광설비산업,조웅현,전남광주,광주서02-27-1-04,2107,292,1406,378,29,396,3
기계설비,기계설비·가스공사업,2878,(주)서광이엔지,백흠서,인천,인천부평구2022-13-06,4270,2706,982,580,0,2124,4
기계설비,기계설비·가스공사업,2879,(주)서광주센타,장희연,전남광주,광주서-25-파-04,1152,0,900,252,0,0,2
기계설비,기계설비·가스공사업,2880,(주)서금아쿠아,이동현,경기,서초-08-10-02,5593,2191,2136,1109,156,4228,8
기계설비,기계설비·가스공사업,2881,(주)서남,채남호,대전,대전-99-12-14,1184,487,350,256,90,278,2
기계설비,기계설비·가스공사업,2882,서대프랜트(주),"김요시, 엄은숙",강원,춘천2020-10-04호,1068,434,108,505,18,459,4
기계설비,기계설비·가스공사업,2883,서도엔지니어링(주),양서우,서울,송파-07-12-6,3813,3085,0,505,221,7859,3
기계설비,기계설비·가스공사업,2884,서라벌산업개발(주),임춘재,경기,성남-2001-27-1-87,5147,709,3861,505,70,293,4
기계설비,기계설비·가스공사업,2885,(주)서라벌이엔지,유용운,충남,충남서산2024-13-03호,718,175,290,252,0,369,2
기계설비,기계설비·가스공사업,2886,서린ENG,손승억,경북,경북칠곡2013-10-04,796,141,391,252,10,68,2
기계설비,기계설비·가스공사업,2887,서린건설,황용주,경남,창원성산2015-23-03,1525,112,900,505,8,206,4
기계설비,기계설비·가스공사업,2888,(주)서린엔지니어링,김종열,경기,화성18-10-40,10381,2571,7555,144,110,2072,1
기계설비,기계설비·가스공사업,2889,서림건설(주),이복순,대전,대전대덕-12-10-02,565,57,246,257,4,101,2
기계설비,기계설비·가스공사업,2890,서림건설(주),서달수,울산,울산남구2019-10-04,1038,160,492,378,6,272,3
기계설비,기계설비·가스공사업,2891,(주)서림기공,김수희,대구,대구동구2002-12-05,5244,1958,2173,915,196,2574,5
기계설비,기계설비·가스공사업,2892,(주)서림이엔지,박인수,대전,대전대덕-06-12-1,938,356,303,252,25,397,2
기계설비,기계설비·가스공사업,2893,(주)서무,"서무근, 최지안",대구,대구동구-22-파-02호,916,299,364,252,0,682,2
기계설비,기계설비·가스공사업,2894,(주)서번,정용환,부산,부산-97-12-14,15388,5745,8014,1054,574,11158,8
기계설비,기계설비·가스공사업,2895,(주)서보,윤석창,경북,경북포항2001-27-1-20,6602,1624,4120,694,162,2637,5
기계설비,기계설비·가스공사업,2896,서보텍,김남극,부산,부산사상16-10-3,1989,1146,220,573,49,1614,6
기계설비,기계설비·가스공사업,2897,(주)서봉,최진석,경북,경북경주2009-23-01,2531,1178,764,505,84,848,4
기계설비,기계설비·가스공사업,2898,서부공조(주),김인옥,제주,제주제주2022-13-07,949,190,505,253,0,438,2
기계설비,기계설비·가스공사업,2899,(주)서부전기,방승희,충남,충남서산-2010-10-28,11351,2188,5937,3068,156,4250,24
기계설비,기계설비·가스공사업,2900,서산토탈건설(주),최기현,충남,충남태안2014-10-01,1088,270,397,400,19,301,3
기계설비,기계설비·가스공사업,2901,(주)서연스테이지,김경진,경기,경북포항2012-10-06,432,253,33,126,18,30,3
기계설비,기계설비·가스공사업,2902,(주)서영,오종덕,경남,인천-99-12-10,1301,216,549,513,21,361,4
기계설비,기계설비·가스공사업,2903,(주)서영이엔지,권태식,울산,울산남구2021-10-04,3506,941,2311,252,0,1024,2
기계설비,기계설비·가스공사업,2904,서영정공,엄종수,대구,대구99-12-242,3462,1077,1756,521,107,2064,4
기계설비,기계설비·가스공사업,2905,(주)서우시스템즈,백미원,서울,금천-02-12-9,7619,1834,4295,1305,183,5206,10
기계설비,기계설비·가스공사업,2906,서우이엔지(주),천병탁,인천,인천서구2023-파-04,4146,2614,774,757,0,3637,6
기계설비,기계설비·가스공사업,2907,(주)서우이엔지,김주범,경기,안산-22-파-002,864,229,279,355,0,397,3
기계설비,기계설비·가스공사업,2908,(주)서우환경개발,김재서,강원,철원2015-10-01,2526,463,1523,506,33,426,4
기계설비,기계설비·가스공사업,2909,서울공조(주),유광현,서울,강남-08-10-07,9799,3086,5987,505,220,5906,4
기계설비,기계설비·가스공사업,2910,서울기계공업(주),김원희,충남,시흥09-10-49,9476,3954,4712,527,282,10685,4
기계설비,기계설비·가스공사업,2911,서울냉동공조,이종철,경북,경북영주2008-10-01,909,308,317,261,22,103,2
기계설비,기계설비·가스공사업,2912,서울냉열(주),안민환,서울,96-서울-12-50,7421,4250,1657,1088,425,5105,8
기계설비,기계설비·가스공사업,2913,(주)서울산업기술,장희용,경기,안산-2003-27-431,1517,462,398,610,46,723,3
기계설비,기계설비·가스공사업,2914,서울센트랄상사,박창진,인천,경기-92-12-34,799,238,411,126,23,318,1
기계설비,기계설비·가스공사업,2915,(주)서울이앤지,박춘달,강원,강릉19-10-02호,752,177,314,252,7,221,2
기계설비,기계설비·가스공사업,2916,(주)서울프랜트,백동현,서울,충남홍성2025-파-02,1553,677,623,252,0,968,2
기계설비,기계설비·가스공사업,2917,서원건설(주),홍애라,충남,충남서산-2021-10-55,2647,308,1852,486,0,845,3
기계설비,기계설비·가스공사업,2918,(주)서원산업,김은종,강원,춘천 2012-10-01,1599,232,910,440,16,223,3
기계설비,기계설비·가스공사업,2919,(주)서원에너지,추연상,부산,부산남구2018-23-01,3202,888,1896,378,38,1336,3
기계설비,기계설비·가스공사업,2920,(주)서원엠이씨,"최지호, 강진숙",서울,송파-24-파-09,752,65,434,252,0,108,2
기계설비,기계설비·가스공사업,2921,(주)서원이앤지,지근영,충남,충남태안-2011-10-02,10501,4196,5096,908,299,9924,7
기계설비,기계설비·가스공사업,2922,(주)서원이엔씨,김동철,충북,충북청주제99-12-11,2155,485,1365,256,48,398,2
기계설비,기계설비·가스공사업,2923,(주)서원이엔지,김미아,강원,횡성2014-11-02,1885,346,1261,252,24,545,2
기계설비,기계설비·가스공사업,2924,서원이엔지(주),이용철,경남,김해 2010-12-03,3877,1466,1473,832,104,2756,6
기계설비,기계설비·가스공사업,2925,서일공조(주),서석인,경기,평택14-10-0002,1938,752,564,568,53,1370,4
기계설비,기계설비·가스공사업,2926,(주)서일워터플랜,심갑섭,경기,파주21-10-01,1299,64,848,386,0,179,3
기계설비,기계설비·가스공사업,2927,(주)서일플랜트,이준혁,대구,대구달서구2021-10-03호,159,19,56,83,0,67,2
기계설비,기계설비·가스공사업,2928,(주)서일플랜트,김상권,충남,충남서산-2012-10-31,5563,2913,2060,381,208,4394,2
기계설비,기계설비·가스공사업,2929,서전엔지니어링(주),유경하,서울,강남-99-12-31,24628,12771,8501,2078,1277,19397,15
기계설비,기계설비·가스공사업,2930,(주)서정개발,김용란,경남,진주 2004-27-1-1,4397,1654,1814,763,165,1517,6
기계설비,기계설비·가스공사업,2931,(주)서정아이앤티,최종문,경기,인천남동-98-27-78,962,203,358,378,20,197,3
기계설비,기계설비·가스공사업,2932,(주)서정이엔씨,이정원,경기,광주서2017-10-03,2171,1284,519,311,55,813,2
기계설비,기계설비·가스공사업,2933,서주건설(주),석창영,부산,부산기장2015-10-03,3215,516,1899,763,36,692,6
기계설비,기계설비·가스공사업,2934,(주)서준,윤영환,전남광주,전남구례2003-12-1,5370,1954,2140,1079,196,1800,7
기계설비,기계설비·가스공사업,2935,(주)서지팩토리,최윤석,서울,영등포17-23-01,1047,352,300,378,15,588,3
기계설비,기계설비·가스공사업,2936,서진건설(주),황해구,경남,창원의창2017-10-01,1242,436,345,441,18,391,3
기계설비,기계설비·가스공사업,2937,서진공조(주),김혜인,경기,김포-11-10-2,2180,1032,0,1073,73,725,8
기계설비,기계설비·가스공사업,2938,(주)서진공조,오윤순,경남,함양2021-10-01,1037,332,451,253,0,254,2
기계설비,기계설비·가스공사업,2939,(주)서진기계설비,송애숙,전남광주,전남97-12-30,1278,200,660,397,20,431,3
기계설비,기계설비·가스공사업,2940,서진기술(주),최재일,충남,충남천안-08-10-04,398,136,0,252,9,0,2
기계설비,기계설비·가스공사업,2941,(주)서진기전,장권오,경남,거창2023-파-01,948,267,428,252,0,594,2
기계설비,기계설비·가스공사업,2942,(주)서진비에스,김동명,전북,전북전주2024-파-12호,2996,635,2108,252,0,1062,2
기계설비,기계설비·가스공사업,2943,서진산업가스,윤형순,충남,충남당진-2011-23-01,1152,0,900,252,0,0,2
기계설비,기계설비·가스공사업,2944,서진설비산업(주),박정아,울산,울산남구2003-12-01,3404,1377,1235,653,137,2186,5
기계설비,기계설비·가스공사업,2945,(주)서진에너지,임태형,경기,성동17-10-01,3449,1272,642,1408,127,801,11
기계설비,기계설비·가스공사업,2946,서진엔지니어링(주),박규봉,경기,인천부평구-98-27-58,1066,259,275,505,25,151,4
기계설비,기계설비·가스공사업,2947,(주)서진엔지니어링,방문식,경기,부천-19-10-010,5970,4555,713,506,195,10243,4
기계설비,기계설비·가스공사업,2948,(주)서진엔텍,"김현지, 윤준호",경남,김해-23-파-09,327,191,39,95,0,132,1
기계설비,기계설비·가스공사업,2949,(주)서진이앤에스,박종국,서울,금천-15-10-06,3844,1559,1874,298,111,2530,2
기계설비,기계설비·가스공사업,2950,(주)서진이엔지,류서현,경기,성동-98-12-3,12342,4838,6642,378,483,6396,3
기계설비,기계설비·가스공사업,2951,(주)서진이엔지,서정원,경기,안성 제2016-23-1,1125,254,481,378,10,159,3
기계설비,기계설비·가스공사업,2952,(주)서진테크,홍의환,충북,세종-25-13-06호,527,0,150,376,0,0,3
기계설비,기계설비·가스공사업,2953,(주)서진티이에스,권혁환,경기,화성24-파-03,5239,2054,2806,378,0,3081,3
기계설비,기계설비·가스공사업,2954,(주)서진플랜트,김동빈,강원,삼척2025-파-01호,648,15,361,271,0,21,2
기계설비,기계설비·가스공사업,2955,(주)서한,문동석,경기,부천-09-10-10,6146,739,4436,918,52,1839,6
기계설비,기계설비·가스공사업,2956,(주)서한이엔씨,김은재,대전,대전유성2021-10-10,3753,2081,1090,580,0,2571,4
기계설비,기계설비·가스공사업,2957,(주)서해가스플랜트,이학만,충남,충남보령-2008-23-01,2255,416,1113,694,29,471,5
기계설비,기계설비·가스공사업,2958,(주)서해기공,정연님,충남,광주동2012-10-02,2250,301,1549,378,21,864,3
기계설비,기계설비·가스공사업,2959,서해에너시스(주),이성원,충남,충남예산-22-파-02,1031,208,441,381,0,241,3
기계설비,기계설비·가스공사업,2960,(유)서해이엔지,강순자,전북,전북완주-2022-파-01호,826,257,315,252,0,150,2
기계설비,기계설비·가스공사업,2961,(주)서현개발,정금숙,전남광주,광주광산2015-10-07,2481,868,1259,290,62,906,2
기계설비,기계설비·가스공사업,2962,(주)서호,조상원,경기,연천2018-10-01,65086,11788,51467,1324,505,26315,4
기계설비,기계설비·가스공사업,2963,(주)서호씨엠,조관배,서울,구로-25-파-01,856,0,603,252,0,0,2
기계설비,기계설비·가스공사업,2964,(주)서호엔텍,채상윤,경기,안양21-10-08,749,342,153,252,0,400,2
기계설비,기계설비·가스공사업,2965,(주)서호이엔지,"설효숙, 김현욱",경기,화성25-파-21호,391,0,120,271,0,0,2
기계설비,기계설비·가스공사업,2966,(주)서환산업,이양환,충남,제주-92-12-11,1536,63,900,567,6,0,4
기계설비,기계설비·가스공사업,2967,서흥MCO,김충호,경기,안산2014-10-6,1997,210,1014,757,15,317,6
기계설비,기계설비·가스공사업,2968,(주)서흥산업기계,김기동,전북,전북군산2011-10-04,11957,5319,5726,524,386,7857,4
기계설비,기계설비·가스공사업,2969,(주)서흥테크,이상판,부산,부산북구제2005-27-1-1,1409,68,702,631,6,135,5
기계설비,기계설비·가스공사업,2970,(주)석강,홍연옥,강원,태백2010-10-03,675,229,177,252,16,0,2
기계설비,기계설비·가스공사업,2971,석교플랜트(주),이웅진,경기,89-서울-12-55,10452,5100,2149,2688,514,2919,18
기계설비,기계설비·가스공사업,2972,(주)석림이엔지,조경희,경기,의정부2022-파-2,1852,660,561,631,0,1219,4
기계설비,기계설비·가스공사업,2973,석암산업(주),최순용,대전,대전유성-2011-10-01,4310,1467,1993,661,188,1638,5
기계설비,기계설비·가스공사업,2974,(주)석엔지니어링,이우석,인천,인천미추홀구2024-13-3,694,51,390,252,0,73,2
기계설비,기계설비·가스공사업,2975,석원기공(주),"김영제, 백영태",울산,울산남구2014-10-08,7053,5029,1050,613,359,8211,4
기계설비,기계설비·가스공사업,2976,(주)석전,전형수,경남,창원 2002-12-12,1685,860,215,523,86,1416,4
기계설비,기계설비·가스공사업,2977,(주)석진이엔티,김윤석,부산,부산사하2016-10-01,496,232,51,196,16,698,3
기계설비,기계설비·가스공사업,2978,(주)석현,이재석,서울,은평-2018-10-2,2800,1101,1273,378,47,1678,3
기계설비,기계설비·가스공사업,2979,(주)석화,최석화,대전,대전유성-2004-12-1,15470,1955,11731,1587,195,2975,11
기계설비,기계설비·가스공사업,2980,(주)선경시스템,한수진,경기,고양2013-10-2,3209,1006,1625,505,71,1219,4
기계설비,기계설비·가스공사업,2981,(주)선광이엔지,홍건희,충북,충북청주16-10-19,1653,654,718,252,28,579,2
기계설비,기계설비·가스공사업,2982,선광테크(주),정고은,충남,충남천안2023-파-07,2308,1315,739,252,0,524,2
기계설비,기계설비·가스공사업,2983,선다코리아(주),조장현,경기,충북음성10-10-2,2294,217,1303,757,15,195,6
기계설비,기계설비·가스공사업,2984,선명기전,신환규,부산,사상-2001-12-4,3590,715,2417,386,71,2022,3
기계설비,기계설비·가스공사업,2985,선명엔지니어링(주),이범석,서울,용산-23-파-01,160,107,-11,53,9,372,2
기계설비,기계설비·가스공사업,2986,(주)선명이엔지,이상재,서울,서대문11-10-01,2189,477,1287,389,34,876,3
기계설비,기계설비·가스공사업,2987,(유)선명이엔지,이병옥,전북,전북 정읍 2017-10-1,2328,918,806,563,39,1065,4
기계설비,기계설비·가스공사업,2988,(주)선민엔지니어링,이용숙,인천,인천남동06-12-01,16667,7259,8014,665,728,4283,3
기계설비,기계설비·가스공사업,2989,(주)선아,이상훈,경북,경북경주2014-10-01,3366,419,2519,397,29,400,3
기계설비,기계설비·가스공사업,2990,(주)선양,김수권,전북,전북남원2011-10-01,1104,158,643,290,11,98,2
기계설비,기계설비·가스공사업,2991,선양산기(주),문양오,전남광주,순천2000-12-01,9020,5658,768,2027,565,7686,12
기계설비,기계설비·가스공사업,2992,(주)선엔지니어링,엄선명,경기,남양주18-10-37,3870,1811,1476,505,77,1023,4
기계설비,기계설비·가스공사업,2993,선엔지니어링(주),임영빈,강원,강원2002-12-3,2595,507,1657,378,50,552,3
기계설비,기계설비·가스공사업,2994,(주)선영기업,변선영,전남광주,광주동-24-파-01,1366,616,459,290,0,951,2
기계설비,기계설비·가스공사업,2995,(주)선영시스텍,조영기,대전,대전유성-2021-23-1,0,0,0,0,0,0,3
기계설비,기계설비·가스공사업,2996,(주)선우,노형균,울산,대전-94-12-3,43498,13751,27702,669,1375,38496,3
기계설비,기계설비·가스공사업,2997,(주)선우산전,김한연,울산,울산북구2023-파-01,2156,924,979,252,0,1714,2
기계설비,기계설비·가스공사업,2998,(주)선우시스템,"석영미, 한동희",인천,인천계양2017-10-01,1284,126,900,252,5,74,2
기계설비,기계설비·가스공사업,2999,(주)선우엔지니어링,"서광학, 전형채",울산,울산울주2013-10-29,12548,8020,2712,1239,575,18625,5
기계설비,기계설비·가스공사업,3000,(주)선우오토텍,김제환,울산,울산남구2012-10-02,27838,9361,16902,905,668,19532,2
기계설비,기계설비·가스공사업,3001,선우이엔씨(주),안치국,충북,충북청주제11-10-6,3904,462,2777,631,33,565,5
기계설비,기계설비·가스공사업,3002,(주)선우이엔지,공춘수,경기,안양-11-10-6,4487,2297,1647,378,164,2260,3
기계설비,기계설비·가스공사업,3003,선우이엔지(주),김정림,충남,충남보령-2008-10-03,2331,632,1367,287,45,1156,2
기계설비,기계설비·가스공사업,3004,(주)선우티에스,임채연,전남광주,여수2010-10-09,9430,6127,1833,1029,441,10276,8
기계설비,기계설비·가스공사업,3005,(유)선우플랜트,김장선,전북,전북익산2001-12-4,7106,965,5791,252,96,0,2
기계설비,기계설비·가스공사업,3006,(주)선유이앤씨,구연걸,충남,화성20-10-31,2243,1736,-174,606,74,0,4
기계설비,기계설비·가스공사업,3007,(주)선유이엔지,주학동,경기,안산2009-23-3,3518,720,2241,505,51,731,4
기계설비,기계설비·가스공사업,3008,(주)선이앤씨,황승연,전북,전북고창2000-12-1,15745,2786,11307,1174,477,5300,8
기계설비,기계설비·가스공사업,3009,(주)선이엔지,강영구,충남,대전중구-08-10-01,990,185,267,524,13,173,4
기계설비,기계설비·가스공사업,3010,(주)선이종합건설,서승표,대전,대전-99-12-11,2313,648,1328,271,64,1121,2
기계설비,기계설비·가스공사업,3011,선인(주),박형구,전남광주,전남보성2023-파-01,1797,209,1257,329,0,387,2
기계설비,기계설비·가스공사업,3012,(주)선인플랜트,임현택,경기,평택-24-파-002,1910,236,1419,253,0,332,2
기계설비,기계설비·가스공사업,3013,(주)선일,김병섭,전북,전북전주2006-12-7,3902,962,2312,558,68,1630,4
기계설비,기계설비·가스공사업,3014,(주)선일건설,김태호,대구,대구중구2013-10-1,790,88,550,144,6,317,1
기계설비,기계설비·가스공사업,3015,(주)선일금속,"황본현, 황선우",경기,안산-2006-12-6,12315,1688,10128,378,120,2274,3
기계설비,기계설비·가스공사업,3016,(주)선일디엔씨,고영수,인천,인천계양2009-10-04,1909,283,1181,423,20,515,3
기계설비,기계설비·가스공사업,3017,선일디지이(주),김윤태,서울,동작05-27-1-2,3355,1335,1228,658,133,1978,5
기계설비,기계설비·가스공사업,3018,선일이씨티(주),김희곤,경기,하남2022-파-04,12155,1440,8644,2069,0,2482,11
기계설비,기계설비·가스공사업,3019,(유)선일이엔지,박형근,전북,전북전주2014-10-8,1629,286,1032,290,20,234,2
기계설비,기계설비·가스공사업,3020,선일전기산업(주),김영춘,강원,사상-2001-12-2,5000,859,3798,256,85,890,2
기계설비,기계설비·가스공사업,3021,선제이앤씨(주),전면식,경기,강서-07-12-6,12959,5047,6500,1049,361,7491,5
기계설비,기계설비·가스공사업,3022,선주이엔지(주),유미수,충북,충남천안-2014-10-01,6456,2378,3616,291,169,4742,2
기계설비,기계설비·가스공사업,3023,선진건영(주),차재선,경기,용인-2002-12-2,1340,145,548,631,14,168,5
기계설비,기계설비·가스공사업,3024,(주)선진기술서비스,장현근,전남광주,여수-24-파-07,2524,1726,545,252,0,1567,2
기계설비,기계설비·가스공사업,3025,(주)선진기업,변태용,충북,충북청주21-10-19,1152,0,900,252,0,0,2
기계설비,기계설비·가스공사업,3026,선진기전(주),장미현,울산,울산울주2017-10-05,1259,537,219,479,23,0,3
기계설비,기계설비·가스공사업,3027,(주)선진산업기계,이순애,경남,김해2017-10-01,3956,910,2735,271,39,1115,2
기계설비,기계설비·가스공사업,3028,선진산업설비(주),민정근,경기,경기-97-12-48,3987,1942,1535,315,194,2483,2
기계설비,기계설비·가스공사업,3029,(주)선진시스템,남기주,강원,춘천2025-파-01호,362,0,236,126,0,0,1
기계설비,기계설비·가스공사업,3030,(주)선진엔텍,최지혁,인천,인천남동20-10-01,803,376,63,347,16,441,3
기계설비,기계설비·가스공사업,3031,(주)선진이앤에스,허동현,서울,강남-06-12-4,31272,9825,19754,987,704,13792,7
기계설비,기계설비·가스공사업,3032,(주)선진이엔지,서동훈,경기,수원2019-10-08,1486,629,288,506,62,1220,4
기계설비,기계설비·가스공사업,3033,(주)선진이엔지,최승만,경기,평택-22-파-003,751,188,310,252,0,324,2
기계설비,기계설비·가스공사업,3034,(주)선진콘트롤엔엑세스,"신종수, 유기홍",서울,서초-98-12-17,45932,17128,22937,4139,1727,21615,24
기계설비,기계설비·가스공사업,3035,(주)선진환경기술,이진용,충남,충남아산-2022-13-04,1193,384,311,496,0,420,4
기계설비,기계설비·가스공사업,3036,(주)선택,"정응호, 노병선",대구,대구서구2008-10-4,8617,4855,2321,1093,346,7442,6
기계설비,기계설비·가스공사업,3037,선학건설(주),임선희,서울,송파-07-12-8,3240,718,2049,420,51,413,3
기계설비,기계설비·가스공사업,3038,선한기업(주),김은미,세종,충남서천-2016-10-01,639,234,140,255,10,418,2
기계설비,기계설비·가스공사업,3039,(주)선한이앤씨,심선실,경기,김포-20-10-10,3437,2329,818,189,99,158,1
기계설비,기계설비·가스공사업,3040,(주)선호이엠씨,고형준,경북,경북경산2006-12-1,2876,434,2032,378,31,118,3
기계설비,기계설비·가스공사업,3041,(주)선홍,김승배,경기,송파-97-12-8,2164,524,1251,336,52,1415,2
기계설비,기계설비·가스공사업,3042,(주)선후,박찬대,대구,대구동구2019-10-2,898,124,469,299,5,78,2
기계설비,기계설비·가스공사업,3043,(주)설악에너텍,박선경,강원,홍천2016-10-01호,3093,362,2172,543,15,856,4
기계설비,기계설비·가스공사업,3044,(주)설화이앤지,김용식,충남,충남아산-2021-10-03,1749,690,806,252,0,761,2
기계설비,기계설비·가스공사업,3045,(주)성건기업,"윤여현, 이호철",충남,충남아산-2019-10-10,6492,4519,1020,757,194,5649,6
기계설비,기계설비·가스공사업,3046,(유)성경엔지니어링,신기호,전북,전북완주2011-10-01,4304,896,3091,252,64,761,2
기계설비,기계설비·가스공사업,3047,(주)성광기술,박삼진,전남광주,여수2017-10-06,186,47,36,96,6,68,2
기계설비,기계설비·가스공사업,3048,성광산기,장갑석,경남,김해22-파-07,452,96,107,248,0,102,2
기계설비,기계설비·가스공사업,3049,(주)성광산업,김수영,전남광주,여수-26-파-05호,2049,0,767,1281,0,0,10
기계설비,기계설비·가스공사업,3050,(주)성광이앤지,서용돈,경기,수원-2005-12-3,25508,6195,17553,1138,621,6570,8
기계설비,기계설비·가스공사업,3051,(주)성광티시엠,이재길,부산,부산진2006-12-02,36,23,0,11,1,0,3
기계설비,기계설비·가스공사업,3052,(주)성광피이엠,오세영,경기,성남-2006-12-1,3580,459,2759,315,45,682,2
기계설비,기계설비·가스공사업,3053,성남건설산업(주),허남이,경기,평택21-10-0002,1334,154,927,253,0,118,2
기계설비,기계설비·가스공사업,3054,(유)성덕,최신환,전북,전북남원2021-10-02,2614,701,1481,431,0,497,3
기계설비,기계설비·가스공사업,3055,성도산업(주),김재우,경북,경북구미2004-27-1-1,7771,2711,3381,1408,271,3003,11
기계설비,기계설비·가스공사업,3056,(주)성도에프엠,조경록,전남광주,광주남97-27-02-01,1515,481,478,507,48,176,4
기계설비,기계설비·가스공사업,3057,(주)성도이엔지,"정영용, 이언웅",서울,강원-12-36,278704,35077,210466,29461,3698,23707,122
기계설비,기계설비·가스공사업,3058,(주)성도이엔지,백성창,경기,수원05-27-1-2,1850,701,446,631,70,633,5
기계설비,기계설비·가스공사업,3059,성도종합기술(주),이대욱,울산,울산중구2001-12-01,5007,3314,837,524,331,3503,4
기계설비,기계설비·가스공사업,3060,성도프랜트(주),이종기,서울,영등포98-12-8,4993,1802,2169,840,180,3502,6
기계설비,기계설비·가스공사업,3061,성동기업(주),유서영,경기,성남12-10-3,1695,598,675,378,42,802,3
기계설비,기계설비·가스공사업,3062,(주)성두이엔씨,유정호,인천,인천-12-91,4198,780,2458,881,78,845,5
기계설비,기계설비·가스공사업,3063,(주)성림,조정식,강원,춘천2024-파-01호,322,126,78,117,0,263,3
기계설비,기계설비·가스공사업,3064,(주)성림건설,오현정,경남,경남거제2019-10-05,969,346,337,271,14,1186,2
기계설비,기계설비·가스공사업,3065,성림산업설비(주),박성화,부산,부산해운대제2009-10-01,1233,342,601,263,24,803,2
기계설비,기계설비·가스공사업,3066,성림에너지(주),남곤,부산,부천-2000-12-5,0,0,0,0,0,0,2
기계설비,기계설비·가스공사업,3067,(주)성마이엔지,성국창,경기,시흥-22-파-85,1327,531,417,378,0,1094,3
기계설비,기계설비·가스공사업,3068,성만기계공업(주),손진옥,충북,충북제천04-12-02,6572,889,5339,254,88,688,2
기계설비,기계설비·가스공사업,3069,(주)성무설비,염남열,울산,울산중구2008-10-03,1152,0,900,252,0,0,2
기계설비,기계설비·가스공사업,3070,(주)성문이엔지,권혁재,경기,안양-16-10-03,7706,5935,1137,378,254,8317,3
기계설비,기계설비·가스공사업,3071,(주)성민브라더스,이민철,부산,부산기장2025-파-01호,573,0,321,252,0,0,2
기계설비,기계설비·가스공사업,3072,(주)성민산업,원현혜,경남,창원마회2025-파-01,546,0,275,271,0,0,2
기계설비,기계설비·가스공사업,3073,(주)성민전력,이영덕,경남,하동2021-10-02,1405,164,988,252,0,116,2
기계설비,기계설비·가스공사업,3074,성백산업개발(주),박창서,인천,강남-01-12-19,43481,20635,18500,2282,2063,36907,13
기계설비,기계설비·가스공사업,3075,(주)성보,오영근,경기,화성20-10-16,1152,0,900,252,0,0,2
기계설비,기계설비·가스공사업,3076,(주)성보건설,오정원,경북,동작-02-12-1,3738,1216,2021,378,121,928,3
기계설비,기계설비·가스공사업,3077,(주)성보기계설비,이은철,전남광주,광주광산2012-10-03,4406,894,3195,252,63,1569,2
기계설비,기계설비·가스공사업,3078,(주)성보기전,강담윤,경기,울산남구2017-10-12,1871,1223,208,387,52,0,3
기계설비,기계설비·가스공사업,3079,(주)성보산업개발,김영기,충남,충남천안-2020-10-04,1983,584,1102,271,25,1087,2
기계설비,기계설비·가스공사업,3080,(주)성보엔지니어링,김형철,서울,82-12-239,158017,71596,71234,7985,7200,99590,38
기계설비,기계설비·가스공사업,3081,성보이텍(주),이철호,강원,양구2012-10-01,1421,633,165,577,45,811,4
기계설비,기계설비·가스공사업,3082,(주)성복,정호걸,경기,성남-2005-12-3,2581,760,1487,257,76,1559,2
기계설비,기계설비·가스공사업,3083,(주)성복엔지니어링,"박기철, 박육순",대전,대전대덕-2000-12-3,1344,461,419,416,46,704,3
기계설비,기계설비·가스공사업,3084,(주)성산,차정현,울산,경남-95-12-12,6690,1286,4387,887,128,1620,7
기계설비,기계설비·가스공사업,3085,(주)성산기업,권찬용,충남,김포-2006-12-2,12213,7390,564,3730,527,10860,44
기계설비,기계설비·가스공사업,3086,성산이엔씨(주),조호성,경기,강남-23-파-01,1460,800,281,378,0,1497,3
기계설비,기계설비·가스공사업,3087,(주)성수엔바이로,임정화,충북,충주2019-10-1,7443,2413,3696,1227,105,3334,9
기계설비,기계설비·가스공사업,3088,성수이엔지(주),박종근,경북,경북칠곡2012-10-01,15888,6168,8516,763,440,6382,6
기계설비,기계설비·가스공사업,3089,(주)성시스템,박원용,전남광주,광주남2008-10-02,655,274,108,252,19,328,2
기계설비,기계설비·가스공사업,3090,(주)성신이엔지,유영주,충남,충남서산시2015-23-78,1009,293,190,505,20,355,4
기계설비,기계설비·가스공사업,3091,(주)성심산업,이건택,충남,충남아산-2009-10-01,2562,1577,367,505,112,3218,4
기계설비,기계설비·가스공사업,3092,(주)성심설비,이경열,경북,경북97-12-10,5963,920,4509,441,92,1890,3
기계설비,기계설비·가스공사업,3093,(주)성심이앤씨,김성심,제주,제주 제주2018-10-01,972,181,511,271,7,442,2
기계설비,기계설비·가스공사업,3094,(유)성심이앤지,박훈기,전북,전북남원 2009-10-03,1565,132,900,524,9,221,4
기계설비,기계설비·가스공사업,3095,성아엔지니어링(주),조선제,경남,함안2024-파-05,958,527,178,252,0,881,2
기계설비,기계설비·가스공사업,3096,(주)성안,김성홍,경북,경북영천2024-파-2,0,0,0,0,0,0,2
기계설비,기계설비·가스공사업,3097,성안엔지니어링(주),송성호,울산,울산남구2017-10-02,443,0,317,126,0,0,1
기계설비,기계설비·가스공사업,3098,(주)성완이엔지,양용,전남광주,광주북2016-10-05,672,30,495,145,1,0,1
기계설비,기계설비·가스공사업,3099,(주)성용산기,김은성,전남광주,목포2020-10-01,735,273,178,271,11,440,2
기계설비,기계설비·가스공사업,3100,성용설비(주),김규태,대구,대구서구2006-12-2,2069,651,819,551,46,1775,4
기계설비,기계설비·가스공사업,3101,(주)성우가스윈,안기완,부산,부산연제2007-27-1-01,994,151,326,505,10,256,4
기계설비,기계설비·가스공사업,3102,성우냉기(주),"이상열, 이준상",경기,이천-2002-12-4,3527,443,2661,378,44,361,3
기계설비,기계설비·가스공사업,3103,성우산업(주),주기현,전남광주,순천2007-12-03,1015,417,189,378,29,613,3
기계설비,기계설비·가스공사업,3104,(주)성우솔루텍,정민호,부산,양산-24-파-03,788,489,54,244,0,754,2
기계설비,기계설비·가스공사업,3105,성우엔지니어링(주),김선규,대전,대전-98-12-12,6246,2478,2841,677,248,4754,5
기계설비,기계설비·가스공사업,3106,성우이앤씨,김덕준,경기,구로-06-12-2,452,192,103,142,13,535,3
기계설비,기계설비·가스공사업,3107,(주)성우이앤씨,한상도,충남,고양-2008-10-1,1814,1008,481,252,72,531,2
기계설비,기계설비·가스공사업,3108,(주)성우이엔지,김기호,경기,시흥2015-23(1)-03,936,144,402,378,10,130,3
기계설비,기계설비·가스공사업,3109,(주)성운건설,김남현,전북,전북익산2020-10-01,2883,355,2130,381,15,148,3
기계설비,기계설비·가스공사업,3110,(주)성운기계,정성택,인천,인천서구2018-10-05,3424,1832,1260,252,78,2378,2
기계설비,기계설비·가스공사업,3111,성운기업(주),이주현,서울,강남-97-12-8,2878,839,1552,401,83,1296,3
기계설비,기계설비·가스공사업,3112,(주)성운이엔지,"김기형, 김필화",대전,대전-92-12-28,8351,3826,3342,799,382,4586,5
기계설비,기계설비·가스공사업,3113,(주)성운프렌트,홍승호,인천,인천서구2008-10-01,9400,3089,5799,290,220,11034,2
기계설비,기계설비·가스공사업,3114,성원건설(주),이석곤,경기,오산2022-파-06,2728,1171,624,933,0,1262,8
기계설비,기계설비·가스공사업,3115,(주)성원기공,이용우,울산,울산울주2024-파-5,824,265,305,252,0,444,2
기계설비,기계설비·가스공사업,3116,성원기업(주),박래금,전남광주,광양2007-12-03,11082,4442,3181,3140,318,7248,23
기계설비,기계설비·가스공사업,3117,(주)성원산업,이재형,부산,부산연제2007-12-02,17328,9614,5657,1367,689,14654,5
기계설비,기계설비·가스공사업,3118,(주)성원산업,채수성,경기,수원2020-10-01,4297,2499,807,883,107,4344,7
기계설비,기계설비·가스공사업,3119,(주)성원산업,이부행,전북,전북군산2020-10-02,4426,1208,2787,378,52,1841,3
기계설비,기계설비·가스공사업,3120,성원엔지니어링(주),문성원,경북,경북구미2023-파-6,3291,1495,1516,279,0,3153,2
기계설비,기계설비·가스공사업,3121,(주)성원이엔씨,신동현,충남,대전-98-12-9,1526,752,407,290,75,803,2
기계설비,기계설비·가스공사업,3122,(주)성원이엔씨,김류현,전남광주,전남보성2018-10-02,1248,498,476,252,21,1298,2
기계설비,기계설비·가스공사업,3123,성원이엔씨,김성규,경북,경북울진2015-10-2,221,41,50,126,2,0,1
기계설비,기계설비·가스공사업,3124,(주)성원이엔아이,인철우,경기,경기시흥2020-10-56,3075,412,2377,267,17,880,2
기계설비,기계설비·가스공사업,3125,(주)성원이엔지,임형종,울산,울산울주2017-10-01,2294,1034,836,378,44,222,3
기계설비,기계설비·가스공사업,3126,(주)성원이엔지,임영규,경기,이천23-파-01,1724,1210,260,252,0,2356,2
기계설비,기계설비·가스공사업,3127,성원이엔티(주),홍형택,경기,부천-12-10-3,1488,77,900,505,5,0,4
기계설비,기계설비·가스공사업,3128,성원이엔피(주),이성원,경남,김해 2012-10-05,2619,1549,699,259,111,2245,2
기계설비,기계설비·가스공사업,3129,(주)성원이엠씨,양산규,인천,인천동구2009-10-03,1373,310,701,338,22,383,2
기계설비,기계설비·가스공사업,3130,성원종합설비(주),이창수,서울,서초-05-12-10,11399,5123,4932,831,512,6944,5
기계설비,기계설비·가스공사업,3131,(주)성원지엘,유상,전북,전북전주2024-파-15호,1947,659,783,505,0,1086,4
기계설비,기계설비·가스공사업,3132,(유)성원테크,송미숙,전북,전북전주2024-파-4호,837,292,283,262,0,343,2
기계설비,기계설비·가스공사업,3133,(주)성윤산업,조용은,경남,거제 2005-12-01,6065,2357,2967,505,235,4288,4
기계설비,기계설비·가스공사업,3134,(주)성윤이엔지,박진록,서울,서대문-05-27-1-1,4557,2666,728,894,267,3390,7
기계설비,기계설비·가스공사업,3135,성윤종합건설(주),정해천,충북,충북청주25-파-1,3281,227,1365,1687,0,325,11
기계설비,기계설비·가스공사업,3136,성은건설,김순환,서울,중랑-12-10-02,1037,186,421,416,13,256,3
기계설비,기계설비·가스공사업,3137,(주)성은공조,이경미,경남,창원의창2020-10-02,2350,676,1137,506,29,611,4
기계설비,기계설비·가스공사업,3138,성은산업,곽진보,대전,대전서구-20-10-3,1701,449,685,546,19,482,4
기계설비,기계설비·가스공사업,3139,(주)성인,정재만,전남광주,전남97-12-24,1209,51,900,252,5,64,2
기계설비,기계설비·가스공사업,3140,(주)성일,박재근,부산,부산강서2007-12-02,1385,639,194,505,45,952,4
기계설비,기계설비·가스공사업,3141,(주)성일,김내영,경기,안산2011-10-7,4252,1112,2681,378,79,3972,3
기계설비,기계설비·가스공사업,3142,성일기계(주),"오민환, 오석환",서울,서울-12-82,54888,25243,23214,3899,2531,36119,20
기계설비,기계설비·가스공사업,3143,(주)성일시스템,오기철,인천,인천계양2013-10-01,8527,4883,1357,1937,348,7954,14
기계설비,기계설비·가스공사업,3144,(주)성일신소재,김성진,경남,김해2017-10-03,2188,1399,29,699,60,495,12
기계설비,기계설비·가스공사업,3145,성일테크원(주),"전정숙, 김병욱",경기,김포-18-10-03,1973,95,900,973,4,0,7
기계설비,기계설비·가스공사업,3146,(주)성일플랜트,연보흠,충북,충북청주16-10-2,3309,1985,711,527,85,2371,4
기계설비,기계설비·가스공사업,3147,성재(주),황미정,경남,춘천2018-10-02호,1316,115,525,671,4,223,5
기계설비,기계설비·가스공사업,3148,(유)성전이엔씨,정효관,전남광주,여수2010-10-14,6405,849,5097,397,60,55,3
기계설비,기계설비·가스공사업,3149,(주)성조테크,이수형,경기,안양-12-10-8,4703,1359,2930,315,97,1966,2
기계설비,기계설비·가스공사업,3150,(주)성주,정정순,강원,강원-96-12-7,694,92,403,189,9,254,1
기계설비,기계설비·가스공사업,3151,(주)성주,문영민,전남광주,광양2004-12-03,3462,1102,1851,397,110,1306,3
기계설비,기계설비·가스공사업,3152,성주산업건설(주),함주옥,강원,광주서2012-10-02,2567,917,1043,541,65,1710,4
기계설비,기계설비·가스공사업,3153,성주씨앤씨(주),차미영,서울,광진-24-파-3,1154,1,900,252,0,3,2
기계설비,기계설비·가스공사업,3154,성주에너지(주),강선임,전남광주,전남95-12-152,6937,1074,5122,632,107,1786,5
기계설비,기계설비·가스공사업,3155,(주)성지공영,방영문,울산,구로-99-12-10,16059,10543,3780,677,1057,11160,5
기계설비,기계설비·가스공사업,3156,(주)성지공조기술,김성현,경기,서초-06-12-8,3009,1016,730,1188,72,795,9
기계설비,기계설비·가스공사업,3157,성지기계설비,공정미,충북,옥천23-파-1,1474,297,653,524,0,482,4
기계설비,기계설비·가스공사업,3158,(주)성지기공,"이호석, 이민수",인천,인천-95-12-6,51947,20264,25901,3748,2032,27608,16
기계설비,기계설비·가스공사업,3159,(주)성지기업,김성익,제주,제주 북제주 2006-12-01,11493,2860,7356,1071,204,5595,7
기계설비,기계설비·가스공사업,3160,(주)성지이앤씨,김진환,서울,광진-14-10-02,365,123,35,198,8,268,3
기계설비,기계설비·가스공사업,3161,성지이앤씨(주),권석동,충남,충남태안-2018-10-01,1289,410,597,264,17,1110,2
기계설비,기계설비·가스공사업,3162,(주)성지이엔지,유귀수,전북,전북익산-26-파-01호,643,0,390,252,0,0,2
기계설비,기계설비·가스공사업,3163,성진건설(주),김복래,강원,경기북부-98-12-4,9413,2906,5076,1140,290,4825,9
기계설비,기계설비·가스공사업,3164,(주)성진기공,변상원,충북,충북청주제05-12-10,2072,565,944,505,56,244,3
기계설비,기계설비·가스공사업,3165,성진기어제작소(주),"정일권, 정사영",인천,인천남동19-10-09,267,58,69,137,2,93,2
기계설비,기계설비·가스공사업,3166,(주)성진기업,전말순,경북,경북구미2015-10-4,3251,404,2415,401,28,760,3
기계설비,기계설비·가스공사업,3167,(주)성진산업개발,이승표,전남광주,광주광산2013-23-02,843,135,193,505,9,122,4
기계설비,기계설비·가스공사업,3168,(주)성진설비,송안식,부산,부산진-2001-12-10,5043,1622,2737,520,162,2634,3
기계설비,기계설비·가스공사업,3169,(주)성진에이텍,진성미,경남,경남거제2021-10-01,1620,204,1028,387,0,453,3
기계설비,기계설비·가스공사업,3170,(주)성진엔지니어링,장수영,충남,세종-2013-10-30,2277,559,1298,380,39,915,3
기계설비,기계설비·가스공사업,3171,(주)성진엠텍,"신광섭, 신성준",경기,부천-07-12-5,2174,843,450,820,60,567,6
기계설비,기계설비·가스공사업,3172,(주)성진이앤씨,김병선,경기,안성2024-파-0001,2084,1392,439,252,0,3219,2
기계설비,기계설비·가스공사업,3173,(주)성진이앤아이,"박흥원, 박정출",경북,경북포항2004-12-03,2552,540,1199,757,54,684,6
기계설비,기계설비·가스공사업,3174,(주)성진이엔씨,이재준,경기,수원-2000-12-3,769,382,95,252,38,152,2
기계설비,기계설비·가스공사업,3175,성진코퍼레이션(주),문기학,충북,충북-96-12-3,1982,1458,0,378,145,2071,3
기계설비,기계설비·가스공사업,3176,성진플랜트(주),이성호,서울,금천-15-10-05,2063,569,1200,252,40,643,2
기계설비,기계설비·가스공사업,3177,(주)성진플랜트,오성진,충북,충북청주01-12-1,3134,1676,784,505,167,2600,3
기계설비,기계설비·가스공사업,3178,(주)성창그린이엔씨,홍인하,경기,안산-2007-12-6,2417,306,1836,252,21,114,2
기계설비,기계설비·가스공사업,3179,(주)성창기공수처리공사,오예환,경기,서초-04-12-9,8996,3216,4946,512,321,4085,4
기계설비,기계설비·가스공사업,3180,(주)성창기전,"지광섭, 신상섭",서울,강남-98-12-18,21209,10490,8853,816,1049,17593,4
기계설비,기계설비·가스공사업,3181,(주)성창산업설비,이창봉,부산,부산진-2000-12-1,2479,1074,1045,252,107,844,2
기계설비,기계설비·가스공사업,3182,성창설비(주),김재관,경북,경북포항2016-10-11,5307,1578,3409,252,67,3298,2
기계설비,기계설비·가스공사업,3183,(주)성창엔지니어링,양용석,대전,대전중구-05-27-1-02,1104,353,336,378,35,559,3
기계설비,기계설비·가스공사업,3184,(주)성학,이종미,경북,경북경산2013-10-2,2354,750,1128,422,53,557,3
기계설비,기계설비·가스공사업,3185,성한(주),윤홍익,대전,대전유성-2008-10-3,5837,3714,537,1319,265,410,9
기계설비,기계설비·가스공사업,3186,(주)성한,김용삼,경북,경북포항2026-파-04,372,0,120,252,0,0,2
기계설비,기계설비·가스공사업,3187,(주)성한기업,박성규,전남광주,광주북98-12-05,715,71,257,378,7,206,3
기계설비,기계설비·가스공사업,3188,성한이엔지(유),"배성호, 윤한용",대구,대구중구2008-12-2,7452,1384,4746,1102,217,2166,8
기계설비,기계설비·가스공사업,3189,(주)성한지엔아이,신현오,서울,서초-02-27-1-2,966,161,409,378,16,162,3
기계설비,기계설비·가스공사업,3190,(주)성현,김호성,전북,충남서천-2004-12-10,9735,5975,2026,1136,597,12072,9
기계설비,기계설비·가스공사업,3191,(주)성현기공,"김대중, 문성남",경기,안산2015-10-7,23650,12845,9275,611,917,9956,4
기계설비,기계설비·가스공사업,3192,(주)성현기공,이현덕,충북,충북청주제05-12-8,7697,1011,6070,513,101,1635,4
기계설비,기계설비·가스공사업,3193,(주)성현퍼라이트,김한우,충북,충북음성14-10-1,5001,4091,238,378,292,1164,3
기계설비,기계설비·가스공사업,3194,성호그린테크(주),박왕재,전남광주,전남장성2021-10-03,2294,481,1522,290,0,655,2
기계설비,기계설비·가스공사업,3195,(주)성호기건,오미숙,부산,부산금정2005-12-03,1389,672,258,392,67,1155,3
기계설비,기계설비·가스공사업,3196,(주)성호이엔지,김득수,경북,경북포항2019-10-01,613,152,201,252,6,132,2
기계설비,기계설비·가스공사업,3197,(주)성화,유선미,경남,함양2024-파-02,1041,62,474,505,0,119,4
기계설비,기계설비·가스공사업,3198,성화공조시스템(주),안윤석,서울,송파-06-12-9,10005,5752,3462,378,410,8106,3
기계설비,기계설비·가스공사업,3199,(주)성화설비,황용호,경남,경남 마산99-12-04,36735,19890,11762,3088,1994,25315,14
기계설비,기계설비·가스공사업,3200,(주)성화엔지니어링,박한대,경북,경북김천2019-10-02,8336,2668,4795,757,114,5744,6
기계설비,기계설비·가스공사업,3201,(합)세가온,편지한,강원,강원 96-12-11,3433,357,2145,895,35,649,7
기계설비,기계설비·가스공사업,3202,(주)세강엠피알,김강남,경남,마산 2009-10-1,2447,463,1572,378,33,529,3
기계설비,기계설비·가스공사업,3203,(주)세건엔지니어링,박경흠,부산,부산-12-64,3330,619,2079,569,61,1000,4
기계설비,기계설비·가스공사업,3204,(주)세경,서창덕,제주,제주 서귀포2012-10-35,1259,99,900,252,7,184,2
기계설비,기계설비·가스공사업,3205,(주)세경산업개발,문옥렬,경북,경북경산2001-12-1,717,358,70,252,35,222,2
기계설비,기계설비·가스공사업,3206,세경산전(주),신홍환,강원,원주2023-파-02호,2804,878,1454,471,0,2840,3
기계설비,기계설비·가스공사업,3207,세경엔지니어링(주),정용호,서울,송파-99-12-9,1933,982,86,766,98,270,4
기계설비,기계설비·가스공사업,3208,(주)세경이앤지,"김태근, 연상호",경기,양주16-23-1,2147,893,557,633,63,1222,5
기계설비,기계설비·가스공사업,3209,세고엔텍,김윤완,부산,부산사상11-10-3,1928,313,1019,573,22,740,3
기계설비,기계설비·가스공사업,3210,(주)세광,엄세현,부산,부산-94-12-37,6954,520,3120,3232,81,1035,21
기계설비,기계설비·가스공사업,3211,세광산업(주),"김재붕, 김진배",경기,경기-98-12-26,18140,4385,11528,1788,438,7068,12
기계설비,기계설비·가스공사업,3212,세광산업,동근한,경남,함안 2000-12-118,207,83,30,86,8,33,4
기계설비,기계설비·가스공사업,3213,(주)세광엔지니어링,정광한,울산,경남-89-12-3,2050,1268,402,252,126,1633,2
기계설비,기계설비·가스공사업,3214,(주)세광테크,이민천,부산,부산동래2012-10-3,1180,623,206,253,97,232,2
기계설비,기계설비·가스공사업,3215,(주)세광테크,김철수,인천,인천서구2019-10-11,0,0,0,0,0,0,11
기계설비,기계설비·가스공사업,3216,(주)세광플랜트,한광수,경기,인천동구2006-12-02,4880,3246,984,416,231,2714,3
기계설비,기계설비·가스공사업,3217,(주)세광플러스,임혜주,전남광주,나주-25-파-01,12077,2322,8239,1515,0,3317,12
기계설비,기계설비·가스공사업,3218,(주)세기,고문주,제주,제주-94-12-3,1608,433,851,280,43,233,2
기계설비,기계설비·가스공사업,3219,(주)세기건설,박현진,전남광주,순천2026-파-01호,1406,127,900,378,0,182,3
기계설비,기계설비·가스공사업,3220,(주)세기공조,김남숙,대구,대구남구2022-파-11호,468,57,157,252,0,0,2
기계설비,기계설비·가스공사업,3221,(주)세기공조시스템,김동성,서울,송파-12-10-3,3865,1638,1666,441,117,2760,3
기계설비,기계설비·가스공사업,3222,(주)세기공조플랜트,"최영민, 강정희",서울,금천-10-10-03,3624,1536,951,1025,110,2581,6
기계설비,기계설비·가스공사업,3223,(주)세기기공,허연주,대구,대구남구2010-10-11,1363,79,900,378,5,108,3
기계설비,기계설비·가스공사업,3224,(주)세기냉동,김문경,충남,충남서산-2020-10-50,1783,731,516,505,31,1366,4
기계설비,기계설비·가스공사업,3225,세기냉동,김은재,경남,창원의창2016-10-03,3199,1490,1392,252,63,2139,2
기계설비,기계설비·가스공사업,3226,세기냉열산업(주),김교식,서울,동대문-11-10-2,1055,780,92,126,55,930,1
기계설비,기계설비·가스공사업,3227,(주)세기산업,이인범,경기,경기-96-12-21,6261,1523,3853,732,152,1730,5
기계설비,기계설비·가스공사업,3228,(유)세기산업,양춘호,전북,전북진안2025-파-01호,1053,36,636,380,0,52,3
기계설비,기계설비·가스공사업,3229,세기산업기술(주),최인철,강원,정선2008-10-02,5680,2367,2890,252,169,3577,2
기계설비,기계설비·가스공사업,3230,(주)세기산업이엔지,고원준,울산,구로-97-12-9,6556,3452,2487,271,345,3526,2
기계설비,기계설비·가스공사업,3231,(주)세기시스템,"김성호, 구형주",부산,부산해운대2019-10-02,2132,1491,320,256,63,1220,2
기계설비,기계설비·가스공사업,3232,(주)세기씨앤에이,"박현정, 이용태",서울,중랑-05-12-1,6005,1205,4281,398,120,1619,3
기계설비,기계설비·가스공사업,3233,(주)세기씨에이치이,전준복,전남광주,목포2013-10-03,1447,661,341,397,47,356,3
기계설비,기계설비·가스공사업,3234,세기에너지(주),김주영,경기,82-12-334,2461,1056,478,820,105,949,6
기계설비,기계설비·가스공사업,3235,(주)세기엔지니어링,이용식,경기,시흥2015-10-5,2725,1307,748,575,93,1773,4
기계설비,기계설비·가스공사업,3236,(주)세기이엔지,임근식,경기,평택-23-파-036,5410,1472,3684,252,0,2834,2
기계설비,기계설비·가스공사업,3237,(주)세기티엔씨,박종일,서울,안산-2002-12-6,4536,1423,2049,921,142,1649,7
기계설비,기계설비·가스공사업,3238,(주)세기플랜트,김현문,전북,전북-12-139,1636,360,860,378,36,236,3
기계설비,기계설비·가스공사업,3239,(주)세나공조시스템,하원석,서울,송파-06-12-3,2112,1309,444,264,93,1686,2
기계설비,기계설비·가스공사업,3240,세덕기전(주),황복성,전남광주,전남영광2003-12-1,11921,1441,8610,1726,144,2967,12
기계설비,기계설비·가스공사업,3241,(주)세동이엔지,반기석,강원,강릉17-10-01호,1380,159,959,254,6,183,2
기계설비,기계설비·가스공사업,3242,세동테크,정덕실,울산,울산울주2020-10-23,1172,452,384,315,19,692,2
기계설비,기계설비·가스공사업,3243,(주)세룡산업,유기남,충북,충북청주제05-27-01-4,1525,379,476,631,38,338,5
기계설비,기계설비·가스공사업,3244,(주)세리공영,백충기,충북,충북청주-99-12-10,1372,501,191,629,50,843,4
기계설비,기계설비·가스공사업,3245,(주)세림가스산업,정선희,경기,경기양평2019-23-01,971,383,246,325,16,415,4
기계설비,기계설비·가스공사업,3246,(주)세림냉동플랜트,전형권,전북,전북전주2012-10-4,3045,909,1438,633,64,774,5
기계설비,기계설비·가스공사업,3247,(주)세림이엔지,임추택,전남광주,전남12-78,1526,179,1076,252,17,224,2
기계설비,기계설비·가스공사업,3248,(주)세명건설,김지숙,강원,강원고성2009-10-03,4211,539,3236,397,38,424,3
기계설비,기계설비·가스공사업,3249,(주)세명에너지,김부자,전남광주,순천2009-10-01,820,305,139,353,21,736,2
기계설비,기계설비·가스공사업,3250,(주)세명정공,박종두,경남,함안2017-10-01,0,0,0,0,0,0,3
기계설비,기계설비·가스공사업,3251,세명플랜트(주),이현희,강원,강원2001-12-5,1204,267,594,315,26,353,2
기계설비,기계설비·가스공사업,3252,(주)세미엔지니어링,최형수,충남,충남천안-01-27-04,639,138,107,378,13,219,3
기계설비,기계설비·가스공사업,3253,세미텍엔지니어링,엄형욱,경기,의정부2008-10-1,4961,2182,2371,252,155,3895,2
기계설비,기계설비·가스공사업,3254,(주)세민,김인호,경북,경북포항2021-10-02,1996,711,756,527,0,1157,4
기계설비,기계설비·가스공사업,3255,(주)세방엔지니어링,이범학,충남,충남천안-04-12-02,7327,2570,4083,416,257,3257,3
기계설비,기계설비·가스공사업,3256,(주)세방테크,"박계석, 강치성",서울,서울-12-45,493448,350145,85715,22072,35514,342847,35
기계설비,기계설비·가스공사업,3257,(주)세보엠이씨,"김우영, 이원하",서울,서울-12-122,1000974,473639,435043,41950,50341,552432,127
기계설비,기계설비·가스공사업,3258,(주)세보이엔씨,고재혁,대전,대전대덕-09-10-02,1385,842,61,421,60,409,5
기계설비,기계설비·가스공사업,3259,(주)세성엔지니어링,이병규,부산,북구-2000-12-2,2380,1001,672,606,100,1006,4
기계설비,기계설비·가스공사업,3260,세세건설(주),윤현규,서울,송파-02-12-12,1318,36,900,378,3,22,3
기계설비,기계설비·가스공사업,3261,(주)세승,전덕진,경기,이천20-10-03,105,41,12,48,1,70,3
기계설비,기계설비·가스공사업,3262,세신기연(주),신만철,서울,95-서울-12-104,997,228,429,316,22,493,2
기계설비,기계설비·가스공사업,3263,(주)세신엔지니어링,강일만,대구,대구99-12-233,11726,4126,6595,592,412,6364,4
기계설비,기계설비·가스공사업,3264,(주)세신청정,김현우,경기,부천-08-10-6,3967,1920,1399,510,137,3921,4
기계설비,기계설비·가스공사업,3265,(주)세아그린텍,"윤수현, 임철암",경기,인천서구 2002-12-02,9150,4918,2787,953,491,14200,4
기계설비,기계설비·가스공사업,3266,(주)세아산업,최희영,전남광주,순천2022-파-03,1198,301,643,253,0,689,2
기계설비,기계설비·가스공사업,3267,(주)세아중기,한선욱,서울,구로-23-파-04,1377,99,900,378,0,283,3
기계설비,기계설비·가스공사업,3268,세안이엔씨(주),이은상,서울,강남-21-10-01,5758,211,1267,4280,0,177,2
기계설비,기계설비·가스공사업,3269,(주)세안이엔지,전광수,경기,안산2009-10-3,3711,913,2480,252,65,1221,2
기계설비,기계설비·가스공사업,3270,(주)세안이엔지,"형일성, 김동진",경북,경북경주2022-파-02,1192,444,171,576,0,524,7
기계설비,기계설비·가스공사업,3271,세양건업(주),민경덕,서울,동작-15-10-02,2359,94,900,1358,6,0,9
기계설비,기계설비·가스공사업,3272,(주)세양이엔지,박상욱,서울,강남-06-12-10,8143,5150,1629,995,367,4657,6
기계설비,기계설비·가스공사업,3273,(주)세양정공,유병현,경남,함안 2011-10-01,0,0,0,0,0,0,3
기계설비,기계설비·가스공사업,3274,(주)세연,정윤희,경기,부천-25-파-04,1982,883,846,252,0,1261,2
기계설비,기계설비·가스공사업,3275,세연기공,구재회,경남,양산2017-10-03,143,91,2,45,3,0,5
기계설비,기계설비·가스공사업,3276,세연기업 주식회사,박신재,충북,충북청주 제 02-12-02,1840,561,842,380,56,856,3
기계설비,기계설비·가스공사업,3277,세연설비(주),"이용호, 정순남",경기,94-서울-12-200,2769,808,1430,449,80,1711,3
기계설비,기계설비·가스공사업,3278,(주)세연시스템,기혜정,대구,대구서구2013-10-2,5014,2404,2058,378,172,750,3
기계설비,기계설비·가스공사업,3279,세연시스템공조(주),민대준,충남,충남천안-08-10-07,3996,1014,2398,511,72,1432,4
기계설비,기계설비·가스공사업,3280,(주)세연아이텍,김은회,충북,충북청주15-10-8,2001,460,688,819,32,888,6
기계설비,기계설비·가스공사업,3281,(주)세연엔지니어링,차명근,대전,대전대덕-15-10-01,3725,1031,2367,253,73,1725,2
기계설비,기계설비·가스공사업,3282,(주)세연이앤씨,신동훈,부산,부산해운대2019-10-02,1313,165,895,252,0,0,2
기계설비,기계설비·가스공사업,3283,(주)세연이엔씨,심재남,전북,전북군산-23-파-06호,2119,756,1110,252,0,1580,2
기계설비,기계설비·가스공사업,3284,(주)세연이엔지,박재봉,경기,안양-17-10-09,9582,2053,6518,922,88,7333,6
기계설비,기계설비·가스공사업,3285,세영공영(주),권근석,서울,금천09-23-1,2114,487,961,631,34,405,5
기계설비,기계설비·가스공사업,3286,세영산업(주),박원,경남,경남진주99-12-5,5890,991,4541,259,99,1154,2
기계설비,기계설비·가스공사업,3287,(주)세영엔지니어링,우영자,경기,의정부2013-10-2,2686,1921,337,290,137,2057,2
기계설비,기계설비·가스공사업,3288,(주)세영이앤지,박영균,서울,서초-03-12-3,42476,19836,16313,4320,2006,30797,22
기계설비,기계설비·가스공사업,3289,(주)세영이엔씨,박미양,부산,진주22-파-02,653,151,249,252,0,77,2
기계설비,기계설비·가스공사업,3290,(주)세영이엔지,김명찬,울산,울산남구2007-27-1-06,2418,650,1343,378,46,827,3
기계설비,기계설비·가스공사업,3291,(주)세영이엔지,이광영,충북,충북청주제02-12-06,900,111,335,441,11,203,3
기계설비,기계설비·가스공사업,3292,(주)세영테크,박동규,경북,경북김천2012-10-01,5752,3115,1535,877,223,4798,6
기계설비,기계설비·가스공사업,3293,세영플러스(주),이준엽,경기,강남-15-10-08,11186,6874,2973,847,491,12409,5
기계설비,기계설비·가스공사업,3294,(주)세우엔지니어링,이백희,충남,충남당진-2020-10-07,495,108,129,252,4,387,2
기계설비,기계설비·가스공사업,3295,(주)세운,정연빈,강원,속초2023-파-01호,992,104,616,271,0,268,2
기계설비,기계설비·가스공사업,3296,(주)세운도시가스설비,"배지숙, 황계석",충북,충북제천08-27-3,1100,160,423,505,11,50,4
기계설비,기계설비·가스공사업,3297,세운모타공구(경동나비엔화천대리점),정기범,강원,강원화천2026-파-01호,420,0,120,300,0,0,3
기계설비,기계설비·가스공사업,3298,세운종합건설(주),김태식,세종,충남당진-2015-10-01,2208,249,1499,441,17,811,3
기계설비,기계설비·가스공사업,3299,세움기술(주),주익중,서울,강동-19-10-04,2413,673,1205,505,28,1088,4
기계설비,기계설비·가스공사업,3300,세움이엔지(주),서준호,경기,부천-2004-12-1,1439,479,641,270,47,489,2
기계설비,기계설비·가스공사업,3301,(주)세웅,우성일,충북,충북청주20-23-01,452,7,65,378,0,0,3
기계설비,기계설비·가스공사업,3302,(주)세웅냉동설비,김병천,제주,제주 제주2011-10-02,1688,928,441,252,66,1360,2
기계설비,기계설비·가스공사업,3303,(주)세웅이엔지,신동규,인천,인천남동14-10-02,1706,664,615,378,47,881,3
기계설비,기계설비·가스공사업,3304,(주)세원,신재섭,울산,울산동구05-27-01-01,3199,1395,1079,505,219,2051,4
기계설비,기계설비·가스공사업,3305,세원(주),이원우,강원,동해2019-10-02호,9857,1827,7201,749,78,2991,5
기계설비,기계설비·가스공사업,3306,(주)세원,박정아,충남,충남계룡-2023-파-02,902,111,538,252,0,299,2
기계설비,기계설비·가스공사업,3307,(주)세원공조,정미정,서울,관악-04-12-1,2156,591,961,543,59,993,4
기계설비,기계설비·가스공사업,3308,(주)세원글로벌엔터프라이즈,천영희,경기,용인2020-10-3,3554,1938,1008,524,83,2067,4
기계설비,기계설비·가스공사업,3309,세원기업(주),이종숙,경기,고양2021-10-06,1303,171,626,505,0,182,4
기계설비,기계설비·가스공사업,3310,(주)세원기연,김성중,경기,경기-12-15,1551,18,900,631,1,52,5
기계설비,기계설비·가스공사업,3311,(합)세원산업,정윤진,충남,충남-94-12-8,1733,433,536,720,43,196,5
기계설비,기계설비·가스공사업,3312,(주)세원설비,"함인옥, 최문석",충북,마산 2008-10-01,1095,434,250,380,31,538,3
기계설비,기계설비·가스공사업,3313,(주)세원센추리,원종순,충남,충남아산2006-12-01,5885,3324,1818,505,237,3802,4
기계설비,기계설비·가스공사업,3314,(주)세원시스템,선우통일,충남,충남천안-2018-10-12,0,0,0,0,0,0,2
기계설비,기계설비·가스공사업,3315,(주)세원에스비아이,허판병,경기,수원-2001-12-10,684,343,54,252,34,0,2
기계설비,기계설비·가스공사업,3316,(주)세원에어시스템,성운식,서울,중랑09-10-003,3880,1600,1786,378,114,2728,3
기계설비,기계설비·가스공사업,3317,(주)세원엔지니어링,배미연,부산,동래-2001-12-4,714,265,180,241,26,170,4
기계설비,기계설비·가스공사업,3318,세원엔지니어링(주),조미성,경기,안양-13-10-09,1950,926,412,544,66,1925,4
기계설비,기계설비·가스공사업,3319,(주)세원이앤씨,정은정,강원,춘천2017-10-02호,1317,415,630,253,17,394,2
기계설비,기계설비·가스공사업,3320,(주)세원이앤씨,김준수,경북,경북구미2018-10-7,2138,574,1034,505,24,816,4
기계설비,기계설비·가스공사업,3321,세원종합개발(주),이성재,경기,이천10-10-1,2357,210,907,1224,15,201,9
기계설비,기계설비·가스공사업,3322,(주)세원케이,권석철,충남,충남아산-2022-13-14,126,0,0,126,0,0,1
기계설비,기계설비·가스공사업,3323,(주)세윤,허수호,경북,경북포항2023-파-16,1252,63,900,288,0,0,2
기계설비,기계설비·가스공사업,3324,세윤정공,이윤성,경기,인천서구2007-12-02,2250,334,1411,479,24,474,3
기계설비,기계설비·가스공사업,3325,(주)세이버이엔지,강유경,인천,인천남동07-12-06,2471,595,1428,405,42,492,3
기계설비,기계설비·가스공사업,3326,(주)세이크엠이씨,권오민,경기,성동17-10-03,316,129,22,158,5,41,3
기계설비,기계설비·가스공사업,3327,(유한책임회사)세익,"한혜숙, 이근영",경기,하남2024-파-04,0,0,0,0,0,0,2
기계설비,기계설비·가스공사업,3328,(유)세인공영,류임희,충북,서울82-12-129,1296,426,566,261,42,245,2
기계설비,기계설비·가스공사업,3329,(주)세인기공,최세영,서울,영암2016-10-01,805,456,56,259,32,344,2
기계설비,기계설비·가스공사업,3330,(주)세일,박정희,대구,대구12-39,1336,437,581,272,43,287,2
기계설비,기계설비·가스공사업,3331,세일공조산업기계(주),박명화,경기,용인-22-파-10,2382,1660,463,258,0,4883,2
기계설비,기계설비·가스공사업,3332,세일기계설비(주),"김성식, 김정석",서울,78-서울-12-149,9473,3749,3594,1753,374,7257,10
기계설비,기계설비·가스공사업,3333,(주)세일냉열,전영만,강원,원주2008-10-03,2206,764,1132,255,54,1770,2
기계설비,기계설비·가스공사업,3334,(주)세일디앤이,정진화,부산,부산동래2009-10-01,914,317,321,252,22,262,2
기계설비,기계설비·가스공사업,3335,세일산업(주),"김선영, 이연수",강원,강릉20-10-03호,1440,579,457,378,24,983,3
기계설비,기계설비·가스공사업,3336,(주)세일설비,김군위,대구,대구 중구 2000-12-2,9337,1347,7399,455,135,1644,3
기계설비,기계설비·가스공사업,3337,(주)세일시스템공조,주영철,인천,인천계양2011-10-01,3139,2121,613,252,151,2251,2
기계설비,기계설비·가스공사업,3338,(주)세일에프에이,김세희,서울,성동18-10-04,1704,399,726,561,17,558,4
기계설비,기계설비·가스공사업,3339,세일엔지니어링(주),손영순,울산,부산금정2002-12-05,2048,882,825,252,88,793,2
기계설비,기계설비·가스공사업,3340,(주)세일엔지니어링,김동환,경북,경북94-12-94,90860,34589,50475,2336,3458,60217,7
기계설비,기계설비·가스공사업,3341,세일이엔에스(주),이성규,서울,서울-12-37,465027,238461,167289,34749,24527,391572,63
기계설비,기계설비·가스공사업,3342,(주)세일프랜트,손서연,인천,인천서구2007-12-03,4102,1273,2213,524,91,571,4
기계설비,기계설비·가스공사업,3343,세정(주),정형균,전남광주,여수2009-10-10,1956,155,931,858,11,91,6
기계설비,기계설비·가스공사업,3344,(주)세정건업,김대호,대구,대구동구2011-10-2,2590,791,1486,256,56,1018,2
기계설비,기계설비·가스공사업,3345,(주)세정이앤씨,"염오섭, 김효기",울산,울산남구2015-23-01,2302,562,1194,505,40,0,4
기계설비,기계설비·가스공사업,3346,(주)세정이엔지,윤정기,부산,부산동래2012-10-2,10457,2988,5982,1271,215,5328,8
기계설비,기계설비·가스공사업,3347,(주)세정이엔지,박하채,전남광주,담양2017-10-03,8974,4713,3398,657,204,9125,4
기계설비,기계설비·가스공사업,3348,(주)세종건설,정응균,충남,충남청양-2016-10-02,2319,396,1653,252,17,866,2
기계설비,기계설비·가스공사업,3349,(주)세종공영,성기석,대구,대구12-56,4789,937,3252,506,93,2318,3
기계설비,기계설비·가스공사업,3350,(주)세종그룹엔지니어링,"김미희, 고한선",충남,충남천안-2019-10-04,3696,380,2281,1018,16,1316,8
기계설비,기계설비·가스공사업,3351,(주)세종글로벌,이상용,전북,전북전주2021-10-5,11272,3069,7758,442,0,8414,3
기계설비,기계설비·가스공사업,3352,세종기업(주),신동선,경기,용인2009-10-1,3657,1898,708,915,135,2715,7
기계설비,기계설비·가스공사업,3353,(주)세종설비,성기석,경북,경북94-12-90,383,77,45,252,7,45,2
기계설비,기계설비·가스공사업,3354,세종시스템(주),이현준,대전,대전유성-2010-10-4,2523,321,1926,252,22,368,2
기계설비,기계설비·가스공사업,3355,세종엔지니어링(주),"김평용, 김중동",서울,영등포-98-12-19,16169,6617,7876,1013,661,0,5
기계설비,기계설비·가스공사업,3356,(주)세종엔지니어링,최현숙,대구,대구수성구-2000-12-4,648,116,141,378,11,0,3
기계설비,기계설비·가스공사업,3357,(주)세종엔지니어링,허명행,경기,수원2013-10-1,7160,2126,3996,885,151,1997,7
기계설비,기계설비·가스공사업,3358,(주)세종이앤씨,김진영,경기,수원2014-10-2,6632,3019,2765,631,215,3278,5
기계설비,기계설비·가스공사업,3359,(주)세종이앤지,강성준,인천,시흥09-10-10,879,556,5,278,39,637,3
기계설비,기계설비·가스공사업,3360,(주)세종이앤지,이상길,경기,용인2016-10-5,2572,1174,262,1084,50,911,8
기계설비,기계설비·가스공사업,3361,(주)세종이엔지,박관순,대전,대전대덕-09-10-04,13940,4055,8513,1081,289,3423,8
기계설비,기계설비·가스공사업,3362,(주)세종이엔지,양필자,경남,진주 2009-23-1-1,3462,840,1803,757,60,969,6
기계설비,기계설비·가스공사업,3363,(주)세종이엔텍,"양창근, 김형진",세종,92-서울-12-162,6479,2416,2809,1011,241,3109,8
기계설비,기계설비·가스공사업,3364,세종일렉트릭(주),"김복환, 이종석",경기,파주18-10-05,163,105,0,52,4,0,6
기계설비,기계설비·가스공사업,3365,(주)세종테크,홍기학,울산,대구수성구2003-12-10,17499,8402,6098,2158,840,21056,11
기계설비,기계설비·가스공사업,3366,(주)세종플랜트,윤병로,대구,대구수성-24-파-02호,1694,0,900,794,0,0,5
기계설비,기계설비·가스공사업,3367,(주)세종하이텍,정인자,충북,충북청주20-10-10,0,0,0,0,0,0,3
기계설비,기계설비·가스공사업,3368,(주)세주,한선애,경남,경남양산2001-12-01,1086,363,245,441,36,89,3
기계설비,기계설비·가스공사업,3369,(주)세진,구진모,대전,대전유성-2014-10-8,4623,2729,1446,252,194,2823,2
기계설비,기계설비·가스공사업,3370,세진건설(주),전상철,전남광주,광주북98-12-01,17666,4457,11520,1243,445,8278,8
기계설비,기계설비·가스공사업,3371,(유)세진공영,노연택,전남광주,목포99-12-01,2417,1038,858,416,103,2008,3
기계설비,기계설비·가스공사업,3372,(주)세진기공,이창준,부산,부산진-2001-12-6,4955,1142,3174,524,114,692,4
기계설비,기계설비·가스공사업,3373,(주)세진기술개발,강혜민,경기,안양-21-10-03,1154,0,900,254,0,0,2
기계설비,기계설비·가스공사업,3374,(유)세진설비,박영춘,전북,전북익산 2010-12-19,2140,817,720,544,58,887,4
기계설비,기계설비·가스공사업,3375,세진설비(주),황인득,경북,경북포항2023-파-12,1913,656,878,378,0,1274,3
기계설비,기계설비·가스공사업,3376,(주)세진에너지,이기욱,충북,충북청주15-10-10,2531,812,1155,505,58,1280,4
기계설비,기계설비·가스공사업,3377,(주)세진에스엠씨,최경식,서울,94-서울-12-100,3215,408,2450,315,40,719,2
기계설비,기계설비·가스공사업,3378,(주)세진에코텍,진동환,경남,김해 2020-10-07,1304,432,350,502,18,529,4
기계설비,기계설비·가스공사업,3379,(주)세진에프에스,이명환,부산,부산강서2019-10-05,0,0,0,0,0,0,2
기계설비,기계설비·가스공사업,3380,세진엔지니어링(주),박경환,울산,울산울주2018-23-10,801,130,285,380,5,202,3
기계설비,기계설비·가스공사업,3381,(주)세진엔지니어링,김학의,경기,평택20-10-0011,2232,450,1509,252,19,1610,2
기계설비,기계설비·가스공사업,3382,(주)세진엔지니어링,박찬갑,전남광주,영암2011-10-02,10784,1181,7090,2426,84,3158,19
기계설비,기계설비·가스공사업,3383,(주)세진엔지니어링,박규호,경북,경북구미2007-12-1,4829,1093,3279,378,78,1704,3
기계설비,기계설비·가스공사업,3384,세진엔지니어링(주),이은정,경남,진주 2005-12-2,1671,554,760,301,55,960,2
기계설비,기계설비·가스공사업,3385,세진이앤지(주),윤영채,전남광주,광주서2021-10-01,4808,4056,442,309,0,6046,2
기계설비,기계설비·가스공사업,3386,(주)세진이엔씨,성광섭,경기,성남09-10-1,14372,7632,4637,1544,558,12977,11
기계설비,기계설비·가스공사업,3387,(주)세진이엔이,임희숙,경기,강남-18-10-03,4252,1822,1717,634,78,2955,5
기계설비,기계설비·가스공사업,3388,(주)세진이엔지,김병훈,충남,인천남구-2001-12-5,846,176,398,254,17,495,2
기계설비,기계설비·가스공사업,3389,(주)세진이엔지,박동우,경기,안양-17-10-04,2221,683,927,580,29,1005,4
기계설비,기계설비·가스공사업,3390,(주)세진플랜트,김영석,경기,군포2014-10-1,6982,3416,2753,569,244,3824,3
기계설비,기계설비·가스공사업,3391,(주)세진플랜트,김현식,경남,사천2017-10-1,2814,1000,1391,378,43,1136,3
기계설비,기계설비·가스공사업,3392,(주)세진환경건설,남상기,대전,대전대덕-21-10-10,1261,109,900,252,0,175,2
기계설비,기계설비·가스공사업,3393,(주)세창건설,김재춘,부산,부산동래2013-10-2,2379,413,1681,254,29,580,2
기계설비,기계설비·가스공사업,3394,(주)세창엔지니어링,조태헌,경기,경기시흥2016-10-28,79,51,0,25,2,0,5
기계설비,기계설비·가스공사업,3395,(주)세창엔지니어링,박진휘,경북,경북구미2023-파-2,3616,1474,1510,631,0,1890,5
기계설비,기계설비·가스공사업,3396,(주)세창이엔씨,김영현,대구,대구서구2009-27-1-2,1694,273,1023,378,19,332,3
기계설비,기계설비·가스공사업,3397,(주)세하산업,이연숙,충남,충남아산2024-13-12호,507,53,147,306,0,82,3
기계설비,기계설비·가스공사업,3398,(주)세한,김동수,경북,경북포항98-27-01-05,8212,3133,3755,1010,313,3940,8
기계설비,기계설비·가스공사업,3399,(주)세한기공,이헌관,경남,경남진주99-12-4,4636,1313,2539,651,131,1176,5
기계설비,기계설비·가스공사업,3400,(주)세한설비,양한철,제주,광주동2011-10-01,2377,582,1500,252,41,596,2
기계설비,기계설비·가스공사업,3401,세한에너지(주),"권영호, 권오훈",경북,경북경산2010-10-3,18161,2632,14647,691,188,3950,5
기계설비,기계설비·가스공사업,3402,(주)세한엔지니어링,이은자,울산,울산99-12-13,2112,443,993,631,44,648,5
기계설비,기계설비·가스공사업,3403,(주)세한엔지니어링,노병찬,경북,경북구미2020-10-6,2006,389,1221,378,16,382,3
기계설비,기계설비·가스공사업,3404,(주)세한이엔씨,조영일,충북,충북청주제12-10-2,14418,4937,8151,974,355,8156,6
기계설비,기계설비·가스공사업,3405,(유)세한이엔지,윤택용,전북,전북-12-47,1868,797,719,271,79,738,2
기계설비,기계설비·가스공사업,3406,(주)세현건설,정국식,경남,경남통영 2005-12-01,1866,355,888,587,35,639,4
기계설비,기계설비·가스공사업,3407,세현공영(주),김춘봉,서울,강남-02-12-18,918,140,240,524,14,175,4
기계설비,기계설비·가스공사업,3408,(주)세현설비,차경희,경남,김해 2010-12-02,907,242,203,444,17,378,3
기계설비,기계설비·가스공사업,3409,(주)세현에이엠씨,김원일,경기,파주21-10-08,1456,1107,96,252,0,1357,2
기계설비,기계설비·가스공사업,3410,세현중공업,김재훈,충남,충남당진-2022-파-08,0,0,0,0,0,0,2
기계설비,기계설비·가스공사업,3411,(주)세호플랜트,이상무,경북,경북구미2008-10-04,1652,191,1068,378,13,660,3
기계설비,기계설비·가스공사업,3412,(주)세화,이종현,대전,대전유성-2013-10-6,1278,0,900,378,0,0,3
기계설비,기계설비·가스공사업,3413,(주)세화개발,"한창수, 김세곤",전남광주,마포82-12-307,1918,719,875,252,72,411,2
기계설비,기계설비·가스공사업,3414,세화건설(주),하미란,경남,경남-94-12-66,3980,910,1688,1290,91,2093,9
기계설비,기계설비·가스공사업,3415,(주)세화기계,신상대,충남,경기-92-12-81,855,138,336,366,13,0,6
기계설비,기계설비·가스공사업,3416,(주)세화기연,"김승삼, 서희숙",인천,인천서구2023-파-06,6267,2137,3876,252,0,2088,2
기계설비,기계설비·가스공사업,3417,(합)세화산업사,원용석,서울,성동-99-12-5,16244,10277,3666,1272,1027,10795,5
기계설비,기계설비·가스공사업,3418,(주)세화아이앤씨,윤진호,경기,부천-25-파-01,1615,551,559,505,0,787,4
기계설비,기계설비·가스공사업,3419,(주)세화엔지니어링,황광구,대구,대구12-129,747,335,0,378,33,0,2
기계설비,기계설비·가스공사업,3420,(유)센도리,박문수,경기,광주북2006-12-1,8176,5001,1771,902,500,7511,6
기계설비,기계설비·가스공사업,3421,(주)센시스템,"오현진, 장성호",대구,대구동구2015-10-2호,1895,900,550,380,64,1109,3
기계설비,기계설비·가스공사업,3422,(주)센추리,백현수,경북,충남아산-2004-12-02,38213,11143,24959,996,1114,11348,6
기계설비,기계설비·가스공사업,3423,센추리냉동,김성필,대구,대구달서구2016-10-4호,658,129,233,290,5,134,2
기계설비,기계설비·가스공사업,3424,(주)센추리베스코,임종철,서울,동대문-08-10-2,1297,741,123,378,52,890,3
기계설비,기계설비·가스공사업,3425,(주)센추리산업기술,황재민,부산,부산강서2013-10-05,1497,630,443,378,45,797,3
기계설비,기계설비·가스공사업,3426,(주)센추리엔지니어링,박광전,전남광주,광주북2000-12-02,676,20,382,271,2,25,2
기계설비,기계설비·가스공사업,3427,센추리테크(주),신형준,전북,전북전주2013-10-5,12058,4758,6268,689,341,8520,5
기계설비,기계설비·가스공사업,3428,센츄리냉동냉장(주),류기돈,전남광주,전남나주2003-12-02,5895,1061,4329,397,106,1094,3
기계설비,기계설비·가스공사업,3429,(주)센터폴,윤혜진,충북,충북청주19-10-12,1347,4,900,442,0,0,3
기계설비,기계설비·가스공사업,3430,센텀알엔디(주),황봉주,경북,경북울진2021-10-01,1227,128,846,252,0,230,2
기계설비,기계설비·가스공사업,3431,(주)센텀이엔지,오창석,부산,부산해운대제2008-10-01,11874,4137,6987,454,295,4597,3
기계설비,기계설비·가스공사업,3432,(주)센트라공조,정증동,서울,금천-08-10-11,4839,3184,1048,378,227,3454,3
기계설비,기계설비·가스공사업,3433,(주)센트라시스,원성준,충남,충남아산-2024-13-03,0,0,0,0,0,0,1
기계설비,기계설비·가스공사업,3434,(주)센트랄유니코리아,한승훈,경남,마산 2002-12-2,748,242,102,378,24,375,3
기계설비,기계설비·가스공사업,3435,(주)센트리온,이영신,인천,부천-23-파-08,85,50,4,30,0,71,2
기계설비,기계설비·가스공사업,3436,(주)센티넬이노베이션,이종훈,경기,광명23-파-1,970,702,15,253,0,1418,2
기계설비,기계설비·가스공사업,3437,셀파산업(주),최규심,서울,강남-99-12-5,1219,138,900,166,13,105,1
기계설비,기계설비·가스공사업,3438,(주)소고에어텍,신용주,서울,광진-07-12-3,1259,330,508,397,23,561,3
기계설비,기계설비·가스공사업,3439,(주)소림기계설비,"위율환, 위성현",전남광주,전남95-12-142,24370,5728,16601,1465,574,12255,9
기계설비,기계설비·가스공사업,3440,(주)소원기건,"김현주, 김영덕",서울,서울-12-31,7895,4009,3232,252,400,5489,2
기계설비,기계설비·가스공사업,3441,소은이엔지(주),백승희,경기,안산-2007-27-9,1034,370,258,378,26,138,3
기계설비,기계설비·가스공사업,3442,(주)소정건설,김희철,부산,부산북구2016-10-3,12326,1416,8497,2351,61,3729,16
기계설비,기계설비·가스공사업,3443,(주)소정플랜트,엄혜심,부산,부산수영2009-23-03,1216,113,716,378,8,260,3
기계설비,기계설비·가스공사업,3444,(주)소중엠앤이,이회봉,서울,관악-13-10-01,1825,901,607,252,64,576,2
기계설비,기계설비·가스공사업,3445,(주)소현이엔씨,김성주,전북,전북군산-22-파-06호,2656,1315,1081,260,0,1473,2
기계설비,기계설비·가스공사업,3446,솔라스케치(주),박민섭,경남,진주23-파-003,551,62,160,328,0,193,4
기계설비,기계설비·가스공사업,3447,(주)솔로이엔씨,최종수,경기,송파-01-12-2,3868,2254,381,1007,225,1994,5
기계설비,기계설비·가스공사업,3448,(주)솔상,이경미,대구,횡성 2011-10-04,815,300,221,271,21,165,2
기계설비,기계설비·가스공사업,3449,(주)송덕,옥기문,부산,부산사하2025-13-03,1152,0,900,252,0,0,2
기계설비,기계설비·가스공사업,3450,송도건설(주),김종춘,서울,서울-12-255,2163,233,1398,508,23,487,4
기계설비,기계설비·가스공사업,3451,(주)송림,"오정재, 김상오",전남광주,전남고흥2007-12-1,8759,735,4415,3554,52,1242,26
기계설비,기계설비·가스공사업,3452,(주)송림,이은선,경북,경북경산2021-10-2,1428,267,592,568,0,690,4
기계설비,기계설비·가스공사업,3453,(주)송림이앤지,조성희,경기,경기남양주2020-23-250,1823,714,572,505,30,1112,4
기계설비,기계설비·가스공사업,3454,(주)송민엔지니어링,안대성,경남,김해 2014-10-08,7128,3281,2832,779,234,4141,4
기계설비,기계설비·가스공사업,3455,송암시스콤(주),이지학,강원,원주2014-10-03호,24,15,0,7,1,0,2
기계설비,기계설비·가스공사업,3456,(주)송우시스템,이영준,대구,대구북구2016-10-1호,5948,3987,1158,631,170,2274,5
기계설비,기계설비·가스공사업,3457,송우이엔지,전재경,경남,창원마회2015-10-01,1056,348,404,278,24,365,2
기계설비,기계설비·가스공사업,3458,(주)송원이엔지,박선영,대구,대구달서구2015-10-5호,960,295,264,378,21,573,3
기계설비,기계설비·가스공사업,3459,송원환경기술(주),이광희,울산,울산울주2026-파-1,779,0,381,397,0,0,3
기계설비,기계설비·가스공사업,3460,송일산업개발(주),유재영,서울,도봉-25-파-01,2273,621,1273,378,0,888,3
기계설비,기계설비·가스공사업,3461,(주)송축,김두호,인천,인천부평구2021-10-01,844,7,680,156,0,0,1
기계설비,기계설비·가스공사업,3462,송풍설비(주),이일선,경기,여주-2004-12-1,4658,1419,2364,732,141,2729,5
기계설비,기계설비·가스공사업,3463,(주)송하이엔씨,박영홍,서울,마포19-10-03,12077,3554,8098,271,152,4787,2
기계설비,기계설비·가스공사업,3464,(주)송현산업개발,강선희,제주,제주서귀포2024-파-25호,749,118,358,272,0,224,2
기계설비,기계설비·가스공사업,3465,(주)송현엔지니어링,김을영,경기,고양-2002-12-9,8969,4002,2811,1751,403,6486,12
기계설비,기계설비·가스공사업,3466,(주)수경,이강립,전남광주,목포2013-10-02,1738,605,514,574,43,412,4
기계설비,기계설비·가스공사업,3467,수공테크(주),김희남,서울,영등포-99-12-2,9197,2573,5440,925,257,1706,6
기계설비,기계설비·가스공사업,3468,(주)수국,"이종태, 박재언, 하태호, 김하석",경기,인천92-12-40,2418,444,1298,631,44,589,5
기계설비,기계설비·가스공사업,3469,(주)수덕건설,구영서,전남광주,대구수성구 09-23-1,693,23,163,505,1,23,4
기계설비,기계설비·가스공사업,3470,수도엔지니어링(주),김남규,대구,대구동구2002-12-1,2628,801,1348,397,80,1180,3
기계설비,기계설비·가스공사업,3471,수도전기(주),이인식,경기,고양2017-10-04,1495,132,900,457,5,403,3
기계설비,기계설비·가스공사업,3472,(주)수림건설,이승귀,서울,마포24-파-01,3131,393,2359,378,0,667,3
기계설비,기계설비·가스공사업,3473,(주)수림테크,"최희준, 차지아",인천,인천동구2024-파-8,1412,572,462,378,0,882,3
기계설비,기계설비·가스공사업,3474,(주)수림플랜트,방영윤,경기,전북익산2018-10-05,1155,185,708,252,8,366,2
기계설비,기계설비·가스공사업,3475,수봉산업(주),김선희,서울,금천-06-12-10,3537,1980,588,826,141,3232,6
기계설비,기계설비·가스공사업,3476,(주)수산기계이엔지,김성기,충북,충북청주제10-10-6,2328,994,0,1262,71,1459,10
기계설비,기계설비·가스공사업,3477,(주)수산이앤에스,"한봉섭, 정보윤",울산,울산남구2012-10-03,115,0,0,115,0,0,4
기계설비,기계설비·가스공사업,3478,(주)수산인더스트리,"한봉섭, 정보윤",충남,82-12-327,185872,22824,113300,47465,2282,27350,363
기계설비,기계설비·가스공사업,3479,수상개발(주),박상일,서울,94-서울-12-126,5503,1396,3676,290,139,1942,2
기계설비,기계설비·가스공사업,3480,수석건설(주),김창현,부산,부산동래2003-12-02,2687,160,963,1547,16,180,11
기계설비,기계설비·가스공사업,3481,수성건설(주),박영희,경남,거제 2011-10-02,2695,366,2049,252,26,674,2
기계설비,기계설비·가스공사업,3482,(주)수성방재,윤재식,부산,부산진2006-12-03,2930,726,1367,784,51,1463,6
기계설비,기계설비·가스공사업,3483,(주)수성설비,박문섭,경북,경북경주2004-12-01,3369,500,2421,397,50,771,3
기계설비,기계설비·가스공사업,3484,(주)수성엔지니어링,김경은,충북,충북청주제05-12-9,1307,25,900,378,2,2,3
기계설비,기계설비·가스공사업,3485,수성웹툰(주),"장태훈, 김덕진",인천,83-12-511,0,0,0,0,0,0,3
기계설비,기계설비·가스공사업,3486,(주)수성이앤씨,진윤정,경북,대구북구2020-10-1,1012,806,-81,252,34,283,2
기계설비,기계설비·가스공사업,3487,(주)수성이엔지,"노수준, 김성인",대전,대전유성-2021-10-4,2767,764,1479,524,0,1021,4
기계설비,기계설비·가스공사업,3488,수성정밀기계(주),안상진,울산,울산북구2010-10-01,0,0,0,0,0,0,2
기계설비,기계설비·가스공사업,3489,(주)수안이엔지,김용도,대전,대전중구10-10-01,13775,5134,6763,1509,368,6497,11
기계설비,기계설비·가스공사업,3490,(주)수양기업,신태규,전남광주,나주2009-10-01,2210,262,661,1267,18,625,9
기계설비,기계설비·가스공사업,3491,(주)수양플랜트,김윤호,전남광주,여수2011-10-03,2094,1424,0,568,101,957,4
기계설비,기계설비·가스공사업,3492,수에너지(주),"백천화, 류상범",전북,인천부평구2017-10-01,5339,3324,838,1034,142,6623,7
기계설비,기계설비·가스공사업,3493,수엔비텍(주),이상훈,강원,횡성2014-11-03,214,125,16,63,8,22,2
기계설비,기계설비·가스공사업,3494,(주)수엔지니어링,이기호,대구,대구달서구2018-10-10호,1514,418,532,544,17,1178,4
기계설비,기계설비·가스공사업,3495,수영산업(주),박수영,서울,양천-02-12-5,7381,1992,4403,785,199,3429,5
기계설비,기계설비·가스공사업,3496,수영설비,박수영,강원,양양2022-파-01,992,147,574,256,14,313,2
기계설비,기계설비·가스공사업,3497,(주)수완그린에너지,류종주,전남광주,담양-25-파-03,643,0,391,252,0,0,2
기계설비,기계설비·가스공사업,3498,(주)수이엔씨,안옥선,강원,양양2015-10-01호,1172,225,679,252,16,178,2
기계설비,기계설비·가스공사업,3499,수이엔지,정균장,전남광주,담양2021-10-01,971,189,379,402,0,550,3
기계설비,기계설비·가스공사업,3500,(유)수이엔지텍,한혜숙,전남광주,광주서-23-파-01,2780,425,2101,254,0,403,2
기계설비,기계설비·가스공사업,3501,수이엔티(주),윤강일,충북,충주2018-10-2,1555,311,851,378,13,490,3
기계설비,기계설비·가스공사업,3502,수자원기술(주),이창윤,경기,성남12-10-10,2226,26,900,1297,1,37,2
기계설비,기계설비·가스공사업,3503,수정공,임수진,서울,성동20-10-01,1977,902,489,547,38,714,5
기계설비,기계설비·가스공사업,3504,(주)수정기업,손영옥,경북,대구북구2003-12-5,3573,1677,1456,272,167,1536,2
기계설비,기계설비·가스공사업,3505,(주)수정환경플랜트,윤인구,경기,의정부2018-10-1,12012,3876,6258,1709,167,7559,11
기계설비,기계설비·가스공사업,3506,수지건설(주),유재점,경남,창원의창2025-파-08,853,0,348,505,0,0,4
기계설비,기계설비·가스공사업,3507,(주)수지이엔지,신택수,전남광주,광주북2018-10-07,2777,432,2049,277,18,209,2
기계설비,기계설비·가스공사업,3508,(주)수지이엔지,정숙희,경기,안양-21-10-07,864,186,425,252,0,462,2
기계설비,기계설비·가스공사업,3509,수진에너지(주),김시철,충남,충남천안-11-23-01,686,219,73,378,15,192,3
기계설비,기계설비·가스공사업,3510,(주)수호건설,송헌수,경기,파주25-파-03,571,129,189,252,0,184,2
기계설비,기계설비·가스공사업,3511,(주)스마트블루,박종진,전남광주,광주광산-24-파-03,924,280,244,400,0,365,3
기계설비,기계설비·가스공사업,3512,스마트산업(주),김태희,대전,대전유성-2012-10-1,2235,275,1650,291,19,241,2
기계설비,기계설비·가스공사업,3513,(주)스마트엔지니어링,김정현,전북,전북전주2017-10-9호,2047,1107,513,378,47,1999,3
기계설비,기계설비·가스공사업,3514,(주)스마트코리아,장채원,대전,대전유성-2022-파-6,0,0,0,0,0,0,7
기계설비,기계설비·가스공사업,3515,스마트테크(주),김학경,경기,광주광산2007-12-01,2457,731,1275,397,52,2099,3
기계설비,기계설비·가스공사업,3516,(주)스카이시스템,전영세,경기,강남-98-12-8,1304,788,165,271,78,918,2
기계설비,기계설비·가스공사업,3517,(주)스카이시스템,전하영,강원,횡성2021-10-01,1370,545,304,520,0,1179,4
기계설비,기계설비·가스공사업,3518,스카이에스티(주),박병목,대전,대전유성-2020-10-1,2260,545,1312,378,23,1301,3
기계설비,기계설비·가스공사업,3519,(주)스카이에이스,김종민,부산,부산서구 제2020-10-01,506,327,0,163,14,478,5
기계설비,기계설비·가스공사업,3520,스타메디(주),김은혜,서울,금천-20-10-03,1076,280,531,252,12,266,2
기계설비,기계설비·가스공사업,3521,(주)스타에스앤피,김민건,서울,금천-17-10-03,8151,2046,5576,440,87,5386,3
기계설비,기계설비·가스공사업,3522,스타우프코리아(유),김명성,부산,부산강서2017-10-05,656,479,29,126,20,450,1
기계설비,기계설비·가스공사업,3523,(주)스틸뱅크,문준석,경기,고양2018-10-03,1591,156,939,479,15,61,3
기계설비,기계설비·가스공사업,3524,스틸이엔지(주),이호,전남광주,광양23-파-09,59,14,12,32,0,49,2
기계설비,기계설비·가스공사업,3525,(주)스페이스,유미란,전북,전북전주2005-12-3,1097,352,204,505,35,159,4
기계설비,기계설비·가스공사업,3526,(주)승도이앤지,김덕수,울산,울산남구2015-10-01,4040,2319,905,650,165,2112,5
기계설비,기계설비·가스공사업,3527,승산건설(주),김희준,전남광주,전남구례2017-10-01,867,24,589,252,1,0,2
기계설비,기계설비·가스공사업,3528,승산이엔지(주),고충화,전남광주,서울12-229,4095,1970,1294,633,197,2086,5
기계설비,기계설비·가스공사업,3529,(주)승연,서남조,전남광주,전남해남2026-파-01호,376,0,123,252,0,0,2
기계설비,기계설비·가스공사업,3530,(주)승우,노승환,충남,충남서산2024-13-05호,1160,658,248,252,0,455,2
기계설비,기계설비·가스공사업,3531,승원엔지니어링(주),김의석,경기,용인-2001-12-10,8337,7872,-1575,1250,789,13403,6
기계설비,기계설비·가스공사업,3532,승원엔지니어링,조상현,경남,경남통영 2001-12-01,1540,717,498,252,71,1537,2
기계설비,기계설비·가스공사업,3533,(주)승원테크,김곤중,충남,충남당진-2020-10-03,1772,875,607,252,37,634,2
기계설비,기계설비·가스공사업,3534,(주)승유,송창호,경북,경북포항2026-파-03호,420,0,120,300,0,0,4
기계설비,기계설비·가스공사업,3535,(주)승인,박군수,경기,시흥-24-파-11,0,0,0,0,0,0,2
기계설비,기계설비·가스공사업,3536,(주)승재,"백재호, 백승원",서울,서울92-12-252,15835,7149,6246,1722,717,8869,11
기계설비,기계설비·가스공사업,3537,승전종합건설(주),이동수,경기,안양-26-파-04호,9903,0,900,9003,0,0,60
기계설비,기계설비·가스공사업,3538,(주)승진도시가스,고광섭,경기,광주11-23-1-02,1831,1244,-125,622,88,871,5
기계설비,기계설비·가스공사업,3539,(주)승진사,최형근,경기,부천-18-10-003,613,95,261,252,4,173,2
기계설비,기계설비·가스공사업,3540,(주)승진엔지니어링,정철섭,전남광주,여수2012-10-06,12083,4849,4097,2789,346,9050,22
기계설비,기계설비·가스공사업,3541,(주)승진이엔씨,이상철,경기,광명2014-10-1,729,395,32,272,28,0,2
기계설비,기계설비·가스공사업,3542,승진테크(주),이한출,세종,광주북2010-10-04,699,294,110,252,42,0,2
기계설비,기계설비·가스공사업,3543,승현산업개발(주),임인수,전남광주,전남12-139,925,230,292,379,23,308,3
기계설비,기계설비·가스공사업,3544,(주)승화기업,김호,전남광주,광주서2012-23-02,2021,402,1084,505,28,583,4
기계설비,기계설비·가스공사업,3545,(주)시그마엔지니어링,우금주,서울,중구-06-27-4,1489,208,760,505,14,185,4
기계설비,기계설비·가스공사업,3546,(주)시그마파워,윤현,충북,광진-03-12-1,1079,556,177,290,55,982,2
기계설비,기계설비·가스공사업,3547,(주)시마가와,최영기,경기,용인2016-10-3,1238,210,765,252,9,106,2
기계설비,기계설비·가스공사업,3548,시민이엔지,김기홍,충남,충남논산-2021-10-02,1098,362,483,252,0,672,2
기계설비,기계설비·가스공사업,3549,(주)시산공영,조현석,서울,성동08-10-01,10998,3504,6725,517,250,4873,4
기계설비,기계설비·가스공사업,3550,시스기업,우창기,경북,경북영주 2026-파-01호,420,0,129,290,0,0,2
기계설비,기계설비·가스공사업,3551,(주)시스윈,이광철,경기,안산-22-파-001,969,503,213,252,0,909,2
기계설비,기계설비·가스공사업,3552,(주)시스컨,임재순,경기,부천-2007-12-1,9040,5085,2813,777,364,6774,5
기계설비,기계설비·가스공사업,3553,(주)시스텍,천인영,경기,화성22-파-25,3991,2898,820,273,0,4835,2
기계설비,기계설비·가스공사업,3554,(주)시스텍공조,박기형,경남,창원 2008-10-08,3508,458,2751,265,32,697,2
기계설비,기계설비·가스공사업,3555,시스템바스(주),이상인,서울,밀양 2007-12-01,2161,620,676,820,44,1105,6
기계설비,기계설비·가스공사업,3556,시스템벤트(주),안정헌,경기,고양-2001-12-11,61,8,9,42,0,31,2
기계설비,기계설비·가스공사업,3557,(주)시스템서플라이,심영훈,서울,용산-07-12-4,3083,1589,1108,271,113,2383,2
기계설비,기계설비·가스공사업,3558,시스템에어컨(주),김성신,전남광주,광주서2008-10-03,5268,2771,2020,278,197,3735,2
기계설비,기계설비·가스공사업,3559,(주)시스템에어컨대구총판,한정교,대구,대구 달서구 2006-12-3,1783,769,706,252,55,1258,2
기계설비,기계설비·가스공사업,3560,시스템에어컨전시장(주),김신비,제주,제주 제주2017-10-09,1576,1039,239,252,44,2274,2
기계설비,기계설비·가스공사업,3561,(주)시스템하나,임양석,서울,금천-05-12-2,8985,4201,3055,1307,421,5591,8
기계설비,기계설비·가스공사업,3562,시엔시(주),윤지근,전남광주,여수2020-10-07,20215,5795,13409,761,248,8510,6
기계설비,기계설비·가스공사업,3563,시연공조테크(주),송성석,경기,안산-22-파-006,3700,693,2755,252,0,26,2
기계설비,기계설비·가스공사업,3564,시온건설(주),김우철,전남광주,목포2001-12-01,2875,547,1623,650,54,1194,5
기계설비,기계설비·가스공사업,3565,(주)시우시스템공조,김우섭,경기,여주2022-13-01,539,29,257,252,0,11,2
기계설비,기계설비·가스공사업,3566,(주)시원기업,성진복,서울,금천-23-파-02,705,268,184,252,0,570,2
기계설비,기계설비·가스공사업,3567,(주)시원테크,남철현,전남광주,담양2016-10-01,2768,1465,842,397,62,1015,3
기계설비,기계설비·가스공사업,3568,시즈오카한성(주),스즈키나오지로,전북,전북익산2013-12-04,7001,2771,2605,1426,197,4627,11
기계설비,기계설비·가스공사업,3569,(주)시트론,권혁준,인천,인천서구2023-파-12,2984,382,2294,307,0,427,2
기계설비,기계설비·가스공사업,3570,(주)시티에스,유보리,충남,충남보령2025-13-02호,1242,98,764,378,0,141,3
기계설비,기계설비·가스공사업,3571,(주)시호이엔씨,최종필,경기,시흥07-12-6,4693,913,3171,543,65,2020,4
기계설비,기계설비·가스공사업,3572,(주)신강실업,신은숙,경기,시흥-2002-12-8,121,5,55,60,0,19,2
기계설비,기계설비·가스공사업,3573,(주)신광공조시스템,김재범,경기,강동-14-10-01,1254,637,281,290,45,882,2
기계설비,기계설비·가스공사업,3574,신광기계설비(주),김종석,경기,동작-04-12-4,1036,166,600,252,16,574,2
기계설비,기계설비·가스공사업,3575,(주)신광냉열기산업,이상열,부산,사상-2001-12-3,1562,626,481,391,62,1013,3
기계설비,기계설비·가스공사업,3576,(주)신광엔지니어링,강매선,대전,대전-94-12-1,13337,5138,6612,1072,513,6870,8
기계설비,기계설비·가스공사업,3577,(주)신광이엔지,조찬현,대구,대구동구-23-파-02호,728,175,300,252,0,570,2
기계설비,기계설비·가스공사업,3578,신광종합건설(주),염정수,전남광주,광주북2010-10-05,1016,191,558,253,13,117,2
기계설비,기계설비·가스공사업,3579,(주)신광플랜트,신경용,대구,대구남구2021-10-08호,2273,762,1127,383,0,977,3
기계설비,기계설비·가스공사업,3580,(주)신기건업,김창회,전남광주,여수2000-12-01,5344,759,3614,895,75,871,7
기계설비,기계설비·가스공사업,3581,(주)신기그린텍,이일남,전남광주,광주광산2019-10-04,2296,918,1085,252,39,1587,2
기계설비,기계설비·가스공사업,3582,신기테크,이준호,울산,울산남구2023-파-11,3934,507,3047,378,0,1276,3
기계설비,기계설비·가스공사업,3583,(주)신내에너지,황보박,서울,중랑-20-23-01,1590,385,556,631,16,551,5
기계설비,기계설비·가스공사업,3584,신농(주),강민균,경북,경북김천2020-10-01,48,29,2,14,1,19,2
기계설비,기계설비·가스공사업,3585,(주)신대동이앤티,김구영,울산,울산남구2021-10-03,4842,3410,800,631,0,1147,5
기계설비,기계설비·가스공사업,3586,신도이앤씨(주),"장기동, 정혜승",경기,송파-99-12-4,26506,14765,9775,910,1054,19590,7
기계설비,기계설비·가스공사업,3587,(주)신도이엔지,박상태,경기,파주16-10-03,1289,131,900,252,5,0,2
기계설비,기계설비·가스공사업,3588,신동기계산업(주),박영우,강원,동해2010-10-01,766,361,0,378,25,168,3
기계설비,기계설비·가스공사업,3589,(주)신동아이엠에스,박하석,충남,충남보령-2019-10-01,4013,529,3174,287,22,645,2
기계설비,기계설비·가스공사업,3590,(주)신동양기업,"박태은, 박종하",대구,대구북구2015-10-4호,133525,92498,19136,9944,11945,112716,17
기계설비,기계설비·가스공사업,3591,(주)신동플랜트,김흥수,충남,금천10-23-2,3981,1602,1632,631,114,2317,5
기계설비,기계설비·가스공사업,3592,(주)신라엔텍,이성노,경북,경북구미2024-파-1,572,0,193,378,0,0,3
기계설비,기계설비·가스공사업,3593,(주)신라이앤지,전찬웅,경북,경북경주2018-10-01,2005,244,1469,279,10,715,2
기계설비,기계설비·가스공사업,3594,신라이앤티(주),방수일,부산,부산강서2015-10-01,206,117,22,58,8,25,5
기계설비,기계설비·가스공사업,3595,(주)신명,"양지향, 정상옥",전남광주,광양24-파-01,1622,97,583,940,0,255,7
기계설비,기계설비·가스공사업,3596,(주)신명산업,김승하,대구,대구달서구2013-10-3,1516,130,870,505,9,141,4
기계설비,기계설비·가스공사업,3597,(주)신명설비,이재명,대구,대구북구02-27-1-8,1676,589,522,505,58,1030,4
기계설비,기계설비·가스공사업,3598,(주)신명엔지니어링,전해룡,서울,94-서울-12-221,2172,971,624,479,97,752,3
기계설비,기계설비·가스공사업,3599,(주)신명엔텍,박복성,경남,양산2019-10-03,2138,1331,181,568,57,980,4
기계설비,기계설비·가스공사업,3600,(주)신명이엔지,이상헌,전남광주,광주북2009-10-03,1302,773,221,252,55,531,2
기계설비,기계설비·가스공사업,3601,(주)신명프렌트,민병규,강원,광주동2019-10-04,1108,417,401,271,17,361,2
기계설비,기계설비·가스공사업,3602,(주)신보,"송병규, 이원표, 유정섭",서울,마포-15-10-06,19306,0,900,18406,0,0,36
기계설비,기계설비·가스공사업,3603,신보령(주),홍대령,충남,충남보령-2001-27-01,8395,3159,3862,1057,315,5916,8
기계설비,기계설비·가스공사업,3604,신비앤텍(주),정유돈,충남,충남아산-2018-10-19,0,0,0,0,0,0,8
기계설비,기계설비·가스공사업,3605,(주)신설이엔지,장문식,대전,대전대덕-01-12-2,4069,1619,1656,631,161,810,4
기계설비,기계설비·가스공사업,3606,(주)신성,이경미,경북,경북영주2023-파-01,695,217,225,252,0,284,2
기계설비,기계설비·가스공사업,3607,신성공영(주),"권선근, 김영경",서울,마포24-파-02,1404,73,900,431,0,138,3
기계설비,기계설비·가스공사업,3608,(유)신성공조시스템,박학수,전북,전북전주2009-10-4,2570,1144,1072,272,81,1717,2
기계설비,기계설비·가스공사업,3609,(주)신성공조이앤지,유남신,전북,전북완주2019-10-01,1676,411,932,315,17,529,2
기계설비,기계설비·가스공사업,3610,(주)신성그린엔지니어링,이재철,대전,대전-99-12-13,4783,2573,1197,754,257,2785,5
기계설비,기계설비·가스공사업,3611,(주)신성기업,유규상,충북,충북청주-99-27-2-1,6094,1915,3356,631,191,2439,5
기계설비,기계설비·가스공사업,3612,신성설비(주),신홍균,충남,충남보령-2012-10-01,1493,586,388,476,41,331,4
기계설비,기계설비·가스공사업,3613,(유)신성시스템,김해원,대전,전북전주2024-파-11호,833,11,569,252,0,19,2
기계설비,기계설비·가스공사업,3614,(주)신성씨앤씨,조성일,울산,충남보령-2014-10-02,4792,1014,2890,814,72,721,6
기계설비,기계설비·가스공사업,3615,(주)신성씨앤에스,전성우,서울,금천-25-파-03,577,14,263,300,0,20,3
기계설비,기계설비·가스공사업,3616,(주)신성씨엔씨,김성봉,경기,성북-04-12-1,2602,1251,963,262,125,1568,2
기계설비,기계설비·가스공사업,3617,(주)신성아이엠에스,황효순,전남광주,여수2021-10-06,113,0,47,65,0,0,2
기계설비,기계설비·가스공사업,3618,(주)신성엔지니어링,박대휘,경북,대전-96-12-8,91139,15266,70293,4035,1544,26562,25
기계설비,기계설비·가스공사업,3619,(주)신성엔지니어링,심순옥,경기,고양-2005-12-6,2084,451,1083,505,45,705,4
기계설비,기계설비·가스공사업,3620,신성엔지니어링(주),김상근,경북,경북포항2001-12-13,31134,15772,12576,1208,1577,16080,8
기계설비,기계설비·가스공사업,3621,신성이앤에스(주),김영덕,경북,경북영덕2021-10-01,1308,29,900,378,0,107,3
기계설비,기계설비·가스공사업,3622,(주)신성이앤지,유병수,경기,동작-08-10-03,9708,4531,4266,586,323,5239,4
기계설비,기계설비·가스공사업,3623,(주)신성이엔지,홍태원,대구,대구북구2003-12-1,470,102,67,290,10,45,2
기계설비,기계설비·가스공사업,3624,(주)신성이엔지,이지선,경기,성남-2003-12-2,79130,39317,29176,6670,3965,79458,15
기계설비,기계설비·가스공사업,3625,(주)신성이엔지,신종식,전남광주,순천2008-10-01,1336,135,900,290,9,214,2
기계설비,기계설비·가스공사업,3626,(주)신성지음,장정숙,대구,수성-20-10-01호,1621,315,779,512,13,754,3
기계설비,기계설비·가스공사업,3627,(주)신성테크,최은석,전남광주,광양2017-10-02,5318,1725,3140,378,73,2311,3
기계설비,기계설비·가스공사업,3628,(주)신성플랜트,김용철,경기,안산2016-10-04,3102,2230,0,777,95,0,6
기계설비,기계설비·가스공사업,3629,(주)신세계ENG,황철주,경기,경기시흥2021-10-09,1890,398,1238,252,0,692,2
기계설비,기계설비·가스공사업,3630,(주)신세계씨앤이,임광상,서울,서초-18-10-02,1715,1014,256,401,43,1753,3
기계설비,기계설비·가스공사업,3631,(유)신세계이앤시,유진규,전북,전북-12-71,1742,879,390,383,87,596,3
기계설비,기계설비·가스공사업,3632,(주)신세기건설,김위곤,경남,경남진주2000-12-1,3636,1476,1171,840,147,2573,6
기계설비,기계설비·가스공사업,3633,(주)신승시스템,김성규,부산,연제-2000-12-1,3228,884,1743,512,88,1363,4
기계설비,기계설비·가스공사업,3634,(주)신승에프앤티,박남준,전남광주,광주북2011-10-06,19781,8433,10010,733,604,11192,3
기계설비,기계설비·가스공사업,3635,(주)신승이엔지,김승곤,인천,인천남동08-10-05,2317,694,981,591,49,451,4
기계설비,기계설비·가스공사업,3636,(주)신신기계,"김종혁, 박병욱",부산,부산기장2021-10-02,867,63,386,416,0,19,3
기계설비,기계설비·가스공사업,3637,신신이앤지(주),고정자,부산,부산사상05-12-02,5032,1043,2798,1085,104,1517,8
기계설비,기계설비·가스공사업,3638,(주)신아시스템,송인수,경기,안양-09-10-3,8404,1388,6622,293,99,1402,2
기계설비,기계설비·가스공사업,3639,(주)신아엔지니어링,박진영,경기,고양2017-10-05,5233,2351,1576,1205,100,2865,9
기계설비,기계설비·가스공사업,3640,신아엔지니어링,김경선,경기,고양2021-10-02,444,147,98,197,0,202,2
기계설비,기계설비·가스공사업,3641,(주)신아이엔씨,최필상,서울,관악-08-10-01,3697,743,2629,271,53,817,2
기계설비,기계설비·가스공사업,3642,신아이엔씨(주),이성필,인천,인천동구2006-12-03,3004,737,1690,524,52,1661,4
기계설비,기계설비·가스공사업,3643,(주)신아이엔지,"정영선, 박일수",서울,금천-02-12-5,7313,2753,3710,574,275,4175,4
기계설비,기계설비·가스공사업,3644,(주)신안건기,조철희,경북,상주2005-12-01,981,137,703,126,13,265,1
기계설비,기계설비·가스공사업,3645,신안기계공업(주),신경균,강원,동해08-12-01,8947,3572,4741,378,255,4447,3
기계설비,기계설비·가스공사업,3646,(주)신안플랜트,김덕수,충남,충남당진-2014-10-04,12105,8414,2205,883,601,8854,7
기계설비,기계설비·가스공사업,3647,신양가스엔지니어링(주),강태영,전남광주,광양22-파-11,1425,190,603,631,0,553,5
기계설비,기계설비·가스공사업,3648,신양에너지(주),박영진,충남,대전유성 2010-10-2,4646,1737,2153,631,124,3123,5
기계설비,기계설비·가스공사업,3649,(주)신영,채기성,충남,충남보령2026-13-02호,119,0,34,85,0,0,14
기계설비,기계설비·가스공사업,3650,(유)신영건설,송창석,전북,전북장수-22-파-001호,1351,156,936,258,0,425,2
기계설비,기계설비·가스공사업,3651,신영건축설비(주),정찬열,서울,영등포-00-12-3,1762,283,1194,256,28,327,2
기계설비,기계설비·가스공사업,3652,신영기계기술,신필우,전남광주,여수2016-10-21,1278,0,900,378,0,0,3
기계설비,기계설비·가스공사업,3653,(유)신영설비,이종배,서울,강서-01-27-1-2,207,129,0,64,12,0,4
기계설비,기계설비·가스공사업,3654,신영설비(주),강영식,경남,창원마합2022-파-01,1172,435,339,396,0,667,3
기계설비,기계설비·가스공사업,3655,(주)신영씨엔에스,조승진,경기,안산-25-파-01,688,0,435,252,0,0,2
기계설비,기계설비·가스공사업,3656,신영엔지니어링,오명광,경북,경북경산2018-10-2,879,231,377,259,9,409,2
기계설비,기계설비·가스공사업,3657,신영이엔씨(주),유승용,대전,대전서구25-파-1호,996,0,448,548,0,0,4
기계설비,기계설비·가스공사업,3658,(주)신영이엔씨,박경종,경기,의왕2008-10-1,565,74,175,309,5,77,2
기계설비,기계설비·가스공사업,3659,(주)신영이엔씨,김승식,충남,충남천안-2018-10-10,545,0,166,378,0,0,3
기계설비,기계설비·가스공사업,3660,(주)신영이엔지,백문기,충남,충남당진-2019-10-02,6936,3488,3045,252,149,4669,2
기계설비,기계설비·가스공사업,3661,(주)신영이엔티,이유준,서울,중랑-11-10-01,2137,528,1091,479,37,1036,3
기계설비,기계설비·가스공사업,3662,(주)신영정보기술,"최영묵, 최민수",경기,광진-98-12-5,14257,4498,8637,669,451,6401,5
기계설비,기계설비·가스공사업,3663,(주)신영종합건설,이진수,서울,금천-06-12-6,1742,146,683,901,10,230,6
기계설비,기계설비·가스공사업,3664,(유)신영테크,신동휘,전북,전북군산2019-10-03,6490,1617,4547,257,69,2169,2
기계설비,기계설비·가스공사업,3665,(주)신영플랜트산업,정명화,경기,안양-19-10-4,2377,1594,316,397,68,1810,3
기계설비,기계설비·가스공사업,3666,신왕건설(주),고금희,서울,강북-97-12-1,9479,2419,5835,982,241,534,7
기계설비,기계설비·가스공사업,3667,(주)신용이엔지,김용관,전북,전북군산2006-12-01,6053,2474,3112,290,176,1564,2
기계설비,기계설비·가스공사업,3668,(주)신우,홍성만,대구,대구중구2016-10-1,1226,594,353,252,25,923,2
기계설비,기계설비·가스공사업,3669,신우ENG,박남용,충남,충남논산-2023-13-03,1587,454,754,378,0,785,3
기계설비,기계설비·가스공사업,3670,신우공조(주),박종찬,경기,파주08-10-5,9834,4485,4482,545,320,7383,4
기계설비,기계설비·가스공사업,3671,신우기전,신흥식,서울,영등포-01-12-10,2696,1125,953,505,112,2147,4
기계설비,기계설비·가스공사업,3672,신우시스템(주),김재환,인천,인천동구2007-12-01,16433,8189,7406,252,584,9142,2
기계설비,기계설비·가스공사업,3673,신우씨앤씨(주),민영인,경기,안양17-10-12,1897,906,680,271,39,971,2
기계설비,기계설비·가스공사업,3674,신우엔지니어링(주),신종창,인천,인천 12-92,12077,2966,6847,1966,297,3555,11
기계설비,기계설비·가스공사업,3675,신우엔지니어링(주),박순근,전남광주,순천2021-10-04,3553,424,1992,1136,0,159,9
기계설비,기계설비·가스공사업,3676,(주)신우엔지니어링,"김팔원, 류태희",경북,경북구미2023-파-4,3741,958,2395,386,0,2704,2
기계설비,기계설비·가스공사업,3677,(주)신우이앤씨,현관수,대구,대구달서구2000-12-3,2822,1462,910,303,146,2329,2
기계설비,기계설비·가스공사업,3678,(주)신우이앤에스,황춘기,경남,안산2012-10-4,3775,1072,2373,252,76,1422,2
기계설비,기계설비·가스공사업,3679,(주)신우이엔지,하민호,전남광주,광주서03-12-05,5826,2392,1740,1453,239,5526,10
기계설비,기계설비·가스공사업,3680,(유)신우이엔지,김정기,전북,전북-12-23,4846,1897,1996,761,190,1594,6
기계설비,기계설비·가스공사업,3681,(주)신우이엔지산업,배미정,인천,광주북2019-10-02,2273,1163,932,126,49,979,1
기계설비,기계설비·가스공사업,3682,신우중공업(주),안병구,경남,창원 2000-12-10,1859,573,849,378,57,677,3
기계설비,기계설비·가스공사업,3683,(주)신우콘트롤,위강철,경기,고양2015-10-3,2451,741,1259,397,52,1032,3
기계설비,기계설비·가스공사업,3684,신우플랜트(주),김성완,부산,부산사상14-10-4,5771,2026,2435,1164,145,3772,7
기계설비,기계설비·가스공사업,3685,신원공조(주),전상현,경기,경기-94-12-23,403,98,38,256,9,291,2
기계설비,기계설비·가스공사업,3686,신원기업(주),박종민,충남,충남보령-2010-10-01,7593,2008,4683,757,143,931,6
기계설비,기계설비·가스공사업,3687,신원기업 주식회사,오화자,충북,은평-05-12-2,2521,665,1385,404,66,868,3
기계설비,기계설비·가스공사업,3688,(주)신원설비공사,최돈성,강원,속초2007-12-03,902,376,366,133,26,477,1
기계설비,기계설비·가스공사업,3689,(주)신원엔지니어링,김학진,경기,안산2007-12-7,2128,781,868,422,55,910,3
기계설비,기계설비·가스공사업,3690,(주)신원엔지니어링,최용기,경기,경기시흥2018-10-66,1052,481,298,252,20,931,2
기계설비,기계설비·가스공사업,3691,(주)신원엔지니어링,"송인창, 유병광",경기,고양2023-파-08,1862,1340,269,252,0,3138,2
기계설비,기계설비·가스공사업,3692,(주)신원이엔씨,추상원,경남,양산2009-10-03,2584,537,1755,252,38,752,2
기계설비,기계설비·가스공사업,3693,(주)신원이엔에스,김성원,경북,경북포항2010-23-02,6169,818,4913,378,58,1102,3
기계설비,기계설비·가스공사업,3694,(주)신원이엔지,이유나,경북,대구 달서구2008-12-04,4247,885,2665,633,63,1392,5
기계설비,기계설비·가스공사업,3695,신원종합개발(주),김성민,경기,화성09-23-1,18378,1356,8136,8788,97,2244,36
기계설비,기계설비·가스공사업,3696,(주)신원테크,최양수,충남,충남천안-2022-파-06,1880,515,986,378,0,613,3
기계설비,기계설비·가스공사업,3697,신원티에스(주),임육모,전남광주,광주서2010-10-01,1341,228,824,272,16,289,2
기계설비,기계설비·가스공사업,3698,(주)신의공조플랜트,박광훈,대구,대구북구-25-파-01호,973,399,302,271,0,570,2
기계설비,기계설비·가스공사업,3699,(주)신일,김광수,전남광주,광주92-12-14,6906,1740,3569,1421,175,3580,9
기계설비,기계설비·가스공사업,3700,(유)신일,이광호,전북,전북-12-40,1850,174,672,986,17,290,6
기계설비,기계설비·가스공사업,3701,(주)신일산업,이수정,경북,경북포항2015-10-06,1777,743,728,252,53,1008,2
기계설비,기계설비·가스공사업,3702,신일산업개발(주),홍미영,경남,사천2015-10-2,3688,584,2665,397,41,981,3
기계설비,기계설비·가스공사업,3703,(주)신일이앤씨,최문홍,대구,대구2005-12-2호,1663,108,900,644,10,202,4
기계설비,기계설비·가스공사업,3704,(주)신일이엔씨,"김영술, 윤석진",대전,대전-92-12-2,24868,15894,5692,1683,1598,14191,8
기계설비,기계설비·가스공사업,3705,신일인텍(주),노규성,경북,경북포항2005-12-14,1892,519,583,736,51,328,13
기계설비,기계설비·가스공사업,3706,(주)신정개발,김영삼,전남광주,여수2015-10-10,1295,115,900,271,8,412,2
기계설비,기계설비·가스공사업,3707,신정건설(주),홍찬호,강원,인제2023-파-01,1355,144,389,820,0,268,6
기계설비,기계설비·가스공사업,3708,(주)신정기공,오성현,대구,달성군2007-12-1,2758,1496,0,1155,106,114,8
기계설비,기계설비·가스공사업,3709,(주)신정이엔씨,이병환,경기,수원-99-12-1,3525,673,2406,378,67,785,3
기계설비,기계설비·가스공사업,3710,(주)신정이엔지,신만호,대전,대전대덕-04-12-04,2637,1115,1158,252,111,1552,2
기계설비,기계설비·가스공사업,3711,신정케미칼(주),한만준,경기,부천-14-10-3,3346,1161,1690,412,82,3687,3
기계설비,기계설비·가스공사업,3712,신제일전기(주),신동욱,충남,충남부여-2019-10-01,490,69,165,252,2,129,2
기계설비,기계설비·가스공사업,3713,(주)신진,최동해,강원,영월2022-파-03호,850,522,66,261,0,289,3
기계설비,기계설비·가스공사업,3714,(유)신진공업,고광문,전북,전북정읍05-12-1,2606,228,1368,987,22,312,7
기계설비,기계설비·가스공사업,3715,신진기술(주),김해숙,경북,광진03-12-05,3243,954,1472,720,95,908,5
기계설비,기계설비·가스공사업,3716,신진산업,남기욱,인천,인천서구2004-12-01,2242,1205,474,441,120,1387,3
기계설비,기계설비·가스공사업,3717,(유)신진산업개발,윤남식,전북,전북전주2013-10-1,1383,214,674,479,15,77,3
기계설비,기계설비·가스공사업,3718,(주)신진스테이지,지무광,경기,동대문-06-12-3,7697,1038,6230,353,74,2456,2
기계설비,기계설비·가스공사업,3719,(주)신진에너텍,박진섭,전북,전북전주2011-10-6,1890,554,854,441,39,563,3
기계설비,기계설비·가스공사업,3720,(주)신진엔지니어링,김홍성,대전,대전대덕-2000-27-3,1844,528,758,505,52,1018,4
기계설비,기계설비·가스공사업,3721,신진이앤씨(주),홍왕석,경기,송파-01-12-26,2628,741,1269,543,74,1678,4
기계설비,기계설비·가스공사업,3722,신진이앤지,이성영,대전,대전대덕-21-10-08,235,134,33,67,0,125,2
기계설비,기계설비·가스공사업,3723,신진이엔지,최기선,서울,동대문-18-10-03,1578,467,817,273,20,868,2
기계설비,기계설비·가스공사업,3724,(주)신진이엔지,임병일,대전,대전동구-2002-12-01,3334,1548,1214,416,154,1226,3
기계설비,기계설비·가스공사업,3725,(주)신진테크윈,신송희,경남,창원의창2025-파-01,569,107,154,307,0,153,3
기계설비,기계설비·가스공사업,3726,신천에너지(주),김상열,경북,경북포항2015-10-04,1716,748,403,510,53,970,4
기계설비,기계설비·가스공사업,3727,(주)신텍,김장용,경기,안성2025-파-0002,1203,50,900,252,0,72,2
기계설비,기계설비·가스공사업,3728,(주)신포이앤씨,김순희,서울,마포-03-12-1,3499,1183,1945,252,118,1847,2
기계설비,기계설비·가스공사업,3729,신풍건업(주),박래식,울산,대구-12-115,3135,1732,850,378,173,2253,3
기계설비,기계설비·가스공사업,3730,(주)신한,정휘환,강원,원주 2005-12-01,5240,665,2595,1913,66,1747,14
기계설비,기계설비·가스공사업,3731,(주)신한공조이엔지,이만길,강원,광주동2018-10-02,1734,692,632,379,29,911,3
기계설비,기계설비·가스공사업,3732,(주)신한기공,김영모,충북,충북청주제08-10-3,16925,2354,14126,276,168,5598,2
기계설비,기계설비·가스공사업,3733,신한기술그룹(주),장수지,경기,수원-24-파-07,1723,367,560,795,0,698,6
기계설비,기계설비·가스공사업,3734,(주)신한도시가스,오수정,충남,평택15-23-1,399,55,0,340,3,105,3
기계설비,기계설비·가스공사업,3735,(주)신한설비,사공정기,경북,경북경산2013-23-1,3497,1023,2007,393,73,2304,3
기계설비,기계설비·가스공사업,3736,(주)신한소방전기,김기용,경남,창원의창2025-파-10,1647,116,900,631,0,166,5
기계설비,기계설비·가스공사업,3737,신한승엔지니어링(주),이명국,경기,강서-05-12-2,2887,427,2038,378,42,452,3
기계설비,기계설비·가스공사업,3738,(주)신한알앤디,"오일선, 전주하",경기,구로-10-10-04,207,51,38,113,3,73,2
기계설비,기계설비·가스공사업,3739,(주)신한에스엔지,"최용성, 심재현",서울,영등포19-10-05,15763,0,900,14863,0,0,73
기계설비,기계설비·가스공사업,3740,신한에어텍(주),이기용,경기,강남-99-12-30,682,426,0,213,42,0,3
기계설비,기계설비·가스공사업,3741,신한열기(주),김영관,경기,시흥-2005-12-6,10660,2460,6674,1278,246,7224,9
기계설비,기계설비·가스공사업,3742,신한이엔지(주),"정지윤, 황교왕",충남,충남천안-2014-10-07,7669,3128,3928,388,223,4027,3
기계설비,기계설비·가스공사업,3743,(주)신한인텍,오창진,경북,경기95-12-23,1635,424,853,314,42,891,2
기계설비,기계설비·가스공사업,3744,(주)신한전기,신현출,전남광주,담양2017-10-02,4406,576,3461,344,24,176,2
기계설비,기계설비·가스공사업,3745,신한전설(주),"윤귀열, 채경신",충남,충남보령-2003-12-03,10907,1903,8313,500,190,2626,2
기계설비,기계설비·가스공사업,3746,(주)신한정공,황영호,경남,김해 2009-12-01,465,94,111,252,6,207,2
기계설비,기계설비·가스공사업,3747,신한종합건설(주),박용수,경기,제-3호,1505,0,0,1505,0,0,12
기계설비,기계설비·가스공사업,3748,신한종합설비,장백,인천,인천계양-2001-12-3,1322,253,659,384,25,583,3
기계설비,기계설비·가스공사업,3749,신한피에스(주),윤세준,충남,충남보령-2023-13-03,11287,4581,6391,313,0,7257,2
기계설비,기계설비·가스공사업,3750,(주)신행설비,김성남,서울,82-서울-12-73,3218,1205,1460,430,120,2799,3
기계설비,기계설비·가스공사업,3751,신혁이앤지(주),이주식,충남,인천-12-43,1940,390,1255,255,39,511,2
기계설비,기계설비·가스공사업,3752,(주)신현공조씨스템,이태형,서울,도봉-08-10-01,2583,1435,666,378,102,1949,3
기계설비,기계설비·가스공사업,3753,(주)신형이엔티,임강식,울산,울산울주2021-10-29,310,0,0,310,0,0,4
기계설비,기계설비·가스공사업,3754,(주)신호,임수연,전남광주,여수26-파-03호,1152,0,900,252,0,0,2
기계설비,기계설비·가스공사업,3755,신호건설(주),"홍민호, 여명순",경기,안양-2000-27-1-32,1316,64,829,422,0,69,3
기계설비,기계설비·가스공사업,3756,(주)신호에너텍,전현국,경기,경기-96-12-41,5087,1527,1616,1789,153,3691,12
기계설비,기계설비·가스공사업,3757,(주)신화,강진선,충남,충남공주-2017-10-01,1096,361,302,416,15,605,3
기계설비,기계설비·가스공사업,3758,신화건설(주),윤수홍,강원,강릉22-파-04,2555,0,900,1655,0,0,3
기계설비,기계설비·가스공사업,3759,신화공조,서지원,경남,마산 2008-10-2,1918,990,602,254,71,1202,2
기계설비,기계설비·가스공사업,3760,(주)신화공조기술,권태정,서울,서초-06-12-14,11392,5975,4605,385,426,5671,3
기계설비,기계설비·가스공사업,3761,신화기계설비(주),김영숙,전남광주,은평-05-12-5,3395,699,2095,529,69,1479,4
기계설비,기계설비·가스공사업,3762,신화비엠씨(주),임춘심,인천,인천남동20-10-06,665,42,349,271,1,81,2
기계설비,기계설비·가스공사업,3763,(주)신화설비,송치정,경기,시흥04-27(1)-4,1256,638,176,378,63,402,3
기계설비,기계설비·가스공사업,3764,신화아쿠아(주),이돈구,서울,동대문-01-12-6,33503,7188,24502,1093,718,10624,6
기계설비,기계설비·가스공사업,3765,(주)신화이앤씨,김미화,충남,충남태안2024-13-01호,4204,1618,1605,978,0,2524,7
기계설비,기계설비·가스공사업,3766,(주)신화이엔에스,전민수,부산,부산기장2026-파-01호,372,0,120,252,0,0,2
기계설비,기계설비·가스공사업,3767,(주)신화이엔지,이원복,경기,충북청주01-27-1-6,1797,442,931,378,44,434,3
기계설비,기계설비·가스공사업,3768,(주)신화이엔지,김태광,충남,충남천안-2014-10-03,3590,952,2317,252,68,381,2
기계설비,기계설비·가스공사업,3769,(주)신화인더스트리,김범상,경기,인천서구2021-10-13,2667,1626,788,252,0,81,2
기계설비,기계설비·가스공사업,3770,(주)신화전기,김수,인천,계양-23-파-03,1212,57,900,255,0,53,2
기계설비,기계설비·가스공사업,3771,신화테크,김종범,경남,김해-25-파-03,439,0,187,252,0,0,2
기계설비,기계설비·가스공사업,3772,(주)신화플랜텍,정대삼,충남,경북포항2013-10-1,8233,4891,2721,271,349,7436,2
기계설비,기계설비·가스공사업,3773,(주)신황,황수홍,경북,경북경주2010-10-03,5461,2259,1866,1174,161,3345,9
기계설비,기계설비·가스공사업,3774,(주)신흥,"최장우, 최용현",강원,강원-78-12-2,4991,2165,1668,940,216,3556,7
기계설비,기계설비·가스공사업,3775,(주)신흥,신승열,강원,경북 문경 2013-10-02,2678,1019,1331,254,72,321,2
기계설비,기계설비·가스공사업,3776,(주)신흥강판,김용현,충북,충북청주-98-12-1,32999,5559,25524,1359,555,7983,10
기계설비,기계설비·가스공사업,3777,(주)신흥기공,송민경,충남,충남홍성-02-12-01,7829,2845,2082,2616,284,1755,46
기계설비,기계설비·가스공사업,3778,신흥기업(주),김용현,충북,충북청주16-10-4,0,0,0,0,0,0,11
기계설비,기계설비·가스공사업,3779,(주)신흥기업,홍영자,전남광주,순천2016-10-06,3254,1544,665,975,68,3242,9
기계설비,기계설비·가스공사업,3780,신흥엔지니어링(주),문윤희,경기,시흥12-10-22,3758,1540,1277,831,110,2053,6
기계설비,기계설비·가스공사업,3781,신흥이앤지(주),박명남,강원,동해2020-10-01호,1516,217,905,383,9,210,3
기계설비,기계설비·가스공사업,3782,(주)실행건설,박동준,부산,부산연제2021-10-01,2201,154,685,1361,0,0,9
기계설비,기계설비·가스공사업,3783,(주)싸이몬,안재봉,경기,성남14-10-13,8975,2753,5771,252,196,4456,2
기계설비,기계설비·가스공사업,3784,(주)싸이텍이엔씨,유병석,경기,마포08-10-02,3630,642,2563,378,45,452,3
기계설비,기계설비·가스공사업,3785,(주)쌍마기업,한승후,제주,제주 제주2019-10-07,823,226,316,271,9,77,2
기계설비,기계설비·가스공사업,3786,쌍용건설(주),김인수,서울,송파제480-0103,60438,0,900,59538,0,0,229
기계설비,기계설비·가스공사업,3787,쌍용기계설비(주),김후열,경북,경북경주2007-12-01,2703,663,1449,543,47,1099,4
기계설비,기계설비·가스공사업,3788,(주)써밋필텍,최은진,경기,평택-25-파-024호,1216,58,900,258,0,83,2
기계설비,기계설비·가스공사업,3789,(주)썬탑엔지니어링,장동명,경기,화성25-파-04,1564,205,980,378,0,293,3
기계설비,기계설비·가스공사업,3790,썬테크,박대근,충북,충북청주 22-파-25,2154,753,1147,252,0,1071,2
기계설비,기계설비·가스공사업,3791,(주)썬플라워즈,김종석,인천,인서26-파-03,372,0,120,252,0,0,2
기계설비,기계설비·가스공사업,3792,(주)썸텍,신지우,경북,경북포항2015-10-11,5023,1699,2824,378,121,1677,3
기계설비,기계설비·가스공사업,3793,쎄라텍코(주),김재학,경기,부천-12-10-7,6945,1351,4341,1155,96,2013,9
기계설비,기계설비·가스공사업,3794,(주)쏘노,윤병석,경기,금천-13-10-10,12486,10472,753,512,748,11765,3
기계설비,기계설비·가스공사업,3795,(주)쓰리샤인,박춘자,대전,대전유성-2022-파-3,684,558,0,126,0,189,1
기계설비,기계설비·가스공사업,3796,(주)쓰리에이치시스템,이태형,경기,성남20-10-14,3575,1379,1884,252,59,3852,2
기계설비,기계설비·가스공사업,3797,씨공조시스템,"정화수, 오은주",경북,경북구미2006-12-04,1697,428,612,625,30,528,4
기계설비,기계설비·가스공사업,3798,(주)씨더블유건설,박슬록,강원,전남97-12-25,1588,148,794,631,14,332,5
기계설비,기계설비·가스공사업,3799,(주)씨더블유에이치텍,최우형,전남광주,담양2021-10-04,1190,9,574,605,0,0,8
기계설비,기계설비·가스공사업,3800,(주)씨드코,조봉현,충남,충남서산-2015-10-40,2115,453,1377,252,32,761,2
기계설비,기계설비·가스공사업,3801,(주)씨브이,"김성래, 권혁, 홍현기",경기,수원2015-23-2,1724,1266,240,126,90,1314,1
기계설비,기계설비·가스공사업,3802,(주)씨브이네트,윤준병,서울,성남11-10-6,595,0,221,374,0,0,2
기계설비,기계설비·가스공사업,3803,(주)씨브이코퍼레이션,이한일,서울,용산-25-파-02,12406,6428,5346,631,0,9183,5
기계설비,기계설비·가스공사업,3804,(주)씨씨에이치산업,신명기,경북,경북포항99-12-164,5077,794,3823,379,79,353,3
기계설비,기계설비·가스공사업,3805,(주)씨아이씨이엔지,김관일,전북,전북군산2021-10-07,3812,2114,1317,381,0,3523,3
기계설비,기계설비·가스공사업,3806,씨아이에스이엔지(주),문진희,충남,광주광산2019-10-03,6200,2992,2245,831,130,3423,5
기계설비,기계설비·가스공사업,3807,씨아이와이건설(주),양희선,서울,강남-13-10-01,1152,0,900,252,0,0,2
기계설비,기계설비·가스공사업,3808,씨알이엔지(주),민경우,서울,서초-08-10-05,0,0,0,0,0,0,3
기계설비,기계설비·가스공사업,3809,씨알케이(주),"강성희, 김창수",충남,오산-2000-12-1,38575,34074,55,1037,3407,32099,6
기계설비,기계설비·가스공사업,3810,(주)씨앤디,장정현,대전,대전중구-06-12-04,366,105,0,252,7,22,2
기계설비,기계설비·가스공사업,3811,(주)씨앤씨라이트웨이,정환수,서울,서초-07-12-08,809,184,358,252,13,648,2
기계설비,기계설비·가스공사업,3812,(주)씨앤씨엔지니어링,임순철,경기,충북청주제06-12-4,1879,1466,144,164,104,310,1
기계설비,기계설비·가스공사업,3813,(주)씨앤씨테크,한영민,강원,대전중구-00-12-01,857,300,211,315,30,75,2
기계설비,기계설비·가스공사업,3814,(주)씨앤제이,최희영,인천,인천남구2011-10-3,4506,2468,1519,341,177,3817,2
기계설비,기계설비·가스공사업,3815,(주)씨앤제이플랜트,조용찬,충남,충남천안-2019-10-16,2807,1234,1264,254,52,1975,2
기계설비,기계설비·가스공사업,3816,(주)씨앤지,김호빈,경남,창원성산2020-10-06,903,515,113,252,22,984,2
기계설비,기계설비·가스공사업,3817,(주)씨앤지산업,이준호,경북,경북포항2026-파-02호,975,0,278,697,0,0,7
기계설비,기계설비·가스공사업,3818,씨앤지하이테크(주),"홍사문, 홍중선",경기,안성 2010-10-2,1974,188,1132,640,13,0,3
기계설비,기계설비·가스공사업,3819,씨앤티85(주),이기주,경기,서초-08-10-06,30807,18045,10632,840,1288,17917,6
기계설비,기계설비·가스공사업,3820,씨에스(주),최수언,전남광주,여수2018-10-09,1268,381,743,126,16,999,1
기계설비,기계설비·가스공사업,3821,씨에스건설(주),최한준,인천,인천계양-2001-12-2,2380,503,1338,487,50,760,3
기계설비,기계설비·가스공사업,3822,씨에스건설(주),최선숙,강원,원주2018-10-03호,4134,777,2264,1059,33,1283,8
기계설비,기계설비·가스공사업,3823,(주)씨에스더블유,정승희,대전,대전유성-2021-10-9,2196,1442,364,389,0,2026,3
기계설비,기계설비·가스공사업,3824,씨에스아이티(주),정용수,인천,인천서구2023-파-14,2241,1212,757,271,0,2172,2
기계설비,기계설비·가스공사업,3825,(주)씨에스이엔지,이창관,부산,부산사하2021-10-01,1154,294,721,126,12,705,1
기계설비,기계설비·가스공사업,3826,씨에스테크,성시옥,충남,대전유성-2021-10-12,1281,78,824,378,0,26,3
기계설비,기계설비·가스공사업,3827,씨에스텍(주),양희상,충남,충남당진-2020-10-02,1155,3,900,252,0,0,2
기계설비,기계설비·가스공사업,3828,씨에스플랜트(주),김은미,인천,인천서구2021-10-15,5624,2167,3073,383,0,4027,3
기계설비,기계설비·가스공사업,3829,씨에이엔지니어링(주),지용섭,서울,95-서울-12-100,2966,1105,237,1513,110,482,14
기계설비,기계설비·가스공사업,3830,씨에이엠테크놀로지(주),김춘기,경기,부천-2005-12-9,2404,1956,0,252,195,2268,2
기계설비,기계설비·가스공사업,3831,(주)씨에이치에너지,송일님,경기,고양2014-23-1,2430,1057,665,631,76,1099,5
기계설비,기계설비·가스공사업,3832,씨에이프로텍(주),황광용,울산,울산남구2022-파-10,1529,164,985,378,0,119,3
기계설비,기계설비·가스공사업,3833,씨엔비산업(주),김종구,충남,충남금산-2016-10-1,10264,5279,4253,505,226,8881,4
기계설비,기계설비·가스공사업,3834,(주)씨엔알기술,정수민,제주,제주제주2024-13-03,515,37,221,257,0,31,2
기계설비,기계설비·가스공사업,3835,(주)씨엔에스,이인재,대전,대전대덕24-13-01호,1576,804,519,252,0,2010,2
기계설비,기계설비·가스공사업,3836,(주)씨엔에이치,유은정,경기,고양2008-10-5,1212,55,900,252,3,199,2
기계설비,기계설비·가스공사업,3837,씨엔에이치산업(주),이홍열,대전,대전대덕 24-13-03호,2035,1014,768,252,0,2174,2
기계설비,기계설비·가스공사업,3838,씨엔에이치테크(주),백운남,서울,금천-04-12-1,1747,336,997,378,33,327,3
기계설비,기계설비·가스공사업,3839,(주)씨엔이,허관영,충북,동해2004-12-01,1094,400,396,256,40,338,2
기계설비,기계설비·가스공사업,3840,씨엔지건설(주),"우순정, 양용승",경기,금천-01-12-11,50043,35864,6406,4165,3606,36987,14
기계설비,기계설비·가스공사업,3841,(주)씨엔지엔지니어링,금미경,경기,경기시흥2021-10-19,3688,1030,2152,505,0,1485,4
기계설비,기계설비·가스공사업,3842,씨엔텍(주),이은평,전남광주,광양2019-10-06,0,0,0,0,0,0,1
기계설비,기계설비·가스공사업,3843,(주)씨엔피,최성일,경기,화성19-23-01,7820,5286,1928,378,226,4573,3
기계설비,기계설비·가스공사업,3844,(주)씨엘케이,김선원,경기,남양주21-23-260,717,186,151,378,0,306,3
기계설비,기계설비·가스공사업,3845,(주)씨엠네트웍스,이태희,경기,용인2009-10-2,1605,269,1064,252,19,409,2
기계설비,기계설비·가스공사업,3846,(주)씨엠씨텍,"최정황, 문수향",경기,화성20-10-28,330,20,55,252,0,0,2
기계설비,기계설비·가스공사업,3847,(주)씨엠에스,조만식,경기,이천22-파-02,0,0,0,0,0,0,3
기계설비,기계설비·가스공사업,3848,(유)씨엠에스이엔지,이진복,전북,전북전주2017-10-5호,2951,2239,91,524,95,7418,4
기계설비,기계설비·가스공사업,3849,(주)씨엠지테크,최문국,경북,안산2012-10-007,6381,2590,3318,287,185,2051,2
기계설비,기계설비·가스공사업,3850,(주)씨엠케이플랜트,김용한,울산,울산울주2025-파-11,493,0,367,126,0,0,1
기계설비,기계설비·가스공사업,3851,(주)씨엠피파트너스,장원빈,경기,용인2019-10-7,2189,894,751,505,38,1480,4
기계설비,기계설비·가스공사업,3852,(주)씨이씨,송명준,충남,안산2014-10-1,655,118,149,378,8,422,3
기계설비,기계설비·가스공사업,3853,씨제이기업(주),송지훈,전남광주,전남고흥제2018-10-01,1754,176,1059,510,7,537,4
기계설비,기계설비·가스공사업,3854,(주)씨제이시스템,최진선,경기,이천08-10-4,1263,103,900,252,7,188,2
기계설비,기계설비·가스공사업,3855,씨제이에너지(주),박미란,제주,부산연제2018-23-01,2086,1305,219,505,56,1956,4
기계설비,기계설비·가스공사업,3856,(주)씨젠아이,정영순,부산,부산강서2023-파-03,2242,1298,691,252,0,1952,2
기계설비,기계설비·가스공사업,3857,씨지엔지니어링(주),윤관학,경남,경북안동2008-23-01,2193,367,1421,378,26,641,3
기계설비,기계설비·가스공사업,3858,(주)씨케이산업개발,이은경,울산,울산울주2025-파-7,1026,0,900,126,0,0,1
기계설비,기계설비·가스공사업,3859,(주)씨케이솔루션(CKSolutionCo.，Ltd.),"김유곤, 안근표",경기,수원09-10-4,35039,29993,0,2903,2142,42667,7
기계설비,기계설비·가스공사업,3860,씨케이이엔지(주),김후배,서울,영등포13-10-04,2554,969,976,538,69,1061,2
기계설비,기계설비·가스공사업,3861,(주)씨케이코리아,정창헌,울산,울산남구2012-23-01,2782,2048,82,505,146,1724,4
기계설비,기계설비·가스공사업,3862,(주)씨케이테크피아,이동수,서울,군포-2004-12-2,5,3,0,1,0,0,3
기계설비,기계설비·가스공사업,3863,(주)씨테크코퍼레이션,이상돈,경기,김포-22-13-05,1148,509,432,206,0,1439,0
기계설비,기계설비·가스공사업,3864,(주)씨티에너지,배정근,경기,수원-2003-27-1-9,16171,4737,7583,3101,748,10553,20
기계설비,기계설비·가스공사업,3865,(주)씨티에스엔지니어링,김현,충남,충남천안-2022-파-02,61407,12808,48092,506,0,10455,4
기계설비,기계설비·가스공사업,3866,(주)아남공조,조현국,대구,대구서구2008-10-2,1354,155,930,257,11,295,2
기계설비,기계설비·가스공사업,3867,(주)아남산업개발,박하종,경남,창원마회 2013-10-01,1696,543,798,315,38,485,2
기계설비,기계설비·가스공사업,3868,(유)아남설비사,"권홍훈, 권용주",경남,부산-95-12-12,17974,2472,14834,420,247,3845,3
기계설비,기계설비·가스공사업,3869,(주)아너스테크,신현숙,경기,수원-22-파-02,1669,1148,14,505,0,49,4
기계설비,기계설비·가스공사업,3870,(주)아라건설,김준기,전남광주,장흥-24-파-02,2903,269,1619,1013,0,407,7
기계설비,기계설비·가스공사업,3871,(주)아라기술,전한철,전북,전북전주2014-10-5,4582,1480,2162,834,105,2329,5
기계설비,기계설비·가스공사업,3872,(주)아라비앤에이,"김태주, 장환석",서울,양천2018-10-04,4300,2764,1164,252,118,3728,2
기계설비,기계설비·가스공사업,3873,(주)아라엔텍,이우섭,부산,부산강서2021-10-07,2498,1203,704,589,0,2344,4
기계설비,기계설비·가스공사업,3874,(주)아라이엔지,이현준,경남,함안2024-파-04,928,261,415,252,0,402,2
기계설비,기계설비·가스공사업,3875,(주)아람송,장정희,인천,인천남동23-파-11,1876,262,1342,252,18,351,2
기계설비,기계설비·가스공사업,3876,(주)아람이엔지,김남억,강원,원주2020-23-01호,720,217,237,256,9,314,3
기계설비,기계설비·가스공사업,3877,아람테크(주),이기영,제주,제주 제주2014-10-03,1121,374,403,315,26,557,2
기계설비,기계설비·가스공사업,3878,아람텍(주),조배희,인천,인천부평구2023-13-05,427,188,239,0,0,533,0
기계설비,기계설비·가스공사업,3879,(주)아랑,이수행,인천,인천남동24-파-04,1011,503,255,252,0,923,2
기계설비,기계설비·가스공사업,3880,(주)아레카,김도균,경남,양산2021-10-01,405,24,128,252,0,87,2
기계설비,기계설비·가스공사업,3881,(주)아론,권순창,경기,화성-2005-12-7,23373,10143,10682,1534,1014,13069,12
기계설비,기계설비·가스공사업,3882,아르네코리아(주),"이성규, 다니엘마자로",전남광주,광주광산2003-12-02,3941,2217,1104,397,221,5107,3
기계설비,기계설비·가스공사업,3883,(주)아르케더움,정은예,경기,과천-26-파-01,376,0,124,252,0,0,2
기계설비,기계설비·가스공사업,3884,(주)아르텍,장라금,부산,부산진2025-파-01호,472,0,220,252,0,0,2
기계설비,기계설비·가스공사업,3885,(주)아름건설,강경원,대전,대전서구-04-27-10,1032,100,543,378,10,241,3
기계설비,기계설비·가스공사업,3886,아름공영(주),김정언,경기,94-서울-12-139,3988,2123,1110,542,212,2210,4
기계설비,기계설비·가스공사업,3887,(주)아름공조,한혜지,제주,제주 서귀포2021-10-27,1129,438,438,252,0,642,2
기계설비,기계설비·가스공사업,3888,(주)아름종합건설,최정인,제주,제주 제주2014-10-01,2942,85,900,1950,6,143,12
기계설비,기계설비·가스공사업,3889,(주)아리예스코리아,김명희,전남광주,광주광산2013-10-05,0,0,0,0,0,0,4
기계설비,기계설비·가스공사업,3890,(주)아뮤제,임혜수,인천,인천서구2024-파-12,988,40,689,258,0,67,2
기계설비,기계설비·가스공사업,3891,(주)아미이앤씨,이형주,충남,충남당진-2022-파-06,1547,567,559,421,0,908,3
기계설비,기계설비·가스공사업,3892,(주)아산엠이씨,임재호,경기,동작-05-12-3,5754,816,3343,1512,81,1232,9
기계설비,기계설비·가스공사업,3893,(주)아산플랜트,김다애,경기,충북청주제12-10-3,999,51,565,378,3,51,3
기계설비,기계설비·가스공사업,3894,아성글로벌(주),김창범,부산,부산강서2020-10-08,3662,412,2474,757,17,568,6
기계설비,기계설비·가스공사업,3895,(주)아성냉기,이정수,서울,서초-06-12-15,15261,6673,7258,851,478,4137,6
기계설비,기계설비·가스공사업,3896,(주)아성엔지니어링,박대수,부산,부산금정2015-10-01,6014,3512,1796,454,250,4020,3
기계설비,기계설비·가스공사업,3897,(주)아성이엔지,이상욱,경남,관악-05-12-2,838,417,121,258,41,337,2
기계설비,기계설비·가스공사업,3898,(주)아성이엔지,"이병구, 김소영",대전,대전서구-20-10-4,1344,598,342,378,25,921,3
기계설비,기계설비·가스공사업,3899,아성피엘티(주),이태화,울산,경남-92-12-33,5384,1403,3316,524,140,2098,4
기계설비,기계설비·가스공사업,3900,(주)아세아텍,나덕규,울산,울산울주2019-10-34,4850,1328,2960,505,56,901,4
기계설비,기계설비·가스공사업,3901,(주)아세아프로텍,"라연욱, 김성희",서울,강서-21-10-01,1853,1411,0,441,0,0,3
기계설비,기계설비·가스공사업,3902,(주)아세테크,박종석,경기,성남-15-10-4,4992,3232,1023,505,230,11545,4
기계설비,기계설비·가스공사업,3903,(주)아승이엔지,채승규,대구,대구북구-22-파-03호,4545,1427,2574,543,0,2871,4
기계설비,기계설비·가스공사업,3904,아시아기계기술(주),박춘규,전남광주,여수2019-10-13,117,48,16,50,2,83,5
기계설비,기계설비·가스공사업,3905,아시아나아이디티(주),윤찬의,서울,종로-07-12-1,38,0,0,38,0,0,3
기계설비,기계설비·가스공사업,3906,(주)아시아에너지,박승우,서울,89-서울-12-46,14621,6247,6446,1301,626,9165,9
기계설비,기계설비·가스공사업,3907,아시아티앤씨(주),박철원,전남광주,순천2016-10-05,2560,1045,585,883,44,1576,7
기계설비,기계설비·가스공사업,3908,아시아환경(주),"김봉준, 유상원",경북,경북칠곡군2014-10-01,26983,6207,18787,1539,448,8818,9
기계설비,기계설비·가스공사업,3909,(주)아시안룩스,양국환,서울,97-서울-12-3,3104,2387,225,252,238,2521,2
기계설비,기계설비·가스공사업,3910,(주)아신,김종강,강원,원주2010-10-02,1249,507,420,285,36,798,2
기계설비,기계설비·가스공사업,3911,(주)아신이앤씨,전혜준,부산,부산강서2007-12-04,2167,626,1117,378,44,635,3
기계설비,기계설비·가스공사업,3912,(주)아신이엔씨,김판수,경기,남양주-25-파-02,389,0,117,271,0,0,2
기계설비,기계설비·가스공사업,3913,(유)아연건설,김진구,전북,전북전주12-4,1954,321,447,1152,32,932,8
기계설비,기계설비·가스공사업,3914,(주)아윤엠이씨,윤승용,경기,강남-99-12-9,4333,1169,2451,595,117,1749,4
기계설비,기계설비·가스공사업,3915,(주)아이디시스템,김창민,부산,부산사하2011-10-06,1315,454,575,252,32,1239,2
기계설비,기계설비·가스공사업,3916,(주)아이디알시스템,최보규,대구,대구달성군2018-10-02호,12534,8754,1792,1610,377,12632,12
기계설비,기계설비·가스공사업,3917,(주)아이랙스,박승민,경북,경북포항2006-12-04,5210,2107,1393,1558,150,1680,24
기계설비,기계설비·가스공사업,3918,(주)아이리스뉴텍,김우섭,서울,금천-20-10-05,1419,393,757,252,16,887,2
기계설비,기계설비·가스공사업,3919,아이브이(주),오은영,세종,충남금산-2010-10-01,1470,236,566,651,16,182,5
기계설비,기계설비·가스공사업,3920,(주)아이비솔루션,지성근,경기,성남-25-파(기계)-52,1056,583,346,126,0,834,1
기계설비,기계설비·가스공사업,3921,아이비씨엔지니어링(주),조우근,경기,화성23-파-05,1939,808,752,378,0,3268,3
기계설비,기계설비·가스공사업,3922,아이비케이(주),박창환,전남광주,나주-23-파-01,1903,1052,472,378,0,1088,3
기계설비,기계설비·가스공사업,3923,(주)아이셈,박창규,울산,울산북구2013-10-01,495,231,79,168,16,393,2
기계설비,기계설비·가스공사업,3924,(주)아이스기술,강신섭,경기,성남19-10-10,2921,445,1626,830,19,988,4
기계설비,기계설비·가스공사업,3925,(주)아이스맥스,마경호,서울,마포-01-12-4,1918,376,1251,252,37,207,2
기계설비,기계설비·가스공사업,3926,(주)아이스맨,정수열,강원,강릉19-10-03호,1675,908,473,255,38,1779,2
기계설비,기계설비·가스공사업,3927,(주)아이스하우스,이동원,경기,남양주21-10-49,5588,2362,2467,757,0,5528,6
기계설비,기계설비·가스공사업,3928,(주)아이스홀딩스,차근철,충남,충남보령2025-13-01호,576,43,280,252,0,61,2
기계설비,기계설비·가스공사업,3929,(주)아이시스엔지니어링,서병춘,서울,구로-20-10-06,263,165,7,82,7,186,3
기계설비,기계설비·가스공사업,3930,(주)아이시에스,"전현수, 전치권",서울,서초-05-12-11,9331,2505,5659,915,250,3261,7
기계설비,기계설비·가스공사업,3931,(주)아이씨엠,"이재천, 김흥태",충북,충북-95-12-7,1148,333,402,378,33,299,3
기계설비,기계설비·가스공사업,3932,(주)아이씨케이,장헌수,서울,금천 14-10-04,5336,2545,2356,252,181,3576,2
기계설비,기계설비·가스공사업,3933,(주)아이씨티이엔지,장명관,대전,대전유성-2023-파-1,5572,2513,2679,378,0,3855,3
기계설비,기계설비·가스공사업,3934,아이언대웅(주),손용한,충북,충북청주제08-10-4,1797,482,863,416,34,214,3
기계설비,기계설비·가스공사업,3935,(주)아이언이엔씨,이지경,경북,경북경주2023-파-03,1066,662,72,331,0,131,3
기계설비,기계설비·가스공사업,3936,아이에스(주),인성철,인천,인천연수구-22-파-5,1222,69,900,252,0,0,2
기계설비,기계설비·가스공사업,3937,아이에스산업(주),권희문,경남,서울 92-12-155,1887,386,1076,384,38,489,3
기계설비,기계설비·가스공사업,3938,(주)아이에스이앤씨,박기자,경기,안양-2003-12-9,18134,5300,11290,1013,530,9237,8
기계설비,기계설비·가스공사업,3939,(유)아이에스코리아냉동,지경화,전북,전북익산-26-파-04,372,0,120,252,0,0,2
기계설비,기계설비·가스공사업,3940,아이에이치산업(주),손채윤,경남,고성2025-파-01,1224,69,900,255,0,99,2
기계설비,기계설비·가스공사업,3941,(주)아이엔지성창,이재진,울산,울산남구2000-12-6,550,144,258,132,14,240,1
기계설비,기계설비·가스공사업,3942,(주)아이엔텍,"최정희, 최두환",대구,대구 달서구 2002-12-4,1908,667,378,795,66,435,6
기계설비,기계설비·가스공사업,3943,(주)아이엔티건설,"이경국, 송인원",대구,대구중구 2005-12-4,3416,988,1797,530,99,1498,4
기계설비,기계설비·가스공사업,3944,아이엘아이앤디(주),허남준,전남광주,광양22-파-04,2924,263,1581,1079,0,471,8
기계설비,기계설비·가스공사업,3945,(주)아이엠,최동수,전북,전북완주2017-10-01호,1849,51,900,895,2,88,7
기계설비,기계설비·가스공사업,3946,(주)아이엠디,김민성,경기,파주17-10-01,2267,460,1156,631,19,400,5
기계설비,기계설비·가스공사업,3947,(주)아이엠씨코리아,상영희,경기,김포-24-파-12,55,0,15,39,0,0,2
기계설비,기계설비·가스공사업,3948,(주)아이엠정우,이미향,경기,파주23-파-03,1516,462,670,383,0,578,3
기계설비,기계설비·가스공사업,3949,아이원이엔지(주),양동주,경남,사천 2003-12-1,4932,651,3900,315,65,788,2
기계설비,기계설비·가스공사업,3950,아이윌건설(주),유경주,서울,목포-98-12-1,1111,459,13,592,45,672,4
기계설비,기계설비·가스공사업,3951,(주)아이제이,최남식,울산,울산북구2016-10-02,6665,4265,828,1389,182,7100,11
기계설비,기계설비·가스공사업,3952,(주)아이제이시스템공조,유익종,부산,부산진2016-10-02,3794,2307,1121,266,99,2116,2
기계설비,기계설비·가스공사업,3953,아이지이엔지(주),박준식,경기,송파-08-23-02,7512,3327,2305,1641,237,4412,13
기계설비,기계설비·가스공사업,3954,아이케이건설(주),장익균,충남,세종시-2016-10-01,1431,609,487,290,43,1014,2
기계설비,기계설비·가스공사업,3955,(주)아이콘,김태형,전북,전북전주2011-10-7,421,58,106,252,4,96,2
기계설비,기계설비·가스공사업,3956,(주)아이탑이엔지,조계천,인천,인천서구2023-파-08,1154,1,900,252,0,0,2
기계설비,기계설비·가스공사업,3957,(주)아이텍이엔지,이종환,서울,서초-09-10-09,760,135,489,126,9,483,1
기계설비,기계설비·가스공사업,3958,(주)아이티에스,양진석,충남,충남서산-2002-12-15,30872,24467,2482,1475,2446,41181,5
기계설비,기계설비·가스공사업,3959,(주)아이티엠에스,최연숙,경기,전북-12-27,1271,93,900,268,9,84,2
기계설비,기계설비·가스공사업,3960,아이파크현대산업개발(주),정경구,서울,강남99-27-1-3,100397,0,900,99497,0,0,555
기계설비,기계설비·가스공사업,3961,(주)아이플랜트,황용한,울산,울산북구2011-10-02,20939,7478,11759,1166,536,2742,7
기계설비,기계설비·가스공사업,3962,(주)아이피에스,신상묵,충남,인천서구2009-10-03,8057,1098,6590,290,78,406,2
기계설비,기계설비·가스공사업,3963,(주)아인스팩,"윤창민, 신동범",경기,평택-25-파-011,4588,3349,228,1010,0,1320,8
기계설비,기계설비·가스공사업,3964,(주)아인이엔지,성기홍,대구,대구수성구2016-10-3,7005,4651,814,1338,200,4712,9
기계설비,기계설비·가스공사업,3965,아전이엔씨(주),"김윤태, 이재성",서울,서울-83-12-445,30082,11407,12682,4842,1150,18953,32
기계설비,기계설비·가스공사업,3966,아주건설공영(주),박태수,전남광주,노원-23-파-01,710,257,141,310,0,604,3
기계설비,기계설비·가스공사업,3967,(주)아주스마트솔루션,강명진,서울,강남-20-10-06,0,0,0,0,0,0,2
기계설비,기계설비·가스공사업,3968,(주)아주엔지니어링,"김규회, 김동현",충북,충북청주21-10-13,1239,48,900,290,0,0,2
기계설비,기계설비·가스공사업,3969,(주)아주종합건설,김성원,전남광주,담양2021-10-03,1301,27,434,839,0,0,6
기계설비,기계설비·가스공사업,3970,아진건설(주),정명희,경기,경기-98-12-12,2670,1162,576,814,116,1701,6
기계설비,기계설비·가스공사업,3971,(주)아진기계설비,정경철,경기,안양-2002-12-1,4540,2534,814,937,253,2892,7
기계설비,기계설비·가스공사업,3972,(주)아진기업,김헌광,대구,대구서구2009-27-1-6,3493,1579,1169,631,112,1819,5
기계설비,기계설비·가스공사업,3973,아진테크(주),김동선,충북,충북진천제02-12-01,44,27,0,13,2,0,4
기계설비,기계설비·가스공사업,3974,(주)아진테크산업,박병근,경기,안양-2003-12-17,19688,2803,16313,290,281,3765,2
기계설비,기계설비·가스공사업,3975,(주)아쿠아,"김용현, 이순군",경기,화성25-파-34호,2910,338,2028,543,0,208,4
기계설비,기계설비·가스공사업,3976,아쿠아셀(주),김경희,부산,부산사상13-10-1,3294,1385,1202,606,98,2302,4
기계설비,기계설비·가스공사업,3977,(주)아쿠아테크,김종걸,경북,경북구미2014-10-1,2416,1290,402,631,92,2189,5
기계설비,기계설비·가스공사업,3978,아쿠아테크코리아(주),김해숙,부산,부산강서2013-10-09,4194,1189,2441,478,84,2199,3
기계설비,기계설비·가스공사업,3979,(주)아큐스,이희헌,경기,군포-2001-27-1-6,228,58,28,135,5,123,3
기계설비,기계설비·가스공사업,3980,(주)아크공조,김창수,경기,성남20-10-15,2496,1819,339,259,77,2840,2
기계설비,기계설비·가스공사업,3981,(주)아키네이처,박수주,세종,세종시-2021-10-02,2489,1070,1037,380,0,1373,3
기계설비,기계설비·가스공사업,3982,(주)아키랩,최윤경,세종,세종-23-13-03,2722,953,1516,252,0,1724,2
기계설비,기계설비·가스공사업,3983,아택이앤씨(주),김상원,서울,서초-16-10-07,1459,759,415,252,32,859,2
기계설비,기계설비·가스공사업,3984,(주)아텍,김한수,경기,화성11-23-1,165,0,33,132,0,0,3
기계설비,기계설비·가스공사업,3985,아트라스콥코코리아(주),"레오나르도비에이라세라노, 양승훈, 강현찬",경기,성남-24-파(기계)-4,1152,0,900,252,0,0,2
기계설비,기계설비·가스공사업,3986,(주)아트이엔지,이성철,경북,경북칠곡군-2007-12-02,10991,7419,2005,1036,529,5966,8
기계설비,기계설비·가스공사업,3987,(주)아펙스,한윤종,부산,부산사상10-10-4,852,197,129,511,14,0,8
기계설비,기계설비·가스공사업,3988,(주)아평,이상용,서울,시흥12-10-07,6655,5449,0,814,390,1907,6
기계설비,기계설비·가스공사업,3989,(주)아흐레,송혜주,경남,사천-25-파-01,1067,80,733,252,0,115,2
기계설비,기계설비·가스공사업,3990,안개핀조경(주),신재현,전남광주,함평2021-10-02,891,0,638,252,0,0,2
기계설비,기계설비·가스공사업,3991,안동공조(주),김광동,경북,경북안동2016-10-01,1535,197,1077,252,8,308,2
기계설비,기계설비·가스공사업,3992,(주)안동기공,"윤재승, 김재기",서울,82-12-173,15725,3612,9951,1799,361,5044,13
기계설비,기계설비·가스공사업,3993,(주)안성설비,정규만,경남,마산 2006-12-02,1292,253,740,280,18,692,2
기계설비,기계설비·가스공사업,3994,(주)안세엔지니어링,인병훈,충남,충남당진-2008-23-02,1590,476,701,378,34,517,3
기계설비,기계설비·가스공사업,3995,(주)안전가스설비,김용호,전남광주,광주서2021-23-01,1087,343,365,378,0,476,3
기계설비,기계설비·가스공사업,3996,안전건설(주),기상훈,울산,울산동구2022-파-02,4620,643,3459,516,0,726,4
기계설비,기계설비·가스공사업,3997,(주)안진이엔지,김경철,경북,경북칠곡2012-10-02,1402,162,975,252,11,226,2
기계설비,기계설비·가스공사업,3998,(주)알리이엔지,박효순,전북,광주동2015-10-04,924,251,399,255,17,746,2
기계설비,기계설비·가스공사업,3999,(주)알앤에이치코리아,오재현,경기,안산-25-파-02,326,0,73,252,0,0,2
기계설비,기계설비·가스공사업,4000,(주)알에스에이,김종헌,경남,창원성산2014-10-03,4437,620,3510,262,44,861,2
기계설비,기계설비·가스공사업,4001,(주)알이씨,조병수,경기,김포-25-파-03,1283,0,900,383,0,0,3
기계설비,기계설비·가스공사업,4002,(주)알토,허윤수,서울,영등포20-10-06,1122,0,870,252,0,0,2
기계설비,기계설비·가스공사업,4003,알파에코산업(주),정성심,서울,구로-22-파-03,1393,114,900,378,0,116,3
기계설비,기계설비·가스공사업,4004,알파환기,이행건,경기,부천-18-10-005,1708,269,1174,252,11,460,2
기계설비,기계설비·가스공사업,4005,(주)암세크코리아,김석현,인천,인천-96-12-13,673,295,98,249,29,210,2
기계설비,기계설비·가스공사업,4006,(주)애거슨,서승열,경기,안양-09-10-2,1281,334,418,505,23,286,4
기계설비,기계설비·가스공사업,4007,(주)애니텍,홍종환,대구,수성-18-10-01호,2826,1532,839,388,65,3002,3
기계설비,기계설비·가스공사업,4008,(주)액시마,조용진,경기,동대문-99-12-8,1122,434,392,252,43,129,2
기계설비,기계설비·가스공사업,4009,(주)앤씨티,박찬호,경기,전남강진2020-10-02,602,0,223,378,0,0,3
기계설비,기계설비·가스공사업,4010,(주)앤아이산업,고윤석,전남광주,광주서-22-파-02,1376,530,373,472,0,1474,3
기계설비,기계설비·가스공사업,4011,(주)앤에스,김철진,대전,대전유성-2013-10-5,0,0,0,0,0,0,4
기계설비,기계설비·가스공사업,4012,(주)앰텍시스템공조,조상운,경기,부천-23-파-03,1408,762,392,252,0,1197,2
기계설비,기계설비·가스공사업,4013,(주)앱튼,김재섭,경기,서초-02-12-5,11963,9499,0,968,1495,15662,2
기계설비,기계설비·가스공사업,4014,(유)야베스테크,이남희,전북,전북익산2011-12-02,1315,156,895,252,11,50,2
기계설비,기계설비·가스공사업,4015,(주)양명이엔씨,양선만,제주,제주 제주2010-10-03,2070,802,918,291,57,1563,2
기계설비,기계설비·가스공사업,4016,(주)양지,윤준영,경기,구리2018-10-02,8270,936,5618,1675,40,291,3
기계설비,기계설비·가스공사업,4017,(유)양지건설,이도현,전북,전북장수-25-파-001,1170,4,900,266,0,6,2
기계설비,기계설비·가스공사업,4018,(주)양지이엔지,김규수,전남광주,광양2008-10-05,3779,3047,254,260,217,1915,2
기계설비,기계설비·가스공사업,4019,양진이엔씨(주),정형훈,전남광주,광양2014-10-01,8018,5568,1157,893,399,5998,5
기계설비,기계설비·가스공사업,4020,(주)어니언소프트웨어,조창희,서울,마포19-10-02,290,16,0,272,0,0,2
기계설비,기계설비·가스공사업,4021,(주)어울림,강제신,경남,경남거제2025-파-01,478,30,195,252,0,43,2
기계설비,기계설비·가스공사업,4022,(주)에너디,박영재,부산,부산사하2022-13-06,283,111,4,168,0,288,3
기계설비,기계설비·가스공사업,4023,(주)에너제닉,임관숙,부산,부산동래2025-파-01,2020,252,1515,252,0,360,2
기계설비,기계설비·가스공사업,4024,에너지관리기술(주),심수섭,서울,서초-10-10-03,1856,1179,0,593,84,1038,5
기계설비,기계설비·가스공사업,4025,에너지기술서비스(주),박성덕,서울,금천-20-10-12,610,390,7,195,16,0,6
기계설비,기계설비·가스공사업,4026,(주)에너지나라,구본례,강원,원주2015-10-03호,941,269,527,126,19,152,1
기계설비,기계설비·가스공사업,4027,에너지대상건설(주),한해인,경기,안산-2003-27-408,1373,486,311,527,48,1505,4
기계설비,기계설비·가스공사업,4028,(주)에너지뱅크,김영호,경기,대구 달서구 2010-10-02,2684,639,1077,921,46,1650,7
기계설비,기계설비·가스공사업,4029,(주)에너지브레인,이상란,경기,성남19-10-18,1236,405,559,253,17,177,2
기계설비,기계설비·가스공사업,4030,(주)에너지서베이,김민,서울,영등포12-10-06,886,54,133,695,3,0,11
기계설비,기계설비·가스공사업,4031,(주)에너지컨설팅,"김태오, 이범근",인천,인천연수2013-10-03,7738,4260,1832,1341,304,5892,10
기계설비,기계설비·가스공사업,4032,(주)에너지테크,정지윤,전남광주,광주남2008-10-01,1615,208,1139,252,14,44,2
기계설비,기계설비·가스공사업,4033,에너지팜스(주),서복상,대전,대전서구-20-10-5,8573,3757,3601,1052,162,7140,7
기계설비,기계설비·가스공사업,4034,(주)에너토크,이충열,경기,경기-96-12-31,815,265,270,252,26,487,2
기계설비,기계설비·가스공사업,4035,(주)에네스지,양종대,대전,대전유성-2007-12-3,5643,1114,2050,2399,79,1861,19
기계설비,기계설비·가스공사업,4036,(주)에녹플랜트엔지니어링,오해석,서울,양천2025-파-01,3460,452,2717,290,0,646,2
기계설비,기계설비·가스공사업,4037,(주)에덴,조은희,경기,평택20-10-0003,4534,585,3515,407,25,1175,3
기계설비,기계설비·가스공사업,4038,(주)에덴건설,구진석,전남광주,전남고흥2003-12-01,775,180,324,252,18,171,2
기계설비,기계설비·가스공사업,4039,(주)에덴이엔지,김왕준,전남광주,광양2012-10-03,3904,2225,1226,293,159,2082,2
기계설비,기계설비·가스공사업,4040,(주)에듀에이드,박성희,대전,대전서구24-파-1호,353,223,13,115,0,338,1
기계설비,기계설비·가스공사업,4041,(주)에버디포,박정근,경기,파주24-파-02,102,27,16,59,0,64,5
기계설비,기계설비·가스공사업,4042,(주)에버엔지니어링,권윤철,부산,부산강서2022-파-10,3683,1860,1570,252,0,2846,2
기계설비,기계설비·가스공사업,4043,(주)에버원이앤티,황연수,경기,안양-18-10-01,9772,3617,5423,576,155,7630,4
기계설비,기계설비·가스공사업,4044,(주)에벤에셀,이선화,경기,경기시흥2019-10-22,774,256,254,252,11,127,2
기계설비,기계설비·가스공사업,4045,(주)에스,김미연,경남,함안 2008-10-07,1892,1324,56,416,94,1740,3
기계설비,기계설비·가스공사업,4046,"(주)에스,케이,디하이테크",한성무,전남광주,광양2021-10-05,1786,968,565,252,0,1571,2
기계설비,기계설비·가스공사업,4047,(주)에스.엠.엔지니어링,이성훈,경남,창원의창2016-10-04,621,120,58,438,5,192,4
기계설비,기계설비·가스공사업,4048,에스더블유ENG,현광열,부산,금정-23-파-002,810,171,386,252,0,293,2
기계설비,기계설비·가스공사업,4049,(주)에스더블테크,고채식,전남광주,광양2008-10-07,4106,2120,1581,252,151,3423,2
기계설비,기계설비·가스공사업,4050,에스디산업,박순덕,경북,경북포항2024-파-06,1082,46,900,136,0,116,1
기계설비,기계설비·가스공사업,4051,에스디시(주),최서영,대구,대구달성군2014-10-01,1510,190,924,381,13,267,3
기계설비,기계설비·가스공사업,4052,(주)에스디에코텍,김정석,경기,화성11-10-2,2818,2630,0,0,187,1259,1
기계설비,기계설비·가스공사업,4053,에스디엔지니어링(주),이효진,대구,대구서구2018-10-1호,4370,1269,2776,269,54,1546,2
기계설비,기계설비·가스공사업,4054,(주)에스디엠엔씨,조성정,서울,96-서울-12-27,1160,0,900,260,0,0,2
기계설비,기계설비·가스공사업,4055,(주)에스디와이이엔씨,김상길,대전,대구서구2019-10-1호,6713,3903,1336,1306,167,6573,5
기계설비,기계설비·가스공사업,4056,(유)에스디이앤씨,신동범,충남,전북전주2009-23-2,1576,905,227,378,64,0,3
기계설비,기계설비·가스공사업,4057,에스디이엔지(주),김승규,경기,부천-25-파-05,846,199,394,252,0,285,2
기계설비,기계설비·가스공사업,4058,에스디테크,곽현규,충남,전북전주2015-10-6,1893,481,1124,252,34,614,2
기계설비,기계설비·가스공사업,4059,(주)에스디피앤이,서금숙,인천,인천남동26-파-07,434,0,181,252,0,0,2
기계설비,기계설비·가스공사업,4060,에스비그룹(주),최세진,대전,대전서구-12-10-3,267,83,46,131,5,197,3
기계설비,기계설비·가스공사업,4061,(주)에스비씨산업,서종원,경기,광주94-12-02,6121,4189,731,780,420,7118,5
기계설비,기계설비·가스공사업,4062,(주)에스비이엔지,김성보,대구,대구달서구2012-10-2,6931,1305,5134,397,93,1687,3
기계설비,기계설비·가스공사업,4063,(주)에스비테크,"김재영, 최승수",충북,충북-95-12-3,65808,7711,46270,11046,779,5723,57
기계설비,기계설비·가스공사업,4064,(주)에스시아이에스피,서석토,경남,김해 2019-10-03,361,167,0,186,7,126,4
기계설비,기계설비·가스공사업,4065,(주)에스시엠테크윈,서정본,전남광주,광주광산2016-10-01,1728,1075,228,378,46,1916,3
기계설비,기계설비·가스공사업,4066,(주)에스씨엘엔지니어링,심상윤,부산,부산동구2015-10-01,3072,1072,1417,505,76,1807,4
기계설비,기계설비·가스공사업,4067,(주)에스씨이엔지,"황영진, 정영자",강원,춘천2010-10-01,2550,417,1586,517,29,571,4
기계설비,기계설비·가스공사업,4068,(주)에스씨티,김한,충북,충북청주제03-12-03,6964,2022,2597,2140,203,722,7
기계설비,기계설비·가스공사업,4069,에스씨티산기(주),신송미,경기,김포-12-10-4,1974,825,439,650,58,731,5
기계설비,기계설비·가스공사업,4070,(주)에스씨플랜트,이영수,경남,창원성산2023-파-05,1532,534,746,252,0,1204,2
기계설비,기계설비·가스공사업,4071,에스아이공조,김승일,인천,인천동구2022-파(01)-11,1144,529,362,252,0,553,2
기계설비,기계설비·가스공사업,4072,(주)에스아이엔지니어링,김성일,전북,전북군산2019-10-08,3172,1331,1531,252,57,2081,2
기계설비,기계설비·가스공사업,4073,(주)에스아이이,서우종,서울,중구10-10-01,11379,2609,8204,378,186,4711,3
기계설비,기계설비·가스공사업,4074,(주)에스아이테크,김우근,경남,거창2016-10-01,1757,730,743,252,31,872,2
기계설비,기계설비·가스공사업,4075,(주)에스아이판,안언모,경기,서초-03-12-4,1289,118,900,259,11,0,2
기계설비,기계설비·가스공사업,4076,에스아이플랜트(주),박영,울산,울산남구2024-파-05,2474,1465,611,397,0,2439,3
기계설비,기계설비·가스공사업,4077,(주)에스알디코리아,신동헌,경북,경북경산2016-10-2,5110,542,3255,1289,23,1422,5
기계설비,기계설비·가스공사업,4078,(주)에스알디테크,김태형,전남광주,여수2020-10-04,368,93,0,271,4,0,2
기계설비,기계설비·가스공사업,4079,(주)에스알종합개발,임향미,전남광주,광주동2019-10-03,1528,118,900,505,5,130,4
기계설비,기계설비·가스공사업,4080,에스알티이엔지(주),김덕환,경기,경기시흥2020-10-59,9346,3501,5316,378,150,2920,3
기계설비,기계설비·가스공사업,4081,(주)에스앤씨에어시스템,송도경,충남,충남천안-2019-10-06,1174,20,900,252,0,16,2
기계설비,기계설비·가스공사업,4082,(주)에스앤에이이엔씨,국중범,서울,송파-14-10-02,14585,3150,10766,441,225,2419,3
기계설비,기계설비·가스공사업,4083,(주)에스앤에이치이엔지,한정흠,경기,안성2008-10-2,333,212,0,106,15,55,6
기계설비,기계설비·가스공사업,4084,에스앤이(주),채상훈,경기,남양주21-10-46,3659,1625,857,1175,0,2674,8
기계설비,기계설비·가스공사업,4085,(주)에스앤케이건물운영관리,강원고,경기,고양2016-10-06,991,142,590,252,6,255,2
기계설비,기계설비·가스공사업,4086,(주)에스앤티엔지니어링,이동락,대구,수성19-10-02,3177,1259,1132,731,54,1245,5
기계설비,기계설비·가스공사업,4087,(주)에스앤피이엔지,김희주,인천,세종-2013-10-20,2584,663,1368,505,47,1072,4
기계설비,기계설비·가스공사업,4088,(주)에스앰,이채원,울산,울산울주2010-23-46,0,0,0,0,0,0,6
기계설비,기계설비·가스공사업,4089,에스에스건설(주),송재원,대전,대전대덕-20-10-03,1678,83,900,691,3,124,5
기계설비,기계설비·가스공사업,4090,(주)에스에스에코텍,박길태,경기,안양-10-10-3,527,149,87,278,10,128,6
기계설비,기계설비·가스공사업,4091,(주)에스에이솔루텍,한정훈,부산,부산기장2021-10-04,827,416,158,252,0,624,2
기계설비,기계설비·가스공사업,4092,에스에이씨티(주),박영철,경기,하남2021-10-04,1226,370,602,253,0,643,2
기계설비,기계설비·가스공사업,4093,에스에이치공조,최면규,충남,충남금산2026-13-1호,372,0,120,252,0,0,2
기계설비,기계설비·가스공사업,4094,(주)에스에이치더블유,윤영,부산,부산수영2017-10-01,1937,1089,422,378,46,596,3
기계설비,기계설비·가스공사업,4095,(주)에스에이치씨,한정순,전북,전북군산-22-파-04호,736,436,29,269,0,470,4
기계설비,기계설비·가스공사업,4096,(주)에스에이치엘엔지니어링,신승준,경북,경북구미2021-10-13,3989,3610,0,379,0,1789,3
기계설비,기계설비·가스공사업,4097,(주)에스에이치이엔지,최수호,서울,성북-13-10-03,8311,1383,6576,252,98,2462,2
기계설비,기계설비·가스공사업,4098,(주)에스에이치이엔지,최현재,경북,경북구미2022-파-7,3436,1932,1125,378,0,3327,3
기계설비,기계설비·가스공사업,4099,에스에이치코리아(주),하만동,경남,부산사상21-10-9,1780,454,820,505,0,1044,4
기계설비,기계설비·가스공사업,4100,(주)에스에이테크,김도은,대전,대전대덕20-10-04,1351,33,900,416,1,106,3
기계설비,기계설비·가스공사업,4101,(주)에스에이테크,"황선택, 양승권",경북,경북포항2010-10-03,1225,824,89,252,58,99,2
기계설비,기계설비·가스공사업,4102,에스에이플러스(주),홍희정,서울,광진-01-12-5,34933,19828,12511,610,1982,14783,4
기계설비,기계설비·가스공사업,4103,(주)에스에프,김영홍,전남광주,여수2000-12-07,9654,5391,3136,587,539,8548,4
기계설비,기계설비·가스공사업,4104,에스엔시스(주),하영석,부산,부산북구2016-23-1,679,155,138,378,6,248,3
기계설비,기계설비·가스공사업,4105,(주)에스엔씨,이동형,경기,용인2016-10-4,804,450,82,252,19,1115,2
기계설비,기계설비·가스공사업,4106,에스엔아이티(주),구동남,경기,안양-25-파-05호,1152,0,900,252,0,0,2
기계설비,기계설비·가스공사업,4107,(주)에스엔케이건설,"나선영, 김종국",대전,대전유성 2025-파-6호,512,38,135,338,0,55,4
기계설비,기계설비·가스공사업,4108,(주)에스엔플랜트,오시식,인천,인천옹진-23-파-01,668,190,225,252,0,105,2
기계설비,기계설비·가스공사업,4109,에스엔피엔지니어링(유),신명수,서울,전남96-12-11,807,143,326,322,14,253,2
기계설비,기계설비·가스공사업,4110,(주)에스엔피테크이엔지,서오수,전남광주,광주광산2016-10-05,3987,1180,2289,466,50,1530,3
기계설비,기계설비·가스공사업,4111,(주)에스엘글로벌,서영일,경기,인천연수2014-10-05,6746,2343,3837,397,167,3294,3
기계설비,기계설비·가스공사업,4112,에스엘이엠씨(주),"김도규, 서석순",서울,서울-12-169,7103,4199,1852,631,419,6672,5
기계설비,기계설비·가스공사업,4113,에스엠건설(주),김숙조,충남,충남태안-2009-10-01,1727,211,939,561,15,155,4
기계설비,기계설비·가스공사업,4114,에스엠공영(주),신석인,대전,대전대덕-01-12-3,1457,218,944,271,21,115,2
기계설비,기계설비·가스공사업,4115,에스엠씨엔씨(주),이성모,서울,강동-19-10-01,2205,1421,469,252,60,0,2
기계설비,기계설비·가스공사업,4116,(주)에스엠에너지,장태천,충남,충남당진-2014-10-02,1718,423,760,505,30,375,4
기계설비,기계설비·가스공사업,4117,에스엠에이치(주),정장영,경남,창원 2008-10-03,1494,617,546,286,44,384,2
기계설비,기계설비·가스공사업,4118,(주)에스엠엔지니어링,정순목,경기,양주19-10-04,1947,717,694,505,30,0,4
기계설비,기계설비·가스공사업,4119,(주)에스엠엔지니어링,이상원,전북,전북전주2016-10-7호,1358,580,374,378,25,721,3
기계설비,기계설비·가스공사업,4120,(주)에스엠이앤씨,김성연,전남광주,광주북2011-10-07,579,128,189,252,9,335,2
기계설비,기계설비·가스공사업,4121,에스엠이앤지(주),최명덕,서울,금천-24-파-02,1102,186,499,416,0,419,3
기계설비,기계설비·가스공사업,4122,(주)에스엠이앤티,이소영,경남,창원의창2015-10-03,1261,214,760,271,15,96,2
기계설비,기계설비·가스공사업,4123,에스엠이엔지,장태천,충남,충남서산2024-13-04호,749,194,302,252,0,335,2
기계설비,기계설비·가스공사업,4124,에스엠지테크(주),이규만,경기,화성16-10-11,1261,52,808,397,2,43,3
기계설비,기계설비·가스공사업,4125,에스엠코리아(주),배문자,전남광주,광주광산2014-10-04,1386,428,296,631,30,861,5
기계설비,기계설비·가스공사업,4126,(주)에스엠코리아,길명덕,충남,충남논산-2011-10-01,1288,127,900,252,9,165,2
기계설비,기계설비·가스공사업,4127,에스엠텍,최현곤,경북,경북칠곡2024-파-01,1142,298,571,271,0,746,2
기계설비,기계설비·가스공사업,4128,에스엠피티(주),김오근,인천,인천남동23-파-06,710,81,225,403,0,186,3
기계설비,기계설비·가스공사업,4129,(주)에스오공조,박용모,경기,수원08-10-12,36265,18290,14902,1767,1306,25017,13
기계설비,기계설비·가스공사업,4130,(주)에스오에스공조,송옥순,전남광주,광양2016-10-07,2693,1004,1266,378,43,2037,3
기계설비,기계설비·가스공사업,4131,(주)에스와이시스템,"이수한, 이영화",경기,용인2019-10-8,996,312,417,252,13,702,2
기계설비,기계설비·가스공사업,4132,에스와이써비스(주),신기원,서울,강서-21-10-03,2348,1288,801,258,0,1567,2
기계설비,기계설비·가스공사업,4133,에스와이씨앤씨(주),백명주,부산,부산금정2021-10-01,724,246,145,332,0,286,13
기계설비,기계설비·가스공사업,4134,에스와이이앤씨(주),이민우,경기,동작07-12-01,5623,2337,2436,682,167,2935,4
기계설비,기계설비·가스공사업,4135,(주)에스와이이앤씨,배정환,울산,부산동구2011-10-01,1396,862,219,252,61,885,2
기계설비,기계설비·가스공사업,4136,(주)에스와이테크,정순덕,경남,사천 2010-10-01,1923,215,1294,397,15,261,3
기계설비,기계설비·가스공사업,4137,(주)에스와이플랜트,김판근,울산,울산남구2020-10-02,8435,6601,438,1112,282,8187,2
기계설비,기계설비·가스공사업,4138,(주)에스원엠이씨,손상현,경기,동두천 2020-10-0001,8103,5166,1438,1277,221,6748,7
기계설비,기계설비·가스공사업,4139,(주)에스원이앤지,윤태욱,충남,충남서산-2012-10-32,4584,922,3344,252,65,1201,2
기계설비,기계설비·가스공사업,4140,에스원이엔지(주),"김은일, 김상섭",서울,구로-11-10-04,1821,816,440,505,58,2043,4
기계설비,기계설비·가스공사업,4141,(주)에스유테크,이상수,대전,대전대덕-13-10-02,1237,374,167,669,26,302,5
기계설비,기계설비·가스공사업,4142,(주)에스이,박현희,전남광주,광주북2019-10-06,0,0,0,0,0,0,4
기계설비,기계설비·가스공사업,4143,에스이디(주),김건형,대구,대구북구 2008-12-1,2843,800,1417,568,57,440,4
기계설비,기계설비·가스공사업,4144,에스이산업(주),조은지,대전,대전서구-07-12-3,2036,540,1178,278,38,942,2
기계설비,기계설비·가스공사업,4145,(주)에스이씨,홍충식,경기,화성09-10-9,2066,1282,439,252,91,831,2
기계설비,기계설비·가스공사업,4146,(주)에스이피엔지니어링,이시철,경기,안양-18-10-06,32,20,0,10,0,0,1
기계설비,기계설비·가스공사업,4147,(주)에스제이,박용모,강원,강릉07-12-50,4492,584,3340,525,41,1402,4
기계설비,기계설비·가스공사업,4148,에스제이건설(주),이승준,강원,속초2018-10-01호,1273,55,900,315,2,19,2
기계설비,기계설비·가스공사업,4149,에스제이건설(주),정희석,충남,충남청양-2018-10-01,1238,171,800,258,7,172,2
기계설비,기계설비·가스공사업,4150,(유)에스제이기공,박성,전북,전북군산-23-파-05호,1186,0,807,378,0,0,3
기계설비,기계설비·가스공사업,4151,(주)에스제이산업,김남녀,강원,철원2023-파-01호,1213,433,653,126,0,638,1
기계설비,기계설비·가스공사업,4152,(주)에스제이산업,강찬호,경남,창원성산2020-10-04,822,300,256,252,12,536,2
기계설비,기계설비·가스공사업,4153,(주)에스제이엔지니어링,이정식,경기,성남19-10-6,24,10,5,8,0,10,1
기계설비,기계설비·가스공사업,4154,(주)에스제이엔지니어링,김귀환,충북,경북칠곡2023-파-02,1244,325,661,257,0,424,2
기계설비,기계설비·가스공사업,4155,에스제이월성(주),이수진,대구,경북포항2005-12-05,1300,157,866,260,15,500,2
기계설비,기계설비·가스공사업,4156,에스제이이엔지(주),송용우,경기,수원2015-10-04,1728,444,720,532,31,966,4
기계설비,기계설비·가스공사업,4157,(주)에스제이코리아산업,박현철,충북,충주2021-10-3,1311,737,318,255,0,340,2
기계설비,기계설비·가스공사업,4158,(주)에스제이텍,임종국,경북,경북포항2016-10-08,1864,349,1031,467,15,0,3
기계설비,기계설비·가스공사업,4159,에스지생활안전(주),성정현,경기,평택10-10-7,4009,2138,505,1210,153,2541,8
기계설비,기계설비·가스공사업,4160,에스지씨이앤씨(주),"이우성, 이창모",서울,강남-10-23-01,14596,1022,6136,7363,73,0,9
기계설비,기계설비·가스공사업,4161,(주)에스지아이피,서의철,경기,광진-23-파-15,755,188,170,396,0,628,4
기계설비,기계설비·가스공사업,4162,(주)에스지엔지니어링,이승태,대구,대구달성군23-파-02호,1281,115,661,505,0,275,4
기계설비,기계설비·가스공사업,4163,(주)에스지이엔지,손종화,인천,인천연수-24-파-4,791,90,410,290,0,139,2
기계설비,기계설비·가스공사업,4164,(주)에스지티,신옥철,경기,오산2016-23-01,6893,4525,1416,757,193,5375,6
기계설비,기계설비·가스공사업,4165,에스케이(주),"최태원, 장용호",서울,성남07-12-10,0,0,0,0,0,0,2
기계설비,기계설비·가스공사업,4166,에스케이건설(주),한소영,경기,고양2016-10-09,1306,142,900,258,6,87,2
기계설비,기계설비·가스공사업,4167,에스케이기술산업,김세근,전남광주,여수2004-12-02,1532,682,529,252,68,789,2
기계설비,기계설비·가스공사업,4168,에스케이네트웍스서비스(주),전형일,경기,수원2020-10-05,108,45,12,49,1,57,3
기계설비,기계설비·가스공사업,4169,에스케이에코플랜트(주),"장동현, 김영식",서울,종로97-27-1-3,62805,0,900,61905,0,0,373
기계설비,기계설비·가스공사업,4170,에스케이티엔에스(주),이해천,서울,종로16-10-02,2228,0,900,1328,0,0,10
기계설비,기계설비·가스공사업,4171,에스탱크엔지니어링(주),김낙종,경남,창원 2010-10-09,26900,5166,20033,1331,369,3739,5
기계설비,기계설비·가스공사업,4172,에스테크,임정수,충북,충북청주16-10-11,421,155,133,126,6,86,1
기계설비,기계설비·가스공사업,4173,(주)에스테크,김시호,경북,경북구미2014-10-7,1262,702,194,315,50,824,2
기계설비,기계설비·가스공사업,4174,(주)에스텍,민동숙,경기,남양주17-10-36,399,177,93,121,7,605,1
기계설비,기계설비·가스공사업,4175,(주)에스텍,라병열,전남광주,광양2016-10-08,5600,2256,2363,883,96,3834,7
기계설비,기계설비·가스공사업,4176,에스텍아이앤씨(주),박길현,대전,대전유성-2012-10-5,5789,1105,4225,378,78,1310,3
기계설비,기계설비·가스공사업,4177,에스텍이앤지(주),"설용완, 설진혁",경기,화성19-10-15,5804,746,4481,543,32,1990,4
기계설비,기계설비·가스공사업,4178,(주)에스텍이엔지,곽승택,충북,충북청주20-10-2,6198,1156,4721,271,49,936,2
기계설비,기계설비·가스공사업,4179,(주)에스텍코리아,전인기,경기,안산2020-10-11,4015,2988,266,631,128,4996,5
기계설비,기계설비·가스공사업,4180,(주)에스티모빅,전종현,경기,강동-09-10-05,4552,847,3260,383,60,1407,3
기계설비,기계설비·가스공사업,4181,(주)에스티산업,황문희,전남광주,광주서-25-파-05,1009,0,738,271,0,0,2
기계설비,기계설비·가스공사업,4182,(주)에스티아이,"서인수, 이우석",경기,안성2014-10-2,22291,5190,14907,1822,370,9774,7
기계설비,기계설비·가스공사업,4183,(주)에스티아이씨앤디,홍기원,서울,금천-11-10-07,1160,373,381,378,26,350,3
기계설비,기계설비·가스공사업,4184,에스티에이프로덕트(주),조원영,충남,충남아산-2015-10-04,2610,728,868,960,52,506,10
기계설비,기계설비·가스공사업,4185,(주)에스티엔비,김유철,경기,안양-19-10-2,3063,406,1358,1281,17,1252,10
기계설비,기계설비·가스공사업,4186,(주)에스티엔지니어링,양재원,경북,경북98-12-22,25886,8350,16448,252,835,13703,2
기계설비,기계설비·가스공사업,4187,(주)에스티이앤씨,최선택,경기,화성15-10-0008,2511,760,593,1102,54,1457,7
기계설비,기계설비·가스공사업,4188,(주)에스티이엔지,김상선,부산,부산사상16-10-1,2701,1626,753,252,69,1246,2
기계설비,기계설비·가스공사업,4189,(주)에스티탑,민기동,서울,송파-04-12-9,850,29,565,252,2,18,2
기계설비,기계설비·가스공사업,4190,(주)에스플랜트,김민기,충남,충남보령-2019-10-03,22008,2920,16249,2711,126,4672,21
기계설비,기계설비·가스공사업,4191,(주)에스피기업,"김정훈, 김난영",전남광주,전남영광2023-파-01,1171,0,900,271,0,0,2
기계설비,기계설비·가스공사업,4192,(주)에스피이엔지,하수청,강원,태백2020-10-01호,3418,1056,1802,513,45,3452,4
기계설비,기계설비·가스공사업,4193,에스피피에스(주),이주환,서울,인천계양 2008-10-01,3330,2011,694,364,258,1436,2
기계설비,기계설비·가스공사업,4194,(주)에싸,윤영내,경북,경북경주2020-10-01,10664,1312,6004,3291,56,1681,21
기계설비,기계설비·가스공사업,4195,(주)에쓰비이엔지,이기형,울산,울산울주2024-파-2,4330,3772,305,252,0,5954,2
기계설비,기계설비·가스공사업,4196,에쓰씨엔지니어링(주),송한규,서울,영등포07-27-1-01,1510,0,900,610,0,0,3
기계설비,기계설비·가스공사업,4197,(주)에쓰엔,임채웅,충남,충남서산-2019-10-48,1087,58,900,126,2,191,1
기계설비,기계설비·가스공사업,4198,(주)에쓰지엔지니어링,최철만,울산,울산남구2007-12-04,1353,443,480,397,31,683,3
기계설비,기계설비·가스공사업,4199,에어공조(주),원장미,전북,전북완주-2023-파-01호,1363,143,841,378,0,578,3
기계설비,기계설비·가스공사업,4200,에어닉스,조상윤,경남,진주26-파-02,571,0,192,378,0,0,3
기계설비,기계설비·가스공사업,4201,에어디자인(주),이지연,충북,충북청주 23-파-3,862,128,354,379,0,267,3
기계설비,기계설비·가스공사업,4202,에어리퀴드코리아(주),오규석,서울,안산-2001-27-324,4012,511,3070,378,51,546,3
기계설비,기계설비·가스공사업,4203,(주)에어릭스,최종영,경북,서울83-12-421,17463,4584,11409,1010,459,7026,2
기계설비,기계설비·가스공사업,4204,(주)에어맥스,김성수,대전,대전서구-06-12-1,1841,1035,7,695,103,1271,4
기계설비,기계설비·가스공사업,4205,(주)에어맥스,정해선,세종,세종시-2016-10-04,478,302,11,151,12,688,2
기계설비,기계설비·가스공사업,4206,(주)에어맥스,김진오,경기,성남20-10-9,2764,1498,948,252,64,1128,2
기계설비,기계설비·가스공사업,4207,(주)에어맥스시스템,유재성,경기,안양21-10-10,3315,2758,159,397,0,2025,3
기계설비,기계설비·가스공사업,4208,(주)에어뱅크,정해관,경기,용인2008-10-3,7202,3380,3072,505,244,2831,4
기계설비,기계설비·가스공사업,4209,에어뱅크솔루션(주),"김두열, 황준하",경기,안양-11-10-5,4604,2630,991,795,187,4040,6
기계설비,기계설비·가스공사업,4210,(유)에어벙커,강선행,전남광주,전남구례2023-파-01,155,32,0,122,0,10,2
기계설비,기계설비·가스공사업,4211,(주)에어비씨,김현철,서울,강동-18-10-01,6269,1241,4722,252,53,1423,2
기계설비,기계설비·가스공사업,4212,(주)에어비젼,이영준,경기,노원-09-10-01,1152,0,900,252,0,0,2
기계설비,기계설비·가스공사업,4213,(주)에어센트,김명주,경기,하남2025-파-06,752,68,368,315,0,98,2
기계설비,기계설비·가스공사업,4214,에어솔(주),이흥수,경북,경북구미2024-파-2,794,289,252,252,0,756,2
기계설비,기계설비·가스공사업,4215,에어솔루션(주),"이미예, 강운화",충북,충북청주 22-파-3,1633,810,569,252,0,1406,2
기계설비,기계설비·가스공사업,4216,(주)에어솔루션,정지원,전남광주,순천2021-10-05,623,145,225,252,0,195,2
기계설비,기계설비·가스공사업,4217,(주)에어솔루션스,신경철,경기,성남10-10-11,2389,302,1813,252,21,312,2
기계설비,기계설비·가스공사업,4218,에어시스템(주),손대근,경남,창원마회2015-10-02,3438,2157,871,255,154,3199,2
기계설비,기계설비·가스공사업,4219,(주)에어앤라이프,손영희,부산,부산강서2021-10-16,332,221,0,110,0,0,3
기계설비,기계설비·가스공사업,4220,(주)에어앤코리아,이동한,경남,김해2020-10-04,1594,1054,15,479,45,1597,3
기계설비,기계설비·가스공사업,4221,(주)에어엔,"박귀님, 유지안",전남광주,광주광산2021-10-05,995,227,388,378,0,812,3
기계설비,기계설비·가스공사업,4222,(주)에어젠,김주혁,충북,충북청주 24-파-24,1456,450,753,252,0,694,2
기계설비,기계설비·가스공사업,4223,(주)에어컨구미총판,황대영,경북,경북구미2008-10-02,1405,658,443,256,47,941,2
기계설비,기계설비·가스공사업,4224,에어컨대구총판(주),안용생,대구,대구수성구 2008-12-04,1184,798,77,252,57,1247,2
기계설비,기계설비·가스공사업,4225,(주)에어컨랜드,김찬희,대구,대구북구2008-12-5,4858,1164,3355,255,83,2295,2
기계설비,기계설비·가스공사업,4226,(주)에어컨방,손명희,서울,서초-09-10-13,2062,349,1435,252,24,480,2
기계설비,기계설비·가스공사업,4227,(주)에어컨총판,안덕례,경기,안양-06-12-8,3781,1226,2088,378,87,2244,3
기계설비,기계설비·가스공사업,4228,(주)에어컨트롤엔지니어링,서준석,경기,김포-24-파-06,0,0,0,0,0,0,2
기계설비,기계설비·가스공사업,4229,(주)에어코딩,"유의현, 전승기",서울,강서-06-12-1,11382,4933,5613,482,352,5919,3
기계설비,기계설비·가스공사업,4230,에어테크(주),임백무,서울,영등포10-10-03,2951,1884,427,505,134,2902,4
기계설비,기계설비·가스공사업,4231,(주)에어테크,진선희,대전,대전동구-2008-10-1,3880,1458,1810,507,104,2093,4
기계설비,기계설비·가스공사업,4232,에어테크엔지니어링(주),김도영,서울,강남-02-12-1,110955,32875,70892,3880,3306,48078,21
기계설비,기계설비·가스공사업,4233,(주)에어텍,"이상주, 정웅재",대구,대구달서구2001-27-1-146,532,54,213,258,5,126,5
기계설비,기계설비·가스공사업,4234,(주)에어텍,김미영,대전,대전대덕-04-12-03,0,0,0,0,0,0,4
기계설비,기계설비·가스공사업,4235,에어텍이엔씨,김만성,경기,성남16-10-7,1272,114,900,252,4,128,2
기계설비,기계설비·가스공사업,4236,(주)에어텍이엔지,조병남,경기,시흥09-10-66,740,321,137,258,23,488,2
기계설비,기계설비·가스공사업,4237,(주)에어패스,정홍식,전남광주,광주서05-12-02,12919,8806,2222,1010,880,10354,8
기계설비,기계설비·가스공사업,4238,(주)에어플랜,이창수,경남,부산기장2010-10-02,1021,299,448,252,21,593,2
기계설비,기계설비·가스공사업,4239,(주)에이디앤에이치,김보현,대구,동작-99-12-3,447,93,91,252,9,83,2
기계설비,기계설비·가스공사업,4240,(주)에이디이앤씨,황헌,서울,성남21-10-2,1974,1183,500,290,0,2089,2
기계설비,기계설비·가스공사업,4241,에이라운더,정한영,인천,인천연수구-25-파-7,2303,651,1171,479,0,931,3
기계설비,기계설비·가스공사업,4242,(주)에이블빌더스,이광우,서울,강서-25-파-09,1799,0,587,1212,0,0,9
기계설비,기계설비·가스공사업,4243,(주)에이블탑,"김건일, 김건우",전남광주,전남97-12-11,8576,1040,6241,1189,104,1176,9
기계설비,기계설비·가스공사업,4244,(주)에이비엠,"한기영, 김정훈",부산,수영구2004-12-01,4071,0,900,3171,0,0,15
기계설비,기계설비·가스공사업,4245,에이비이씨산업(주),"최무길, 최동혁",울산,울산울주2023-파-16,20634,2875,17253,505,0,6923,4
기계설비,기계설비·가스공사업,4246,(주)에이스건설,김봉석,대구,대구남구2010-10-7,7921,2959,4320,429,211,5198,3
기계설비,기계설비·가스공사업,4247,에이스건설(주),전운서,대전,대전동구-2020-10-21,612,58,291,260,2,145,2
기계설비,기계설비·가스공사업,4248,에이스건설(주),남기웅,강원,강원홍천2018-10-02호,713,106,349,253,4,187,2
기계설비,기계설비·가스공사업,4249,에이스공조(주),김경흠,부산,금정-2002-12-4,2347,519,1511,265,51,1241,2
기계설비,기계설비·가스공사업,4250,에이스공조(주),손재윤,전남광주,광주북2007-12-03,1475,474,525,441,34,604,3
기계설비,기계설비·가스공사업,4251,에이스공조(주),"장규환, 박성환",경기,안양-10-10-5,20832,12968,6347,590,926,22443,3
기계설비,기계설비·가스공사업,4252,(주)에이스기공,송진영,경남,김해2019-10-05,1367,930,124,271,39,1627,2
기계설비,기계설비·가스공사업,4253,에이스냉동공조(주),이태엽,경기,군포-2001-12-2,9783,6492,2010,631,649,10918,5
기계설비,기계설비·가스공사업,4254,에이스네이처(주),김규현,인천,인천남구2013-10-1,4755,661,2952,1093,47,1370,7
기계설비,기계설비·가스공사업,4255,(주)에이스비투비,박재성,전남광주,함평2026-파-01호,372,0,120,252,0,0,2
기계설비,기계설비·가스공사업,4256,에이스앤텍(주),김다은,경기,안양-14-10-02,8481,2961,4549,759,211,5212,6
기계설비,기계설비·가스공사업,4257,에이스엔지니어링(주),양윤석,부산,동래-2000-12-2,2589,787,1268,454,78,1079,3
기계설비,기계설비·가스공사업,4258,(주)에이스엔지니어링,박순우,경북,경북구미2022-파-2,3524,1629,1638,255,0,2667,2
기계설비,기계설비·가스공사업,4259,(주)에이스원시스템,조양훈,서울,강서-19-10-03,6257,4112,1558,409,177,10469,3
기계설비,기계설비·가스공사업,4260,(주)에이스이엔지,"이동관, 황순한",부산,부산동래2014-10-2,2826,287,1723,795,20,113,5
기계설비,기계설비·가스공사업,4261,(주)에이스테크,서순임,전남광주,전남12-153,4569,1002,2012,1453,100,1272,11
기계설비,기계설비·가스공사업,4262,(주)에이스테크,"이상대, 권춘열, 김종철",경북,경북포항2023-파-20,64,0,28,35,0,0,2
기계설비,기계설비·가스공사업,4263,(주)에이스텍,김동순,부산,충남논산-2010-10-02,1879,737,809,280,52,547,2
기계설비,기계설비·가스공사업,4264,(주)에이스펙,김진태,충남,충남당진2024-파-13호,15357,11924,3179,252,0,18111,2
기계설비,기계설비·가스공사업,4265,(주)에이씨아이케미칼아시아,김현수,서울,중구09-12-02,1940,33,900,1004,2,0,5
기계설비,기계설비·가스공사업,4266,(주)에이씨알텍,정환홍,서울,영등포-06-12-5,48832,43130,0,2584,3117,31964,16
기계설비,기계설비·가스공사업,4267,(주)에이씨에스,성경철,경북,경북구미2024-파-7,2503,746,1284,472,0,1495,3
기계설비,기계설비·가스공사업,4268,(주)에이알,"한승일, 한영모",경기,82-12-105,35982,3839,23037,8718,386,5490,66
기계설비,기계설비·가스공사업,4269,에이알시스템(주),한상모,경기,경기시흥2018-10-08,1670,239,789,631,10,106,5
기계설비,기계설비·가스공사업,4270,에이앤더블유(주),"박무경, 최영기",경기,하남2024-파-02,3174,1286,1382,505,0,2152,4
기계설비,기계설비·가스공사업,4271,(유)에이앤에이공조시스템,조용운,전남광주,함평2022-파-01,1188,265,417,505,0,549,4
기계설비,기계설비·가스공사업,4272,에이앤테크(주),안창우,대구,수성-19-10-04호,3836,1120,2288,378,48,2003,3
기계설비,기계설비·가스공사업,4273,(주)에이앤티,김용운,전북,전북진안2021-10-01,0,0,0,0,0,0,2
기계설비,기계설비·가스공사업,4274,(주)에이앤피티,남병덕,경기,용인2020-10-4,480,69,180,227,2,208,5
기계설비,기계설비·가스공사업,4275,에이에스티(주),김운수,경남,창원성산2018-10-02,4603,2943,1025,507,126,3806,4
기계설비,기계설비·가스공사업,4276,에이에이씨케이이엔지(주),주수양,서울,금천-19-10-07,7312,5652,746,669,243,9664,5
기계설비,기계설비·가스공사업,4277,(주)에이에이치테크,김동훈,울산,울산울주2024-파-11,1596,1234,-124,485,0,2504,2
기계설비,기계설비·가스공사업,4278,(주)에이에프이엔씨,양한용,경기,용인2021-23-01,1152,0,900,252,0,0,2
기계설비,기계설비·가스공사업,4279,(주)에이에프코리아,최용호,경기,안양21-10-11,3899,1515,944,1439,0,2287,10
기계설비,기계설비·가스공사업,4280,에이엔티테크,연윤모,대전,대전대덕-21-10-01,1717,844,384,488,0,1438,5
기계설비,기계설비·가스공사업,4281,(주)에이엠,안근규,강원,인제2025-파-01호,637,89,294,252,0,128,2
기계설비,기계설비·가스공사업,4282,에이엠씨공조설비(주),박정용,서울,금천 13-10-06,9824,4094,5058,378,292,6703,3
기계설비,기계설비·가스공사업,4283,(주)에이엠씨플랜트,김용락,경북,광주북2020-10-11,861,114,489,252,4,0,2
기계설비,기계설비·가스공사업,4284,(주)에이엠이,조광구,경기,인천계양2014-10-01,12070,3818,7462,517,272,7844,4
기계설비,기계설비·가스공사업,4285,(주)에이엠케이,장남철,인천,안산2015-10-2,1096,684,21,342,48,33,4
기계설비,기계설비·가스공사업,4286,(주)에이올코리아,김정환,경기,성남19-10-13,865,195,389,271,8,698,2
기계설비,기계설비·가스공사업,4287,에이원산업(주),정용조,전남광주,광주북2017-10-06,1525,269,531,713,11,355,5
기계설비,기계설비·가스공사업,4288,에이원산업개발(주),오병근,전남광주,광주북2020-10-08,1271,551,423,272,23,923,2
기계설비,기계설비·가스공사업,4289,(주)에이원시스템,김영선,대구,대구북구2008-12-4,2062,301,1486,252,21,668,2
기계설비,기계설비·가스공사업,4290,(주)에이원시스템공조,권오원,대전,대전대덕-13-10-04,3706,1013,2115,505,72,2139,4
기계설비,기계설비·가스공사업,4291,에이원엠엔씨(주),김성규,경기,강서-03-12-2,18263,5106,11530,1115,510,7605,6
기계설비,기계설비·가스공사업,4292,에이원이앤씨(주),손미영,강원,인제2019-10-01호,1031,157,615,252,6,171,2
기계설비,기계설비·가스공사업,4293,(주)에이원이앤씨,김영근,충남,충남아산-2022-13-01,2585,1753,461,370,0,2244,2
기계설비,기계설비·가스공사업,4294,(주)에이원컴퍼니,이기용,경기,평택21-10-0005,10200,4624,4797,776,1,6851,6
기계설비,기계설비·가스공사업,4295,(주)에이원테크,김성곤,경남,진주 2019-10-2,608,160,188,252,6,283,2
기계설비,기계설비·가스공사업,4296,(주)에이원텍,이승희,충북,충북청주15-10-3,2099,1169,553,292,83,1431,2
기계설비,기계설비·가스공사업,4297,(주)에이이엠이앤지,정재용,서울,송파-06-12-11,1643,578,625,397,41,511,3
기계설비,기계설비·가스공사업,4298,에이치더블유엔텍(주),고정희,전남광주,전남화순2021-10-01,247,105,68,73,0,22,2
기계설비,기계설비·가스공사업,4299,에이치디씨랩스(주),이준형,서울,89-서울-12-68,167600,22843,137063,5402,2290,34492,6
기계설비,기계설비·가스공사업,4300,에이치디에스(주),조한봉,서울,서초-12-10-01,2630,1599,411,505,114,2350,4
기계설비,기계설비·가스공사업,4301,에이치디엔지니어링,김종철,경남,진주2020-10-08,2988,677,1777,505,29,876,4
기계설비,기계설비·가스공사업,4302,(주)에이치브이에이씨,김인회,서울,송파-09-10-01,7354,5253,892,833,375,4806,6
기계설비,기계설비·가스공사업,4303,(주)에이치브이테크,주영식,전북,전북완주-2025-파-04호,700,42,405,252,0,61,2
기계설비,기계설비·가스공사업,4304,(주)에이치비이엔지,양해범,서울,중구21-10-02,4246,1911,2081,252,0,2268,2
기계설비,기계설비·가스공사업,4305,에이치시스템(주),강명희,충남,충남공주-2020-10-01,1560,335,810,400,14,891,3
기계설비,기계설비·가스공사업,4306,에이치씨엠(주),박노훈,경기,화성15-10-0009,11465,2187,8616,505,156,3085,4
기계설비,기계설비·가스공사업,4307,(주)에이치아이엔지니어링,여일순,서울,금천-24-파-07,0,0,0,0,0,0,4
기계설비,기계설비·가스공사업,4308,(주)에이치아이엠,강영숙,충남,충남부여-2013-10-01,1408,120,900,378,8,235,3
기계설비,기계설비·가스공사업,4309,(주)에이치아이엠이엔지,박광규,경남,경남-92-12-7,648,171,188,271,17,252,2
기계설비,기계설비·가스공사업,4310,(유)에이치알이엔지,윤순오,전남광주,영암2024-파-01,121,34,30,57,0,60,1
기계설비,기계설비·가스공사업,4311,에이치알테크(주),박미선,전남광주,광양2021-10-07,159,104,3,52,0,149,2
기계설비,기계설비·가스공사업,4312,에이치알티에스(주),이은실,서울,강서-07-12-2,2931,355,2134,416,25,177,3
기계설비,기계설비·가스공사업,4313,(주)에이치앤씨,맹현호,충남,충남아산-2013-10-01,879,269,338,252,19,218,2
기계설비,기계설비·가스공사업,4314,(주)에이치앤케이,한홍,충남,충남당진2024-파-08호,1241,26,900,315,0,55,2
기계설비,기계설비·가스공사업,4315,(주)에이치앤티엔지니어링,"원정일, 조선희",충북,울산남구2009-10-03,2217,1451,404,258,103,2081,2
기계설비,기계설비·가스공사업,4316,(주)에이치앤티이엔씨,정영수,경기,군포2017-10-02,1542,942,87,471,40,1097,5
기계설비,기계설비·가스공사업,4317,에이치에스건설(주),최영수,대전,대전동구-2013-10-03,2513,352,1474,661,25,398,5
기계설비,기계설비·가스공사업,4318,에이치에스에너텍(주),이윤상,서울,구로-16-23-01,3977,456,2739,761,19,584,6
기계설비,기계설비·가스공사업,4319,에이치에스이엔지(주),윤호성,경남,김해 2014-10-07,15239,4679,9593,631,334,9404,5
기계설비,기계설비·가스공사업,4320,(주)에이치에스청명,"강인환, 김주연",대구,대구북구2019-10-1호,1657,744,222,658,31,1678,4
기계설비,기계설비·가스공사업,4321,(주)에이치에스테크놀로지,홍석진,경기,파주15-10-01,14417,13931,-1394,883,995,6081,7
기계설비,기계설비·가스공사업,4322,(주)에이치엔에스,김정현,경기,용인2017-10-1,2846,1598,800,378,68,3259,3
기계설비,기계설비·가스공사업,4323,(주)에이치엔에이치이엔지,김두환,경기,평택-24-파-012호,10168,8719,942,506,0,20549,4
기계설비,기계설비·가스공사업,4324,(주)에이치엔케이,이진영,경기,고양2024-파-03,1322,334,609,378,0,558,3
기계설비,기계설비·가스공사업,4325,(주)에이치엔티,김영수,경기,김포-16-10-04,2439,502,1370,544,21,712,2
기계설비,기계설비·가스공사업,4326,(주)에이치엔피,허종실,부산,부산사상14-10-3,1110,393,416,272,28,467,2
기계설비,기계설비·가스공사업,4327,에이치엘디앤아이한라(주),홍석화,서울,송파-12-10-07,35176,0,900,34276,0,0,132
기계설비,기계설비·가스공사업,4328,에이치엘비바이오스텝(주),백성진,인천,구리2016-10-01,11793,7038,4036,416,301,7331,3
기계설비,기계설비·가스공사업,4329,에이치엘에코텍(주),유재언,경북,경북안동2012-10-01,15394,872,5237,9219,64,2201,90
기계설비,기계설비·가스공사업,4330,(주)에이치엘이엔지,김용주,경기,오산2016-10-02,20591,12923,4418,2675,572,21871,20
기계설비,기계설비·가스공사업,4331,(주)에이치엘종합건설,김성헌,전북,전북전주2022-파-2호,1814,0,900,914,0,0,5
기계설비,기계설비·가스공사업,4332,에이치엠,정영미,인천,인천연수구-23-파-1,1087,107,727,252,0,43,2
기계설비,기계설비·가스공사업,4333,(주)에이치엠텍,김영남,경기,금천-06-12-3,2816,312,1875,606,22,1116,4
기계설비,기계설비·가스공사업,4334,(주)에이치원건설,조중구,충남,충남천안-2024-파-01,1335,0,900,435,0,0,1
기계설비,기계설비·가스공사업,4335,(주)에이치원이엔지,조정현,인천,부천-21-10-09,21013,12298,7315,1398,0,15608,5
기계설비,기계설비·가스공사업,4336,(주)에이치원테크,김현일,경기,부천-24-파-05,554,118,182,252,0,183,2
기계설비,기계설비·가스공사업,4337,(주)에이치이테크,강흥선,전남광주,광양25-파-03,535,0,137,397,0,0,3
기계설비,기계설비·가스공사업,4338,에이치이티엔(주),박승현,인천,계양2022-파-1-001,8947,2090,6604,252,0,3971,2
기계설비,기계설비·가스공사업,4339,(주)에이치제이중공업,"유상철, 송경한",부산,서울광진97-27-01-01,68938,0,900,68038,0,0,351
기계설비,기계설비·가스공사업,4340,에이치지산업개발(주),김선태,서울,96-서울-12-17,825,376,32,378,37,271,3
기계설비,기계설비·가스공사업,4341,(주)에이치케이,고봉석,전북,전북정읍25-파-01호,1152,0,900,252,0,0,2
기계설비,기계설비·가스공사업,4342,(주)에이치케이씨,채희관,충남,충남보령-2007-12-16,48407,36791,3830,5136,2649,66275,32
기계설비,기계설비·가스공사업,4343,(주)에이치케이엔지니어링,김기정,충남,충남당진-2023-파-04,2113,238,1432,441,0,740,3
기계설비,기계설비·가스공사업,4344,(주)에이치케이이앤이,김병학,충북,충북청주 22-파-33,1152,0,900,252,0,0,2
기계설비,기계설비·가스공사업,4345,(주)에이치케이이앤지,한형덕,서울,은평-23-파-2,3380,2111,1016,252,0,3297,2
기계설비,기계설비·가스공사업,4346,(주)에이치케이이엔씨(HKENC),고석근,경기,군포-2001-12-3,1202,140,731,315,14,228,2
기계설비,기계설비·가스공사업,4347,에이치티씨시스템(주),서명희,전남광주,전남장성2017-10-01,965,421,146,378,18,273,3
기계설비,기계설비·가스공사업,4348,에이치티액세스(주),김정호,서울,영등포24-파-05,1144,691,199,252,0,1235,2
기계설비,기계설비·가스공사업,4349,(주)에이치티에프,"이종천, 이수미",경남,경남함안 2014-10-1,2000,932,307,694,66,1315,5
기계설비,기계설비·가스공사업,4350,(주)에이치플랜트,박상현,인천,인천옹진-24-파-01,2616,688,1082,845,0,995,6
기계설비,기계설비·가스공사업,4351,에이치플러스에코(주),허자홍,서울,송파-15-10-02,6888,4812,0,1730,345,4568,9
기계설비,기계설비·가스공사업,4352,(주)에이치피건설,강한청,경북,경북포항2024-파-08,436,0,183,252,0,0,2
기계설비,기계설비·가스공사업,4353,에이치피아이(주),서윤옥,충남,충남예산-2020-10-01,829,276,288,252,11,355,2
기계설비,기계설비·가스공사업,4354,에이치피아이(HPI),최재민,경기,안양-08-12-2,654,136,169,338,9,345,4
기계설비,기계설비·가스공사업,4355,(주)에이치피에스,장선희,전남광주,여수-23-파-05,496,14,229,252,0,36,2
기계설비,기계설비·가스공사업,4356,(주)에이케이시스템앤솔루션,김미지,서울,강남-20-10-02,1720,982,317,378,42,1335,3
기계설비,기계설비·가스공사업,4357,(주)에이케이엔지니어링,이홍섭,인천,인천중구(영)-2024-13-01,900,214,181,505,0,382,4
기계설비,기계설비·가스공사업,4358,(주)에이큐에스,선금임,서울,금천-13-10-02,4787,1625,2793,252,116,2871,2
기계설비,기계설비·가스공사업,4359,(주)에이텍,황익순,경기,시흥 01-27(1)-2,8884,2221,5934,505,222,3103,4
기계설비,기계설비·가스공사업,4360,에이텍(주),이한모,충남,충남논산-2022-13-01,2900,605,1721,573,0,1736,4
기계설비,기계설비·가스공사업,4361,(주)에이텍,최영덕,경북,경북포항2022-파-05호,729,350,0,378,0,122,3
기계설비,기계설비·가스공사업,4362,(주)에이텍코리아,전민권,서울,서초-14-10-04,0,0,0,0,0,0,1
기계설비,기계설비·가스공사업,4363,(주)에이티,김병준,전남광주,여수2020-23-01,1106,334,0,757,14,789,6
기계설비,기계설비·가스공사업,4364,(주)에이티씨,서형식,대구,대구달서구2025-파-05,1152,0,900,252,0,0,2
기계설비,기계설비·가스공사업,4365,(주)에이티에너지,윤민정,경기,수원09-10-5,2921,549,1827,505,39,1012,4
기계설비,기계설비·가스공사업,4366,(주)에이티에스,김석원,경기,경기시흥2019-10-32,545,3,163,378,0,0,3
기계설비,기계설비·가스공사업,4367,(주)에이티이엔지,박승태,경기,시흥-25-파-6,1007,313,188,505,0,447,4
기계설비,기계설비·가스공사업,4368,(주)에이팩,송규섭,대전,대전유성-2003-12-1,835,265,0,543,26,70,4
기계설비,기계설비·가스공사업,4369,(주)에이프로젠메디신,김재섭,경기,강남-14-10-01,1980,316,0,1641,22,537,13
기계설비,기계설비·가스공사업,4370,에이프로젠아이앤씨(주),김대진,충남,영천2021-10-01,6556,2621,3440,493,0,2578,3
기계설비,기계설비·가스공사업,4371,(주)에이피,"임형선, 임송배",경기,파주09-10-3,7282,1955,4365,821,139,4202,6
기계설비,기계설비·가스공사업,4372,(유)에이피공조산업,김은희,전북,전북전주2017-10-3호,3154,1921,329,820,82,2563,6
기계설비,기계설비·가스공사업,4373,(주)에이피이씨,백승남,서울,서초-10-10-08,2313,399,1087,796,28,615,6
기계설비,기계설비·가스공사업,4374,(주)에취켓,장규진,경기,포천15-10-02,79,0,33,46,0,0,8
기계설비,기계설비·가스공사업,4375,(주)에치이시스템,유상철,경기,시흥2015-10-25,6164,1849,2903,1276,134,2401,10
기계설비,기계설비·가스공사업,4376,에치케이플랜트(주),정성환,충남,충남천안-99-12-4,2862,1227,881,631,122,1600,5
기계설비,기계설비·가스공사업,4377,(주)에코냉동설비,박지혜,경남,창녕2020-10-01,1771,382,994,378,16,939,3
기계설비,기계설비·가스공사업,4378,(주)에코비젼,이수철,강원,춘천2024-파-04호,118,49,22,46,0,55,3
기계설비,기계설비·가스공사업,4379,(주)에코산업개발,오채영,전남광주,전남고흥2021-10-01,1693,293,620,778,0,596,6
기계설비,기계설비·가스공사업,4380,(주)에코솔루션이앤지,이주의,부산,부산해운대2022-13-01,1190,37,900,252,0,134,2
기계설비,기계설비·가스공사업,4381,(주)에코시엔,공제성,전남광주,광주남2023-파-02,597,30,314,252,0,55,2
기계설비,기계설비·가스공사업,4382,에코심플렉스(주),송효순,서울,서초-12-23-03,0,0,0,0,0,0,3
기계설비,기계설비·가스공사업,4383,에코아이스(주),김경란,대전,대전서구-19-10-1,2595,845,1388,252,108,910,2
기계설비,기계설비·가스공사업,4384,(주)에코에너다임알디지샘코퍼레이션,국민,경기,부천-10-10-6,3080,913,1541,561,65,1953,2
기계설비,기계설비·가스공사업,4385,(주)에코에너시스,정선우,경기,화성19-10-49,546,331,32,167,14,624,5
기계설비,기계설비·가스공사업,4386,(주)에코에너지,김병훈,경기,가평2016-23-01,1278,121,772,378,5,100,3
기계설비,기계설비·가스공사업,4387,(주)에코에너지,유승현,강원,춘천2020-10-03호,5541,1831,3378,252,78,2494,2
기계설비,기계설비·가스공사업,4388,에코엔(주),이천복,경남,창원성산2023-파-08,970,129,588,252,0,312,2
기계설비,기계설비·가스공사업,4389,(주)에코엠이씨,설준수,경기,부천-19-10-003,1072,90,473,505,3,147,4
기계설비,기계설비·가스공사업,4390,(주)에코원엔지니어링,서운종,전남광주,세종-2014-10-06,1186,171,624,378,12,0,3
기계설비,기계설비·가스공사업,4391,(주)에코원이엔지,"김기철, 심상모",대전,대전중구-21-10-05,1881,753,622,505,0,773,4
기계설비,기계설비·가스공사업,4392,에코이엔지(주),최준호,전남광주,광주광산2017-10-01,789,166,362,252,7,47,2
기계설비,기계설비·가스공사업,4393,(주)에코이엔지,황대성,충남,충남공주-2017-10-02,1152,0,900,252,0,0,2
기계설비,기계설비·가스공사업,4394,(주)에코이엔지,김리현,충남,충남보령-2020-10-03,3339,325,1952,1048,14,185,8
기계설비,기계설비·가스공사업,4395,(주)에코존,"오세진, 황세규",서울,강남-09-10-09,2893,1483,859,444,105,4392,3
기계설비,기계설비·가스공사업,4396,(주)에코텍코리아,김종엽,충남,고양2014-10-1,0,0,0,0,0,0,2
기계설비,기계설비·가스공사업,4397,(주)에코트에너지,정우찬,서울,성남21-10-14,2290,629,1345,315,0,391,2
기계설비,기계설비·가스공사업,4398,(주)에코파워텍,조윤숙,경남,진주2017-10-4,947,465,185,276,19,209,3
기계설비,기계설비·가스공사업,4399,(주)에코파워텍,김형주,제주,제주 제주2020-10-03,692,131,302,252,5,230,2
기계설비,기계설비·가스공사업,4400,(주)에코프로에이치엔,김종섭,충북,충북청원12-10-3,127046,17496,104976,3323,1249,9831,25
기계설비,기계설비·가스공사업,4401,에프디(주),윤홍걸,경기,평택-22-파-011,4512,521,2445,1515,29,960,12
기계설비,기계설비·가스공사업,4402,(주)에프씨디,차병찬,대전,대전유성-2016-23-1-1,12677,3078,8563,639,395,4932,5
기계설비,기계설비·가스공사업,4403,(주)에프앤피이엔지,김용구,경기,강남-04-12-3,5065,1450,2592,877,145,79,6
기계설비,기계설비·가스공사업,4404,(주)에프에스,박정훈,경남,함안2025-파-03,672,70,349,252,0,100,2
기계설비,기계설비·가스공사업,4405,(주)에프엠지,설영미,전북,충남보령-2018-10-01,4063,1427,2065,510,61,1959,4
기계설비,기계설비·가스공사업,4406,(주)에프티에스,남진우,경기,이천22-파-05,359,27,161,170,0,96,2
기계설비,기계설비·가스공사업,4407,(주)에프피코리아,강태욱,경기,화성18-10-06,2401,901,1208,252,38,1892,2
기계설비,기계설비·가스공사업,4408,(주)엑사엔터프라이즈,박혜옥,충북,충북보은 24-파-2,1318,121,781,416,0,73,3
기계설비,기계설비·가스공사업,4409,(주)엑스큐시스템,이기영,경기,광명18-10-1,973,366,339,252,15,811,2
기계설비,기계설비·가스공사업,4410,(주)엑신건업,김재선,서울,구로-03-12-10,10789,6488,2338,1314,648,7823,9
기계설비,기계설비·가스공사업,4411,(주)엑타,윤형탁,서울,금천-17-10-06,2850,1864,527,378,79,2874,3
기계설비,기계설비·가스공사업,4412,(주)엑트,김홍범,대전,대전서구-07-12-2,1546,781,267,441,55,427,3
기계설비,기계설비·가스공사업,4413,(주)엔바이로텍,김봉순,충북,충북진천2019-10-11,1657,270,995,380,11,738,3
기계설비,기계설비·가스공사업,4414,엔백(주),정영훈,경기,과천2023-10-05,2791,358,2152,280,0,1153,2
기계설비,기계설비·가스공사업,4415,엔비(주),임화자,서울,송파-26-파-06,420,0,120,300,0,0,3
기계설비,기계설비·가스공사업,4416,엔비오팜(주),김재운,인천,파주20-10-4,2146,446,981,698,19,101,5
기계설비,기계설비·가스공사업,4417,(주)엔비컨스,최영기,경기,용인2021-10-10,24,1,0,22,0,5,2
기계설비,기계설비·가스공사업,4418,(주)엔비타코리아,권이한,인천,인천남동06-12-02,129,78,5,39,5,10,2
기계설비,기계설비·가스공사업,4419,엔솔(주),공희창,대전,대전유성-2012-23-1-1,296,201,-21,100,14,185,5
기계설비,기계설비·가스공사업,4420,(주)엔솔,심두보,인천,김포-15-10-05,1599,678,593,278,48,1057,2
기계설비,기계설비·가스공사업,4421,(주)엔씨테크,이낙희,충북,충북청주14-10-1,7765,3299,4210,255,0,203,2
기계설비,기계설비·가스공사업,4422,(주)엔에스브이,"윤은중, 윤준호",인천,인천남동05-12-01,4071,466,2800,757,46,0,6
기계설비,기계설비·가스공사업,4423,(주)엔에스설비,정우영,충남,충남논산-2017-10-02,852,447,133,252,19,897,2
기계설비,기계설비·가스공사업,4424,엔에스시스템(주),최휘윤,충남,충남보령-2015-10-04,11162,1274,7434,2361,91,1338,18
기계설비,기계설비·가스공사업,4425,(주)엔에스창조,신정원,경기,안성2018-10-0001,2856,1035,1523,252,44,2533,2
기계설비,기계설비·가스공사업,4426,(주)엔에스컴퍼니,이종화,충남,서울-94-12-190,56451,35721,9604,7492,3633,52351,44
기계설비,기계설비·가스공사업,4427,(주)엔에스테크,박현수,인천,인천부평구2019-10-01,2410,265,1591,542,11,386,4
기계설비,기계설비·가스공사업,4428,엔에코기술(주),하관중,경기,김포-19-10-02,2017,1245,403,315,53,1003,2
기계설비,기계설비·가스공사업,4429,(주)엔와이건설,김기수,전남광주,순천2024-파-01,2074,241,1448,384,0,379,3
기계설비,기계설비·가스공사업,4430,(주)엔원테크,최모성,경기,화성22-파-01,1509,951,52,505,0,487,4
기계설비,기계설비·가스공사업,4431,(주)엔제이시스템,남정우,경기,인천미추홀구2022-13-5,1901,866,782,252,0,1197,2
기계설비,기계설비·가스공사업,4432,(주)엔제이테크,남길태,경북,경북구미2025-파-5호,378,0,126,252,0,0,2
기계설비,기계설비·가스공사업,4433,(주)엔지텍,정병근,충남,대전동구-2020-10-05,3106,964,1617,482,41,1266,3
기계설비,기계설비·가스공사업,4434,(주)엔케이건설,고순남,서울,금천-09-10-08,1009,155,527,315,11,34,2
기계설비,기계설비·가스공사업,4435,엔코텍건설(주),김태웅,서울,양천-09-10-02,3442,1764,775,776,126,2727,5
기계설비,기계설비·가스공사업,4436,엔탑컨버전스(주),양희정,충북,충북청주15-10-7,3073,580,1503,947,41,860,7
기계설비,기계설비·가스공사업,4437,엔터산업개발(주),박진무,경기,안산-2003-12-5,4017,474,2845,650,47,662,5
기계설비,기계설비·가스공사업,4438,(주)엔테크이엔지,오세욱,경기,화성10-10-7,1327,444,292,558,31,717,5
기계설비,기계설비·가스공사업,4439,엔텍스(주),황정하,전남광주,광주광산2017-10-06,2350,1398,368,524,59,2174,4
기계설비,기계설비·가스공사업,4440,(주)엔텍에너지,송향미,서울,관악-17-23-1-01,1371,411,276,631,52,485,5
기계설비,기계설비·가스공사업,4441,엔텍월드(주),안병립,서울,금천-15-10-01,1330,29,900,398,2,0,3
기계설비,기계설비·가스공사업,4442,엔텍이앤씨(주),최근호,서울,강남-04-12-6,11966,6711,3141,1441,671,15626,2
기계설비,기계설비·가스공사업,4443,(주)엔텍이엔지,류성진,울산,울산울주2011-10-24,12258,7518,3804,398,537,13108,3
기계설비,기계설비·가스공사업,4444,엔트(주),김영남,경기,부천11-10-2,1308,867,0,378,61,0,3
기계설비,기계설비·가스공사업,4445,(주)엔트그린,이창섭,경기,안산2013-10-1,3764,799,2257,650,57,0,5
기계설비,기계설비·가스공사업,4446,엔트라(주),박재희,울산,울산울주2013-10-21,1804,419,470,883,29,1131,7
기계설비,기계설비·가스공사업,4447,엔티강남가스(주),박선애,경북,경북안동2020-23-01,2530,996,860,631,42,1387,5
기계설비,기계설비·가스공사업,4448,엔티시스템,이석훈,울산,울산중구2022-파-5,1506,408,826,271,0,1442,2
기계설비,기계설비·가스공사업,4449,(주)엔티오스,양정수,전남광주,여수2021-10-09,2572,1595,598,378,0,3418,3
기계설비,기계설비·가스공사업,4450,(주)엔티오스대산,주기천,충남,충남서산2025-13-03호,624,0,498,126,0,0,1
기계설비,기계설비·가스공사업,4451,(주)엔티이앤씨,홍희주,경남,창원마합 2014-10-01,1078,320,481,254,22,467,2
기계설비,기계설비·가스공사업,4452,엘가스텍(주),이준구,서울,양천2022-파-01,663,111,234,317,0,142,3
기계설비,기계설비·가스공사업,4453,(주)엘도산업개발,공갑동,전남광주,광주광산2011-23-01,1803,517,705,507,73,734,4
기계설비,기계설비·가스공사업,4454,(주)엘라스켐,김영두,충남,충남아산-2021-10-08,101,55,13,33,0,21,2
기계설비,기계설비·가스공사업,4455,엘로맥스(주),신미숙,전남광주,여수2017-10-02,1504,174,1045,277,7,278,2
기계설비,기계설비·가스공사업,4456,(주)엘림,조성래,경북,경북영주2009-10-02,689,260,157,252,18,68,2
기계설비,기계설비·가스공사업,4457,(주)엘림공조,"장호국, 장덕수",경기,고양-2005-12-3,4105,2192,1188,505,219,2484,4
기계설비,기계설비·가스공사업,4458,(주)엘림엔지니어링,차재헌,강원,동해2009-10-01,1530,507,607,378,36,302,3
기계설비,기계설비·가스공사업,4459,(주)엘비케이,"변상훈, 장진석",서울,구로-03-12-4,11247,5634,4151,898,563,9168,7
기계설비,기계설비·가스공사업,4460,엘씨공조산업,정근식,대구,대구서구2013-10-4호,4883,2729,1580,379,194,3912,3
기계설비,기계설비·가스공사업,4461,(주)엘앤아이시스템,이현노,전남광주,광주서2021-10-02,701,157,291,252,0,170,2
기계설비,기계설비·가스공사업,4462,(주)엘앤에스이엔지,이주영,대전,대전서구10-10-1,532,41,235,252,2,51,2
기계설비,기계설비·가스공사업,4463,엘앤티기술(주),성은주,인천,인천부평구2022-13-04,826,105,467,252,0,166,2
기계설비,기계설비·가스공사업,4464,엘에스네오텍(주),"구본원, 구현모",서울,동대문-01-12-2,28896,9245,18328,397,924,10709,3
기계설비,기계설비·가스공사업,4465,엘에스사우타(주),김성용,경기,강남-98-12-24,20492,4667,14574,783,466,6878,4
기계설비,기계설비·가스공사업,4466,(주)엘에스엔지니어링,이종영,부산,부산동래2021-10-1,1648,1087,307,252,0,1503,2
기계설비,기계설비·가스공사업,4467,(주)엘에스엔지니어링,주정희,충남,충남금산-2022-22-2,29671,13321,14918,1431,0,27813,9
기계설비,기계설비·가스공사업,4468,(주)엘에스이엔지,이규성,서울,동작-98-12-5,4353,1080,1952,1212,108,1404,9
기계설비,기계설비·가스공사업,4469,엘에스일렉트릭(주),"구자균, 채대석",경기,안양-24-파-08,0,0,0,0,0,0,2
기계설비,기계설비·가스공사업,4470,(주)엘에스지,안명선,강원,원주2020-10-03호,747,105,365,271,4,266,2
기계설비,기계설비·가스공사업,4471,(주)엘에스텍,"김성우, 장춘남",충남,충남홍성-2001-12-2,1125,344,620,126,34,104,1
기계설비,기계설비·가스공사업,4472,(주)엘엑스하우시스,노진서,서울,82-12-324,8265,0,900,7365,0,0,35
기계설비,기계설비·가스공사업,4473,(주)엘엔케이이엔지,이광현,서울,영등포18-10-01,2791,1027,1467,252,44,2531,2
기계설비,기계설비·가스공사업,4474,(주)엘이에스,정왕수,경북,경북포항99-27-1-23,8122,2207,5050,644,220,3094,5
기계설비,기계설비·가스공사업,4475,(주)엘이티,이응수,인천,94-서울-12-305,2802,331,1814,623,33,238,4
기계설비,기계설비·가스공사업,4476,(주)엘제이건설,장호걸,대구,대구수성구2015-10-3호,999,302,422,252,21,632,2
기계설비,기계설비·가스공사업,4477,(주)엘제이월드,정광수,경기,성남20-10-16,2889,465,1898,505,19,1308,4
기계설비,기계설비·가스공사업,4478,(주)엘제이이앤에스,이은석,부산,부산사하2021-10-04,8920,2063,5587,1269,0,6377,8
기계설비,기계설비·가스공사업,4479,엘지(LG)공조시스템,최종일,강원,삼척2008-10-01,2128,723,1095,258,51,1183,2
기계설비,기계설비·가스공사업,4480,(주)엘지공조시스템,최미숙,충북,충북청주제09-10-6,4789,737,3743,255,52,911,2
기계설비,기계설비·가스공사업,4481,엘지그린산업,강순모,경기,과천2005-12-29,842,179,392,252,17,250,2
기계설비,기계설비·가스공사업,4482,(주)엘지씨엔에스,현신균,서울,중구-06-12-1,18217,14021,682,2512,1001,25041,5
기계설비,기계설비·가스공사업,4483,(주)엘케이건설,이상국,경기,충북청주제06-12-7,6803,1280,3966,1466,91,2697,10
기계설비,기계설비·가스공사업,4484,(주)엘케이건설,임영남,충남,충남공주 2010-10 -01,1440,385,755,272,27,895,2
기계설비,기계설비·가스공사업,4485,엘케이글로벌코리아(주),조효진,인천,인천연수2020-10-02,2597,1389,517,631,59,2367,5
기계설비,기계설비·가스공사업,4486,(주)엘케이에너지,김종임,경기,화성19-10-22,6502,4143,1534,646,178,5286,5
기계설비,기계설비·가스공사업,4487,(주)엘케이엔지니어링,최지혜,경기,성동-01-12-7,2217,426,1403,345,42,1032,2
기계설비,기계설비·가스공사업,4488,(주)엘케이토탈공조,이풍이,서울,서초-09-10-08,5889,2676,2768,252,191,5243,2
기계설비,기계설비·가스공사업,4489,(주)엘케이플랜트,이  근,울산,울산남구2011-10-01,945,556,96,252,39,649,2
기계설비,기계설비·가스공사업,4490,엘타임(주),유대석,강원,원주2017-10-02호,2363,280,1681,389,12,538,3
기계설비,기계설비·가스공사업,4491,엘티산업,윤목덕,전북,전북군산2020-10-10,1863,1223,335,252,52,1575,2
기계설비,기계설비·가스공사업,4492,엘티플랜트(주),김동구,경기,영등포13-23-01,2239,332,1505,378,23,388,3
기계설비,기계설비·가스공사업,4493,(주)엠.이.시,김상호,전남광주,광양2006-12-03,6439,3679,1591,905,263,8824,5
기계설비,기계설비·가스공사업,4494,(주)엠.티.에스,곽상기,경남,김해2020-10-10,241,100,32,103,4,224,4
기계설비,기계설비·가스공사업,4495,(주)엠닉스,박진춘,전북,전북전주2016-10-6호,4075,631,1353,2062,27,330,15
기계설비,기계설비·가스공사업,4496,(주)엠디이엔씨,김미덕,서울,금천-19-10-03,1144,549,318,252,23,0,2
기계설비,기계설비·가스공사업,4497,(주)엠디텍,고경수,경기,경기-97-12-54,2729,308,1851,538,30,46,4
기계설비,기계설비·가스공사업,4498,(주)엠라이테크,신인선,경기,성동-07-12-1,1961,420,1005,505,30,1076,4
기계설비,기계설비·가스공사업,4499,엠비에스(주),박문용,대전,대전유성-2021-10-3,2657,1447,928,280,0,3409,2
기계설비,기계설비·가스공사업,4500,(주)엠비엠이엔지,김정곤,서울,동대문-02-12-2,16724,8534,6458,877,853,10497,5
기계설비,기계설비·가스공사업,4501,(주)엠씨건설,신민성,강원,원주2019-10-06호,1757,343,1273,126,14,725,1
기계설비,기계설비·가스공사업,4502,(주)엠씨건설(MC),정연수,전남광주,목포2005-27-1,11740,1315,7890,2401,133,439,16
기계설비,기계설비·가스공사업,4503,엠씨이에프엠(주),황민창,서울,인천서구2021-10-11,7577,2082,4825,669,0,3175,5
기계설비,기계설비·가스공사업,4504,엠아이에너지(주),유종섭,경기,평택17-10-0008,3970,1271,2203,440,54,2112,3
기계설비,기계설비·가스공사업,4505,(주)엠아이텍,"조형수, 김광기",대전,대전대덕-04-12-05,14232,3693,8695,1473,369,7339,11
기계설비,기계설비·가스공사업,4506,(주)엠알바스,윤창로,서울,송파-26-파-05,612,0,360,252,0,0,2
기계설비,기계설비·가스공사업,4507,엠알이엔지(주),김종석,충남,충남당진-2021-10-08,8864,3541,5071,252,0,7874,2
기계설비,기계설비·가스공사업,4508,(주)엠앤드에스테크,천미란,인천,인천연수구-24-파-2,3407,1005,2003,397,0,1341,3
기계설비,기계설비·가스공사업,4509,엠앤이테크팜,박민엽,전남광주,광주북-25-파-01,658,36,322,300,0,51,3
기계설비,기계설비·가스공사업,4510,(주)엠앤티,이영석,충북,충북청주 26-파-03,1012,0,759,252,0,0,2
기계설비,기계설비·가스공사업,4511,(주)엠에스건설,김만수,강원,강릉21-10-02호,1044,214,572,257,0,223,2
기계설비,기계설비·가스공사업,4512,(주)엠에스냉동시스템,김문수,경기,용인-24-파-06,2126,1129,744,252,0,682,2
기계설비,기계설비·가스공사업,4513,엠에스설비(주),하춘호,경남,광주북2012-10-02,1887,340,1143,378,24,401,3
기계설비,기계설비·가스공사업,4514,(주)엠에스아이텍,홍관수,충남,충남홍성-2020-10-03,1247,502,470,252,21,312,2
기계설비,기계설비·가스공사업,4515,엠에스엔지니어링(주),김성환,인천,인제2022-파-01호,750,212,178,359,0,442,4
기계설비,기계설비·가스공사업,4516,(유)엠에스엠,최지원,전북,전북임실2022-파-01호,7552,2952,4091,506,1,5439,4
기계설비,기계설비·가스공사업,4517,(주)엠에스윤,이기윤,서울,도봉-19-10-01,1312,150,902,252,6,0,2
기계설비,기계설비·가스공사업,4518,(주)엠에스이앤씨,문상민,대전,대전-99-12-6,945,60,562,315,6,70,2
기계설비,기계설비·가스공사업,4519,(주)엠에스이엔지,신현대,부산,부산-89-12-12,0,0,0,0,0,0,7
기계설비,기계설비·가스공사업,4520,(주)엠에스이엔지,이민석,충남,충남서천2024-파-01호,527,160,115,252,0,169,2
기계설비,기계설비·가스공사업,4521,(주)엠에이,추길택,울산,울산울주2024-파-18,1152,0,900,252,0,0,2
기계설비,기계설비·가스공사업,4522,엠에이산업(주),김흥덕,인천,부천-09-10-3,8597,2702,4760,940,193,4176,7
기계설비,기계설비·가스공사업,4523,(주)엠에이치이엔지,이미란,서울,송파-23-파-03,1221,435,533,252,0,1077,2
기계설비,기계설비·가스공사업,4524,(주)엠에이치테크,문성주,대구,대구달성군2018-10-01,5919,3116,1975,694,133,5324,5
기계설비,기계설비·가스공사업,4525,(주)엠엑스로보틱스,조재관,서울,94-서울-12-91,17121,2379,13859,643,237,1460,5
기계설비,기계설비·가스공사업,4526,엠엔테크(주),최기호,경기,인천서구2004-12-04,6049,4281,635,704,428,1958,5
기계설비,기계설비·가스공사업,4527,엠엠케이(주),이순덕,부산,서구-2000-12-1,12845,2295,9688,631,229,3050,5
기계설비,기계설비·가스공사업,4528,(주)엠와이건설,"이경옥, 박봄이",경기,광명-92-27-4,2722,166,1000,1538,16,187,11
기계설비,기계설비·가스공사업,4529,(주)엠이씨이엔지,"박근후, 송지훈",서울,동작-01-12-6,40449,19618,16516,2353,1961,25239,10
기계설비,기계설비·가스공사업,4530,(주)엠이에스,"노희복, 노영주",울산,울산중구2008-10-06,9927,5820,3438,252,415,4255,2
기계설비,기계설비·가스공사업,4531,(주)엠제이엘티디,정기원,인천,구로-03-12-11,610,141,170,284,14,109,2
기계설비,기계설비·가스공사업,4532,(주)엠제이이앤씨,김정환,서울,중구09-12-1,11827,4228,7044,252,302,5843,2
기계설비,기계설비·가스공사업,4533,(주)엠제이테크,최창철,강원,태백2019-10-01호,4829,1118,3280,382,47,809,3
기계설비,기계설비·가스공사업,4534,(주)엠지개발,송경식,전남광주,순천2019-10-01,1339,303,625,397,12,68,3
기계설비,기계설비·가스공사업,4535,(주)엠지토탈서비스,반영식,서울,강서-22-파-09,2331,293,1762,275,0,650,2
기계설비,기계설비·가스공사업,4536,엠케이가스오일엔지니어링(주),김만갑,경기,인천-83-12-24,2412,601,1235,515,60,1574,4
기계설비,기계설비·가스공사업,4537,(주)엠케이엔지니어링,최병운,경북,경북포항2005-12-16,1801,940,507,259,94,1114,2
기계설비,기계설비·가스공사업,4538,엠케이이엔지(주),김원열,대전,강원2000-12-7,13909,6550,4976,1727,655,15191,6
기계설비,기계설비·가스공사업,4539,엠케이제어시스템,최호준,인천,인천남동25-파-02,420,0,167,252,0,0,2
기계설비,기계설비·가스공사업,4540,(유한책임)엠케이지,"한혜숙, 이동렬",경기,동대문-01-12-8,181168,83154,74251,15328,8434,120634,40
기계설비,기계설비·가스공사업,4541,(주)엠케이피이앤씨,김혜원,경북,경북경주2026-파-01호,372,0,120,252,0,0,2
기계설비,기계설비·가스공사업,4542,(주)엠코프,임민환,서울,강동-25-파-01,2352,588,1384,378,0,841,3
기계설비,기계설비·가스공사업,4543,(유)엠테크,김영호,전북,전북전주2007-12-3,3481,942,2213,258,67,1525,2
기계설비,기계설비·가스공사업,4544,(주)엠테크,민문기,경북,경북구미2017-10-3,2775,413,2092,252,17,430,2
기계설비,기계설비·가스공사업,4545,(주)엠테크이엔지,유미자,전북,전북전주2019-10-4,7432,3847,2661,757,164,5834,6
기계설비,기계설비·가스공사업,4546,(주)엠텍,강성진,충남,충남당진-2018-10-020,10115,7140,1895,773,306,15251,5
기계설비,기계설비·가스공사업,4547,(주)엠티에스코리아,류병진,전남광주,광양2008-10-06,1894,812,646,378,58,1272,3
기계설비,기계설비·가스공사업,4548,(주)엠티이에스,김종헌,경기,평택17-10-0004,1152,0,900,252,0,0,2
기계설비,기계설비·가스공사업,4549,엠티코리아(주),이동배,부산,부산강서2014-10-05,776,259,134,364,18,926,5
기계설비,기계설비·가스공사업,4550,(주)엠피테크,정재용,전남광주,광양24-파-03,561,0,246,315,0,0,2
기계설비,기계설비·가스공사업,4551,(주)엡스엔지니어링,도윤선,인천,인천남구-2000-12-2,64303,22262,34699,5083,2258,41075,27
기계설비,기계설비·가스공사업,4552,(주)여기다,한승우,울산,울산중구2024-파-1,1166,13,900,252,0,22,2
기계설비,기계설비·가스공사업,4553,(주)여명기업,"최옥분, 안성훈",경북,경북구미2004-12-8,10409,6213,3091,483,621,8020,3
기계설비,기계설비·가스공사업,4554,(주)여명이엔지,김학수,충남,충남당진-2017-10-02,4,2,0,1,0,0,2
기계설비,기계설비·가스공사업,4555,(주)여명하이텍,이명희,경기,경기시흥2017-10-07,1251,616,356,252,26,727,2
기계설비,기계설비·가스공사업,4556,여산종합(주),전기세,인천,서울-12-485,2601,1537,581,328,153,1050,2
기계설비,기계설비·가스공사업,4557,(주)여일가스엔지니어링,김경미,강원,원주2017-23-01호,1520,395,225,883,16,522,7
기계설비,기계설비·가스공사업,4558,(주)여진설비,임여진,경남,창원의창2025-파-04,1119,404,462,252,0,577,2
기계설비,기계설비·가스공사업,4559,(주)연강,나용선,전북,전북익산-24-파-06호,868,85,530,252,0,182,2
기계설비,기계설비·가스공사업,4560,연동건설(주),최성덕,경남,창원의창2016-23-01,3503,1250,1694,505,53,1892,4
기계설비,기계설비·가스공사업,4561,(주)연성,윤성연,전남광주,나주2021-10-02,858,163,316,378,0,235,3
기계설비,기계설비·가스공사업,4562,(주)연세건설,구금석,전남광주,광주남2001-12-03,1602,109,900,582,10,264,4
기계설비,기계설비·가스공사업,4563,(주)연세기계설비,김창욱,경북,경북구미2012-10-02,688,240,174,256,17,433,2
기계설비,기계설비·가스공사업,4564,연솔루션(주),조창연,경기,수원24-파-01,1391,522,559,309,0,702,2
기계설비,기계설비·가스공사업,4565,(주)연수,민병진,전남광주,창원의창2016-10-06,2034,469,1273,271,20,19,2
기계설비,기계설비·가스공사업,4566,(주)연수이앤씨,조운호,서울,구로-15-10-01,2826,346,2077,378,24,409,3
기계설비,기계설비·가스공사업,4567,(주)연수이앤지,정종만,대구,대구동구2012-24-6,1670,805,554,252,57,521,2
기계설비,기계설비·가스공사업,4568,(주)연안이앤지,표상덕,대구,대구동구2016-23-02,1843,343,1106,378,14,506,3
기계설비,기계설비·가스공사업,4569,(주)연암기술,강홍제,경남,창원의창 2014-10-04,1635,648,680,260,46,647,2
기계설비,기계설비·가스공사업,4570,(주)연우건설,박영진,전남광주,영암2025-파-02,1081,0,828,252,0,0,2
기계설비,기계설비·가스공사업,4571,연우산업(주),서병규,전남광주,담양2013-10-01,1392,644,436,265,46,837,2
기계설비,기계설비·가스공사업,4572,(주)연일이엔지,정연호,충북,충북청주16-23-1,1677,318,698,647,13,682,5
기계설비,기계설비·가스공사업,4573,연합개발(주),이규식,경기,경기-95-12-34,38274,14310,20250,2278,1435,24667,11
기계설비,기계설비·가스공사업,4574,(합)연합에너지,정문호,강원,춘천02-27-05,519,0,215,303,0,0,3
기계설비,기계설비·가스공사업,4575,(주)연호엔지니어링,정연자,전남광주,광주남2024-파-01,925,243,366,315,0,466,2
기계설비,기계설비·가스공사업,4576,(주)연홍개발,김지환,인천,대구 달성군2009-10-1,2764,355,2131,252,25,237,2
기계설비,기계설비·가스공사업,4577,(유)연화건설,강남주,전북,전북전주2019-10-1,1084,190,487,397,8,0,3
기계설비,기계설비·가스공사업,4578,열린,양인숙,경기,이천24-파-01,2987,277,1662,1048,0,602,8
기계설비,기계설비·가스공사업,4579,(합)염광엔지니어링,박용철,강원,강원-94-12-11,2277,294,1555,397,29,336,3
기계설비,기계설비·가스공사업,4580,영강이엔지(주),최영철,울산,울산울주2022-파-80,1183,340,589,252,0,350,2
기계설비,기계설비·가스공사업,4581,(주)영건,장영흥,제주,제주-96-12-3,1707,273,1116,290,27,353,2
기계설비,기계설비·가스공사업,4582,(주)영광,김봉옥,전남광주,여수2014-10-05,5074,1913,2203,820,136,3081,6
기계설비,기계설비·가스공사업,4583,(주)영광건설,송현숙,충북,충남보령-2005-12-14,1947,250,1412,259,25,340,2
기계설비,기계설비·가스공사업,4584,영광기업(주),장순경,충북,충북-96-12-1,7289,2272,3495,1293,228,4235,10
기계설비,기계설비·가스공사업,4585,(주)영광엔지니어링,강정화,경남,함양 2009-10-1,630,71,238,315,5,0,2
기계설비,기계설비·가스공사업,4586,영광플랜트(주),황용하,충남,충남보령-2017-10-02,11504,6667,2808,1743,285,18237,9
기계설비,기계설비·가스공사업,4587,영난이엔지(주),"유인찬, 유명열",서울,영등포11-10-02,26381,14902,7104,3293,1081,22206,18
기계설비,기계설비·가스공사업,4588,영남스퀘어(주),장재모,서울,강남-14-10-02,1820,45,900,871,3,0,5
기계설비,기계설비·가스공사업,4589,(주)영남이엔지,홍종표,경남,김해 2015-10-05,3032,595,1996,397,42,532,3
기계설비,기계설비·가스공사업,4590,(주)영도건설,김원중,전남광주,광주서2010-10-05,949,341,331,252,24,0,2
기계설비,기계설비·가스공사업,4591,(유)영도건설,한덕희,전북,전북남원05-12-1,836,416,105,272,41,338,2
기계설비,기계설비·가스공사업,4592,영동건업(주),김석환,경기,성남-2000-12-1,7417,1601,4948,706,161,3672,4
기계설비,기계설비·가스공사업,4593,영동기계설비(주),이병준,강원,동해2024-파-01호,700,147,174,378,0,204,3
기계설비,기계설비·가스공사업,4594,(주)영동설비,장지성,대구,대구달서-2000-12-1,1179,460,267,405,46,509,3
기계설비,기계설비·가스공사업,4595,(주)영동에너지,최순교,경북,경북포항2000-27-1-10,2008,315,1118,543,31,721,4
기계설비,기계설비·가스공사업,4596,(주)영동이앤씨,박정일,전남광주,여수2004-12-04,4833,77,900,3847,7,0,27
기계설비,기계설비·가스공사업,4597,영동이엔지(주),"김호영, 강순애",강원,동해2020-10-02호,653,144,376,126,6,247,1
기계설비,기계설비·가스공사업,4598,(주)영동종합건설,이윤희,강원,강원화천2022-파-01호,1424,189,966,268,0,147,2
기계설비,기계설비·가스공사업,4599,(주)영동환경이앤텍,노원철,강원,원주2010-10-03,2378,540,1275,524,38,440,4
기계설비,기계설비·가스공사업,4600,영등포엔지니어링(주),김동언,서울,영등포09-10-04,8149,6553,875,252,468,7939,2
기계설비,기계설비·가스공사업,4601,(주)영림기업,이형구,부산,전북남원2009-10-04,1603,386,918,271,27,353,2
기계설비,기계설비·가스공사업,4602,(주)영림이엔지,정명자,강원,원주2024-파-06호,1241,88,900,252,0,168,2
기계설비,기계설비·가스공사업,4603,영문기계설비(주),신영식,서울,동대문-06-12-4,1687,731,588,315,52,1981,2
기계설비,기계설비·가스공사업,4604,(주)영민플랜트,김태훈,충남,광양2010-10-02,2610,275,1652,663,19,622,5
기계설비,기계설비·가스공사업,4605,영보공영(주),홍석우,경기,동대문-05-27-1-2,4003,1471,1753,631,147,1164,5
기계설비,기계설비·가스공사업,4606,(주)영산기공,최봉준,전남광주,여수2009-10-08,6260,1215,4153,805,87,1259,6
기계설비,기계설비·가스공사업,4607,(주)영선기계,"김선운, 유인근",충남,충남당진-2020-10-01,3096,1722,1047,252,73,5144,2
기계설비,기계설비·가스공사업,4608,(주)영선엔지니어링,김상준,경기,수원-2001-12-4,10159,2860,6619,394,286,1453,3
기계설비,기계설비·가스공사업,4609,영성기공(주),장규용,충남,충남천안-99-12-5,3227,1106,1695,315,110,308,2
기계설비,기계설비·가스공사업,4610,영성기업,김영곤,울산,울산남구2001-12-14,1152,0,900,252,0,0,2
기계설비,기계설비·가스공사업,4611,영성냉동공조(주),최재민,경기,중랑-20-10-01,5255,4530,0,530,194,1081,4
기계설비,기계설비·가스공사업,4612,영성산업개발(주),"송영복, 송하종",경기,89-서울-12-58,20050,7387,9816,2107,738,9551,10
기계설비,기계설비·가스공사업,4613,(주)영성이엔지,김호철,경기,남양주18-10-38,1278,0,900,378,0,0,3
기계설비,기계설비·가스공사업,4614,(주)영성이엔지,장재영,전남광주,광양2012-10-01,565,212,85,252,15,108,2
기계설비,기계설비·가스공사업,4615,(주)영신,고현경,경기,수원12-10-1,4412,3507,255,397,251,6565,3
기계설비,기계설비·가스공사업,4616,(주)영신산업,최상용,경북,충남천안-12-10-02,2907,492,1758,620,35,451,4
기계설비,기계설비·가스공사업,4617,(주)영신설비,박종벽,부산,부산진2012-10-03,1117,670,146,252,47,1013,2
기계설비,기계설비·가스공사업,4618,(주)영신엔지니어링,강미숙,경남,창원 2003-27-1-02,8360,2314,5056,757,231,3151,6
기계설비,기계설비·가스공사업,4619,(주)영웅이엔씨,이남철,전남광주,여수2019-10-14,2584,920,1333,290,39,1176,2
기계설비,기계설비·가스공사업,4620,영원기업(주),이진호,경북,경북98-12-15,2124,333,1343,413,33,540,3
기계설비,기계설비·가스공사업,4621,(주)영월산기,임상혁,강원,강원-99-12-1,0,0,0,0,0,0,1
기계설비,기계설비·가스공사업,4622,(주)영이엔씨,이유정,경기,고양-25-파-06,1285,241,539,505,0,344,4
기계설비,기계설비·가스공사업,4623,(주)영인,김경환,경기,안양-2002-12-3,2502,1841,161,315,184,3019,2
기계설비,기계설비·가스공사업,4624,영인산업(주),신태용,경북,경북경산2017-10-2,3107,1072,1657,331,45,2268,2
기계설비,기계설비·가스공사업,4625,(주)영인이앤지,권영대,경기,고양2008-23-0002,7997,4754,2392,511,339,6290,4
기계설비,기계설비·가스공사업,4626,(주)영일,김은선,경기,광명 79-12-18,3333,1414,898,879,141,1126,6
기계설비,기계설비·가스공사업,4627,(주)영일산업,정미애,경기,남양주-25-파-08호,744,2,489,252,0,3,2
기계설비,기계설비·가스공사업,4628,(주)영일소방,안병욱,울산,울산북구2022-파-01,1509,47,900,562,0,167,4
기계설비,기계설비·가스공사업,4629,(주)영일엔지니어링,김재호,울산,울산울주2017-10-42,5625,4299,889,252,184,6337,2
기계설비,기계설비·가스공사업,4630,영재건설(주),조송희,충남,동래2001-12-8,1596,67,900,622,6,0,2
기계설비,기계설비·가스공사업,4631,영재시스템,조현국,경북,경북영천2023-파-02,798,307,236,253,0,543,2
기계설비,기계설비·가스공사업,4632,영전엔지니어링(주),신창순,경기,성남-25-파(기계)-54,2729,0,900,1829,0,0,2
기계설비,기계설비·가스공사업,4633,영진(주),이청훈,울산,울산남구2013-10-06,29224,5446,21079,2308,389,9551,11
기계설비,기계설비·가스공사업,4634,(주)영진,김현주,전북,전북남원2021-10-01,3428,554,2194,679,0,1253,5
기계설비,기계설비·가스공사업,4635,영진개발(주),류종길,대구,대구12-82,2531,1145,843,428,114,562,3
기계설비,기계설비·가스공사업,4636,영진건설(주),최무영,전남광주,광주광산2009-10-02,3081,316,1900,841,22,655,6
기계설비,기계설비·가스공사업,4637,(주)영진건설,송혜빈,강원,철원2009-10-01,1771,430,1052,257,30,209,2
기계설비,기계설비·가스공사업,4638,(주)영진건업,문필재,대구,대구달서구2003-12-2,5290,972,2819,1401,97,1029,9
기계설비,기계설비·가스공사업,4639,(주)영진기건,정순주,경북,부산금정2018-10-03,559,294,0,252,12,292,2
기계설비,기계설비·가스공사업,4640,(주)영진기계기술,황성일,울산,울산울주2019-10-04,4443,1254,2844,290,53,1392,2
기계설비,기계설비·가스공사업,4641,(주)영진기공,현정규,대구,대구12-158,2988,1033,1435,415,103,1374,3
기계설비,기계설비·가스공사업,4642,영진기공(주),김선희,전남광주,광주광산-26-파-03,374,0,122,252,0,0,2
기계설비,기계설비·가스공사업,4643,영진산업(주),이종길,강원,삼척2020-10-02호,1208,530,345,309,22,694,2
기계설비,기계설비·가스공사업,4644,영진설비(주),박시석,전남광주,광양23-파-11,1174,356,440,378,0,932,3
기계설비,기계설비·가스공사업,4645,(주)영진소방,윤복순,경북,경산-22-파-3,1885,834,775,274,0,1155,2
기계설비,기계설비·가스공사업,4646,(주)영진에너지,조진영,전남광주,전남영광2016-23-01,251,96,49,101,4,274,3
기계설비,기계설비·가스공사업,4647,(합)영진이엔지,조윤희,강원,원주2020-10-07호,2108,780,915,378,33,1129,3
기계설비,기계설비·가스공사업,4648,(주)영진이엠티,강창희,경북,경북97-12-9,18,11,0,5,1,0,3
기계설비,기계설비·가스공사업,4649,영진정밀기공(주),김일현,울산,울산울주2023-파-12,2180,807,1120,252,0,2089,2
기계설비,기계설비·가스공사업,4650,영진종합설비(주),최규운,경북,경북92-12-30,3512,697,2474,271,69,1012,2
기계설비,기계설비·가스공사업,4651,(주)영진플랜트,최준혁,경남,진해2002-27-1-4,1714,854,396,378,85,1239,3
기계설비,기계설비·가스공사업,4652,(주)영진플렉스,임태경,경기,파주25-파-05호,1152,0,900,252,0,0,2
기계설비,기계설비·가스공사업,4653,(주)영창엔바이로,"전영실, 김창규",경기,고양-25-파-02,905,412,114,378,0,589,3
기계설비,기계설비·가스공사업,4654,(주)영토개발,송원배,전북,전북군산-26-파-06호,906,0,900,6,0,0,0
기계설비,기계설비·가스공사업,4655,영풍설비시스템(주),김용구,서울,강남-11-10-03,2148,1003,599,473,71,1066,3
기계설비,기계설비·가스공사업,4656,영화기업(주),지병남,전남광주,여수98-12-50,16427,6654,7970,1136,665,7858,9
기계설비,기계설비·가스공사업,4657,(주)영화엔지니어링,성성철,서울,94-서울-12-106,2379,0,900,1479,0,0,4
기계설비,기계설비·가스공사업,4658,영화엔지니어링,이필신,경기,고양-2001-12-5,2450,732,986,658,73,1220,5
기계설비,기계설비·가스공사업,4659,(주)영화이엔지,최윤철,대구,대구달서구13-23-1,2878,666,1493,670,47,1112,5
기계설비,기계설비·가스공사업,4660,영흥종합설비(주),정중환,경기,시흥-99-27-1-2,1095,410,264,378,41,759,3
기계설비,기계설비·가스공사업,4661,(주)예광이엔지,김승태,충북,충북청주16-10-17,3798,1474,1720,539,63,2463,4
기계설비,기계설비·가스공사업,4662,(주)예동산업,김창동,경북,충남서산-2021-10-56,2194,276,1658,259,0,339,2
기계설비,기계설비·가스공사업,4663,예림이엔지(주),권혁성,충남,충남서산-2004-12-18,5214,2459,2149,429,175,4966,3
기계설비,기계설비·가스공사업,4664,(주)예맥,진동철,제주,제주2000-12-2,1988,448,889,606,44,341,4
기계설비,기계설비·가스공사업,4665,예명공조,임광수,대전,대전대덕26-13-04호,397,0,144,252,0,0,2
기계설비,기계설비·가스공사업,4666,(주)예산에너지,조철호,충남,충남예산-99-27-1-2,35,19,4,9,1,24,3
기계설비,기계설비·가스공사업,4667,(유)예샘건설,조강철,전북,전북군산2004-12-1,1248,241,604,378,24,325,3
기계설비,기계설비·가스공사업,4668,(주)예성건설,유춘태,충남,충남논산-2019-10-01,3637,521,2289,758,67,682,6
기계설비,기계설비·가스공사업,4669,예성기업,김은경,경기,의정부2024-파-1,1975,124,900,950,0,297,7
기계설비,기계설비·가스공사업,4670,예성엔지니어링(주),송해은,대전,대전서구-20-10-6,778,282,228,254,12,767,2
기계설비,기계설비·가스공사업,4671,(주)예성이앤씨,김대섭,전북,전북군산2005-12-8,1762,1372,0,252,137,0,2
기계설비,기계설비·가스공사업,4672,(주)예성이엔지,김훈,서울,서초-07-12-5,11154,7417,2124,1082,529,10743,7
기계설비,기계설비·가스공사업,4673,(주)예성이엔지,이시호,강원,삼척2023-파-02호,2715,1145,938,631,0,2425,5
기계설비,기계설비·가스공사업,4674,예성이엠씨(주),임성식,경기,은평02-12-2,2974,785,1731,378,78,1003,3
기계설비,기계설비·가스공사업,4675,(주)예성이엠씨,정범묵,인천,인천서구2024-파-07,2813,845,1336,631,0,1404,5
기계설비,기계설비·가스공사업,4676,(주)예성플랜트,이영근,대전,대전대덕-17-23-01,1120,453,268,378,19,546,3
기계설비,기계설비·가스공사업,4677,예스에너지(주),김철진,서울,동대문-17-23-01,103,13,40,49,0,48,3
기계설비,기계설비·가스공사업,4678,예스홈건설(주),전오원,서울,광진-10-23-01,321,231,-47,119,16,338,4
기계설비,기계설비·가스공사업,4679,(주)예승,이영우,경북,경북포항99-12-24,2883,633,1777,409,63,956,3
기계설비,기계설비·가스공사업,4680,예원에스(주),송범진,경기,시흥-24-파-6,3495,3242,0,252,0,5516,2
기계설비,기계설비·가스공사업,4681,(주)예일엔지니어링,서동우,경기,서울-92-12-194,32959,15887,12214,3255,1602,22081,21
기계설비,기계설비·가스공사업,4682,예일크린테크(주),박환수,경기,파주22-파-04,2185,780,1278,126,0,1660,1
기계설비,기계설비·가스공사업,4683,(주)예주엔지니어링,최기수,충북,충북청주제03-12-04,1143,278,40,796,27,154,6
기계설비,기계설비·가스공사업,4684,(주)예진설비기술공영,임동천,대구,거제 2002-12-1,1178,673,166,271,67,1101,2
기계설비,기계설비·가스공사업,4685,예진이엔지(주),강병하,경기,부천-19-10-004,1108,820,0,252,35,604,2
기계설비,기계설비·가스공사업,4686,(주)예플랜트,김경훈,전남광주,여수-25-파-02,552,176,123,252,0,252,2
기계설비,기계설비·가스공사업,4687,옛골기계설비(주),김남석,강원,강원고성2022-파-01호,1086,221,485,378,0,212,3
기계설비,기계설비·가스공사업,4688,(주)오너스,한민수,충남,충남천안-2020-10-01,965,0,712,252,0,0,2
기계설비,기계설비·가스공사업,4689,(주)오라,양인종,제주,제주 제주2007-12-03,7024,2732,3411,684,195,1850,4
기계설비,기계설비·가스공사업,4690,(주)오렌지이앤씨,강병길,경기,성남-24-파(기계)-8,1889,0,900,989,0,0,2
기계설비,기계설비·가스공사업,4691,(주)오륜공조,문운식,서울,강동-06-12-1,18403,6110,10892,962,438,8891,7
기계설비,기계설비·가스공사업,4692,(주)오르비스,소수일,경기,성남14-10-10,2313,453,1260,567,32,671,4
기계설비,기계설비·가스공사업,4693,오름건설(주),서혁,경기,하남2024-파-03,2271,309,1203,757,0,605,6
기계설비,기계설비·가스공사업,4694,(주)오름종합건설,연봉흠,충북,충북청주 25-파-25,1321,0,900,421,0,0,2
기계설비,기계설비·가스공사업,4695,(주)오리엔트바이오,장재진,경기,금천-03-12-4,0,0,0,0,0,0,2
기계설비,기계설비·가스공사업,4696,(주)오리온에이,조성군,경기,안양-16-10-02,5663,2242,2917,407,96,2355,2
기계설비,기계설비·가스공사업,4697,(주)오비스,김석관,경기,시흥12-10-16,511,229,81,184,16,193,3
기계설비,기계설비·가스공사업,4698,(주)오섬이엔지,"오정환, 정효숙",대전,대전대덕-19-10-01,3099,1386,1128,524,60,1910,4
기계설비,기계설비·가스공사업,4699,오성건설(주),오위식,경남,진주26-파-01,1147,0,431,715,0,0,5
기계설비,기계설비·가스공사업,4700,(주)오성기계설비,김성환,경기,동두천2009-10-1,1744,870,558,252,62,701,2
기계설비,기계설비·가스공사업,4701,(주)오성냉동,강태남,제주,제주2000-12-1,2667,416,1793,416,41,521,3
기계설비,기계설비·가스공사업,4702,오성방재공영(주),이충희,서울,성북-13-10-02,587,9,324,252,0,35,2
기계설비,기계설비·가스공사업,4703,오성산업(주),정해근,경북,경남-94-12-51,1812,655,693,397,65,806,3
기계설비,기계설비·가스공사업,4704,(주)오성씨앤이,김진종,서울,금천-22-파-04,1192,117,569,505,0,420,4
기계설비,기계설비·가스공사업,4705,(주)오성에어텍,이준호,전남광주,광주북2014-10-03,507,168,55,271,12,130,2
기계설비,기계설비·가스공사업,4706,(주)오성엔지니어링,권태정,서울,강원12-31,28731,15413,9985,1786,1545,18289,8
기계설비,기계설비·가스공사업,4707,오성전설산업(주),이상봉,인천,인천남동11-10-04,2882,648,1682,505,46,352,4
기계설비,기계설비·가스공사업,4708,오성피앤이(주),오태환,울산,울산남구2018-10-03,4124,1945,1716,378,83,2465,3
기계설비,기계설비·가스공사업,4709,(주)오션엔지니어링,한재익,충북,청원07-12-02,41629,18741,19618,1914,1354,32886,12
기계설비,기계설비·가스공사업,4710,(주)오션이엔지,박정희,경기,여주2013-10-1,2385,979,957,378,69,1125,3
기계설비,기계설비·가스공사업,4711,오션플랜트(주),강경수,경북,이천-2006-12-1,553,210,75,252,15,94,2
기계설비,기계설비·가스공사업,4712,오스타건설(주),김창준,강원,원주2019-10-05호,2200,730,468,970,31,707,7
기계설비,기계설비·가스공사업,4713,(주)오신기업,김성수,부산,부산기장2008-10-01,1298,135,900,252,9,130,2
기계설비,기계설비·가스공사업,4714,(주)오아시스산업,이정섭,인천,인천서구2006-12-01,5050,1252,3289,420,89,1443,3
기계설비,기계설비·가스공사업,4715,(주)오앤엠코리아,이상규,대전,대전유성-2017-10-9,1444,0,253,1191,0,0,13
기계설비,기계설비·가스공사업,4716,오양건설산업(주),윤선해,대전,대전중구-01-12-01,2495,296,1779,389,29,664,3
기계설비,기계설비·가스공사업,4717,(주)오에스산업개발,김상권,부산,부산기장2006-12-01,6449,1461,3615,1268,104,1857,9
기계설비,기계설비·가스공사업,4718,(주)오에스아이,주용성,전남광주,전남영광2004-12-01,12567,4809,5312,1552,893,7360,11
기계설비,기계설비·가스공사업,4719,(주)오에스이,이승하,경기,성남15-10-6,1702,226,1189,271,16,587,2
기계설비,기계설비·가스공사업,4720,(주)오에프건설,조항성,서울,강서-02-27-1-2,729,78,265,378,7,110,3
기계설비,기계설비·가스공사업,4721,(유)오연테크,오연택,전북,전북군산2021-10-01,1193,454,482,257,0,1014,2
기계설비,기계설비·가스공사업,4722,오월소방설비(주),이원석,경기,용인2021-10-11,274,151,28,94,0,220,4
기계설비,기계설비·가스공사업,4723,(주)오월이앤씨,이상훈,경기,강남-07-12-12,1935,1548,0,276,110,2368,2
기계설비,기계설비·가스공사업,4724,오케이엔지니어링(주),오두익,서울,강남-00-27-1-5,22103,9963,9658,1482,999,15522,9
기계설비,기계설비·가스공사업,4725,(주)오케이엔지니어링,황현갑,강원,영월23-01-01,1754,345,623,760,24,518,6
기계설비,기계설비·가스공사업,4726,(주)오케이이엔지,홍수현,전남광주,안양-2006-12-3,2124,786,523,757,56,1598,6
기계설비,기계설비·가스공사업,4727,(주)오케이텍,김동구,울산,울산울주2014-10-44,2882,955,1335,524,68,1679,4
기계설비,기계설비·가스공사업,4728,오텍캐리어(주),"강성희, 정필경, 강신욱",전남광주,인천12-05,2104,1215,159,607,122,1074,6
기계설비,기계설비·가스공사업,4729,(주)오토링크,이병호,인천,인천서구2024-파-11,867,73,541,252,0,139,2
기계설비,기계설비·가스공사업,4730,(주)오투환경기술,"김도형, 이영훈",경기,의왕2021-10-01,5228,3965,882,380,0,7267,3
기계설비,기계설비·가스공사업,4731,(주)오티티,문정수,인천,인천서구2016-10-03,7001,820,4757,1389,35,1330,11
기계설비,기계설비·가스공사업,4732,오페(주),함영철,경남,함안 2015-10-02,651,29,367,252,2,0,2
기계설비,기계설비·가스공사업,4733,오픈스택(주),남재권,경기,성남-25-파(기계)-3호,698,34,207,456,0,48,4
기계설비,기계설비·가스공사업,4734,(주)오현테크노,정한성,경남,창원 2006-12-03,8513,2664,5365,293,190,2971,2
기계설비,기계설비·가스공사업,4735,(주)옥산이엔지,김도현,전남광주,신안2015-10-01,2902,369,2216,290,26,1200,2
기계설비,기계설비·가스공사업,4736,(주)옥수기건,김정덕,부산,부산-92-12-14,3070,2554,600,754,-840,2145,5
기계설비,기계설비·가스공사업,4737,(주)옥정,임종봉,전남광주,광주북-25-파-04,572,72,247,252,0,103,2
기계설비,기계설비·가스공사업,4738,(주)옥천이엔지,김명미,충북,충북옥천15-10-1,790,350,51,363,25,948,3
기계설비,기계설비·가스공사업,4739,(주)온나라건설,김철영,경남,하동2024-파-01,155,19,38,96,0,40,2
기계설비,기계설비·가스공사업,4740,(주)온누리이엔지,이기우,경기,오산2008-23-1,2192,851,520,758,61,871,6
기계설비,기계설비·가스공사업,4741,(주)온누리태양에너지,김용락,경기,파주2010-10-03,1347,47,900,396,3,49,3
기계설비,기계설비·가스공사업,4742,(주)온빛,정봉호,전남광주,광주광산2009-10-01,11258,2267,8428,400,161,3820,3
기계설비,기계설비·가스공사업,4743,(주)온오프시스템,김정민,충남,충남아산2025-13-14호,1278,0,900,378,0,0,3
기계설비,기계설비·가스공사업,4744,(주)올리브건설,김태영,세종,충남보령-2023-13-01,1229,189,512,528,0,646,4
기계설비,기계설비·가스공사업,4745,(주)올리젠,황윤대,경기,부천-24-파-02,146,94,4,47,0,107,2
기계설비,기계설비·가스공사업,4746,(주)올바른시스템,양준성,경남,김해-22-파-13,1055,325,477,252,0,208,2
기계설비,기계설비·가스공사업,4747,(주)옴니테크,임미정,인천,인천강화2021-10-01,2974,369,2216,388,0,878,3
기계설비,기계설비·가스공사업,4748,옵티멀에너지서비스(주),이계성,서울,성남-2003-12-6,45158,4066,24401,16283,406,6220,124
기계설비,기계설비·가스공사업,4749,(주)와이디산업,윤영동,전남광주,광주광산-22-파-05,161,28,30,101,0,0,2
기계설비,기계설비·가스공사업,4750,와이비엔지니어링(주),김건웅,부산,부산강서2014-10-06,328,156,34,126,11,477,3
기계설비,기계설비·가스공사업,4751,(주)와이스테크,"이일환, 윤웅섭",경기,화성10-10-1,7388,4319,2041,719,308,3950,4
기계설비,기계설비·가스공사업,4752,(주)와이씨에스,이대해,경남,함안2025-파-04,343,0,90,252,0,0,2
기계설비,기계설비·가스공사업,4753,(주)와이에스이노텍,김용수,경남,창원마합 2012-10-04,764,311,178,252,22,341,2
기계설비,기계설비·가스공사업,4754,(주)와이에스이엔지,유재훈,서울,강북-25-파-01호,491,33,206,252,0,47,2
기계설비,기계설비·가스공사업,4755,(주)와이에스이엔지,김종용,충남,충남예산-22-파-01,1010,447,291,271,0,1050,2
기계설비,기계설비·가스공사업,4756,(주)와이에이치이앤지,박성철,전남광주,장성-24-파-02,756,185,173,397,0,439,3
기계설비,기계설비·가스공사업,4757,(주)와이에이치이엔지,최영실,충남,충남천안-11-10-05,2681,788,1584,252,56,1812,2
기계설비,기계설비·가스공사업,4758,(주)와이에이치테크,김정률,경북,경북포항2023-파-22,168,24,25,119,0,81,2
기계설비,기계설비·가스공사업,4759,와이엠아이(주),심욱보,경남,김해-26-파-03,931,0,300,631,0,0,5
기계설비,기계설비·가스공사업,4760,와이엠엔지니어링(주),심유미,경기,성남-22-파(기계)-6,3065,1350,1462,252,0,554,2
기계설비,기계설비·가스공사업,4761,(주)와이엠테크,이수형,경기,안성2014-10-1,2899,1748,774,252,124,2555,2
기계설비,기계설비·가스공사업,4762,와이이에스이엔지(주),이생용,서울,성남-2004-12-2,2620,1088,918,505,109,959,4
기계설비,기계설비·가스공사업,4763,(주)와이제이엔텍,허정은,경기,파주20-10-2,1224,183,780,252,7,147,2
기계설비,기계설비·가스공사업,4764,(주)와이제이이엔지,허상문,인천,정선2004-12-02,5893,4186,735,314,657,1235,2
기계설비,기계설비·가스공사업,4765,(주)와이지건설,안우성,강원,제주2003-12-02,1204,109,831,252,11,61,2
기계설비,기계설비·가스공사업,4766,(주)와이지엔지니어링,양경석,경기,화성24-파-01,870,359,128,381,0,986,6
기계설비,기계설비·가스공사업,4767,(주)와이케이시스템,임용남,경기,경북포항2018-10-04,290,0,0,290,0,0,2
기계설비,기계설비·가스공사업,4768,(주)와이테크,오유리,충북,충북청주18-10-5,1263,635,213,386,27,950,3
기계설비,기계설비·가스공사업,4769,(주)와이투아이,양태현,충남,충남 계룡 2024-파-04호,1674,472,442,759,0,514,6
기계설비,기계설비·가스공사업,4770,와이피피(주),백종만,서울,금천-17-10-05,0,0,0,0,0,0,5
기계설비,기계설비·가스공사업,4771,(주)와텍,이규환,대전,성남-2006-12-5,2362,219,653,1473,15,62,19
기계설비,기계설비·가스공사업,4772,(주)왕도지엔비,안병은,인천,서울92-12-197,1638,801,0,757,80,489,6
기계설비,기계설비·가스공사업,4773,왕산케이지건설(주),곽정수,서울,마포-06-27-1-28,546,371,-38,185,26,503,3
기계설비,기계설비·가스공사업,4774,왕성플랜트(주),진유숙,전북,영등포-01-12-8,6603,1569,4605,271,156,2071,2
기계설비,기계설비·가스공사업,4775,(주)용마루이엔지,이행규,경남,마산 2006-12-01,2913,1024,1219,597,73,1236,4
기계설비,기계설비·가스공사업,4776,용명건업(주),김광식,경기,경기-94-12-6,6238,1238,4425,450,123,2910,3
기계설비,기계설비·가스공사업,4777,용문건설(주),이규홍,전남광주,인천계양2014-23-01,1423,253,647,505,18,586,4
기계설비,기계설비·가스공사업,4778,용산건설(주),"이상정, 박현미",전남광주,전남보성2018-10-01,2389,283,1698,395,12,363,3
기계설비,기계설비·가스공사업,4779,(주)용산기업,임진우,전남광주,여수2016-10-20,5940,5091,0,631,218,3484,4
기계설비,기계설비·가스공사업,4780,(주)용산에프비이엔지,윤도경,서울,용산2014-10-01,2781,714,1694,321,51,1048,2
기계설비,기계설비·가스공사업,4781,(주)용성시스템,김성규,경기,평택25-파-003,3405,2500,652,252,0,3572,2
기계설비,기계설비·가스공사업,4782,(주)용성이엔지,"천대권, 김형준",전남광주,광주북2002-12-06,45810,28092,11274,3594,2849,45390,16
기계설비,기계설비·가스공사업,4783,용성이엔지(주),"천대권, 김형준",대전,대전유성-2017-10-6,9989,6400,2767,547,274,9262,4
기계설비,기계설비·가스공사업,4784,(주)용성종합설비,김은석,경기,서대문1-27-1-1,2946,1311,1124,378,131,1462,3
기계설비,기계설비·가스공사업,4785,(주)용성테크,송태종,경남,창원마회 2013-10-02,2228,945,608,607,67,1322,4
기계설비,기계설비·가스공사업,4786,용신건설(주),박외도,경남,경남-92-12-22,14292,3247,7386,3333,324,5283,25
기계설비,기계설비·가스공사업,4787,(주)용운산업,송문수,경남,창원 2001-12-03,3923,2049,1266,402,204,3852,3
기계설비,기계설비·가스공사업,4788,용운중공업(주),김명래,인천,인천-97-12-11,6389,3145,2279,650,314,2836,5
기계설비,기계설비·가스공사업,4789,(주)용원테크,최기열,경기,의정부2013-10-1,9150,6122,1663,925,439,5538,5
기계설비,기계설비·가스공사업,4790,(주)용원토탈솔루션,"최정호, 정재욱",부산,부산수영2008-10-01,56642,30636,21605,2211,2188,22359,15
기계설비,기계설비·가스공사업,4791,(주)용진기전,이여현,서울,종로16-10-03,1399,356,648,378,15,528,3
기계설비,기계설비·가스공사업,4792,용진엔지니어링(주),양창식,강원,강원99-12-6,1547,525,587,381,52,206,3
기계설비,기계설비·가스공사업,4793,(주)용천,정지덕,대구,대구-97-12-202,1673,634,533,441,63,720,3
기계설비,기계설비·가스공사업,4794,(주)용천,김유천,강원,춘천2016-10-01,1878,311,437,1116,13,374,7
기계설비,기계설비·가스공사업,4795,(주)용천,양성철,제주,제주제주2024-13-02,1566,228,1085,252,0,318,2
기계설비,기계설비·가스공사업,4796,(주)용호기계기술,정성호,전남광주,여수2005-12-07,32770,25591,3401,1219,2559,23458,6
기계설비,기계설비·가스공사업,4797,(유)용호산업,조규정,전남광주,목포2001-12-07,2571,1253,760,431,125,884,3
기계설비,기계설비·가스공사업,4798,용호산업개발(주),김창호,경북,경북상주2012-12-01,5238,769,3312,1101,55,729,8
기계설비,기계설비·가스공사업,4799,용흥기업(주),김성진,전남광주,광주북2005-12-4,797,177,349,252,17,71,2
기계설비,기계설비·가스공사업,4800,(주)우강엔텍,정지호,경기,김포-16-10-03,1467,179,522,757,7,639,6
기계설비,기계설비·가스공사업,4801,우강이엔지(주),김기환,부산,화성10-10-2,1521,235,998,271,16,705,2
기계설비,기계설비·가스공사업,4802,(주)우건이엔지,최우호,부산,부산동래2005-12-02,3100,885,1868,257,88,1964,2
기계설비,기계설비·가스공사업,4803,(주)우경,민말숙,부산,부산북구2015-10-3,2479,537,1201,701,38,936,5
기계설비,기계설비·가스공사업,4804,(주)우경건설,신현악,경기,시흥-22-파-27,1241,88,900,252,0,14,2
기계설비,기계설비·가스공사업,4805,(유)우경에너텍,이다스리,전북,전북김제2015-10-01,13867,2467,9942,1281,176,3865,10
기계설비,기계설비·가스공사업,4806,(주)우경인더스,윤우희,울산,울산북구2025-파-03,1133,187,693,252,0,268,2
기계설비,기계설비·가스공사업,4807,우경테크(주),김일곤,경남,경남-92-12-61,4140,1140,1988,897,114,1881,6
기계설비,기계설비·가스공사업,4808,(주)우경플랜트,최현묵,경남,창원성산2016-10-04,20334,12763,5502,1522,547,19208,10
기계설비,기계설비·가스공사업,4809,우광산업(주),차명길,충남,충남천안2025-파-14호,1152,0,900,252,0,0,2
기계설비,기계설비·가스공사업,4810,(주)우남건설,나우철,경기,김포-21-23-01,1409,346,684,378,0,426,3
기계설비,기계설비·가스공사업,4811,우남엔지니어링(주),김의재,강원,강원 2001-12-14,1152,197,556,378,19,261,3
기계설비,기계설비·가스공사업,4812,(주)우노건설,"최성열, 최재원",서울,강남-01-12-34,49774,27642,14394,4965,2772,45214,15
기계설비,기계설비·가스공사업,4813,(주)우덕,이승훈,부산,부산동래2016-10-1,2587,785,1493,252,56,1147,2
기계설비,기계설비·가스공사업,4814,(주)우람기공,김태숙,울산,울산남구2008-10-06,11376,5859,4016,1081,418,8290,3
기계설비,기계설비·가스공사업,4815,(주)우리,이종진,경북,상주2006-12-1,1172,293,605,252,20,623,2
기계설비,기계설비·가스공사업,4816,우리공영(주),조미화,충남,충남보령-2014-10-05,1106,368,456,255,26,1061,2
기계설비,기계설비·가스공사업,4817,(주)우리공영설비,심혁세,서울,성북-06-12-1,8040,2192,5148,543,156,2886,4
기계설비,기계설비·가스공사업,4818,(주)우리기업,한은성,제주,제주2002-12-6,2046,579,903,505,57,195,4
기계설비,기계설비·가스공사업,4819,(주)우리기연,"한상규, 한혁희",서울,92-서울-12-254,2245,1086,229,820,108,753,6
기계설비,기계설비·가스공사업,4820,(주)우리냉열시스템,김위전,전남광주,광양2009-10-05,1829,604,928,252,43,1219,2
기계설비,기계설비·가스공사업,4821,(주)우리비앤피,심재홍,부산,부산연제2016-10-01,4252,3072,707,252,219,4922,2
기계설비,기계설비·가스공사업,4822,우리산업(주),정재희,경남,진주23-파-001,2668,284,1708,674,0,220,5
기계설비,기계설비·가스공사업,4823,(주)우리아이앤지,이헌배,전남광주,광주광산2018-10-01,1483,439,765,258,18,856,2
기계설비,기계설비·가스공사업,4824,(주)우리아이텍,고경호,전남광주,전남장성2016-10-02,1129,525,309,271,22,366,2
기계설비,기계설비·가스공사업,4825,(주)우리아이티,천재호,인천,인천서구2019-10-01,3381,426,2557,378,18,1117,3
기계설비,기계설비·가스공사업,4826,우리에너지,박경남,경기,가평2010-23-2,752,65,308,372,4,91,3
기계설비,기계설비·가스공사업,4827,(주)우리에어텍코리아,한혁희,충남,충남아산-2006-12-02,0,0,0,0,0,0,3
기계설비,기계설비·가스공사업,4828,(주)우리엔지니어링,현경환,강원,강원99-12-14,1885,346,1241,263,34,587,2
기계설비,기계설비·가스공사업,4829,우리이앤아이(주),김구,충남,충남아산-2019-10-09,1277,119,900,252,5,158,2
기계설비,기계설비·가스공사업,4830,(주)우리이엔씨,전병호,부산,부산연제2021-10-03,2054,812,989,252,0,1139,2
기계설비,기계설비·가스공사업,4831,(주)우리이엔씨,한영일,경기,부천-08-12-1,11492,3893,5638,1682,278,4145,9
기계설비,기계설비·가스공사업,4832,(주)우리이엔지,이춘형,충북,충주2017-10-2,2797,989,1343,420,42,1103,3
기계설비,기계설비·가스공사업,4833,(주)우리젠,고상원,인천,구로-15-10-03,2933,1321,1012,505,94,1944,4
기계설비,기계설비·가스공사업,4834,(주)우리테크,이상용,경북,경북포항2019-10-05,2823,680,1734,378,29,1395,3
기계설비,기계설비·가스공사업,4835,(주)우리테크놀로지,이도연,경기,화성17-10-08,4709,1246,2399,1010,53,2273,8
기계설비,기계설비·가스공사업,4836,(주)우리텍유앤알,백학열,서울,안양-07-12-06,5648,3935,828,604,281,7580,4
기계설비,기계설비·가스공사업,4837,(주)우리플랜트,정인훈,전남광주,여수2013-10-03호,17558,12386,3001,1286,884,12774,6
기계설비,기계설비·가스공사업,4838,우리화재산업(주),김재삼,경기,금천-11-10-06,9203,4567,2358,1951,326,4979,12
기계설비,기계설비·가스공사업,4839,(주)우림,이정헌,강원,인제2015-10-01호,2052,835,613,543,59,1161,4
기계설비,기계설비·가스공사업,4840,(주)우림건설,김남정,부산,부산연제2013-10-03,1955,211,1266,462,15,530,3
기계설비,기계설비·가스공사업,4841,우림건설(주),우문배,전남광주,사천2008-10-01,359,55,44,255,3,185,2
기계설비,기계설비·가스공사업,4842,(주)우림산업,김인성,경기,안양-2004-12-4,2393,307,1514,540,30,554,4
기계설비,기계설비·가스공사업,4843,우림설비(주),김영숙,강원,강원고성2008-10-01,957,292,386,258,20,541,2
기계설비,기계설비·가스공사업,4844,(주)우림에너지,최해숙,경기,중랑-04-27-1-02,5809,748,2880,2105,75,756,15
기계설비,기계설비·가스공사업,4845,(주)우림엔지니어링,김기덕,대구,대구북구2003-12-3,1248,93,764,380,9,61,3
기계설비,기계설비·가스공사업,4846,(주)우림엔지니어링,문형조,경북,경북포항2005-12-07,14588,6209,7063,694,620,11162,5
기계설비,기계설비·가스공사업,4847,(주)우림이엔에스,김진후,경기,안양-24-파-03,1049,105,540,403,0,231,3
기계설비,기계설비·가스공사업,4848,(주)우림이엔지,고병도,충북,전북전주2006-12-1,5679,1759,3218,575,126,1345,4
기계설비,기계설비·가스공사업,4849,(주)우림테크,강만수,부산,부산해운대2022-13-02,1872,230,1382,259,0,334,2
기계설비,기계설비·가스공사업,4850,(주)우미개발,김부열,경기,광주광산2020-10-07,2394,0,900,1494,0,0,3
기계설비,기계설비·가스공사업,4851,우미건설(주),"김성철, 김영길, 곽수윤",전남광주,전남장성2019-10-01,33195,0,900,32295,0,0,5
기계설비,기계설비·가스공사업,4852,(주)우미이엔씨,임성현,경기,시흥-25-파-3,1483,602,502,378,0,860,3
기계설비,기계설비·가스공사업,4853,(주)우민건설,주원혁,인천,인천연수2015-10-02,1009,513,188,271,36,246,2
기계설비,기계설비·가스공사업,4854,(주)우민공조,"손현철, 손현우",부산,부산사하2022-13-04,3864,2040,1445,378,0,3884,3
기계설비,기계설비·가스공사업,4855,우민전기(주),이학표,서울,서초-17-10-04,5290,0,900,4390,0,0,28
기계설비,기계설비·가스공사업,4856,(주)우민전기,윤유하,전남광주,광양2013-10-02,5608,431,2590,2555,30,538,20
기계설비,기계설비·가스공사업,4857,우보플랜텍(주),문정규,전남광주,광양26-파-03호,805,0,451,353,0,0,2
기계설비,기계설비·가스공사업,4858,(주)우삼,김여진,경북,경북김천2009-10-02,2374,829,1094,391,59,1494,3
기계설비,기계설비·가스공사업,4859,(주)우석,서우석,강원,인제2022-파-02호,752,204,295,252,0,326,2
기계설비,기계설비·가스공사업,4860,우석설비(주),"노만욱, 김기원",경기,안산2011-23-1,1314,655,233,378,46,1041,3
기계설비,기계설비·가스공사업,4861,(주)우성,"최원영, 이혜자",부산,부산진-2001-12-2,149,93,0,46,9,0,1
기계설비,기계설비·가스공사업,4862,(주)우성,이태관,경기,하남2015-10-02,4917,2244,2134,378,160,0,3
기계설비,기계설비·가스공사업,4863,우성공영(주),최재윤,제주,제주2000-27-1-1,2698,947,1275,381,94,773,3
기계설비,기계설비·가스공사업,4864,(주)우성기계공조,이광우,제주,제주 제주2010-10-05,953,334,196,398,23,212,3
기계설비,기계설비·가스공사업,4865,(주)우성기업,이수정,충남,충남천안-2019-10-02,1203,48,900,252,2,0,2
기계설비,기계설비·가스공사업,4866,(주)우성기업,박용식,전남광주,순천2003-12-03,1007,87,658,252,8,168,2
기계설비,기계설비·가스공사업,4867,(주)우성네이처,반경옥,경남,김해 2011-10-04,1542,472,152,883,33,105,7
기계설비,기계설비·가스공사업,4868,(주)우성산업,이재혁,충남,충남천안-04-27-07,1666,213,1052,379,21,362,3
기계설비,기계설비·가스공사업,4869,우성산업(주),배종열,경남,경남-95-12-18,5347,1227,3491,505,122,1657,4
기계설비,기계설비·가스공사업,4870,(주)우성산업개발,박한수,경기,포천 20-10-03,290,36,0,252,1,8,2
기계설비,기계설비·가스공사업,4871,우성설비(주),정윤희,서울,82-12-210,5253,2766,1555,655,276,2278,4
기계설비,기계설비·가스공사업,4872,우성설비(주),유기수,경남,경남-12-7,1464,260,673,505,26,320,4
기계설비,기계설비·가스공사업,4873,(주)우성에너지,서흥교,경북,경북구미2021-23-1,512,87,81,344,0,226,4
기계설비,기계설비·가스공사업,4874,우성이엔디(주),채광식,경기,화성14-10-9,3905,2982,330,378,213,3525,3
기계설비,기계설비·가스공사업,4875,(주)우성이엔씨,장원양,제주,제주제주2022-13-03,1249,557,312,378,0,536,3
기계설비,기계설비·가스공사업,4876,(주)우성이엔지,임중혁,경기,충남아산-2018-10-14,7583,1706,5551,252,73,1795,2
기계설비,기계설비·가스공사업,4877,(주)우성하이텍,허형석,부산,부산북구2016-10-2,2488,912,1029,506,39,1204,4
기계설비,기계설비·가스공사업,4878,우솔이엔씨(주),김훈철,경기,화성20-10-15,1266,781,179,271,33,533,2
기계설비,기계설비·가스공사업,4879,(주)우송설비산업,김건우,경기,성남-14-23-1,3273,1593,1060,506,113,1426,4
기계설비,기계설비·가스공사업,4880,(주)우수이엔지,엄우종,경기,인천서구2007-12-01,3534,1337,1142,959,95,868,7
기계설비,기계설비·가스공사업,4881,(주)우승산업,오후석,전남광주,나주2008-10-01,1313,51,298,959,3,101,7
기계설비,기계설비·가스공사업,4882,우신건설(주),박병원,경기,김포-21-10-08,3530,1194,1956,378,0,2799,3
기계설비,기계설비·가스공사업,4883,(합)우신건설,한종석,강원,강원-97-12-1,2074,428,408,1193,43,526,9
기계설비,기계설비·가스공사업,4884,(주)우신단열,김덕연,서울,구로-18-10-02,3344,2149,850,252,92,3165,2
기계설비,기계설비·가스공사업,4885,우신설비(주),우재원,충남,94-서울-12-28,1971,593,939,378,59,243,3
기계설비,기계설비·가스공사업,4886,(주)우신엔지니어링,"황창호, 권영중, 김용조",경기,화성-2007-12-8,96866,13404,80424,2080,957,21026,12
기계설비,기계설비·가스공사업,4887,(주)우신엔지니어링,이용호,경기,경기시흥2019-10-43,1231,534,294,378,22,741,3
기계설비,기계설비·가스공사업,4888,(주)우신엔지니어링,최한석,경남,창원의창2023-파-03,965,390,157,417,0,801,5
기계설비,기계설비·가스공사업,4889,(주)우신이엔지,김기찬,경기,화성13-10-11,809,264,147,378,18,428,3
기계설비,기계설비·가스공사업,4890,우신테크,서영식,경북,경북구미2000-12-9,4002,2509,862,378,251,4063,3
기계설비,기계설비·가스공사업,4891,(주)우신플랜트,김상민,부산,부산동래2005-12-01,1565,444,786,290,44,416,2
기계설비,기계설비·가스공사업,4892,(주)우암건설산업,김윤미,충남,충남논산-2016-10-01,2065,571,929,540,24,812,4
기계설비,기계설비·가스공사업,4893,우양건설(주),고광록,충남,충남서산-2008-10-23,436,171,0,252,12,165,2
기계설비,기계설비·가스공사업,4894,우양기건(주),"강석대, 강세명",서울,서울-12-184,22421,10666,8196,2483,1075,19598,6
기계설비,기계설비·가스공사업,4895,우양기공(주),이희유,인천,인천연수09-10-01,11344,7458,2483,870,532,8956,6
기계설비,기계설비·가스공사업,4896,우양물산,김준한,울산,울산남구2023-파-01,2811,726,1667,416,0,1916,3
기계설비,기계설비·가스공사업,4897,(주)우양이엔지,유승협,경기,화성20-10-13,6573,4241,1770,378,181,9004,3
기계설비,기계설비·가스공사업,4898,(주)우연,조영권,경남,부천-22-13-01,390,100,37,252,0,20,2
기계설비,기계설비·가스공사업,4899,(주)우연테크,채희봉,충북,충북청원12-10-2,3548,1110,1814,543,80,797,4
기계설비,기계설비·가스공사업,4900,(주)우영설비,김혜숙,부산,부산기장2024-파-01호,543,79,274,189,0,208,1
기계설비,기계설비·가스공사업,4901,(주)우영씨앤티,"남윤수, 황두균",대구,대구달성군2021-10-04호,1616,800,542,273,0,449,2
기계설비,기계설비·가스공사업,4902,(주)우영이엔씨,김태연,경기,서대문-98-27-1-4,1350,659,246,378,65,423,3
기계설비,기계설비·가스공사업,4903,(주)우영이엔지,안희정,경북,경북경주2021-10-01,1197,616,329,252,0,1025,2
기계설비,기계설비·가스공사업,4904,우영티앤아이(주),채효경,인천,서울12-126,2116,449,1180,441,44,1141,3
기계설비,기계설비·가스공사업,4905,(주)우영플랜트,박여정,부산,부산동래2010-23-01,1642,219,395,1011,15,491,8
기계설비,기계설비·가스공사업,4906,(유)우영플랜트,강철식,전북,전북-12-116,1350,590,448,252,59,37,2
기계설비,기계설비·가스공사업,4907,우원기공(주),양일우,서울,서초-19-10-05,627,111,259,252,4,184,2
기계설비,기계설비·가스공사업,4908,(주)우원디아이씨,황소엽,경기,고양2005-12-10,32203,7838,21619,1961,783,7849,13
기계설비,기계설비·가스공사업,4909,우원설비(주),박재호,경남,김해 2010-12-07,6441,3609,1904,669,257,5546,5
기계설비,기계설비·가스공사업,4910,우원이앤씨(주),이장노,경기,동작-01-12-4,1297,0,900,397,0,0,3
기계설비,기계설비·가스공사업,4911,(주)우원이엔지,이희태,대구,대구달서구2021-10-01,672,248,171,252,0,321,2
기계설비,기계설비·가스공사업,4912,(주)우익,백성해,대구,대구중구2001-12-2,1891,514,1033,292,51,311,2
기계설비,기계설비·가스공사업,4913,(주)우인,정종순,강원,춘천2009-10-01,2881,729,1284,814,52,977,6
기계설비,기계설비·가스공사업,4914,우일건설(주),이건철,충북,충주2015-10-4,7860,219,1315,6309,16,509,30
기계설비,기계설비·가스공사업,4915,우일기업(주),김종성,대구,경북12-15,12375,7705,2484,1414,770,993,8
기계설비,기계설비·가스공사업,4916,(주)우일이앤씨(WOOILE&CCo.，Ltd),"노희종, 한정숙",부산,광양2021-10-04,1281,286,485,509,0,821,4
기계설비,기계설비·가스공사업,4917,우일정보기술(주),이오,서울,동대문-17-10-01,1980,79,900,997,3,201,5
기계설비,기계설비·가스공사업,4918,(주)우전이앤씨,변용석,울산,울산남구2015-10-05,752,96,358,290,6,83,2
기계설비,기계설비·가스공사업,4919,우정건설(주),신용주,충남,충남서산-2007-27-58,702,190,119,378,13,288,3
기계설비,기계설비·가스공사업,4920,(주)우정기계건설,이미정,강원,원주2006-12-01,8248,5475,1617,764,391,8705,5
기계설비,기계설비·가스공사업,4921,우정설비(주),정재준,강원,강원2000-12-05,5643,2647,2218,513,264,4934,3
기계설비,기계설비·가스공사업,4922,우정설비건설(주),김용희,경기,부천-2005-12-7,17190,10777,3364,1970,1077,4860,13
기계설비,기계설비·가스공사업,4923,우종이엔지(주),김원석,충남,충남당진-2021-10-04,3995,2717,773,505,0,3380,4
기계설비,기계설비·가스공사업,4924,(주)우주,한성덕,전남광주,여수2010-10-11,7909,5269,1992,271,376,10647,2
기계설비,기계설비·가스공사업,4925,(주)우주개발,권미예,부산,부산진2010-10-03,1681,122,900,650,8,364,5
기계설비,기계설비·가스공사업,4926,우주건설(주),신암철,전남광주,광주동2015-10-05,3535,911,1780,778,65,931,6
기계설비,기계설비·가스공사업,4927,(주)우주공조,전현주,강원,강릉22-파-05호,484,78,154,252,0,279,2
기계설비,기계설비·가스공사업,4928,(주)우주시스템,정승인,전남광주,광주북2017-10-01,1685,1151,230,254,49,2009,2
기계설비,기계설비·가스공사업,4929,우주에너텍(주),구문서,대전,대전대덕-03-12-3,547,197,78,252,19,141,2
기계설비,기계설비·가스공사업,4930,(주)우주엔비텍,곽태헌,서울,영등포09-10-09,190,0,79,111,0,0,4
기계설비,기계설비·가스공사업,4931,우주용사공업(주),김원웅,경남,함안2018-10-01,1076,556,117,378,23,1051,3
기계설비,기계설비·가스공사업,4932,우주플랜트(주),최재주,울산,충남보령2024-13-02호,1310,32,900,378,0,76,3
기계설비,기계설비·가스공사업,4933,(주)우진,진귀남,경남,경남-99-12-1,6803,2135,3304,1149,214,2953,8
기계설비,기계설비·가스공사업,4934,우진건설(주),이상숙,충북,충북제천2015-10-1,1844,309,1232,257,44,561,2
기계설비,기계설비·가스공사업,4935,(주)우진건업,김용호,부산,부산-12-86,1246,292,338,587,29,566,4
기계설비,기계설비·가스공사업,4936,(주)우진기전,장창익,경기,평택-22-파-021,9702,1381,7851,470,0,0,3
기계설비,기계설비·가스공사업,4937,(주)우진기전,김정현,충북,충북괴산10-10-9,900,0,900,0,0,0,0
기계설비,기계설비·가스공사업,4938,(주)우진산전,김정현,충북,충북괴산10-10-12,1843,0,900,943,0,0,7
기계설비,기계설비·가스공사업,4939,(주)우진설비,이희숙,대구,대구달서구2015-10-2호,1458,170,1023,252,12,299,2
기계설비,기계설비·가스공사업,4940,(주)우진아이엔에스,홍경모,서울,서울-12-27,224320,79103,127709,9574,7932,119120,33
기계설비,기계설비·가스공사업,4941,(주)우진엔지니어링,이병식,대구,서구95-27-1-1,759,117,250,378,11,40,3
기계설비,기계설비·가스공사업,4942,(유)우진엔지니어링,고춘봉,전북,전북완주2001-12-1,10503,1922,8136,252,192,2376,2
기계설비,기계설비·가스공사업,4943,(주)우진이앤씨,신동열,경기,경기-97-12-36,26027,10727,13011,1215,1072,21020,9
기계설비,기계설비·가스공사업,4944,(주)우진이엔씨,김성호,인천,인천남동-01-12-9,2387,1038,774,470,103,450,3
기계설비,기계설비·가스공사업,4945,(주)우진이엔씨,한용주,제주,제주 제주2014-10-04,2558,600,1333,580,42,1269,4
기계설비,기계설비·가스공사업,4946,(주)우진이엔지,한문조,경기,광주북2011-10-09,3114,933,1194,866,119,2310,5
기계설비,기계설비·가스공사업,4947,(주)우진이엔지,권부환,경북,경북구미2002-12-2,1419,720,317,309,72,1254,2
기계설비,기계설비·가스공사업,4948,(주)우진티엠씨,"송유선, 우재복, 박상돈",인천,인천서구2015-10-05,2538,700,904,883,50,2224,7
기계설비,기계설비·가스공사업,4949,(주)우창설비,정영시,부산,부산기장2015-10-01,1207,491,428,252,35,993,2
기계설비,기계설비·가스공사업,4950,(주)우창이엔씨,이진섭,울산,울산북구2008-10-02,8571,6466,986,656,461,12216,5
기계설비,기계설비·가스공사업,4951,(주)우테크이엔지,차영현,경기,충남당진2022-파-01,879,141,213,524,0,26,4
기계설비,기계설비·가스공사업,4952,(주)우현공조,박정아,경북,경북문경2022-파-02,618,191,173,252,0,241,2
기계설비,기계설비·가스공사업,4953,(주)우현기업,강동국,제주,제주 제주2014-10-02,1622,645,532,397,46,1114,3
기계설비,기계설비·가스공사업,4954,(주)우현이앤지,조기남,서울,영등포-99-12-8,63038,44102,7727,6759,4448,37607,20
기계설비,기계설비·가스공사업,4955,(주)운강,유성임,세종,세종-23-13-04,1294,86,900,308,0,139,2
기계설비,기계설비·가스공사업,4956,(주)운현건설,김성주,부산,부산남구2010-23-01,4711,1229,2625,768,87,1999,6
기계설비,기계설비·가스공사업,4957,(주)울림이엔티,"여성구, 김재아",전북,전북군산2019-10-04호,2226,1079,432,667,47,1738,6
기계설비,기계설비·가스공사업,4958,(주)울산시스템공조,최영인,울산,울산남구2008-10-02,5687,1102,4127,378,78,1596,3
기계설비,기계설비·가스공사업,4959,(주)울프,이상찬,울산,울산울주2018-23-79,3664,1207,1394,1010,51,918,8
기계설비,기계설비·가스공사업,4960,(주)웃샘,이명식,충북,구로-01-12-13,9059,2177,4262,2399,220,979,16
기계설비,기계설비·가스공사업,4961,(주)웅남,"김정호, 한상우",서울,82-12-154,42171,29420,1473,5804,5472,42499,38
기계설비,기계설비·가스공사업,4962,(주)웅비기계,진수곤,충남,충남천안-2021-10-04,36,0,0,36,0,0,3
기계설비,기계설비·가스공사업,4963,(주)웅산엔지니어링,오세복,인천,82-경기-12-24,16531,6260,8672,972,626,9427,7
기계설비,기계설비·가스공사업,4964,웅진기계설비(주),박정서,서울,금천-03-12-1,18815,11249,5803,637,1124,11639,5
기계설비,기계설비·가스공사업,4965,(주)웅진테크,정준형,울산,울산남구2021-10-05,4567,2009,2178,378,0,3454,3
기계설비,기계설비·가스공사업,4966,(주)워터그린,박석,전북,전북익산2000-12-02,733,219,243,254,15,381,2
기계설비,기계설비·가스공사업,4967,(주)워터베이스,김익배,강원,강릉23-파-02호,1517,406,858,252,0,1219,2
기계설비,기계설비·가스공사업,4968,워터시스템(WaterSystem)환경기술센터,김정웅,부산,부산사상21-10-8,134,76,20,38,0,109,2
기계설비,기계설비·가스공사업,4969,원강건설(주),이순영,강원,의왕2019-10-02,458,27,177,252,1,97,2
기계설비,기계설비·가스공사업,4970,(주)원경,김원경,강원,강원홍천2020-10-01호,745,153,332,252,6,203,2
기계설비,기계설비·가스공사업,4971,(주)원경이엔지,백윤석,부산,부산연제2018-10-03,904,134,230,533,5,346,3
기계설비,기계설비·가스공사업,4972,원광전력(주),전연수,전남광주,전남해남2026-파-02호,1215,0,900,315,0,0,2
기계설비,기계설비·가스공사업,4973,(주)원구조이엔지,"전애영, 김종명",인천,인천남동19-10-07,1579,177,1066,327,7,87,2
기계설비,기계설비·가스공사업,4974,원기산업(주),김석규,인천,인천-92-12-30,13287,1743,10003,1366,174,3171,10
기계설비,기계설비·가스공사업,4975,(주)원나인건설,박인철,경기,서울-12-217,6264,3311,650,1778,524,1059,13
기계설비,기계설비·가스공사업,4976,원산엔지니어링(주),이민지,충북,충북청주24-파-10,26,17,0,8,0,44,4
기계설비,기계설비·가스공사업,4977,원스랜드(주),"김인태, 송성숙",울산,울산남구2008-10-01,15339,3107,11757,252,221,3135,2
기계설비,기계설비·가스공사업,4978,(주)원스이엔씨,김작용,경남,창원성산2021-10-02,5956,910,4540,505,0,756,4
기계설비,기계설비·가스공사업,4979,(주)원스틸산업개발,이원철,전남광주,광주북2009-10-01,19180,2594,15567,831,186,4792,6
기계설비,기계설비·가스공사업,4980,(주)원시스템공조,정종례,대전,대전중구-15-10-01,2111,812,988,252,58,1130,2
기계설비,기계설비·가스공사업,4981,원심건설(주),최삼호,경기,성남19-10-16,690,360,52,261,15,967,2
기계설비,기계설비·가스공사업,4982,원에어시스템,최낙진,경남,창원성산2017-10-01,1660,291,1084,271,12,247,2
기계설비,기계설비·가스공사업,4983,(주)원엔지니어링,손정례,전남광주,광주북-24-파-04,3087,2044,623,420,0,3142,3
기계설비,기계설비·가스공사업,4984,(주)원엔지니어링,이정복,대전,대전유성-2007-12-2,10381,8589,0,1176,615,2938,4
기계설비,기계설비·가스공사업,4985,(주)원엔지니어링,양승욱,충북,충주2016-23-1,4487,1242,2546,645,53,1464,5
기계설비,기계설비·가스공사업,4986,(주)원엔지니어링,공병철,경남,양산-22파-08,486,113,120,252,0,109,2
기계설비,기계설비·가스공사업,4987,원영건설(주),채수영,경기,경기남양주2019-23-233,1351,226,610,505,9,390,4
기계설비,기계설비·가스공사업,4988,원영건설(주),서대원,경북,경북경산2005-12-1,494,55,117,315,5,69,2
기계설비,기계설비·가스공사업,4989,원영이엔씨(주),최정일,전남광주,여수2001-12-18,5687,689,4134,796,68,210,6
기계설비,기계설비·가스공사업,4990,원영이엔지(주),한용수,경기,92-서울-12-144,3274,407,2447,378,40,383,3
기계설비,기계설비·가스공사업,4991,(주)원우기계설비,국삼배,서울,중구-02-12-1,2257,889,1025,252,88,1677,2
기계설비,기계설비·가스공사업,4992,(주)원우이앤지,임성락,전남광주,나주2013-10-01,2668,1161,1133,290,82,1579,2
기계설비,기계설비·가스공사업,4993,원웅엔지니어링(주),한동희,강원,정선2009-23-02,2455,236,1417,784,16,587,6
기계설비,기계설비·가스공사업,4994,원율엔지니어링(주),허승록,전남광주,광주광산2013-10-04,11766,3139,7985,416,224,6072,3
기계설비,기계설비·가스공사업,4995,(주)원이앤티,김인수,경남,창원2002-12-2,2101,907,622,480,90,265,3
기계설비,기계설비·가스공사업,4996,원이엔지,손정권,부산,부산강서2020-10-02,1759,259,1233,255,11,234,2
기계설비,기계설비·가스공사업,4997,(주)원이엔텍,김원영,전남광주,광주동2017-10-01,1249,246,531,460,10,231,3
기계설비,기계설비·가스공사업,4998,(주)원익로보틱스,김학래,경기,성남-24-파(기계)-51,0,0,0,0,0,0,2
기계설비,기계설비·가스공사업,4999,(주)원일,김현해,전남광주,전남97-12-29,2214,587,1006,561,58,1342,4
기계설비,기계설비·가스공사업,5000,원일건설(주),원헌희,충남,충남천안-2016-10-01,1360,204,576,570,8,0,4
기계설비,기계설비·가스공사업,5001,(주)원일공조,이원일,경기,성남21-10-1,1434,774,374,252,33,712,2
기계설비,기계설비·가스공사업,5002,(주)원일기계,홍창헌,울산,울산남구2022-파-02,1917,591,820,505,0,635,4
기계설비,기계설비·가스공사업,5003,원일산업(주),임정열,전남광주,담양2019-10-01,836,115,318,397,4,142,3
기계설비,기계설비·가스공사업,5004,(주)원일이엔씨,유재구,경기,서울-97-12-27,4224,488,2929,757,48,133,5
기계설비,기계설비·가스공사업,5005,(주)원일이엔지,"김명식, 김길동",충남,충남천안-2017-10-08,3648,2501,407,631,107,2662,5
기계설비,기계설비·가스공사업,5006,원일토건(주),이정화,충남,충남당진-2023-파-01,1368,89,900,378,0,0,3
기계설비,기계설비·가스공사업,5007,(주)원재엔지니어링,정운오,서울,성동-07-12-3,3135,1225,1569,252,87,1934,2
기계설비,기계설비·가스공사업,5008,(주)원전플랜트,한희철,경기,화성25-파-16,327,0,74,252,0,0,2
기계설비,기계설비·가스공사업,5009,(주)원정이엔지,허근행,경기,화성21-10-04,5379,4390,356,631,0,8315,5
기계설비,기계설비·가스공사업,5010,(주)원주수도건설,신승희,강원,원주2023-파-03호,664,20,328,315,0,16,2
기계설비,기계설비·가스공사업,5011,(주)원준,이성제,경기,화성19-10-33,80712,51768,23535,3189,2218,103096,19
기계설비,기계설비·가스공사업,5012,원진기계(주),정용원,경기,김포-16-10-01,478,123,144,206,5,230,3
기계설비,기계설비·가스공사업,5013,원진기술산업(주),김재균,경기,광진-02-12-2,6377,2331,3291,521,233,5274,4
기계설비,기계설비·가스공사업,5014,(합)원진설비,전태우,울산,경남-12-4,2731,1023,828,776,102,1882,6
기계설비,기계설비·가스공사업,5015,원진설비공사,이상철,경기,경기-94-12-32,475,28,153,290,2,49,2
기계설비,기계설비·가스공사업,5016,원진수산영어조합법인,이주석,충남,충남태안-2015-10-3,17918,5925,11158,411,423,16519,3
기계설비,기계설비·가스공사업,5017,(주)원진씨엔아이,"양세진, 양도원",인천,인천남구2010-12-5,559,71,66,416,5,128,3
기계설비,기계설비·가스공사업,5018,(주)원진엔지니어링,백승열,서울,92-서울-12-268,8536,5139,1614,1267,515,4360,7
기계설비,기계설비·가스공사업,5019,(주)원진이엔씨,양조현,제주,제주 제주2016-10-01,977,433,0,525,18,371,4
기계설비,기계설비·가스공사업,5020,(주)원진종합건설,배석한,경남,경남 98-12-10,4799,546,2986,1212,54,925,9
기계설비,기계설비·가스공사업,5021,(주)원진테크놀러지,백승준,서울,구로-18-10-05,2611,1632,655,253,69,1665,2
기계설비,기계설비·가스공사업,5022,(주)원창설비,주영민,인천,인천남동20-10-08,2842,1203,1104,483,51,2889,3
기계설비,기계설비·가스공사업,5023,(주)원클라스,김형수,경기,화성20-10-10,3286,2565,357,252,109,2921,2
기계설비,기계설비·가스공사업,5024,(주)원테크코리아,지학기,충북,충북보은25-파-1,752,196,234,321,0,280,3
기계설비,기계설비·가스공사업,5025,(주)원포인트이엔지,이신율,전남광주,광주북2016-10-09,6854,2396,3704,650,103,4365,5
기계설비,기계설비·가스공사업,5026,(주)원프랜트,최창준,서울,94-서울-12-110,109772,13001,78006,17465,1300,27972,128
기계설비,기계설비·가스공사업,5027,(주)원플랜트,박중영,충북,충북청주 22-파-28,892,198,295,397,0,709,3
기계설비,기계설비·가스공사업,5028,(주)원플러스,김균량,경기,파주15-10-03,9971,4794,3931,902,342,9942,7
기계설비,기계설비·가스공사업,5029,(주)원피스코리아,조차원,경기,고양-25-파-04,1158,12,893,252,0,18,2
기계설비,기계설비·가스공사업,5030,원화이엔지(주),"김의규, 김민진",서울,강남-00-12-20,11296,7112,2884,588,711,9834,4
기계설비,기계설비·가스공사업,5031,(주)월드머신,조강우,부산,부산강서2020-10-09,2744,966,937,799,41,1411,6
기계설비,기계설비·가스공사업,5032,월드베스트원엔지니어링(주),황선엽,서울,송파-05-12-1,3737,1106,1816,702,111,1799,4
기계설비,기계설비·가스공사업,5033,(주)월드센추리,박흥규,서울,강남-02-12-2,1570,688,269,543,68,978,4
기계설비,기계설비·가스공사업,5034,(유)월드시스템공조,현정란,전북,전북전주2018-10-01호,2423,1014,860,505,43,971,4
기계설비,기계설비·가스공사업,5035,월드에너시스,이흥균,대전,대전유성-2007-27-1-1,428,99,152,169,7,144,5
기계설비,기계설비·가스공사업,5036,월드에너지(주),문경율,대전,대전대덕-12-10-01,5461,2764,1738,760,197,4745,6
기계설비,기계설비·가스공사업,5037,(주)월드에너지,류진상,경북,군포2013-10-3,1544,932,77,466,67,632,20
기계설비,기계설비·가스공사업,5038,(주)월드에너지,조순옥,경기,수원2015-23-03,11897,3307,5959,2392,238,4043,17
기계설비,기계설비·가스공사업,5039,(주)월드이노텍,이한욱,경남,양산 2001-12-3,10764,4214,5838,290,421,4236,2
기계설비,기계설비·가스공사업,5040,(주)월드이앤지,김병수,울산,울산중구2009-10-01,2603,1275,984,252,91,1797,2
기계설비,기계설비·가스공사업,5041,(주)월드이엔씨,김영식,경기,화성13-10-3,1485,581,610,252,41,1023,2
기계설비,기계설비·가스공사업,5042,(주)월드이엔지,문종필,경남,김해 2004-12-2,2061,508,1104,397,50,879,3
기계설비,기계설비·가스공사업,5043,(주)월드인더스트리,김미순,경기,수원-23-파-07,1320,139,900,280,0,319,2
기계설비,기계설비·가스공사업,5044,(주)월드탑이엔지,김용목,경북,경북12-137,35572,17983,13709,2081,1798,14714,13
기계설비,기계설비·가스공사업,5045,월드테크(주),이영복,경기,화성18-10-37,1358,506,451,378,21,536,3
기계설비,기계설비·가스공사업,5046,(주)월성,이병웅,충남,충남당진-2021-10-03,1218,369,596,252,0,528,2
기계설비,기계설비·가스공사업,5047,(주)웨리트제주,김남훈,제주,제주 서귀포2012-10-12,179,3,175,0,0,2,0
기계설비,기계설비·가스공사업,5048,(주)웨코,이춘옥,부산,평택17-10-0002,1398,554,516,302,23,124,2
기계설비,기계설비·가스공사업,5049,(주)웰리브,"이정택, KANGDONALDDONGSUP",경남,경남거제2019-10-03,2738,441,1733,544,18,269,3
기계설비,기계설비·가스공사업,5050,(주)웰스코리아,오도환,서울,영등포17-10-1,4609,3472,735,252,148,3534,2
기계설비,기계설비·가스공사업,5051,웰스홈(주),이영석,서울,성동21-10-02,865,287,308,269,0,412,1
기계설비,기계설비·가스공사업,5052,(주)웰시스,정훈이,경기,화성24-파-28,397,158,52,187,0,258,2
기계설비,기계설비·가스공사업,5053,(주)웰크론한텍,"이영규, 이기창, 강영길",경기,화성11-10-14,5849,2549,291,2824,184,9105,9
기계설비,기계설비·가스공사업,5054,(주)웹스,윤상혁,서울,부천-15-10-007,2831,1080,678,994,77,1499,3
기계설비,기계설비·가스공사업,5055,위너이엔지,김윤우,경기,파주24-파-01,504,209,124,170,0,420,2
기계설비,기계설비·가스공사업,5056,위니아이엔지(주),구만서,울산,울산중구2016-10-01,3742,1281,1269,1136,54,1835,9
기계설비,기계설비·가스공사업,5057,(주)위더스이앤씨,박용범,경기,안산2021-10-06,513,0,261,252,0,0,2
기계설비,기계설비·가스공사업,5058,(유)위더정공,김광기,전북,전북군산2021-10-05,445,216,104,124,0,342,4
기계설비,기계설비·가스공사업,5059,위드비웰(주),이태호,대전,대전유성-2017-10-5,3150,781,2029,305,33,2318,1
기계설비,기계설비·가스공사업,5060,위드인건설(주),박만옥,대전,대전대덕-09-10-03,1711,758,552,346,54,780,2
기계설비,기계설비·가스공사업,5061,(주)위드테크,나수정,경기,고양-25-파-05,866,0,424,441,0,0,3
기계설비,기계설비·가스공사업,5062,(주)위드테크,윤여상,경북,경북포항2023-파-15,1288,132,900,256,0,239,2
기계설비,기계설비·가스공사업,5063,(주)위드플랜트,권용보,경북,경북포항2006-12-08,48778,30223,13567,2810,2176,33524,6
기계설비,기계설비·가스공사업,5064,(주)위시코,김남선,경기,화성17-10-16,4454,3186,815,315,136,3741,2
기계설비,기계설비·가스공사업,5065,(주)위온,원지연,강원,원주2021-10-02호,2171,1118,673,378,0,2143,3
기계설비,기계설비·가스공사업,5066,(주)위즈이엔지,박상준,대전,대전대덕-21-10-03,4055,2098,1300,656,0,4049,4
기계설비,기계설비·가스공사업,5067,(주)윈디,모재석,대구,대구동구2021-10-2호,2376,1519,605,252,0,3480,2
기계설비,기계설비·가스공사업,5068,(주)윈디이앤지,김지영,대구,대구북구-25파-05,513,140,120,252,0,201,2
기계설비,기계설비·가스공사업,5069,윈윈냉열시스템,조계철,전북,전북정읍24-파-01호,900,84,563,252,0,151,2
기계설비,기계설비·가스공사업,5070,(주)윈이앤지,유인,울산,울산울주2017-10-45,42853,29735,7341,4390,1384,54460,30
기계설비,기계설비·가스공사업,5071,(주)윈탑,이화영,경기,안양-25-파-04,447,0,156,290,0,0,2
기계설비,기계설비·가스공사업,5072,(주)윈피앤에스,정찬호,서울,82-12-39,4431,556,3339,479,55,777,2
기계설비,기계설비·가스공사업,5073,윌로솔루션,이삼현,대구,대구북구2017-10-2호,887,25,608,252,1,92,2
기계설비,기계설비·가스공사업,5074,윌로펌프서비스,박기만,울산,울산남구2024-파-08,116,56,29,30,0,94,2
기계설비,기계설비·가스공사업,5075,윌테크놀러지(주),이병호,경기,용인2008-10-1,306,50,0,252,3,33,2
기계설비,기계설비·가스공사업,5076,(주)유강이엔지,임은영,전북,전북익산-24-파-10호,1176,296,375,505,0,495,4
기계설비,기계설비·가스공사업,5077,(주)유경기업,"이재근, 이재진",부산,부산동구2005-12-01,12494,3980,6909,978,625,2942,6
기계설비,기계설비·가스공사업,5078,유공에너지(주),문보경,경남,마산 2009-23-04,1057,177,353,514,12,632,4
기계설비,기계설비·가스공사업,5079,(주)유공이엔지,지원호,경북,경북구미2019-10-7,1533,762,283,454,32,176,2
기계설비,기계설비·가스공사업,5080,(주)유광기계,김명숙,경북,안동2003-12-1,1408,253,874,254,25,587,2
기계설비,기계설비·가스공사업,5081,유광이앤씨,홍형표,대구,대구달서구2011-10-2,1117,312,527,254,22,368,2
기계설비,기계설비·가스공사업,5082,(주)유광이엔지,이경남,울산,울산울주2017-10-47,1812,818,580,378,35,1204,3
기계설비,기계설비·가스공사업,5083,유노빅스이엔씨(주),"김한준, 천민식",경기,강남-00-12-17,1148,117,640,378,11,48,3
기계설비,기계설비·가스공사업,5084,(주)유니드이엔지,노규호,경기,오산 2022-파-03,2868,1940,323,603,0,2354,3
기계설비,기계설비·가스공사업,5085,(주)유니버셜리프트앤히타치코리아,유수비,충북,충북진천2020-10-6,909,78,448,378,3,0,3
기계설비,기계설비·가스공사업,5086,유니셈(주),김형균,경기,경기-94-12-47,10814,1753,7875,1010,175,2422,8
기계설비,기계설비·가스공사업,5087,(주)유니스디,서광설,부산,부산연제2005-12-01,6028,1840,3558,444,184,2496,3
기계설비,기계설비·가스공사업,5088,유니슨에이치케이알(주),이진옥,충남,충남천안-2014-10-04,1650,88,900,655,6,0,5
기계설비,기계설비·가스공사업,5089,유니슨엔지니어링(주),이미숙,경기,충남천안-05-12-04,0,0,0,0,0,0,4
기계설비,기계설비·가스공사업,5090,유니엔스(주),이상구,서울,구로-00-12-9,10137,5862,3247,441,586,5850,2
기계설비,기계설비·가스공사업,5091,유니엔텍(주),황석용,경기,남양주20-10-43,2835,313,1878,631,13,276,5
기계설비,기계설비·가스공사업,5092,유니온건설산업(주),안현민,인천,인천연수2018-10-01,5207,2698,1987,404,116,2340,3
기계설비,기계설비·가스공사업,5093,(주)유니온공조이엔지,최윤경,인천,인천부평구2008-10-04,3882,924,2386,505,66,1739,4
기계설비,기계설비·가스공사업,5094,(주)유니온솔루션,"이창용, 이수영",경기,평택-23-파-019,905,412,152,341,0,334,5
기계설비,기계설비·가스공사업,5095,유니퀘스트(주),앤드류김,경기,성남19-10-12,4428,781,3214,398,33,2195,3
기계설비,기계설비·가스공사업,5096,유니텍씨앤에스(주),이기영,서울,제주 서귀포2011-10-19,3388,1253,1395,650,89,969,5
기계설비,기계설비·가스공사업,5097,유덕환경(주),김영준,서울,서초-16-10-09,11716,2284,7235,1935,262,4587,8
기계설비,기계설비·가스공사업,5098,(주)유로이앤씨,김원자,강원,원주2007-12-01,1536,295,701,518,21,584,4
기계설비,기계설비·가스공사업,5099,(주)유로파이앤씨,노효준,경기,성남12-10-14,12130,7611,2888,1082,548,7823,7
기계설비,기계설비·가스공사업,5100,(주)유림건축설비,구성은,충남,충남보령2025-13-04호,494,46,135,311,0,66,3
기계설비,기계설비·가스공사업,5101,유림공영(주),강신승,부산,부산-96-12-7,3605,721,1809,1001,72,327,7
기계설비,기계설비·가스공사업,5102,유림기계설비(주),정수원,서울,양천-13-10-01,8723,4817,2309,839,757,8102,6
기계설비,기계설비·가스공사업,5103,유림기계설비(주),정다운,부산,부산사하2007-12-02,3171,1161,1475,451,82,1357,3
기계설비,기계설비·가스공사업,5104,(주)유림산업기계,김재곤,전남광주,나주-25-파-02,1217,45,900,271,0,65,2
기계설비,기계설비·가스공사업,5105,(주)유림엔지니어링,이준원,경기,서초-00-12-1,2104,325,824,921,32,355,7
기계설비,기계설비·가스공사업,5106,(주)유림엔지니어링,김선미,대전,세종시-2014-10-05,844,407,92,315,29,658,2
기계설비,기계설비·가스공사업,5107,(주)유림이엔지,김진영,대구,대구 남구2008-10-10,2803,331,1905,543,23,816,4
기계설비,기계설비·가스공사업,5108,유림이엔지(주),유수근,경북,경북구미2019-10-4,3728,1471,1650,543,63,2068,4
기계설비,기계설비·가스공사업,5109,(주)유림전기통신,김효성,인천,인천서구2024-파-02,2945,347,2082,515,0,616,4
기계설비,기계설비·가스공사업,5110,유립기공(주),홍성연,경기,관악-98-12-4,8217,2848,4054,1029,284,3338,8
기계설비,기계설비·가스공사업,5111,(주)유명,박도제,경북,경북포항2022-파-06호,887,280,228,378,0,239,3
기계설비,기계설비·가스공사업,5112,(주)유민이앤씨,강견래,경남,진주24-파-02,1361,544,508,309,0,592,2
기계설비,기계설비·가스공사업,5113,(주)유벡,김형신,울산,서울-82-12-381,37448,17421,15019,3264,1742,16411,15
기계설비,기계설비·가스공사업,5114,(주)유봄이엔지,최이오,서울,강서-23-파-02,2851,1736,736,378,0,2321,3
기계설비,기계설비·가스공사업,5115,유비스(주),황주원,경기,광명20-10-5,642,174,189,270,7,298,5
기계설비,기계설비·가스공사업,5116,(주)유선인터내셔날,권현정,서울,강남-15-10-06,9143,3327,5199,378,237,6210,3
기계설비,기계설비·가스공사업,5117,(주)유성,정성욱,충남,충남천안-08-10-09,5168,1666,2674,708,119,3494,5
기계설비,기계설비·가스공사업,5118,유성건설(주),박상준,강원,강원고성2015-10-01호,844,218,230,378,15,78,3
기계설비,기계설비·가스공사업,5119,(주)유성기계,김형태,부산,부산사상24-파-2호,667,244,170,252,0,377,2
기계설비,기계설비·가스공사업,5120,(주)유성산업,이성구,경남,거창 2010-10-01,4241,539,3239,423,38,550,3
기계설비,기계설비·가스공사업,5121,(주)유성산업개발,유분이,경북,대구남구2016-27-1-1호,4909,1819,2252,760,77,1688,6
기계설비,기계설비·가스공사업,5122,(주)유성설비,홍길제,대구,대구94-12-157,1957,313,1195,416,31,192,3
기계설비,기계설비·가스공사업,5123,(주)유성스테이지,유길튼,서울,구로97-12-3,14371,2332,10192,1612,233,4551,12
기계설비,기계설비·가스공사업,5124,(주)유성엔에이,임희영,충남,충남태안-07-12-01,2878,456,2118,271,32,710,2
기계설비,기계설비·가스공사업,5125,(주)유성엔지니어링,유병준,경기,남양주13-10-23,2435,290,1745,378,20,276,3
기계설비,기계설비·가스공사업,5126,(주)유성엔지니어링,"최순옥, 이용덕",울산,양산 2009-10-02,1283,182,542,545,13,102,4
기계설비,기계설비·가스공사업,5127,(주)유성이엔씨,정진호,경북,진주 2001-12-02,1452,203,935,292,20,375,2
기계설비,기계설비·가스공사업,5128,(주)유성이엔지,"황지만, 허용두",울산,울산남구2007-12-02,41787,21779,16075,2370,1561,30883,17
기계설비,기계설비·가스공사업,5129,(주)유성이엔티,이순복,경기,안양-06-12-2,601,382,0,191,27,18,7
기계설비,기계설비·가스공사업,5130,(주)유성이엠지,유성보,전남광주,순천2018-10-01,1612,691,512,378,29,226,3
기계설비,기계설비·가스공사업,5131,(주)유성하이텍,조점제,부산,부산강서2015-10-03,1190,0,900,290,0,0,2
기계설비,기계설비·가스공사업,5132,(주)유승건설,이상호,울산,울산울주2023-파-13,1909,233,1403,252,20,170,2
기계설비,기계설비·가스공사업,5133,유승이엔지(주),백재현,울산,울산중구2016-10-01,3482,1113,2068,252,47,1594,2
기계설비,기계설비·가스공사업,5134,(주)유신,"박석성, 전경수, 장학성",서울,강남-20-10-08,1015,0,900,115,0,0,0
기계설비,기계설비·가스공사업,5135,(주)유신,노장호,전남광주,광주북99-12-08,1797,368,958,433,36,635,3
기계설비,기계설비·가스공사업,5136,(주)유신공조시스템,박상민,경북,경북김천2013-10-01,2010,458,1013,505,33,838,4
기계설비,기계설비·가스공사업,5137,유신엔지니어링(주),임윤기,전남광주,광주광산2018-10-04,3236,1371,1534,271,58,1308,2
기계설비,기계설비·가스공사업,5138,(주)유신이엔지,김동영,경북,부산북구제2003-27-1-01,1696,278,1136,252,27,754,2
기계설비,기계설비·가스공사업,5139,(주)유신이엔지,박종선,경기,수원08-23-1,1028,195,440,378,13,238,3
기계설비,기계설비·가스공사업,5140,(주)유신테크,김용근,서울,83-12-471,5061,2917,1523,328,291,4318,2
기계설비,기계설비·가스공사업,5141,(주)유신플랜테크,"홍성철, 홍성우",서울,마포-00-12-9,659,7,221,430,0,0,5
기계설비,기계설비·가스공사업,5142,(주)유신하이테크,변종환,경북,경산-22-파-2,1169,190,853,126,0,453,1
기계설비,기계설비·가스공사업,5143,유아건설(주),"이상욱, 김중천",대전,대전-98-12-6,1389,207,855,306,20,0,2
기계설비,기계설비·가스공사업,5144,(주)유아이씨,송영남,서울,92-서울-12-381,12585,6046,4983,950,604,11709,5
기계설비,기계설비·가스공사업,5145,(주)유앤아이시스템,한미진,경남,창원 2012-10-01,7995,4835,2183,631,345,6946,5
기계설비,기계설비·가스공사업,5146,(주)유앤아이이엔지,나병희,경기,수원-22-파-12,1143,495,395,252,0,723,2
기계설비,기계설비·가스공사업,5147,(주)유앤영컴퍼니,유한종,세종,세종-24-13-01호,1243,451,531,259,0,963,2
기계설비,기계설비·가스공사업,5148,유양에스엔지(주),김영훈,충남,충남당진-2016-10-02,4396,474,2133,1767,20,1384,14
기계설비,기계설비·가스공사업,5149,(주)유어디자인,이서영,경기,용인2017-10-4,2740,351,2111,262,15,322,2
기계설비,기계설비·가스공사업,5150,유엔아이건설(주),이성환,서울,도봉-04-12-2,6966,2607,3119,978,260,4364,7
기계설비,기계설비·가스공사업,5151,(주)유엔에이엔지니어링,강명훈,경기,군포2013-10-6,17,0,0,17,0,0,2
기계설비,기계설비·가스공사업,5152,(주)유엔티엔지니어링,박영순,경북,경북구미2006-12-02,9223,5537,3015,274,395,4363,2
기계설비,기계설비·가스공사업,5153,(주)유엠이엔씨,고경량,제주,제주제주2024-13-06,439,79,78,282,0,132,2
기계설비,기계설비·가스공사업,5154,(주)유영,황은주,대구,대구수성구2016-10-1,832,268,294,257,11,320,2
기계설비,기계설비·가스공사업,5155,(주)유영이엔지,강선희,전남광주,광양22-파-01,1958,413,1291,254,0,400,2
기계설비,기계설비·가스공사업,5156,(주)유원,"신재섭, 신형래",경기,화성-2001-27-3,12911,6440,3566,2259,645,1700,15
기계설비,기계설비·가스공사업,5157,유원건설(주),고광태,대전,여수2001-12-02,7349,2802,2579,1687,281,3568,11
기계설비,기계설비·가스공사업,5158,유원공조(주),"박성규, 김종옥",서울,성동18-10-02,4672,3715,128,669,159,759,5
기계설비,기계설비·가스공사업,5159,(주)유원기술,"윤일지, 윤현석",경기,인천남구2018-10-1,6987,4949,1302,523,212,6759,4
기계설비,기계설비·가스공사업,5160,(주)유원산업,정종규,서울,송파-23-파-02,1348,625,280,441,0,918,3
기계설비,기계설비·가스공사업,5161,(주)유원산업기술,"김옥자, 문수경",전남광주,여수2016-10-16,20517,14908,3284,1686,638,31739,13
기계설비,기계설비·가스공사업,5162,유원엔지니어링(주),김찬곤,서울,강남-99-12-36,18777,7765,5835,4392,783,8481,30
기계설비,기계설비·가스공사업,5163,(주)유원이앤씨,이양식,전남광주,순천2021-10-03,1356,280,760,315,0,327,2
기계설비,기계설비·가스공사업,5164,유원이엔씨(주),김도형,부산,부산사하2022-13-03,2678,67,900,1711,0,0,12
기계설비,기계설비·가스공사업,5165,(주)유원플랜트,유현수,경기,남양주-파-07,2140,251,1510,378,0,128,3
기계설비,기계설비·가스공사업,5166,(주)유유산업개발,유정은,인천,계양-26-파-02,372,0,120,252,0,0,2
기계설비,기계설비·가스공사업,5167,(주)유인엔지니어링,류훈희,대구,대구수성구2000-12-5,19806,12569,4914,1061,1260,9125,6
기계설비,기계설비·가스공사업,5168,(주)유일기업,천영문,충북,충북청주-99-12-9,3707,504,2547,605,50,505,4
기계설비,기계설비·가스공사업,5169,(주)유일기연,"이선정, 이재혁",경기,고양-2000-12-5,5861,3648,1469,378,364,6288,3
기계설비,기계설비·가스공사업,5170,(주)유일냉열기,김영선,충남,충남천안-2020-10-10,20,5,4,10,0,19,2
기계설비,기계설비·가스공사업,5171,(유)유일산업,유기춘,전북,전북99-1-1-2,858,204,127,505,20,241,4
기계설비,기계설비·가스공사업,5172,(주)유일엔지니어링,송수길,서울,서초-19-10-02,7371,2432,4321,514,104,5447,2
기계설비,기계설비·가스공사업,5173,유일이앤씨(주),이현기,전북,전북전주2024-파-2호,1187,327,482,378,0,608,3
기계설비,기계설비·가스공사업,5174,(주)유일이앤지,김현영,인천,영등포-03-12-1,732,55,418,252,5,0,2
기계설비,기계설비·가스공사업,5175,(주)유일이엔지,양승권,경기,고양2013-10-5,2524,519,1462,505,37,1679,4
기계설비,기계설비·가스공사업,5176,(주)유일주택건설관리,이상기,전남광주,광양22-파-07,1594,172,1034,387,0,415,3
기계설비,기계설비·가스공사업,5177,유일테크(주),최태근,경기,김포-18-10-06,2972,1595,547,760,68,1986,6
기계설비,기계설비·가스공사업,5178,(주)유정,김홍진,제주,제주제주2025-13-06,421,0,120,301,0,0,3
기계설비,기계설비·가스공사업,5179,유정산업개발(주),권대규,대전,대전서구-05-12-4,1823,342,1186,260,34,1018,2
기계설비,기계설비·가스공사업,5180,유정산업기계(주),정해교,울산,울산남구2021-10-12,1052,140,659,252,0,502,2
기계설비,기계설비·가스공사업,5181,(주)유정이앤티,김봉길,경남,창원의창 2018-10-03,1663,199,1195,260,8,338,2
기계설비,기계설비·가스공사업,5182,(유)유주,유임순,전북,전북남원 2009-10-05,817,181,369,252,12,342,2
기계설비,기계설비·가스공사업,5183,유주건설(주),박기숙,인천,인천남동20-10-04,1150,118,900,126,5,424,1
기계설비,기계설비·가스공사업,5184,유준이엔지(주),정유니,경기,수원2021-10-04,2319,900,990,428,0,1099,3
기계설비,기계설비·가스공사업,5185,(주)유진공영,김기영,부산,부산-12-105,6084,4405,859,378,440,5334,3
기계설비,기계설비·가스공사업,5186,유진기공(주),"조용표, 조태석",경기,고양2017-10-01,382,3,0,378,0,0,3
기계설비,기계설비·가스공사업,5187,유진기업(주),최재호,경기,부천-21-10-11,1373,275,1098,0,0,447,0
기계설비,기계설비·가스공사업,5188,(주)유진기연사,이기영,경기,부천2001-12-12,1887,161,505,1204,16,385,10
기계설비,기계설비·가스공사업,5189,(주)유진비엠에스,방향란,서울,충북청주제12-10-1,4315,2641,1168,315,189,2590,2
기계설비,기계설비·가스공사업,5190,유진산업(주),김태용,경남,진주시 2002-27-1-1,1398,108,900,378,10,58,3
기계설비,기계설비·가스공사업,5191,(주)유진설비,박행란,전남광주,전남12-72,559,128,127,290,12,35,2
기계설비,기계설비·가스공사업,5192,(유)유진시스템공조,강문,전북,전북전주2008-10-3,8165,1101,6607,378,78,1327,3
기계설비,기계설비·가스공사업,5193,유진아이엔디(주),조성규,경기,안산2014-10-9,1515,252,992,252,18,556,2
기계설비,기계설비·가스공사업,5194,(주)유진아이엔비,정요한,경기,안산2010-10-10,5333,2394,2515,252,171,2368,2
기계설비,기계설비·가스공사업,5195,(주)유진엔지니어링,최낙진,경기,안산-2004-27-448,15993,6261,7513,1590,627,6993,11
기계설비,기계설비·가스공사업,5196,(주)유진엠에스,은종욱,대구,대구 달서구 2009-10-4,146,62,35,44,4,113,3
기계설비,기계설비·가스공사업,5197,(주)유진이엔씨텍,최원덕,경기,화성12-10-12,1957,1063,817,0,75,1328,0
기계설비,기계설비·가스공사업,5198,(주)유진이엔지,김형근,부산,부산해운대제2009-10-03,7025,2078,3539,1258,148,2623,8
기계설비,기계설비·가스공사업,5199,유진이엔지(주),장건수,강원,삼척2014-23-01호,2566,1310,656,505,93,1557,4
기계설비,기계설비·가스공사업,5200,유진이엔지(주),진복철,강원,동해2018-10-02호,765,254,247,252,10,118,2
기계설비,기계설비·가스공사업,5201,(주)유진종합기계,"배영모, 배정민",전남광주,광주97-12-1,1809,636,603,505,63,870,4
기계설비,기계설비·가스공사업,5202,(주)유진테크닉스,이재욱,경기,평택-26-파-012호,0,0,0,0,0,0,2
기계설비,기계설비·가스공사업,5203,(주)유진티엠씨,박태국,경남,안산2001-12-0014,3409,509,2325,524,50,256,4
기계설비,기계설비·가스공사업,5204,(주)유진플랜트,강영호,충남,충남태안-13-10-02,1255,96,900,252,6,79,2
기계설비,기계설비·가스공사업,5205,유진플랜트(주),김수열,충남,충남당진-2022-10-02,9386,5003,3752,631,0,9769,5
기계설비,기계설비·가스공사업,5206,(주)유창,"조용선, 조우제",경기,시흥-25-파-12호,1453,0,900,553,0,0,2
기계설비,기계설비·가스공사업,5207,(유)유창,장현숙,전북,전북전주2015-10-4,68,46,-5,23,3,0,1
기계설비,기계설비·가스공사업,5208,(주)유창공조산업,유창림,경기,안양10-10-1,2519,293,1762,441,20,163,3
기계설비,기계설비·가스공사업,5209,(주)유창기연,마남현,서울,송파-10-10-09,5880,3778,1163,669,269,8102,5
기계설비,기계설비·가스공사업,5210,(주)유창알앤씨,성기원,대구,대구서구 2023-파-1호,1314,98,900,315,0,84,2
기계설비,기계설비·가스공사업,5211,유창유체기계(주),한명자,경기,경기시흥2018-10-37,621,122,241,252,5,184,2
기계설비,기계설비·가스공사업,5212,(주)유천,김철진,제주,제주2001-12-4,1433,578,482,314,57,746,2
기계설비,기계설비·가스공사업,5213,(주)유천써모텍,"김철영, 허헌주",경기,인천남동12-10-04,20658,13229,4892,1590,944,22003,11
기계설비,기계설비·가스공사업,5214,(주)유천엔바이로,문찬용,인천,인천남동18-10-06,609,106,245,252,4,66,2
기계설비,기계설비·가스공사업,5215,(주)유천엔지니어링,문석진,인천,인천남동21-10-12호,142,92,3,46,0,17,2
기계설비,기계설비·가스공사업,5216,(주)유텍이엔지,최재창,경기,충남천안-2015-10-03,6521,3332,2433,517,238,3756,3
기계설비,기계설비·가스공사업,5217,(주)유투,강철원,전남광주,광주서2018-10-02,3640,2306,604,630,99,2746,4
기계설비,기계설비·가스공사업,5218,(주)유티엠,윤영한,경기,부천2013-23-6,10582,2456,7041,908,175,3120,7
기계설비,기계설비·가스공사업,5219,(주)유티즌,한충열,경기,성남13-10-5,9378,2470,6379,352,176,3688,2
기계설비,기계설비·가스공사업,5220,(주)유피엘,고혜정,전북,전북부안 2024-파-011,1081,68,634,378,0,130,3
기계설비,기계설비·가스공사업,5221,유한건축설비,홍혜선,인천,인천연수-26-파-1,372,0,120,252,0,0,2
기계설비,기계설비·가스공사업,5222,유한공조시스템(주),노한올,서울,도봉-25-파-02,510,76,124,310,0,108,4
기계설비,기계설비·가스공사업,5223,유한기술(주),"장승혁, 장수송",전남광주,전남96-12-18,152859,49545,95756,2602,4954,67865,10
기계설비,기계설비·가스공사업,5224,(주)유한엔지니어링,최점숙,경기,경기-92-12-65,2150,904,422,732,91,1087,5
기계설비,기계설비·가스공사업,5225,(주)유한이엔지,유영진,경기,화성23-파-07,3179,577,1844,757,0,1441,6
기계설비,기계설비·가스공사업,5226,유한티유(주),장승혁,울산,울산울주2011-10-02,63441,38814,19185,2668,2772,66374,6
기계설비,기계설비·가스공사업,5227,유한플랜트(주),"이필용, 김경숙",서울,금천18-23-2,2125,664,674,757,28,773,6
기계설비,기계설비·가스공사업,5228,유한환경산업(주),김미경,충남,충남당진-2019-10-05,2573,672,1612,259,28,538,2
기계설비,기계설비·가스공사업,5229,유현기술(주),박철수,울산,울산남구2017-10-09,3358,1470,1534,290,63,1321,2
기계설비,기계설비·가스공사업,5230,(주)유현에스에이피,나미숙,충북,대구99-12-241,2683,894,1319,380,89,879,3
기계설비,기계설비·가스공사업,5231,유현이앤지(주),여순자,경기,중구-99-12-3,1170,286,594,260,28,479,2
기계설비,기계설비·가스공사업,5232,(주)유현이엔지,유재갑,부산,부산진2021-10-01,3205,948,1759,497,0,1657,3
기계설비,기계설비·가스공사업,5233,유호엔텍(주),김정탁,경기,광주20-10-06,1617,1240,7,315,53,200,2
기계설비,기계설비·가스공사업,5234,유호전기공업(주),"유인창, 한국찬",경기,양주15-10-2,1170,0,900,270,0,0,2
기계설비,기계설비·가스공사업,5235,(주)유화,최은희,경북,경북상주2020-10-01,1591,264,1062,252,11,861,2
기계설비,기계설비·가스공사업,5236,유화건설(주),오유섭,전남광주,무안제25-파-01,934,0,492,442,0,0,3
기계설비,기계설비·가스공사업,5237,유화산업개발(주),이상찬,울산,경남-96-12-16,36434,9903,22603,2937,990,10424,18
기계설비,기계설비·가스공사업,5238,(주)유환,이수영,부산,부산진2003-12-04,3209,757,1844,531,75,943,4
기계설비,기계설비·가스공사업,5239,육송(주),신경림,경기,안성2024-파-0004,1060,33,900,126,0,76,1
기계설비,기계설비·가스공사업,5240,(유)육영건설,김종원,전북,대전-99-12-17,1418,594,0,764,59,1443,6
기계설비,기계설비·가스공사업,5241,(주)윤경산업,이장윤,전북,전북전주2021-10-3,815,45,391,378,0,33,3
기계설비,기계설비·가스공사업,5242,(주)윤빛,임상욱,경기,인천남동17-10-06,2611,717,895,968,30,1013,7
기계설비,기계설비·가스공사업,5243,(주)윤성,강창호,강원,동해2011-10-01,2858,304,1824,708,21,738,4
기계설비,기계설비·가스공사업,5244,윤성개발(주),윤영채,전남광주,광주서02-12-01,14802,4009,10118,274,400,2189,2
기계설비,기계설비·가스공사업,5245,(주)윤성냉열엔지니어링,윤성현,서울,마포13-10-01,1278,0,900,378,0,0,3
기계설비,기계설비·가스공사업,5246,(주)윤성에프앤씨,박치영,경기,화성14-10-12,7970,2369,4785,645,169,7891,1
기계설비,기계설비·가스공사업,5247,(주)윤성엔지니어링,강윤수,울산,울산남구2016-10-05,594,327,0,252,14,138,2
기계설비,기계설비·가스공사업,5248,(주)윤성이엔지,"김진현, 손영천",서울,부산-12-14,1627,435,729,417,43,228,3
기계설비,기계설비·가스공사업,5249,(주)윤성이지텍,김윤희,서울,강북-24-파-01,1215,314,492,381,26,760,3
기계설비,기계설비·가스공사업,5250,(주)윤슬이엔씨,고유현,제주,제주제주2023-13-01,1189,382,390,416,0,369,3
기계설비,기계설비·가스공사업,5251,윤영건설(주),박재영,전북,전북고창2021-12-07,2001,249,1350,401,0,592,3
기계설비,기계설비·가스공사업,5252,(주)윤인건설,박남규,서울,송파-18-23-01,1160,0,900,260,0,0,2
기계설비,기계설비·가스공사업,5253,(주)윤진건설,박정기,경기,수원12-23-1,4655,1257,2802,505,89,1168,4
기계설비,기계설비·가스공사업,5254,(주)윤진엔지니어링,우청제,대전,대전대덕-01-12-8,7687,1965,4893,631,197,3331,5
기계설비,기계설비·가스공사업,5255,윤창기공(주),"김경규, 백정준",서울,92-서울-12-31,118449,50183,57102,6088,5075,36311,26
기계설비,기계설비·가스공사업,5256,(주)윤호건설,윤용근,부산,부산진2005-12-5,8894,1462,6396,888,146,1461,7
기계설비,기계설비·가스공사업,5257,율림테크(주),현승열,경기,창원성산2023-파-7,585,31,263,290,0,73,2
기계설비,기계설비·가스공사업,5258,(주)율성가스산업,김종운,서울,도봉15-27-01-01,1084,341,339,378,24,438,3
기계설비,기계설비·가스공사업,5259,(주)율원엔지니어링,문창식,전남광주,광주북2009-10-02,2431,1249,801,290,89,1076,2
기계설비,기계설비·가스공사업,5260,율하이앤씨(주),최병준,경기,안산2011-10-5,4563,1802,2127,505,128,2716,4
기계설비,기계설비·가스공사업,5261,(주)으뜸공조,채규희,서울,성동-06-12-4,8450,5455,2286,316,391,8461,2
기계설비,기계설비·가스공사업,5262,(주)으뜸이엔지,"노정기, 황정화",제주,제주 서귀포2016-10-15,2314,1039,598,631,44,932,5
기계설비,기계설비·가스공사업,5263,(주)으뜸플랜트,김동율,경기,구로-00-12-8,1203,242,684,252,24,15,2
기계설비,기계설비·가스공사업,5264,은관기업(주),이종선,충북,충북청주제05-12-06,2007,327,1395,252,32,460,2
기계설비,기계설비·가스공사업,5265,(주)은광,정은기,전남광주,광양22-파-02,494,209,47,237,0,191,2
기계설비,기계설비·가스공사업,5266,(주)은광엔지니어링,전홍관,부산,부산사하-2003-27-1-01,1581,342,534,670,34,804,5
기계설비,기계설비·가스공사업,5267,(주)은민에스엔디,"이승성, 정태용, 이상민",서울,강남-22-파-03,22852,1219,7318,14242,72,0,64
기계설비,기계설비·가스공사업,5268,(주)은성,박지영,경북,경북울진제2006-12-1호,727,228,221,260,16,194,4
기계설비,기계설비·가스공사업,5269,(주)은성알앤디,문솔연,울산,울산남구2020-10-05,8738,3700,3797,1081,159,5861,8
기계설비,기계설비·가스공사업,5270,(주)은성앤텍,"강영학, 임송주",경기,안산-25-파-07,664,63,347,252,0,91,2
기계설비,기계설비·가스공사업,5271,(주)은성에너지,박서준,부산,해운대-99-27-1-1,2214,450,1024,694,45,459,5
기계설비,기계설비·가스공사업,5272,(주)은성엔지니어링,최대윤,울산,울산남구2025-파-01,783,246,265,271,0,352,2
기계설비,기계설비·가스공사업,5273,(주)은성이엔지,이철호,부산,부산동래2023-파-02호,1432,175,1004,252,0,470,2
기계설비,기계설비·가스공사업,5274,은성화학(주),이경순,경기,안성2010-10-3,5995,1411,3958,524,100,384,4
기계설비,기계설비·가스공사업,5275,은승엔지니어링(주),이춘남,인천,인천남구2011-10-2,4198,1992,1539,525,142,2631,4
기계설비,기계설비·가스공사업,5276,(유)은아설비,김형곤,전북,전북전주2001-12-4,14686,4461,8623,1155,446,5670,6
기계설비,기계설비·가스공사업,5277,은진건설(주),송남진,경북,경북청송2024-파-01,1320,68,900,351,0,147,2
기계설비,기계설비·가스공사업,5278,은진건설설비(주),전재수,울산,울산남구2002-12-25,1316,263,774,252,26,209,2
기계설비,기계설비·가스공사업,5279,은진기업(주),노수문,대전,대전-95-12-1,29555,16066,8919,2949,1620,10002,14
기계설비,기계설비·가스공사업,5280,(주)은하,천상포,부산,부산금정2011-10-03,4304,1780,2143,252,127,1277,2
기계설비,기계설비·가스공사업,5281,(주)은하,이경식,강원,강원2001-12-17,1025,513,0,416,95,182,3
기계설비,기계설비·가스공사업,5282,(주)은하이엔지,박환출,부산,부산진2004-12-02,2685,1296,790,505,92,2117,4
기계설비,기계설비·가스공사업,5283,을묘종합건설(주),임주현,서울,강동-16-10-01,21421,7239,10462,3409,310,6758,23
기계설비,기계설비·가스공사업,5284,을지공영(주),서정호,서울,구로-07-12-2,2568,268,1612,667,19,0,4
기계설비,기계설비·가스공사업,5285,(주)을지공조시스템,김동관,서울,용산08-10-03,6769,5442,395,540,391,11777,4
기계설비,기계설비·가스공사업,5286,(주)을지모터펌프,박충일,충북,충북영동14-10-1,513,137,75,290,9,122,2
기계설비,기계설비·가스공사업,5287,(주)을화,서경,서울,강남-00-27-1-39,6553,1854,3881,631,185,2113,5
기계설비,기계설비·가스공사업,5288,(주)의림공영,이동규,충북,충북제천08-27-01-2,3941,1341,1725,779,95,1844,6
기계설비,기계설비·가스공사업,5289,의림환경에너텍(주),서경수,충북,충북제천 25-파-1,989,78,595,315,0,77,2
기계설비,기계설비·가스공사업,5290,(주)의성테크,정정길,서울,성북-06-12-3,2484,314,1887,259,22,7,2
기계설비,기계설비·가스공사업,5291,의진산업,정순미,경남,창원의창2020-10-03,1244,499,466,257,21,877,2
기계설비,기계설비·가스공사업,5292,(주)이가건설,이민용,경기,수원-25-파-01,1398,0,900,498,0,0,2
기계설비,기계설비·가스공사업,5293,(주)이건이앤지,정강재,대구,대구북구2002-12-03,491,51,0,435,5,15,3
기계설비,기계설비·가스공사업,5294,이경(주),이상근,충남,충남천안-2019-23-02,778,118,149,505,5,90,4
기계설비,기계설비·가스공사업,5295,이곡이엔씨(주),송광영,서울,광진10-10-02,1210,172,473,552,12,483,4
기계설비,기계설비·가스공사업,5296,(주)이공,김형철,경기,평택-25-파-006,1049,516,280,252,0,738,2
기계설비,기계설비·가스공사업,5297,이너스(주),왕창수,서울,성동17-10-05,10702,5977,4119,349,256,8954,2
기계설비,기계설비·가스공사업,5298,(주)이너스,이원희,강원,시흥2013-10-17,3984,1480,1981,416,105,2106,3
기계설비,기계설비·가스공사업,5299,(주)이너지테크놀러지스,최윤식,경기,송파-11-10-06,2684,667,1337,631,47,1000,5
기계설비,기계설비·가스공사업,5300,이넵스(주),이동일,인천,용인2012-10-1,55877,31925,19215,2455,2280,31571,18
기계설비,기계설비·가스공사업,5301,(주)이노에스티,조성호,서울,송파-20-10-13,420,0,293,126,0,0,1
기계설비,기계설비·가스공사업,5302,(주)이노에코,이영자,부산,부산해운대2018-10-02,743,7,419,315,0,0,2
기계설비,기계설비·가스공사업,5303,(주)이노이엔씨,신강식,경기,성남18-10-1,10789,5242,4842,479,224,9935,2
기계설비,기계설비·가스공사업,5304,이노탑(주),박향권,경기,경기-98-12-34,1345,502,457,334,50,1434,2
기계설비,기계설비·가스공사업,5305,(주)이담이엔지,박충열,서울,송파-21-10-09,5371,2829,2270,271,0,2244,2
기계설비,기계설비·가스공사업,5306,이덕건설(주),최영희,서울,관악-97-27-1-1,1103,407,276,378,40,426,3
기계설비,기계설비·가스공사업,5307,(주)이데아이엔에스,유은순,경기,성남16-10-8,1171,622,254,267,26,1048,2
기계설비,기계설비·가스공사업,5308,(주)이도이엔지,강선호,부산,부산진구2021-10-04,4250,2502,1208,540,0,4215,3
기계설비,기계설비·가스공사업,5309,(주)이도이엔지,이상운,세종,세종-24-13-03호,1537,781,503,252,0,1522,2
기계설비,기계설비·가스공사업,5310,(유)이든씨앤씨,김경훈,전남광주,목포2010-10-02,1672,809,552,252,57,91,2
기계설비,기계설비·가스공사업,5311,(주)이든엔지니어링,최희숙,서울,서초-23-파-05,2391,540,1321,529,0,647,4
기계설비,기계설비·가스공사업,5312,(주)이든이앤씨,"정영준, 손동진",경기,성남-25-파(기계)-2,1220,0,900,320,0,0,2
기계설비,기계설비·가스공사업,5313,(주)이디아이앤씨,박경훈,서울,성북16-10-01,9824,1791,7432,524,76,1869,4
기계설비,기계설비·가스공사업,5314,(주)이라인후소,심명숙,전남광주,전남화순2020-10-01,1610,192,1156,252,8,313,2
기계설비,기계설비·가스공사업,5315,(주)이래엠이씨,김미자,경기,부천-14-10-4,10206,3589,4673,1686,256,5139,5
기계설비,기계설비·가스공사업,5316,(주)이랜드건설,"정승훈, 김태영",경기,금천-16-10-02,2163,40,900,1222,1,143,0
기계설비,기계설비·가스공사업,5317,(주)이레,박남종,전남광주,광양2001-12-04,2561,935,1280,252,93,1351,2
기계설비,기계설비·가스공사업,5318,(주)이레,남건영,경북,경북 문경 2013-10-01,2506,363,1447,669,25,445,5
기계설비,기계설비·가스공사업,5319,(주)이레건설산업,이윤호,경기,평택-25-파-015,524,240,157,126,0,343,1
기계설비,기계설비·가스공사업,5320,(주)이레기계설비,함순균,경기,포천-06-12-1,1852,1106,250,416,79,1783,3
기계설비,기계설비·가스공사업,5321,이레비앤디(주),"김옥화, 권정문",서울,서초-14-10-08,7942,4066,2187,1398,290,6164,10
기계설비,기계설비·가스공사업,5322,(주)이레시스템공조,장길수,경남,창원의창2019-10-02,858,193,404,252,8,208,2
기계설비,기계설비·가스공사업,5323,이레씨엔에스(주),"김익규, 김근식",서울,대구중구2005-12-1,8960,1165,6994,683,116,1238,5
기계설비,기계설비·가스공사업,5324,(주)이레에너지테크,강래원,서울,94-서울-12-246,14524,3218,9005,1976,323,4657,14
기계설비,기계설비·가스공사업,5325,(주)이레에프에이,한승원,경기,부천-22-13-02,1255,80,900,275,0,286,2
기계설비,기계설비·가스공사업,5326,(주)이레테크,지만영,경기,군포08-10-1,837,300,127,387,21,398,5
기계설비,기계설비·가스공사업,5327,이루소(주),이루소,부산,광주광산2011-10-03,2584,532,820,1193,38,1148,9
기계설비,기계설비·가스공사업,5328,이룬(주),신명섭,세종,세종-24-13-04호,860,256,288,315,0,322,2
기계설비,기계설비·가스공사업,5329,(주)이룸,김홍일,강원,2019-10-01호,1644,372,304,951,15,364,7
기계설비,기계설비·가스공사업,5330,(주)이룸이엔씨,정원국,제주,제주 제주2018-10-02,1283,516,432,312,22,904,2
기계설비,기계설비·가스공사업,5331,(주)이룸이엔지,정의선,경기,수원2020-10-07,951,352,204,378,15,314,3
기계설비,기계설비·가스공사업,5332,(주)이림이엔씨,임경철,경기,수원2021-10-02,3618,1435,1721,460,0,3172,2
기계설비,기계설비·가스공사업,5333,(주)이맥스시스템,"이종욱, 이종민",서울,강서-05-12-3,46991,22323,21784,650,2232,35926,2
기계설비,기계설비·가스공사업,5334,(주)이맥스파워,"이원열, 김남균",서울,서초-22-파-03,1152,0,900,252,0,0,2
기계설비,기계설비·가스공사업,5335,(주)이모트원,최민기,대구,대구수성-25-파-01,1191,0,900,291,0,0,2
기계설비,기계설비·가스공사업,5336,이브이시스(주),오영식,충북,충북청주 제15-10-13,0,0,0,0,0,0,2
기계설비,기계설비·가스공사업,5337,(주)이삭에너지,박명군,전남광주,신안2024-파-01,8280,6034,1993,252,0,8620,2
기계설비,기계설비·가스공사업,5338,(주)이산종합건설,홍영미,제주,제주 제주2019-10-09,1803,103,900,795,4,0,6
기계설비,기계설비·가스공사업,5339,(주)이상건업,최성욱,대전,대전서구-00-12-1,6315,2450,3214,405,245,2954,2
기계설비,기계설비·가스공사업,5340,이상시스템(주),윤정현,충남,충남공주-2021-10-01,988,210,399,378,0,219,3
기계설비,기계설비·가스공사업,5341,(주)이상이엔지,강성환,대전,대전서구-23-파-2,5347,2994,1847,505,0,5406,4
기계설비,기계설비·가스공사업,5342,(주)이석플랜트,이완규,서울,관악-03-27-1-6,2592,904,836,761,90,1315,6
기계설비,기계설비·가스공사업,5343,(주)이성,이영희,대구,대구북구2010-12-3,1710,383,1028,271,27,1044,2
기계설비,기계설비·가스공사업,5344,이성씨엔아이(주),"박기선, 이명춘",부산,부산기장2021-10-01,697,289,0,407,0,580,3
기계설비,기계설비·가스공사업,5345,(주)이손,손신국,전남광주,전남12-85,3253,1716,336,1029,171,1639,8
기계설비,기계설비·가스공사업,5346,(주)이손아이에스,이승현,경기,강남-05-12-20,9707,2133,6700,659,213,2723,5
기계설비,기계설비·가스공사업,5347,이솔이엔지,강전근,대전,대전대덕-22-13-03,1264,131,875,257,0,300,2
기계설비,기계설비·가스공사업,5348,(주)이수,김옥주,강원,춘천2021-10-03호,975,376,346,252,0,560,2
기계설비,기계설비·가스공사업,5349,(주)이수,유영찬,경기,경기-98-12-27,14871,6675,6757,770,667,16570,5
기계설비,기계설비·가스공사업,5350,이수건설(주),김학봉,서울,서초-99-27-1-4,14765,0,0,14765,0,0,56
기계설비,기계설비·가스공사업,5351,이수건설(유),허승회,전북,전북-12-111,4259,582,2375,1243,58,921,8
기계설비,기계설비·가스공사업,5352,(주)이수에이치앤씨,최홍림,경기,94-서울-12-56,6178,2138,2723,1102,213,1729,8
기계설비,기계설비·가스공사업,5353,(주)이수엔지니어링,"이선미, 이상태",대전,대전서구-16-10-3,11245,2956,7348,814,126,3990,4
기계설비,기계설비·가스공사업,5354,(주)이수이엔지,정완철,서울,금천-19-10-09,3040,1980,847,126,85,1788,1
기계설비,기계설비·가스공사업,5355,(주)이수이엔지,박경석,경남,경북구미2013-10-6,1846,522,1000,286,37,977,2
기계설비,기계설비·가스공사업,5356,(주)이수이엔지,정인선,경남,밀양20-10-01,1892,288,1087,505,12,307,4
기계설비,기계설비·가스공사업,5357,(주)이스퀘어이앤씨,박노호,서울,용산-26-파-01,685,0,413,271,0,0,2
기계설비,기계설비·가스공사업,5358,이스타건설(주),김찬우,강원,정선2019-10-01호,1926,80,900,942,3,120,5
기계설비,기계설비·가스공사업,5359,(유)이스트시스템,조성빈,전북,전북전주2022-파-9호,1275,508,461,305,0,1432,2
기계설비,기계설비·가스공사업,5360,(주)이십일세기공조,이훈철,서울,강서-10-10-02,1521,625,472,378,44,1177,3
기계설비,기계설비·가스공사업,5361,이십일세기이엔지(주),장훈,경기,하남2015-10-1,1859,1149,375,252,82,1183,2
기계설비,기계설비·가스공사업,5362,(주)이씨에스,김현이,전북,전북전주2015-10-5,1476,489,700,252,34,142,2
기계설비,기계설비·가스공사업,5363,(주)이씨티,배영락,경기,화성20-10-30,8482,3825,4240,252,163,610,2
기계설비,기계설비·가스공사업,5364,이아이시텍(주),박순애,전남광주,전남화순26-파-01호,372,0,120,252,0,0,2
기계설비,기계설비·가스공사업,5365,(주)이안,김월선,인천,인천-96-12-15,3049,497,2085,416,49,430,3
기계설비,기계설비·가스공사업,5366,(주)이안,이성복,전남광주,광양2019-10-02,1300,171,868,252,7,208,2
기계설비,기계설비·가스공사업,5367,(주)이안플랜트,정희순,대전,대전서구-11-23-2,1261,232,487,505,36,246,4
기계설비,기계설비·가스공사업,5368,이알시스템,김래성,경기,평택17-10-0006,962,128,575,252,5,459,2
기계설비,기계설비·가스공사업,5369,(주)이알텍,여동구,경북,경산2025-파-1,1392,652,424,315,0,931,2
기계설비,기계설비·가스공사업,5370,(주)이앤,강신영,전남광주,광주북2021-10-02,1387,40,716,631,0,41,5
기계설비,기계설비·가스공사업,5371,(주)이앤씨씨,이영희,경기,마포15-10-05,4322,919,3021,315,65,742,2
기계설비,기계설비·가스공사업,5372,(주)이앤알,윤동부,전남광주,함평2020-10-01,338,81,0,253,3,119,2
기계설비,기계설비·가스공사업,5373,(주)이앤에스시스템,박선희,충남,충남천안-2022-파-10,1963,244,1466,252,0,552,2
기계설비,기계설비·가스공사업,5374,(주)이앤이솔루션,"김경주, 이계영",경기,용인-25-파-05,1541,264,963,313,0,378,2
기계설비,기계설비·가스공사업,5375,(주)이앤지건설,권수미,경기,고성 2021-10-01,658,246,159,252,0,649,2
기계설비,기계설비·가스공사업,5376,(주)이앤코,송병근,부산,부산해운대2020-23-01,1605,783,282,505,33,721,4
기계설비,기계설비·가스공사업,5377,(주)이에스,강명철,경기,시흥08-10-4,14524,4703,8049,1433,338,6851,11
기계설비,기계설비·가스공사업,5378,(유)이에스기공,안경수,전북,전북군산-22-파-07호,9523,3276,5866,378,1,6570,3
기계설비,기계설비·가스공사업,5379,이에스시솔루션(주),최정준,경기,성동17-10-04,1418,122,578,712,5,307,3
기계설비,기계설비·가스공사업,5380,(주)이에스에너텍,엄종원,강원,삼척2018-23-01호,1126,320,161,631,13,280,5
기계설비,기계설비·가스공사업,5381,(주)이에스엘,송석재,경기,충남천안-05-12-03,11844,5929,3151,2167,594,11096,17
기계설비,기계설비·가스공사업,5382,이에스콘트롤스(주),"김영준, 조제근",서울,은평-06-12-4,8098,2542,4995,378,181,4054,3
기계설비,기계설비·가스공사업,5383,이에스텍(주),임정만,경기,광주서2014-10-02,7415,4034,2035,1056,289,6020,5
기계설비,기계설비·가스공사업,5384,(주)이에스텍,최현규,경북,경북구미2000-12-4,47263,24912,18681,1170,2498,34105,7
기계설비,기계설비·가스공사업,5385,이에이치솔루텍(주),김영오,대전,대전유성-2019-23-1-2,3336,1148,1634,505,49,1559,4
기계설비,기계설비·가스공사업,5386,(주)이에이치엠(EHM),이희만,세종,세종시-2018-10-01,1897,1012,588,252,43,1102,2
기계설비,기계설비·가스공사업,5387,(주)이에프엔지니어링,김효석,경기,수원12-10-3,5501,1675,2998,707,119,2985,5
기계설비,기계설비·가스공사업,5388,이엔씨종합설비(주),이용훈,서울,용산-07-12-3,1116,333,503,255,23,318,2
기계설비,기계설비·가스공사업,5389,(주)이엔에너지,"김정하, 최재남",경기,안양-18-23-01,1329,476,327,505,20,654,4
기계설비,기계설비·가스공사업,5390,(주)이엔에스,이준민,충남,충남천안-2018-10-01,6768,4701,1088,776,201,6543,6
기계설비,기계설비·가스공사업,5391,(주)이엔이테크놀러지,임창호,경기,안산-25-파-06,463,61,111,290,0,88,2
기계설비,기계설비·가스공사업,5392,(주)이엔이텍,이붕용,충남,충남당진-2016-10-08,5592,2930,2135,399,125,5665,3
기계설비,기계설비·가스공사업,5393,(주)이엔지세기시설,정대갑,서울,강남-01-12-38,2163,690,861,543,69,1012,4
기계설비,기계설비·가스공사업,5394,(주)이엔지한국플랜트,강봉현,경기,송파-01-12-22,3556,608,2508,378,60,948,3
기계설비,기계설비·가스공사업,5395,(주)이엘건설,연채명,경기,고양2023-파-04,1904,235,1410,259,0,322,2
기계설비,기계설비·가스공사업,5396,(주)이엘바이오,이리브가,인천,인천서구2023-파-11,1355,157,945,252,0,562,2
기계설비,기계설비·가스공사업,5397,(주)이엘씨,"김문희, 곽근형",경기,부천-25-파-02,1480,69,900,510,0,99,4
기계설비,기계설비·가스공사업,5398,이엘이시스템(주),이제근,충남,충남천안-2019-10-12,487,152,202,126,6,545,1
기계설비,기계설비·가스공사업,5399,(주)이엠솔루션,박훈민,경기,수원-24-파-09,0,0,0,0,0,0,2
기계설비,기계설비·가스공사업,5400,(주)이엠시스텍,"김무룡, 김예준",부산,부산사상18-10-1,1194,153,490,543,6,391,4
기계설비,기계설비·가스공사업,5401,이엠아이(주),문수용,경기,화성24-파-08,972,0,309,663,0,0,5
기계설비,기계설비·가스공사업,5402,(주)이엠아이플랜텍,천유환,경북,경북포항2019-10-04,3482,1650,1318,443,70,3559,3
기계설비,기계설비·가스공사업,5403,(주)이엠아이플랜트,강채연,서울,전남장성2015-10-03,2031,485,1086,424,34,480,3
기계설비,기계설비·가스공사업,5404,(주)이엠이앤씨,"김영수, 김찬호",경기,안양-22-파-03,5913,4477,1183,252,0,3219,2
기계설비,기계설비·가스공사업,5405,(주)이엠이앤지,정진우,서울,강남-16-10-02,6818,3002,3308,378,128,2806,3
기계설비,기계설비·가스공사업,5406,(주)이엠텍,최양일,경기,화성20-10-23,1035,671,0,335,28,165,3
기계설비,기계설비·가스공사업,5407,이엠텍,이수협,대구,경북군위22-파-01,708,206,249,252,0,520,2
기계설비,기계설비·가스공사업,5408,(주)이연텍,남수섭,울산,울산남구2022-파-04,2921,2258,157,505,0,3618,4
기계설비,기계설비·가스공사업,5409,(주)이오,임재택,전남광주,광주북2010-10-08,2937,1027,1520,315,73,1085,2
기계설비,기계설비·가스공사업,5410,(주)이오기계설비,박은형,충남,충남계룡-2023-파-01,829,219,356,253,0,503,2
기계설비,기계설비·가스공사업,5411,(주)이오이앤지,박정권,대전,광주북2011-10-05,984,313,405,252,13,400,2
기계설비,기계설비·가스공사업,5412,(주)이오플랜트,장정남,전남광주,광주광산2013-23-03,4144,2740,829,378,195,4063,3
기계설비,기계설비·가스공사업,5413,이온텍(주),방용수,전남광주,여수-23-파-03,1013,616,89,308,0,2420,4
기계설비,기계설비·가스공사업,5414,(주)이원,신동문,전남광주,광주북2017-10-03,2222,396,1556,252,17,670,2
기계설비,기계설비·가스공사업,5415,(주)이원그린텍,김동일,경기,화성12-10-5,13779,3582,8907,1033,255,6216,4
기계설비,기계설비·가스공사업,5416,(주)이원이엔씨,이홍기,전남광주,광주남2009-10-01,1289,425,391,441,30,461,3
기계설비,기계설비·가스공사업,5417,(주)이원이엔지,이태호,충남,충남천안-2021-10-08,8174,4171,3512,252,238,9260,2
기계설비,기계설비·가스공사업,5418,(주)이유이엔지,임준영,서울,강북-25-파-02,973,0,531,441,0,0,3
기계설비,기계설비·가스공사업,5419,(주)이음엔지니어링,"김세민, 최우석",충남,충남천안-2020-10-07,1600,440,889,252,18,996,2
기계설비,기계설비·가스공사업,5420,(주)이음테크,배동섭,전남광주,광주광산-26--04,372,0,120,252,0,0,2
기계설비,기계설비·가스공사업,5421,(주)이음테크,유정기,전북,전북군산-23-파-03호,2964,1927,650,385,0,4130,3
기계설비,기계설비·가스공사업,5422,(주)이인,최형진,전남광주,영광2026-파-02호,372,0,120,252,0,0,2
기계설비,기계설비·가스공사업,5423,(주)이인기공,김연성,경기,남양주19-10-42,7116,3030,3451,505,129,4299,4
기계설비,기계설비·가스공사업,5424,(주)이일엔지니어링,"정찬면, 정봉기",경기,강남-99-12-23,15553,7442,6224,1136,750,11417,9
기계설비,기계설비·가스공사업,5425,(주)이젠아이,서영관,서울,강남-99-12-18,50334,25613,20636,1508,2576,28523,7
기계설비,기계설비·가스공사업,5426,(주)이젠엔지니어링,강한기,서울,강남-11-10-07,10685,6961,2261,963,499,10563,7
기계설비,기계설비·가스공사업,5427,(주)이젠테크,손정희,경북,경북포항2015-10-01,2028,350,893,759,25,722,6
기계설비,기계설비·가스공사업,5428,(주)이좋은공조,허지숙,서울,용인2017-10-5,2329,1099,804,378,47,1283,3
기계설비,기계설비·가스공사업,5429,(주)이지건설,오봉국,강원,원주2019-10-07호,1209,152,652,397,6,163,3
기계설비,기계설비·가스공사업,5430,(주)이지스,김진구,충남,충남천안-2018-23-03,5316,1720,2511,1010,73,1558,8
기계설비,기계설비·가스공사업,5431,(주)이지스소방,"박준길, 박형열",울산,울산남구2026-파-02,1660,0,900,760,0,0,6
기계설비,기계설비·가스공사업,5432,(유)이지시스템,박세순,전북,정읍06-12-3,1989,257,1461,252,18,309,2
기계설비,기계설비·가스공사업,5433,(주)이지에너텍,이지훈,인천,구로-00-27-1-1,4879,2960,642,980,296,3061,7
기계설비,기계설비·가스공사업,5434,(주)이지에버텍,장원미,부산,부산기장2018-10-01,791,133,400,252,5,391,2
기계설비,기계설비·가스공사업,5435,(주)이지이엔씨,김권중,경기,안산-2007-12-5,34876,15020,16695,2083,1077,25866,13
기계설비,기계설비·가스공사업,5436,(주)이지택시스템,김윤식,서울,관악-12-10-01,6563,2506,3227,650,179,2584,5
기계설비,기계설비·가스공사업,5437,(주)이지테크,서정석,전남광주,광양2004-12-06,3452,1509,1036,755,151,1523,5
기계설비,기계설비·가스공사업,5438,이지테크원(주),조윤철,울산,울산남구2010-10-04,3423,1964,1003,315,140,3244,2
기계설비,기계설비·가스공사업,5439,(주)이지텍,김미애,경기,평택-23-파-025,1026,0,900,126,0,0,1
기계설비,기계설비·가스공사업,5440,(주)이천공조,김상원,경기,이천08-10-3,2206,289,1644,252,20,1008,2
기계설비,기계설비·가스공사업,5441,(주)이치코퍼레이션,윤은지,강원,원주2020-10-05호,1058,303,482,258,13,606,2
기계설비,기계설비·가스공사업,5442,이케이네이션(주),백정준,대전,대전서구-07-12-7,167498,33344,128054,3717,2381,64559,15
기계설비,기계설비·가스공사업,5443,(주)이케이이엔지,김봉수,부산,부산강서2019-10-02,3368,1388,1288,631,59,1323,5
기계설비,기계설비·가스공사업,5444,이케이환경건설(주),서연주,경남,창원마회2025-파-02,1204,47,900,257,0,67,2
기계설비,기계설비·가스공사업,5445,(주)이코우,김경규,경북,경북성주2021-10-2,4990,989,3748,252,0,2351,2
기계설비,기계설비·가스공사업,5446,(주)이콘,김병근,경남,김해-25-파-02,405,0,105,300,0,0,4
기계설비,기계설비·가스공사업,5447,(주)이테크씨앤에스,이동현,경기,수원2014-10-5,1986,1001,661,252,71,802,2
기계설비,기계설비·가스공사업,5448,이텍솔루션,윤용수,경북,성주-25-파-2,1190,0,900,290,0,0,2
기계설비,기계설비·가스공사업,5449,(주)이티씨,윤영희,경북,경북안동2021-10-02,1840,970,575,294,0,2406,2
기계설비,기계설비·가스공사업,5450,(주)이티엠,김승탁,서울,성동21-10-01,3437,2322,609,505,0,5086,4
기계설비,기계설비·가스공사업,5451,(주)이티이엔씨,이영신,경기,수원-22-파-08,1759,239,1102,416,0,856,3
기계설비,기계설비·가스공사업,5452,(주)이플러스엔지니어링,최선철,서울,금천-10-10-10,3302,647,2350,258,46,582,2
기계설비,기계설비·가스공사업,5453,(주)이피아,임만순,충남,충남아산-2013-10-08,880,303,176,378,21,684,3
기계설비,기계설비·가스공사업,5454,(주)이피아이티,김종문,인천,인천부평구2012-10-02,11248,2602,7308,1151,185,3553,7
기계설비,기계설비·가스공사업,5455,(주)이피엘,최금연,부산,부산해운대2017-10-01,3145,2161,559,331,92,2707,2
기계설비,기계설비·가스공사업,5456,이피엘엔지니어링(주),박용식,서울,성동12-10-01,1297,746,308,189,53,120,1
기계설비,기계설비·가스공사업,5457,이피코리아(주),배문찬,서울,성동18-10-03,2412,1553,321,471,66,2111,3
기계설비,기계설비·가스공사업,5458,(주)이한디자인,한세라,부산,해운대2015-10-02,1225,65,900,255,4,158,2
기계설비,기계설비·가스공사업,5459,(주)이한테크,한재경,경기,성남-03-12-7,1455,598,418,378,59,1308,3
기계설비,기계설비·가스공사업,5460,이호건설(주),이주섭,경기,인천서구2003-12-2,2495,315,1895,252,31,561,2
기계설비,기계설비·가스공사업,5461,(유)이화건설산업,이은경,전북,전북전주2024-파-9호,361,64,129,167,0,86,2
기계설비,기계설비·가스공사업,5462,이화기계(주),"이광택, 이종호",경기,서울-12-81,0,0,0,0,0,0,11
기계설비,기계설비·가스공사업,5463,(주)이화에코시스템,윤창진,경기,화성09-10-6,1126,429,199,467,30,789,2
기계설비,기계설비·가스공사업,5464,이화엔지니어링,이송수,경기,화성10-10-3,1072,623,151,252,44,766,2
기계설비,기계설비·가스공사업,5465,(주)이화테크,류성종,경기,성남-25-파(기계)-55호,1424,0,900,524,0,0,4
기계설비,기계설비·가스공사업,5466,(주)이화폴리텍,김성애,전남광주,광주광산2019-10-02,834,144,431,252,6,0,2
기계설비,기계설비·가스공사업,5467,(주)익선테크,강을기,경기,의정부2021-10-1,1016,68,568,378,0,29,3
기계설비,기계설비·가스공사업,5468,익전건설(주),박경종,서울,94-서울-12-25,9868,1213,7279,1254,121,1436,6
기계설비,기계설비·가스공사업,5469,(주)인강,김성원,충남,충남천안-02-12-06,1190,186,713,271,18,264,2
기계설비,기계설비·가스공사업,5470,(주)인강,조종은,충남,충남보령-2015-10-01,1660,368,742,524,26,133,4
기계설비,기계설비·가스공사업,5471,(주)인경,임인철,전남광주,충남홍성2011-10-01,985,354,352,252,25,828,2
기계설비,기계설비·가스공사업,5472,(주)인광이엔씨,"황광연, 황인석",대전,대전동구-2002-12-04,3283,1494,962,591,234,1570,4
기계설비,기계설비·가스공사업,5473,(주)인더플랜트,정영숙,경남,강원2001-12-18,746,83,401,252,8,0,2
기계설비,기계설비·가스공사업,5474,(주)인덕엔지니어링,"임웅학, 이성수",경기,용인-2005-27(1)-166,10353,4396,4102,1413,440,5771,10
기계설비,기계설비·가스공사업,5475,(주)인보건설,이장혁,전남광주,여수-24-파-04,1903,231,1386,285,0,461,2
기계설비,기계설비·가스공사업,5476,(주)인빌트,정용석,서울,서초-23-파-03,15025,8190,6326,505,2,11483,4
기계설비,기계설비·가스공사업,5477,(주)인선플랜트,김영애,강원,삼척2024-사-01호,4063,731,2307,1024,0,686,8
기계설비,기계설비·가스공사업,5478,(주)인성,백성철,제주,제주2006-12-01,622,147,149,315,10,186,2
기계설비,기계설비·가스공사업,5479,(주)인성건축설비,김연후,대구,대구남구2024-파-4호,1316,590,434,290,0,1074,2
기계설비,기계설비·가스공사업,5480,(주)인성공조,김희경,인천,인천연수구-25-파-5,851,0,599,252,0,0,2
기계설비,기계설비·가스공사업,5481,(주)인성이엔지,전시홍,전남광주,종로2001-12-3,10659,6406,3231,562,459,7470,3
기계설비,기계설비·가스공사업,5482,(주)인성이엔지,김재성,세종,세종시-2015-10-04,475,72,0,397,5,0,3
기계설비,기계설비·가스공사업,5483,인성플랜트,장성호,충남,충남당진2026-파-03호,227,0,64,162,0,0,2
기계설비,기계설비·가스공사업,5484,인슐레이션(주),승영순,서울,서초-18-10-05,0,0,0,0,0,0,2
기계설비,기계설비·가스공사업,5485,인슐레이션코리아(주),승영순,서울,서초-05-12-2,46019,22068,20485,1258,2206,24645,6
기계설비,기계설비·가스공사업,5486,(주)인스그린,김진열,경기,이천-99-12-1,4627,1043,1077,2402,105,2942,14
기계설비,기계설비·가스공사업,5487,인스테크(주),김상한,경북,경북포항2001-12-10,2610,981,1025,505,98,1554,4
기계설비,기계설비·가스공사업,5488,(주)인앤아웃이앤지,박현숙,경기,용산-08-12-01,2215,560,1356,258,40,1453,2
기계설비,기계설비·가스공사업,5489,인앤인건설(주),백소윤,전남광주,담양2016-10-02,1783,697,803,252,29,725,2
기계설비,기계설비·가스공사업,5490,(주)인우,고승길,제주,제주 제주2017-10-04,329,37,0,290,1,11,2
기계설비,기계설비·가스공사업,5491,인우이앤씨(주),채윤주,서울,관악-14-10-02,4358,1558,2243,445,111,1677,3
기계설비,기계설비·가스공사업,5492,인우이엔씨(주),최희종,대전,세종시-2017-10-02,1571,347,874,335,14,931,2
기계설비,기계설비·가스공사업,5493,인재종합건설(주),백영운,경남,거창 2010-10-02,2353,173,1042,1124,12,371,8
기계설비,기계설비·가스공사업,5494,(주)인정건설,송인정,경북,경북영주2023-파-02,1398,100,900,397,0,284,3
기계설비,기계설비·가스공사업,5495,인정에너지,이근아,충남,충남아산-2000-27-1-1,968,178,393,378,17,65,3
기계설비,기계설비·가스공사업,5496,인천가스설비(주),이종수,인천,인천동구2011-23-01,1411,196,570,631,14,161,5
기계설비,기계설비·가스공사업,5497,(주)인천기계,안양원,인천,인천연수2020-10-03,974,271,307,384,11,446,3
기계설비,기계설비·가스공사업,5498,인천도시가스(주),정진서,인천,인천-12-23,0,0,0,0,0,0,16
기계설비,기계설비·가스공사업,5499,(주)인터제로시스템,"김한일, 양성철",경기,군포-2007-12-1,34458,12815,17761,2955,926,19144,16
기계설비,기계설비·가스공사업,5500,(주)인터텍,"김명지, 임연주",제주,제주 제주2018-10-05,1731,803,639,252,34,1748,2
기계설비,기계설비·가스공사업,5501,(주)인테크,정장득,울산,울산울주2016-10-41,1997,725,988,252,31,1241,2
기계설비,기계설비·가스공사업,5502,(주)인투에코,홍득표,경기,화성24-파-16,746,303,190,252,0,406,2
기계설비,기계설비·가스공사업,5503,(주)인트로닉,김선민,전남광주,광양22-파-06,1715,826,636,252,0,1068,2
기계설비,기계설비·가스공사업,5504,(주)인포리브,문지영,부산,부산해운대2014-10-03,2184,446,1371,334,31,162,2
기계설비,기계설비·가스공사업,5505,인포빌드(주),박현진,인천,인천부평구2025-13-02,2902,1229,1191,482,0,1756,3
기계설비,기계설비·가스공사업,5506,인포스테크(주),김경민,인천,인천강화-22-파-01,3356,781,2000,575,0,1945,4
기계설비,기계설비·가스공사업,5507,인피니티이엔지(주),이국준,충북,대전유성-2023-파-7,895,215,282,397,0,302,3
기계설비,기계설비·가스공사업,5508,(주)인현,최연희,전북,전북전주2023-파-6호,422,46,123,252,0,68,2
기계설비,기계설비·가스공사업,5509,(주)일경엔지니어링,신희철,서울,광진02-27-1-2,6301,1400,3742,1018,140,2161,8
기계설비,기계설비·가스공사업,5510,(유)일광산업사,조계석,전북,전북-12-80,11519,1559,9356,446,155,793,3
기계설비,기계설비·가스공사업,5511,일능산업,서정숙,전남광주,영암2021-23-01,1124,268,603,252,0,606,2
기계설비,기계설비·가스공사업,5512,일도플랜트(주),"김종윤, 권명룡",경기,송파-01-12-4,2504,420,1532,508,42,246,4
기계설비,기계설비·가스공사업,5513,(합)일람농원,홍승우,충남,충남서산-2022-13-01,1028,131,643,252,0,0,2
기계설비,기계설비·가스공사업,5514,(주)일렉콤,이용회,경기,이천24-파-02,3135,420,2300,414,0,906,3
기계설비,기계설비·가스공사업,5515,(주)일렉트리코,금태련,대구,대구달성군2024-파-01호,986,319,414,252,0,835,2
기계설비,기계설비·가스공사업,5516,(주)일렉트코리아,정장범,경기,시흥12-10-14,716,607,-61,126,43,0,1
기계설비,기계설비·가스공사업,5517,일메테크(주),"김대성, 김재환",경기,수원2014-10-6,19936,4329,12528,2769,309,6245,11
기계설비,기계설비·가스공사업,5518,일봉기계설비(주),박한교,충남,충남천안-02-12-02,4643,1847,2156,454,184,1315,3
기계설비,기계설비·가스공사업,5519,일산에너지(주),손원경,경기,고양-2003-27-6,141,51,21,64,5,28,2
기계설비,기계설비·가스공사업,5520,일산엔지니어링(주),박승호,경북,경북97-12-6,3443,449,2696,252,44,597,2
기계설비,기계설비·가스공사업,5521,(주)일성,김정숙,전남광주,여수2004-12-06,35571,15741,17859,396,1574,23609,2
기계설비,기계설비·가스공사업,5522,일성기술(주),원유실,경기,남양주22-파-03,1154,752,402,0,0,127,0
기계설비,기계설비·가스공사업,5523,일성설비(주),김형기,서울,성북-99-12-1,3335,1082,1892,252,108,1307,2
기계설비,기계설비·가스공사업,5524,일성예스(주),오동택,전남광주,순천2008-10-02,1954,332,782,815,23,523,6
기계설비,기계설비·가스공사업,5525,(주)일성이엔씨,김영남,전북,전북군산2019-10-02,3047,679,2062,276,29,774,2
기계설비,기계설비·가스공사업,5526,(주)일성이엔지,이영희,서울,마포-04-12-4,1846,542,870,378,54,917,3
기계설비,기계설비·가스공사업,5527,(주)일성이엔지,금중일,경북,경북성주2019-10-1,1535,603,394,511,25,1134,4
기계설비,기계설비·가스공사업,5528,(주)일성이엔지,김은일,경북,경북안동2021-23-01,1289,241,416,631,0,239,5
기계설비,기계설비·가스공사업,5529,(주)일성테크,김명희,경북,경북성주2017-10-2,4205,778,2509,883,33,934,7
기계설비,기계설비·가스공사업,5530,일성테크원(주),김창용,부산,부산연제2020-10-01,7098,1933,4161,920,82,3107,7
기계설비,기계설비·가스공사업,5531,(주)일성하이스코,장재혁,울산,강원-12-25,131,81,0,40,8,0,6
기계설비,기계설비·가스공사업,5532,(주)일손개발,한수연,강원,제주 제주2011-10-05,1319,317,600,378,22,419,3
기계설비,기계설비·가스공사업,5533,(주)일승기계산업,김병근,경기,구로-99-12-21,1461,284,702,445,28,266,3
기계설비,기계설비·가스공사업,5534,(주)일신,이영섭,경기,김포-10-10-6,4005,1464,2050,385,105,2466,3
기계설비,기계설비·가스공사업,5535,일신가스텍,박찬형,경기,인천남동00-27-1-4,857,201,286,349,20,457,6
기계설비,기계설비·가스공사업,5536,(주)일신기업,상정균,경기,수원2017-10-02,626,358,0,252,15,172,2
기계설비,기계설비·가스공사업,5537,(주)일신기업,최민주,전남광주,담양2005-12-02,7576,2048,4740,581,205,3084,4
기계설비,기계설비·가스공사업,5538,일신산업개발(주),이재원,경북,경북94-12-115,1297,105,900,281,10,0,2
기계설비,기계설비·가스공사업,5539,일신알에이치이(주),정일봉,부산,부산-95-12-14,685,256,151,252,25,48,2
기계설비,기계설비·가스공사업,5540,(주)일신엔지니어링,이춘만,경기,경기시흥2017-10-18,7032,1823,4183,947,78,3394,7
기계설비,기계설비·가스공사업,5541,(주)일신오토클레이브,김현효,대전,대전대덕-06-27-6,313,199,0,99,14,0,3
기계설비,기계설비·가스공사업,5542,(주)일신이엔지,"유희동, 유선재",전남광주,순천2015-10-01,4866,2842,746,1073,204,4682,8
기계설비,기계설비·가스공사업,5543,(주)일신이엠,안효민,인천,인천서구2018-10-10,2416,762,1223,397,32,1482,3
기계설비,기계설비·가스공사업,5544,(주)일신종합환경,"김정철, 최관웅",경기,구로-08-10-03,3158,1968,797,252,140,1939,2
기계설비,기계설비·가스공사업,5545,(주)일신테크,신승춘,충북,충주2023-파-1,2041,270,1620,150,0,737,1
기계설비,기계설비·가스공사업,5546,(주)일신티에이치이,이상운,서울,관악-15-10-01,2280,462,1657,126,33,1653,1
기계설비,기계설비·가스공사업,5547,(주)일신퓨어텍,이영실,경북,경북구미2023-파-9,3094,610,2229,254,0,983,2
기계설비,기계설비·가스공사업,5548,(주)일신환경,"양승현, 김은연",경기,성남-24-파(기계)-10,893,621,0,271,0,1039,2
기계설비,기계설비·가스공사업,5549,(주)일양,최병우,전남광주,전남장성2016-10-01,585,126,200,253,5,252,2
기계설비,기계설비·가스공사업,5550,(주)일양오피오,신종철,경기,광주2001-12-2,417,149,0,252,14,419,2
기계설비,기계설비·가스공사업,5551,(주)일오,김경종,제주,제주 제주2015-10-03,1188,469,412,272,33,1223,2
기계설비,기계설비·가스공사업,5552,(주)일오삼,최주용,전남광주,광주광산2020-10-04,2039,886,564,549,38,1183,4
기계설비,기계설비·가스공사업,5553,일오삼산업개발(주),강신정,대전,대전유성-2010-10-3,1853,171,1031,637,12,78,5
기계설비,기계설비·가스공사업,5554,(주)일오이엔지,"신철안, 신철준",전남광주,광주동2016-10-03,1057,460,197,378,19,622,3
기계설비,기계설비·가스공사업,5555,(주)일우기공,배호일,경기,서울12-226,2429,667,918,777,66,641,6
기계설비,기계설비·가스공사업,5556,(주)일우산업,나안균,전남광주,함평2025-파-01,1431,105,900,426,0,150,3
기계설비,기계설비·가스공사업,5557,(주)일우아이엔지,조두남,경기,부천-06-12-005,3466,1726,1237,378,123,1432,3
기계설비,기계설비·가스공사업,5558,(주)일우엔텍,김영규,서울,성남10-10-10,6731,878,4856,883,112,1599,7
기계설비,기계설비·가스공사업,5559,(주)일우엠이씨,"피일용, 권선명",경기,서대문-03-12-1,55154,33077,12857,5836,3383,38067,30
기계설비,기계설비·가스공사업,5560,일운설비(주),최현종,울산,서울12-22,10269,3763,5461,668,376,7786,3
기계설비,기계설비·가스공사업,5561,(주)일원산업,김민수,경기,82-12-255,8072,1972,4298,1603,197,5909,10
기계설비,기계설비·가스공사업,5562,일유산업(주),전춘남,대구,경북경산2002-12-3,3147,400,2374,332,40,784,2
기계설비,기계설비·가스공사업,5563,(주)일조건설,김도은,대전,대전유성 2026-파-3호,2106,0,884,1221,0,0,9
기계설비,기계설비·가스공사업,5564,(주)일조이엔지,김미순,서울,성동22-파-01호,832,217,342,271,0,359,2
기계설비,기계설비·가스공사업,5565,(주)일진,김지수,경기,경기-95-12-7,127,24,11,88,2,47,3
기계설비,기계설비·가스공사업,5566,(주)일진건설,나지선,전남광주,순천2021-10-02,776,188,297,290,0,509,2
기계설비,기계설비·가스공사업,5567,(주)일진공무,손세균,서울,동작-21-10-02,358,81,24,252,0,63,2
기계설비,기계설비·가스공사업,5568,(주)일진공영,박영민,인천,부산사상2002-12-1,2929,880,1580,380,88,971,3
기계설비,기계설비·가스공사업,5569,(주)일진공조,"우제, 김공숙",전남광주,여수2009-10-04,1927,613,600,669,43,780,5
기계설비,기계설비·가스공사업,5570,(주)일진냉동플랜트,마경선,서울,영등포19-10-02,4647,1607,2719,252,68,1491,2
기계설비,기계설비·가스공사업,5571,일진산업(주),이기성,충남,경북포항2000-12-6,1177,137,900,126,13,82,1
기계설비,기계설비·가스공사업,5572,(주)일진산업건설,이정진,대구,대구동구 2011-10-3,1600,514,797,252,36,262,2
기계설비,기계설비·가스공사업,5573,(주)일진솔루션,최영주,서울,안양-22-파-05,4716,3364,1099,252,0,4607,2
기계설비,기계설비·가스공사업,5574,(주)일진에너지,"이상업, 이광섭",울산,울산울주2014-10-09,43050,10556,30590,1143,760,15881,5
기계설비,기계설비·가스공사업,5575,(주)일진에너지,이동하,경기,부천16-23-15,1871,459,1013,378,19,60,3
기계설비,기계설비·가스공사업,5576,(유)일진엔지니어링,한창주,전북,전북전주27-1-2,9170,2777,5462,650,280,3906,5
기계설비,기계설비·가스공사업,5577,일진엔지니어링(주),허 권,경남,고성2022-파-01,0,0,0,0,0,0,2
기계설비,기계설비·가스공사업,5578,(주)일진이앤에스,김진이,경기,안양-24-파-07,1831,198,1127,505,0,194,4
기계설비,기계설비·가스공사업,5579,(주)일진이플러스,윤차주,경남,부산사상05-12-03,2302,740,541,947,74,1545,7
기계설비,기계설비·가스공사업,5580,(주)일진텍,박재영,울산,울산울주2013-10-37,2905,2318,0,422,165,3873,3
기계설비,기계설비·가스공사업,5581,(주)일진파워,이광섭,울산,서울-92-12-52,31879,4165,24994,2302,416,12078,5
기계설비,기계설비·가스공사업,5582,일진피앤에스(주),박수홍,서울,금천-17-10-02,443,62,237,140,2,0,1
기계설비,기계설비·가스공사업,5583,(주)일진하이텍,최진영,서울,동대문-25-파-01,499,0,246,252,0,0,2
기계설비,기계설비·가스공사업,5584,(주)일진하이텍,최동선,전남광주,여수2015-10-04,4252,2739,1063,252,196,4574,2
기계설비,기계설비·가스공사업,5585,일창산업(주),최현배,울산,부산금정2014-10-01,1199,181,753,252,12,232,2
기계설비,기계설비·가스공사업,5586,(주)일품이앤씨,조승대,경기,용산09-10-01,21292,2729,16224,2142,196,4509,12
기계설비,기계설비·가스공사업,5587,(유)일호네트웍스,권현복,전북,전북완주2019-10-02,3268,523,1933,788,22,748,6
기계설비,기계설비·가스공사업,5588,(주)임광기전,김건화,서울,성동18-10-05,3223,710,2105,376,30,994,2
기계설비,기계설비·가스공사업,5589,(주)임빌,이명열,경기,수원09-10-6,3924,1326,1997,505,94,1620,4
기계설비,기계설비·가스공사업,5590,(주)임하엔지니어링,정의권,대구,대구수성구2000-12-6,7312,1941,4322,854,194,4180,6
기계설비,기계설비·가스공사업,5591,(주)자성산업,구범목,부산,부산사하2023-13-03,633,267,129,237,0,425,2
기계설비,기계설비·가스공사업,5592,(주)자연,김상길,전남광주,장흥2018-10-01,1512,205,1045,252,8,282,2
기계설비,기계설비·가스공사업,5593,(주)자연건축,김도영,충남,광주북-2000-12-3,3407,684,1247,1407,68,1148,10
기계설비,기계설비·가스공사업,5594,(유)자연과공조,"김양임, 김성신",전남광주,광주북2020-10-10,3507,1608,1577,252,68,2232,2
기계설비,기계설비·가스공사업,5595,자연엔지니어링(주),김순영,경기,안양-99-12-7,1654,260,959,408,26,227,3
기계설비,기계설비·가스공사업,5596,(주)자영이엔지,홍직표,서울,강서-22-파-04,5106,800,3380,925,0,1795,6
기계설비,기계설비·가스공사업,5597,(유)자영티에스,김용석,전북,전북군산2018-10-06,1840,970,449,378,41,1306,3
기계설비,기계설비·가스공사업,5598,(주)자원엔지니어링,이지숙,전북,전북전주2001-27-1-3,1304,522,477,252,52,168,2
기계설비,기계설비·가스공사업,5599,(합)자유전력,이기환,경남,창원 2010-10-01,2121,226,1357,521,16,676,4
기계설비,기계설비·가스공사업,5600,(주)자이안트코리아테크,안규호,울산,울산남구2014-10-07,6153,3019,2398,519,215,5836,4
기계설비,기계설비·가스공사업,5601,자이온시스템,김선배,인천,인천남동08-10-04,3139,1971,775,252,140,8,2
기계설비,기계설비·가스공사업,5602,(주)자이온플러스,김유희,인천,인천남동20-10-03,13649,2206,10824,524,94,3928,4
기계설비,기계설비·가스공사업,5603,(주)자인,김원숙,전남광주,광주북2018-10-04,3147,594,1871,655,25,1435,5
기계설비,기계설비·가스공사업,5604,(주)자인기획,백대현,충남,충남서산2025-13-02호,7980,5568,2159,252,0,7954,2
기계설비,기계설비·가스공사업,5605,(주)장군,장충식,강원,강릉21-10-03호,1361,139,900,321,0,168,2
기계설비,기계설비·가스공사업,5606,장복건설산업(주),이현규,서울,양천2022-파-02,596,52,291,252,0,92,2
기계설비,기계설비·가스공사업,5607,(주)장복이엔씨,정연복,서울,양천2020-10-01,4064,1322,2397,288,56,1861,2
기계설비,기계설비·가스공사업,5608,(주)장산기술,남경우,부산,부산강서2018-10-01,2300,1502,395,338,64,3672,2
기계설비,기계설비·가스공사업,5609,(주)장수이앤씨,김장수,인천,인천동구2024-파-6,1592,47,900,644,0,65,5
기계설비,기계설비·가스공사업,5610,(주)장수플랜트,한병용,서울,동대문-05-12-2,12707,8083,2666,1149,808,8012,8
기계설비,기계설비·가스공사업,5611,(주)장우,이봉진,제주,제주-96-12-4,3274,363,2180,694,36,469,5
기계설비,기계설비·가스공사업,5612,(주)장원,장형민,경북,경북칠곡2024-파-02,2426,893,1085,446,0,1913,2
기계설비,기계설비·가스공사업,5613,장원종합설비(주),박미령,제주,제주제주2025-13-05,460,80,128,252,0,114,2
기계설비,기계설비·가스공사업,5614,장원테크(주),이종훈,세종,부산수영2010-10-03,3931,1127,2016,705,80,833,5
기계설비,기계설비·가스공사업,5615,장한기술(주),"유해성, 유원대",충남,92-서울-12-136,5429,2502,1625,1051,250,3850,8
기계설비,기계설비·가스공사업,5616,(주)장호이엔지,정근원,부산,부산동래2005-12-03,2854,299,908,1598,47,123,12
기계설비,기계설비·가스공사업,5617,재경설비(주),임승희,부산,부산금정2006-12-02,1754,489,495,734,34,771,5
기계설비,기계설비·가스공사업,5618,(주)재도,김경미,제주,제주제주2022-13-02,1569,616,539,413,0,1122,3
기계설비,기계설비·가스공사업,5619,재민산업,전희철,경남,김해2020-10-11,2283,660,1342,252,28,1649,2
기계설비,기계설비·가스공사업,5620,(주)재선,조상형,울산,울산남구2009-10-09,9251,2805,5993,252,200,3940,2
기계설비,기계설비·가스공사업,5621,재성바스웰(주),이귀배,서울,강남-15-10-03,4381,2360,817,1033,169,2626,7
기계설비,기계설비·가스공사업,5622,재성이엔지,박승연,인천,군포24-파-05,891,288,351,252,0,405,2
기계설비,기계설비·가스공사업,5623,(주)재연이엔씨,이성일,서울,구로-17-10-04,6053,2254,2502,1199,96,3587,9
기계설비,기계설비·가스공사업,5624,(주)재영,오미경,경북,경북칠곡2017-10-01,4345,700,2833,781,30,922,6
기계설비,기계설비·가스공사업,5625,재우이엔지(주),권순형,인천,충북제천00-12-01,1292,12,900,378,1,44,3
기계설비,기계설비·가스공사업,5626,(주)재웅건업,황기성,서울,강동-95-27-2-6,5819,2077,3029,505,207,3209,4
기계설비,기계설비·가스공사업,5627,(주)재웅이앤씨,허원석,경기,금천-99-12-8,4301,1032,2530,634,103,1659,4
기계설비,기계설비·가스공사업,5628,(주)재원,장훈,서울,부천-18-10-002,3123,474,2249,378,20,1198,3
기계설비,기계설비·가스공사업,5629,(주)재원기술,손남규,대구,대구북구2010-12-6,2075,537,1184,315,38,0,2
기계설비,기계설비·가스공사업,5630,재원산업개발(주),최병화,경남,진주2017-23-1,1043,265,338,428,11,334,4
기계설비,기계설비·가스공사업,5631,(주)재원피앤드티,채규명,서울,구로-98-12-11,22679,8253,13154,441,830,14818,3
기계설비,기계설비·가스공사업,5632,재은건설(주),강희상,충남,충남보령-2014-10-01,740,143,333,252,10,91,2
기계설비,기계설비·가스공사업,5633,(주)재이플랜트,강동원,경북,경북94-12-82,1227,131,829,252,13,219,2
기계설비,기계설비·가스공사업,5634,(주)재인정공,정영규,인천,인천남구2004-12-02,1153,679,153,252,67,602,2
기계설비,기계설비·가스공사업,5635,(주)재전이엔지,박민양,경기,하남2014-23-1,563,31,150,378,2,43,3
기계설비,기계설비·가스공사업,5636,재현이앤씨(주),김재용,서울,양천2017-10-01,2570,506,1496,545,21,1099,4
기계설비,기계설비·가스공사업,5637,재형개발(주),신길웅,충남,충남홍성-2010-10-01,1313,114,900,290,8,280,2
기계설비,기계설비·가스공사업,5638,재흥기업(주),이흥자,경기,안양-24-파-02,1595,862,227,505,0,1239,3
기계설비,기계설비·가스공사업,5639,쟈스텍(주),권경인,경기,김포-19-10-08,5958,2106,3509,252,90,3149,2
기계설비,기계설비·가스공사업,5640,(유)전군ENG,김하리,전북,전북전주2023-파-5호,932,244,394,293,0,346,2
기계설비,기계설비·가스공사업,5641,(유)전북신재생에너지,오형섭,전북,전북전주2020-10-5,1173,333,573,252,14,495,2
기계설비,기계설비·가스공사업,5642,(유)전우산업개발,임성옥,전북,전북군산-22-파-10호,245,154,14,77,0,0,2
기계설비,기계설비·가스공사업,5643,(유)전주에너지,임성훈,전북,전북전주2015-23-2,155,68,19,61,4,74,3
기계설비,기계설비·가스공사업,5644,(주)전진,"김기연, 김지민",전남광주,광주북2011-10-01,827,366,182,252,26,438,2
기계설비,기계설비·가스공사업,5645,전진산업(주),윤종빈,경기,시흥10-10-8,2088,1389,157,441,99,2556,3
기계설비,기계설비·가스공사업,5646,(주)점핑코리아,이찬수,부산,부산연제-22-파-01,1175,23,900,252,0,0,2
기계설비,기계설비·가스공사업,5647,정건(주),문요식,울산,대전중구-18-10-01,3495,238,1430,1816,10,0,10
기계설비,기계설비·가스공사업,5648,(주)정기계,정진,대전,대전-99-12-15,5862,2142,3127,378,214,2653,3
기계설비,기계설비·가스공사업,5649,정대엔지니어링(주),임정복,서울,영등포-02-27-1-9,1454,436,595,378,43,382,3
기계설비,기계설비·가스공사업,5650,정덕설비(주),배정식,인천,인천남동02-27-1-03,837,274,156,378,27,142,3
기계설비,기계설비·가스공사업,5651,(주)정도,"이우형, 이상일, 이상천",서울,89-서울-12-76,259004,170061,50343,21204,17394,212652,76
기계설비,기계설비·가스공사업,5652,정도건설산업,박현정,경남,양산-23-파-02,1942,347,1342,252,0,822,2
기계설비,기계설비·가스공사업,5653,(주)정도기연,이윤근,부산,부산-96-12-11,2395,888,970,447,88,959,3
기계설비,기계설비·가스공사업,5654,정도이엔지(주),"윤만호, 도현경",부산,부산동래2020-10-5,2487,1110,869,460,47,1920,3
기계설비,기계설비·가스공사업,5655,정도이엔지(주),유명철,전남광주,순천2009-10-05,4335,2060,1666,460,147,3225,3
기계설비,기계설비·가스공사업,5656,(주)정동산업,천영선,강원,춘천2026-파-02호,372,0,120,252,0,0,2
기계설비,기계설비·가스공사업,5657,(주)정림,정연화,서울,송파-21-10-01,7510,5817,1225,466,0,9337,2
기계설비,기계설비·가스공사업,5658,(주)정림기업,"임장군, 정병량",인천,영등포-02-12-3,4640,1919,1555,972,193,5160,6
기계설비,기계설비·가스공사업,5659,(주)정명엔지니어링,안기백,경남,창원 2008-10-10,1932,228,1226,460,16,175,3
기계설비,기계설비·가스공사업,5660,(주)정목이엔지,이정우,경기,부천-23-파-06,1591,206,931,452,0,465,3
기계설비,기계설비·가스공사업,5661,(주)정민,박정호,인천,인천남구2015-10-01,5673,3696,1207,505,264,6666,4
기계설비,기계설비·가스공사업,5662,(주)정민설비,김선희,경남,거창2019-10-01,1441,507,382,528,21,449,4
기계설비,기계설비·가스공사업,5663,(주)정민이엔지,이정민,경북,경북경산2019-10-3,2233,414,1296,505,17,75,4
기계설비,기계설비·가스공사업,5664,(주)정밀기공,김일중,인천,인천 98-12-23,9377,6676,909,1122,669,3507,6
기계설비,기계설비·가스공사업,5665,(주)정백건설,안찬혁,울산,울산남구2023-파-06,1385,542,589,254,0,1569,2
기계설비,기계설비·가스공사업,5666,정보건설(주),이은식,충북,충북청주 제01-27-01-07,821,182,241,378,18,201,3
기계설비,기계설비·가스공사업,5667,정보이엔지(주),윤영국,서울,강남-01-27-1-8,4869,1131,2741,883,113,1601,7
기계설비,기계설비·가스공사업,5668,정상냉동엔지니어링,이상배,전남광주,여수2007-12-04,1906,594,997,271,42,658,2
기계설비,기계설비·가스공사업,5669,정상종합건설(주),"손경욱, 박정학",강원,원주2012-23-01,21182,2919,17519,534,208,4828,3
기계설비,기계설비·가스공사업,5670,(유)정석기계설비,이병순,제주,전북-12-129,459,187,0,252,18,67,2
기계설비,기계설비·가스공사업,5671,(주)정석엔지니어링,고대영,부산,부산강서2020-10-10,2973,956,1426,549,40,1995,4
기계설비,기계설비·가스공사업,5672,(주)정성공조,김성호,대구,대구수성구2015-10-01호,1452,151,907,382,10,282,3
기계설비,기계설비·가스공사업,5673,(주)정성공조,"홍택근, 김주리",제주,제주 제주2019-10-04,1200,246,690,252,10,534,2
기계설비,기계설비·가스공사업,5674,(주)정성엔지니어링,정홍기,경기,경기-97-12-25,753,60,433,252,6,80,2
기계설비,기계설비·가스공사업,5675,(유)정수개발,정하석,전북,전북남원-22-파-01호,1455,171,1029,253,0,284,2
기계설비,기계설비·가스공사업,5676,정수건설(주),이상우,인천,인천-94-12-18,1597,352,830,378,35,478,3
기계설비,기계설비·가스공사업,5677,(주)정수이앤씨,류근일,충남,충남아산-2018-10-03,1246,649,1,566,27,2321,3
기계설비,기계설비·가스공사업,5678,(주)정수이엔지,백종수,강원,강원-97-12-4,355,91,0,254,9,98,2
기계설비,기계설비·가스공사업,5679,(주)정수이엔지,김이봉,경남,창원마합2024-파-01,2729,1474,1003,252,0,2257,2
기계설비,기계설비·가스공사업,5680,(주)정수종합개발,송선희,인천,인천강화2012-10-01,3152,408,2453,260,29,908,2
기계설비,기계설비·가스공사업,5681,정수토건(주),서일식,전남광주,목포2000-12-01,2182,218,1310,631,21,376,5
기계설비,기계설비·가스공사업,5682,정안건설(주),안성호,경북,수원-2007-27-1-1,3597,1361,1381,757,97,1172,6
기계설비,기계설비·가스공사업,5683,(주)정안이엔지,김미연,충북,충북청주21-10-10,649,209,183,256,0,216,3
기계설비,기계설비·가스공사업,5684,(주)정엔지니어링,박정철,부산,부산진2020-10-04,634,28,344,260,1,0,2
기계설비,기계설비·가스공사업,5685,(주)정연,김부용,제주,제주 제주2020-10-04,1213,58,900,252,2,64,2
기계설비,기계설비·가스공사업,5686,(주)정연건설,양혜경,경기,포천-2003-12-1,2499,262,1574,635,26,669,5
기계설비,기계설비·가스공사업,5687,(유)정연엔지니어링,진준호,전북,전북전주2009-10-1,4718,575,3451,650,41,1484,5
기계설비,기계설비·가스공사업,5688,정우건설(주),이영수,강원,강원-94-12-16,1049,240,338,447,24,334,3
기계설비,기계설비·가스공사업,5689,(주)정우아이앤씨,김종암,경북,경북구미2008-10-06,3470,2061,378,883,147,891,7
기계설비,기계설비·가스공사업,5690,(주)정우에너지,정영광,울산,울산남구2000-27-1-8,3387,1127,884,1262,112,1545,10
기계설비,기계설비·가스공사업,5691,(주)정우에이앤씨,김정우,인천,인천남동17-10-05,747,84,154,505,3,0,4
기계설비,기계설비·가스공사업,5692,정우엔지니어링(주),최혜인,강원,인제2009-10-02,681,320,111,226,22,92,2
기계설비,기계설비·가스공사업,5693,(주)정우엔지니어링,정태우,충북,충북-95-12-14,4832,1372,3033,288,137,4237,2
기계설비,기계설비·가스공사업,5694,(주)정우엔지니어링,김재일,전남광주,장성-26-파-01호,1152,0,900,252,0,0,2
기계설비,기계설비·가스공사업,5695,(주)정우엠이엔티,정인수,서울,97-서울-12-16,4544,1577,2480,328,157,2388,2
기계설비,기계설비·가스공사업,5696,(주)정우이엔씨,김미정,전남광주,광주서2008-10-08,1910,550,1049,271,39,754,2
기계설비,기계설비·가스공사업,5697,(주)정우이엔씨,"양호석, 김민기",부산,거제 2013-10-01,5263,1651,3165,328,117,1779,2
기계설비,기계설비·가스공사업,5698,(주)정우이엔지,김이서,경남,창원의창 2014-10-03,3398,1281,1699,325,91,1449,2
기계설비,기계설비·가스공사업,5699,정웅이엔씨(주),정윤교,인천,강원2001-12-7,470,162,37,254,16,130,2
기계설비,기계설비·가스공사업,5700,(주)정원엔지니어링,심병국,전남광주,광주북2002-12-03,1040,315,150,543,31,529,4
기계설비,기계설비·가스공사업,5701,(주)정원엔지니어링,"정주용, 정정운",경기,김포-2001-12-0001,2970,996,1243,631,99,1417,5
기계설비,기계설비·가스공사업,5702,(주)정원엔지니어링,이미경,충북,충북청주21-10-2,1639,585,545,507,0,1432,4
기계설비,기계설비·가스공사업,5703,(주)정원엔지니어링,류완희,충남,충남연기-2002-12-01,3215,56,900,2252,5,36,16
기계설비,기계설비·가스공사업,5704,(주)정원이앤씨,김정배,전남광주,여수2003-12-05,4048,1474,1896,530,147,1917,4
기계설비,기계설비·가스공사업,5705,(주)정이앤에프,정찬모,경기,의정부2021-10-3,2682,760,1416,505,0,1068,4
기계설비,기계설비·가스공사업,5706,정이엔지(주),곽병건,인천,인천남구2017-10-01,3190,1294,1387,378,129,2047,3
기계설비,기계설비·가스공사업,5707,(주)정익엔지니어링,정용봉,부산,부산진-99-12-8,3718,1454,1847,271,145,1030,2
기계설비,기계설비·가스공사업,5708,(주)정인건설,"이용신, 오희숙",경북,인천-99-12-17,851,149,308,378,14,276,3
기계설비,기계설비·가스공사업,5709,(주)정인기공,백준선,전남광주,광주동2016-10-05,2533,708,1542,252,30,1363,2
기계설비,기계설비·가스공사업,5710,(주)정인시스템공조,이용훈,부산,부산동래2019-10-2,2443,404,1768,252,17,801,2
기계설비,기계설비·가스공사업,5711,(주)정인에너지,김오선,전남광주,광주서2016-23-01,1980,229,1229,511,9,335,4
기계설비,기계설비·가스공사업,5712,(주)정인이엔지,곽인수,경기,광주동2015-10-07,2939,1140,1553,164,81,2468,1
기계설비,기계설비·가스공사업,5713,정일씨엔아이(주),유지봉,서울,금천-20-10-14,954,42,593,315,1,7,2
기계설비,기계설비·가스공사업,5714,(주)정일이앤이,박상은,충남,충남천안2025-파-04호,1240,87,900,253,0,124,2
기계설비,기계설비·가스공사업,5715,정임건설(주),김언진,강원,안산-2000-27-286,916,231,271,390,23,474,3
기계설비,기계설비·가스공사업,5716,정주산업기계(주),정홍주,인천,인천서구2021-10-05,1788,219,1316,252,0,367,2
기계설비,기계설비·가스공사업,5717,정진가스설비엔지니어링(주),이재권,경기,용인2008-23-01,5115,1956,2255,763,140,4860,6
기계설비,기계설비·가스공사업,5718,정진가스텍(주),최현옥,충북,충북청주 22-파-20,923,226,316,381,0,270,5
기계설비,기계설비·가스공사업,5719,(주)정진설비,"김종배, 최진수",부산,부산-99-12-01,38761,21389,11731,3502,2138,21909,16
기계설비,기계설비·가스공사업,5720,정진에너지(주),정두희,경기,구리-2008-23-1,1678,339,648,638,53,858,5
기계설비,기계설비·가스공사업,5721,(유)정진에너지,황성하,전남광주,목포2010-23-01,1370,143,711,505,10,0,4
기계설비,기계설비·가스공사업,5722,(주)정진이앤씨,이종걸,경기,화성26-파-13호,216,0,61,154,0,0,3
기계설비,기계설비·가스공사업,5723,(주)정진이앤지,김현주,충남,전남장성2019-10-02,2651,1571,633,378,67,3299,3
기계설비,기계설비·가스공사업,5724,(주)정진테크,김정현,전남광주,광주서-24-파-01,1406,484,290,631,0,583,5
기계설비,기계설비·가스공사업,5725,정진플랜트(주),전경민,서울,금천-21-10-04,971,345,219,406,0,426,4
기계설비,기계설비·가스공사업,5726,(유)정진플랜트,곽영도,전북,전북익산2010-12-20,6287,3001,1154,1917,214,7093,3
기계설비,기계설비·가스공사업,5727,(주)정진플랜트설비,손호식,충북,제주특별자치 제주2010-10-02,4980,632,3794,508,45,505,4
기계설비,기계설비·가스공사업,5728,(주)정하,김용,강원,삼척2018-10-02호,1551,341,941,252,14,499,2
기계설비,기계설비·가스공사업,5729,정한에스앤티,정명한,경기,안산2017-10-07,1764,215,1160,378,9,350,3
기계설비,기계설비·가스공사업,5730,(주)정한엔지니어링,박향숙,경기,금천-14-10-11,4646,2480,1058,931,177,4561,5
기계설비,기계설비·가스공사업,5731,(주)정한이엔씨,안창호,서울,송파-23-파-06,1402,123,900,378,0,278,3
기계설비,기계설비·가스공사업,5732,(주)정현이엔씨,조재혁,전남광주,광주북2018-10-02,3057,1888,774,313,81,5451,2
기계설비,기계설비·가스공사업,5733,(주)정호이앤씨,최두환,인천,인천-94-12-20,120706,67899,35471,10544,6789,106329,15
기계설비,기계설비·가스공사업,5734,(주)정호이엔씨,김대정,부산,부산연제2002-12-2,3787,2105,1089,381,210,2002,3
기계설비,기계설비·가스공사업,5735,(주)정훈공조,권욱진,대구,수성구2009-12-04,6370,2863,3024,277,204,5062,2
기계설비,기계설비·가스공사업,5736,정희산업(주),서영민,경기,성동18-10-01,3836,1674,1458,631,71,2360,5
기계설비,기계설비·가스공사업,5737,(주)제네코,김형종,충남,충남천안-2015-23-01,2773,874,1203,633,62,762,5
기계설비,기계설비·가스공사업,5738,(주)제넥,서정기,경남,창원성산2014-10-04,0,0,0,0,0,0,5
기계설비,기계설비·가스공사업,5739,제노이엔씨(주),박대희,충남,충남천안-2017-10-09,1760,1104,56,552,47,0,5
기계설비,기계설비·가스공사업,5740,(주)제니스이엔지,박태인,충남,충남아산2025-13-15호,1152,0,900,252,0,0,2
기계설비,기계설비·가스공사업,5741,(주)제스와이테크,김태양,경기,포천 22-파-01-01,1278,912,112,252,0,820,2
기계설비,기계설비·가스공사업,5742,(주)제스코,심성천,제주,제주 제주2009-10-02,1869,715,768,334,51,98,2
기계설비,기계설비·가스공사업,5743,(주)제아이엔지,박인규,경기,수원2018-23-02,1549,907,112,490,38,1418,4
기계설비,기계설비·가스공사업,5744,(주)제왕터보텍,"방봉제, 방안직",경기,안양-14-10-3,1887,91,900,889,6,326,6
기계설비,기계설비·가스공사업,5745,(주)제유이앤씨,이정훈,서울,송파-10-10-08,1153,453,415,252,32,761,2
기계설비,기계설비·가스공사업,5746,(주)제이,이준석,충북,충북제천2016-10-3,2301,376,1656,252,16,313,2
기계설비,기계설비·가스공사업,5747,(주)제이디건설,김인희,대전,대전서구-01-12-5,2167,609,1240,255,60,1057,2
기계설비,기계설비·가스공사업,5748,(주)제이디엔지니어링,이완복,울산,울산울주2020-10-02,2364,1007,1124,189,43,1426,1
기계설비,기계설비·가스공사업,5749,(주)제이디엠테크,이우형,서울,강남-20-10-03,10843,5823,3236,1532,251,6056,10
기계설비,기계설비·가스공사업,5750,(주)제이디피에스,최은주,서울,금천-25-파-09,763,0,510,252,0,0,2
기계설비,기계설비·가스공사업,5751,(주)제이비건설,이주성,부산,부산사상06-12-01,2791,455,1435,854,45,522,6
기계설비,기계설비·가스공사업,5752,제이비건설(주),배현자,경기,수원-22-파-04,1231,599,185,446,0,1086,5
기계설비,기계설비·가스공사업,5753,(주)제이비시스템,이화숙,전북,전북김제2020-10-01호,712,242,150,309,10,176,2
기계설비,기계설비·가스공사업,5754,제이비에너지서비스(주),이명수,충남,충남천안2024-파-08호,4670,3372,663,631,3,5202,5
기계설비,기계설비·가스공사업,5755,제이비에너텍(주),송종민,경기,강남-03-12-3,3409,1017,1060,1229,102,615,14
기계설비,기계설비·가스공사업,5756,(주)제이산업,이재선,경북,경북포항2020-10-06,2713,961,1324,385,41,1582,3
기계설비,기계설비·가스공사업,5757,(주)제이수건설,김종만,전남광주,광주서2019-10-03,1211,129,678,397,5,95,3
기계설비,기계설비·가스공사업,5758,(주)제이스코리아,"이창형, 정영운",부산,부산기장2026-파-03호,652,0,400,252,0,0,2
기계설비,기계설비·가스공사업,5759,(주)제이씨이엔씨,박재철,대전,대전중구 25-파-01호,519,119,128,271,0,170,2
기계설비,기계설비·가스공사업,5760,제이씨이엔지,정해숙,경기,김포-20-10-01,986,121,399,459,5,307,5
기계설비,기계설비·가스공사업,5761,(주)제이씨테크,이인현,경기,김포-21-10-06,827,325,249,252,0,303,2
기계설비,기계설비·가스공사업,5762,(주)제이씨티,조진만,경기,고양2024-파-04,1523,604,540,378,0,1010,3
기계설비,기계설비·가스공사업,5763,(주)제이씨플랜트,조천,서울,강서-10-10-03,4827,1342,2781,606,96,2328,4
기계설비,기계설비·가스공사업,5764,(주)제이씨플랜트,김재엽,경기,안산2019-10-03,15338,2196,12462,397,282,2698,3
기계설비,기계설비·가스공사업,5765,제이아이건설(주),김영인,대전,대전서구-12-10-1,2194,321,1467,382,22,463,3
기계설비,기계설비·가스공사업,5766,(주)제이앤비,김재진,강원,강원화천 2012-10-01,1974,469,1092,378,33,250,3
기계설비,기계설비·가스공사업,5767,(주)제이앤비,김종현,전남광주,여수-23-파-02,1220,67,900,252,0,0,2
기계설비,기계설비·가스공사업,5768,제이앤씨에치(주),문성호,제주,제주 제주2008-10-04,2104,717,830,505,51,614,4
기계설비,기계설비·가스공사업,5769,(주)제이앤에이,안미정,충북,충북청주19-10-11,3983,1631,2127,153,69,2558,1
기계설비,기계설비·가스공사업,5770,(주)제이앤에이,이춘식,충남,충남보령-2020-10-02,532,304,62,152,13,235,2
기계설비,기계설비·가스공사업,5771,제이앤제이설비(주),진군섭,전남광주,광주서-25-파-03,614,168,143,302,0,241,3
기계설비,기계설비·가스공사업,5772,(주)제이앤지,박종우,전북,전북전주 2007-12-1,13799,8821,1629,2712,635,12925,19
기계설비,기계설비·가스공사업,5773,(주)제이에스건설산업,안재상,대전,대전유성-2016-10-1,3507,1809,655,965,77,2291,8
기계설비,기계설비·가스공사업,5774,(주)제이에스공영,정치호,경기,송파-23-다-04,2807,1687,702,416,0,3067,3
기계설비,기계설비·가스공사업,5775,(주)제이에스기술,최정숙,경기,김포-15-10-09,2411,622,1488,255,44,946,2
기계설비,기계설비·가스공사업,5776,(주)제이에스씨앤아이,"황성옥, 최영기",서울,송파-24-파-04,1796,0,900,896,0,0,1
기계설비,기계설비·가스공사업,5777,(주)제이에스에스탑,김재완,서울,금천-07-12-4,2790,2290,22,314,163,51,2
기계설비,기계설비·가스공사업,5778,(주)제이에스엔지니어링,문지호,경기,평택-23-파-031,89,55,6,27,0,64,3
기계설비,기계설비·가스공사업,5779,(주)제이에스엠티,장민석,울산,울산울주2019-10-43,6850,5109,1017,505,218,5443,4
기계설비,기계설비·가스공사업,5780,(주)제이에스이,박세현,충남,충남천안-11-23-02,1586,697,333,505,49,1162,4
기계설비,기계설비·가스공사업,5781,제이에스이엔씨(주),김영춘,전남광주,여수2010-10-06,10300,6748,1783,1285,482,6418,9
기계설비,기계설비·가스공사업,5782,제이에스이엔지(주),오석환,부산,부산-98-12-12,6739,1811,4429,317,181,2389,2
기계설비,기계설비·가스공사업,5783,제이에스이엔지(주),김주상,전북,전북전주2024-파-8호,0,0,0,0,0,0,4
기계설비,기계설비·가스공사업,5784,(주)제이에스이엔지,송준현,경북,경북봉화2024-파-1,2839,1363,1219,256,0,2141,2
기계설비,기계설비·가스공사업,5785,(주)제이에스일렉트릭,백경일,경기,광명2017-10-1,1397,163,981,252,0,239,2
기계설비,기계설비·가스공사업,5786,(주)제이에스테크,이화춘,경남,부산강서2021-10-12,1575,338,839,397,0,247,3
기계설비,기계설비·가스공사업,5787,제이에스테크(주),박해란,경기,남양주-24-파-04,877,89,366,421,0,182,4
기계설비,기계설비·가스공사업,5788,(주)제이에스티앤랩,이철우,인천,인천연수2013-10-04,2023,232,1395,378,16,319,3
기계설비,기계설비·가스공사업,5789,(주)제이에스플랜트,홍명재,부산,광진-04-12-2,32400,18073,7349,5159,1817,29356,26
기계설비,기계설비·가스공사업,5790,(주)제이에스하이테크,정병관,서울,송파-21-10-02,3736,2114,1369,252,0,1970,2
기계설비,기계설비·가스공사업,5791,(주)제이에스환경,한정원,서울,동작-21-10-01,1793,113,900,779,0,220,6
기계설비,기계설비·가스공사업,5792,(주)제이에이엠씨,신영준,경기,화성23-파-13,1342,42,900,400,0,160,3
기계설비,기계설비·가스공사업,5793,(주)제이에이치,"박정환, 정덕진",강원,춘천2024-파-03호,1840,13,900,927,0,25,5
기계설비,기계설비·가스공사업,5794,제이에이치공조(주),김은경,제주,제주제주2025-13-04,694,166,227,300,0,237,3
기계설비,기계설비·가스공사업,5795,(주)제이에이치산업,김종열,전남광주,순천2005-12-4,4934,1524,2857,399,152,2375,3
기계설비,기계설비·가스공사업,5796,(주)제이에이치산업개발,손주환,전남광주,광주동2021-30-01,977,270,241,466,0,375,5
기계설비,기계설비·가스공사업,5797,(주)제이에이치에너지,유정희,인천,인천서구2019-10-13,1221,66,900,252,2,0,2
기계설비,기계설비·가스공사업,5798,(유)제이에이치에너지,최정화,전북,전북전주2024-파-10,796,308,63,424,0,296,4
기계설비,기계설비·가스공사업,5799,제이에이치엔지니어링(주),김기호,경기,용인2019-10-11,14869,8579,3249,2670,370,9379,21
기계설비,기계설비·가스공사업,5800,제이에이치이엔지(주),정진화,경남,밀양26-파-01,374,0,121,252,0,0,2
기계설비,기계설비·가스공사업,5801,(주)제이에이치테크,최현숙,대전,대전유성-2020-10-2,3335,1913,704,635,82,3704,5
기계설비,기계설비·가스공사업,5802,(주)제이에이치플랜트,이명현,경북,경북포항2023-파-25,567,329,0,238,0,1020,2
기계설비,기계설비·가스공사업,5803,(주)제이에프건설,정지영,대구,대구수성구2003-12-7,718,19,318,378,1,22,3
기계설비,기계설비·가스공사업,5804,(주)제이엔에스텍,박진수,충남,충남아산-2023-13-03,1295,143,900,252,0,447,2
기계설비,기계설비·가스공사업,5805,(주)제이엔지니어링,"이웅재, 이은선",서울,강북-19-10-01,3054,685,1582,757,29,1605,6
기계설비,기계설비·가스공사업,5806,(주)제이엘건설,이선진,전남광주,순천2025-파-02,1218,66,900,252,0,94,2
기계설비,기계설비·가스공사업,5807,(주)제이엘산업,강서연,울산,울산울주2024-파-13,1587,441,441,704,0,838,6
기계설비,기계설비·가스공사업,5808,제이엘솔루션(주),이홍섭,충남,충남천안-2019-10-13,969,650,38,252,27,504,2
기계설비,기계설비·가스공사업,5809,(주)제이엠공조,윤종명,서울,영등포25-파-02,2872,1044,1556,271,0,1491,2
기계설비,기계설비·가스공사업,5810,제이엠스테이지(주),임헌학,서울,94-서울-12-77,16896,9857,4786,1264,988,16088,9
기계설비,기계설비·가스공사업,5811,(주)제이엠씨엔지니어링,김기돈,충남,충남천안-2018-10-09,1234,474,487,252,20,1168,2
기계설비,기계설비·가스공사업,5812,(주)제이엠이에스,이영훈,경남,창원2007-12-6,11060,5471,4022,1173,393,11104,6
기계설비,기계설비·가스공사업,5813,(주)제이엠이엔에스,진기오,인천,경기남양주2016-23-200,1831,709,451,640,31,436,5
기계설비,기계설비·가스공사업,5814,제이엠테크,김진만,강원,삼척2023-파-01호,737,275,209,252,0,251,2
기계설비,기계설비·가스공사업,5815,(주)제이엠텍,김용만,충북,충북청주제06-12-1,6136,889,4022,1160,63,1394,8
기계설비,기계설비·가스공사업,5816,(주)제이오,심재혁,경기,안산2011-10-6,27906,22365,1726,2217,1597,29773,15
기계설비,기계설비·가스공사업,5817,(주)제이오기계건설,정훈철,전남광주,광주북2013-10-06,2207,620,1164,378,44,1101,3
기계설비,기계설비·가스공사업,5818,(주)제이오설비산업,손혜옥,인천,인천계양2017-10-02,1612,771,555,252,33,715,2
기계설비,기계설비·가스공사업,5819,(주)제이와이,최계순,경북,경북울진2018-10-1,1212,377,313,505,16,1013,4
기계설비,기계설비·가스공사업,5820,제이와이이엔씨(주),최홍재,대전,대전유성 2025-파-1호,872,272,309,290,0,389,2
기계설비,기계설비·가스공사업,5821,(주)제이원건설,김수겸,세종,충남보령2024-13-01,1488,63,900,525,0,96,4
기계설비,기계설비·가스공사업,5822,(주)제이원기술,이영규,부산,부산사하2022-13-02,2724,1137,1256,329,0,2352,2
기계설비,기계설비·가스공사업,5823,(주)제이원엔지니어링,"장세선, 김혜진",경남,부산강서2023-파-06,426,74,159,191,0,134,13
기계설비,기계설비·가스공사업,5824,(주)제이원이엔지,전종원,울산,울산울주2014-10-05,2438,1969,75,252,140,923,2
기계설비,기계설비·가스공사업,5825,제이원이엔지(주),박홍필,경기,김포-22-13-11,567,179,135,252,0,640,2
기계설비,기계설비·가스공사업,5826,제이원종합건설(주),전후동,인천,인천남동23-파-10,1178,138,900,140,0,144,1
기계설비,기계설비·가스공사업,5827,(주)제이이앤시,김종식,서울,여수2000-12-10,6190,3572,1286,974,357,7277,5
기계설비,기계설비·가스공사업,5828,(유)제이제이건설,최민희,전북,전북정읍2020-10-01,1325,263,617,417,26,190,3
기계설비,기계설비·가스공사업,5829,(주)제이제이이앤지,조병락,인천,계양2021-27-1-02,710,32,299,378,0,114,3
기계설비,기계설비·가스공사업,5830,(주)제이지주택건설,박종우,전남광주,광주광산2020-10-06,2049,136,900,1007,5,181,6
기계설비,기계설비·가스공사업,5831,(주)제이케이,진인기,대전,충남공주-04-12-01,385,63,0,315,6,44,2
기계설비,기계설비·가스공사업,5832,제이케이건설산업(주),조정연,경기,구로-99-27-1-18,1251,250,471,505,25,418,4
기계설비,기계설비·가스공사업,5833,(주)제이케이씨,강제이,경기,성남21-10-7,1988,480,1151,356,0,727,2
기계설비,기계설비·가스공사업,5834,(주)제이케이알에스티,정용규,부산,부산강서2016-10-11,1674,246,639,778,10,60,11
기계설비,기계설비·가스공사업,5835,(주)제이케이이앤씨,강훈,경기,수원2018-10-01,4341,3226,724,252,138,446,2
기계설비,기계설비·가스공사업,5836,제이케이이앤씨(주),박성근,경남,김해 2014-10-05,865,231,238,378,16,584,3
기계설비,기계설비·가스공사업,5837,제이케이이엔지(주),"강숙정, 허용택",울산,울산울주2016-10-38,727,144,324,252,6,293,2
기계설비,기계설비·가스공사업,5838,(주)제이콘,홍대성,울산,경남-92-12-50,116283,80485,23122,4580,8094,99407,17
기계설비,기계설비·가스공사업,5839,(주)제이투,이지덕,강원,강원화천2009-10-01,4515,600,3605,266,42,1065,2
기계설비,기계설비·가스공사업,5840,(주)제이투이앤씨,권영진,부산,부산북구2016-10-4,2326,133,900,1286,5,134,8
기계설비,기계설비·가스공사업,5841,(주)제이투이앤씨,김대중,인천,인천서구2011-10-05,2883,246,1426,1193,17,136,9
기계설비,기계설비·가스공사업,5842,(주)제이티아이공조,이재관,서울,송파-09-10-08,2993,616,1891,441,44,947,3
기계설비,기계설비·가스공사업,5843,(주)제이티이엔지,양기정,전북,전북군산2020-10-08,2697,462,1958,256,19,462,2
기계설비,기계설비·가스공사업,5844,(주)제이파크건설산업,박종필,대전,대전대덕12-10-03,4855,3035,911,690,217,3083,5
기계설비,기계설비·가스공사업,5845,(주)제이피에스이엔씨,조인호,경남,창원성산2020-10-01,927,551,36,315,23,146,2
기계설비,기계설비·가스공사업,5846,(주)제이피이노베이션,이제환,경기,화성13-10-12,8992,4490,3675,505,320,12212,4
기계설비,기계설비·가스공사업,5847,(주)제이피이앤지,"조혜경, 김종필",서울,관악-22-파-01,1397,367,619,378,31,619,3
기계설비,기계설비·가스공사업,5848,(주)제이피이엔씨,박은영,경기,의정부2022-파-4,1616,643,593,378,0,1284,3
기계설비,기계설비·가스공사업,5849,(주)제이피정공,변승무,충북,제천22-파-1,1363,637,462,263,0,843,2
기계설비,기계설비·가스공사업,5850,제이피코(주),문상현,경남,경남98-12-3,17115,4019,12139,554,401,6034,4
기계설비,기계설비·가스공사업,5851,(주)제이피코플랜트,황찬우,울산,울산남구2012-10-04,5327,2240,2674,252,160,3661,2
기계설비,기계설비·가스공사업,5852,(주)제일,윤홍현,전남광주,담양-25-파-02,1152,0,900,252,0,0,2
기계설비,기계설비·가스공사업,5853,(주)제일공사,"박수근, 박성환",부산,부산금정2017-23-01,10102,0,900,9202,0,0,50
기계설비,기계설비·가스공사업,5854,(유)제일공영,정성조,전북,전북-12-117,1302,100,900,291,10,254,2
기계설비,기계설비·가스공사업,5855,제일공조(주),권원섭,서울,강남-05-12-22,5920,2628,2316,711,263,3302,5
기계설비,기계설비·가스공사업,5856,(주)제일공조연구소,최숙자,충남,충남천안-2018-10-13,2365,883,1318,126,37,1533,1
기계설비,기계설비·가스공사업,5857,(주)제일기건,조선영,강원,강원 98-12-11,1876,280,1315,252,28,201,2
기계설비,기계설비·가스공사업,5858,(주)제일기건,박창재,충남,충남천안-99-12-1,14808,5007,8432,867,500,3344,4
기계설비,기계설비·가스공사업,5859,제일기계설비(주),이훈옥,경기,경기북부98-12-6,533,216,42,252,21,112,2
기계설비,기계설비·가스공사업,5860,제일기공,신동휘,대구,대구달서구2011-10-4,1874,574,859,399,41,1346,3
기계설비,기계설비·가스공사업,5861,제일기술산업(주),박동화,전남광주,여수2010-10-05,3420,785,1378,1199,56,1618,9
기계설비,기계설비·가스공사업,5862,제일기업,양희일,대구,대구98-12-224,3131,454,2252,378,45,225,3
기계설비,기계설비·가스공사업,5863,제일기업(주),"조광진, 김유근",충남,경기-94-12-12,85796,52020,25395,3163,5216,82529,16
기계설비,기계설비·가스공사업,5864,(주)제일냉동,박성열,충남,충남서산-2021-10-53,1527,699,572,256,0,1300,2
기계설비,기계설비·가스공사업,5865,(유)제일마케팅,정순태,전남광주,광주광산2006-12-02,8141,2960,4679,290,211,6445,2
기계설비,기계설비·가스공사업,5866,제일방재(주),박창수,경기,안양-17-10-05,1291,12,900,378,0,45,3
기계설비,기계설비·가스공사업,5867,(주)제일산업,"주용준, 손다영",경북,서울12-112,29052,13442,12511,1754,1344,20404,10
기계설비,기계설비·가스공사업,5868,(주)제일산업설비,임태순,충남,충남보령-2005-12-08,2829,529,1864,383,52,507,3
기계설비,기계설비·가스공사업,5869,(주)제일설비,조혜정,충남,충남예산-2021-10-01,601,208,102,290,0,152,2
기계설비,기계설비·가스공사업,5870,(주)제일솔루션,김수홍,서울,송파-24-파-02,1437,1183,0,253,0,589,2
기계설비,기계설비·가스공사업,5871,제일시스템,김재영,대전,대전동구-2022-18-02,1477,653,445,378,0,515,3
기계설비,기계설비·가스공사업,5872,(주)제일엔지니어링,최재식,대구,대구중구2001-23-1,2264,247,1486,505,24,406,4
기계설비,기계설비·가스공사업,5873,(유)제일엔지니어링,김진구,전북,익산 2008-12-14,1842,922,267,586,65,447,4
기계설비,기계설비·가스공사업,5874,(유)제일엔지니어링,이충한,전북,전북군산2020-10-03,6275,2316,3386,471,99,7964,2
기계설비,기계설비·가스공사업,5875,(주)제일엠에스씨,김수호,서울,도봉-13-10-07,3813,2803,412,397,200,1095,3
기계설비,기계설비·가스공사업,5876,(주)제일이앤씨,김종휘,전남광주,여수2015-10-08,20914,5599,13251,1262,799,8053,10
기계설비,기계설비·가스공사업,5877,제일이엔에스(주),김치연,경남,양산99-12-03,24478,5488,18189,252,548,7748,2
기계설비,기계설비·가스공사업,5878,(주)제일이엔지,안상규,전남광주,광주북2012-10-03,13268,4451,7702,795,319,6264,6
기계설비,기계설비·가스공사업,5879,(주)제일이엔지,김호진,충북,청주제01-27-01-5,6662,4083,1665,505,408,7437,4
기계설비,기계설비·가스공사업,5880,(주)제일이엔지,이점형,경북,경북경산2013-10-1,3694,554,2582,517,39,1110,4
기계설비,기계설비·가스공사업,5881,(주)제일이엔티,유경순,인천,인천남동23-파-09,1318,147,900,270,0,149,2
기계설비,기계설비·가스공사업,5882,(주)제일인더스트리,정철,경북,경북경산2010-10-1,1818,212,1274,315,15,525,2
기계설비,기계설비·가스공사업,5883,(주)제일테크,"남정화, 이금란",경기,경기-96-12-35,16128,2599,11969,1300,259,2555,5
기계설비,기계설비·가스공사업,5884,제일테크,이임숙,전남광주,나주2017-10-02,972,192,518,252,8,275,2
기계설비,기계설비·가스공사업,5885,(주)제일통상,염경섭,충남,충남-96-12-5,2276,279,1675,293,27,658,2
기계설비,기계설비·가스공사업,5886,(주)제일티엔아이,윤주만,인천,인천서구2016-10-02,759,164,316,271,7,221,2
기계설비,기계설비·가스공사업,5887,(주)제일환경기술,박성식,강원,평창2018-10-07호,1410,182,1094,126,7,477,1
기계설비,기계설비·가스공사업,5888,(주)제주공조,박혜영,제주,제주 제주2007-12-02,1973,367,1270,309,26,551,2
기계설비,기계설비·가스공사업,5889,(유)제주이엔텍,"지득현, 박태현",제주,전북전주2011-23-1,1764,363,735,639,25,737,5
기계설비,기계설비·가스공사업,5890,(주)제철공무,안우정,전남광주,전남94-12-119,1636,714,317,532,71,1322,17
기계설비,기계설비·가스공사업,5891,(주)제철에프에이,김상득,경북,경북포항2020-10-01,4723,793,3643,252,34,660,2
기계설비,기계설비·가스공사업,5892,제타건설(주),박민정,충남,충남공주2023-파-01,1434,322,663,447,0,710,3
기계설비,기계설비·가스공사업,5893,(주)젠탑,박홍대,경남,마산 2010-10-2,6261,1255,4573,342,89,1448,2
기계설비,기계설비·가스공사업,5894,젠텍엔지니어링(주),고해영,충남,충남당진-2013-10-03,3340,418,2512,378,29,714,3
기계설비,기계설비·가스공사업,5895,조광설비(주),조광빈,인천,인천-96-12-16,3233,1210,764,1136,121,1772,8
기계설비,기계설비·가스공사업,5896,(주)조산,김재옥,충남,충남아산-2012-10-04,955,607,0,303,43,327,3
기계설비,기계설비·가스공사업,5897,조선기기(주),장세훈,서울,김포-2002-12-1,6920,2454,3425,795,245,4816,6
기계설비,기계설비·가스공사업,5898,(주)조아건설,김효정,강원,강릉20-10-01호,1920,123,900,891,5,371,6
기계설비,기계설비·가스공사업,5899,(주)조안엠이씨,성순재,서울,금천21-23-3,704,129,195,378,0,188,3
기계설비,기계설비·가스공사업,5900,조양이앤지(주),박병환,충남,충남천안-08-10-05,2521,768,1439,258,54,1007,2
기계설비,기계설비·가스공사업,5901,(주)조영,양금선,제주,제주 제주2014-10-08,4417,883,3077,392,63,1614,3
기계설비,기계설비·가스공사업,5902,조영일렉컴(주),"김용곤, 김세중",경기,성남16-10-1,2165,232,1396,519,16,534,1
기계설비,기계설비·가스공사업,5903,(주)조영정공,박영태,울산,울산99-12-8,327,176,2,130,17,127,2
기계설비,기계설비·가스공사업,5904,조은건설(주),이성욱,경기,영등포-98-12-5,13398,7555,3623,1459,759,10589,9
기계설비,기계설비·가스공사업,5905,조은건설(주),조완제,경남,창원마합2025-파-02,915,211,254,449,0,302,3
기계설비,기계설비·가스공사업,5906,조은건설산업(주),박래형,부산,부산남구2016-10-01,3021,352,1470,1182,15,744,8
기계설비,기계설비·가스공사업,5907,(주)조은공조시스템,조성실,경기,평택08-10-2,2539,793,1055,634,56,883,5
기계설비,기계설비·가스공사업,5908,조은세상(주),서광숙,전남광주,전남화순24-파-02,747,281,211,254,0,470,2
기계설비,기계설비·가스공사업,5909,(주)조은에너지,신용길,서울,마포-06-12-1,17465,6368,9116,1525,454,10885,6
기계설비,기계설비·가스공사업,5910,(주)조은에스엔디,김지현,충남,성북22-파-01,926,57,363,505,0,205,4
기계설비,기계설비·가스공사업,5911,(주)조은이엔티,박해식,대구,대구 달서구 2009-12-1,2908,2139,232,383,152,2128,3
기계설비,기계설비·가스공사업,5912,조은주비트산업(주),김현우,서울,동대문-13-10-1,1892,1150,280,378,82,2036,3
기계설비,기계설비·가스공사업,5913,(주)조은테크닉스앤아트,조은혜,서울,마포-05-12-4,132,82,0,41,8,0,2
기계설비,기계설비·가스공사업,5914,조이기업(주),조소영,서울,영등포22-파-03,856,274,329,252,0,359,2
기계설비,기계설비·가스공사업,5915,(주)조이산업,박종남,울산,울산울주2022-파-87,2614,1326,909,378,0,1876,3
기계설비,기계설비·가스공사업,5916,조이이엔지(주),최영도,경기,오산2013-10-04,6471,1687,4411,252,120,2513,2
기계설비,기계설비·가스공사업,5917,(주)조이테크,김유찬,부산,부산강서2025-파-02호,1048,58,736,252,0,83,2
기계설비,기계설비·가스공사업,5918,(주)조인,서유진,경남,김해-25-파-05,537,35,249,252,0,51,2
기계설비,기계설비·가스공사업,5919,(주)조풍건설,문창,전북,전북군산-23-파-09호,1632,38,900,690,2,0,5
기계설비,기계설비·가스공사업,5920,존슨콘트롤즈인터내셔널코리아(주),김건수,서울,송파-17-10-07,9447,1234,7404,755,52,1714,4
기계설비,기계설비·가스공사업,5921,종로전기(주),"박동천, 박진우",부산,부산남구 2008-12-01,4956,204,1224,3513,14,306,2
기계설비,기계설비·가스공사업,5922,(주)종보건설,전영원,경북,경북경주2003-27-01-01,2204,997,602,505,99,786,4
기계설비,기계설비·가스공사업,5923,(주)종승이엔지,홍문용,경기,남양주22-파-02,1164,321,590,252,0,396,2
기계설비,기계설비·가스공사업,5924,(주)종합지하수개발,조동환,경기,광주20-10-05,4190,1461,2277,388,63,3474,3
기계설비,기계설비·가스공사업,5925,(주)좋은건설,고은미,부산,부산북구2021-10-01,323,157,76,88,0,189,2
기계설비,기계설비·가스공사업,5926,(주)주광산업,박경열,전남광주,광주남2025-파-01,496,10,233,252,0,14,2
기계설비,기계설비·가스공사업,5927,주노이엔지(주),김지영,전남광주,광주광산-25-파-04,523,0,149,374,0,0,3
기계설비,기계설비·가스공사업,5928,주덕엔지니어링(주),김현동,대전,대전대덕-01-12-9,662,156,238,252,15,61,2
기계설비,기계설비·가스공사업,5929,(주)주복공영,박상준,인천,영등포-06-12-10,5742,3208,1441,863,229,2076,6
기계설비,기계설비·가스공사업,5930,(주)주성이엔지,박수철,경기,시흥-25-파-19,1152,0,900,252,0,0,2
기계설비,기계설비·가스공사업,5931,(주)주성지엠피,박노정,경기,구로-21-10-02,6104,4915,683,505,0,7569,4
기계설비,기계설비·가스공사업,5932,(주)주송,최순무,전남광주,광주남2012-10-2,3325,783,2195,290,55,371,2
기계설비,기계설비·가스공사업,5933,(주)주승,임승택,세종,세종시-2017-10-03,2378,1441,400,474,61,1254,2
기계설비,기계설비·가스공사업,5934,주식회사 유경엔지니어링,"김광환, 김성운",부산,부산-12-72,4229,2678,838,443,268,1902,3
기계설비,기계설비·가스공사업,5935,주식회사도보즈,최동호,경북,의성2017-10-01,30510,23025,5015,1476,993,15696,8
기계설비,기계설비·가스공사업,5936,(자)주신,이종호,강원,강원-95-12-2,841,434,111,252,43,74,2
기계설비,기계설비·가스공사업,5937,주신공영(주),윤세휘,서울,도봉-02-12-1,2058,796,847,334,79,1626,2
기계설비,기계설비·가스공사업,5938,주안이엔씨(주),문경복,경남,부산동래2008-23-01,3675,934,1536,1138,66,1430,9
기계설비,기계설비·가스공사업,5939,주암건설(주),최홍균,대전,대전서구-01-12-7,5942,2557,2605,522,256,1642,4
기계설비,기계설비·가스공사업,5940,(주)주연,조양숙,경남,창원마합2016-10-01,1561,132,900,524,5,160,4
기계설비,기계설비·가스공사업,5941,(주)주연개발,이명기,전남광주,광주북2021-10-01,1198,43,900,254,0,156,2
기계설비,기계설비·가스공사업,5942,주영설비(주),서영주,울산,울산남구2005-12-05,4497,641,3481,310,64,106,2
기계설비,기계설비·가스공사업,5943,(주)주영이앤지,한승우,대구,대구동구2008-27-1-1,519,79,104,329,5,80,3
기계설비,기계설비·가스공사업,5944,(주)주영이엔지,서문영,대전,대전유성 2024-파-3호,2404,1261,889,252,0,705,2
기계설비,기계설비·가스공사업,5945,(주)주영이엔지,장명성,전북,전북익산2020-10-02,1413,513,562,315,22,461,2
기계설비,기계설비·가스공사업,5946,(주)주영카스코,이에스더,인천,강서-03-12-1,2592,1268,798,399,126,209,3
기계설비,기계설비·가스공사업,5947,주영펌프공업앤이엔지(주),김미순,서울,성동23-파-04,880,274,334,272,0,266,2
기계설비,기계설비·가스공사업,5948,(주)주왕엔지니어링,추경태,대전,강원99-12-08,3308,962,1927,321,96,731,2
기계설비,기계설비·가스공사업,5949,(주)주원건축,곽부승,경남,부산진2004-12-4,2426,685,1401,270,68,1356,2
기계설비,기계설비·가스공사업,5950,주원솔루션(주),김슬기,제주,제주제주2022-13-01,1889,1524,112,252,0,1565,2
기계설비,기계설비·가스공사업,5951,(주)주원씨앤아이,손정진,경기,김포-12-10-03,5392,2795,1513,883,199,5951,7
기계설비,기계설비·가스공사업,5952,(주)주원엔지니어링,노왕열,경기,연천2014-12-01,4640,2528,1552,378,180,3372,3
기계설비,기계설비·가스공사업,5953,(주)주원엔텍,송주원,서울,강동-19-10-03,797,8,283,505,0,0,4
기계설비,기계설비·가스공사업,5954,(유)주은건설,강사길,대전,대전유성-2014-10-3,2039,462,885,658,33,166,5
기계설비,기계설비·가스공사업,5955,(주)주은기업,고소영,충북,양천2017-10-02,1138,371,479,271,15,471,2
기계설비,기계설비·가스공사업,5956,(유)주은이엔지,최재영,전남광주,함평2021-10-01,2577,1948,250,378,0,2012,3
기계설비,기계설비·가스공사업,5957,(주)주은테크,김만영,경기,금천-22-파-03호,294,0,294,0,0,0,0
기계설비,기계설비·가스공사업,5958,(주)주인정보시스템,김근호,서울,강남-16-10-03,3892,1104,2614,126,47,2733,1
기계설비,기계설비·가스공사업,5959,(주)주일플랜트,정인자,경기,인천부평구2012-10-04,2284,1156,521,524,82,958,4
기계설비,기계설비·가스공사업,5960,주진이엔지(주),권오성,경북,안산2012-10-1,2421,1514,542,255,108,1762,2
기계설비,기계설비·가스공사업,5961,주택관리공단(주),방성민,경남,강남-98-12-34,1043,647,78,252,64,1087,2
기계설비,기계설비·가스공사업,5962,(주)주훈엔지니어링,"안상태, 김현민",부산,부산동래2010-10-04,741,127,185,419,9,132,3
기계설비,기계설비·가스공사업,5963,(주)주흥건영,김주문,서울,92-서울-12-159,11290,6198,3299,1170,621,7432,7
기계설비,기계설비·가스공사업,5964,(주)준건설,김연주,경북,경북울진2014-10-1,2008,709,849,399,50,1320,3
기계설비,기계설비·가스공사업,5965,준건설 주식회사,임대현,경북,경북안동2016-10-02,2052,618,1028,378,26,348,3
기계설비,기계설비·가스공사업,5966,(주)준산업개발,한영애,충남,충남태안-2020-10-02,2440,471,1690,258,20,1026,2
기계설비,기계설비·가스공사업,5967,준에너지테크(주),박금선,경기,용산-98-12-8,5351,1851,2002,1312,185,2299,9
기계설비,기계설비·가스공사업,5968,준영공영(주),"정종인, 조영숙, 정재윤",서울,금천-06-12-8,2975,983,1272,650,70,1707,5
기계설비,기계설비·가스공사업,5969,준오건설(주),김상철,서울,중랑-07-27-1-1,695,234,0,445,16,235,4
기계설비,기계설비·가스공사업,5970,(주)준원엔지니어링,김영준,서울,강서-14-10-2,1734,913,472,283,65,340,2
기계설비,기계설비·가스공사업,5971,준이엔지(주),조필준,전남광주,광주서2020-10-03,1133,199,634,290,8,218,2
기계설비,기계설비·가스공사업,5972,(주)준이엔지,박원준,경기,부천-12-10-4,1258,98,900,252,7,55,2
기계설비,기계설비·가스공사업,5973,준이엔지(주),최은준,경기,충북청원08-10-1,2693,826,1428,380,59,535,2
기계설비,기계설비·가스공사업,5974,준제이엔씨(주),"고형준, 이병철",서울,강남-98-12-32,78773,52776,12521,8122,5353,66567,27
기계설비,기계설비·가스공사업,5975,준지산업개발(주),신상수,서울,강서-99-12-6,3658,422,2532,661,42,1507,5
기계설비,기계설비·가스공사업,5976,(주)준진,허준영,강원,강릉13-10-01호,1478,218,726,517,15,283,4
기계설비,기계설비·가스공사업,5977,(주)준플랜텍,김은수,울산,울산울주2016-10-03,1445,861,143,378,61,983,3
기계설비,기계설비·가스공사업,5978,(주)준현이엔지,박선이,대전,대전유성-2017-10-4,1136,353,380,387,15,746,3
기계설비,기계설비·가스공사업,5979,(주)준형,윤여문,대전,대전유성-2011-10-6호,9050,6174,1338,567,970,9691,4
기계설비,기계설비·가스공사업,5980,(주)준형,윤장식,충북,충북청주24-파-18,1142,588,301,252,0,644,2
기계설비,기계설비·가스공사업,5981,(주)중경엔지니어링,박경래,경기,안산-2002-27-381,3176,1176,1377,505,117,2502,4
기계설비,기계설비·가스공사업,5982,(주)중구에너지,정태영,부산,부산중구2002-27-01-01,1772,766,549,378,76,924,3
기계설비,기계설비·가스공사업,5983,(주)중문이엔씨,장동훈,경기,부천2015-23-7,428,272,0,136,19,86,2
기계설비,기계설비·가스공사업,5984,(합)중보건설,권창오,울산,강원-92-12-5,2595,445,1726,378,44,345,3
기계설비,기계설비·가스공사업,5985,(주)중부공조,남미수,경북,경북구미2008-10-10,3420,1124,1814,400,80,1250,3
기계설비,기계설비·가스공사업,5986,중부도시가스(주),홍란주,경기,성남-13-23-01,723,242,211,252,17,265,2
기계설비,기계설비·가스공사업,5987,중부소방산업(주),이정완,경기,안산2017-10-08,4378,3261,570,407,139,2117,3
기계설비,기계설비·가스공사업,5988,(주)중부아이앤씨,허태준,대전,대전서구-13-10-1,585,85,222,271,6,0,2
기계설비,기계설비·가스공사업,5989,중부엔지니어링(주),강태호,인천,인천남구-2001-12-01,1283,305,568,378,30,257,3
기계설비,기계설비·가스공사업,5990,(주)중산산업개발,이대건,부산,부산기장2023-파-02,1900,227,1366,306,0,442,2
기계설비,기계설비·가스공사업,5991,(주)중심티엔씨,박충민,부산,부산강서2023-파-01,1718,202,1214,301,0,451,2
기계설비,기계설비·가스공사업,5992,(주)중앙가스산업,김민호,경북,경북안동2023-파-01,905,12,514,378,0,50,3
기계설비,기계설비·가스공사업,5993,(주)중앙건설,전갑식,경북,경북울진2015-10-1,597,27,315,252,1,0,2
기계설비,기계설비·가스공사업,5994,(주)중앙기업,이종일,경기,경기-94-12-15,762,200,289,252,20,87,2
기계설비,기계설비·가스공사업,5995,중앙산업(주),한영환,대구,대구12-128,1779,145,900,719,14,519,5
기계설비,기계설비·가스공사업,5996,중앙산업건설(주),김진분,인천,안산-2002-12-3,2033,317,1305,378,31,246,3
기계설비,기계설비·가스공사업,5997,(주)중앙산업설비,김태형,경남,전북-94-12-29,3090,474,2272,296,47,439,2
기계설비,기계설비·가스공사업,5998,중앙설비(주),김지수,서울,서울12-133,7738,5767,972,421,576,1580,2
기계설비,기계설비·가스공사업,5999,중앙아이엔티(주),인상익,대구,대구북구2012-12-3,1799,826,330,582,59,1526,4
기계설비,기계설비·가스공사업,6000,중앙에이알(주),이봉주,서울,금천-10-10-07,5790,1817,3211,631,129,2529,5
기계설비,기계설비·가스공사업,6001,(주)중앙엔지니어링,김상모,경기,대구북구2007-12-1,7189,1075,5575,461,76,1742,2
기계설비,기계설비·가스공사업,6002,(주)중앙엔지니어링,정유근,경기,오산2019-10-06,2516,1338,343,777,57,424,5
기계설비,기계설비·가스공사업,6003,(유)중앙엔지니어링,"이은선, 이형주",전남광주,여수2016-10-07,1309,29,900,378,1,106,3
기계설비,기계설비·가스공사업,6004,(주)중앙이앤지,이현정,대전,대전대덕-14-10-04,2150,640,1172,292,45,730,2
기계설비,기계설비·가스공사업,6005,(주)중앙이앤티,조명진,전북,전북군산2018-10-07호,1876,815,772,252,34,594,2
기계설비,기계설비·가스공사업,6006,(주)중앙이엔지,이계순,대전,대전대덕02-12-1,2462,1628,162,508,163,924,4
기계설비,기계설비·가스공사업,6007,(주)중앙이엔지,황상철,경남,김해 2008-12-04,6288,2512,2691,904,180,3333,6
기계설비,기계설비·가스공사업,6008,(주)중앙이엠씨,정연태,부산,부산해운대2025-13-02,735,0,348,387,0,0,2
기계설비,기계설비·가스공사업,6009,중앙이엠씨(주),"임성기, 임현정",전남광주,광양2010-10-01,11868,7248,1377,2708,534,7181,21
기계설비,기계설비·가스공사업,6010,(주)중앙종합설비,정택우,인천,인천연수구-22-파-2호,1156,290,613,252,0,791,2
기계설비,기계설비·가스공사업,6011,(주)중앙플랜트,손형태,울산,울산울주2023-파-11,895,28,578,288,0,105,2
기계설비,기계설비·가스공사업,6012,(주)중앙플랜트,고정휘,충북,충북음성10-10-1,15091,8232,1144,5126,588,15242,8
기계설비,기계설비·가스공사업,6013,(주)중앙플랜트,장정수,세종,충남천안-03-12-02,3399,430,2468,457,43,816,3
기계설비,기계설비·가스공사업,6014,(주)중앙플랜트,김회진,전남광주,여수-22-파-10,4440,597,3584,258,0,605,2
기계설비,기계설비·가스공사업,6015,중양산업건설(주),"나양종, 나한아",인천,94-서울-12-78,4485,523,3143,765,52,274,6
기계설비,기계설비·가스공사업,6016,중원공무엔지니어링(주),이옥경,충북,충북-94-12-8,6514,1845,4232,252,184,3569,2
기계설비,기계설비·가스공사업,6017,(주)중원공사,전혜경,충남,충남서산-2024-13-01,1600,192,1155,252,0,550,2
기계설비,기계설비·가스공사업,6018,중원기전(주),김창중,서울,94-서울-12-80,11607,4928,5152,1033,492,8767,5
기계설비,기계설비·가스공사업,6019,(주)중원냉기,류국현,경기,안성-2005-12-4,1238,135,837,252,13,224,2
기계설비,기계설비·가스공사업,6020,중원사격장비(주),김기홍,경기,포천12-10-1,1717,558,803,315,39,930,2
기계설비,기계설비·가스공사업,6021,중원엔지니어링(주),"박정필, 민영관, 김희광",서울,97-서울-12-18,334566,97051,199221,28589,9705,158556,68
기계설비,기계설비·가스공사업,6022,중원엔지니어링(주),김종순,충북,충북충주00-27-01-1,1124,152,577,378,15,156,3
기계설비,기계설비·가스공사업,6023,(주)중원이엔씨,김윤경,충남,충남아산2024-13-02,3286,1449,1303,533,0,3765,4
기계설비,기계설비·가스공사업,6024,중원지씨에스(주),오창준,강원,평창2019-23-01호,1269,606,123,513,25,730,4
기계설비,기계설비·가스공사업,6025,중현산업개발(주),김재길,대전,대전동구-04-12-3,1760,346,1000,378,34,584,3
기계설비,기계설비·가스공사업,6026,(주)지.에스엔지니어링,유종소,경기,안양-2003-12-15,7741,3624,2777,975,363,4694,4
기계설비,기계설비·가스공사업,6027,(합)지구,김호찬,경북,경북문경2016-10-01,3222,417,2507,279,17,458,2
기계설비,기계설비·가스공사업,6028,(주)지구산업,박호현,전남광주,담양2002-12-01,5667,1660,3424,416,166,2232,3
기계설비,기계설비·가스공사업,6029,(주)지구설비,김지희,경기,경기-94-12-43,2139,769,341,951,77,1104,7
기계설비,기계설비·가스공사업,6030,(주)지구에너지,신재승,경기,제주 제주2018-23-01,7363,2220,4067,819,255,1330,6
기계설비,기계설비·가스공사업,6031,(유)지구엔비텍,박성아,전북,전북전주2012-10-2,1407,447,381,545,32,230,4
기계설비,기계설비·가스공사업,6032,지구전문건설(주),"조경현, 조정호",경기,경기-94-12-25,4816,2316,1195,1072,231,2529,7
기계설비,기계설비·가스공사업,6033,(주)지니어스,김현희,전남광주,광주북2020-10-13,2654,305,1831,505,13,435,4
기계설비,기계설비·가스공사업,6034,(주)지니이엔씨,장혜림,경기,수원-24-파-05,2360,372,1178,809,0,330,6
기계설비,기계설비·가스공사업,6035,지도엔지니어링,정천록,경기,고양-2006-12-1,2450,1203,602,557,85,991,4
기계설비,기계설비·가스공사업,6036,지디에이치건설(주),고도현,경기,도봉-01-27-1-1,8255,2999,3817,1138,299,5685,9
기계설비,기계설비·가스공사업,6037,지멘스(주),정하중,서울,94-서울-12-157,18393,4314,12951,695,431,3870,2
기계설비,기계설비·가스공사업,6038,(주)지명,임태혁,충남,충남서천-2019-10-01,119,74,3,37,3,19,2
기계설비,기계설비·가스공사업,6039,(주)지명,조봉주,전남광주,목포2001-12-05,1204,46,900,253,4,54,2
기계설비,기계설비·가스공사업,6040,(주)지명건설개발,지천용,서울,금천-21-10-10,2205,403,1538,262,0,279,2
기계설비,기계설비·가스공사업,6041,(주)지명환경산업,한승미,서울,인천남동21-10-02,2006,238,1387,380,0,217,3
기계설비,기계설비·가스공사업,6042,(주)지베스트,박영희,경기,고양2018-23-01,1362,284,560,505,12,449,4
기계설비,기계설비·가스공사업,6043,지브이산업(주),오병권,충남,광주광산2005-12-2,2046,411,1158,435,41,230,3
기계설비,기계설비·가스공사업,6044,(주)지브이케이,이선옥,충남,충남태안-2021-10-02,1093,67,900,126,0,20,1
기계설비,기계설비·가스공사업,6045,(주)지비엠테크,한두표,부산,부산사상18-10-3,976,295,411,256,12,458,2
기계설비,기계설비·가스공사업,6046,지비케이시스템(주),김경훈,서울,송파-18-10-04,987,592,73,296,25,249,4
기계설비,기계설비·가스공사업,6047,(주)지산개발,윤영국,충북,용인2021-10-05,1447,0,900,547,0,0,0
기계설비,기계설비·가스공사업,6048,(주)지산이엔씨,유현순,충북,충북청주 23-파-14,955,372,204,378,0,228,3
기계설비,기계설비·가스공사업,6049,(주)지서산업,김충엽,전북,전북김제2024-파-01호,1613,81,900,631,0,95,5
기계설비,기계설비·가스공사업,6050,(주)지석엔지니어링,문연시,경북,경북구미2021-10-7,1568,795,394,378,0,1113,3
기계설비,기계설비·가스공사업,6051,(주)지성건설,정재영,서울,동대문-09-10-1,1467,114,900,444,8,311,3
기계설비,기계설비·가스공사업,6052,(주)지성산업,임종우,인천,인천부평구2019-10-02,2798,1612,557,559,69,2090,4
기계설비,기계설비·가스공사업,6053,(주)지성엔지니어링,나상필,경기,부천-2005-12-11,19287,6931,9164,2498,693,15644,16
기계설비,기계설비·가스공사업,6054,지성이앤씨(주),백명준,경남,진주 2005-12-3,4002,836,2044,1037,83,1296,8
기계설비,기계설비·가스공사업,6055,지성이엔에스(주),김완해,서울,노원18-25-3,1680,447,708,505,19,632,4
기계설비,기계설비·가스공사업,6056,(주)지성이엔피,소정섭,전북,전북익산-23-파-02호,885,336,219,328,0,624,3
기계설비,기계설비·가스공사업,6057,(주)지성지오텍,"안은영, 김진우",전북,전북임실2014-10-01,2978,911,1540,461,65,668,3
기계설비,기계설비·가스공사업,6058,(주)지세미텍,이정미,경기,시흥-26-파-5호,447,0,127,319,0,0,4
기계설비,기계설비·가스공사업,6059,(주)지스인,최희석,인천,김포-20-10-14,1135,310,559,252,13,418,2
기계설비,기계설비·가스공사업,6060,(주)지스코,홍성호,서울,금천-20-10-08,4357,2415,1062,776,103,4210,6
기계설비,기계설비·가스공사업,6061,(주)지스텍,정정화,경북,경북포항2014-23-01,0,0,0,0,0,0,3
기계설비,기계설비·가스공사업,6062,(주)지승엔지니어링,남성택,경남,창원성산2016-10-03,8085,2540,4620,815,109,4434,5
기계설비,기계설비·가스공사업,6063,(주)지아이엔지니어링,조정식,경기,안산2019-23-01,918,95,439,378,4,341,3
기계설비,기계설비·가스공사업,6064,(주)지아이이,홍성민,서울,구로-20-10-02,2562,1657,581,252,71,3252,2
기계설비,기계설비·가스공사업,6065,지안이앤에스(주),최봄솔,서울,강동-19-10-02,2726,1388,1025,252,59,2730,2
기계설비,기계설비·가스공사업,6066,지안이엔지(주),박태은,전남광주,광주광산-24-파-01,841,181,256,402,0,268,3
기계설비,기계설비·가스공사업,6067,(주)지안이엔지,남정섭,경남,창원성산2022-파-3,1738,305,1180,252,0,437,2
기계설비,기계설비·가스공사업,6068,지알이에스(주),이용형,서울,강서-16-23-01,8975,3235,4591,1010,138,7439,8
기계설비,기계설비·가스공사업,6069,(주)지알크린,이승헌,대전,대전서구-20-10-2,524,61,208,252,2,0,2
기계설비,기계설비·가스공사업,6070,(주)지알티,이숙자,대전,대전대덕-07-12-02,1679,133,900,636,9,192,5
기계설비,기계설비·가스공사업,6071,지암종합건설(주),이효선,충남,충남당진-2016-10-05,366,109,0,252,4,24,2
기계설비,기계설비·가스공사업,6072,(주)지앤비에스에코,박상순,경기,안성2013-10-1,4674,713,3651,258,50,1154,2
기계설비,기계설비·가스공사업,6073,(주)지앤씨엔지니어링,박정섭,대전,대전유성-2020-10-6,859,22,330,505,0,41,4
기계설비,기계설비·가스공사업,6074,지앤씨쿨링(주),이상민,경기,김포-25-파-13,1590,200,1204,185,0,286,1
기계설비,기계설비·가스공사업,6075,(주)지앤에스이엔지,박선영,경기,고양2009-10-2,796,214,113,452,15,29,3
기계설비,기계설비·가스공사업,6076,(주)지앤지,김종국,전남광주,목포2010-10-01,1085,186,632,252,13,106,2
기계설비,기계설비·가스공사업,6077,(주)지앤지래드콘,오진선,대전,대전동구-2022-21-17,998,109,635,252,0,41,2
기계설비,기계설비·가스공사업,6078,(주)지앤지테크놀러지,조희남,인천,인천연수2013-10-02,1296,628,0,587,80,1024,4
기계설비,기계설비·가스공사업,6079,(주)지앤케이,도경국,경북,경북구미2026-파-8호,453,0,201,252,0,0,2
기계설비,기계설비·가스공사업,6080,(주)지앤티,이재덕,울산,울산남구2002-12-01,9283,3612,4678,631,361,4741,4
기계설비,기계설비·가스공사업,6081,지에스건설(주),"허윤홍, 김태진",서울,85-70,307341,0,900,306441,0,0,1497
기계설비,기계설비·가스공사업,6082,(주)지에스공영,오민택,경기,양천-04-27-1-1,1980,490,1061,378,49,292,3
기계설비,기계설비·가스공사업,6083,지에스네오텍(주),남기정,서울,서울12-288,80353,45174,26652,3995,4530,34993,9
기계설비,기계설비·가스공사업,6084,(주)지에스산업설비,남경필,경남,창원성산2023-파-04,2228,810,849,568,0,1741,4
기계설비,기계설비·가스공사업,6085,지에스아이(주),김영분,경기,성남-2005-12-1,350,103,65,170,10,306,2
기계설비,기계설비·가스공사업,6086,(주)지에스엔텍,"허철홍, 송원길",울산,울산울주2012-10-30,0,0,0,0,0,0,1
기계설비,기계설비·가스공사업,6087,(주)지에스이엔지,이경규,경북,성남-2001-12-3,5576,2830,1830,631,283,3972,4
기계설비,기계설비·가스공사업,6088,지에스중공업(주),윤여성,부산,부산-98-12-07,7708,1886,3227,2405,188,2162,19
기계설비,기계설비·가스공사업,6089,(주)지에스테크,김철옥,울산,울산남구2012-10-01,4388,2282,1689,252,163,1262,2
기계설비,기계설비·가스공사업,6090,(주)지에스파워텍,박종훈,충남,충북청주제05-12-2,1286,100,796,378,10,20,3
기계설비,기계설비·가스공사업,6091,지에스플랜트(주),이한오,경기,청원-99-27-1-1,4074,1675,968,1262,167,2566,10
기계설비,기계설비·가스공사업,6092,(주)지에이,이정임,강원,원주2021-10-03호,330,32,45,252,0,98,2
기계설비,기계설비·가스공사업,6093,(유)지에이시스템,"원승연, 정미지",전북,전북전주2008-10-4,5974,3005,1250,1502,216,3637,11
기계설비,기계설비·가스공사업,6094,지에이치티(주),박용식,경북,경북경주2023-파-01,1569,422,641,505,0,617,4
기계설비,기계설비·가스공사업,6095,지에이텍(주),장희철,경기,화성16-10-16,0,0,0,0,0,0,4
기계설비,기계설비·가스공사업,6096,(주)지엔씨에너지,안병철,서울,영등포-03-12-4,6512,711,4267,1463,71,1399,11
기계설비,기계설비·가스공사업,6097,(주)지엔에스,신영호,대전,대전대덕-08-10-04,1484,679,503,252,48,1035,2
기계설비,기계설비·가스공사업,6098,(주)지엔이엔지,김학봉,전남광주,광양2016-10-06,1445,586,562,271,25,501,2
기계설비,기계설비·가스공사업,6099,지엘건설(주),"천본수, 김영석",경기,서초-07-12-3,4745,3248,-325,1586,235,8744,10
기계설비,기계설비·가스공사업,6100,(주)지엘공조시스템,김대식,경남,창원성산2017-10-02,1813,929,457,386,39,982,3
기계설비,기계설비·가스공사업,6101,(주)지엘플랜트,한동희,서울,양천-09-10-1,7454,2655,3704,904,189,4124,5
기계설비,기계설비·가스공사업,6102,지엠방재산업(주),김태형,서울,서초-16-10-01,1279,118,900,252,8,94,2
기계설비,기계설비·가스공사업,6103,지엠에스아이(주),이상일,경남,경남통영2017-10-01,2169,935,625,568,40,1785,4
기계설비,기계설비·가스공사업,6104,(주)지엠에이치,문희진,경기,동구-2002-12-2,1567,273,1013,252,27,242,2
기계설비,기계설비·가스공사업,6105,(주)지엠이앤씨,이강섭,전남광주,수원03-12-02,4034,1460,1751,676,146,2284,4
기계설비,기계설비·가스공사업,6106,지엠텍(주),조남철,울산,경남-95-12-16,24917,9947,12529,1445,994,8979,11
기계설비,기계설비·가스공사업,6107,지엠텍(주),박광선,경북,경북포항2001-12-05,725,361,201,126,36,911,1
기계설비,기계설비·가스공사업,6108,(주)지엠티일렉트릭,이혜경,인천,인서25-파-07,254,1,0,252,0,2,2
기계설비,기계설비·가스공사업,6109,(주)지열공조시스템,엄재용,경기,안산-26-파-09,489,0,236,252,0,0,2
기계설비,기계설비·가스공사업,6110,(주)지오엔지니어링,이삼기,전북,전북전주2014-10-6,10426,4481,2840,2780,323,5840,18
기계설비,기계설비·가스공사업,6111,(주)지오이솔루션,정의선,충남,충남천안-2019-10-07,1938,778,748,378,33,388,3
기계설비,기계설비·가스공사업,6112,지오이앤에프(주),서철,전남광주,전남화순-2004-12-1,1366,31,900,432,3,0,2
기계설비,기계설비·가스공사업,6113,(주)지오이앤티,윤준호,부산,부산진2019-10-01,928,199,465,254,8,302,2
기계설비,기계설비·가스공사업,6114,(주)지오이엔씨,장기숙,전남광주,부산남구2013-10-02,1111,257,203,631,18,456,5
기계설비,기계설비·가스공사업,6115,(주)지오이엔지,조영진,전남광주,광주북2015-10-03,984,337,225,397,24,258,3
기계설비,기계설비·가스공사업,6116,(주)지오테크,박성구,경기,성남-2003-12-1,7803,3512,3134,804,352,5811,5
기계설비,기계설비·가스공사업,6117,지오하이테크(주),한정수,경기,서초-09-10-5,405,255,131,0,18,0,0
기계설비,기계설비·가스공사업,6118,(주)지온,임경택,경기,남양주21-10-44,1151,51,900,199,0,32,1
기계설비,기계설비·가스공사업,6119,(주)지웅이엔씨,정승일,제주,제주 제주2015-10-04,1455,254,911,271,18,154,2
기계설비,기계설비·가스공사업,6120,(주)지원산업,문현실,전남광주,광양23-파-01,4607,3395,706,505,0,5326,4
기계설비,기계설비·가스공사업,6121,(주)지원에너지,전형진,경기,의정부2018-23-1,1370,524,296,526,22,543,5
기계설비,기계설비·가스공사업,6122,지유건설(주),김혜선,강원,춘천2012-10-03,3529,1072,1873,506,76,2077,4
기계설비,기계설비·가스공사업,6123,(주)지이테크,김재경,경북,대구달서구2009-10-5,4449,1547,1956,833,111,1935,6
기계설비,기계설비·가스공사업,6124,(주)지인테크,강희도,경기,평택20-10-0010,15153,7502,6841,487,321,14951,3
기계설비,기계설비·가스공사업,6125,(주)지주,허진영,강원,강릉19-10-01호,1070,99,136,828,4,50,6
기계설비,기계설비·가스공사업,6126,(주)지주건설산업,전성현,인천,인천남동23-파-03,1324,45,900,378,0,0,3
기계설비,기계설비·가스공사업,6127,(주)지주종합건설,이기백,인천,인천서구2018-10-13,2155,370,1376,391,15,746,3
기계설비,기계설비·가스공사업,6128,(주)지지케이,안근묵,경기,광주10-10-3,10072,8031,348,1118,573,14584,8
기계설비,기계설비·가스공사업,6129,(주)지코엔지니어링,양성규,전북,전북전주2013-10-4,3924,736,2611,524,52,1170,4
기계설비,기계설비·가스공사업,6130,(주)지코코리아,전태현,전남광주,광주광산2017-10-05,2162,271,1626,252,11,0,2
기계설비,기계설비·가스공사업,6131,(주)지테크,최대호,인천,인천남동15-10-07,4452,1304,2657,397,93,2783,3
기계설비,기계설비·가스공사업,6132,(주)지텍이앤씨,박민아,강원,원주2023-파-07호,2259,349,1464,446,0,871,3
기계설비,기계설비·가스공사업,6133,(주)지투비코리아,김기룡,경남,창원성산2025-파-02,1447,130,900,416,0,186,3
기계설비,기계설비·가스공사업,6134,(주)지티에스,손무형,울산,울산남구2009-10-02,3348,875,1526,883,62,1397,7
기계설비,기계설비·가스공사업,6135,지티엠이씨(주),"최종국, 고창석",경기,서초-03-12-13,1193,37,900,252,3,55,2
기계설비,기계설비·가스공사업,6136,(주)지패스,이남석,서울,광진-20-10-07,3965,1596,1902,397,68,2788,3
기계설비,기계설비·가스공사업,6137,(주)지평건설,김광복,울산,울산중구2015-10-01,1260,104,895,253,7,240,2
기계설비,기계설비·가스공사업,6138,(주)지평산업,정종혁,전남광주,광주북-26-파-03,465,0,213,252,0,0,2
기계설비,기계설비·가스공사업,6139,(주)지풍건설,양수승,전남광주,순천2021-10-01,1485,151,909,423,0,170,3
기계설비,기계설비·가스공사업,6140,지피에스(주),최미미,충남,충남태안-2023-12-20,2208,90,900,1218,0,257,9
기계설비,기계설비·가스공사업,6141,(주)지환,권혁영,인천,인천남동22-파-07,0,0,0,0,0,0,3
기계설비,기계설비·가스공사업,6142,(주)진광엔지니어링건축사사무소,조성수,경기,수원2020-10-12,221,0,102,118,0,0,23
기계설비,기계설비·가스공사업,6143,(주)진남엔지니어링,"이철규, 이제현",대구,대구12-133,2170,641,1086,378,64,337,3
기계설비,기계설비·가스공사업,6144,(주)진남특수산업,임승진,전남광주,여수2016-10-11,1815,204,1224,378,8,220,3
기계설비,기계설비·가스공사업,6145,(주)진명디엔씨,신종운,부산,부산동구-2024-파-02호,2573,302,1710,560,0,563,4
기계설비,기계설비·가스공사업,6146,진명엔지니어링,문정숙,경기,96-서울-12-2,1210,297,440,441,29,263,3
기계설비,기계설비·가스공사업,6147,진명엔지니어링(주),이상영,충남,충남천안-2016-23-01,2038,474,1164,378,20,639,3
기계설비,기계설비·가스공사업,6148,진명이엔지(주),이자영,경기,안산2021-23-01,1026,307,340,378,0,520,3
기계설비,기계설비·가스공사업,6149,(유)진명이엔지,강창준,전북,전북전주2005-12-4,2549,961,1093,397,96,1640,3
기계설비,기계설비·가스공사업,6150,(유)진무건설,이세윤,전북,전북익산-23-파-04호,3223,757,2056,410,0,1836,3
기계설비,기계설비·가스공사업,6151,(주)진보,임승복,충남,충남공주-98-12-1,1357,430,612,271,43,426,2
기계설비,기계설비·가스공사업,6152,(주)진보에스앤씨,김승용,전남광주,광주광산2009-10-04,2382,310,1795,253,22,271,2
기계설비,기계설비·가스공사업,6153,(주)진산,김봉상,제주,제주 제주2009-10-03,1628,189,1106,318,13,608,2
기계설비,기계설비·가스공사업,6154,(주)진선테크,탁영옥,서울,영등포-03-12-2,2380,299,1798,252,29,349,2
기계설비,기계설비·가스공사업,6155,(주)진성,배관영,경기,부천-10-10-7,941,403,250,258,28,764,2
기계설비,기계설비·가스공사업,6156,진성기공(주),박성규,경북,경북97-12-13,2861,1181,1056,505,118,274,4
기계설비,기계설비·가스공사업,6157,(주)진성기업,오태석,경기,경기-97-12-5,16832,4316,11216,868,431,6645,6
기계설비,기계설비·가스공사업,6158,진성산업(주),손성덕,전북,전북96-12-110,4707,586,3521,540,58,144,3
기계설비,기계설비·가스공사업,6159,진성설비(주),"우용길, 박혁순",부산,부산진2015-10-01,18922,6562,11027,862,468,7758,3
기계설비,기계설비·가스공사업,6160,(자)진성설비,김양태,강원,강원97-12-02호,3468,772,2201,417,77,978,3
기계설비,기계설비·가스공사업,6161,진성수기,나창균,경남,김해 2013-10-09,1578,315,609,631,22,380,5
기계설비,기계설비·가스공사업,6162,진성수처리,홍순희,대구,대구북구 2004-12-1,1236,406,407,382,40,282,3
기계설비,기계설비·가스공사업,6163,(주)진성씨앤아이,박진용,경기,화성23-파-11,1217,712,252,252,0,577,2
기계설비,기계설비·가스공사업,6164,(주)진성아이엔디,김진수,경북,경북구미2008-10-03,49333,30132,11902,5136,2160,40318,18
기계설비,기계설비·가스공사업,6165,(주)진성에너지,김대근,제주,제주 제주2014-23-01,1854,155,931,757,11,554,6
기계설비,기계설비·가스공사업,6166,진성엔지니어링,조준열,서울,성북-99-12-2,3675,1542,1473,505,154,2656,4
기계설비,기계설비·가스공사업,6167,(주)진성이엔씨,박종오,경북,경북구미2005-12-10,14024,4886,7548,1098,490,10794,4
기계설비,기계설비·가스공사업,6168,(주)진성이엔지,장준재,충남,오산2014-10-2,122549,103702,8565,2874,7407,106041,8
기계설비,기계설비·가스공사업,6169,진성테크,김진균,충북,충북청주 22-파-19,398,144,119,134,0,94,4
기계설비,기계설비·가스공사업,6170,(주)진성하이텍,곽몽용,대전,대전유성-2019-10-1,6626,2291,3731,505,98,3616,4
기계설비,기계설비·가스공사업,6171,(주)진솔루션,김준연,경기,화성12-23-1,10020,5862,2855,883,418,8225,7
기계설비,기계설비·가스공사업,6172,(주)진솔이엔지,이주화,전북,전북전주2014-10-4,933,214,267,435,15,458,3
기계설비,기계설비·가스공사업,6173,진솔이엔지(주),김성군,경남,진주2017-10-2,2847,981,1496,328,42,1455,2
기계설비,기계설비·가스공사업,6174,(주)진수산업,박주찬,울산,경남-94-12-16,6675,3162,2500,696,316,3584,5
기계설비,기계설비·가스공사업,6175,(주)진승디앤씨,임진혁,서울,강남-13-10-05,15268,9577,4647,358,684,12750,2
기계설비,기계설비·가스공사업,6176,(주)진실로건설,배진성,경기,수원-2004-27-1-2,10950,4496,5089,913,450,6959,7
기계설비,기계설비·가스공사업,6177,진아엔지니어링(주),윤노현,경기,화성22-파-21,1740,212,1275,252,0,586,2
기계설비,기계설비·가스공사업,6178,(주)진아엔텍,문용식,서울,광진-18-10-24,1465,102,900,459,4,98,3
기계설비,기계설비·가스공사업,6179,(주)진아이엔지,박대지,부산,평택21-10-0010,2213,2024,0,189,0,0,1
기계설비,기계설비·가스공사업,6180,(주)진안,이은영,서울,강서-24-파-03,2090,116,900,1073,0,249,8
기계설비,기계설비·가스공사업,6181,(주)진양공조설비,김이순,경남,경남진주99-12-8,1647,175,1054,399,17,426,3
기계설비,기계설비·가스공사업,6182,진양기공(주),홍성용,경기,수원-2001-12-8,5796,2586,2217,733,258,4466,5
기계설비,기계설비·가스공사업,6183,(주)진양씨스템이앤지,하윤규,인천,인천남동05-12-06,6431,2337,3040,818,234,2399,5
기계설비,기계설비·가스공사업,6184,(주)진양이엔에스,양기영,경기,수원-22-파-03,1623,606,764,252,0,685,2
기계설비,기계설비·가스공사업,6185,(주)진양테크,허자영,경북,경북포항2019-10-02,9423,2535,6385,394,108,3585,3
기계설비,기계설비·가스공사업,6186,(주)진언이엔지,민규식,경기,안산2021-10-03,2922,1575,967,378,0,2938,3
기계설비,기계설비·가스공사업,6187,(유)진연이앤이,장소영,전북,전북전주2006-12-6,1732,560,587,543,40,631,4
기계설비,기계설비·가스공사업,6188,진영ENG,임호진,경북,경북칠곡2013-10-02,2047,254,1447,326,18,301,2
기계설비,기계설비·가스공사업,6189,(주)진영공영,김혜경,인천,인천부평구2001-12-1,6840,844,5066,845,84,1547,2
기계설비,기계설비·가스공사업,6190,진영기술단,장상현,경북,경북구미2023-파-1,805,161,391,252,0,489,2
기계설비,기계설비·가스공사업,6191,진영씨엠(주),이진호,경기,강북-05-12-3,5135,1607,1888,1477,161,2586,9
기계설비,기계설비·가스공사업,6192,진영에너지(주),류기석,경기,광주24-파-03,680,73,262,344,0,166,3
기계설비,기계설비·가스공사업,6193,(주)진영에스아이티,우상설,충북,충북청주24-파-27,1255,102,900,252,0,146,2
기계설비,기계설비·가스공사업,6194,(주)진영엔지니어링,서종문,대구,대구달서구2010-10-03,1433,399,708,296,28,544,2
기계설비,기계설비·가스공사업,6195,(주)진영종합건설,안경수,부산,부산-98-12-9,2444,354,1482,571,35,418,4
기계설비,기계설비·가스공사업,6196,(주)진영크린테크,김구희,서울,강서-07-12-7,5479,2756,2273,252,196,3364,2
기계설비,기계설비·가스공사업,6197,진영티비엑스(주),김준섭,경남,창원성산2020-10-07,0,0,0,0,0,0,13
기계설비,기계설비·가스공사업,6198,진우공영(주),이철기,충북,충북-92-12-28,19116,7456,7992,2921,745,12257,17
기계설비,기계설비·가스공사업,6199,(주)진우기술,김봉근,울산,울산남구2023-파-09,452,231,52,169,0,215,2
기계설비,기계설비·가스공사업,6200,(주)진우씨엔아이,김희배,전남광주,여수-23-파-08,768,31,358,378,0,42,3
기계설비,기계설비·가스공사업,6201,진우에이티에스(주),"정진태, 박봉섭",서울,마포14-10-02,3707,0,900,2807,0,0,2
기계설비,기계설비·가스공사업,6202,진우엔지니어링(주),김정아,충남,대전대덕-05-12-02,1484,754,402,252,75,1760,2
기계설비,기계설비·가스공사업,6203,(유)진웅기업,김선,전남광주,여수2000-27-01-01,2169,1030,530,505,103,938,4
기계설비,기계설비·가스공사업,6204,진원설비(주),"정호진, 정철우",울산,울산중구2017-23-01,2764,1783,272,631,76,2023,5
기계설비,기계설비·가스공사업,6205,(주)진유,이명선,세종,충북청주제10-10-3,1857,785,551,464,56,2195,3
기계설비,기계설비·가스공사업,6206,진응건설(주),백종원,전남광주,여수-22-파-19,6474,314,1884,4275,0,445,10
기계설비,기계설비·가스공사업,6207,(주)진이엔지,김홍진,전북,전북전주2013-10-2,2277,719,1102,404,51,1563,3
기계설비,기계설비·가스공사업,6208,(주)진일건업,김진희,제주,제주 제주2017-10-06,731,118,228,378,5,28,3
기계설비,기계설비·가스공사업,6209,(주)진정에너텍,김미희,서울,광진-17-10-14,1674,518,735,397,22,676,3
기계설비,기계설비·가스공사업,6210,진진건설(주),김경은,강원,평창2022-파-06호,1471,348,830,293,0,755,2
기계설비,기계설비·가스공사업,6211,(주)진코퍼레이션,이창희,서울,금천구-22-파-01,1367,975,138,252,0,1548,2
기계설비,기계설비·가스공사업,6212,진풍기계공업(주),손경순,경남,진주 05-12-1,4020,498,2884,588,49,881,4
기계설비,기계설비·가스공사업,6213,(주)진풍이엔씨,"김광식, 김현수",울산,울산남구97-27-2-13,4925,1965,2132,631,196,2713,5
기계설비,기계설비·가스공사업,6214,(주)진풍이엔지,이정일,경기,부천-22-13-03,3915,476,2861,576,0,1456,4
기계설비,기계설비·가스공사업,6215,(주)진현산업,이향화,충남,충남당진2024-파-04호,3762,393,2358,1010,0,800,8
기계설비,기계설비·가스공사업,6216,(주)진현이엔지,김남진,서울,금천-00-12-6,3863,1608,1120,973,160,2174,7
기계설비,기계설비·가스공사업,6217,진호실업(주),김민모,서울,서울-12-237,16727,4802,9574,1870,480,3265,11
기계설비,기계설비·가스공사업,6218,진홍공조system,안병철,강원,춘천2008-10-03,519,273,78,146,19,281,2
기계설비,기계설비·가스공사업,6219,(주)진홍이엔지,김인철,전남광주,광주북2015-10-01,1539,126,897,506,9,86,4
기계설비,기계설비·가스공사업,6220,(주)진화메탈,"유재군, 유영조",경기,파주09-10-4,1084,334,454,271,24,501,2
기계설비,기계설비·가스공사업,6221,(주)진화이앤씨,"박양원, 박종원",서울,서초-25-파-02,2718,26,900,1791,0,38,2
기계설비,기계설비·가스공사업,6222,진화전기(주),문충모,서울,영등포25-파-06,1209,0,900,309,0,0,2
기계설비,기계설비·가스공사업,6223,(주)진흥,석윤정,경북,경북경주2012-23-02,1924,1356,80,390,97,1857,3
기계설비,기계설비·가스공사업,6224,진흥기업(주),김태균,인천,인천서구2010-23-01,17606,0,900,16706,0,0,75
기계설비,기계설비·가스공사업,6225,진흥설비(주),"송호용, 류국선",전북,경북-12-44,75287,33475,32494,5950,3366,46641,28
기계설비,기계설비·가스공사업,6226,진흥설비산업(주),김삼구,대전,대전-92-12-12,2273,606,1351,255,60,519,2
기계설비,기계설비·가스공사업,6227,(주)진흥엔지니어링,김현희,경남,김해 2013-10-01,3446,1231,1875,252,87,2287,2
기계설비,기계설비·가스공사업,6228,(주)진흥이엔지,김용진,경기,인천 계양 2006-12-2,14181,9258,2920,1337,663,11767,7
기계설비,기계설비·가스공사업,6229,진흥특수산업(주),박형락,서울,김포-14-10-4,161,27,56,75,1,47,2
기계설비,기계설비·가스공사업,6230,(주)진흥플랜트,구용우,서울,광주서2008-10-02,67161,25745,37482,2094,1838,34821,10
기계설비,기계설비·가스공사업,6231,(주)징가코리아,남영권,서울,구로-16-10-03,1587,185,1114,278,7,569,2
기계설비,기계설비·가스공사업,6232,(주)차이에어,이성일,경기,남양주23-파-06,929,195,355,378,0,418,3
기계설비,기계설비·가스공사업,6233,(주)찬성이앤씨,김경하,서울,용산2013-23-01,1638,741,590,252,52,170,2
기계설비,기계설비·가스공사업,6234,(주)참마루이엔티,박준홍,경기,동두천2016-23-0001,2165,253,1522,378,10,330,3
기계설비,기계설비·가스공사업,6235,참빛글로벌이앤씨(주),"이한일, 이호웅",서울,용산-2001-27-1-3,14912,2011,12068,631,201,4724,5
기계설비,기계설비·가스공사업,6236,참빛산업(주),이호웅,서울,용산-05-27-1-1,0,0,0,0,0,0,5
기계설비,기계설비·가스공사업,6237,(유)참원테크,양정숙,전북,전북군산-24-파-10호,1691,705,607,378,0,1247,3
기계설비,기계설비·가스공사업,6238,(유)참조은엔지니어링,채승권,전북,전북익산-25-파-01호,1003,130,353,520,0,186,6
기계설비,기계설비·가스공사업,6239,(주)참테크,장준수,전북,전북군산2014-10-03,9479,2542,6361,393,181,3145,3
기계설비,기계설비·가스공사업,6240,(주)창경,이충열,전남광주,광주서03-12-03,1544,75,900,561,7,80,4
기계설비,기계설비·가스공사업,6241,(주)창공,남승우,경기,마포-06-12-2,4687,1976,2064,505,141,3131,4
기계설비,기계설비·가스공사업,6242,창녕기계산업(주),신자련,경남,경남창녕2001-12-1,3158,671,2158,261,67,1430,2
기계설비,기계설비·가스공사업,6243,(주)창대공영,박길하,서울,관악-18-23-01,499,115,0,378,4,43,3
기계설비,기계설비·가스공사업,6244,(주)창대이앤씨,안지후,경기,광명20-10-02,149,31,28,87,1,72,3
기계설비,기계설비·가스공사업,6245,창득설비(주),송주창,서울,92-서울-12-132,19519,11786,3325,3225,1182,12337,19
기계설비,기계설비·가스공사업,6246,(주)창림플랜트,김근영,경기,충북12-17,11103,2363,6996,1506,236,2055,10
기계설비,기계설비·가스공사업,6247,창성ENG,김승길,충남,충남아산2026-13-06호,85,0,24,61,0,0,2
기계설비,기계설비·가스공사업,6248,(주)창성공조기전,천성용,경북,안동2004-12-1,4004,928,2016,966,92,1131,7
기계설비,기계설비·가스공사업,6249,(주)창성산업,강완식,충남,충남아산-2007-27-1-01,2775,530,1556,650,38,1036,5
기계설비,기계설비·가스공사업,6250,창성아이티에스(주),성언,서울,충남천안-13-10-03,6132,2516,2367,1067,180,2391,8
기계설비,기계설비·가스공사업,6251,창성엔지니어링(주),김창근,전남광주,광산99-12-02,9054,4340,3229,1050,434,6894,7
기계설비,기계설비·가스공사업,6252,(주)창성엠이씨,"김기연, 하화수",경기,고양2013-10-3,18347,6963,9624,1260,499,14358,8
기계설비,기계설비·가스공사업,6253,(주)창성이앤씨,이윤희,전남광주,여수-26-파-09호,457,0,204,252,0,0,2
기계설비,기계설비·가스공사업,6254,(주)창성이앤지,천성호,경기,오산2018-10-01,6615,5178,736,478,221,4700,2
기계설비,기계설비·가스공사업,6255,(주)창성이엔씨,맹창용,충남,광주남2012-10-1,1267,493,346,392,35,548,3
기계설비,기계설비·가스공사업,6256,창성이엔씨(주),"송성철, 사유철",울산,울산울주2021-10-71,1289,6,900,383,0,0,3
기계설비,기계설비·가스공사업,6257,창세엔지니어링(주),변상준,서울,성동08-10-03,821,395,0,397,28,577,3
기계설비,기계설비·가스공사업,6258,(주)창신,박예나,경남,남양주17-10-33,513,169,20,315,7,32,2
기계설비,기계설비·가스공사업,6259,(주)창신,박종휴,충남,충남당진-2016-10-08,485,314,0,157,13,0,2
기계설비,기계설비·가스공사업,6260,(주)창신기계산업,박삼영,부산,부산강서2019-10-08,8587,3669,4173,587,157,6020,4
기계설비,기계설비·가스공사업,6261,(주)창신기업,권오영,경남,마산 2007-12-1,990,219,376,378,15,242,3
기계설비,기계설비·가스공사업,6262,창신이앤피(주),"이호준, 이행연, 신상호",경남,함안 2016-10-01,6170,3739,1456,814,160,4670,6
기계설비,기계설비·가스공사업,6263,(주)창연이엔지,우현윤,경북,경북안동2023-파-02,2060,337,1171,551,0,751,4
기계설비,기계설비·가스공사업,6264,창영건설(주),임재헌,경남,서울-83-12-504,4352,574,3445,275,57,787,2
기계설비,기계설비·가스공사업,6265,(주)창영기업,조창주,충북,충북청주제09-10-1,3662,985,2162,443,70,1661,3
기계설비,기계설비·가스공사업,6266,(주)창영플랜트,박창호,서울,강동-18-10-02,855,206,92,548,8,295,6
기계설비,기계설비·가스공사업,6267,(주)창우,이현준,부산,부산사하2019-10-01,1822,291,869,648,12,750,5
기계설비,기계설비·가스공사업,6268,(주)창우엔바이로,조홍종,강원,강원홍천2021-10-02호,498,84,161,252,0,213,2
기계설비,기계설비·가스공사업,6269,(주)창우이엔씨,정찬복,서울,은평-12-23-1,1404,117,900,378,8,191,3
기계설비,기계설비·가스공사업,6270,창운설비,김윤남,서울,구로-19-10-02,1606,667,657,252,28,569,2
기계설비,기계설비·가스공사업,6271,(주)창은건설,고희석,전남광주,광양25-파-09,1161,0,900,261,0,0,2
기계설비,기계설비·가스공사업,6272,(주)창조이엔지,전도영,부산,부산사하2016-10-02,453,143,52,252,6,139,2
기계설비,기계설비·가스공사업,6273,(주)창진,정종석,경남,진주22-파-003,4177,2033,1257,883,2,4941,7
기계설비,기계설비·가스공사업,6274,창진건설(주),김상진,강원,춘천2026-파-03호,1543,0,501,1042,0,0,7
기계설비,기계설비·가스공사업,6275,(주)창하엔지니어링,김기성,서울,96-서울-12-12,43316,24456,13898,2501,2459,30217,13
기계설비,기계설비·가스공사업,6276,(주)창해이엔지,정두표,전북,전북전주2021-10-2,5329,624,3744,961,0,502,7
기계설비,기계설비·가스공사업,6277,창현건설(주),최승식,인천,인천-92-12-10,2549,979,939,531,97,1018,4
기계설비,기계설비·가스공사업,6278,창현기공(주),임창수,경기,강북-03-27-1-1,1580,703,301,505,70,763,4
기계설비,기계설비·가스공사업,6279,창현열산업(주),송세웅,강원,고양2023-파-01,1690,384,1052,252,0,641,2
기계설비,기계설비·가스공사업,6280,(주)채울산업,김경태,경기,화성25-파-39호,1145,270,623,252,0,386,2
기계설비,기계설비·가스공사업,6281,(주)채은건설,신동석,서울,동대문-08-23-1,1201,55,511,631,3,110,5
기계설비,기계설비·가스공사업,6282,처용이앤씨(주),조정숙,울산,울산울주2024-파-8,694,315,0,378,0,349,3
기계설비,기계설비·가스공사업,6283,(주)천고방재,김기득,경남,창원의창2026-파-02,913,0,660,252,0,0,2
기계설비,기계설비·가스공사업,6284,천광전업(주),천광명,부산,부산기장2024-파-02호,1377,138,900,338,0,88,2
기계설비,기계설비·가스공사업,6285,천년스텐(주),양동석,서울,강서-20-10-05,1330,48,900,379,2,94,3
기계설비,기계설비·가스공사업,6286,(주)천년이엔지,강유신,전남광주,무안02-12-01,2944,1244,1281,293,124,1395,2
기계설비,기계설비·가스공사업,6287,(주)천둥,최지훈,충남,충남예산-2019-10-01,1287,500,260,505,21,720,4
기계설비,기계설비·가스공사업,6288,(주)천마,김영진,제주,제주2003-27-1-3,325,82,40,194,8,63,9
기계설비,기계설비·가스공사업,6289,(주)천명,김승수,강원,삼척2009-10-05,1237,61,900,272,4,70,2
기계설비,기계설비·가스공사업,6290,(주)천문이엔씨,최영휘,충남,충남천안06-12-02,1983,656,1026,252,46,1352,2
기계설비,기계설비·가스공사업,6291,(주)천보설비,김상겸,충남,충남부여-2014-10-01,1331,266,792,252,19,432,2
기계설비,기계설비·가스공사업,6292,(주)천산산업,장성복,경북,경북구미2004-12-2,1738,543,877,263,54,524,2
기계설비,기계설비·가스공사업,6293,(합)천안소방설비공사,장인수,충남,충남천안-01-12-06,1961,234,1408,295,23,209,2
기계설비,기계설비·가스공사업,6294,(주)천오,박애영,울산,울산울주2025-파-14,592,0,339,252,0,0,2
기계설비,기계설비·가스공사업,6295,(합)천우,"강현우, 강정규",강원,강원-92-12-06,4528,765,2622,1063,76,1531,7
기계설비,기계설비·가스공사업,6296,(주)천우,윤상규,충남,경북문경2018-10-01,10655,1619,8078,795,161,2677,6
기계설비,기계설비·가스공사업,6297,(주)천우산업,최성준,경기,광주16-10-02,4133,938,2895,259,40,1717,2
기계설비,기계설비·가스공사업,6298,(주)천우설비,안진환,서울,전북익산2006-12-11,6723,3205,2994,293,228,3932,2
기계설비,기계설비·가스공사업,6299,(주)천우테크,김상진,부산,부산해운대2022-13-03,0,0,0,0,0,0,2
기계설비,기계설비·가스공사업,6300,(주)천의개발,문정희,제주,제주 제주2020-23-01,1377,480,497,378,20,174,3
기계설비,기계설비·가스공사업,6301,(주)천이엔지,이천배,강원,삼척2017-10-02호,330,73,1,252,3,0,2
기계설비,기계설비·가스공사업,6302,(주)천일가스,이석철,경북,경북포항2000-27-1-6,20,12,0,6,1,0,3
기계설비,기계설비·가스공사업,6303,(주)천일개발,윤기주,전남광주,서울94-12-63,3981,1246,2335,275,124,1682,2
기계설비,기계설비·가스공사업,6304,(주)천일기업,"강선재, 김남효",대전,대전대덕-99-12-1,7666,2746,4187,457,274,3102,3
기계설비,기계설비·가스공사업,6305,(유)천일기업,김휘수,경남,경남-96-12-3,6850,1237,4881,606,124,2443,4
기계설비,기계설비·가스공사업,6306,(주)천일냉동공조설비,이미화,강원,정선2025-파-02호,583,104,226,252,0,149,2
기계설비,기계설비·가스공사업,6307,(주)천일이엔에스,"황기진, 황순범",서울,서초-22-파-06,7250,663,3981,2604,0,761,18
기계설비,기계설비·가스공사업,6308,(주)천지,김철옥,전남광주,여수2018-10-06,1450,530,518,378,22,363,3
기계설비,기계설비·가스공사업,6309,(주)천지건설,정성옥,충북,충북청주 15-10-5,3691,854,2137,638,61,1514,5
기계설비,기계설비·가스공사업,6310,천지설비(주),류재도,울산,울산남구2016-10-02,1373,337,583,437,14,593,3
기계설비,기계설비·가스공사업,6311,천지시스템공조(주),문상원,경북,경북포항2024-파-07,2477,757,1467,252,0,998,2
기계설비,기계설비·가스공사업,6312,(주)천지이앤씨,박진섭,경기,수원-2002-12-7,1648,800,325,441,80,0,3
기계설비,기계설비·가스공사업,6313,(주)천지이엔지,윤지혜,강원,강릉07-12-16,654,232,153,252,16,0,2
기계설비,기계설비·가스공사업,6314,천지지앤텍(주),김종만,전북,전북전주2012-23-1,3510,1047,1752,636,74,1560,5
기계설비,기계설비·가스공사업,6315,(주)천하,정승섭,경기,시흥08-10-7,2208,294,1766,126,21,606,1
기계설비,기계설비·가스공사업,6316,천하설비(주),김진완,충남,충남아산-2012-10-02,4199,1269,2314,524,91,1393,4
기계설비,기계설비·가스공사업,6317,(주)철원기계설비,이선녀,강원,철원2018-10-03호,1700,459,965,256,19,696,2
기계설비,기계설비·가스공사업,6318,철호이엔지(주),박양춘,전남광주,광주광산2012-10-02,2885,333,2003,524,23,269,4
기계설비,기계설비·가스공사업,6319,첨단기공(주),공준식,경북,경북경주2001-12-03,1012,322,221,435,32,521,3
기계설비,기계설비·가스공사업,6320,(주)첨단이엔지,박명순,전북,전북고창-25-파-02호,447,0,132,315,0,0,2
기계설비,기계설비·가스공사업,6321,(주)청계이엔지,김영현,전남광주,광주서2018-10-03,867,138,449,274,5,274,2
기계설비,기계설비·가스공사업,6322,청구산업기계(주),진영숙,울산,울산울주2016-10-66,5724,1482,3926,252,63,2774,2
기계설비,기계설비·가스공사업,6323,청구이노베이션(주),하상순,울산,울산울주2015-10-18,1402,683,175,435,107,1236,3
기계설비,기계설비·가스공사업,6324,청구이엔지(주),김영철,경북,경북구미2005-12-5,26279,6724,18627,255,672,8240,2
기계설비,기계설비·가스공사업,6325,(주)청구환경,안병찬,경남,김해 2012-10-07,6031,1794,3842,266,128,2245,2
기계설비,기계설비·가스공사업,6326,청남공조기술(주),권태우,대전,대전유성-2014-10-2,2513,1405,503,505,100,1953,4
기계설비,기계설비·가스공사업,6327,(주)청담에너지,"이상구, 이성희",서울,강서-25-파-07,1145,55,836,252,0,79,2
기계설비,기계설비·가스공사업,6328,(주)청도이엔씨,유재용,서울,강남14-10-05,3374,1673,892,688,119,3784,5
기계설비,기계설비·가스공사업,6329,(주)청라,심재일,경북,경북구미2018-10-2,6043,4106,1171,588,177,2934,4
기계설비,기계설비·가스공사업,6330,(주)청라이엔지,명지환,전남광주,여수2021-10-07,7169,3217,2270,1679,1,3873,13
기계설비,기계설비·가스공사업,6331,청륜건설(주),서원석,대전,대전대덕-05-27-13,11376,3684,6944,378,368,5396,3
기계설비,기계설비·가스공사업,6332,(주)청림,임원진,경북,경북구미2005-12-12,13243,1731,10388,949,173,2907,7
기계설비,기계설비·가스공사업,6333,청림건설(주),강명남,경남,진주25-파-1,777,41,356,379,0,59,3
기계설비,기계설비·가스공사업,6334,(주)청명,심형섭,충북,충북제천2016-10-1,764,323,102,315,23,589,2
기계설비,기계설비·가스공사업,6335,(유)청명바이오테크,안철균,전남광주,나주2019-10-01,636,412,0,206,17,0,2
기계설비,기계설비·가스공사업,6336,(주)청명이앤씨,신용상,서울,강서-14-10-03,1262,341,580,315,24,744,2
기계설비,기계설비·가스공사업,6337,(주)청명이엔씨,황재완,경북,경북구미2014-10-3,7470,5130,1333,640,366,6778,5
기계설비,기계설비·가스공사업,6338,(주)청명이엔씨,차순임,강원,경북구미2015-10-2,1260,246,996,0,17,0,0
기계설비,기계설비·가스공사업,6339,(주)청보엔지니어링,신동명,대전,대전유성2008-23-1-1,2266,927,640,631,66,545,5
기계설비,기계설비·가스공사업,6340,청보엔지니어링(주),이미화,충북,성남-2000-12-4,5478,1126,3979,260,112,1215,2
기계설비,기계설비·가스공사업,6341,청보이엔지개발(주),반혜민,전남광주,강원2002-12-10,487,87,75,315,8,77,2
기계설비,기계설비·가스공사업,6342,(주)청봉건업,문정하,서울,구로-00-12-1,6058,752,4515,715,75,1662,5
기계설비,기계설비·가스공사업,6343,(주)청산기계,강시형,서울,금천-99-12-10,7706,3514,3374,465,351,5296,2
기계설비,기계설비·가스공사업,6344,(주)청산엔지니어링,이창주,서울,92-서울-12-256,6740,2985,3181,274,298,4373,2
기계설비,기계설비·가스공사업,6345,(주)청산엔지니어링,박현숙,충남,충남천안-2014-10-08,6034,1866,2770,1262,134,1734,10
기계설비,기계설비·가스공사업,6346,(주)청석엔지니어링,이영석,충남,충남천안-2013-10-13,2680,1075,1267,260,76,1442,2
기계설비,기계설비·가스공사업,6347,(주)청솔이앤씨,나상,서울,동대문-24-파-01,1560,587,719,252,0,1254,2
기계설비,기계설비·가스공사업,6348,(주)청송,심인용,강원,인제2021-10-01호,1218,150,688,379,0,40,3
기계설비,기계설비·가스공사업,6349,(유)청송,김민선,경기,전북97-12-128,1209,80,198,921,8,33,7
기계설비,기계설비·가스공사업,6350,(주)청송건설,조배근,경기,안양-11-23-1,6161,817,4902,383,58,1401,3
기계설비,기계설비·가스공사업,6351,(주)청송엔지니어링,"윤소영, 박지환",충북,충북-12-4,1362,368,705,252,36,153,2
기계설비,기계설비·가스공사업,6352,(주)청송이엔지,박미희,대전,대전서구-17-10-4,834,226,345,252,9,315,2
기계설비,기계설비·가스공사업,6353,(주)청수,김상식,대구,대구서구 2011-10-1,17259,10159,3856,2518,725,17423,10
기계설비,기계설비·가스공사업,6354,(주)청수건설,김효건,강원,속초2017-10-01,1216,201,602,403,8,414,3
기계설비,기계설비·가스공사업,6355,(주)청수건설환경,염대화,충북,충북청주제10-10-2,2444,432,1720,261,30,622,2
기계설비,기계설비·가스공사업,6356,(주)청수엔지니어링,이상욱,경기,구리2012-10-1,787,117,269,391,8,255,3
기계설비,기계설비·가스공사업,6357,(주)청수이앤씨,신영숙,강원,속초2023-파-02호,806,224,329,252,0,189,2
기계설비,기계설비·가스공사업,6358,(주)청수이엔지,유시형,전북,전북무주2015-10-01,2166,270,1494,381,19,216,3
기계설비,기계설비·가스공사업,6359,(주)청수환경,홍계운,경기,고양2015-10-0001,1207,112,834,252,8,345,2
기계설비,기계설비·가스공사업,6360,(주)청암수처리산업,노중암,대구,대구달서구2007-12-3,1309,388,616,276,27,627,2
기계설비,기계설비·가스공사업,6361,(주)청연이엔지,김석철,경기,구로-07-12-7,18449,10524,5103,1314,1506,8065,8
기계설비,기계설비·가스공사업,6362,(주)청오플랜트,엄종섭,울산,울산남구2008-10-05,11703,7749,2189,1208,555,6570,9
기계설비,기계설비·가스공사업,6363,(주)청우공영,장용석,인천,대전동구-2009-10-1,24918,12320,7999,3714,883,16699,22
기계설비,기계설비·가스공사업,6364,(주)청우솔라,김환철,전남광주,부산동구2014-10-02,549,40,107,397,2,0,3
기계설비,기계설비·가스공사업,6365,(주)청우아이티,홍후표,전남광주,광주북2000-12-04,467,123,116,215,12,175,3
기계설비,기계설비·가스공사업,6366,(주)청우에스앤디,이유진,제주,제주 제주2016-23-01,2193,647,1012,505,28,874,4
기계설비,기계설비·가스공사업,6367,(주)청우엔지니어링,김창배,인천,인천동구2001-27-02,3251,679,2125,378,67,702,3
기계설비,기계설비·가스공사업,6368,(주)청우유체,"강진석, 이권용",서울,구로-24-파-03,135,17,55,61,0,45,2
기계설비,기계설비·가스공사업,6369,(주)청우이엔이,김양수,경기,김포-20-10-08,1292,813,41,402,34,1552,3
기계설비,기계설비·가스공사업,6370,(주)청우이엔지,"박병철, 이수원",경북,대구달서구15-23-2호,3254,1153,1252,765,82,2334,6
기계설비,기계설비·가스공사업,6371,(주)청우이엔지,배경록,대전,대전중구-08-10-02,4254,2266,1301,525,161,2445,4
기계설비,기계설비·가스공사업,6372,(유)청우이엔티,최은주,전북,전북전주2025--5호,584,0,331,252,0,0,2
기계설비,기계설비·가스공사업,6373,(주)청우지엔티,하우식,경기,금천-04-12-2,5829,1305,4014,378,130,902,3
기계설비,기계설비·가스공사업,6374,(주)청우플랜트,김양수,전남광주,여수2018-10-01,742,590,0,126,25,305,1
기계설비,기계설비·가스공사업,6375,(주)청우하이드로,안송준,인천,서울-82-12-145,3718,191,1151,2355,19,446,18
기계설비,기계설비·가스공사업,6376,(주)청운,"이철환, 나영희",전남광주,전남화순2018-10-02,1346,172,660,505,7,344,4
기계설비,기계설비·가스공사업,6377,(주)청운기공,"천용환, 천세영",서울,82-12-110,17034,9972,4718,1341,1002,17277,9
기계설비,기계설비·가스공사업,6378,(주)청운시스템,김남용,서울,마포16-10-01,12164,7362,1141,3134,525,8840,14
기계설비,기계설비·가스공사업,6379,(주)청운엔지니어링,양재표,경북,대구달서구16-23-6,3041,1903,299,757,81,2847,6
기계설비,기계설비·가스공사업,6380,(주)청운이엔지,박옥순,경북,광주동23-파-01,549,66,229,252,0,60,2
기계설비,기계설비·가스공사업,6381,(주)청운이엔지,유금천,충북,충주2019-10-3,1944,507,654,761,21,157,6
기계설비,기계설비·가스공사업,6382,(주)청운환경기술,박노흥,충북,충주2007-12-02,1612,815,457,281,58,505,2
기계설비,기계설비·가스공사업,6383,(주)청원건축설비,이학종,충북,충북청주14-10-6,513,114,119,271,8,0,2
기계설비,기계설비·가스공사업,6384,청원산기(주),김길태,전남광주,여수2001-12-16,19507,13017,4474,706,1309,19957,5
기계설비,기계설비·가스공사업,6385,청원산업,이상복,충북,충북청주16-10-9,825,208,344,263,8,367,2
기계설비,기계설비·가스공사업,6386,청원산업개발(주),남진희,경남,창원2002-27-01-02,2007,562,757,632,56,898,5
기계설비,기계설비·가스공사업,6387,청원전기(주),권익중,부산,부산사하2023-13-01,1216,59,900,256,0,78,2
기계설비,기계설비·가스공사업,6388,(주)청일,김민우,경기,군포24-파-02,25,8,7,9,0,17,2
기계설비,기계설비·가스공사업,6389,(주)청일에너지,손권수,대구,대구남구2010-27-1-3,1724,228,1101,378,16,0,3
기계설비,기계설비·가스공사업,6390,(주)청정기술,황은화,경남,양산2018-10-02,1277,557,190,505,23,678,4
기계설비,기계설비·가스공사업,6391,(주)청정에너텍,박종배,경기,의왕2019-10-03,1089,575,236,252,24,1067,2
기계설비,기계설비·가스공사업,6392,(주)청주센츄리,김진태,충북,충북청주 24-파-1,3491,1025,2301,164,0,1906,1
기계설비,기계설비·가스공사업,6393,청풍건설(주),박인걸,충남,충남보령2011-10-01,1323,135,900,278,9,287,2
기계설비,기계설비·가스공사업,6394,(주)청풍공조산업,"이종원, 장진형",서울,금천-18-10-03,5890,1610,2280,1929,69,3934,7
기계설비,기계설비·가스공사업,6395,(주)청풍이엔지,김유석,서울,서대문07-12-1,3790,2666,326,606,190,2266,4
기계설비,기계설비·가스공사업,6396,(주)청풍인,이진영,전남광주,전남화순2008-10-01,2406,640,1303,416,45,995,3
기계설비,기계설비·가스공사업,6397,청하기술,김연주,경북,경북구미2023-파-11,201,116,26,58,0,110,3
기계설비,기계설비·가스공사업,6398,청해이엔브이(주),이병관,경기,파주24-파-04,6035,1694,4073,267,0,2996,1
기계설비,기계설비·가스공사업,6399,(주)청해이엔티,백형진,전남광주,여수2016-10-25,1080,42,900,136,1,0,1
기계설비,기계설비·가스공사업,6400,(주)청현엔지니어링,오천곤,부산,부산북구제2006-12-01,1967,192,1157,602,13,595,4
기계설비,기계설비·가스공사업,6401,청호건설(주),고이덕,강원,강릉22-파-01호,756,139,364,252,0,259,2
기계설비,기계설비·가스공사업,6402,청호기건(주),배성희,서울,양천1997-27-1-2,2478,326,1613,505,32,567,4
기계설비,기계설비·가스공사업,6403,(주)청호시스템,송동하,전남광주,광양2010-10-07,1198,95,152,942,6,242,8
기계설비,기계설비·가스공사업,6404,(주)청호엔지니어링,김오연,경기,김포-21-10-01,1761,214,1285,252,9,256,2
기계설비,기계설비·가스공사업,6405,(주)청호엔텍,김학광,경기,부천-2004-12-4,15801,2328,12624,615,232,2413,4
기계설비,기계설비·가스공사업,6406,청호이엔지(주),박경호,충남,충남천안-2020-10-03,2254,494,1167,571,21,454,4
기계설비,기계설비·가스공사업,6407,(주)청화기건,임기환,제주,부산연제2004-27-1-01,2965,486,1925,505,48,100,4
기계설비,기계설비·가스공사업,6408,청화설비(주),김강복,강원,광산2001-12-10,4434,1013,2782,537,101,754,4
기계설비,기계설비·가스공사업,6409,(주)청화이엔지,이준호,인천,인천남동22-파-01,1076,713,109,252,0,556,2
기계설비,기계설비·가스공사업,6410,(주)초록이노텍,양광호,서울,서울12-193,18436,11111,4531,1681,1111,18029,5
기계설비,기계설비·가스공사업,6411,(주)초이,남혜숙,대구,충북청주제03-12-02,2873,835,1429,524,83,1434,4
기계설비,기계설비·가스공사업,6412,초이테크(주),최기문,경기,화성17-10-03,1797,368,781,631,15,459,5
기계설비,기계설비·가스공사업,6413,충남건설(주),하범용,서울,충남12-3,1921,135,900,865,21,0,6
기계설비,기계설비·가스공사업,6414,충남기업(주),최석범,충남,충남-97-12-3,3504,575,2619,252,57,1097,2
기계설비,기계설비·가스공사업,6415,(주)충남설비,김영만,충남,충남논산-2002-12-05,2775,506,1816,401,50,839,3
기계설비,기계설비·가스공사업,6416,(주)충남엔지니어링,임덕수,대전,대전서구-99-27-12,4269,1242,2270,632,124,1334,5
기계설비,기계설비·가스공사업,6417,(주)충원엔지니어링,이철희,강원,원주27-1-14,2383,556,1139,631,55,857,5
기계설비,기계설비·가스공사업,6418,충청도시가스(주),정원식,충북,충북음성 23-파-1,1468,612,349,505,0,735,4
기계설비,기계설비·가스공사업,6419,(주)충청소방,장인숙,충남,충남천안2026-파-09호,426,0,173,252,0,0,2
기계설비,기계설비·가스공사업,6420,(주)충청시스템,현종순,충남,충남논산-2008-10-01,5083,1578,3009,382,112,1303,3
기계설비,기계설비·가스공사업,6421,(주)충훈건설,신병균,경기,은평-97-27-1-01,25945,9372,14084,1551,937,11630,11
기계설비,기계설비·가스공사업,6422,친환경건설(주),이기자,서울,충남-12-5,1990,625,1050,252,62,246,2
기계설비,기계설비·가스공사업,6423,(유)칠성건설,한재호,전북,전북남원12--1,1387,275,559,525,27,736,4
기계설비,기계설비·가스공사업,6424,(주)칠성이엔씨,김태식,대전,대전-97-12-2,5070,678,4071,252,67,584,2
기계설비,기계설비·가스공사업,6425,(주)칠칠공사,이성원,경북,경북구미2025-파-01,2483,316,1901,264,0,452,2
기계설비,기계설비·가스공사업,6426,(주)카멕스이엠,"심덕섭, 유현재",경기,고양-25-파-12호,1152,0,900,252,0,0,2
기계설비,기계설비·가스공사업,6427,(주)칸에너지,이지하,부산,수원-2005-27-1-1,1021,483,111,378,48,695,3
기계설비,기계설비·가스공사업,6428,칼앤스토크(주),고준경,경기,용인-26-파-08호,1090,0,837,252,0,0,2
기계설비,기계설비·가스공사업,6429,칼텍이앤씨(주),임영,경기,충북진천 23-파-6,3690,2223,797,669,0,309,5
기계설비,기계설비·가스공사업,6430,캐리어냉동시스템(주),김진석,경기,구리2009-10-1,3052,491,2273,252,35,300,2
기계설비,기계설비·가스공사업,6431,(주)캐리어플랜트,조영숙,전북,전북전주2015-10-1,1273,494,488,254,35,345,2
기계설비,기계설비·가스공사업,6432,캐비트론(주),김성용,대전,대전유성-2020-10-5,691,30,407,252,1,107,2
기계설비,기계설비·가스공사업,6433,(주)캐스트윈,"김낙희, 양영한",서울,중랑-02-12-2,13974,1638,9831,2340,163,3052,2
기계설비,기계설비·가스공사업,6434,(주)캠스,김계순,경남,진주25-파-02,429,0,122,306,0,0,3
기계설비,기계설비·가스공사업,6435,(주)케스트,사공경상,서울,구로-24-파-01,1444,759,413,271,0,1485,2
기계설비,기계설비·가스공사업,6436,케이뉴텍(주),정종원,부산,부산기장-2003-12-01,3587,670,1146,1703,67,705,12
기계설비,기계설비·가스공사업,6437,(주)케이드이엔씨,정창기,강원,강동-12-10-02,1295,663,196,388,47,735,3
기계설비,기계설비·가스공사업,6438,(주)케이디기공,최낙경,부산,부산금정2012-10-01,13842,8817,2679,1715,629,13976,10
기계설비,기계설비·가스공사업,6439,(주)케이디엔지니어링,김태완,경기,경기남양주2016-23-206,306,105,85,111,4,198,5
기계설비,기계설비·가스공사업,6440,(유)케이디엔텍,송기대,전북,전북김제2011-10-01,3658,1236,2080,252,88,1802,2
기계설비,기계설비·가스공사업,6441,케이디엠기술(주),박영헌,서울,서초-18-10-04,1795,285,1351,145,12,298,1
기계설비,기계설비·가스공사업,6442,(주)케이디엠텍,"정원군, 정홍규",울산,울산울주2003-12-27,53552,34092,15421,629,3409,50523,3
기계설비,기계설비·가스공사업,6443,케이디테크(주),남광덕,충남,충남당진-2022-파-10,394,0,159,235,0,0,2
기계설비,기계설비·가스공사업,6444,(주)케이디텍,최강학,울산,울산울주2019-10-16,1629,294,652,669,12,564,5
기계설비,기계설비·가스공사업,6445,(주)케이디티콘트롤,김두환,서울,동대문-08-10-1,9170,1874,7034,126,134,2587,1
기계설비,기계설비·가스공사업,6446,(주)케이비에스비즈니스,이재환,서울,강서-13-10-02,3063,1601,968,379,114,1546,3
기계설비,기계설비·가스공사업,6447,(주)케이비프로세스,김수평,전남광주,여수2016-10-14,4876,2808,937,1010,120,3719,8
기계설비,기계설비·가스공사업,6448,(주)케이시산업,김영국,경북,경북포항2011-10-09,5009,1984,2627,255,141,2567,2
기계설비,기계설비·가스공사업,6449,케이시스(주),안지환,인천,인천부평2024-13-05,531,24,255,252,0,40,2
기계설비,기계설비·가스공사업,6450,(주)케이시스템공조,김용재,충남,충남아산-2020-10-02,5500,3961,907,631,0,6053,5
기계설비,기계설비·가스공사업,6451,(주)케이씨,"고상걸, 권홍빈",경기,안성 제2012-23-1,1152,0,900,252,0,0,2
기계설비,기계설비·가스공사업,6452,케이씨안전기술(주),김정완,전남광주,전남98-12-15,150,78,25,39,7,34,25
기계설비,기계설비·가스공사업,6453,(주)케이씨엠테크,심미자,강원,횡성2019-10-01호,230,62,15,149,2,43,2
기계설비,기계설비·가스공사업,6454,(주)케이씨이앤씨,정순찬,서울,안성-2000-27-1,355606,131695,190937,19766,13207,202851,68
기계설비,기계설비·가스공사업,6455,케이씨코트렐(주),박기서,서울,마포-15-10-02,2401,579,655,1125,41,100,8
기계설비,기계설비·가스공사업,6456,(주)케이씨피이,"김원구, 이승현",경기,성남17-10-5,9052,4278,3984,606,183,4758,4
기계설비,기계설비·가스공사업,6457,(주)케이씨피테크,손호태,울산,울산남구2004-12-06,19744,5177,13663,385,517,8160,3
기계설비,기계설비·가스공사업,6458,(주)케이알멤버스,김선기,대전,대전유성-2017-10-7,2465,77,900,1484,3,42,11
기계설비,기계설비·가스공사업,6459,(주)케이알산업,박희성,경기,이천2016-23-01,10768,0,900,9868,0,0,3
기계설비,기계설비·가스공사업,6460,(주)케이알코리아,이승희,인천,인천연수구-25-파-4,1228,632,343,252,0,903,2
기계설비,기계설비·가스공사업,6461,(주)케이알피티,김성룡,경기,충북진천 23-파-14,2825,1806,387,631,0,2709,5
기계설비,기계설비·가스공사업,6462,(주)케이앤씨플랜트,권병욱,부산,부산사상18-10-7,4982,2867,1486,505,122,2340,4
기계설비,기계설비·가스공사업,6463,(주)케이앤엘,김동균,경북,경북구미2022-파-4,1216,241,443,531,0,306,9
기계설비,기계설비·가스공사업,6464,(주)케이앤이,홍범희,충북,충북청주17-10-5,1249,88,900,256,3,71,2
기계설비,기계설비·가스공사업,6465,(주)케이앤케이,김미연,대전,대전동구-2021-10-02,0,0,0,0,0,0,2
기계설비,기계설비·가스공사업,6466,(주)케이에스공조,김명주,경기,광주20-10-04,3630,976,2359,252,41,1678,2
기계설비,기계설비·가스공사업,6467,(주)케이에스메이트,박이근,서울,용산2016-10-02,1586,185,1115,277,7,504,2
기계설비,기계설비·가스공사업,6468,케이에스시(주),조충갑,전남광주,광양22-파-09,896,246,144,505,0,879,4
기계설비,기계설비·가스공사업,6469,(주)케이에스엔,손정명,인천,인천서구2012-10-03,7887,5786,658,1029,413,8311,8
기계설비,기계설비·가스공사업,6470,(주)케이에스엔텍,이시남,울산,시흥-2006-12-2,1550,504,501,508,36,1354,4
기계설비,기계설비·가스공사업,6471,(주)케이에스이앤지,김은정,서울,영등포21-10-03,4834,2661,1636,535,0,5037,3
기계설비,기계설비·가스공사업,6472,(주)케이에스이엔지,김명숙,경기,성남-25-파(기계)-1,693,143,298,252,0,204,2
기계설비,기계설비·가스공사업,6473,케이에스콤프레샤(주),윤영석,전남광주,광양2016-10-04,16191,6114,6151,3662,262,8795,29
기계설비,기계설비·가스공사업,6474,케이에스티(주),류주환,경기,평택-22-파-008,2023,1390,507,126,0,373,1
기계설비,기계설비·가스공사업,6475,(주)케이에이치엠,이효규,울산,울산동구2024-파-01,1806,527,647,631,0,1130,5
기계설비,기계설비·가스공사업,6476,(주)케이에이치이엔씨,양민석,전북,전북전주2016-10-4,628,201,165,252,8,31,2
기계설비,기계설비·가스공사업,6477,(주)케이에이치피티,김진태,경남,창원 2011-10-03,18282,13535,2138,1641,966,18596,12
기계설비,기계설비·가스공사업,6478,케이에프이(주),김명규,인천,인천남동22-파-02,4891,793,3466,631,0,909,5
기계설비,기계설비·가스공사업,6479,케이엔솔(주),"구자겸, 우희구",충북,충북-95-12-11,91742,49793,19781,17017,5150,84954,75
기계설비,기계설비·가스공사업,6480,(유)케이엔이엔지,인미애,전북,전북전주2022-파-5호,1069,71,745,252,0,162,2
기계설비,기계설비·가스공사업,6481,케이엔이엔지(주),장민진,경남,경남산청2002-12-1,1943,220,1321,378,22,213,3
기계설비,기계설비·가스공사업,6482,케이엔피(주),이정식,인천,인천옹진2019-10-02,5863,778,4672,378,33,895,3
기계설비,기계설비·가스공사업,6483,(주)케이엘공조,김명수,경기,수원2019-10-02호,8428,6953,797,378,298,10614,3
기계설비,기계설비·가스공사업,6484,(유)케이엘이앤시,강진오,전북,전북전주2008-23-2,2317,387,1523,378,27,246,3
기계설비,기계설비·가스공사업,6485,케이엘이에스(주),조선영,대전,대전유성-2012-10-7,1692,165,995,519,11,119,1
기계설비,기계설비·가스공사업,6486,(주)케이엘피이엔지,김진철,세종,세종시-2021-10-04,3529,2260,827,441,0,2914,3
기계설비,기계설비·가스공사업,6487,(주)케이엠,장준,전남광주,광양2021-10-02,590,0,211,378,0,0,3
기계설비,기계설비·가스공사업,6488,케이엠네이쳐(주),정복녀,강원,강릉18-10-02호,2699,1309,917,416,56,3361,3
기계설비,기계설비·가스공사업,6489,(주)케이엠씨,김민찬,부산,부산사상21-10-5,1139,170,653,315,0,152,2
기계설비,기계설비·가스공사업,6490,(주)케이엠에스,김명순,충북,충북청주24-파-5,5141,2105,2783,252,0,3220,3
기계설비,기계설비·가스공사업,6491,(주)케이엠이노텍,정수진,경남,양산22-파-01,458,173,101,183,0,367,3
기계설비,기계설비·가스공사업,6492,(주)케이엠이엔지,한은경,인천,인천서구2018-10-06,2086,912,829,304,39,1849,2
기계설비,기계설비·가스공사업,6493,(주)케이엠이엔지,박순애,경기,남양주21-10-45,2821,1166,1275,378,0,2053,3
기계설비,기계설비·가스공사업,6494,(주)케이엠지엔지니어링,김만수,경기,화성25-파-10호,1175,263,532,378,0,376,3
기계설비,기계설비·가스공사업,6495,(주)케이엠티,명경식,전남광주,여수2002-12-01,66751,38603,22055,2232,3860,32441,8
기계설비,기계설비·가스공사업,6496,(주)케이엠티엘에스,방귀중,충남,충남아산2025-13-08호,1152,0,900,252,0,0,2
기계설비,기계설비·가스공사업,6497,(주)케이온,배상희,대구,대구중구2022-파-01호,581,109,219,252,0,0,2
기계설비,기계설비·가스공사업,6498,(주)케이와이,이정훈,대구,대구 달서구 2009-12-2,748,218,261,252,15,277,2
기계설비,기계설비·가스공사업,6499,케이와이엔지니어링(주),김종호,부산,부산진2020-10-03,1498,89,900,505,3,136,4
기계설비,기계설비·가스공사업,6500,케이워터기술(주),안정호,대전,대전서구22-파-1,6496,96,900,5500,0,200,37
기계설비,기계설비·가스공사업,6501,(주)케이원건설,김영항,세종,대전서구-11-10-2,1317,34,268,1011,2,124,8
기계설비,기계설비·가스공사업,6502,케이원에코텍(주),김종학,서울,성동-06-12-3,1473,457,340,642,32,1151,5
기계설비,기계설비·가스공사업,6503,(주)케이원플랜텍,원구연,울산,울산울주2022-파-35,10702,2217,7923,403,158,5117,3
기계설비,기계설비·가스공사업,6504,케이웨더(주),김동식,서울,구로-18-10-07,103,28,74,0,1,79,0
기계설비,기계설비·가스공사업,6505,(주)케이이씨디바이스,"이종수, 유근수",서울,서초-09-10-04,2026,266,1596,145,19,117,1
기계설비,기계설비·가스공사업,6506,(주)케이이씨시스템,김영호,경기,안산2013-10-2,1212,53,900,255,3,189,2
기계설비,기계설비·가스공사업,6507,케이이엔씨(주),고영관,전남광주,여수-22-파-03,425,113,86,225,0,262,3
기계설비,기계설비·가스공사업,6508,케이이엠(주),최현희,전남광주,광주광산2011-10-01,986,540,155,252,38,158,2
기계설비,기계설비·가스공사업,6509,(주)케이제이공조,조희상,충북,충북청주18-10-2,1593,665,584,315,28,319,2
기계설비,기계설비·가스공사업,6510,(주)케이제이기술사이앤씨,"정미연, 윤기진",대전,대전유성-2022-파-2,2138,178,543,1416,0,597,12
기계설비,기계설비·가스공사업,6511,(주)케이제이에너지,조동민,강원,안산-2005-27-0005,942,179,365,378,17,234,3
기계설비,기계설비·가스공사업,6512,케이제이엠아이(주),"김병태, 박종화",충남,충남당진2010-10-01,12111,7694,2563,1300,551,12554,10
기계설비,기계설비·가스공사업,6513,(주)케이제이이엔지,"구본신, 구윤모",서울,94-서울-12-65,8084,3632,3310,776,364,4739,6
기계설비,기계설비·가스공사업,6514,(주)케이제이이엔지,박상훈,경기,화성26-파-27호,420,0,120,300,0,0,3
기계설비,기계설비·가스공사업,6515,(주)케이지아이,박광기,경기,경기시흥2020-10-45,3288,695,2310,252,29,539,2
기계설비,기계설비·가스공사업,6516,(주)케이지에이치앤씨,김광천,경기,화성22-파-17,1836,1077,380,378,0,2249,3
기계설비,기계설비·가스공사업,6517,케이코텍(주),김웅수,부산,부산기장2020-10-01,2116,237,1423,446,10,412,3
기계설비,기계설비·가스공사업,6518,(주)케이테크,김성탄,충남,충남당진-2019-10-04,0,0,0,0,0,0,0
기계설비,기계설비·가스공사업,6519,케이텍솔루션(주),윤민호,경북,대구달성군22-파-01호,968,504,165,298,0,1228,6
기계설비,기계설비·가스공사업,6520,(주)케이텔,김용기,경기,의정부2024-파-2,19378,2472,14836,2069,0,4590,4
기계설비,기계설비·가스공사업,6521,(주)케이티시앤지,오민,인천,인천서구2011-10-03,920,306,339,252,21,407,2
기계설비,기계설비·가스공사업,6522,(주)케이티엔지니어링,김병균,서울,강남-12-10-05,17381,4963,11787,276,354,7593,2
기계설비,기계설비·가스공사업,6523,(주)케이티엠,박윤배,충남,충남보령-2005-12-09,30200,11205,15294,2577,1123,14055,18
기계설비,기계설비·가스공사업,6524,(주)케이티이앤지,이지순,인천,양산 2014-10-01,4626,2119,837,1517,151,4808,11
기계설비,기계설비·가스공사업,6525,(주)케이티클라우드,김봉균,서울,강남-22-파-05,39232,10092,28870,269,0,20412,2
기계설비,기계설비·가스공사업,6526,케이티텔레캅(주),서영수,서울,구로-15-10-04,20,0,0,20,0,0,2
기계설비,기계설비·가스공사업,6527,(주)케이프로텍,신창군,경기,성남12-10-11,1674,0,900,774,0,0,5
기계설비,기계설비·가스공사업,6528,(주)케이플랜트,조문래,울산,울산남구2015-23-03,2241,833,775,631,0,2119,5
기계설비,기계설비·가스공사업,6529,(주)케이피비,이차근,울산,울산북구2024-파-02,5177,4082,328,765,1,6298,3
기계설비,기계설비·가스공사업,6530,케이피솔루션(주),이동근,경남,창원성산 2013-10-02,6686,2952,1679,1843,210,4064,13
기계설비,기계설비·가스공사업,6531,(유)케이피씨,최일규,전북,전북익산2011-12-03,6951,1176,5345,344,84,858,2
기계설비,기계설비·가스공사업,6532,(주)케이피아이공조,황서희,경남,창원 2009-10-05,1935,729,419,734,52,627,5
기계설비,기계설비·가스공사업,6533,케이피이에스(주),유재현,경기,화성22-파-35,325,67,131,126,0,56,1
기계설비,기계설비·가스공사업,6534,(주)케이피이엔지,정영록,경북,경북포항2007-12-03,1737,624,562,505,44,889,4
기계설비,기계설비·가스공사업,6535,(주)케이피테크,김광희,서울,94-서울-12-192,2076,626,736,650,62,440,5
기계설비,기계설비·가스공사업,6536,(주)켄텍,이제봉,울산,울산울주2015-10-20,224,115,0,100,8,100,12
기계설비,기계설비·가스공사업,6537,(주)켄텍이엔지,박치현,울산,울산중구2007-12-02,4669,2166,1949,399,154,3332,3
기계설비,기계설비·가스공사업,6538,(주)켐스코(KEMSCO),안병철,경기,수원12-10-6,2396,1629,79,570,116,128,4
기계설비,기계설비·가스공사업,6539,(주)켐써치,김동석,부산,김포-22-13-13,971,0,718,252,0,0,2
기계설비,기계설비·가스공사업,6540,(주)코데코,전금희,경기,성남20-10-1,1164,315,452,382,13,468,3
기계설비,기계설비·가스공사업,6541,(주)코리아냉동냉장,안선태,인천,인천계양2016-10-01,3098,1049,1496,507,44,2703,4
기계설비,기계설비·가스공사업,6542,(주)코리아산업엔지니어링,김정민,대전,대전서구-03-27-12,876,337,0,505,33,132,4
기계설비,기계설비·가스공사업,6543,(주)코리아에너시스,김희,경기,서초-16-10-06,2276,827,899,513,35,1155,2
기계설비,기계설비·가스공사업,6544,(주)코리아에코시스템,윤영식,충남,충남서산-2014-10-38,5782,1745,3406,505,124,2490,4
기계설비,기계설비·가스공사업,6545,(주)코리아엔지니어링,이현수,경기,시흥08-10-5,14498,2719,10700,883,194,6246,7
기계설비,기계설비·가스공사업,6546,코리아이엔지(주),"김옥자, 김은미",경기,오산2021-10-02,3372,1855,1001,515,0,1512,4
기계설비,기계설비·가스공사업,6547,코리아이엔지(주),박영호,경기,안산-22-파-004,3144,2018,747,378,0,2882,3
기계설비,기계설비·가스공사업,6548,(주)코리아이피디,이점우,경기,김포-19-10-07,1488,217,1008,252,9,580,2
기계설비,기계설비·가스공사업,6549,(주)코리아인더스,인정교,경기,화성23-파-02,1527,520,375,631,0,1129,5
기계설비,기계설비·가스공사업,6550,코리아텍(주),국응철,충남,충남서산-2017-10-46,1991,726,476,757,31,1221,6
기계설비,기계설비·가스공사업,6551,코리아플랜트(주),배상진,서울,강서-23-파-03,1372,0,702,669,0,0,5
기계설비,기계설비·가스공사업,6552,(주)코맷,이주성,경기,이천22-파-03,0,0,0,0,0,0,2
기계설비,기계설비·가스공사업,6553,(주)코바코,김미경,인천,인천남동10-10-04,740,234,110,378,16,141,3
기계설비,기계설비·가스공사업,6554,(주)코벡엔지니어링,박춘경,서울,금천-10-10-02,1461,276,595,569,19,648,4
기계설비,기계설비·가스공사업,6555,(주)코벤트,황석원,경기,송파-14-10-03,1930,842,775,252,60,896,2
기계설비,기계설비·가스공사업,6556,코스모이앤시(주),황선일,충남,충남천안-05-27-02,3564,748,2110,631,74,789,5
기계설비,기계설비·가스공사업,6557,코스타이엔지(주),이민구,대전,대전유성-2021-10-8,4646,627,3766,252,0,305,2
기계설비,기계설비·가스공사업,6558,(주)코스테크,정경직,전북,전북전주2016-23-1,1457,221,721,505,9,278,4
기계설비,기계설비·가스공사업,6559,(주)코스텍,이영배,경기,양천-01-12-1,1261,257,409,568,25,355,4
기계설비,기계설비·가스공사업,6560,(주)코아시스템,박제서,경북,경북포항2022-파-04호,3143,781,2109,252,0,226,2
기계설비,기계설비·가스공사업,6561,코아텍(주),"문영환, 허관",경기,평택11-23-3,0,0,0,0,0,0,8
기계설비,기계설비·가스공사업,6562,(주)코앤지,이동묵,경기,양주21-23-01,696,72,244,378,0,259,3
기계설비,기계설비·가스공사업,6563,(주)코어,김종국,경기,안양-22-파-06,5749,2432,2730,587,0,2820,4
기계설비,기계설비·가스공사업,6564,(주)코엔플랜트,이정환,전남광주,인천남동16-10-04,2892,1318,991,526,56,3133,2
기계설비,기계설비·가스공사업,6565,(주)코엔플랜트,김재식,경북,경북울진2024-파-3,1252,62,900,290,0,126,2
기계설비,기계설비·가스공사업,6566,코오롱글로벌(주),김영범,경기,과천2009-23-62,45358,0,900,44458,0,0,5
기계설비,기계설비·가스공사업,6567,코원에너지서비스(주),유범희,서울,82-12-2,0,0,0,0,0,0,8
기계설비,기계설비·가스공사업,6568,(주)코원이앤씨,조창규,서울,성동-02-12-2,24386,6957,15730,1002,695,13121,4
기계설비,기계설비·가스공사업,6569,(주)코원이엔씨,이종표,충남,경북경주2010-10-01,27893,13001,12073,1889,928,13851,9
기계설비,기계설비·가스공사업,6570,코웨이엔텍(주),방윤혁,서울,96-서울-12-82,6797,744,4469,1508,74,628,10
기계설비,기계설비·가스공사업,6571,(주)코윈테크,"이재환, 최현순",충남,군포2013-10-5,0,0,0,0,0,0,2
기계설비,기계설비·가스공사업,6572,(주)코인,서병일,울산,울산울주2021-10-50,3006,1877,749,378,0,3275,3
기계설비,기계설비·가스공사업,6573,(주)코인즈,최명환,전남광주,여수2016-10-01,365,253,-26,126,10,0,6
기계설비,기계설비·가스공사업,6574,(주)코젠,"윤영근, 윤성훈",서울,82-12-162,9415,4686,3444,813,470,6761,5
기계설비,기계설비·가스공사업,6575,코텍엔지니어링(주),김광중,경기,성남10-10-1,1152,0,900,252,0,0,2
기계설비,기계설비·가스공사업,6576,콜마바이오텍(주),문병석,경기,강남-07-12-15,486,100,0,378,7,0,3
기계설비,기계설비·가스공사업,6577,쿠리타한수(주),시노카와나오유키,경기,성남-2005-12-8,146934,20191,121148,3575,2019,45361,3
기계설비,기계설비·가스공사업,6578,(주)쿨맥스,최상곤,경기,82-12-228,2275,469,1506,252,46,898,2
기계설비,기계설비·가스공사업,6579,(주)쿨테이너,임관빈,전북,전북익산2005-12-10,2099,580,947,513,58,1046,4
기계설비,기계설비·가스공사업,6580,(주)쿱엔지니어링,박승희,경기,2015-10-01,2916,2330,3,416,166,3429,3
기계설비,기계설비·가스공사업,6581,(주)큐브원,성무현,경기,경기시흥2020-10-61,4365,3012,590,631,130,6750,5
기계설비,기계설비·가스공사업,6582,(주)크레스터이엔지,고외환,서울,서초-04-12-5,10400,4998,4308,593,499,6659,4
기계설비,기계설비·가스공사업,6583,(주)크로바기계,이성해,충북,충북청주 22-파-17,1778,738,305,733,1,1275,6
기계설비,기계설비·가스공사업,6584,(주)크로바이엔지,이성해,경북,경북구미2024-파-5,0,0,0,0,0,0,2
기계설비,기계설비·가스공사업,6585,크로스특수(주),정현진,충남,충남아산-2021-10-06,1350,0,900,450,0,0,3
기계설비,기계설비·가스공사업,6586,(주)크로시스,박상돈,부산,시흥-2003-12-5,0,0,0,0,0,0,3
기계설비,기계설비·가스공사업,6587,크리노버(주),박세준,경기,부산연제2003-12-05,1026,0,900,126,0,0,1
기계설비,기계설비·가스공사업,6588,크리아텍(주),김순희,충남,충남당진-2024-파-01,0,0,0,0,0,0,2
기계설비,기계설비·가스공사업,6589,(주)크리오스,김대성,부산,강서-2000-27-1-1,3186,2552,0,378,255,4443,3
기계설비,기계설비·가스공사업,6590,(주)크린공조시스템,임송운,서울,용산2018-10-02,1074,874,35,126,37,821,1
기계설비,기계설비·가스공사업,6591,(주)크린이엔씨,박경원,경기,성남-2006-12-7,3448,2380,266,631,170,1100,4
기계설비,기계설비·가스공사업,6592,크린테크(주),김종원,부산,부산강서2014-10-03,13602,5965,5073,2135,427,7805,6
기계설비,기계설비·가스공사업,6593,(주)크린텍,김진석,대전,대전서구-08-10-01,1421,110,900,402,7,231,3
기계설비,기계설비·가스공사업,6594,크린텍(주),김혜인,전남광주,여수-22-파-09,1811,1190,368,252,0,1560,2
기계설비,기계설비·가스공사업,6595,(주)크린포시스템,구명임,대구,대구중구-2011-10-1,1944,704,936,252,50,1279,2
기계설비,기계설비·가스공사업,6596,(주)큰나무,여옥규,경기,수원09-10-3,559,38,202,315,2,51,2
기계설비,기계설비·가스공사업,6597,큰빛설비(주),이지영,대구,대구달성군2020-10-03호,1184,254,410,508,10,230,4
기계설비,기계설비·가스공사업,6598,(주)큰산공조,"노큰산, 노문환",경남,양산-23-파-03,1150,174,597,378,0,540,3
기계설비,기계설비·가스공사업,6599,클래스원씨에스(주),김광곤,경기,안산2019-10-04,4418,2587,1068,651,110,4369,5
기계설비,기계설비·가스공사업,6600,클리어워터텍(주),마부광,경기,서대문-98-12-02,5301,1306,3273,590,130,3560,4
기계설비,기계설비·가스공사업,6601,클린E&T,김상원,경남,창원 2011-10-02,842,367,176,271,26,69,2
기계설비,기계설비·가스공사업,6602,키네티코에너지(주),"정윤석, 조재완",대전,대전중구-21-10-02,1168,234,682,252,0,210,2
기계설비,기계설비·가스공사업,6603,(주)키온테크,양윤갑,경기,양주21-10-02,1507,584,228,694,0,372,5
기계설비,기계설비·가스공사업,6604,킹스엔지니어링(주),안상범,인천,강남-00-12-6,7675,2417,3189,1826,241,3258,11
기계설비,기계설비·가스공사업,6605,(주)타셋,이동주,경기,안산-2005-12-10,48,17,5,24,1,22,4
기계설비,기계설비·가스공사업,6606,(주)타스공조,서재성,서울,강동-07-12-1,10253,2704,6578,777,193,2409,6
기계설비,기계설비·가스공사업,6607,(주)타스산업,이애연,부산,부산기장2022-파-04,7037,1076,5418,543,0,2000,4
기계설비,기계설비·가스공사업,6608,(주)타이가,조병욱,충북,충주2021-10-2,1198,260,657,280,0,931,2
기계설비,기계설비·가스공사업,6609,(주)탐진이엔지,"박경례, 김종환",경기,강동-01-12-2,32228,12055,17649,1314,1208,16301,6
기계설비,기계설비·가스공사업,6610,(주)탑비.앤.지,김학성,경기,화성19-10-37호,1425,882,252,252,37,796,2
기계설비,기계설비·가스공사업,6611,탑산업개발(주),김재기,전남광주,무안 제13-10-02,1257,97,900,252,6,132,2
기계설비,기계설비·가스공사업,6612,탑솔라(주),"오형석, 유병진",전남광주,영암2012-10-01,1383,4,900,478,0,0,2
기계설비,기계설비·가스공사업,6613,(주)탑스,"허만웅, 김남철",전남광주,여수2020-10-08,2258,605,1317,309,25,1377,2
기계설비,기계설비·가스공사업,6614,탑스이앤씨(주),유병건,경기,수원2020-10-08,444,171,0,265,7,447,2
기계설비,기계설비·가스공사업,6615,탑스코(TOPSCO),성병훈,경북,경북구미2013-10-5,2138,450,1339,315,32,528,2
기계설비,기계설비·가스공사업,6616,탑스타건설(주),박기출,강원,정선2019-10-02호,2449,265,1372,800,11,338,7
기계설비,기계설비·가스공사업,6617,(주)탑시스템이엔지,임진환,전북,전북전주2023-파-9호,801,226,449,126,0,630,1
기계설비,기계설비·가스공사업,6618,(주)탑엔지니어링,정혜경,전남광주,광주북2001-12-03,3608,722,2542,271,72,152,2
기계설비,기계설비·가스공사업,6619,(주)탑엔지니어링,최성달,경기,수원09-10-7,6647,884,5309,389,63,540,2
기계설비,기계설비·가스공사업,6620,(주)탑엔지니어링,조기훈,충남,충남아산-2018-10-08,33747,28957,2552,980,1257,29803,4
기계설비,기계설비·가스공사업,6621,탑이앤씨(주),송영진,경기,수원07-12-3,13094,6446,5354,833,460,9929,6
기계설비,기계설비·가스공사업,6622,(주)탑이엔지,최연태,서울,마포13-10-02,1390,874,197,256,62,1253,2
기계설비,기계설비·가스공사업,6623,탑이엔지(주),이승주,경기,경기-82-12-352,6880,3643,2458,413,364,4189,3
기계설비,기계설비·가스공사업,6624,탑인더스트리(주),최정현,경기,구로-20-10-01,48,31,0,15,1,0,3
기계설비,기계설비·가스공사업,6625,탑정보통신(주),오영권,인천,구로-20-10-04,92,38,15,35,1,40,2
기계설비,기계설비·가스공사업,6626,(주)태강이앤지,박호영,전남광주,광주북2011-10-08,3863,842,1931,1029,60,1024,8
기계설비,기계설비·가스공사업,6627,(주)태강이엔지,허의태,부산,부산수영2006-12-01,5701,2674,2066,769,191,3831,5
기계설비,기계설비·가스공사업,6628,(주)태강이엔지,정훈,경북,경북포항2023-파-27,2710,2100,357,252,0,1859,2
기계설비,기계설비·가스공사업,6629,(주)태거,배경애,경남,창원 2001-12-15,11045,4115,5641,874,413,6410,6
기계설비,기계설비·가스공사업,6630,(주)태건,현상철,강원,춘천2015-10-01호,997,150,455,381,10,152,3
기계설비,기계설비·가스공사업,6631,(주)태건,박성수,강원,철원2018-10-02호,5681,1320,3198,1105,57,2216,8
기계설비,기계설비·가스공사업,6632,(주)태건기계,현정아,서울,92-서울-12-118,1224,541,246,382,54,184,3
기계설비,기계설비·가스공사업,6633,(주)태건이앤씨,최해영,울산,울산울주2022-파-23,3028,1408,1287,332,0,1603,2
기계설비,기계설비·가스공사업,6634,(주)태건이엔씨,지범수,전남광주,여수2020-10-05,1429,5,900,524,0,19,4
기계설비,기계설비·가스공사업,6635,(주)태건이엔지,김애자,충남,충남서천-2016-10-01,4855,506,2117,2209,21,1354,17
기계설비,기계설비·가스공사업,6636,(주)태경건설산업,최현아,경기,수원-25-파-05호,866,39,632,193,0,56,1
기계설비,기계설비·가스공사업,6637,(주)태경기연,정경도,서울,동작-10-27-1-2,609,302,21,264,21,359,3
기계설비,기계설비·가스공사업,6638,(주)태경냉동산업,이성우,경남,창원의창2022-파-02,753,87,413,252,0,101,2
기계설비,기계설비·가스공사업,6639,(주)태경엔텍,이현준,경기,김포-15-10-03,1666,8,900,757,0,21,6
기계설비,기계설비·가스공사업,6640,태경이엔씨(주),이주헌,경기,용인-23-파-04,967,128,460,378,0,165,3
기계설비,기계설비·가스공사업,6641,태경이엔씨(주),이수근,제주,제주특별자치 제주2021-10-02,539,143,143,252,0,103,2
기계설비,기계설비·가스공사업,6642,(주)태경이엔지,김자이,울산,울산남구2006-12-11,6432,1817,3173,1312,129,1267,10
기계설비,기계설비·가스공사업,6643,(주)태경이엔지,강태규,경남,창원 2011-10-10,5490,3538,1144,553,253,9016,4
기계설비,기계설비·가스공사업,6644,태경이엘피(주),김연희,서울,충북청주-98-12-10,1858,33,900,919,5,4,5
기계설비,기계설비·가스공사업,6645,(주)태경전기,우충배,경남,부산사상19-10-2,1301,142,900,252,6,0,2
기계설비,기계설비·가스공사업,6646,태경플랜트(주),곽경문,서울,송파-14-10-01,1657,686,511,410,49,998,3
기계설비,기계설비·가스공사업,6647,(주)태광건설,김동영,강원,안산12-0007,5607,1475,2825,1158,148,1071,9
기계설비,기계설비·가스공사업,6648,(주)태광건영,정영순,전남광주,광주북2011-23-01,3928,1330,1998,505,95,1821,4
기계설비,기계설비·가스공사업,6649,(주)태광공조철강,박영이,경기,화성08-10-12,1721,1370,0,252,97,0,2
기계설비,기계설비·가스공사업,6650,(주)태광기계설비,김홍길,대전,대전대덕-03-12-2,2939,845,1437,571,84,1602,4
기계설비,기계설비·가스공사업,6651,(주)태광산업,김이완,전남광주,광양2020-10-06,2636,1185,895,505,50,2273,4
기계설비,기계설비·가스공사업,6652,(주)태광산업개발,김중길,경남,창원의창2015-10-04,1422,175,895,338,12,138,2
기계설비,기계설비·가스공사업,6653,(주)태광시스템,김태섭,경기,광명18-10-2,3905,1939,1498,384,83,3215,3
기계설비,기계설비·가스공사업,6654,(주)태광이엔지,김오영,전북,수원-2002-12-6,1260,406,560,252,40,512,2
기계설비,기계설비·가스공사업,6655,(주)태광전기,서태윤,경남,사천 2014-10-1,1684,243,1030,392,17,711,3
기계설비,기계설비·가스공사업,6656,(주)태광테크윈,이덕우,경남,김해24-파-01,1282,852,177,252,0,662,2
기계설비,기계설비·가스공사업,6657,(주)태광프랜트,"고장길, 고세훈",경기,안산2007-12-16,1089,286,398,384,20,558,5
기계설비,기계설비·가스공사업,6658,(주)태광플랜트,김희만,전남광주,나주2021-10-01,1754,739,761,253,0,1475,2
기계설비,기계설비·가스공사업,6659,태극IBA(주),"김용서, 이진엽",경기,94-서울-12-224,6634,3329,2037,934,332,5198,7
기계설비,기계설비·가스공사업,6660,태금기계(주),위영,전남광주,광주북2013-10-02,9120,2099,6432,438,150,728,3
기계설비,기계설비·가스공사업,6661,(주)태기에너지,이원택,경북,경북경주2010-23-02,2132,468,1252,378,33,565,3
기계설비,기계설비·가스공사업,6662,(주)태남엔지니어링,김명기,강원,마포94-27-1-1,1211,221,336,631,22,332,5
기계설비,기계설비·가스공사업,6663,(주)태등,백형식,전남광주,광주서2008-10-06,4204,2881,531,586,205,3616,4
기계설비,기계설비·가스공사업,6664,(주)태등공조시스템,김성민,전남광주,순천2025-파-04,885,0,633,252,0,0,2
기계설비,기계설비·가스공사업,6665,태라엔지니어링(주),유진상,서울,강동-09-10-08,2294,891,1049,290,63,590,2
기계설비,기계설비·가스공사업,6666,(주)태랑,박헌,전북,전북군산-24-파-12호,634,0,382,252,0,0,2
기계설비,기계설비·가스공사업,6667,태랑건설(주),전효수,전남광주,청원09-10-03,488,217,1,252,15,89,2
기계설비,기계설비·가스공사업,6668,태랑엔지니어링(주),"정성철, 허송욱",서울,영등포-97-12-6,13676,7231,4606,1109,729,8593,4
기계설비,기계설비·가스공사업,6669,(주)태룡,김미경,강원,원주2022-파-03호,2048,436,1232,378,0,534,3
기계설비,기계설비·가스공사업,6670,(주)태륭이엔씨,이일규,서울,금천-12-10-07,5565,3353,1465,505,241,5485,4
기계설비,기계설비·가스공사업,6671,(주)태림,이인성,경북,경북포항2020-10-13,20293,13802,3887,2011,591,7047,10
기계설비,기계설비·가스공사업,6672,(주)태림개발,강남규,부산,부산-98-12-17,11346,5451,4279,1225,389,6870,9
기계설비,기계설비·가스공사업,6673,(주)태림산업,이필성,충남,충남서산-2016-10-42,2144,268,1609,255,11,327,2
기계설비,기계설비·가스공사업,6674,(주)태림에프앤씨,김승원,인천,인천미추홀구2019-10-1,8488,4533,3088,669,196,5359,5
기계설비,기계설비·가스공사업,6675,태림엔지니어링(주),임병돈,경기,화성11-10-4,1642,308,932,379,22,817,3
기계설비,기계설비·가스공사업,6676,(주)태림이엔티,조정상,경기,의왕2018-10-03,1952,681,989,252,29,325,2
기계설비,기계설비·가스공사업,6677,(주)태멘,박덕원,충북,충북제천09-10-1,729,258,326,126,18,617,1
기계설비,기계설비·가스공사업,6678,(주)태명산기,이중재,인천,인천남동06-12-03,4856,3182,941,505,227,3105,4
기계설비,기계설비·가스공사업,6679,태민산업(주),오태성,서울,중랑-21-23-01,547,168,67,312,0,191,3
기계설비,기계설비·가스공사업,6680,(주)태민엔지니어링,김태엽,대구,대구북구-25-파-03호,391,0,120,271,0,0,2
기계설비,기계설비·가스공사업,6681,태백가스산업(주),김분자,충북,대전서구-08-23-01,2339,718,786,783,51,1175,6
기계설비,기계설비·가스공사업,6682,태백건설(주),"김호연, 최선환",울산,광주북2011-10-03,3718,2686,587,252,191,992,2
기계설비,기계설비·가스공사업,6683,태백엔지니어링(주),김욱환,서울,구로-99-12-7,950,110,450,378,11,80,3
기계설비,기계설비·가스공사업,6684,태봉설비(주),구윤본,경남,진주 2013-10-09,2888,666,1233,940,47,787,7
기계설비,기계설비·가스공사업,6685,(주)태산,최인석,경남,거창2025-파-01,320,15,51,252,0,22,2
기계설비,기계설비·가스공사업,6686,태산건설(주),박근수,경기,안산-25-파-08,1343,232,731,378,0,332,3
기계설비,기계설비·가스공사업,6687,(주)태산공사,서찬석,전북,전북군산12-2,7169,2442,3977,505,244,5090,4
기계설비,기계설비·가스공사업,6688,(주)태산로테이트먼트,고승판,서울,서초-14-10-07,7894,6022,810,631,430,9995,5
기계설비,기계설비·가스공사업,6689,(주)태산산업,정기훈,충남,충남서산-2018-10-49,941,114,569,252,4,66,2
기계설비,기계설비·가스공사업,6690,(합)태산설비,서영순,강원,춘천2018-10-01호,3350,553,2482,290,23,1413,2
기계설비,기계설비·가스공사업,6691,(주)태산에너지,김종철,강원,광주광산2013-23-01,1775,969,353,383,69,1722,3
기계설비,기계설비·가스공사업,6692,태산엔지니어링(주),박수일,경기,안양-2007-27(1)-6,2956,1145,971,757,81,1518,6
기계설비,기계설비·가스공사업,6693,(주)태산이앤씨,함수환,충남,충남당진-2017-10-04,1232,720,102,378,31,0,3
기계설비,기계설비·가스공사업,6694,(주)태산이엔지,김유리,대전,대전서구25-파-2호,379,0,126,252,0,0,2
기계설비,기계설비·가스공사업,6695,(주)태산이엔지,"윤성식, 윤종원",경기,용인2018-10-4,32650,13340,18447,290,571,16920,2
기계설비,기계설비·가스공사업,6696,태산플랜트(주),김홍주,강원,양천-04-12-1,3357,649,1795,847,65,739,6
기계설비,기계설비·가스공사업,6697,(주)태산하이테크,허민주,전북,경북구미2025-파-4호,527,110,121,290,4,0,2
기계설비,기계설비·가스공사업,6698,(주)태성,박차출,서울,관악-10-10-03,2654,1047,1007,524,74,1829,4
기계설비,기계설비·가스공사업,6699,(주)태성,강태근,충북,충북청주제99-12-13,1252,325,602,292,32,262,2
기계설비,기계설비·가스공사업,6700,(주)태성가스기술,전성필,부산,강서-2000-27-1-2,279,100,76,91,10,78,4
기계설비,기계설비·가스공사업,6701,(주)태성가스산업,김홍렬,서울,서초-08-23-02,1712,502,795,378,35,393,3
기계설비,기계설비·가스공사업,6702,태성건설(주),이야순,전북,경북문경2022-파-01,997,328,413,255,0,775,2
기계설비,기계설비·가스공사업,6703,(주)태성공조,임헌배,충북,충북청주 24-파-11,440,215,71,154,0,300,3
기계설비,기계설비·가스공사업,6704,(주)태성공조,허성훈,경북,경북영천2023-파-01,576,0,323,252,0,2,2
기계설비,기계설비·가스공사업,6705,태성기계설비(주),박진호,경기,구로-01-12-11,2195,664,833,631,66,1167,5
기계설비,기계설비·가스공사업,6706,(주)태성기업,임대식,경기,성남-2006-12-4,3726,497,2625,568,35,618,4
기계설비,기계설비·가스공사업,6707,태성냉동공조(주),서종권,경남,진주 2000-12-04,1710,668,684,290,66,473,2
기계설비,기계설비·가스공사업,6708,태성산업,이동철,부산,부산강서2005-12-02,2956,762,1721,396,76,1527,3
기계설비,기계설비·가스공사업,6709,태성산업,강성규,경남,함안 2004-12-01,1994,1259,211,397,125,1047,3
기계설비,기계설비·가스공사업,6710,(합)태성산업사,유지연,경북,대구중구2004-12-1,1960,563,902,470,24,509,0
기계설비,기계설비·가스공사업,6711,태성설비(주),김영관,경기,양주19-10-03,1017,34,728,252,1,79,2
기계설비,기계설비·가스공사업,6712,태성소방설비(주),최성희,인천,인천서구2020-10-11,3313,860,2123,292,36,493,2
기계설비,기계설비·가스공사업,6713,(주)태성씨엔에쓰,임민호,서울,동작-19-10-01,1719,203,1218,271,26,101,2
기계설비,기계설비·가스공사업,6714,(주)태성엔지니어링,김현주,부산,부산수영2003-12-02,2666,427,1844,352,42,370,2
기계설비,기계설비·가스공사업,6715,태성엔지니어링,김동성,경북,경북구미2020-10-7,1320,257,546,505,11,660,4
기계설비,기계설비·가스공사업,6716,태성엔텍(주),박병서,경남,김해22-파-06,918,366,272,279,0,492,5
기계설비,기계설비·가스공사업,6717,(주)태성이루,이재식,전남광주,함평2026-파-02,1847,0,900,947,0,0,7
기계설비,기계설비·가스공사업,6718,(주)태성이앤지,최은희,전남광주,광주북2018-10-08,2688,924,966,757,39,2545,6
기계설비,기계설비·가스공사업,6719,(주)태성이엔씨,서태호,대구,16-23-1호,1761,547,811,378,23,477,3
기계설비,기계설비·가스공사업,6720,(주)태성이엔씨,조형태,전북,전북전주2020-10-3,2706,1443,740,460,61,1815,3
기계설비,기계설비·가스공사업,6721,태성이엔씨건설(주),이종재,전북,전북군산-23-파-02호,1114,303,379,405,26,937,3
기계설비,기계설비·가스공사업,6722,(주)태성이엔지,김영운,대전,대전중구-12-10-01,8163,2271,4932,795,164,2735,6
기계설비,기계설비·가스공사업,6723,(주)태성이엔지,남정우,전남광주,광양2020-10-01,9181,2419,4259,2399,103,1554,19
기계설비,기계설비·가스공사업,6724,(주)태성이엔지,권영길,경북,경북안동2025-파-01,570,89,228,252,0,127,2
기계설비,기계설비·가스공사업,6725,태성이엔지산업(주),김기연,경기,송파-80-1047,1057,86,584,378,8,35,3
기계설비,기계설비·가스공사업,6726,(주)태성테크,김주태,대전,대전유성-2015-10-1,1754,385,1089,252,27,523,2
기계설비,기계설비·가스공사업,6727,태성후렉시블,심성구,경남,김해2020-10-14,1174,173,740,252,7,582,2
기계설비,기계설비·가스공사업,6728,(주)태송건설,이학선,대구,대구수성구2015-10-2,279,83,67,122,5,61,1
기계설비,기계설비·가스공사업,6729,(주)태송기업,정찬수,전남광주,광주북2020-10-05,3499,1708,1212,505,73,1618,4
기계설비,기계설비·가스공사업,6730,(주)태승,이태왕,충남,충남천안02-12-01,9169,3167,5009,675,316,5609,4
기계설비,기계설비·가스공사업,6731,(주)태승건설,윤명숙,경북,경북경주2003-12-01,2170,287,1560,294,28,660,2
기계설비,기계설비·가스공사업,6732,태승디엔씨(주),양낙승,서울,강남-04-12-8,2499,1387,531,441,138,1394,3
기계설비,기계설비·가스공사업,6733,(주)태승설비,김완식,경남,김해-24-파-07,1365,697,314,352,0,1002,3
기계설비,기계설비·가스공사업,6734,태승엔지니어링(주),양일환,서울,관악-00-27-1-75,1436,143,900,378,14,115,3
기계설비,기계설비·가스공사업,6735,(주)태승이앤지,임태강,부산,부산진2016-10-03,1884,559,897,403,24,936,3
기계설비,기계설비·가스공사업,6736,(주)태승이엔씨,김승호,서울,강서-08-27-1-1,34388,22118,5008,5650,1611,46975,21
기계설비,기계설비·가스공사업,6737,태승이엔지,김영태,경북,경북칠곡2022-파-02,1371,178,688,505,0,635,4
기계설비,기계설비·가스공사업,6738,(주)태승전설,김주권,인천,인천서구2024-파-05,1180,8,900,271,0,22,2
기계설비,기계설비·가스공사업,6739,(주)태신,박종호,강원,원주2018-29-04호,1843,450,718,655,19,474,5
기계설비,기계설비·가스공사업,6740,(주)태신이엔지,김재환,인천,김포-2005-12-9,6310,3695,1586,659,369,2953,5
기계설비,기계설비·가스공사업,6741,(주)태양건설,윤예진,강원,철원2020-10-01호,1411,191,580,631,8,183,5
기계설비,기계설비·가스공사업,6742,(유)태양건설,김성열,대전,전북전주2001-12-7,1448,147,900,385,14,7,3
기계설비,기계설비·가스공사업,6743,(주)태양기계,최병철,경북,경북봉화2021-10-1,3343,2131,705,507,0,1736,4
기계설비,기계설비·가스공사업,6744,(주)태양기계설비,박기형,충북,충북청주18-10-1,3674,1263,2103,252,54,1856,2
기계설비,기계설비·가스공사업,6745,(주)태양백단,김명호,울산,울산울주2023-파-5,0,0,0,0,0,0,2
기계설비,기계설비·가스공사업,6746,태양설비,이민영,충남,충남예산-2001-12-1,1221,45,900,271,4,59,2
기계설비,기계설비·가스공사업,6747,(주)태양씨엠씨,박래월,서울,은평-06-12-1,2103,324,1224,530,23,158,4
기계설비,기계설비·가스공사업,6748,(주)태양에너지,배지윤,경기,창원의창 2014-23-01,4238,1209,1577,1277,173,4146,8
기계설비,기계설비·가스공사업,6749,(주)태양엔지니어링,이용식,강원,강원2003-12-5,989,313,358,259,58,357,2
기계설비,기계설비·가스공사업,6750,태양이엔에스(주),최광석,서울,중랑-00-12-1,3432,1478,969,837,147,2202,6
기계설비,기계설비·가스공사업,6751,(주)태양이엔지,신맹균,부산,금정-2001-12-4,24883,9573,13114,1234,960,13581,9
기계설비,기계설비·가스공사업,6752,(주)태양이엔지,김상구,강원,강릉14-23-03호,810,158,135,505,11,218,4
기계설비,기계설비·가스공사업,6753,(주)태양이엔지,이대로,충북,충북청주제05-27-01-2,2420,305,1832,252,30,458,2
기계설비,기계설비·가스공사업,6754,태양이엔지(주),박준희,경남,밀양 2009-10-01,1822,816,296,650,58,310,5
기계설비,기계설비·가스공사업,6755,태양이엠씨(주),선오규,서울,94-서울-12-272,4646,464,2204,1930,46,755,7
기계설비,기계설비·가스공사업,6756,(주)태양티.지.이,전동수,부산,부산수영2004-27-1-03,1572,653,474,378,65,487,3
기계설비,기계설비·가스공사업,6757,(주)태연,박철수,경북,경북포항2024-파-11,0,0,0,0,0,0,22
기계설비,기계설비·가스공사업,6758,(주)태연이엔지,이명준,경남,창원마합2016-10-02,2177,478,1299,378,20,851,3
기계설비,기계설비·가스공사업,6759,(주)태연테크,한상숙,강원,인제2018-10-01호,1185,655,236,264,28,633,2
기계설비,기계설비·가스공사업,6760,태영ENG,강석규,경남,김해 2021-10-01,1788,945,571,271,0,1141,2
기계설비,기계설비·가스공사업,6761,(주)태영건설,이강석,경기,마포95-27-1-1,117680,0,900,116780,0,0,654
기계설비,기계설비·가스공사업,6762,(주)태영공조,김정복,울산,울산북구2014-10-01,1302,427,465,378,30,463,3
기계설비,기계설비·가스공사업,6763,태영공조시스템,김인룡,충남,충남천안-2023-파-05,2009,806,949,252,0,1855,2
기계설비,기계설비·가스공사업,6764,(주)태영기계설비,정도철,경기,관악-11-10-01,1563,296,740,505,21,453,4
기계설비,기계설비·가스공사업,6765,(주)태영기술,현배,대전,대전서구-13-10-3,1219,36,900,280,2,58,2
기계설비,기계설비·가스공사업,6766,(유)태영디앤씨,최태호,전북,전북전주2010-10-7,4090,1776,1337,848,126,1867,6
기계설비,기계설비·가스공사업,6767,태영산업,김영진,대구,대구수성구2003-12-8,1561,380,864,278,38,1021,2
기계설비,기계설비·가스공사업,6768,태영산업설비(주),곽태근,경기,서울-12-11,3485,1522,1409,401,152,2027,3
기계설비,기계설비·가스공사업,6769,(주)태영설비,박성욱,경북,경북포항2010-10-04,1514,158,950,394,11,55,3
기계설비,기계설비·가스공사업,6770,(유)태영설비,이성수,경남,경남-96-12-26,13579,4726,7471,907,473,4610,6
기계설비,기계설비·가스공사업,6771,(주)태영앤씨,박종근,충북,성남15-10-2,1939,1273,0,575,91,1296,4
기계설비,기계설비·가스공사업,6772,(주)태영에너지,강상철,경기,종로-06-27-1-1,1854,485,829,505,34,964,4
기계설비,기계설비·가스공사업,6773,(주)태영엔지니어링,고미숙,경기,양평2018-10-01,3885,1036,2551,252,44,1886,2
기계설비,기계설비·가스공사업,6774,태영엔지니어링(주),송길창,경기,성남-19-23-01,1542,622,515,378,26,0,3
기계설비,기계설비·가스공사업,6775,(주)태영엔텍,박정선,경기,평택-23-파-022,1065,93,719,252,0,262,2
기계설비,기계설비·가스공사업,6776,태영이앤씨(주),정태하,인천,인천남동04-12-02,1830,420,1069,298,42,535,2
기계설비,기계설비·가스공사업,6777,태영이앤지(주),김행수,전남광주,광주서2020-10-01,1201,515,373,290,22,814,2
기계설비,기계설비·가스공사업,6778,태영이엔씨(주),김태영,경기,시흥25-파-5,5833,1867,3713,252,0,2667,2
기계설비,기계설비·가스공사업,6779,(주)태영이엔지,최명환,충북,충북청주제10-10-9,5017,2750,1433,636,196,4536,5
기계설비,기계설비·가스공사업,6780,(주)태영종합건설,오수현,강원,강원화천2022-파-02호,1456,170,1021,264,0,148,2
기계설비,기계설비·가스공사업,6781,태영종합설비(주),정재영,경기,83-12-387,58236,21054,31165,3904,2111,30426,18
기계설비,기계설비·가스공사업,6782,태영테크,안두현,경북,경북포항2021-10-04,310,115,85,109,0,413,2
기계설비,기계설비·가스공사업,6783,(유)태영플랜트,박영일,전북,전북전주2000-12-5,5227,1355,3523,252,96,2307,2
기계설비,기계설비·가스공사업,6784,(주)태영필트레이션시스템,김성수,경북,대구북구2013-10-1,569,59,151,354,4,46,4
기계설비,기계설비·가스공사업,6785,(주)태오름,노성진,대구,대구달서구2016-10-2,5599,2151,3168,187,92,2557,1
기계설비,기계설비·가스공사업,6786,(주)태온디자인,박인영,서울,대구북구2003-12-2,1793,520,933,287,52,519,2
기계설비,기계설비·가스공사업,6787,(주)태우,구자학,경남,마산2003-12-2,3702,872,2237,505,87,1417,4
기계설비,기계설비·가스공사업,6788,(주)태우산업,이상헌,대구,대구서구2004-12-01,3153,593,2071,378,110,759,3
기계설비,기계설비·가스공사업,6789,(주)태운건설,김문운,경기,평택-2002-27-1-2,5881,1446,3272,1016,144,3030,7
기계설비,기계설비·가스공사업,6790,태웅ENG,방정은,부산,김해 2011-23-01,973,206,373,378,14,202,3
기계설비,기계설비·가스공사업,6791,태웅산업(주),안태우,충남,충남당진2024-파-06호,936,290,393,252,0,660,2
기계설비,기계설비·가스공사업,6792,태웅이엔에스(주),"정상군, 정원봉",충북,충북청주제11-10-5,4659,622,3734,258,44,993,2
기계설비,기계설비·가스공사업,6793,(주)태원,김태성,전남광주,광양23-파-13,930,0,678,252,0,0,2
기계설비,기계설비·가스공사업,6794,(주)태원건설,장미해,대전,충남-12-13,1794,487,724,534,48,1086,4
기계설비,기계설비·가스공사업,6795,태원기업(주),박기욱,경기,포천12-10-2,1390,529,556,267,37,613,2
기계설비,기계설비·가스공사업,6796,(주)태원냉열,최정섭,대구,대구북구2017-10-3호,3329,588,2444,271,25,463,2
기계설비,기계설비·가스공사업,6797,(주)태원산업,박용식,경남,창원 2010-10-07,2723,587,1707,386,41,637,3
기계설비,기계설비·가스공사업,6798,(주)태원산업건설,최성한,부산,부산연제2020-10-04,3076,299,1798,965,12,153,7
기계설비,기계설비·가스공사업,6799,(주)태원시스템,김대석,대전,대전서구-14-10-2,9573,2598,6407,381,185,3549,3
기계설비,기계설비·가스공사업,6800,(주)태원엠티,김태원,부산,부산강서2019-10-11,182,118,0,59,5,0,2
기계설비,기계설비·가스공사업,6801,(주)태원이엔씨,고경운,전북,성동-06-27-1-13,342,5,12,324,0,20,3
기계설비,기계설비·가스공사업,6802,(주)태원이엔지,이종억,경기,용인-2003-12-3,13371,7086,4692,883,708,7624,7
기계설비,기계설비·가스공사업,6803,(주)태은,정영하,충북,충북음성 25-파-2,435,51,131,252,0,73,2
기계설비,기계설비·가스공사업,6804,(주)태은설비,김효윤,경남,마산 2004-12-2,6616,3165,2233,900,316,3824,6
기계설비,기계설비·가스공사업,6805,(주)태인,태은경,강원,영월2020-10-01호,1318,141,900,271,6,0,2
기계설비,기계설비·가스공사업,6806,태인건설산업(주),손찬우,경북,경북영천2022-파-1,5611,285,1712,3613,0,221,22
기계설비,기계설비·가스공사업,6807,(주)태인공조,김태완,부산,부산동래2022-파-01,2468,1767,322,378,0,2413,3
기계설비,기계설비·가스공사업,6808,태인산업,태광식,경남,김해2020-10-02,730,170,153,398,7,414,3
기계설비,기계설비·가스공사업,6809,태인엔지니어링(주),지영수,경기,부천-2005-27-15,1384,465,494,378,46,1203,3
기계설비,기계설비·가스공사업,6810,(주)태인종건,이종호,서울,금천-21-10-03,934,227,328,378,0,314,3
기계설비,기계설비·가스공사업,6811,(주)태인종합공조,이설영,경남,창원의창2025-파-06,447,50,143,252,0,72,2
기계설비,기계설비·가스공사업,6812,(주)태일,황영진,제주,제주 제주2011-10-06,3584,924,2011,581,66,1523,4
기계설비,기계설비·가스공사업,6813,태일기공(주),서경도,경기,평택15-10-2,7140,956,5737,378,68,2340,3
기계설비,기계설비·가스공사업,6814,(주)태일기공,이원기,경남,김해 2014-10-04,9292,5415,2858,631,386,8085,5
기계설비,기계설비·가스공사업,6815,(주)태일이엔지,홍성민,경기,안산2011-23-4,2872,1081,1208,505,77,1731,4
기계설비,기계설비·가스공사업,6816,(주)태일테크,"이광석, 양용승",전남광주,광양2011-10-01,1031,232,530,252,16,454,2
기계설비,기계설비·가스공사업,6817,(주)태정그룹,김태훈,인천,인천서구2022-파-01,215,92,35,87,0,0,5
기계설비,기계설비·가스공사업,6818,태정에너지산업(주),전효정,충북,서울76-12-58,5844,1833,2925,901,183,2219,7
기계설비,기계설비·가스공사업,6819,(주)태정이앤씨,박정수,경북,경북칠곡2018-10-01,3894,1463,2092,276,62,999,2
기계설비,기계설비·가스공사업,6820,(주)태정종합건설,남은오,전남광주,광양2019-10-04,2772,30,900,1840,1,108,12
기계설비,기계설비·가스공사업,6821,(주)태정테크,맹철재,경기,부천-22-13-07,2313,632,1428,252,0,1126,2
기계설비,기계설비·가스공사업,6822,태주건설(주),이진희,강원,원주2026-파-02호,1367,0,523,844,0,0,6
기계설비,기계설비·가스공사업,6823,(주)태진산업,"이주원, 정연미",경북,안동2002-12-01,1117,136,241,726,13,99,5
기계설비,기계설비·가스공사업,6824,(주)태진이에스브이,이정석,경기,강남-07-12-14,35790,15189,18185,1331,1084,19482,5
기계설비,기계설비·가스공사업,6825,(주)태진이엔씨,이우연,경기,수원2020-10-06,2321,244,1416,650,10,0,5
기계설비,기계설비·가스공사업,6826,(주)태진이엔에스,박희근,대전,대전중구-16-23-01,1441,551,486,378,23,732,3
기계설비,기계설비·가스공사업,6827,(주)태창공영,김동오,충북,충북청주제05-27-01-5,6697,3195,2087,1095,319,4335,8
기계설비,기계설비·가스공사업,6828,태창기계(주),임병남,강원,동해2022-파-04,9054,2976,5812,264,0,2761,2
기계설비,기계설비·가스공사업,6829,태창산업,이봉호,부산,부산강서2023-파-04호,638,131,190,315,0,455,2
기계설비,기계설비·가스공사업,6830,(주)태창이엔지,곽태영,경남,고성 2017-10-01,1405,0,900,505,0,0,4
기계설비,기계설비·가스공사업,6831,(주)태평양에너텍,장희숙,전북,전북전주2008-10-1,5488,2542,2367,397,181,3945,3
기계설비,기계설비·가스공사업,6832,(주)태평이앤지,이산수,충남,대전중구-07-27-1-1,7276,2822,3492,759,201,4076,6
기계설비,기계설비·가스공사업,6833,태한산업(주),안용수,전남광주,광주남98-27-01-02,997,135,212,635,13,231,5
기계설비,기계설비·가스공사업,6834,(주)태현기공,윤현수,대전,대전-99-12-18,4162,1703,1783,505,170,2857,4
기계설비,기계설비·가스공사업,6835,(주)태현에너지건설,이건남,전남광주,광주서2010-23-02,5028,3206,960,631,229,2856,5
기계설비,기계설비·가스공사업,6836,(주)태현이엔지,박영철,부산,부산북구제2008-23-01,2595,1353,366,778,96,3280,6
기계설비,기계설비·가스공사업,6837,(주)태현종합개발,김도연,인천,인천강화2018-10-02,2652,325,1792,520,13,431,4
기계설비,기계설비·가스공사업,6838,(주)태형이투,"박동수, 장미자",서울,종로-01-12-5,828,297,247,252,29,279,2
기계설비,기계설비·가스공사업,6839,(주)태형테크,김형남,서울,서초-03-12-8,3147,1452,957,592,145,516,4
기계설비,기계설비·가스공사업,6840,(주)태호건설,김미숙,경북,영천2017-10-02,1724,405,731,570,17,473,4
기계설비,기계설비·가스공사업,6841,태호이엔지(주),박교진,인천,여수2014-10-12,5314,2980,1372,663,298,4363,4
기계설비,기계설비·가스공사업,6842,(주)태화산업,차준오,전남광주,여수-24-파-09,1154,0,900,254,0,0,2
기계설비,기계설비·가스공사업,6843,(주)태화산업,송영길,경북,경북포항2018-10-02,894,422,200,252,18,763,2
기계설비,기계설비·가스공사업,6844,(주)태화설비,"남우현, 손준형",울산,울산99-12-14,5464,3030,1811,318,303,3689,2
기계설비,기계설비·가스공사업,6845,(주)태화엔지니어링,황현철,경북,경북안동2012-23-02,4014,697,2506,760,49,708,6
기계설비,기계설비·가스공사업,6846,(주)태화이엔아이,박정호,경기,화성24-파-20,258,137,52,68,0,278,2
기계설비,기계설비·가스공사업,6847,(주)태화인더스트리,김성문,서울,서초-98-12-16,46285,6110,36660,2904,611,7740,23
기계설비,기계설비·가스공사업,6848,(주)태화전력,김해진,부산,부산사상23-파-3,2752,524,1703,524,0,1050,4
기계설비,기계설비·가스공사업,6849,태화전력(주),이태규,인천,인천부평구2025-13-05,1236,77,900,259,0,110,2
기계설비,기계설비·가스공사업,6850,태화플랜트(주),이종희,경기,금천-05-27-1-1,1942,576,673,635,57,1099,5
기계설비,기계설비·가스공사업,6851,(주)태환,정성민,경남,함양 2020-10-01,1990,655,927,378,28,588,3
기계설비,기계설비·가스공사업,6852,태환시스템,권이준,부산,부산연제2020-10-03,923,287,370,252,12,696,2
기계설비,기계설비·가스공사업,6853,(주)태황건설,전은태,경기,강북98-27-1-6,2160,530,944,631,53,638,5
기계설비,기계설비·가스공사업,6854,태흥개발(주),김성수,대구,대구99-12-254,4676,2003,1884,587,200,2244,4
기계설비,기계설비·가스공사업,6855,태흥브에이비(주),박상태,경기,안양-17-10-06,568,216,168,174,9,104,2
기계설비,기계설비·가스공사업,6856,태흥산업,송준대,대구,대구달성군2021-10-03호,825,405,167,252,0,411,2
기계설비,기계설비·가스공사업,6857,(주)태흥산업,"김진석, 최월선",경북,경북경주2025-파-02,489,73,163,252,0,104,2
기계설비,기계설비·가스공사업,6858,(주)태흥플랜트,권영춘,서울,영등포-02-12-1,13408,3161,9426,505,316,4108,4
기계설비,기계설비·가스공사업,6859,(주)터보이엔지,조정순,충남,충남금산-2008-10-1,12564,2595,8377,1406,185,2863,10
기계설비,기계설비·가스공사업,6860,테라이엔이(주),안명찬,충남,충남천안-2013-10-12,1358,409,288,631,29,159,5
기계설비,기계설비·가스공사업,6861,(주)테라젠테크,채희술,경기,서울92-12-153,3154,1672,556,757,167,1748,6
기계설비,기계설비·가스공사업,6862,테랑테크,강성복,경남,양산22-파-02,693,349,138,206,0,322,3
기계설비,기계설비·가스공사업,6863,(유)테마아이디시,이춘성,전북,전북전주2010-10-2,1990,360,1206,397,25,760,3
기계설비,기계설비·가스공사업,6864,(주)테바이엔씨,김춘식,서울,강남-25-파-04호,630,85,419,126,0,121,1
기계설비,기계설비·가스공사업,6865,(주)테스글로벌,고강용,울산,울산남구2010-10-05,4671,2467,1295,732,176,4413,5
기계설비,기계설비·가스공사업,6866,(주)테스코리아,박훈웅,경기,안산-24-파-002,1051,653,0,397,0,1142,3
기계설비,기계설비·가스공사업,6867,테크노빌리지(주),유인목,경기,서초-11-10-03,529,98,169,254,7,184,2
기계설비,기계설비·가스공사업,6868,(주)테크윈,정붕익,충북,청주제01-12-6,17723,2234,13140,2124,223,4423,5
기계설비,기계설비·가스공사업,6869,(주)테크윈시스템,김래진,경기,성남16-10-2,289,184,0,92,13,0,1
기계설비,기계설비·가스공사업,6870,(주)테힐라,김재영,대구,대구동구2020-10-2호,2006,1180,184,591,50,2287,5
기계설비,기계설비·가스공사업,6871,(주)텍코,최성식,경기,안산2021-10-02,2684,1794,636,252,0,2332,2
기계설비,기계설비·가스공사업,6872,(주)텔콤,정광식,대전,대전서구-21-10-1,1758,282,1193,281,0,701,2
기계설비,기계설비·가스공사업,6873,(주)토광이앤씨,심재관,충북,충북청주제12-23-01,728,221,112,378,15,353,3
기계설비,기계설비·가스공사업,6874,토국기업,이영주,부산,울산중구2013-10-03,868,210,327,315,15,506,2
기계설비,기계설비·가스공사업,6875,(주)토리시스,장영우,서울,하남2021-10-02,25307,14366,10304,637,0,22367,3
기계설비,기계설비·가스공사업,6876,(주)토메인,김광중,전남광주,여수2004-12-01,3948,2246,486,990,224,2850,6
기계설비,기계설비·가스공사업,6877,토문이엔씨(주),김일규,경기,연천2016-10-02,3727,341,2047,1323,14,648,9
기계설비,기계설비·가스공사업,6878,(주)토비이앤지,김성재,경기,안산2016-10-05,214,139,0,69,5,0,1
기계설비,기계설비·가스공사업,6879,토수종합건설(주),김애리,경기,화성21-23-06,2751,0,900,1851,0,0,5
기계설비,기계설비·가스공사업,6880,(주)토인건설,고상훈,경기,성남-2001-12-7,2584,302,1815,437,30,122,3
기계설비,기계설비·가스공사업,6881,(주)토진,박종석,인천,계양-22-파-004,676,279,141,256,0,496,2
기계설비,기계설비·가스공사업,6882,토탈산업(주),최한주,전남광주,순천2019-10-02,13416,8411,2997,1163,843,9086,7
기계설비,기계설비·가스공사업,6883,(주)토탈실드솔루션,이상민,인천,인천서구2017-10-04,2308,1406,716,126,60,2404,1
기계설비,기계설비·가스공사업,6884,(주)토탈이엔지,김수경,충북,충주2015-10-1,1163,469,402,258,33,358,2
기계설비,기계설비·가스공사업,6885,(주)토퍼스엔지니어링,강전구,서울,영등포-05-12-2,29715,11975,14783,1755,1201,20777,12
기계설비,기계설비·가스공사업,6886,(주)토평이앤디,권민수,서울,강남-17-10-02,1829,734,810,252,31,1060,2
기계설비,기계설비·가스공사업,6887,통상설비,박정학,경북,경북칠곡2001-12-01,1147,214,494,416,21,14,3
기계설비,기계설비·가스공사업,6888,(주)투데이,최인호,대전,하남2019-10-02,3046,860,1993,155,36,616,1
기계설비,기계설비·가스공사업,6889,투엔에스(주),"최희석, 안성희",부산,부산금정2014-10-02,9194,1987,6684,380,141,2574,3
기계설비,기계설비·가스공사업,6890,투원퓨어텍(주),이동규,경기,부천-20-10-07,2760,608,1361,764,26,686,5
기계설비,기계설비·가스공사업,6891,투윈건설(주),김인수,서울,충북청주-03-27-1-1,1058,300,348,378,30,525,3
기계설비,기계설비·가스공사업,6892,(주)투윈스컴,박성하,서울,성동22-파-02,5428,640,3844,943,0,1238,5
기계설비,기계설비·가스공사업,6893,(주)트러스트에이엔씨,이준우,서울,강서-22-파-03,1467,69,900,498,0,196,3
기계설비,기계설비·가스공사업,6894,(주)트레이스,고영애,전북,전북완주-2025-파-01호,1040,531,237,271,0,759,2
기계설비,기계설비·가스공사업,6895,트레인공조(주),김진기,경기,성남17-10-2,2113,246,1478,378,10,474,3
기계설비,기계설비·가스공사업,6896,트레인코리아(주),정수비,서울,서초-00-12-12,4447,2698,129,1349,269,1027,17
기계설비,기계설비·가스공사업,6897,트루만(주),정성진,서울,영등포-16-10-03,7216,1486,5375,290,63,2016,2
기계설비,기계설비·가스공사업,6898,트리코시스템(주),최승옥,서울,서초-19-10-07,4028,3398,230,252,146,4813,2
기계설비,기계설비·가스공사업,6899,트윈이앤씨(주),김경식,울산,울산중구2008-10-02,18619,6984,10884,252,498,11346,2
기계설비,기계설비·가스공사업,6900,특광방재(주),정현기,대전,대전유성-2012-10-4,492,166,61,252,11,79,2
기계설비,기계설비·가스공사업,6901,티디에프(주),"안소영, 김동욱",인천,인천서구2019-10-16,1793,454,940,378,19,289,3
기계설비,기계설비·가스공사업,6902,티디이엔텍(주),강신문,울산,울산울주2013-10-23,21367,15622,3363,1266,1115,14553,2
기계설비,기계설비·가스공사업,6903,(주)티시스,이재석,서울,중구-15-10-01,5285,86,900,4292,6,0,23
기계설비,기계설비·가스공사업,6904,티씨씨엔지니어링(주),이상구,경북,경북포항2014-10-09,2063,77,79,1900,5,176,14
기계설비,기계설비·가스공사업,6905,(주)티씨엘,최익한,대구,대구달성군2020-10-01호,0,0,0,0,0,0,2
기계설비,기계설비·가스공사업,6906,(주)티아이씨,장동식,경기,하남2008-10-3,4489,2509,185,1611,182,4073,11
기계설비,기계설비·가스공사업,6907,(주)티앤드에스,서정태,경남,고성2018-10-03,2144,1082,589,426,46,1669,3
기계설비,기계설비·가스공사업,6908,(주)티앤이,김충곤,서울,금천-16-10-06,1167,289,480,385,12,390,3
기계설비,기계설비·가스공사업,6909,(주)티앤제이,주봉경,경북,경북청도2021-10-8,1893,290,706,895,0,497,7
기계설비,기계설비·가스공사업,6910,(주)티앤티,정순미,대구,달성군2013-10-1,794,191,337,252,13,323,2
기계설비,기계설비·가스공사업,6911,(주)티앤티온,신광섭,서울,용산2019-10-03,3902,3228,409,126,138,4407,1
기계설비,기계설비·가스공사업,6912,(주)티에스,강경오,경기,안양-07-12-5,4194,2216,1440,378,158,4881,3
기계설비,기계설비·가스공사업,6913,티에스산업(주),김미성,경남,사천2018-10-2,1909,324,1318,252,13,466,2
기계설비,기계설비·가스공사업,6914,(주)티에스에너지,이상현,전북,전북전주2012-10-3,2961,717,1776,416,51,1056,3
기계설비,기계설비·가스공사업,6915,(주)티에스이,이웅희,경기,화성20-10-33,7792,3141,4176,339,134,4995,2
기계설비,기계설비·가스공사업,6916,(주)티에스이엔지,곽지희,대전,대전동구-2024-파21-4,1321,405,625,290,0,705,2
기계설비,기계설비·가스공사업,6917,티에스지디피(주),이석주,경기,화성16-10-13,13537,6473,6281,505,277,9216,4
기계설비,기계설비·가스공사업,6918,(주)티에스피,신성민,울산,경남-96-12-15,1168,77,704,378,7,0,3
기계설비,기계설비·가스공사업,6919,(주)티에스한영,이혜영,경기,안산-26-파-08호,1783,0,900,883,0,0,7
기계설비,기계설비·가스공사업,6920,(주)티에이씨솔루션,김진의,서울,서초-05-12-12,4587,592,3556,378,59,286,3
기계설비,기계설비·가스공사업,6921,티에이에스(주),신정현,전남광주,순천2009-10-03,1469,1129,0,258,80,2213,2
기계설비,기계설비·가스공사업,6922,(주)티에이치인더스,나채인,충남,충남아산2024-13-07호,4404,2908,991,505,0,2838,4
기계설비,기계설비·가스공사업,6923,(주)티엘엔지니어링,서충옥,경기,영등포-04-12-10,6017,4732,558,252,473,5663,2
기계설비,기계설비·가스공사업,6924,티엘엔지니어링(주),김태훈,부산,부산수영2011-10-01,3270,210,1260,1785,15,469,12
기계설비,기계설비·가스공사업,6925,(유)티엘테크,이명희,전북,전북군산2019-10-06,3218,1271,725,1167,54,1657,9
기계설비,기계설비·가스공사업,6926,티엠디이엔지(주),김명환,경기,안산2008-10-7,1144,138,433,561,10,172,4
기계설비,기계설비·가스공사업,6927,(주)티엠에스,이동진,부산,동래-2001-12-5,2526,1025,954,443,102,1110,3
기계설비,기계설비·가스공사업,6928,(주)티엠엔지,김남표,전북,전북군산2001-12-7,3779,486,2916,328,48,875,2
기계설비,기계설비·가스공사업,6929,(주)티엠이씨,윤한철,울산,울산울주2014-10-30,1348,412,112,793,29,431,6
기계설비,기계설비·가스공사업,6930,(주)티엠케이플랜트,"이지현, 최종현",경기,평택-22-파-006,3762,2075,1196,489,0,2166,3
기계설비,기계설비·가스공사업,6931,티엠테크,박선희,전북,전북군산2015-10-01,883,207,407,252,14,328,2
기계설비,기계설비·가스공사업,6932,티와이(주),설세혁,전남광주,순천2022-차-04,720,477,4,238,0,155,5
기계설비,기계설비·가스공사업,6933,(주)티와이이앤씨,이태연,경기,시흥-23-파-129,588,180,155,252,0,88,2
기계설비,기계설비·가스공사업,6934,(주)티원엔지니어링,조성은,경기,관악-04-12-3,0,0,0,0,0,0,2
기계설비,기계설비·가스공사업,6935,(주)티원이엔지,곽동훈,경기,안양-23-파-07,1901,852,796,252,0,418,2
기계설비,기계설비·가스공사업,6936,(주)티이씨,정두섭,울산,울산99-12-10,3415,2278,0,908,227,2327,7
기계설비,기계설비·가스공사업,6937,(주)티이엔,김태원,충북,인천남동04-12-03,14939,7468,6065,658,746,20000,5
기계설비,기계설비·가스공사업,6938,(주)티이엔지니어링,박태선,경기,고양2013-10-7,6263,1485,3434,1236,106,2066,9
기계설비,기계설비·가스공사업,6939,(주)티제이에이글로벌,김태완,전남광주,광주북2020-10-04,1534,435,828,252,18,63,2
기계설비,기계설비·가스공사업,6940,티제이엔테크,허영웅,강원,원주2019-10-03호,943,242,438,252,10,262,2
기계설비,기계설비·가스공사업,6941,티제이이엔씨(주),안춘희,부산,부산남구2019-10-02,2380,598,1327,429,25,739,3
기계설비,기계설비·가스공사업,6942,(주)티제이테크,"박태진, 조연서",서울,중랑-21-10-01,1778,390,1135,252,0,497,2
기계설비,기계설비·가스공사업,6943,(주)티젠,홍현성,인천,인천부평구2014-10-01,4376,3447,430,252,246,3456,2
기계설비,기계설비·가스공사업,6944,티지디산업(주),이시윤,충남,부산남구2009-10-01,709,8,447,252,0,14,2
기계설비,기계설비·가스공사업,6945,(주)티지테크,장재훈,경북,경북포항2005-12-06,13300,10765,978,480,1076,271,3
기계설비,기계설비·가스공사업,6946,티케이지우당(주),임홍석,경기,서울12-52,3164,1330,1201,499,133,1927,3
기계설비,기계설비·가스공사업,6947,(주)티팩토리,최형석,서울,성동25-파-01,402,0,149,252,0,0,2
기계설비,기계설비·가스공사업,6948,티피에스코리아(주),윤준석,전남광주,광주광산2016-10-02,0,0,0,0,0,0,5
기계설비,기계설비·가스공사업,6949,(주)파나링크이에스,김관유,서울,마포14-10-01,1486,422,617,416,30,854,3
기계설비,기계설비·가스공사업,6950,(주)파노텍,정광우,부산,성남13-10-4,13,8,0,4,0,0,2
기계설비,기계설비·가스공사업,6951,(주)파라텍,박창기,인천,인천연수2013-10-01,1437,739,353,290,53,487,2
기계설비,기계설비·가스공사업,6952,(주)파라텍,박선기,충남,경기-12-8,8965,3214,2093,3336,321,1743,11
기계설비,기계설비·가스공사업,6953,(주)파란빌트인,이정민,서울,성동14-10-04,10504,6898,2570,543,492,5269,4
기계설비,기계설비·가스공사업,6954,(주)파워엔지니어링,김진만,경기,성남15-10-7,1073,132,900,31,9,173,0
기계설비,기계설비·가스공사업,6955,(주)파워엠엔씨,전재영,경남,부산동래2011-10-01,2914,1801,566,416,129,1354,3
기계설비,기계설비·가스공사업,6956,(주)파이런텍,이병길,서울,이천02-12-02,24845,8268,12142,3593,841,14662,24
기계설비,기계설비·가스공사업,6957,(주)파이프텍코리아,박영서,충북,충주2006-12-03,0,0,0,0,0,0,1
기계설비,기계설비·가스공사업,6958,(주)파인이컨텍,백광호,전남광주,전남영광2010-10-01,1624,233,1117,256,16,411,2
기계설비,기계설비·가스공사업,6959,(주)파인텍,"장석준, 노영석",경기,화성08-23-3,218146,36818,173941,4756,2629,53055,6
기계설비,기계설비·가스공사업,6960,(주)파인티엠이,안경법,서울,송파-21-10-06,10242,5235,3902,1102,1,4088,8
기계설비,기계설비·가스공사업,6961,(주)파코코리아인더스,송재혁,서울,성동-10-10-01,5452,1964,2842,505,140,1138,4
기계설비,기계설비·가스공사업,6962,(주)파트너스다온,안석준,서울,광주동2018-10-01,2464,1117,939,358,47,1188,2
기계설비,기계설비·가스공사업,6963,(주)팔공이앤씨,이미연,대구,대구동구-23-파-03호,757,167,318,271,0,342,2
기계설비,기계설비·가스공사업,6964,팔도건설(주),남현주,대구,수성구2009-12-05,11178,3536,6565,824,252,6052,5
기계설비,기계설비·가스공사업,6965,(주)팔마공조,이희철,전남광주,순천2014-10-01,3030,1299,712,925,93,1286,7
기계설비,기계설비·가스공사업,6966,(주)퍼맥스,김기운,경기,안산2018-10-02,1523,377,624,505,16,648,4
기계설비,기계설비·가스공사업,6967,퍼스텍(주),이영미,전남광주,여수2006-12-06,4091,1302,2443,252,93,1231,2
기계설비,기계설비·가스공사업,6968,퍼스트디앤씨(주),이준성,경기,화성22-파-18,3426,436,2616,373,0,853,2
기계설비,기계설비·가스공사업,6969,(주)퍼스트산업개발,윤치호,경기,의왕2021-10-05,8358,2351,5626,378,0,1733,3
기계설비,기계설비·가스공사업,6970,(주)퍼스트이엔지,이춘식,경기,안양-22-파-13,2157,254,1524,378,0,635,3
기계설비,기계설비·가스공사업,6971,퍼스트이엔지,김영섭,전북,전북전주2021-10-4,975,315,281,378,0,392,3
기계설비,기계설비·가스공사업,6972,(주)퍼스트플랜트,정형래,울산,울산울주2020-10-06,2043,1248,366,376,53,2735,2
기계설비,기계설비·가스공사업,6973,퍼펙트기계정비(주),신일재,전남광주,여수2019-10-10,9878,3320,5910,505,142,4247,4
기계설비,기계설비·가스공사업,6974,페이스이앤씨(주),박복남,전남광주,여수-25-파-03,564,0,312,252,0,0,2
기계설비,기계설비·가스공사업,6975,(주)펜퍼스픽,박순애,전남광주,광주동2015-10-03,985,359,347,252,25,660,2
기계설비,기계설비·가스공사업,6976,(주)평강건설,최기성,울산,울산중구2002-12-01,765,219,19,505,21,254,4
기계설비,기계설비·가스공사업,6977,(주)평강이엔지,김경희,충북,충북영동11-10-1,2341,395,1656,260,28,970,2
기계설비,기계설비·가스공사업,6978,(주)평산건설,정옥교,강원,원주2020-10-01호,5548,761,4471,281,32,487,2
기계설비,기계설비·가스공사업,6979,(주)평성이엔지,강영준,경기,안성 2019-23-1,2822,625,1790,378,26,660,3
기계설비,기계설비·가스공사업,6980,평우이엔씨(주),한진숙,대전,대전대덕-22-13-02,1112,308,425,378,0,281,3
기계설비,기계설비·가스공사업,6981,(주)평원종합건설,정도화,경남,진주2020-10-07,2316,149,900,1261,6,235,8
기계설비,기계설비·가스공사업,6982,(주)평창경동건설,경금주,강원,평창2007-12-08,900,303,322,252,21,834,2
기계설비,기계설비·가스공사업,6983,(주)평창에너지,권혜경,강원,종로-06-27-1-2,1473,468,465,505,33,1541,4
기계설비,기계설비·가스공사업,6984,(주)평화기계,고경운,경기,군포제16-27,3985,1121,2090,661,112,2147,5
기계설비,기계설비·가스공사업,6985,평화설비(주),박동준,충남,충남아산-2017-10-01,1855,374,957,507,16,583,4
기계설비,기계설비·가스공사업,6986,(주)평화이앤씨,김태우,대구,대구수성구15-23-1호,828,232,245,333,16,133,3
기계설비,기계설비·가스공사업,6987,평화이엔지(주),"황기평, 김수미",경기,구로-06-27-1-1,1491,413,669,378,29,532,3
기계설비,기계설비·가스공사업,6988,(주)평화전력,김형준,대구,대구달서구2010-10-1,4482,887,3132,398,63,755,3
기계설비,기계설비·가스공사업,6989,(주)평화플랜트,이정철,대구,대구서구2013-10-3,2636,1924,0,572,138,2621,4
기계설비,기계설비·가스공사업,6990,(주)포그마스터,"주재희, 최한길",인천,인천남동20-10-05,1262,322,544,381,13,600,3
기계설비,기계설비·가스공사업,6991,포스낙(주),김유동,전남광주,광양23-파-07,2432,1993,186,252,0,1040,2
기계설비,기계설비·가스공사업,6992,포스마텍(주),정재호,경북,경북포항2015-10-03,3628,2496,322,631,178,3446,5
기계설비,기계설비·가스공사업,6993,(주)포스원종합설비,김민성,경남,창원2008-10-07,6485,1094,4912,400,78,1548,3
기계설비,기계설비·가스공사업,6994,포스인(주),김명상,경기,시흥-2003-12-1,2167,712,580,803,71,990,4
기계설비,기계설비·가스공사업,6995,(주)포스지원,엄성우,경북,금천-97-12-1,1903,1157,360,269,115,967,2
기계설비,기계설비·가스공사업,6996,(주)포스코디엑스,심민석,경북,경북포항2012-10-01,4737,0,0,4737,0,0,5
기계설비,기계설비·가스공사업,6997,(주)포스코엠텍,김진보,경북,경북포항2006-12-05,22,0,0,22,0,0,2
기계설비,기계설비·가스공사업,6998,(주)포스코와이드,김원희,서울,강남-09-10-15,1160,7,900,252,0,0,2
기계설비,기계설비·가스공사업,6999,(주)포스코이앤씨,송치영,경북,경북포항98-27-1-1,180277,0,900,179377,0,0,765
기계설비,기계설비·가스공사업,7000,(주)포스코지와이솔루션,이영걸,전남광주,광양23-파-03,1165,257,325,581,0,315,5
기계설비,기계설비·가스공사업,7001,(주)포스코지와이알테크,정훤우,전남광주,광양23-파-04,4584,1274,2432,877,0,271,5
기계설비,기계설비·가스공사업,7002,(주)포스코지와이에스테크,정우영,전남광주,광양23-파-05,7193,4351,1823,1019,0,1074,8
기계설비,기계설비·가스공사업,7003,(주)포스코피알테크,박상욱,경북,경북포항2023-파-10,3002,1764,256,982,0,0,34
기계설비,기계설비·가스공사업,7004,(주)포스코피에스테크,김상백,경북,경북포항2023-파-11,4556,511,3066,979,0,0,7
기계설비,기계설비·가스공사업,7005,(주)포스코피에이치솔루션,이형진,경북,경북포항2023-파-14,50,0,0,50,0,0,8
기계설비,기계설비·가스공사업,7006,(주)포스테코,정은영,부산,부산강서2007-12-03,2565,286,1716,543,20,868,4
기계설비,기계설비·가스공사업,7007,포스텍에너지(주),나혜원,경북,대구수성구2010-12-01,2993,1216,1226,463,86,1977,3
기계설비,기계설비·가스공사업,7008,포시즌공조설비(주),김성환,경북,경북구미2008-10-05,3152,1407,1354,290,100,1610,2
기계설비,기계설비·가스공사업,7009,포시즌시스템(주),신채연,서울,광진-23-파-18,1548,566,730,252,0,776,2
기계설비,기계설비·가스공사업,7010,(주)포앤티,강치구,경기,군포2013-10-7,0,0,0,0,0,0,2
기계설비,기계설비·가스공사업,7011,(주)포에니코리아,김학송,경기,안성2020-10-0005,322,102,32,183,4,246,2
기계설비,기계설비·가스공사업,7012,(주)포웰,임채현,경북,경북포항2012-10-05,0,0,0,0,0,0,2
기계설비,기계설비·가스공사업,7013,(주)포위스,백상화,경기,화성17-10-01,6457,1448,4567,378,62,2807,3
기계설비,기계설비·가스공사업,7014,(유)포유,이강식,대전,담양2018-10-02,7732,4289,1978,1281,183,8090,6
기계설비,기계설비·가스공사업,7015,(주)포텍에너지,이훈희,서울,서초-24-파-02,1028,69,707,252,0,19,2
기계설비,기계설비·가스공사업,7016,폴그린테크(주),"정윤범, 정윤성",인천,인천서구2021-10-08,1037,390,268,378,0,574,3
기계설비,기계설비·가스공사업,7017,(주)표림이엔지,김희태,충북,충북음성 21-10-3,749,268,208,273,0,401,2
기계설비,기계설비·가스공사업,7018,(유)푸른가스건설,송월호,전북,전북군산2015-23-01,1579,620,364,549,44,771,5
기계설비,기계설비·가스공사업,7019,(주)푸른공조,이종운,전남광주,광주서2007-12-03,2734,1219,1141,286,87,2414,2
기계설비,기계설비·가스공사업,7020,(유)푸른공조시스템,조영남,전남광주,목포2023-파-01,1351,260,838,252,0,546,2
기계설비,기계설비·가스공사업,7021,(주)푸른이엔지,서상훈,경북,경북포항2015-10-10,2779,1373,1055,252,98,2601,2
기계설비,기계설비·가스공사업,7022,(주)푸른이엔지,박근호,제주,제주 제주2008-10-03,2182,327,1433,397,23,409,3
기계설비,기계설비·가스공사업,7023,(주)푸른환경건설,우성희,서울,동대문-22-파-03,2981,491,1571,918,0,919,7
기계설비,기계설비·가스공사업,7024,(주)푸른환경이엔지,구석본,경남,김해2020-10-08,2292,552,1306,409,23,875,2
기계설비,기계설비·가스공사업,7025,(주)풀문,김기완,경북,강남-18-10-11,2945,379,2277,272,16,1048,2
기계설비,기계설비·가스공사업,7026,(유)풍남건업,이영길,전북,전북-12-101,1098,310,230,525,31,700,4
기계설비,기계설비·가스공사업,7027,(주)풍림공조시스템,전용덕,서울,금천-17-10-07,22195,12925,6882,1834,553,14465,13
기계설비,기계설비·가스공사업,7028,풍림산업(주),지우종,서울,강남-98-27-1-6,5315,0,900,4415,0,0,22
기계설비,기계설비·가스공사업,7029,(유)풍산건설,박정근,전북,전북-12-76,1932,658,675,533,66,1019,4
기계설비,기계설비·가스공사업,7030,(주)풍성,최형갑,울산,울산울주2012-10-11,4664,3067,870,505,220,3527,4
기계설비,기계설비·가스공사업,7031,(주)풍성엔텍,최점수,경기,화성25-파-17호,308,0,56,252,0,0,2
기계설비,기계설비·가스공사업,7032,(합)풍암건설,김헌영,대전,대전중구-19-10-02,4068,375,2254,1421,16,111,10
기계설비,기계설비·가스공사업,7033,(주)풍양기업,박경민,전남광주,전남고흥2017-10-01,1317,203,851,253,8,410,2
기계설비,기계설비·가스공사업,7034,풍양중전기산업,조용운,경기,광주22-파-01,130,51,33,45,0,15,2
기계설비,기계설비·가스공사업,7035,(주)풍원기공,변성준,부산,부산진-99-12-01,8767,2930,4124,1418,293,3599,10
기계설비,기계설비·가스공사업,7036,(주)풍원종합건설,송은하,충북,충북단양06-12-01,2802,357,2145,274,25,190,2
기계설비,기계설비·가스공사업,7037,풍천건설(주),임내현,경기,양산 2007-27-1-01,939,223,321,378,15,340,3
기계설비,기계설비·가스공사업,7038,(주)퓨처테크놀러지,안상옥,서울,용산2013-10-01,5428,1461,3168,695,104,4827,5
기계설비,기계설비·가스공사업,7039,(주)퓨쳐아이넷,이진화,서울,영등포19-10-04,743,395,78,252,16,385,2
기계설비,기계설비·가스공사업,7040,프라임건설(주),김옥자,강원,횡성 2014-11-01,1186,226,690,253,16,503,2
기계설비,기계설비·가스공사업,7041,(주)프라임시스템,김용석,전남광주,광주북2003-12-03,1147,226,519,379,22,500,3
기계설비,기계설비·가스공사업,7042,프라임이엔씨(주),김회택,서울,강서-07-12-3,9684,3133,2925,3401,223,2855,17
기계설비,기계설비·가스공사업,7043,(주)프렉매닉,전화숙,서울,성북-09-10-01,280,23,82,172,1,0,2
기계설비,기계설비·가스공사업,7044,(주)프로그,신태경,충북,충북청주 23-파-12,215,22,90,102,0,81,3
기계설비,기계설비·가스공사업,7045,(주)플래닝에프,이용,대전,대전동구-2018-10-11,2344,904,1134,267,38,874,2
기계설비,기계설비·가스공사업,7046,(주)플랜텍,하태형,경북,1-F-6,46032,24978,9026,9529,2497,15594,4
기계설비,기계설비·가스공사업,7047,(주)플랜트코리아,황계숙,경남,창원의창2015-10-01,1048,416,349,252,29,658,2
기계설비,기계설비·가스공사업,7048,(주)플러스엔지니어링,고창수,경북,경북구미2013-10-2,2209,589,1198,378,42,220,3
기계설비,기계설비·가스공사업,7049,플러스이앤씨(주),김세호,경북,경북경산2007-12-1,2164,982,847,264,70,463,2
기계설비,기계설비·가스공사업,7050,플러스이엔지,변희영,경기,용인-24-파-05,342,91,105,145,0,136,2
기계설비,기계설비·가스공사업,7051,(주)플러스현림,이은희,경기,성남18-10-4,2133,682,1140,281,29,2159,2
기계설비,기계설비·가스공사업,7052,(주)플렛디스,권병헌,경남,창원진해2025-파-03,1278,0,900,378,0,0,3
기계설비,기계설비·가스공사업,7053,(주)피노,박창호,전남광주,장성-24-파-01,1152,0,900,252,0,0,2
기계설비,기계설비·가스공사업,7054,(주)피디텍,"박진완, 소재두",전남광주,광양2011-10-02,14438,8495,4321,1014,606,15448,8
기계설비,기계설비·가스공사업,7055,(주)피레타,최현선,대전,대전유성-2024-파-1,0,0,0,0,0,0,3
기계설비,기계설비·가스공사업,7056,(주)피아이,장은정,전남광주,광주북-23-파-03,1460,118,900,441,0,238,3
기계설비,기계설비·가스공사업,7057,피알기술(주),이행운,대전,대전서구-21-10-3,1717,630,643,444,0,1254,3
기계설비,기계설비·가스공사업,7058,피앤라인(주),문광수,충남,충남보령-2009-10-03,6051,2179,3336,379,156,4342,3
기계설비,기계설비·가스공사업,7059,(주)피앤시코퍼레이션,최기범,서울,금천-21-10-06,3767,1719,1253,793,0,4301,5
기계설비,기계설비·가스공사업,7060,(주)피앤씨,이남구,경기,안산2020-10-06,921,113,320,482,4,405,3
기계설비,기계설비·가스공사업,7061,피앤씨테크(주),윤남선,경기,안양-21-10-16,70,32,0,38,0,0,2
기계설비,기계설비·가스공사업,7062,(주)피앤에스,최길호,강원,삼척2024-파-02호,1246,0,545,701,0,0,7
기계설비,기계설비·가스공사업,7063,(주)피앤에스이엔지,박달수,서울,금천-12-10-06,3092,1046,1573,397,74,2779,3
기계설비,기계설비·가스공사업,7064,(주)피앤에스테크,신동선,경기,부천-15-10-005,3349,970,1805,505,69,1403,4
기계설비,기계설비·가스공사업,7065,(주)피앤엘,신관우,경남,사천2017-10-2,252,158,8,79,6,127,11
기계설비,기계설비·가스공사업,7066,피앤케이,곽수권,전남광주,광양25-파-05,510,0,257,252,0,0,2
기계설비,기계설비·가스공사업,7067,(주)피앤케이파워시스,구본관,경기,화성17-23-04,25168,8091,15099,1631,346,22272,3
기계설비,기계설비·가스공사업,7068,(주)피앤티이엔지,천정남,경남,고성2015-10-01,409,110,38,252,7,215,2
기계설비,기계설비·가스공사업,7069,(주)피앤피,박광은,경북,경북포항2018-10-10,1294,93,900,297,4,146,2
기계설비,기계설비·가스공사업,7070,(주)피앤피개발,황인길,인천,인천남동23-파-04,807,68,612,126,0,0,1
기계설비,기계설비·가스공사업,7071,(주)피앤피플랜트,김경진,부산,부산기장2022-파-03,2340,1193,730,416,0,2266,3
기계설비,기계설비·가스공사업,7072,피에스산업(주),남지곤,울산,창녕2023-파-01,25,0,0,25,0,0,7
기계설비,기계설비·가스공사업,7073,피에스씨(주),박정준,대전,대전유성-2013-10-2,3167,2139,439,435,152,1139,3
기계설비,기계설비·가스공사업,7074,(주)피에스이,오규현,경남,창원2004-12-06,1457,47,900,505,4,169,4
기계설비,기계설비·가스공사업,7075,(주)피에스이에스,서동원,울산,울산울주-파-19,0,0,0,0,0,0,2
기계설비,기계설비·가스공사업,7076,(주)피에스지,박성걸,울산,울산울주2025-파-3,551,90,205,255,0,129,2
기계설비,기계설비·가스공사업,7077,(주)피엔제이테크,장영옥,경북,경북구미2012-10-06,3063,1575,1122,252,112,1762,2
기계설비,기계설비·가스공사업,7078,피엔케이(주),김영수,전북,전북군산2018-10-04호,1573,0,900,673,0,0,5
기계설비,기계설비·가스공사업,7079,피엔케이엔지니어링(주),권성중,경기,안양-07-12-4,6305,2993,2719,378,213,3882,3
기계설비,기계설비·가스공사업,7080,(주)피엘씨건설,김이중,서울,송파-06-12-17,673,100,250,315,7,287,2
기계설비,기계설비·가스공사업,7081,(주)피엘엠이씨,안종묵,충북,충북청주16-10-16,4068,1166,2338,512,50,1494,4
기계설비,기계설비·가스공사업,7082,(주)피엘테크코리아,이영철,경기,의왕2013-10-1,1205,31,900,271,2,113,2
기계설비,기계설비·가스공사업,7083,(유)피엠에너지,허창환,경기,하남2024-파-01,1027,333,441,252,0,872,2
기계설비,기계설비·가스공사업,7084,(주)피엠피,반창훈,충남,충남서산2024-13-02호,1457,14,900,543,0,37,4
기계설비,기계설비·가스공사업,7085,(주)피이에스,김무홍,경기,광주24-파-05,145,50,27,67,0,83,2
기계설비,기계설비·가스공사업,7086,(주)피지엠,박규팔,경북,경북포항2002-27-1-01,5594,3345,1406,507,334,4044,4
기계설비,기계설비·가스공사업,7087,(주)피케이지,이건재,경기,시흥-07-12-5,1206,50,900,252,3,124,2
기계설비,기계설비·가스공사업,7088,피티씨(주),양현탁,경북,경북포항2016-10-10,6401,4485,1116,606,193,5996,4
기계설비,기계설비·가스공사업,7089,(주)피티에이공조,박아론,경기,수원2020-10-03,1313,646,513,126,27,388,1
기계설비,기계설비·가스공사업,7090,피티케이(주),박기범,경기,화성10-10-12,1718,975,185,487,69,376,5
기계설비,기계설비·가스공사업,7091,(주)피플레인종합공조,홍주명,경기,부천-19-10-006,3381,2453,443,378,105,3885,3
기계설비,기계설비·가스공사업,7092,픽건설(주),박성만,경기,연천2021-10-02,1174,452,591,130,0,640,1
기계설비,기계설비·가스공사업,7093,(주)필드이엔지,서윤철,서울,동작 23-파-01,1114,374,487,252,0,992,2
기계설비,기계설비·가스공사업,7094,필드코어서비스솔루션즈인터내셔널엘엘씨,강문구,서울,강남-07-12-3,0,0,0,0,0,0,2
기계설비,기계설비·가스공사업,7095,필성건설(주),유순길,경기,전남12-62,7543,4225,1840,1053,423,5064,8
기계설비,기계설비·가스공사업,7096,(주)필우종합건설,김경태,인천,인천남동20-10-02,2777,227,1366,1173,9,249,6
기계설비,기계설비·가스공사업,7097,(주)핍스,배수경,경기,하남 2013-10-1,1160,0,900,260,0,0,2
기계설비,기계설비·가스공사업,7098,(주)하나가스엔지니어링,손용호,대전,대전대덕-99-27-5,973,154,415,378,24,165,3
기계설비,기계설비·가스공사업,7099,(유)하나개발,이병진,전북,전북완주2013-10-01,3366,440,2640,254,31,962,2
기계설비,기계설비·가스공사업,7100,(주)하나계전,차희찬,서울,중랑-19-10-02,1144,150,732,254,6,0,2
기계설비,기계설비·가스공사업,7101,하나공조시스템(주),홍기수,서울,서초-11-10-02,4931,2964,1503,252,211,5319,2
기계설비,기계설비·가스공사업,7102,하나공조시스템,김용태,경북,경북울진2020-10-01,425,54,167,200,2,132,2
기계설비,기계설비·가스공사업,7103,하나기계,이유복,경북,경북포항2025-파-07,902,203,446,252,0,291,2
기계설비,기계설비·가스공사업,7104,하나기계건설(주),이창희,강원,인천동구2019-10-03,1358,280,686,378,12,299,3
기계설비,기계설비·가스공사업,7105,(주)하나기업,김규용,경북,경북경주2015-10-02,1257,430,418,378,30,815,3
기계설비,기계설비·가스공사업,7106,하나기업(주),부석용,제주,제주 제주2008-10-01,5195,1299,3234,568,93,1365,4
기계설비,기계설비·가스공사업,7107,(주)하나로기업,정혁,전남광주,여수2021-10-11,1313,388,546,378,0,179,3
기계설비,기계설비·가스공사업,7108,하나로시스템(주),차경렬,전남광주,전남화순26-파-02,372,0,120,252,0,0,2
기계설비,기계설비·가스공사업,7109,하나로시스템공조,박병훈,강원,원주2008-10-01,1454,568,588,257,40,430,2
기계설비,기계설비·가스공사업,7110,하나로씨앤에스(주),박재덕,서울,영등포16-10-08,1301,715,303,252,30,841,2
기계설비,기계설비·가스공사업,7111,하나방재설비(주),장재문,인천,인천부평구2007-12-01,1461,168,1009,271,12,257,2
기계설비,기계설비·가스공사업,7112,(주)하나비젼씨스템즈,정연경,인천,인천연수구-23-파-4,10247,1387,8322,537,0,69,2
기계설비,기계설비·가스공사업,7113,(주)하나산업,양진일,경남,김해 2017-10-10,10719,4276,4857,1398,186,8884,9
기계설비,기계설비·가스공사업,7114,(유)하나산업개발,정덕일,전북,전북전주2005-12-5,3744,637,2347,694,63,524,5
기계설비,기계설비·가스공사업,7115,(주)하나설비,장부식,부산,부산연제2004-12-01,1719,840,376,418,84,276,3
기계설비,기계설비·가스공사업,7116,(주)하나설비,박영희,강원,춘천2013-10-01호,1390,245,749,378,17,117,3
기계설비,기계설비·가스공사업,7117,(주)하나솔루션,김숙정,경남,진주2019-10-06,900,261,374,252,11,391,2
기계설비,기계설비·가스공사업,7118,하나시스텍(주),안귀옥,부산,부산금정2007-12-03,1287,922,46,252,65,700,2
기계설비,기계설비·가스공사업,7119,하나에너텍,오충록,전남광주,담양2011-10-01,565,65,224,271,4,10,2
기계설비,기계설비·가스공사업,7120,(주)하나에어시스템,"신성배, 이현미",경기,고양2008-10-2,5080,1489,2979,505,106,2000,4
기계설비,기계설비·가스공사업,7121,(주)하나에코,김진태,경북,경북포항2021-10-03,842,0,570,271,0,0,2
기계설비,기계설비·가스공사업,7122,(주)하나에코테크,홍경,충북,평택-22-파-007,2243,815,1175,252,0,2083,2
기계설비,기계설비·가스공사업,7123,하나엔비텍(주),최경춘,경기,화성17-10-06,3173,2099,65,919,89,1665,7
기계설비,기계설비·가스공사업,7124,하나엔지니어링(주),"김태영, 이석열",대구,대구서구 2014-10-2호,2028,685,858,435,48,879,3
기계설비,기계설비·가스공사업,7125,하나엔지니어링,이순택,인천,인천남동22-파-04,2785,1341,1046,397,0,1404,3
기계설비,기계설비·가스공사업,7126,(유)하나엔지니어링,장현상,전북,전북전주2000-12-2,2777,1804,121,671,180,1104,5
기계설비,기계설비·가스공사업,7127,(주)하나엔텍,전형남,전북,전북고창2019-12-05,187,48,47,89,2,38,2
기계설비,기계설비·가스공사업,7128,(주)하나웰텍,정재우,경기,김포-14-10-5,5150,1124,3680,264,80,2425,2
기계설비,기계설비·가스공사업,7129,(주)하나유니트,김영국,부산,부산강서2022-파-02,3782,2184,967,631,0,2519,5
기계설비,기계설비·가스공사업,7130,하나이앤지(주),"이명우, 이상현",경기,95-서울-12-85,25705,12775,10142,1509,1277,25408,6
기계설비,기계설비·가스공사업,7131,(주)하나이엔씨,천진숙,충북,충북청주19-10-7,786,269,246,260,11,546,2
기계설비,기계설비·가스공사업,7132,(주)하나이엔씨,이채훈,전남광주,여수2016-10-04,3534,2095,941,408,89,3057,3
기계설비,기계설비·가스공사업,7133,하나이엔지,최영식,경기,용인-23-파-06,1168,432,464,271,0,563,2
기계설비,기계설비·가스공사업,7134,(주)하나이엔지,이춘길,충북,충남연기-2012-10-01,3612,1215,1930,378,86,1489,3
기계설비,기계설비·가스공사업,7135,(주)하나이엔지,이윤수,경남,경북예천2002-12-1,835,186,166,464,18,340,3
기계설비,기계설비·가스공사업,7136,(주)하나지엔씨,"박동일, 김이진",서울,구로-99-12-13,7886,4053,1953,1472,406,11145,9
기계설비,기계설비·가스공사업,7137,(주)하나테크,심명섭,전남광주,광양2001-12-03,12648,7801,2954,1112,780,11625,8
기계설비,기계설비·가스공사업,7138,(주)하나테크산업,김정수,전남광주,광주북-24-파-08,1944,847,844,252,0,1230,2
기계설비,기계설비·가스공사업,7139,(주)하나티앤에스,정병부,경기,안양-19-10-3,2263,1038,801,378,44,1900,3
기계설비,기계설비·가스공사업,7140,(주)하나플랜트,안덕균,강원,광주남2013-10-03,6067,2903,2577,378,207,4287,3
기계설비,기계설비·가스공사업,7141,(주)하나플러스,이수진,충남,충남아산2025-13-10호,499,49,197,252,0,70,2
기계설비,기계설비·가스공사업,7142,(주)하나환경,길왕섭,대전,대전서구01-12-3,984,380,149,416,38,239,3
기계설비,기계설비·가스공사업,7143,(주)하나환경,민인자,충남,충남아산-2021-10-07,4093,474,2847,770,0,1606,6
기계설비,기계설비·가스공사업,7144,(주)하나환경개발,한연수,충북,충북청주22-파-4,1265,136,855,272,0,457,2
기계설비,기계설비·가스공사업,7145,하늘건설(주),이병호,인천,시흥-2006-12-1,943,313,354,252,22,216,2
기계설비,기계설비·가스공사업,7146,(주)하늘금,박동수,서울,성북-07-12-1,3563,2650,596,126,190,3674,1
기계설비,기계설비·가스공사업,7147,(주)하늘빛전기통신,함은규,인천,인천남동26-파-05,372,0,120,252,0,0,2
기계설비,기계설비·가스공사업,7148,(주)하늘천,임인수,전남광주,순천2023-파-01,650,0,271,378,0,0,3
기계설비,기계설비·가스공사업,7149,(주)하림에스티이,최상채,충남,대전서구-09-10-2,14981,9006,4952,378,643,10381,3
기계설비,기계설비·가스공사업,7150,(주)하민공조,송영주,대전,대전유성 2024-파-4호,763,101,406,255,0,159,2
기계설비,기계설비·가스공사업,7151,(주)하백,"김대인, 박용희",전남광주,함평2024-파-01,697,352,92,252,0,522,2
기계설비,기계설비·가스공사업,7152,(주)하서건축설비,전영상,대구,대구수성구2003-12-1,4058,753,2850,378,75,1520,3
기계설비,기계설비·가스공사업,7153,하서산업(주),김상국,전남광주,전남화순2010-10-02,52,32,1,16,2,0,8
기계설비,기계설비·가스공사업,7154,(주)하성엔지니어링,박동현,경기,화성22-파-31,1182,734,194,252,0,897,2
기계설비,기계설비·가스공사업,7155,(주)하슬라,김은주,서울,송파-15-10-01,9445,5815,2671,543,415,7913,4
기계설비,기계설비·가스공사업,7156,(주)하승플랜트,김수헌,충남,2026-파-02호,372,0,120,252,0,0,2
기계설비,기계설비·가스공사업,7157,(주)하연플랜트,염옥희,인천,인천옹진2019-10-01,2107,288,1301,505,12,19,4
기계설비,기계설비·가스공사업,7158,(주)하영테크,옥윤현,경기,평택-22-파-016,1718,0,900,818,0,0,3
기계설비,기계설비·가스공사업,7159,(주)하온아텍,김영무,인천,인천남동-2001-12-10,14484,7440,4082,2216,746,10698,16
기계설비,기계설비·가스공사업,7160,(주)하우스인,이규영,서울,강서-19-10-01,1034,644,109,252,27,1257,2
기계설비,기계설비·가스공사업,7161,(유)하우젠공조시스템,신철우,전남광주,광주북2006-12-2,10007,4771,4495,397,342,6353,3
기계설비,기계설비·가스공사업,7162,(주)하우징플러스,이승은,강원,춘천2014-10-01,2712,280,1491,921,20,420,7
기계설비,기계설비·가스공사업,7163,하은이엔지(주),조용원,부산,부산동래2011-23-02,984,132,336,505,9,86,4
기계설비,기계설비·가스공사업,7164,(주)하이공조,조한선,경기,경기시흥2021-10-67,1877,561,791,524,0,1842,4
기계설비,기계설비·가스공사업,7165,(주)하이공조시스템,하선미,경남,창원 2008-10-04,1818,900,348,505,64,1696,4
기계설비,기계설비·가스공사업,7166,(주)하이드로피아,임성완,경북,경북포항2018-10-08,1664,994,128,497,42,1219,4
기계설비,기계설비·가스공사업,7167,(주)하이맥스,강윤식,전남광주,여수2019-10-07,12356,8254,2990,757,353,13186,6
기계설비,기계설비·가스공사업,7168,하이스산업(주),정재권,충남,충남천안-2016-10-04,3375,528,2392,431,22,677,2
기계설비,기계설비·가스공사업,7169,하이스트(주),임병완,전북,오산2016-10-04,750,135,230,378,5,87,3
기계설비,기계설비·가스공사업,7170,하이엠솔루텍(주),유광열,서울,용산08-10-02,23723,17813,2471,2165,1272,24277,17
기계설비,기계설비·가스공사업,7171,(주)하이옥스,이영례,전남광주,나주2010-10-01,1299,323,555,397,23,508,3
기계설비,기계설비·가스공사업,7172,(주)하이원플랜텍,선순권,전남광주,여수2019-10-04,5247,3644,688,757,156,7723,6
기계설비,기계설비·가스공사업,7173,(주)하이젠,이명식,대전,대전유성-2019-23-1-1,1055,148,900,0,6,0,0
기계설비,기계설비·가스공사업,7174,(주)하이코리아,"오종훈, 김수홍",전남광주,광주광산-2008-10-01,265,169,0,84,12,0,5
기계설비,기계설비·가스공사업,7175,(주)하이크린,하영군,부산,부산동래2026-파-01호,1152,0,900,252,0,0,2
기계설비,기계설비·가스공사업,7176,(주)하이테크공조,"김상도, 김형수",서울,강남-08-10-08,55683,19941,33135,1170,1435,20725,9
기계설비,기계설비·가스공사업,7177,(주)하이테크놀러지,이정민,경기,서초-12-10-06,1210,53,900,252,3,163,2
기계설비,기계설비·가스공사업,7178,(주)하이테크엔지니어링,장영,전남광주,여수2014-10-11,1677,0,900,777,0,0,2
기계설비,기계설비·가스공사업,7179,(주)하이테크이엔지,심홍섭,경기,하남 2017-10-02,284,169,22,84,7,123,3
기계설비,기계설비·가스공사업,7180,(주)하이테크이엔지,황태훈,경기,용인-25-파-04,1856,477,1126,252,0,682,2
기계설비,기계설비·가스공사업,7181,(주)하이테크플랜트,김진희,충남,충남당진-2022-파-03,143,0,143,0,0,0,0
기계설비,기계설비·가스공사업,7182,(주)하이텍산업개발,이석준,전남광주,광주광산2009-10-06,1509,456,360,660,32,611,5
기계설비,기계설비·가스공사업,7183,(주)하이티넘,정용,서울,강남-15-10-10,1413,864,234,252,61,1473,2
기계설비,기계설비·가스공사업,7184,(주)하이폴,손성혁,경기,성남15-10-3,10680,2441,7521,543,174,4219,4
기계설비,기계설비·가스공사업,7185,(주)하이픈솔루션,이정표,경기,강남-21-10-04,1461,254,953,252,0,365,2
기계설비,기계설비·가스공사업,7186,하일테크(주),송우혁,경남,창원성산2020-23-01,1053,392,182,461,16,657,4
기계설비,기계설비·가스공사업,7187,하임테크(주),손영근,경기,부천-11-10-3,29024,14664,13075,237,1047,9597,1
기계설비,기계설비·가스공사업,7188,하지공업(주),"안태상, 이권화",경기,경기-12-12,175,71,6,90,7,134,2
기계설비,기계설비·가스공사업,7189,하지기계(주),구인회,충북,청주-98-12-5,4645,1112,3158,263,111,729,2
기계설비,기계설비·가스공사업,7190,(주)하츠,김성식,경기,파주-2004-12-1,27744,3827,22963,569,383,5697,3
기계설비,기계설비·가스공사업,7191,(주)학림엔지니어링,윤혜련,서울,양천-04-12-4,986,365,332,252,36,457,2
기계설비,기계설비·가스공사업,7192,(주)학림이엔지,주영선,전남광주,여수2012-23-02,3854,1059,1754,904,136,1144,7
기계설비,기계설비·가스공사업,7193,(주)한가람방재,박상준,경기,의정부2020-10-2,1925,275,1385,252,11,682,2
기계설비,기계설비·가스공사업,7194,(주)한가람이엔지,이재원,경기,안양-20-10-04,1862,349,843,654,15,304,5
기계설비,기계설비·가스공사업,7195,(주)한강엔지니어링,"추문찬, 추재호",경기,구로-99-12-11,7245,2120,3990,921,212,2813,7
기계설비,기계설비·가스공사업,7196,(주)한강이앰피,정승훈,경기,김포-16-10-02,4600,1671,1608,1248,71,1231,3
기계설비,기계설비·가스공사업,7197,한강이엔지(주),심의식,경기,김포-25-파-07호,1664,133,900,631,0,190,5
기계설비,기계설비·가스공사업,7198,한강중공업(주),서병영,전남광주,여수2014-10-09,167,106,0,53,7,0,2
기계설비,기계설비·가스공사업,7199,(주)한강테크,전하경,전북,전북익산-23-파-01호,3459,1494,1586,378,0,728,3
기계설비,기계설비·가스공사업,7200,(유)한강하우징,윤태성,서울,광주남2018-10-01,1213,330,606,262,14,465,2
기계설비,기계설비·가스공사업,7201,한건사(주),김종구,충남,충남홍성-2001-12-01,978,311,384,252,31,272,2
기계설비,기계설비·가스공사업,7202,한걸음(주),신영태,전남광주,광주북2020-10-07,2144,749,824,538,32,841,4
기계설비,기계설비·가스공사업,7203,한결산업개발(주),류광현,충북,충북청주 25-파-16,1313,150,903,259,0,215,2
기계설비,기계설비·가스공사업,7204,(주)한결산업개발,이영호,경북,영천2016-10-01,1228,228,728,262,9,236,2
기계설비,기계설비·가스공사업,7205,(주)한결시스템,이기영,전남광주,광주광산-24-파-05,1133,10,869,252,0,19,2
기계설비,기계설비·가스공사업,7206,(주)한결씨엔씨,이은미,서울,강북-23-파-01,1548,182,1094,257,13,340,2
기계설비,기계설비·가스공사업,7207,(주)한결이엔지,"한준호, 탁장일",서울,성동19-27-1-05,1274,99,511,650,12,140,6
기계설비,기계설비·가스공사업,7208,(주)한결이엔지,송한결,경기,양주22-파-03,841,251,337,252,0,391,2
기계설비,기계설비·가스공사업,7209,(주)한결이엔지,정영선,경기,충남태안-06-12-01,3435,2040,672,575,146,3450,4
기계설비,기계설비·가스공사업,7210,한경기전(주),"정경윤, 박범진",경기,82-12-23,21829,10461,7298,3020,1049,15868,12
기계설비,기계설비·가스공사업,7211,(주)한경이텍,김광수,강원,춘천2018-10-03호,537,173,115,241,7,247,4
기계설비,기계설비·가스공사업,7212,(주)한공건설,박대호,울산,울산남구 2001-12-07,5603,2020,2838,543,202,1203,4
기계설비,기계설비·가스공사업,7213,한광기업(주),한광구,충북,충북청주18-10-7,2019,505,1236,255,21,782,2
기계설비,기계설비·가스공사업,7214,(주)한국가스기술공사,임종석,대전,안양-14,85336,6247,23399,54891,797,5415,1230
기계설비,기계설비·가스공사업,7215,(주)한국가스산업,김동근,경기,구로-99-27-1-1,11,0,4,6,0,0,3
기계설비,기계설비·가스공사업,7216,한국가스산업(주),고재웅,부산,부산-97-12-20,22,4,6,11,0,9,3
기계설비,기계설비·가스공사업,7217,한국건설(유),박소희,경남,창원의창2024-파-05,2872,337,2027,507,0,599,4
기계설비,기계설비·가스공사업,7218,(주)한국건업,김기봉,강원,원주2024-파-01호,2663,202,1217,1243,0,343,9
기계설비,기계설비·가스공사업,7219,한국공조(주),하윤수,대구,대구 수성구2008-12-02,2824,1443,1024,252,103,869,2
기계설비,기계설비·가스공사업,7220,(주)한국공조설비,정상기,경기,고양2009-10-6,1309,384,645,252,27,434,2
기계설비,기계설비·가스공사업,7221,(유)한국공조시스템,안종문,전남광주,담양2009-10-02,8849,4859,3200,441,347,5523,3
기계설비,기계설비·가스공사업,7222,(주)한국공조시스템,이종근,제주,제주 제주2007-12-01,5129,1491,2774,757,106,2057,6
기계설비,기계설비·가스공사업,7223,한국공조에스에이(주),황은탁,서울,동작-04-12-1,51231,24821,21762,2157,2489,37849,13
기계설비,기계설비·가스공사업,7224,한국공조엔지니어링(주),김현효,경기,평택-2005-12-1,1747,929,472,252,92,1180,2
기계설비,기계설비·가스공사업,7225,(주)한국과기산업,김성태,경기,수원12-10-5,407,276,-28,138,19,147,2
기계설비,기계설비·가스공사업,7226,한국기계공업사,김대규,경기,성남08-10-5,580,25,237,315,1,90,2
기계설비,기계설비·가스공사업,7227,(유)한국기계설비기술,하정성,전남광주,광주북-23-파-05,0,0,0,0,0,0,3
기계설비,기계설비·가스공사업,7228,(주)한국기계설비성능관리단,이형준,서울,강서-21-10-02,6103,1557,2619,1925,0,766,14
기계설비,기계설비·가스공사업,7229,한국기술서비스(주),김병룡,서울,강남-99-12-17,7660,616,3312,3670,61,1088,14
기계설비,기계설비·가스공사업,7230,(주)한국기업,한국경,전남광주,광주북2017-23-01,6448,2826,2952,548,121,4331,4
기계설비,기계설비·가스공사업,7231,(주)한국기업이엔지,김정수,부산,부산사하2021-10-03,1400,531,617,252,0,692,2
기계설비,기계설비·가스공사업,7232,한국기연(주),박종남,충북,충북청주 21-10-15,2595,1546,670,378,0,835,3
기계설비,기계설비·가스공사업,7233,한국난방관리(주),이승원,경기,안산2019-10-09,3067,477,1812,757,20,796,6
기계설비,기계설비·가스공사업,7234,한국내화(주),변성희,충남,충남당진-2014-10-08,5110,681,4091,288,48,666,2
기계설비,기계설비·가스공사업,7235,한국노블가스(주),송재섭,대전,대전대덕-2014-23-01,0,0,0,0,0,0,3
기계설비,기계설비·가스공사업,7236,(주)한국대기사,와키타신겐,서울,금천-19-10-05,0,0,0,0,0,0,3
기계설비,기계설비·가스공사업,7237,(주)한국대체에너지,임철호,강원,강릉10-10-23,4650,2294,1421,771,163,1645,6
기계설비,기계설비·가스공사업,7238,(주)한국도시가스,한영진,전남광주,광주북2011-23-02,1521,288,702,509,20,438,4
기계설비,기계설비·가스공사업,7239,한국도시건설(주),송성주,경기,의왕-24-파-02,2073,92,900,1080,0,208,8
기계설비,기계설비·가스공사업,7240,한국디지탈콘트롤(주),신숙향,경기,안양-11-10-7,2466,1518,549,290,108,1545,2
기계설비,기계설비·가스공사업,7241,(주)한국마이콤,오무라토시오,서울,서울-82-12-264,50838,14518,28526,6337,1456,21036,48
기계설비,기계설비·가스공사업,7242,한국메디플랜(주),김성주,경기,용인2015-10-4,1541,423,645,441,30,338,3
기계설비,기계설비·가스공사업,7243,(주)한국메스,김필승,경기,송파-99-12-10,16275,5209,9522,1022,520,7110,7
기계설비,기계설비·가스공사업,7244,(주)한국멤코,이홍일,경기,남양주22-파-05,1508,491,492,524,0,1754,4
기계설비,기계설비·가스공사업,7245,(주)한국문터스,이진석,경기,성남09-10-7,6497,876,5179,378,62,1228,3
기계설비,기계설비·가스공사업,7246,(주)한국미우라테크,이문의,서울,서초-21-10-08,4374,1937,1901,534,0,2968,4
기계설비,기계설비·가스공사업,7247,한국발전기술(주),박경석,서울,영등포-15-10-03,4328,488,2931,873,34,376,5
기계설비,기계설비·가스공사업,7248,한국방진방음(주),임칠호,인천,94-서울-12-194,2417,1514,498,252,151,2929,2
기계설비,기계설비·가스공사업,7249,(주)한국배관공사,조현임,서울,서대문 26-파-01,436,0,183,252,0,0,2
기계설비,기계설비·가스공사업,7250,한국벌크조합(주),정윤화,전남광주,경북김천2015-23-01,1803,284,741,757,20,393,6
기계설비,기계설비·가스공사업,7251,한국산전(주),이현곤,부산,부산금정2016-10-03,1152,0,900,252,0,0,2
기계설비,기계설비·가스공사업,7252,(유)한국설비,정진수,전북,전북익산2005-12-9,8332,2969,4774,290,296,4298,2
기계설비,기계설비·가스공사업,7253,(유)한국설비,배창열,전남광주,목포2003-12-2,2666,389,1858,378,38,552,3
기계설비,기계설비·가스공사업,7254,한국설비건설협동조합,송주만,전북,전북익산2016-12-02,2155,714,901,510,30,687,4
기계설비,기계설비·가스공사업,7255,(주)한국설비공사,박형원,인천,인천부평구2002-12-01,2031,1467,0,416,146,749,3
기계설비,기계설비·가스공사업,7256,(주)한국소방방재산업,김성근,강원,삼척2018-10-01호,342,70,62,207,3,167,3
기계설비,기계설비·가스공사업,7257,(주)한국송풍기엔지니어링,김용남,충남,충남아산-2019-10-06,1684,402,822,441,17,730,3
기계설비,기계설비·가스공사업,7258,(주)한국스카다,이상옥,경기,군포2015-10-05,1008,131,615,252,9,402,2
기계설비,기계설비·가스공사업,7259,한국스택(주),김훈,서울,서울92-13-329,3390,887,1593,820,88,1464,6
기계설비,기계설비·가스공사업,7260,(주)한국시스템아트,윤의중,경기,남양주11-10-16,2703,394,1648,631,28,1096,5
기계설비,기계설비·가스공사업,7261,한국신재생에너지(주),"이일우, 조수연",경기,강남-07-12-6,5106,1881,2304,786,134,1577,6
기계설비,기계설비·가스공사업,7262,한국아즈빌(주),야마무라카즈히로,서울,영등포-00-12-10,12259,1596,9581,921,159,1846,7
기계설비,기계설비·가스공사업,7263,(주)한국에너팜,진병철,인천,인천남동16-10-03,1438,714,314,378,30,351,3
기계설비,기계설비·가스공사업,7264,한국에어로(주),김왕환,대전,대전대덕-2000-12-2,1434,616,251,505,61,915,4
기계설비,기계설비·가스공사업,7265,(주)한국엔지니어링,박종덕,경기,안산2007-12-14,2160,1290,524,252,92,1053,2
기계설비,기계설비·가스공사업,7266,(주)한국엔지니어링,백순영,경기,시흥-23-파-142,1363,292,691,378,0,796,3
기계설비,기계설비·가스공사업,7267,한국열배관(주),서동원,경기,금천-07-12-2,444,58,129,252,4,40,2
기계설비,기계설비·가스공사업,7268,(주)한국오시유산업,유정희,서울,구로-09-10-03,2015,547,1157,271,39,1045,2
기계설비,기계설비·가스공사업,7269,(주)한국오존텍,하만수,경기,송파-07-12-5,8284,3912,3840,252,279,5901,2
기계설비,기계설비·가스공사업,7270,한국유지보수협동조합,김희범,서울,강서-15-10-01,1695,675,529,441,48,749,3
기계설비,기계설비·가스공사업,7271,한국이미지시스템(주),한현정,부산,부산사상23-파-1,789,296,113,378,0,704,3
기계설비,기계설비·가스공사업,7272,한국이앤지(주),여운복,전남광주,광주서01-12-04,1173,413,447,271,41,854,2
기계설비,기계설비·가스공사업,7273,(주)한국이엔디,지창열,부산,부산동구-2024-파-01호,1065,264,548,252,0,132,2
기계설비,기계설비·가스공사업,7274,(주)한국이엔씨,"강석대, 강세명",강원,강원2000-12-6,83938,34010,42361,4165,3401,46368,11
기계설비,기계설비·가스공사업,7275,(주)한국이엔지,우청제,충남,대전중구-05-27-1-01,2803,1205,846,631,120,2865,5
기계설비,기계설비·가스공사업,7276,(주)한국이엔지,서광우,대전,대전대덕-23-13-01,2381,470,1658,252,0,309,2
기계설비,기계설비·가스공사업,7277,(주)한국이엔지,임근현,경북,경북구미2021-10-4,939,272,407,259,0,334,2
기계설비,기계설비·가스공사업,7278,한국정공,정창훈,대전,대전유성-2017-10-8,34,22,0,11,0,0,2
기계설비,기계설비·가스공사업,7279,한국조인트(주),박광윤,경기,화성17-10-07,730,700,0,0,30,100,0
기계설비,기계설비·가스공사업,7280,한국종합기계기술(주),박종춘,충남,서울-12-114,11942,7522,2852,814,752,11510,6
기계설비,기계설비·가스공사업,7281,(주)한국종합플랜트,장영일,경남,양산2019-10-04,5090,2869,794,1300,125,1704,9
기계설비,기계설비·가스공사업,7282,(주)한국종합환경컨설팅,이재찬,서울,양천2020-10-03,1542,131,900,505,5,176,4
기계설비,기계설비·가스공사업,7283,(주)한국코라드,배명호,서울,원주2005-12-03,2992,1538,921,378,153,2186,3
기계설비,기계설비·가스공사업,7284,한국코로나(주),최재용,경기,안산2008-10-5,716,319,71,302,22,432,8
기계설비,기계설비·가스공사업,7285,(주)한국코팅,김병두,충남,충남아산-2014-10-01,8999,2395,6162,269,171,1972,2
기계설비,기계설비·가스공사업,7286,한국타프로기(주),박정태,부산,용산-04-12-02,1513,588,739,126,58,2102,1
기계설비,기계설비·가스공사업,7287,(주)한국테크,엄경용,대전,대전유성-2010-10-1,2367,1118,487,680,80,2241,5
기계설비,기계설비·가스공사업,7288,(주)한국토요,김진수,충남,안성2018-10-0002,2797,1703,642,378,73,3010,3
기계설비,기계설비·가스공사업,7289,한국특수가스(주),"한승문, 김진선",전북,전북-12-106,4063,269,1619,2146,26,337,17
기계설비,기계설비·가스공사업,7290,(주)한국티엔씨,송상훈,대구,대구북구-23-파-02호,1350,72,900,378,0,159,3
기계설비,기계설비·가스공사업,7291,한국티엔이(주),손한국,대구,대구동구2011-10-1,1365,640,262,416,45,474,3
기계설비,기계설비·가스공사업,7292,한국파워엔지니어링서비스(주),김창환,서울,양주14-10-2,32952,3625,21750,7318,258,5809,57
기계설비,기계설비·가스공사업,7293,(주)한국표준엔지니어링,박재완,경기,광명2013-10-0002,2577,1334,579,568,95,2933,4
기계설비,기계설비·가스공사업,7294,(주)한국표준환경기술,정창진,경기,안산2010-10-3,2377,599,1318,416,42,481,3
기계설비,기계설비·가스공사업,7295,한국플랜테크,송기영,경남,창원 2011-10-04,1329,443,350,505,31,530,4
기계설비,기계설비·가스공사업,7296,한국플랜트,김병학,충북,충북진천2020-10-9,3505,390,2340,757,16,364,6
기계설비,기계설비·가스공사업,7297,한국플랜트서비스(주),강기석,서울,성남-99-12-4,27901,2242,13454,11980,224,1303,89
기계설비,기계설비·가스공사업,7298,한국하니웰(주),박장원,서울,78-12-61,33197,4485,26914,1348,448,7646,10
기계설비,기계설비·가스공사업,7299,한국후지냉기(주),윤천수,경기,도봉-05-12-2,1739,962,427,252,96,1174,2
기계설비,기계설비·가스공사업,7300,(주)한국후지알앤씨,성기용,서울,서초-04-12-7,1420,0,900,520,0,0,3
기계설비,기계설비·가스공사업,7301,한기발전기계(주),조권호,경남,순천-98-12-2,3296,812,2122,280,81,1357,2
기계설비,기계설비·가스공사업,7302,(주)한기실업,박광진,서울,강남-99-12-10,2270,1587,0,524,158,5669,4
기계설비,기계설비·가스공사업,7303,(주)한길엔지니어링,허재택,경북,경북경산2008-10-1,3214,788,1856,514,56,1198,4
기계설비,기계설비·가스공사업,7304,(주)한길이엔지,김대곤,경기,성남-11-23-2,2149,250,1501,378,17,105,3
기계설비,기계설비·가스공사업,7305,(주)한길콘트롤,두병희,전북,서초-04-12-3,1702,215,921,543,21,253,4
기계설비,기계설비·가스공사업,7306,한길플랜트(주),김재일,인천,성남-2003-12-5,12608,8934,1712,1063,898,12234,7
기계설비,기계설비·가스공사업,7307,(주)한나엔지니어링,이상술,서울,강남-99-27-1-13,3822,767,2598,378,76,1023,3
기계설비,기계설비·가스공사업,7308,(주)한난엔지니어링,김태정,서울,경기-97-12-38,315,0,0,315,0,0,2
기계설비,기계설비·가스공사업,7309,(주)한남건설,배홍규,대구,대구12-168,1418,619,228,508,61,353,4
기계설비,기계설비·가스공사업,7310,(유)한남엔지니어링,한희선,전북,전북-12-70,4478,1420,2265,650,142,785,4
기계설비,기계설비·가스공사업,7311,(주)한누리에코빌드,김정철,경기,평택-25-파-004,2581,1767,688,126,0,2524,1
기계설비,기계설비·가스공사업,7312,(주)한도아이엔에스티,정은효,부산,부산사상05-12-06,1941,1280,279,252,128,1570,2
기계설비,기계설비·가스공사업,7313,(주)한동,김명예,강원,삼척2009-10-04,1220,203,603,399,14,111,3
기계설비,기계설비·가스공사업,7314,한동ENG,한이섭,경북,경북구미2005-12-11,4555,1183,2977,277,118,1535,2
기계설비,기계설비·가스공사업,7315,(주)한동건설,유재근,경기,성남13-10-3,34436,7651,21879,4348,557,10221,26
기계설비,기계설비·가스공사업,7316,(주)한동이엔지,임철수,경기,성남-24-파(기계)-3,1769,545,845,378,0,1141,3
기계설비,기계설비·가스공사업,7317,(주)한동플랜트,이상록,경북,경북구미2004-12-7,9297,3342,4950,670,334,2162,5
기계설비,기계설비·가스공사업,7318,한라개발(주),이종화,경남,사천2019-10-1,1672,183,1102,378,7,235,3
기계설비,기계설비·가스공사업,7319,(주)한라공조시스템,문홍범,제주,제주 제주2008-10-08,929,54,617,252,3,0,2
기계설비,기계설비·가스공사업,7320,한라산업개발(주),김원근,경기,수원09-23-2,5118,0,900,4218,0,0,12
기계설비,기계설비·가스공사업,7321,한라설비(주),정대석,제주,제주2000-12-4,3075,525,2244,252,52,874,2
기계설비,기계설비·가스공사업,7322,(주)한라스마트개발,김성익,제주,제주 서귀포2011-23-17,1346,270,677,378,19,323,3
기계설비,기계설비·가스공사업,7323,(주)한라이엔씨,임유순,대전,대전동구-2013-10-02,1986,873,734,315,62,2021,2
기계설비,기계설비·가스공사업,7324,한라정공(주),심상현,부산,기장-2001-12-2,6,3,0,1,0,0,5
기계설비,기계설비·가스공사업,7325,한려기계산업(주),안영일,전남광주,경기95-12-48,43108,30321,7835,1902,3049,37342,10
기계설비,기계설비·가스공사업,7326,한려테크이엔씨(주),박정완,전남광주,여수2017-10-05,1475,673,394,378,28,1177,3
기계설비,기계설비·가스공사업,7327,한림산업(주),김충국,경북,경북포항99-12-62,1027,133,439,441,13,57,3
기계설비,기계설비·가스공사업,7328,한림이엔지(주),한숙희,울산,울산남구2011-10-02,4231,2730,914,390,195,1779,3
기계설비,기계설비·가스공사업,7329,한림정공(주),"김임수, 김용팔",서울,영등포09-10-08,5235,478,2873,1848,34,466,11
기계설비,기계설비·가스공사업,7330,(유)한마루에너지,김필수,경남,진주 2008-12-2,566,148,154,252,10,278,2
기계설비,기계설비·가스공사업,7331,한마음건설(주),최혜련,경기,고양2023-파-07,4433,350,2040,2042,0,803,16
기계설비,기계설비·가스공사업,7332,(유)한마음엔지니어링,김두현,전북,전북전주2003-27-1-2,5392,1758,2791,666,175,2968,5
기계설비,기계설비·가스공사업,7333,(주)한맥,"송행순, 박철우",충남,충남보령-2013-10-03,893,464,142,252,33,110,2
기계설비,기계설비·가스공사업,7334,(주)한맥기계,김명기,대전,대전대덕 25-13-02호,1298,377,668,252,0,539,2
기계설비,기계설비·가스공사업,7335,(주)한미공조,표효진,부산,부산사상18-10-9,923,246,409,256,10,290,2
기계설비,기계설비·가스공사업,7336,(주)한미단열,김성우,대구,대구12-123,2183,271,1628,255,27,403,2
기계설비,기계설비·가스공사업,7337,(주)한미산업개발,김영두,전남광주,무안제26-파-01호,530,0,278,252,0,0,2
기계설비,기계설비·가스공사업,7338,(주)한미터보벤트,이기운,경기,96-서울-12-67,2278,661,784,766,66,402,3
기계설비,기계설비·가스공사업,7339,(주)한민이앤씨,신명희,경기,과천-25-파-02호,654,99,302,252,0,141,2
기계설비,기계설비·가스공사업,7340,한발매스테크(주),이승원,경남,경남-97-12-1,1995,683,827,416,68,874,3
기계설비,기계설비·가스공사업,7341,(주)한방,"최두영, 김태원",서울,강남-24-파-01,1641,698,480,462,0,1747,3
기계설비,기계설비·가스공사업,7342,(주)한밭이엔씨,이상준,대전,대전유성 2025-파-3호,574,0,195,378,0,0,3
기계설비,기계설비·가스공사업,7343,(주)한백건설,김영웅,경기,화성14-23-2,727,165,169,381,11,338,3
기계설비,기계설비·가스공사업,7344,한백건설(주),유태옥,경북,경북포항2009-10-08,3750,551,2023,1136,39,563,9
기계설비,기계설비·가스공사업,7345,(주)한백씨앤엠,임병근,울산,울산울주2025-파-9,449,0,197,252,0,0,2
기계설비,기계설비·가스공사업,7346,(주)한백종합건설,소응두,전북,전북전주2020-23-2,5173,56,900,4214,2,0,19
기계설비,기계설비·가스공사업,7347,한보기공(주),임종희,서울,82-12-79,1535,43,900,587,4,0,4
기계설비,기계설비·가스공사업,7348,(주)한보기열,고은지,인천,인천남구2010-12-1,8176,3077,4626,252,219,4166,2
기계설비,기계설비·가스공사업,7349,(주)한보테크,강형주,경북,경북포항2012-10-04,3090,729,1808,500,52,806,3
기계설비,기계설비·가스공사업,7350,(주)한비,김성수,전남광주,목포2014-23-01,1095,407,154,505,29,298,4
기계설비,기계설비·가스공사업,7351,(주)한빛레이저,김정묵,대전,대전유성 2024-파-5호,0,0,0,0,0,0,2
기계설비,기계설비·가스공사업,7352,(주)한빛씨에이치씨,조철회,대전,대전대덕-08-10-02,14145,7564,5459,580,540,11703,4
기계설비,기계설비·가스공사업,7353,한빛에너지(주),김종관,대전,대전중구-06-12-03,24031,9407,11347,2601,674,13385,17
기계설비,기계설비·가스공사업,7354,(주)한빛에너텍,이명균,경기,평택16-10-0002,1424,349,806,252,14,492,2
기계설비,기계설비·가스공사업,7355,(유)한빛이엔지,최한선,전북,전북전주27-1-3,4250,822,2832,512,82,830,4
기계설비,기계설비·가스공사업,7356,(주)한빛테크놀로지,진승권,대전,대전대덕-01-12-4,1315,113,900,290,11,31,2
기계설비,기계설비·가스공사업,7357,한산시피에스(주),강상윤,경기,영등포-99-12-3,38186,20695,11480,3929,2081,41354,21
기계설비,기계설비·가스공사업,7358,(주)한산씨엔에스,나창용,서울,서대문-00-12-1,4411,533,3202,622,53,486,4
기계설비,기계설비·가스공사업,7359,(주)한샘,김유진,경기,안산2009-10-1,3893,2693,668,339,192,3769,1
기계설비,기계설비·가스공사업,7360,한샘워터테크,오삼복,서울,성동09-10-06,1270,607,241,378,43,901,2
기계설비,기계설비·가스공사업,7361,(주)한서,김희정,강원,강릉21-10-04호,598,81,264,252,0,123,2
기계설비,기계설비·가스공사업,7362,(주)한서건설,김정우,대전,대전대덕 25-13-04호,469,0,134,335,0,0,3
기계설비,기계설비·가스공사업,7363,한서이앤씨(주),정명곤,서울,광진-20-10-13,2816,364,2184,252,15,224,2
기계설비,기계설비·가스공사업,7364,(주)한서정밀기계,한상근,충북,충북제천2017-10-1,819,189,361,260,8,489,2
기계설비,기계설비·가스공사업,7365,(주)한서종합건설,김봉환,인천,인서26-파-02,2478,0,900,1578,0,0,12
기계설비,기계설비·가스공사업,7366,한설건업(주),이찬희,서울,영등포-04-12-13,1946,987,291,568,98,1241,4
기계설비,기계설비·가스공사업,7367,(주)한성,이동규,경북,경북상주2017-10-01,2343,279,1407,644,11,550,5
기계설비,기계설비·가스공사업,7368,(주)한성,강말순,제주,제주-97-12-3,1858,148,900,795,14,296,6
기계설비,기계설비·가스공사업,7369,한성가스공사,김정곤,서울,강동-06-27-1-25,677,58,236,378,4,72,3
기계설비,기계설비·가스공사업,7370,(주)한성건설산업,유현석,경남,창원의창2025-파-07,897,0,455,441,0,0,3
기계설비,기계설비·가스공사업,7371,한성공조엔지니어링(주),유한나,서울,관악-02-12-4,23202,11491,8223,2331,1155,22180,14
기계설비,기계설비·가스공사업,7372,한성기계기술(주),박성호,부산,부산사하2025-13-02호,572,334,237,0,0,478,0
기계설비,기계설비·가스공사업,7373,(주)한성기계설비,성낙길,경북,경북성주2017-10-1,2864,1540,626,631,66,2661,5
기계설비,기계설비·가스공사업,7374,(주)한성기공,"한상문, 한승희",경기,안산2010-10-5,20130,15615,1936,1461,1115,21326,7
기계설비,기계설비·가스공사업,7375,(주)한성기술,서인선,전남광주,여수2015-10-12,11425,5039,5647,378,359,9697,3
기계설비,기계설비·가스공사업,7376,(주)한성기술개발,서창식,서울,강북-98-12-1,23496,7592,11891,3242,770,12845,19
기계설비,기계설비·가스공사업,7377,(유)한성산기,백대준,전북,전북군산2021-10-06,2254,1114,204,934,0,1419,18
기계설비,기계설비·가스공사업,7378,한성산업개발(주),서광미,경북,경북상주2024-파-01,1710,207,1247,255,0,324,2
기계설비,기계설비·가스공사업,7379,(주)한성설비사,최준영,대전,충남-12-17,1459,581,440,378,58,459,3
기계설비,기계설비·가스공사업,7380,(주)한성시스코,박근식,대전,금천-05-12-4,0,0,0,0,0,0,2
기계설비,기계설비·가스공사업,7381,(주)한성씨알에스,박태복,경기,화성09-10-7,2423,872,778,710,62,970,5
기계설비,기계설비·가스공사업,7382,(주)한성아이엠,양인종,경기,안산-26파-03호,1152,0,900,252,0,0,2
기계설비,기계설비·가스공사업,7383,한성에너텍(주),임선영,경기,담양2021-10-02,555,47,231,277,0,89,2
기계설비,기계설비·가스공사업,7384,(주)한성엔지니어링,남기봉,세종,충남아산-2013-10-02,1967,896,606,400,64,1821,3
기계설비,기계설비·가스공사업,7385,한성엠이피(주),김정주,경기,안양-21-10-01,894,37,413,441,1,133,3
기계설비,기계설비·가스공사업,7386,(주)한성이엔지,이용진,경북,92-서울-12-83,815,218,174,383,40,6,3
기계설비,기계설비·가스공사업,7387,(주)한성이엔지,서광희,대구,대구북구2009-12-2,38202,11423,24132,1827,819,15662,13
기계설비,기계설비·가스공사업,7388,(주)한성이엔지,심윤정,강원,동해08-23-01,3108,943,1209,887,67,1571,7
기계설비,기계설비·가스공사업,7389,(유)한성이엔지,김성수,전북,전북정읍2003-12-1,1195,149,775,255,14,310,2
기계설비,기계설비·가스공사업,7390,한성중공업(주),김홍철,충남,충남당진-2013-10-01,7683,4672,1244,1432,333,7562,11
기계설비,기계설비·가스공사업,7391,(주)한성중공업,권오을,경북,경북포항2014-10-03,965,333,284,323,23,333,4
기계설비,기계설비·가스공사업,7392,(주)한성콘트롤,김선태,서울,구로-00-12-2,3718,486,2917,265,48,1066,2
기계설비,기계설비·가스공사업,7393,한성크린텍(주),"정윤석, 양승환",서울,92-서울-12-402,134031,91210,29341,4306,9173,84670,13
기계설비,기계설비·가스공사업,7394,(주)한성플랜트,김진호,대구,대구북구2006-12-6,3218,1026,1645,472,73,1101,3
기계설비,기계설비·가스공사업,7395,(주)한성환경기연,김동규,충북,군포-2006-12-2,1213,102,501,602,7,193,6
기계설비,기계설비·가스공사업,7396,한세건설(주),홍순덕,경북,경북구미2014-10-4,1658,441,680,505,31,359,4
기계설비,기계설비·가스공사업,7397,한세엔지니어링(주),최성순,경기,하남-07-12-1,20254,5923,13049,858,423,7963,6
기계설비,기계설비·가스공사업,7398,한세이프(주),김광현,충북,충북청주16-10-8,4108,546,3280,257,23,860,2
기계설비,기계설비·가스공사업,7399,(주)한센공조시스템,전우용,서울,송파-08-12-1,4487,3022,960,288,215,3278,2
기계설비,기계설비·가스공사업,7400,한솔엔지니어링,박용우,대전,대전동구-00-12-03,5020,1718,2434,694,171,2950,5
기계설비,기계설비·가스공사업,7401,(주)한솔엔지니어링,전광표,강원,강원2003-12-1,2291,251,1199,815,25,424,6
기계설비,기계설비·가스공사업,7402,(주)한솔엔지니어링,김종묵,충북,충북청주제00-27-01-02,2163,803,498,781,80,459,6
기계설비,기계설비·가스공사업,7403,(주)한솔엔지니어링,김상태,경북,경북포항2023-파-06,211,20,24,166,0,84,2
기계설비,기계설비·가스공사업,7404,한솔코에버(주),안상윤,서울,금천-07-12-7,437,278,0,139,19,0,2
기계설비,기계설비·가스공사업,7405,(주)한솔클래스,지희선,경기,경기-97-12-21,2061,439,1242,335,43,600,2
기계설비,기계설비·가스공사업,7406,한송기건(주),한병희,서울,96-서울-12-8,3273,1407,1346,378,140,2097,3
기계설비,기계설비·가스공사업,7407,(주)한수이앤씨,정재원,제주,제주 제주2019-10-05,454,81,117,252,3,88,2
기계설비,기계설비·가스공사업,7408,한스산업(주),나영열,서울,양천-12-10-01,894,348,269,252,24,481,2
기계설비,기계설비·가스공사업,7409,한스텍이엔에스(주),김재림,전남광주,광주북2020-10-06,2661,1502,842,252,64,2396,2
기계설비,기계설비·가스공사업,7410,한시스템(주),조성훈,대전,대전서구-20-10-7,5971,3123,1770,943,133,4838,7
기계설비,기계설비·가스공사업,7411,(주)한신,이일대,경북,경북92-12-78,876,148,440,271,14,99,2
기계설비,기계설비·가스공사업,7412,한신공무관리(주),이재경,서울,구로-10-10-05,6775,4760,1241,433,340,6945,3
기계설비,기계설비·가스공사업,7413,한신기연(주),홍중기,인천,인천동구2009-10-01,9220,5947,2136,712,424,7500,5
기계설비,기계설비·가스공사업,7414,(주)한신비텍,최서환,인천,인천연수2014-10-01,1490,922,25,475,66,2425,28
기계설비,기계설비·가스공사업,7415,한신설비(주),한대용,경남,경남-97-12-5,1649,386,803,421,38,39,3
기계설비,기계설비·가스공사업,7416,(주)한신엔지니어링,하해준,경북,경북포항2000-27-1-16,3487,1563,1263,505,156,2469,4
기계설비,기계설비·가스공사업,7417,한신유체기계(주),남대웅,경기,시흥2013-10-35,1319,720,294,252,51,918,2
기계설비,기계설비·가스공사업,7418,한신이엔지건설(주),김철호,강원,강원2002-12-16,1782,442,998,297,44,1169,2
기계설비,기계설비·가스공사업,7419,(주)한신플랜트,설홍구,경북,경북구미2000-12-7,4512,1355,2769,252,135,1879,2
기계설비,기계설비·가스공사업,7420,(주)한양강업,조태봉,서울,92-서울-12-55,2523,1343,407,638,134,1435,5
기계설비,기계설비·가스공사업,7421,(유)한양기공,강순덕,전북,전북-12-122,3924,1784,1488,472,178,2274,3
기계설비,기계설비·가스공사업,7422,(주)한양기술공업,권호준,경기,화성14-23-4,197654,124020,63683,1091,8858,206802,5
기계설비,기계설비·가스공사업,7423,한양산기,김회승,경남,김해 2021-10-11,1126,246,607,271,0,462,2
기계설비,기계설비·가스공사업,7424,한양이엔씨(주),백정호,인천,인천동구2019-10-01,4501,1408,2568,464,60,3991,3
기계설비,기계설비·가스공사업,7425,한양이엔지(주),"김윤상, 이종근",경기,82-12-15,1191649,471415,647790,24629,47814,656424,68
기계설비,기계설비·가스공사업,7426,(유)한양이엔지,곽형구,전남광주,여수2013-10-06,2038,434,1067,505,31,531,4
기계설비,기계설비·가스공사업,7427,(주)한양인더스트리,손희,경기,96-서울-12-37,13625,1813,10878,753,181,2364,4
기계설비,기계설비·가스공사업,7428,한얼기공(주),이혁교,경남,경남97-12-11,10932,4644,4916,906,464,5581,7
기계설비,기계설비·가스공사업,7429,(주)한얼에어텍,이정호,서울,마포-07-12-1,1288,574,252,420,41,127,3
기계설비,기계설비·가스공사업,7430,(주)한엔지니어링,하대수,충북,충북청주제02-12-07,2863,548,1775,438,101,425,3
기계설비,기계설비·가스공사업,7431,(주)한엔코,성두경,경기,화성13-10-10,1104,582,189,291,41,1320,3
기계설비,기계설비·가스공사업,7432,(주)한연,이성원,경기,광주22-파-05,1191,822,115,252,0,168,2
기계설비,기계설비·가스공사업,7433,(주)한영,양현태,제주,제주 제주2017-10-01,1007,603,0,378,25,502,3
기계설비,기계설비·가스공사업,7434,한영가스기공(주),"권오철, 위영완",울산,경북97-12-15,2649,1134,390,1010,113,1458,8
기계설비,기계설비·가스공사업,7435,한영건설(주),정윤석,경북,경북포항2025-파-04,1194,0,900,294,0,0,2
기계설비,기계설비·가스공사업,7436,한영공업,김한일,경기,평택20-23-0001,1066,399,270,378,17,573,3
기계설비,기계설비·가스공사업,7437,(주)한영기업,송인섭,대구,대구-97-12-182,1549,651,523,309,65,409,2
기계설비,기계설비·가스공사업,7438,한영산업(주),윤범수,전남광주,광주광산2013-10-03,19909,6720,12184,524,480,8931,4
기계설비,기계설비·가스공사업,7439,한영실업(주),조명희,충남,충남태안-2016-10-1,37,24,0,12,1,0,2
기계설비,기계설비·가스공사업,7440,(주)한영엔지니어링,박정식,경기,안성2013-10-2,944,373,165,378,26,253,3
기계설비,기계설비·가스공사업,7441,(주)한영엔지니어링,김혜영,세종,충남천안-09-10-06,3194,618,2133,397,44,143,3
기계설비,기계설비·가스공사업,7442,한영플랜트(주),윤태한,전남광주,순천2011-10-03,9186,2814,5792,378,201,3372,3
기계설비,기계설비·가스공사업,7443,(사)한올장애인자립복지회,신상균,전남광주,광주북2021-10-05,1294,326,589,378,0,777,3
기계설비,기계설비·가스공사업,7444,한우리건설(주),차경수,경기,의정부-2002-27-1-1,4368,1379,2071,778,138,2017,6
기계설비,기계설비·가스공사업,7445,한울냉건(주),최정,전남광주,광주광산2021-10-04,139,55,17,66,0,74,5
기계설비,기계설비·가스공사업,7446,한울빛리빙(주),이경원,경북,경북안동2014-10-01,3447,447,2156,811,31,1130,6
기계설비,기계설비·가스공사업,7447,(주)한울산업개발,김용권,경기,강남-08-10-09,5678,3098,1703,655,221,2336,5
기계설비,기계설비·가스공사업,7448,(주)한울엔지니어링,조용근,경기,고양2014-10-3,3326,381,2134,782,27,231,6
기계설비,기계설비·가스공사업,7449,한울이앤씨(주),김성복,경기,부천-10-10-10,1246,87,900,252,6,312,2
기계설비,기계설비·가스공사업,7450,(주)한울이엔지,김희식,서울,성북-02-12-1,8519,2733,4832,679,273,5754,5
기계설비,기계설비·가스공사업,7451,한울이엔지(주),배혜경,충남,충남보령2025-13-05호,385,0,132,252,0,0,2
기계설비,기계설비·가스공사업,7452,(주)한울이엔지,변혜경,제주,제주 서귀포2019-10-35,1454,593,313,522,25,1318,5
기계설비,기계설비·가스공사업,7453,한울이엔텍(주),추성하,충남,충남서천-2021-10-01,385,143,115,126,0,163,1
기계설비,기계설비·가스공사업,7454,(주)한울이엔티,김영도,경기,파주22-파-02,1428,717,546,164,0,582,1
기계설비,기계설비·가스공사업,7455,(주)한울자원산업,김윤희,경북,경북구미2024-파-4,1260,378,629,252,0,310,2
기계설비,기계설비·가스공사업,7456,(주)한울종합건설,이은주,충북,충북청주 24-파-7,7008,622,3737,2647,0,1173,19
기계설비,기계설비·가스공사업,7457,(주)한원엔지니어링,임영현,인천,92-서울-12-372,814,254,151,382,25,577,3
기계설비,기계설비·가스공사업,7458,(주)한유엔텍,박병철,충남,충남천안-2021-10-10,213,0,0,213,0,0,2
기계설비,기계설비·가스공사업,7459,(주)한은이엔씨,이진수,서울,서울-12-35,110813,62712,29277,12462,6360,80350,59
기계설비,기계설비·가스공사업,7460,(유)한음테크,윤삼섭,전북,전북전주2022-파-7호,1130,743,134,252,0,208,2
기계설비,기계설비·가스공사업,7461,한인전기기술,최상용,충북,충주2021-10-1,590,59,259,271,0,160,2
기계설비,기계설비·가스공사업,7462,(주)한인플랜트,안춘태,울산,울산남구2006-12-10,248,0,0,248,0,0,2
기계설비,기계설비·가스공사업,7463,한일ENG,신금철,충남,충남예산-2017-10-01,1301,142,900,252,6,196,2
기계설비,기계설비·가스공사업,7464,한일건설(주),"양승권, 손영호",경기,강남-17-10-07,2561,0,0,2561,0,0,6
기계설비,기계설비·가스공사업,7465,한일건설조경,김영윤,경남,의령2024-파-01,2051,255,1534,261,0,427,2
기계설비,기계설비·가스공사업,7466,(주)한일공무,이영섭,경기,수원2021-10-01,1405,209,817,378,0,487,3
기계설비,기계설비·가스공사업,7467,(주)한일기계,최민석,인천,인천남구2018-10-2,1245,637,309,271,27,716,2
기계설비,기계설비·가스공사업,7468,한일기계설비(주),배영달,인천,인천-92-12-13,540,148,99,278,14,158,2
기계설비,기계설비·가스공사업,7469,한일기업,김종열,부산,동래-2001-12-3,1495,634,412,385,63,780,3
기계설비,기계설비·가스공사업,7470,한일마이크로텍(주),김동엽,인천,인천남동18-10-07,1252,253,609,378,10,702,3
기계설비,기계설비·가스공사업,7471,한일무대설비시스템,모영수,대구,대구중구2009-10-2,1141,206,666,253,14,215,2
기계설비,기계설비·가스공사업,7472,한일산업개발(주),"김준모, 김진인",경기,시흥-24-파-4,1300,110,900,283,6,85,2
기계설비,기계설비·가스공사업,7473,(합)한일설비,전영덕,강원,강원-95-12-3,980,129,389,447,12,332,3
기계설비,기계설비·가스공사업,7474,(주)한일소방,이대근,울산,울산울주2025-파-12,1190,0,900,290,0,0,2
기계설비,기계설비·가스공사업,7475,한일엔지니어링,김강옥,강원,원주2023-파-05호,826,145,428,252,0,148,2
기계설비,기계설비·가스공사업,7476,(주)한일엔지니어링,김춘배,경북,경북구미2006-12-03,10989,5743,4455,379,410,8046,3
기계설비,기계설비·가스공사업,7477,(주)한일엔지니어링,임필영,경북,경북경산2021-10-1,1359,302,658,397,0,307,3
기계설비,기계설비·가스공사업,7478,(주)한일오닉스,서종석,인천,부천-08-10-9,1710,202,1216,277,14,178,2
기계설비,기계설비·가스공사업,7479,한일원자력(주),서승범,경기,안양-22-파-01,1651,120,900,631,0,388,5
기계설비,기계설비·가스공사업,7480,(주)한일이엔지,홍명수,울산,울산남구2021-10-14,1022,476,293,252,0,821,2
기계설비,기계설비·가스공사업,7481,(주)한일이엔지,윤범석,경북,경북예천2015-10-01,2950,1582,1128,126,113,2434,1
기계설비,기계설비·가스공사업,7482,한일종합기계(주),"이정연, 이석우",전남광주,광주광산2007-12-02,1869,823,436,550,58,1320,6
기계설비,기계설비·가스공사업,7483,(주)한일종합설비,김미화,제주,제주 제주2007-12-04,751,144,343,252,10,58,2
기계설비,기계설비·가스공사업,7484,한일지하수모타펌프,심명섭,경남,거제 2012-10-01,876,133,480,252,9,152,2
기계설비,기계설비·가스공사업,7485,(주)한일테크,김철배,충북,충북청주15-10-9,11298,3124,7281,669,223,3943,5
기계설비,기계설비·가스공사업,7486,(주)한일테크,강종규,전북,전북군산2012-10-04,3282,1907,819,419,136,3077,3
기계설비,기계설비·가스공사업,7487,한일통신(주),"강창선, 강태진",대전,대전유성-2018-10-3,1250,89,900,257,3,223,2
기계설비,기계설비·가스공사업,7488,(주)한일티앤씨,유제황,강원,강남-01-12-42,10673,7627,1386,896,762,16213,6
기계설비,기계설비·가스공사업,7489,한전KPS(주),김홍연,전남광주,92서울-12-261,69518,8714,49081,10850,871,8318,4
기계설비,기계설비·가스공사업,7490,한전산업개발(주),함흥규,서울,중구-00-12-2,17760,3923,11702,1742,392,6135,10
기계설비,기계설비·가스공사업,7491,한전이앤씨(주),이대규,충북,충북제천 24-파-1,647,207,187,252,0,231,2
기계설비,기계설비·가스공사업,7492,(주)한종이엔지,하재민,인천,인천동구 2009-10-02,5123,2514,1819,608,180,4485,4
기계설비,기계설비·가스공사업,7493,(주)한주공영,문순백,인천,인천-94-12-13,14690,4947,7087,2155,500,6348,16
기계설비,기계설비·가스공사업,7494,한주기계공업(주),김범준,경기,82-12-4,0,0,0,0,0,0,4
기계설비,기계설비·가스공사업,7495,(주)한주정공,한건운,전남광주,전남98-12-9,1177,22,900,252,2,34,2
기계설비,기계설비·가스공사업,7496,한주컨스트럭션,김주한,대전,대전유성-2015-10-2,1241,81,900,253,5,187,2
기계설비,기계설비·가스공사업,7497,(주)한중엔지니어링,"김관식, 김현이",서울,송파-07-12-2,1944,609,912,378,43,995,3
기계설비,기계설비·가스공사업,7498,(주)한중플랜트,강영중,경남,마산 2002-12-5,19867,10339,7177,1316,1033,14387,8
기계설비,기계설비·가스공사업,7499,(주)한진기공,김효태,전남광주,영암2023-파-02,1565,900,412,252,0,1527,2
기계설비,기계설비·가스공사업,7500,한진기업(주),이철주,경남,경남통영2017-10-02,574,171,98,298,7,0,3
기계설비,기계설비·가스공사업,7501,한진설비,유태수,부산,부산사하2007-12-01,1608,710,594,252,50,756,2
기계설비,기계설비·가스공사업,7502,(주)한진설비,한광희,경기,경기-96-12-26,1353,531,476,292,53,199,2
기계설비,기계설비·가스공사업,7503,(주)한진솔라,김미정,경남,진주2019-10-04,189,122,0,61,5,0,2
기계설비,기계설비·가스공사업,7504,(합)한진엔지니어링,김성남,강원,강원-98-12-4,969,186,442,321,18,596,2
기계설비,기계설비·가스공사업,7505,한진이엔지(주),엄대상,경기,파주17-23-01,422,14,154,252,0,18,2
기계설비,기계설비·가스공사업,7506,(주)한창디엔씨,한상태,서울,구로-05-12-1,1154,538,310,252,53,363,2
기계설비,기계설비·가스공사업,7507,(주)한창이엔지,이충교,서울,영등포-05-12-6,3868,1952,1322,397,195,5426,3
기계설비,기계설비·가스공사업,7508,(주)한창이엔지,문만수,부산,부산사상04-12-02,2156,885,898,283,88,1992,2
기계설비,기계설비·가스공사업,7509,한창중기(주),김성태,울산,울산울주2023-파-9,0,0,0,0,0,0,2
기계설비,기계설비·가스공사업,7510,(주)한테크,한윤교,충남,충남아산2026-13-04호,372,0,120,252,0,0,2
기계설비,기계설비·가스공사업,7511,(주)한테크,김경하,경북,경북포항99-12-132,2720,1629,422,505,162,2339,4
기계설비,기계설비·가스공사업,7512,(주)한텍,김강식,울산,경남-12-13,2540,0,900,1640,0,0,10
기계설비,기계설비·가스공사업,7513,(주)한필,박공근,전남광주,순천2026-파-02호,1735,512,655,568,0,0,4
기계설비,기계설비·가스공사업,7514,(주)한현,한만걸,경기,경기시흥2019-10-3,6589,3684,1988,757,157,5287,6
기계설비,기계설비·가스공사업,7515,한호종합건설(주),송만석,경기,수원-24-파-03,3087,328,1299,1459,0,422,10
기계설비,기계설비·가스공사업,7516,(주)한화,"류두형, 김우석, 김동관",서울,96-1,73014,0,900,72114,0,0,11
기계설비,기계설비·가스공사업,7517,한화레저(주),유승열,서울,영등포-99-12-10,6864,2189,3888,567,218,3134,4
기계설비,기계설비·가스공사업,7518,한화모멘템(주),홍순재,경기,성남-24-파(기계)-9,7327,498,2990,3838,0,947,2
기계설비,기계설비·가스공사업,7519,한화시스템(주),손재일,경북,서울중구06-12-02,7440,2632,4068,551,188,1818,3
기계설비,기계설비·가스공사업,7520,한화에너지(주),이재규,세종,화성12-10-1,0,0,0,0,0,0,3
기계설비,기계설비·가스공사업,7521,한화엔진(주),김종서,경남,창원 2003-12-11,3894,512,3077,252,51,815,2
기계설비,기계설비·가스공사업,7522,한화오션(주),김희철,경남,인천동구97-27-1,204998,0,900,204098,0,0,4
기계설비,기계설비·가스공사업,7523,한화오션에코텍(주),이창근,전남광주,광양2018-23-01,0,0,0,0,0,0,3
기계설비,기계설비·가스공사업,7524,(주)한화육삼시티,조현호,서울,영등포11-10-01,0,0,0,0,0,0,2
기계설비,기계설비·가스공사업,7525,(주)함손,손경희,울산,울산북구2025-파-01,497,8,236,252,0,12,2
기계설비,기계설비·가스공사업,7526,합동기계(주),임인표,강원,삼척2004-12-01,3283,1017,1873,290,101,1873,2
기계설비,기계설비·가스공사업,7527,합동에너지산업(주),한동철,대구,대구99-12-238,2138,1089,538,401,109,1334,3
기계설비,기계설비·가스공사업,7528,(주)합동엔지니어링,서경자,경남,창원 2010-10-12,2122,507,1017,561,36,361,4
기계설비,기계설비·가스공사업,7529,(주)합동이엔씨,송인립,대구,대구북구2013-10-2,1753,898,385,404,64,208,3
기계설비,기계설비·가스공사업,7530,(주)합동이엔지,"김광규, 배정윤",대구,대구서구2013-10-1,342,49,0,290,3,22,2
기계설비,기계설비·가스공사업,7531,합동전기(주),강정환,경남,서울-96-12-28,26242,5765,16771,3128,576,11807,24
기계설비,기계설비·가스공사업,7532,(주)해강이엔지,김형배,부산,부산동래2021-10-5,1214,387,530,296,0,381,2
기계설비,기계설비·가스공사업,7533,(주)해광,"김한수, 김면수",충북,충북-96-12-8,47390,5960,35760,5068,601,2465,19
기계설비,기계설비·가스공사업,7534,(주)해광공영,황용학,경북,대구 12-109,16791,6085,9176,918,610,5076,4
기계설비,기계설비·가스공사업,7535,(주)해광기업,정춘락,경북,경북포항2005-12-15,11096,5581,4180,776,558,5806,6
기계설비,기계설비·가스공사업,7536,해광이엔씨(주),"조인호, 박시영",서울,광주북-98-12-2,76082,38779,29874,3495,3933,38168,14
기계설비,기계설비·가스공사업,7537,(주)해누리이엔씨,윤창근,대구,대구동구2020-10-3,5579,3515,1352,561,150,4607,4
기계설비,기계설비·가스공사업,7538,(주)해동,한동옥,전남광주,담양-24-파-01,1744,309,955,479,0,608,3
기계설비,기계설비·가스공사업,7539,해동엔지니어링(주),신재식,전남광주,함평2017-10-01,209,28,44,135,1,49,5
기계설비,기계설비·가스공사업,7540,해동엔텍(주),이휘일,전남광주,나주2020-10-03,404,74,139,186,3,30,4
기계설비,기계설비·가스공사업,7541,(주)해동이앤씨,황찬혁,서울,종로16-10-01,1948,0,900,1048,0,0,8
기계설비,기계설비·가스공사업,7542,(주)해동이앤씨,안수현,전북,경기광주-2006-12-3,2022,598,730,650,42,584,5
기계설비,기계설비·가스공사업,7543,(주)해동이엔씨,양진영,서울,강남-16-10-01,10312,1373,8243,636,58,556,5
기계설비,기계설비·가스공사업,7544,(주)해드림,김정용,부산,부산동래2020-10-4,1066,215,424,416,9,210,3
기계설비,기계설비·가스공사업,7545,해드림에너지(주),박성언,대전,충남청양-2019-10-01,2708,325,1953,415,13,956,3
기계설비,기계설비·가스공사업,7546,(주)해든기연,백경기,서울,서대문-03-27-1-1,1195,257,261,650,25,73,5
기계설비,기계설비·가스공사업,7547,해람건설(주),김도수,경북,강릉17-10-02,1066,659,0,378,28,94,3
기계설비,기계설비·가스공사업,7548,해리산업(주),차진중,경기,광명19-10-2,720,46,420,252,1,78,2
기계설비,기계설비·가스공사업,7549,(주)해림이엔지,안춘호,경남,부산금정2005-12-04,3228,930,1953,252,93,1681,2
기계설비,기계설비·가스공사업,7550,(주)해밀공조시스템,유대성,서울,동대문-18-10-02,2927,404,2252,252,17,599,2
기계설비,기계설비·가스공사업,7551,해성기업(주),이환우,전남광주,광주서2018-10-01,4066,2802,756,387,120,2481,3
기계설비,기계설비·가스공사업,7552,해성산업개발(주),"이연풍, 이대민",전남광주,전남12-08,51330,22450,23502,3113,2264,28103,12
기계설비,기계설비·가스공사업,7553,(주)해성이엔지,김해동,경기,김포-19-10-05,422,108,121,188,4,102,2
기계설비,기계설비·가스공사업,7554,(주)해솔기계설비,구자선,경기,92-서울-12-275,617,332,0,252,33,30,2
기계설비,기계설비·가스공사업,7555,(주)해솔에너텍,이호재,인천,인천연수구-25-파-6,542,0,242,300,0,0,3
기계설비,기계설비·가스공사업,7556,(주)해송산업건설,최보규,강원,강원2003-12-10,971,388,280,263,38,368,2
기계설비,기계설비·가스공사업,7557,(주)해송이엔지,최권섭,전남광주,광주북2015-23-02,2518,1138,667,631,81,1709,5
기계설비,기계설비·가스공사업,7558,(주)해신,김영진,전남광주,광주서2000-27-1-01,1296,570,542,126,57,0,1
기계설비,기계설비·가스공사업,7559,(유)해신,배주원,전북,전북익산-22-파-03호,1146,227,440,478,0,489,4
기계설비,기계설비·가스공사업,7560,(주)해심,정환일,경북,경북포항2020-10-12,1340,154,927,252,6,41,2
기계설비,기계설비·가스공사업,7561,해양공조(주),최은묵,서울,95-서울-12-9,2303,1117,783,290,111,1101,2
기계설비,기계설비·가스공사업,7562,(주)해양에너지,정회,전남광주,서울-12-175,62,39,0,19,3,0,6
기계설비,기계설비·가스공사업,7563,(주)해우이엔씨,정재완,경기,고양2019-10-02,2480,630,1508,314,27,1998,2
기계설비,기계설비·가스공사업,7564,(주)해원,송재훤,대구,대구수성구2014-10-02,3067,749,2012,252,53,661,2
기계설비,기계설비·가스공사업,7565,해원건설(주),진홍성,전남광주,전북남원2000-27-05,287,31,0,252,3,23,2
기계설비,기계설비·가스공사업,7566,해원산업(주),이용재,울산,경남-95-12-9,36397,21036,9582,3651,2127,22103,21
기계설비,기계설비·가스공사업,7567,해유건설(주),한세우,충남,충남아산-2021-23-01,694,0,0,694,0,0,2
기계설비,기계설비·가스공사업,7568,(주)해인건설,한영임,경남,합천2017-10-01,2247,379,1571,252,43,264,2
기계설비,기계설비·가스공사업,7569,(주)해인기술,김창수,경기,안양-22-파-12,0,0,0,0,0,0,2
기계설비,기계설비·가스공사업,7570,(주)해인물산,민병집,대전,대전서구-02-12-3,9697,3598,5103,636,359,6757,5
기계설비,기계설비·가스공사업,7571,해인설비(주),신태만,대전,대전서구-01-12-4,2672,1745,372,378,174,541,2
기계설비,기계설비·가스공사업,7572,(주)해인엔씨,정형조,울산,울산남구2008-10-10,11246,5712,4271,854,408,6283,5
기계설비,기계설비·가스공사업,7573,(주)해인엔지니어링,유재학,울산,울산남구2006-12-04,22646,13052,7689,971,932,18484,3
기계설비,기계설비·가스공사업,7574,(유)해인엔지니어링,조철한,전북,전북남원 2009-10-02,1140,100,777,254,7,207,2
기계설비,기계설비·가스공사업,7575,(주)해인이엔지,오재영,대전,대전대덕-11-10-02,1111,478,181,416,34,257,3
기계설비,기계설비·가스공사업,7576,(주)해인진,소인호,경남,경남거제2022-파-01,1567,186,875,505,0,379,4
기계설비,기계설비·가스공사업,7577,(주)해인플랜트,박철흠,대구,대구수성구2016-10-2호,5659,3188,2039,294,136,2849,2
기계설비,기계설비·가스공사업,7578,(주)해일이엔지,박대호,부산,부산기장2013-10-01,3622,1080,1641,824,77,1319,6
기계설비,기계설비·가스공사업,7579,해전산업(주),김형식,전북,전북군산2017-10-03호,7678,767,4606,2271,33,1295,16
기계설비,기계설비·가스공사업,7580,(주)해종,김명희,충북,충북괴산12-10-1,5962,936,4439,519,67,1015,4
기계설비,기계설비·가스공사업,7581,(주)해주개발,유성준,경북,경북포항99-12-1,2531,461,1495,527,46,749,4
기계설비,기계설비·가스공사업,7582,해주산업(주),심정효,충남,충남당진-2017-10-05,639,68,442,126,2,0,1
기계설비,기계설비·가스공사업,7583,해진실업(주),최창영,경기,화성25-파-27호,1152,0,900,252,0,0,2
기계설비,기계설비·가스공사업,7584,(주)해창,남종석,경북,경북 울진2025-파-2,1658,310,969,378,0,443,3
기계설비,기계설비·가스공사업,7585,(주)해창비투비,김동인,전남광주,광주광산2019-10-05,4485,3717,356,252,159,4701,2
기계설비,기계설비·가스공사업,7586,해창설비(주),한기운,경기,94-서울-12-137,5061,1562,2665,676,156,2082,5
기계설비,기계설비·가스공사업,7587,해팍이앤지,김재남,대전,대전유성-2011-10-5,903,174,463,252,12,0,2
기계설비,기계설비·가스공사업,7588,해표산업(주),박제갑,전남광주,담양2010-10-01,604,164,156,271,11,0,2
기계설비,기계설비·가스공사업,7589,(주)핵광산업,정영섭,인천,구로-14-10-03,2625,573,565,1445,40,555,11
기계설비,기계설비·가스공사업,7590,(주)햇살이엔지,김수정,대구,대구달서구2024-파-02,1806,468,706,631,0,950,5
기계설비,기계설비·가스공사업,7591,(유)행중개발,이기홍,전북,전북익산-24-파-08호,3294,580,2461,252,0,913,2
기계설비,기계설비·가스공사업,7592,(주)헤리트,한미숙,경기,성남21-10-12,679,132,158,388,0,236,4
기계설비,기계설비·가스공사업,7593,헤븐건설(주),이형주,충남,충남보령-2015-10-02,2888,367,1686,807,26,842,6
기계설비,기계설비·가스공사업,7594,혁성실업(주),황민우,전남광주,광양2004-12-05,1796,0,900,896,0,0,6
기계설비,기계설비·가스공사업,7595,(주)혁신기업,성대일,대전,대전중구-13-10-01,4501,1915,2158,290,136,4758,2
기계설비,기계설비·가스공사업,7596,(주)혁신이앤씨,김수화,경북,대구북구2002-12-01,9039,4073,3843,716,407,6290,5
기계설비,기계설비·가스공사업,7597,(주)혁신이엔지,"신동혁, 김진아",경북,경북김천2021-10-01,855,226,377,252,0,237,2
기계설비,기계설비·가스공사업,7598,(주)혁신플랜트,권승욱,강원,태백2023-파-01호,1594,62,900,631,0,32,5
기계설비,기계설비·가스공사업,7599,혁진건설(주),박형국,강원,강원-92-12-8,5503,1333,3773,263,133,1081,2
기계설비,기계설비·가스공사업,7600,(주)현강,이준혁,전남광주,여수2018-10-11,194,50,17,124,2,62,2
기계설비,기계설비·가스공사업,7601,(주)현건축,남정화,전남광주,전남완도2024-파-07,1946,169,1018,757,0,280,6
기계설비,기계설비·가스공사업,7602,(주)현공조시스템,유재선,경남,창원진해2016-10-02,3282,985,1876,378,42,1338,3
기계설비,기계설비·가스공사업,7603,(주)현기계설비,강수묵,경기,평택-22-파-018,883,155,462,252,13,293,2
기계설비,기계설비·가스공사업,7604,(주)현남,윤복남,강원,원주2021-10-04호,818,237,328,252,0,578,2
기계설비,기계설비·가스공사업,7605,(주)현대가스설비,송유진,강원,원주2022-파-02호,513,20,168,324,0,30,3
기계설비,기계설비·가스공사업,7606,현대가스탑(주),지상록,경남,창원 2006-27-1-01,4404,658,3067,631,47,595,5
기계설비,기계설비·가스공사업,7607,현대건설(주),이한우,서울,종로97-27-1-1,81504,0,900,80604,0,0,48
기계설비,기계설비·가스공사업,7608,현대계장공업(주),"박종성, 박민우",서울,82-12-237,20950,12599,4917,2173,1259,25976,4
기계설비,기계설비·가스공사업,7609,(주)현대공영,심은섭,충북,충북제천제04-12-01,2851,602,1685,537,25,1251,4
기계설비,기계설비·가스공사업,7610,현대공영(주),전준형,충남,충남서산-2001-12-13,3693,1967,2096,276,-647,2867,2
기계설비,기계설비·가스공사업,7611,(주)현대공조,이종후,경기,경기-98-12-28,10535,1421,8531,439,142,1722,3
기계설비,기계설비·가스공사업,7612,현대공조(주),이병권,울산,경북경주2002-12-01,1096,612,116,306,61,264,22
기계설비,기계설비·가스공사업,7613,(주)현대공조시스템,문양주,경남,진주 2009-10-01,1582,559,439,543,39,979,4
기계설비,기계설비·가스공사업,7614,(자)현대기건,전상민,충남,충남-94-12-11,2889,507,1933,398,50,1104,3
기계설비,기계설비·가스공사업,7615,현대기계건설(주),성현옥,강원,강원 98-12-8,6314,2479,3021,565,247,1266,4
기계설비,기계설비·가스공사업,7616,현대기계설비(주),윤치연,전북,전북부안 2024-파-004호,691,159,279,252,0,139,2
기계설비,기계설비·가스공사업,7617,현대기술산업(주),이지철,서울,강동-01-12-1,8912,2481,5865,317,248,3548,2
기계설비,기계설비·가스공사업,7618,(주)현대기업,이기근,울산,경남-94-12-20,3279,1779,797,524,177,596,4
기계설비,기계설비·가스공사업,7619,(주)현대기전,정연탁,강원,삼척2024-파-01호,1406,459,654,292,0,820,2
기계설비,기계설비·가스공사업,7620,(주)현대냉동산업,윤철상,경기,용인2019-10-9,7719,5524,1579,378,236,266,3
기계설비,기계설비·가스공사업,7621,현대무벡스(주),도익한,서울,종로13-10-05,9589,1243,7461,795,89,352,3
기계설비,기계설비·가스공사업,7622,(주)현대바스,이춘화,서울,서초-10-10-07,1144,307,452,362,21,310,2
기계설비,기계설비·가스공사업,7623,(주)현대산업가스,김동호,충북,충북청주21-23-2,128,81,6,40,0,114,3
기계설비,기계설비·가스공사업,7624,현대산업이엔지(주),"정찬학, 류명옥",서울,광진-05-12-1,7411,3472,3183,409,347,4670,3
기계설비,기계설비·가스공사업,7625,(주)현대샤인개발,홍분남,경북,경북안동2001-12-02,2906,973,1380,455,97,1696,3
기계설비,기계설비·가스공사업,7626,(주)현대설비,임병선,울산,송파-07-12-1,1535,466,719,315,33,451,2
기계설비,기계설비·가스공사업,7627,(주)현대설비,박종훈,대구,대구12-98,943,335,307,266,33,900,2
기계설비,기계설비·가스공사업,7628,현대소방설비(주),노환병,대전,대전중구-23-파-01,8508,1578,5631,1297,0,4854,7
기계설비,기계설비·가스공사업,7629,현대스틸(주),김지영,강원,동해2025-파-03호,1224,72,900,252,0,103,2
기계설비,기계설비·가스공사업,7630,현대씨앤이(주),원우림,강원,양구2018-10-01호,2946,654,2011,252,28,1893,2
기계설비,기계설비·가스공사업,7631,현대아이에스씨(주),조동혁,인천,인천동구-2023-파-22,0,0,0,0,0,0,2
기계설비,기계설비·가스공사업,7632,현대아이티씨(주),이명구,충남,충남당진2022-파-04,1174,788,133,252,0,2147,2
기계설비,기계설비·가스공사업,7633,(주)현대에너지,장희근,전북,전북정읍2020-10-02,2204,243,1442,508,10,0,4
기계설비,기계설비·가스공사업,7634,(주)현대에스더블유디산업,이창규,경기,안산2009-10-5,6541,722,4336,1389,92,1174,11
기계설비,기계설비·가스공사업,7635,현대에이치티(주),이건구,서울,송파-02-12-11,0,0,0,0,0,0,2
기계설비,기계설비·가스공사업,7636,현대엔지니어링(주),주우정,서울,종로-15-23-01,39359,0,900,38459,0,0,4
기계설비,기계설비·가스공사업,7637,현대엔지니어링,김연식,부산,해운대2001-12-7,421,37,89,290,3,87,2
기계설비,기계설비·가스공사업,7638,(주)현대엔지니어링,박외관,부산,충북청주21-10-9,5770,1644,3808,316,0,213,2
기계설비,기계설비·가스공사업,7639,(주)현대엠이씨,나서연,서울,마포-99-12-3,952,283,258,382,28,17,3
기계설비,기계설비·가스공사업,7640,현대오토에버(주),류석문,서울,서초-13-10-06,1984,0,0,1984,0,0,2
기계설비,기계설비·가스공사업,7641,(주)현대워터텍,박세웅,경기,군포 2013-10-1,3451,1517,1099,726,109,2607,5
기계설비,기계설비·가스공사업,7642,(주)현대이엔티,윤문숙,부산,부산동래2009-10-02,3939,2557,576,621,184,1663,4
기계설비,기계설비·가스공사업,7643,(주)현대종합공사,하만수,대구,서울12-15,2728,615,1624,426,61,640,3
기계설비,기계설비·가스공사업,7644,(주)현대종합설비,윤영선,경기,광주북-2003-12-4,1190,34,900,252,3,17,2
기계설비,기계설비·가스공사업,7645,(주)현대주택,문대현,경남,진주 2021-10-03,1321,237,829,254,0,398,2
기계설비,기계설비·가스공사업,7646,현대중공업파워시스템(주),하태형,경기,성남20-10-3,2022,0,900,1122,0,0,8
기계설비,기계설비·가스공사업,7647,(주)현대테크,홍성배,충북,충북청주제05-12-11,2399,257,1547,568,25,13,4
기계설비,기계설비·가스공사업,7648,현대피에프산업(주),서정훈,울산,인천99-12-23,18585,11895,5121,378,1189,19463,3
기계설비,기계설비·가스공사업,7649,(주)현도공조,진충환,제주,제주 제주2008-10-05,1937,238,1429,253,17,448,2
기계설비,기계설비·가스공사업,7650,현동설비(주),"박판흠, 박희습",경남,경남99-12-2,2393,412,1396,543,41,584,4
기계설비,기계설비·가스공사업,7651,(주)현디자인건설,"류현수, 박정옥",경기,안양-24-파-01,1166,115,900,150,0,114,1
기계설비,기계설비·가스공사업,7652,(주)현보산업,조주생,경기,부천-10-10-2,2623,317,1904,378,22,465,3
기계설비,기계설비·가스공사업,7653,(주)현산이엔지,여재숙,부산,부산금정2018-10-02,2023,1249,464,255,53,660,2
기계설비,기계설비·가스공사업,7654,현성기전(주),이동희,강원,영월2021-10-01호,1588,611,575,401,0,689,3
기계설비,기계설비·가스공사업,7655,현성엔지니어링(주),이문규,충남,송파-06-12-16,9394,4705,2700,1652,336,8285,12
기계설비,기계설비·가스공사업,7656,(주)현성엔지니어링,우재욱,대전,대전유성2026-파-4호,372,0,120,252,0,0,2
기계설비,기계설비·가스공사업,7657,(주)현성이엔씨,양승진,서울,구로-01-12-1,1300,785,43,392,78,1313,4
기계설비,기계설비·가스공사업,7658,(주)현승,이현환,경기,평택07-12-1,6403,2482,3490,252,177,2997,2
기계설비,기계설비·가스공사업,7659,(주)현승이엔씨,박진옥,충북,충북진천22-파-7,1205,275,280,650,0,265,5
기계설비,기계설비·가스공사업,7660,현승이엔지(주),박종철,전남광주,광주남2016-10-01,13436,5239,7418,554,224,4588,3
기계설비,기계설비·가스공사업,7661,현영인더스트리(주),장재진,서울,광진-12-10-02,3018,1421,1116,378,101,1945,3
기계설비,기계설비·가스공사업,7662,(주)현우,이선열,강원,정선2018-10-01호,327,141,54,126,6,0,1
기계설비,기계설비·가스공사업,7663,현우기업(주),강은희,제주,충남태안-2011-10-01,1367,641,389,291,45,884,2
기계설비,기계설비·가스공사업,7664,현우산업(주),최영출,울산,부산-99-12-11,2440,826,1259,272,82,1124,2
기계설비,기계설비·가스공사업,7665,(주)현우설비가스,한홍동,서울,서울12-334,317,202,0,101,14,0,2
기계설비,기계설비·가스공사업,7666,(주)현우이앤씨,임성태,경북,경북구미2014-10-8,4575,2682,1196,505,191,4986,4
기계설비,기계설비·가스공사업,7667,(주)현우이앤에스,류정엽,경기,화성22-파-10,1061,34,900,126,0,19,1
기계설비,기계설비·가스공사업,7668,(주)현우이엠씨,조현갑,경남,창원2001-12-16,3497,634,2499,299,63,334,2
기계설비,기계설비·가스공사업,7669,(주)현우콘트롤테크,"이선희, 이돈희",서울,은평-99-12-3,3798,994,2306,397,99,2251,3
기계설비,기계설비·가스공사업,7670,현우플랜트(주),윤병열,전남광주,전남12-91,1063,370,529,126,37,0,1
기계설비,기계설비·가스공사업,7671,(주)현웅이엔지,김희원,강원,충북92-12-20,10826,4560,5009,797,458,4815,6
기계설비,기계설비·가스공사업,7672,(주)현일시스템,박원철,충남,충남아산2025-13-12호,1152,0,900,252,0,0,2
기계설비,기계설비·가스공사업,7673,(주)현일이앤씨,김완중,서울,송파-11-10-03,20418,4136,14734,1251,296,7347,9
기계설비,기계설비·가스공사업,7674,(주)현주에너지,한기웅,경기,용산2010-23-01,2559,925,936,631,66,1636,5
기계설비,기계설비·가스공사업,7675,(주)현진,박근식,경북,경북성주2008-10-1,1055,224,308,506,16,245,4
기계설비,기계설비·가스공사업,7676,(주)현진건설,김정희,강원,태백2014-10-01호,1386,331,778,252,23,761,2
기계설비,기계설비·가스공사업,7677,(주)현진건설,변종대,강원,춘천2020-10-01호,994,218,349,416,9,369,3
기계설비,기계설비·가스공사업,7678,현진건설산업(주),양장원,전남광주,광주서2012-10-03,1872,481,901,455,34,983,3
기계설비,기계설비·가스공사업,7679,(주)현진기계건설,남창현,강원,원주2004-12-04,1483,280,466,707,28,18,5
기계설비,기계설비·가스공사업,7680,(주)현진시스템,김규철,경북,경산2024-파-1,622,254,76,291,0,280,3
기계설비,기계설비·가스공사업,7681,(주)현진엠이씨,박정연,경기,의정부2022-파-1,133,95,-10,47,0,83,2
기계설비,기계설비·가스공사업,7682,현진이엔지,임국현,부산,부산영도2018-10-03,2534,1029,1208,252,44,1117,2
기계설비,기계설비·가스공사업,7683,(주)현진크린텍,양대진,충북,대구 달서구2009-10-3,1541,808,395,280,57,940,2
기계설비,기계설비·가스공사업,7684,(유)현진테크,최강일,충남,충남서천-2017-10-02,2629,470,1760,378,20,609,3
기계설비,기계설비·가스공사업,7685,(주)현창엔지니어링,김해선,전북,전북김제2004-06-18,6175,3303,1626,631,613,5696,5
기계설비,기계설비·가스공사업,7686,(주)현테크,김형주,경기,파주20-10-3,7667,6729,270,378,288,14406,3
기계설비,기계설비·가스공사업,7687,(주)현테크이엔지,김현성,경기,화성23-파-04,1729,211,1266,252,0,880,2
기계설비,기계설비·가스공사업,7688,협성개발(주),최은옥,부산,부산-12-16,1379,0,900,479,0,0,3
기계설비,기계설비·가스공사업,7689,협성기계설비(주),"최용주, 황남순",대전,89-서울-12-16,5902,1987,2745,969,199,2126,7
기계설비,기계설비·가스공사업,7690,(주)협성기전,"김경현, 김판수",경기,96-서울-12-56,139567,28575,104200,3933,2857,45265,7
기계설비,기계설비·가스공사업,7691,협성설비(주),조규성,경기,경기-92-12-58,4514,525,3154,780,52,745,6
기계설비,기계설비·가스공사업,7692,(주)협성이엔지,권용미,경기,이천-2006-12-2,1681,406,863,382,29,719,3
기계설비,기계설비·가스공사업,7693,(주)협성이엔지,우성진,경기,안산2009-23-002,23112,9037,11942,1481,650,12396,11
기계설비,기계설비·가스공사업,7694,(주)협성이엔지,유대호,경기,화성14-10-13,3081,2401,0,508,171,312,4
기계설비,기계설비·가스공사업,7695,(주)협신기계,장미현,전북,전북순창2017-10-01,2858,845,1332,643,36,2088,4
기계설비,기계설비·가스공사업,7696,(주)협신기계제작소,엄태화,경기,안산2018-10-04,30604,8108,21453,695,347,12500,5
기계설비,기계설비·가스공사업,7697,(주)협신이엠에스,서상혁,전남광주,광주남2017-10-03,2186,752,1148,252,32,763,2
기계설비,기계설비·가스공사업,7698,협심설비(주),조용남,서울,종로-99-12-4,623,126,232,252,12,66,2
기계설비,기계설비·가스공사업,7699,(주)협진엔지니어링,"조민호, 조중현",경기,안산2009-10-7,2773,336,2016,396,24,793,3
기계설비,기계설비·가스공사업,7700,(주)협진테크,안성대,경북,대구99-12-239,6106,2195,3002,688,219,3276,5
기계설비,기계설비·가스공사업,7701,협창이앤씨(주),김영태,서울,경기-92-12-17,8977,4295,3165,1086,429,5013,8
기계설비,기계설비·가스공사업,7702,(주)형강이엔지,신경주,부산,동래-99-12-05,1084,189,457,418,18,168,3
기계설비,기계설비·가스공사업,7703,(주)형원,김성철,제주,제주 제주2015-10-02,1306,512,0,757,36,262,6
기계설비,기계설비·가스공사업,7704,(주)형원이엔지,김정환,경기,안양-10-10-7,68822,31791,31809,2951,2270,56115,4
기계설비,기계설비·가스공사업,7705,(주)형제건업,정한재,경북,경북의성2000-12-1,1755,208,1250,275,20,627,2
기계설비,기계설비·가스공사업,7706,형제엔지니어링(주),이경준,서울,양천2021-10-02,595,185,64,345,0,120,3
기계설비,기계설비·가스공사업,7707,형제종합건설(주),유한나,전남광주,장흥-24-파-01,2826,367,2202,256,0,731,2
기계설비,기계설비·가스공사업,7708,형진건설(주),이진형,경기,시흥2015-23(1)-10,1256,566,270,378,40,583,3
기계설비,기계설비·가스공사업,7709,(유)형진기공,조영춘,전북,전북군산2012-10-05,13574,7002,5800,271,500,10719,2
기계설비,기계설비·가스공사업,7710,(주)혜룡이엔씨,유용수,충북,충북청주17-10-9,1250,606,283,333,26,837,2
기계설비,기계설비·가스공사업,7711,(주)혜린,박진경,강원,원주2009-10-01,1441,360,512,543,25,552,4
기계설비,기계설비·가스공사업,7712,(주)혜림건설산업,이상훈,경남,창원의창2022-파-03,1915,324,959,631,0,273,5
기계설비,기계설비·가스공사업,7713,(주)혜림이엔지,이명숙,경기,경기-92-12-39,18293,7500,9237,806,750,11982,6
기계설비,기계설비·가스공사업,7714,(주)혜민엔지니어링,전경도,경북,광주광산2017-10-02,3549,1398,1838,252,59,2203,2
기계설비,기계설비·가스공사업,7715,(주)혜민이엔지,장상윤,대구,대구수성-23-파-01호,2292,1028,883,380,0,907,3
기계설비,기계설비·가스공사업,7716,혜서산업(주),전진마,경북,경북포항2018-10-09,1152,0,900,252,0,0,2
기계설비,기계설비·가스공사업,7717,(주)혜성,유계호,제주,제주-94-12-6,9066,3693,4017,986,370,3261,7
기계설비,기계설비·가스공사업,7718,(주)혜성기계산업,원정희,강원,원주2025-파-04호,382,0,129,252,0,0,2
기계설비,기계설비·가스공사업,7719,(주)혜성기업,박양균,경기,시흥-2001-12-6,32008,7727,22674,833,772,8034,6
기계설비,기계설비·가스공사업,7720,(주)혜성에너지,이은수,서울,구로-02-27-1-2,209,15,0,192,1,12,3
기계설비,기계설비·가스공사업,7721,(주)혜성이엔지,이종태,울산,울산울주2010-23-43,20804,3306,16756,505,236,5636,4
기계설비,기계설비·가스공사업,7722,(주)혜성이엔지,이성헌,경남,밀양 2001-12-3,1720,447,849,378,44,517,3
기계설비,기계설비·가스공사업,7723,(주)혜성환경,장공례,경기,안양-25-파-01,435,0,182,252,0,0,2
기계설비,기계설비·가스공사업,7724,(주)호감,김종두,서울,성남14-10-4,23810,16898,5188,510,1211,18982,4
기계설비,기계설비·가스공사업,7725,(유)호남산업설비,위성백,전남광주,목포2002-12-1,2227,668,1076,416,66,800,3
기계설비,기계설비·가스공사업,7726,(주)호만엠이씨,이근호,서울,마포-15-10-01,4512,2082,2010,271,148,5315,2
기계설비,기계설비·가스공사업,7727,(주)호반건설,고옥화,강원,춘천2022-파-01호,836,244,339,252,0,283,2
기계설비,기계설비·가스공사업,7728,(주)호빈이엔씨,안현숙,제주,제주제주2023-13-03,1868,608,752,507,0,979,4
기계설비,기계설비·가스공사업,7729,(주)호산건설,고정민,경기,화성20-23-01,949,310,121,505,13,646,4
기계설비,기계설비·가스공사업,7730,(주)호성E.C,손일한,부산,부산-94-12-16,20015,8471,9506,1188,849,9957,7
기계설비,기계설비·가스공사업,7731,(주)호성건설,정인수,경기,94-서울-12-95,2614,949,1175,394,94,1881,3
기계설비,기계설비·가스공사업,7732,(주)호성건설,이진범,전남광주,전남장성2006-12-02,4237,1894,1391,815,135,4733,6
기계설비,기계설비·가스공사업,7733,(주)호성기건,김만섭,서울,양천-14-10-02,15204,6956,6282,1468,496,4219,10
기계설비,기계설비·가스공사업,7734,(주)호성이엔티,박미성,경남,수성구 2009-12-01,2727,693,1424,560,49,1675,4
기계설비,기계설비·가스공사업,7735,(주)호성테크,홍영의,부산,부산동구2013-10-01,2157,927,746,417,66,497,3
기계설비,기계설비·가스공사업,7736,(주)호안건설,이재용,충남,충남보령-2023-13-04,1006,375,377,252,0,623,2
기계설비,기계설비·가스공사업,7737,호암엔지니어링(주),진춘호,울산,울산중구2001-12-04,6146,3492,1314,990,349,4758,7
기계설비,기계설비·가스공사업,7738,호암엔지니어링(주),"윤기상, 석관수",충북,충주2015-10-3,3115,381,2289,416,27,811,3
기계설비,기계설비·가스공사업,7739,(주)호암엔지니어링,박광렬,전북,전북전주2009-10-9,37,27,-6,13,1,0,2
기계설비,기계설비·가스공사업,7740,(주)호암이엘,배범석,부산,금정-23-파-001호,1543,175,1052,315,0,190,2
기계설비,기계설비·가스공사업,7741,(주)호원,손재엽,충북,충북진천25-파-3,5996,800,2557,2637,1,1143,18
기계설비,기계설비·가스공사업,7742,(주)호원엔지니어링,신장근,전북,전북전주2006-12-9,1474,92,891,483,6,270,3
기계설비,기계설비·가스공사업,7743,(주)호원이엔지,최용수,경기,포천-07-12-1,3804,1409,1915,378,100,2376,3
기계설비,기계설비·가스공사업,7744,(주)호윤산업개발,한은하,충북,충북청주17-10-8,1435,167,1007,252,7,309,2
기계설비,기계설비·가스공사업,7745,호인건설(주),양경호,부산,부산진2012-10-02,2313,408,1493,381,29,945,3
기계설비,기계설비·가스공사업,7746,호일프랜트(주),김영표,전남광주,전남92-12-66,22844,12967,7488,1092,1296,18770,6
기계설비,기계설비·가스공사업,7747,호평중공업(주),조강식,인천,전북김제2013-10-01,1449,51,0,1394,3,85,12
기계설비,기계설비·가스공사업,7748,(주)호화이엔지,김경화,서울,안산2021-10-04,1167,228,686,252,0,276,2
기계설비,기계설비·가스공사업,7749,(주)홍도엔지니어링,박노순,충남,대전서구-01-27-3,3177,927,1395,762,92,1650,6
기계설비,기계설비·가스공사업,7750,홍산건설(주),신상기,부산,부산동래2023-파-01,4392,553,3320,518,0,629,4
기계설비,기계설비·가스공사업,7751,(주)홍산솔루션,이병학,인천,서초-20-10-02,5254,3627,1010,460,155,4498,3
기계설비,기계설비·가스공사업,7752,홍선산업(주),이희란,서울,영등포-99-12-15,6196,4055,1192,543,405,5476,4
기계설비,기계설비·가스공사업,7753,홍성건설(주),곽귀희,인천,대전대덕-08-10-03,3494,1494,1640,252,106,1462,2
기계설비,기계설비·가스공사업,7754,(주)홍영건설,김희주,부산,금정-2000-12-1,9886,6289,2468,500,628,4643,3
기계설비,기계설비·가스공사업,7755,(주)홍영이엔지,김홍식,부산,금정-24-파-001-호,593,376,9,207,0,672,2
기계설비,기계설비·가스공사업,7756,(주)홍우도시개발,홍재성,경기,영등포21-10-02,1571,200,1118,252,0,133,2
기계설비,기계설비·가스공사업,7757,(주)홍은이엔지,김준재,울산,울산울주2023-파-1,426,31,268,126,0,51,1
기계설비,기계설비·가스공사업,7758,홍익공조설비,안미화,강원,춘천2025-파-02호,707,23,431,252,0,33,2
기계설비,기계설비·가스공사업,7759,(주)홍익엔지니어링,정종익,경기,성남08-10-3,23281,5897,12743,4219,421,10412,16
기계설비,기계설비·가스공사업,7760,(주)홍익엔지니어링,곽옥순,경북,경북구미2020-10-10,1174,270,513,378,11,181,3
기계설비,기계설비·가스공사업,7761,(주)홍익이앤지,임대철,전남광주,여수2016-10-18,8386,6733,859,505,288,9123,4
기계설비,기계설비·가스공사업,7762,(주)홍익플랜트,탁재엽,전북,충남금산-2007-12-1,4168,2709,612,653,193,3765,5
기계설비,기계설비·가스공사업,7763,(주)홍재설비,강영식,제주,제주 제주2016-10-06,961,422,204,315,18,154,2
기계설비,기계설비·가스공사업,7764,(주)홍주기업공사,김은구,충남,충남홍성-2014-10-01,4421,456,2738,1193,32,294,9
기계설비,기계설비·가스공사업,7765,홍해기술(주),방준엽,울산,서울-82-12-233,11001,5158,4696,631,515,5877,5
기계설비,기계설비·가스공사업,7766,(주)홍현이엔지,최윤주,경기,구리-2003-12-1,22615,5648,14781,1619,566,5809,12
기계설비,기계설비·가스공사업,7767,(주)화랑에프에이,선종선,경기,시흥-24-파-13,816,0,564,252,0,0,2
기계설비,기계설비·가스공사업,7768,(주)화랑환경,오황균,대전,대전대덕-23-03-02,1169,77,839,252,0,90,2
기계설비,기계설비·가스공사업,7769,(주)화련산업,고지숙,서울,경기-97-12-15,11779,4147,5383,1832,415,4729,13
기계설비,기계설비·가스공사업,7770,(주)화림에너지,김인기,경기,동대문-05-27-1-1,2778,970,826,884,97,1394,6
기계설비,기계설비·가스공사업,7771,(주)화명건설,박명생,경남,경남98-12-2,3839,1146,2303,275,115,1670,2
기계설비,기계설비·가스공사업,7772,화명산업(주),이상학,경북,경북경주2013-10-01,755,237,0,500,16,205,3
기계설비,기계설비·가스공사업,7773,화빈기계(주),안성호,충남,인천동구2006-12-01,15572,6452,7464,1010,645,8736,8
기계설비,기계설비·가스공사업,7774,(주)화성,이상무,충남,충남논산2024-13-01호,560,80,227,252,0,133,2
기계설비,기계설비·가스공사업,7775,(주)화성,윤창원,경북,영천09-10-01,1608,191,1150,252,13,223,2
기계설비,기계설비·가스공사업,7776,(주)화성개발,"이홍중, 김창희",대구,대구북구2018-10-1호,4304,0,900,3404,0,0,3
기계설비,기계설비·가스공사업,7777,(주)화성공영,김해진,부산,동래2001-12-9,3072,1529,1135,254,152,1869,2
기계설비,기계설비·가스공사업,7778,(주)화성산업,"최동근, 최동국",경북,경북94-12-125,3420,1209,1828,260,120,1712,2
기계설비,기계설비·가스공사업,7779,화성엔지니어링(주),"류성목, 김도형",서울,광주-12-4,208954,63547,126123,12928,6354,78553,56
기계설비,기계설비·가스공사업,7780,(주)화성엔지니어링,김영곤,경기,평택2001-27-1-2,5774,1340,3602,696,134,1742,5
기계설비,기계설비·가스공사업,7781,(주)화성이엔지,이재열,충북,충북청주16-10-7,6283,2902,2499,757,124,3293,6
기계설비,기계설비·가스공사업,7782,(주)화성전기이엔씨,민유리,울산,울산중구2023-파-2,590,15,322,252,0,0,2
기계설비,기계설비·가스공사업,7783,(주)화성테크윈,김은화,충북,충북청주26-파-10,2099,0,900,1199,0,0,9
기계설비,기계설비·가스공사업,7784,(주)화성펌프기전,김봉찬,제주,제주제주2023-13-04,1303,168,881,252,0,276,2
기계설비,기계설비·가스공사업,7785,(유)화수이앤티,김화순,전남광주,목포2019-10-01,1103,109,737,252,4,197,2
기계설비,기계설비·가스공사업,7786,(주)화승이엔씨,임성수,부산,김해 2009-12-02,4581,1551,1992,926,110,1521,6
기계설비,기계설비·가스공사업,7787,(주)화신건설,"염도연, 하승규",경북,경북구미2023-파-3,1291,133,900,258,0,352,2
기계설비,기계설비·가스공사업,7788,(주)화신기계,문성식,충남,충남당진-2019-10-01,4753,3659,432,505,156,1826,4
기계설비,기계설비·가스공사업,7789,화신엔지니어링(주),서춘범,서울,동대문-98-12-1,2029,393,1321,275,39,585,2
기계설비,기계설비·가스공사업,7790,화신열기(주),오은좌,경북,경북79-12-9,1185,328,425,397,32,341,3
기계설비,기계설비·가스공사업,7791,(주)화신이앤비,선윤관,인천,인천남동00-12-11,1174,18,900,253,1,0,2
기계설비,기계설비·가스공사업,7792,(주)화신이엔지,"이정수, 최낙열",충남,충남당진-2022-23-01,3470,1616,1347,505,0,2803,4
기계설비,기계설비·가스공사업,7793,화신테크(주),"박길범, 류청",대전,대전유성-2021-10-1,1661,165,991,505,0,208,4
기계설비,기계설비·가스공사업,7794,(주)화신플랜트,"고인상, 고대용",서울,동대문93-27-1-1,943,187,231,505,18,308,4
기계설비,기계설비·가스공사업,7795,(주)화영산업,이영대,충북,충북단양13-10-1,2391,302,1814,252,21,398,2
기계설비,기계설비·가스공사업,7796,화영이엔지(주),최정미,충남,충남천안2025-파-10호,592,32,244,315,0,46,3
기계설비,기계설비·가스공사업,7797,(주)화우이엔지,최명철,서울,구로-19-10-03,2167,1122,450,545,48,1367,4
기계설비,기계설비·가스공사업,7798,화운건설(주),김지수,세종,충남공주-파-01호,1167,163,848,155,0,252,1
기계설비,기계설비·가스공사업,7799,화인건설(주),이석근,충남,충남천안-98-12-4,3336,1211,1582,420,121,2620,3
기계설비,기계설비·가스공사업,7800,(주)화인메컨,"허용주, 백문길",서울,서울-82-12-09,39028,30545,3106,2321,3054,37053,12
기계설비,기계설비·가스공사업,7801,(주)화인멕스,김기호,전남광주,광주북-23-파-02,533,60,146,325,0,89,3
기계설비,기계설비·가스공사업,7802,화인시스템(주),"권학철, 신호용",대구,2015-10-3호,4973,884,3774,252,63,2049,2
기계설비,기계설비·가스공사업,7803,(주)화인씨앤엠,양청미,울산,여수2010-10-04,20914,13770,3608,1568,1967,22937,9
기계설비,기계설비·가스공사업,7804,(주)화인아이앤씨,이현성,인천,인천서구2020-10-10,2021,1297,162,505,56,718,4
기계설비,기계설비·가스공사업,7805,(주)화인에어텍,최종남,경기,안양-2006-12-5,10278,4746,4940,252,339,5173,2
기계설비,기계설비·가스공사업,7806,화인종합설비(주),이진탁,제주,제주 제주2007-12-06,3270,706,2097,416,50,1260,3
기계설비,기계설비·가스공사업,7807,화인테크,김종근,경북,경북구미2019-10-9,1142,451,418,252,19,503,2
기계설비,기계설비·가스공사업,7808,(주)화인포스텍,박문선,충남,충남천안-10-10-02,3691,441,2649,568,31,1094,4
기계설비,기계설비·가스공사업,7809,화일산기(주),김율하,경북,경북포항2009-10-03,1594,859,168,504,61,771,48
기계설비,기계설비·가스공사업,7810,(주)화일씨앤이,이세호,경기,고양2023-파-05,56,0,56,0,0,0,0
기계설비,기계설비·가스공사업,7811,(유)화진,서봉수,전남광주,전남화순2015-10-01,893,114,392,378,8,38,3
기계설비,기계설비·가스공사업,7812,(합)화진건설,김상태,충남,충남-97-12-6,1010,177,543,271,17,128,2
기계설비,기계설비·가스공사업,7813,(주)화진산업개발,김정래,충남,충남논산-2013-23-01,1795,293,1102,378,21,189,3
기계설비,기계설비·가스공사업,7814,화진이앤씨(주),황문석,서울,성동-01-12-3,822,395,261,126,39,369,1
기계설비,기계설비·가스공사업,7815,(주)화진이엔씨,김종순,대전,대전서구24-파-2호,771,143,272,356,0,188,3
기계설비,기계설비·가스공사업,7816,(유)화진이엔지,박진아,전북,전북전주2005-27-1-2,2039,433,1183,378,43,141,3
기계설비,기계설비·가스공사업,7817,(주)화진플랜트,임성식,울산,울산남구2016-10-09,3615,2314,822,378,99,1747,3
기계설비,기계설비·가스공사업,7818,화천미래기업(주),강병남,충남,충남태안2025-13-02호,674,0,422,252,0,0,2
기계설비,기계설비·가스공사업,7819,화풍건설(주),유택상,서울,중구18-10-02,2523,415,1094,995,17,652,7
기계설비,기계설비·가스공사업,7820,(주)환경솔루션,정진영,경북,고양2016-10-07,2286,288,1731,253,12,525,2
기계설비,기계설비·가스공사업,7821,환경에너지솔루션(주),이상헌,경기,과천2012-10-85,2359,255,1535,549,18,914,2
기계설비,기계설비·가스공사업,7822,(주)환경이에스피,송준영,전남광주,광주북2004-12-2,1161,286,325,520,28,313,9
기계설비,기계설비·가스공사업,7823,환경이엔지(주),유창수,서울,82-12-245,80089,47202,18615,9497,4774,72242,24
기계설비,기계설비·가스공사업,7824,(유)환경테크,정영식,전북,전북무주2011-10-01,2078,636,1143,252,45,1031,2
기계설비,기계설비·가스공사업,7825,(주)환승이엔지,정현진,울산,양산 2000-12-4,44194,31565,4696,4775,3156,37992,15
기계설비,기계설비·가스공사업,7826,(주)환영엔지니어링,이윤희,경기,화성20-10-43,2186,1071,816,252,45,1361,2
기계설비,기계설비·가스공사업,7827,(주)환영이엔지,서영란,대전,대전서구-17-10-1,3743,1314,1993,378,56,1822,3
기계설비,기계설비·가스공사업,7828,(유)황금건설,이종열,전남광주,목포2005-12-3,4532,1363,2528,505,136,2169,4
기계설비,기계설비·가스공사업,7829,(주)황민설비공사,안승민,충남,충남천안-98-12-2,1014,56,699,252,5,0,2
기계설비,기계설비·가스공사업,7830,회명워터젠(주),한창호,경북,충남천안-2014-10-09,6974,2929,3582,252,209,4792,2
기계설비,기계설비·가스공사업,7831,효단건설(주),임재성,경기,의정부2015-10-1,3597,400,2117,1051,29,290,7
기계설비,기계설비·가스공사업,7832,(유)효동건설,김진석,전북,전북익산 2009-12-17,2021,103,900,1010,7,39,8
기계설비,기계설비·가스공사업,7833,효림개발(유),김인식,전북,전북전주2009-23-1,1120,573,254,252,40,632,2
기계설비,기계설비·가스공사업,7834,효림이엔아이(주),"남태훈, 신호준",경기,94-서울-12-24,13920,2233,8441,3021,224,3440,22
기계설비,기계설비·가스공사업,7835,(주)효산개발,박철우,부산,부산남구2014-10-02,14267,8601,2845,2206,614,14508,7
기계설비,기계설비·가스공사업,7836,효성TMC,임진식,세종,세종시2019-23-01,2577,1289,980,252,55,1755,2
기계설비,기계설비·가스공사업,7837,(주)효성감속기,"박주철, 박정훈",인천,인천남동13-10-04,562,2,306,252,0,10,2
기계설비,기계설비·가스공사업,7838,효성기계플랜트,이덕섭,강원,속초2010-10-03,756,218,236,286,15,362,4
기계설비,기계설비·가스공사업,7839,(주)효성설비,조중연,경기,경기-94-12-17,2675,962,1070,545,96,1487,4
기계설비,기계설비·가스공사업,7840,효성아쿠아텍(주),손영삼,경기,파주20-10-05,251,162,0,81,6,0,2
기계설비,기계설비·가스공사업,7841,(주)효성엔바이로,허학재,인천,인천서구2010-10-05,2156,1172,331,568,83,1290,4
기계설비,기계설비·가스공사업,7842,(주)효성엔지니어링,신현구,경북,경북칠곡군-2007-12-01,1879,230,1380,252,16,259,2
기계설비,기계설비·가스공사업,7843,(유)효성이에스,윤형순,경기,목포2007-12-2,3968,840,2688,378,60,919,3
기계설비,기계설비·가스공사업,7844,(주)효성이엔씨,이일교,경북,경북포항2014-10-08,0,0,0,0,0,0,15
기계설비,기계설비·가스공사업,7845,효성조경개발(주),윤근수,대전,대전중구-14-10-01,2006,192,1156,643,13,152,5
기계설비,기계설비·가스공사업,7846,효성중공업(주),우태희,서울,마포-08-23-1,18148,0,900,17248,0,0,9
기계설비,기계설비·가스공사업,7847,(주)효승테크,김재정,부산,부산동래2008-10-02,5873,1180,4061,547,84,2663,4
기계설비,기계설비·가스공사업,7848,(주)효신플랜트,김여종,부산,부산영도2011-23-01,2804,614,1641,505,43,856,4
기계설비,기계설비·가스공사업,7849,(주)효원,김종후,경남,창원의창2023-파-04,931,137,532,261,0,25,2
기계설비,기계설비·가스공사업,7850,(주)효은공조,전홍집,경기,고양2012-10-3,6487,846,5076,505,60,756,4
기계설비,기계설비·가스공사업,7851,효준정밀(주),김효정,경기,화성16-10-17,13909,4432,8902,384,189,12557,2
기계설비,기계설비·가스공사업,7852,(주)효진엔지니어링,서익환,충남,충남천안-2020-10-08,10918,4155,4898,1682,182,5973,11
기계설비,기계설비·가스공사업,7853,(주)효진이엔씨,김귀화,부산,부산사상25-파-3호,535,85,197,252,0,122,2
기계설비,기계설비·가스공사업,7854,효한전기(주),홍순선,부산,부산동구2020-10-01,1184,29,900,254,1,0,2
기계설비,기계설비·가스공사업,7855,(주)후레쉬공조,변형식,서울,종로10-10-03,1700,632,769,252,45,1054,2
기계설비,기계설비·가스공사업,7856,(주)후림엔지니어링,김용효,전남광주,여수2005-12-04,1844,434,1240,126,43,729,1
기계설비,기계설비·가스공사업,7857,후성정공(주),이희찬,경기,화성07-12-7,3980,2660,371,757,190,4639,6
기계설비,기계설비·가스공사업,7858,(주)후소엔지니어링,이경섭,전남광주,전남화순2020-10-02,1391,72,900,416,3,184,3
기계설비,기계설비·가스공사업,7859,(주)훼이스,김주형,경기,오산2008-10-1,7009,2326,3821,695,166,4556,5
기계설비,기계설비·가스공사업,7860,(주)휘양,이유미,경기,마포09-10-02,1271,416,572,252,29,753,2
기계설비,기계설비·가스공사업,7861,휴론텍(주),김상종,대전,대전대덕-03-12-1,6145,3958,868,921,395,4440,7
기계설비,기계설비·가스공사업,7862,(주)휴먼스테이지,이학재,경남,경북칠곡군2008-10-03,1829,598,683,505,42,1027,4
기계설비,기계설비·가스공사업,7863,(주)휴먼에어텍,신형식,충남,성남-07-12-5,7615,4605,1607,1073,328,2510,8
기계설비,기계설비·가스공사업,7864,(주)휴먼이엔지,원아침,강원,인제2026-파-01호,372,0,120,252,0,0,2
기계설비,기계설비·가스공사업,7865,(주)휴먼코리아테크,김미옥,충남,충남아산-2022-13-07,447,119,74,252,0,306,2
기계설비,기계설비·가스공사업,7866,(주)휴먼텍,이근종,경기,의왕2018-10-02,8095,1628,5029,1368,69,903,9
기계설비,기계설비·가스공사업,7867,휴미텍코리아(주),정창식,인천,인천서구2025-파-03,501,0,248,252,0,0,2
기계설비,기계설비·가스공사업,7868,(주)휴시스템,김경중,경기,안양-13-10-06,3182,505,2136,505,36,454,4
기계설비,기계설비·가스공사업,7869,(주)휴엔텍,김창주,전남광주,여수2013-10-08,65756,52287,4776,4958,3734,67047,16
기계설비,기계설비·가스공사업,7870,(주)휴텍,"이윤수, 정백진",경기,송파-15-10-08,9499,1856,6862,647,132,1551,5
기계설비,기계설비·가스공사업,7871,(주)휴텍엔지니어링,유경종,서울,송파-07-12-7,2478,787,1344,290,56,1026,2
기계설비,기계설비·가스공사업,7872,(주)휴텍이앤이,김태수,경기,안양-19-10-6,2828,780,1698,315,33,2685,2
기계설비,기계설비·가스공사업,7873,(주)흥국기업,고흥선,대전,대전대덕-03-12-7,6572,1937,3807,633,194,3648,5
기계설비,기계설비·가스공사업,7874,(주)흥도,이진선,인천,인천옹진201810-01,2048,480,1294,252,20,517,2
기계설비,기계설비·가스공사업,7875,(주)흥성,김동원,전남광주,여수2017-10-11,6961,2504,2674,1675,108,3672,12
기계설비,기계설비·가스공사업,7876,흥용산업(주),이근용,경기,김포-22-13-03,2289,946,963,378,0,1383,3
기계설비,기계설비·가스공사업,7877,흥원전력(주),어일용,충남,충남논산-2017-10-01,1178,24,900,252,1,0,2
기계설비,기계설비·가스공사업,7878,(주)흥일이엔지,조순빈,인천,안양-2006-12-7,694,100,334,252,7,0,2
기계설비,기계설비·가스공사업,7879,(주)흥진이엔지,장정석,경기,김포-22-13-07,1990,1019,592,378,0,933,3
기계설비,기계설비·가스공사업,7880,(주)흥창엔지니어링,홍성배,서울,영등포-02-12-11,2550,1261,620,543,126,1828,4
기계설비,기계설비·가스공사업,7881,(주)흥해이엔지,배미경,인천,인천서구2022-파-02,572,161,156,255,0,203,2
기계설비,기계설비·가스공사업,7882,희망건설(주),강순옥,경기,연천2016-10-03,3353,218,1311,1813,9,180,14
기계설비,기계설비·가스공사업,7883,(주)희망공조닥트,강은석,전남광주,여수2020-10-09,697,158,259,271,6,105,2
기계설비,기계설비·가스공사업,7884,(주)희망산업,유정숙,전북,전북군산2020-10-06,2199,1041,716,397,44,1739,3
기계설비,기계설비·가스공사업,7885,(주)희망이엔지,김성철,인천,인천미추홀구2024-13-2,743,187,264,290,0,469,2
기계설비,기계설비·가스공사업,7886,(주)희민이엔지,이용민,경기,파주25-파-07호,543,0,290,252,0,0,2
기계설비,기계설비·가스공사업,7887,(주)희성솔루션,박희만,경북,경북구미2021-10-14,1221,339,629,252,0,226,2
기계설비,기계설비·가스공사업,7888,(주)희성시스템,송희성,전북,전북완주-2025-파-03호,984,142,589,252,0,203,2
기계설비,기계설비·가스공사업,7889,(주)희성에너지,진현성,강원,구로-02-27-1-05,1761,464,745,505,46,1226,4
기계설비,기계설비·가스공사업,7890,(유)희승,정승희,전북,전북전주2006-12-4,1473,330,703,416,23,146,3
기계설비,기계설비·가스공사업,7891,(주)희승엔지니어링,노성래,인천,인천남동19-10-05,871,263,151,445,11,458,3
기계설비,기계설비·가스공사업,7892,(주)희영이엔지,김병진,울산,울산남구2017-10-08,10633,4459,5730,252,191,6428,2
기계설비,기계설비·가스공사업,7893,(주)희윤,선우요한,경기,고양2024-파-01,654,126,274,252,0,164,2
기계설비,기계설비·가스공사업,7894,(주)히즈하이드로,"윤종원, 윤종필",경남,경남 98-12-04,2094,188,1129,757,18,284,6
기계설비,기계설비·가스공사업,7895,(주)히트웍스,이준환,부산,부산강서2025-파-01호,310,0,58,252,0,0,2
기계설비,기계설비·가스공사업,7896,(주)힉스,최철,경기,광명-21-10-2,730,462,37,231,0,85,3
기계설비,기계설비·가스공사업,7897,(주)힘찬기업,윤희경,부산,부산동래2016-10-4,2581,1606,654,252,68,2390,2
기계설비,기계설비·가스공사업,7898,(주)힘찬기업,양인성,전남광주,광주북-26-파-01호,376,0,124,252,0,0,2
기계설비,기계설비·가스공사업,7899,(주)힘펠,김정환,경기,화성08-10-11,32094,8255,19514,3721,603,13087,28
기계설비,기계설비·가스공사업,7900,A.T.M기공,박주순,경기,화성22-파-34,320,13,306,0,0,25,0
기계설비,기계설비·가스공사업,7901,JC산업,송이화,경남,양산2017-10-01,794,155,379,252,6,141,2
기계설비,기계설비·가스공사업,7902,(주)KD엔지니어링,배종후,울산,울산남구2000-27-1-6,2656,1171,1115,252,117,1159,2
기계설비,기계설비·가스공사업,7903,KS전기제어,김효종,대전,대전서구-23-파-1,725,121,328,275,0,88,2
기계설비,기계설비·가스공사업,7904,(주)SW공조설비,홍현욱,경남,김해2021-10-03,1089,296,414,378,0,319,3
기계설비,기계설비·가스공사업,7905,TAC공조설비(주),김영주,부산,부산사하2008-10-01,2609,1942,275,252,138,2740,2
